asset_id,swf_character_id,library_symbol,type,source_file,source_frame,exported_file,sha256,format,dimensions_or_bounds,font_glyphs,transformation,confidence,license_or_provenance,notes
swf-definition-00011,1,,shape,source-assets/flash/HELP MATH_ORIGINAL FILES/HELP_COURSES/ELMGR5/L5/RW/L5RW04.swf,,,79cae42150f153a7992153c1f88b953c6bf64d97824e591cc2d3dec890b281c9,DefineShape3,,,none; machine census only; no renderer export,machine-extracted-definition-candidate,owner-provided SWF,container=root; definitionDepth=0; tagOrdinal=11; payloadBytes=35; rawTagPayloadSha256=79cae42150f153a7992153c1f88b953c6bf64d97824e591cc2d3dec890b281c9; exactTagIdentitySha256=9ad119d7ae1b207bc56f8298a4afa0cdf76cbc19f9a365afc48547369b58619b; runtime reachability unresolved; placement and bounds unresolved; renderer suitability unresolved
swf-definition-00012,2,,bitmap,source-assets/flash/HELP MATH_ORIGINAL FILES/HELP_COURSES/ELMGR5/L5/RW/L5RW04.swf,,,fb5df77f80957dfc7472b530318b12fb1d199d84595800300b7ba9127e3df108,DefineBitsJPEG3,,,none; machine census only; no renderer export,machine-extracted-definition-candidate,owner-provided SWF,container=root; definitionDepth=0; tagOrdinal=12; payloadBytes=31810; rawTagPayloadSha256=fb5df77f80957dfc7472b530318b12fb1d199d84595800300b7ba9127e3df108; exactTagIdentitySha256=f6c7c2fd43583a5e8a845e72ff6bbe4fccdce8207646a237c196803669dc0fc4; runtime reachability unresolved; placement and bounds unresolved; renderer suitability unresolved
swf-definition-00013,3,,shape,source-assets/flash/HELP MATH_ORIGINAL FILES/HELP_COURSES/ELMGR5/L5/RW/L5RW04.swf,,,7399b0dd8f6beaa52f6cd9f119998ead66c027d8e2b78ec88708abbfde5527a3,DefineShape,,,none; machine census only; no renderer export,machine-extracted-definition-candidate,owner-provided SWF,container=root; definitionDepth=0; tagOrdinal=13; payloadBytes=55; rawTagPayloadSha256=7399b0dd8f6beaa52f6cd9f119998ead66c027d8e2b78ec88708abbfde5527a3; exactTagIdentitySha256=cfa49bb884e936e8c1fef0e9664b68fe46c346becd253f2ab1a797799481e108; runtime reachability unresolved; placement and bounds unresolved; renderer suitability unresolved
swf-definition-00014,4,,shape,source-assets/flash/HELP MATH_ORIGINAL FILES/HELP_COURSES/ELMGR5/L5/RW/L5RW04.swf,,,f79b7f51661b3daa694e7cdaec2b9b4be26da527629b55ed5990bce21fd56c32,DefineShape3,,,none; machine census only; no renderer export,machine-extracted-definition-candidate,owner-provided SWF,container=root; definitionDepth=0; tagOrdinal=14; payloadBytes=2620; rawTagPayloadSha256=f79b7f51661b3daa694e7cdaec2b9b4be26da527629b55ed5990bce21fd56c32; exactTagIdentitySha256=a9e9eda75eb775e9ec4174cf6a5592da318ede5e4384c481372dac530ecd6e93; runtime reachability unresolved; placement and bounds unresolved; renderer suitability unresolved
swf-definition-00015,5,,sprite,source-assets/flash/HELP MATH_ORIGINAL FILES/HELP_COURSES/ELMGR5/L5/RW/L5RW04.swf,,,e8b447da04235de811ef05bd98e6613692062b73f8e720e08b0437a61d352ed6,DefineSprite,,,none; machine census only; no renderer export,machine-extracted-definition-candidate,owner-provided SWF,container=root; definitionDepth=0; tagOrdinal=15; payloadBytes=6644; rawTagPayloadSha256=e8b447da04235de811ef05bd98e6613692062b73f8e720e08b0437a61d352ed6; exactTagIdentitySha256=eebd748708377f9adb6c0069d32d23b8ed3c06be6570fe675ece00a6b5a30a6f; declaredFrameCount=564; runtime reachability unresolved; placement and bounds unresolved; renderer suitability unresolved
swf-definition-01147,6,,bitmap,source-assets/flash/HELP MATH_ORIGINAL FILES/HELP_COURSES/ELMGR5/L5/RW/L5RW04.swf,,,6688580e543fa89673f3f7274faf9a97f971ea67043019c5dba768c79ed54da6,DefineBitsJPEG3,,,none; machine census only; no renderer export,machine-extracted-definition-candidate,owner-provided SWF,container=root; definitionDepth=0; tagOrdinal=1147; payloadBytes=7574; rawTagPayloadSha256=6688580e543fa89673f3f7274faf9a97f971ea67043019c5dba768c79ed54da6; exactTagIdentitySha256=100674844910e38837aa4dc2103afe49fa9ce1eb68f978e398c848102310fc28; runtime reachability unresolved; placement and bounds unresolved; renderer suitability unresolved
swf-definition-01148,7,,shape,source-assets/flash/HELP MATH_ORIGINAL FILES/HELP_COURSES/ELMGR5/L5/RW/L5RW04.swf,,,9292c5dfbc657c6485498e5a0cc31ea5fe5f319df4236169e70a7af880c73b08,DefineShape,,,none; machine census only; no renderer export,machine-extracted-definition-candidate,owner-provided SWF,container=root; definitionDepth=0; tagOrdinal=1148; payloadBytes=56; rawTagPayloadSha256=9292c5dfbc657c6485498e5a0cc31ea5fe5f319df4236169e70a7af880c73b08; exactTagIdentitySha256=5b9f450e08cfd73fd66f1949f72b84986702109dbe9f29a9434364192e56e212; runtime reachability unresolved; placement and bounds unresolved; renderer suitability unresolved
swf-definition-01149,8,,bitmap,source-assets/flash/HELP MATH_ORIGINAL FILES/HELP_COURSES/ELMGR5/L5/RW/L5RW04.swf,,,6ce729322b59e4650d006235989c8c8f672168022996619cb791e15bef348cb2,DefineBitsJPEG3,,,none; machine census only; no renderer export,machine-extracted-definition-candidate,owner-provided SWF,container=root; definitionDepth=0; tagOrdinal=1149; payloadBytes=32060; rawTagPayloadSha256=6ce729322b59e4650d006235989c8c8f672168022996619cb791e15bef348cb2; exactTagIdentitySha256=80b70dd333c19a7e486411746acf5ea167917e0c4a643914beca9cf16ae3d842; runtime reachability unresolved; placement and bounds unresolved; renderer suitability unresolved
swf-definition-01150,9,,shape,source-assets/flash/HELP MATH_ORIGINAL FILES/HELP_COURSES/ELMGR5/L5/RW/L5RW04.swf,,,deb8716f82d32e4cc82f9b4a40bd45ae4058f0418856e70d9c35c24d8259b679,DefineShape,,,none; machine census only; no renderer export,machine-extracted-definition-candidate,owner-provided SWF,container=root; definitionDepth=0; tagOrdinal=1150; payloadBytes=56; rawTagPayloadSha256=deb8716f82d32e4cc82f9b4a40bd45ae4058f0418856e70d9c35c24d8259b679; exactTagIdentitySha256=ffd4c83acdeb3e5a92eed243b65e73dcd6ca06cb3f6ca3e553b6462621657580; runtime reachability unresolved; placement and bounds unresolved; renderer suitability unresolved
swf-definition-01151,10,,shape,source-assets/flash/HELP MATH_ORIGINAL FILES/HELP_COURSES/ELMGR5/L5/RW/L5RW04.swf,,,9227b4a7911b9458e88eb1aa4289c4d170dbf7ffea919c627bd38b051d86a52b,DefineShape3,,,none; machine census only; no renderer export,machine-extracted-definition-candidate,owner-provided SWF,container=root; definitionDepth=0; tagOrdinal=1151; payloadBytes=1306; rawTagPayloadSha256=9227b4a7911b9458e88eb1aa4289c4d170dbf7ffea919c627bd38b051d86a52b; exactTagIdentitySha256=af83fc2705204279dbde4198edeae0dd1466d16a6ca95480c0ed0ea86c34684d; runtime reachability unresolved; placement and bounds unresolved; renderer suitability unresolved
swf-definition-01152,11,,shape,source-assets/flash/HELP MATH_ORIGINAL FILES/HELP_COURSES/ELMGR5/L5/RW/L5RW04.swf,,,befd011f37b40296a45b7c08b48bf28040c357eede392681b2e2e203d2f0af5e,DefineShape3,,,none; machine census only; no renderer export,machine-extracted-definition-candidate,owner-provided SWF,container=root; definitionDepth=0; tagOrdinal=1152; payloadBytes=165; rawTagPayloadSha256=befd011f37b40296a45b7c08b48bf28040c357eede392681b2e2e203d2f0af5e; exactTagIdentitySha256=42bb38b7394b735c2bff1d37323262aa8df80935e6a3e0691f425322c2b66367; runtime reachability unresolved; placement and bounds unresolved; renderer suitability unresolved
swf-definition-01153,12,,bitmap,source-assets/flash/HELP MATH_ORIGINAL FILES/HELP_COURSES/ELMGR5/L5/RW/L5RW04.swf,,,d93b1a721e71c21b6f9b6b304c56c4ed32dffa488ae430804da2efe4391f7b5c,DefineBitsJPEG3,,,none; machine census only; no renderer export,machine-extracted-definition-candidate,owner-provided SWF,container=root; definitionDepth=0; tagOrdinal=1153; payloadBytes=4024; rawTagPayloadSha256=d93b1a721e71c21b6f9b6b304c56c4ed32dffa488ae430804da2efe4391f7b5c; exactTagIdentitySha256=c869f38e971e6597af0736949894ee1d5482ac21caaa76f94ab3954f9c58f646; runtime reachability unresolved; placement and bounds unresolved; renderer suitability unresolved
swf-definition-01154,13,,shape,source-assets/flash/HELP MATH_ORIGINAL FILES/HELP_COURSES/ELMGR5/L5/RW/L5RW04.swf,,,ffd8cbede5de6f04ab8f340e42b1ecedef5fed9e8b950eb4e40233ca37677394,DefineShape3,,,none; machine census only; no renderer export,machine-extracted-definition-candidate,owner-provided SWF,container=root; definitionDepth=0; tagOrdinal=1154; payloadBytes=2183; rawTagPayloadSha256=ffd8cbede5de6f04ab8f340e42b1ecedef5fed9e8b950eb4e40233ca37677394; exactTagIdentitySha256=c41410709fb33c1b78348147a800a7a59f3f45b001b6eb91515ba0d32b36eb41; runtime reachability unresolved; placement and bounds unresolved; renderer suitability unresolved
swf-definition-01155,14,,shape,source-assets/flash/HELP MATH_ORIGINAL FILES/HELP_COURSES/ELMGR5/L5/RW/L5RW04.swf,,,cbb4193e21c5bc9fd34fdf309b17d40a16dad145f320d355d5fa1b656bb31c47,DefineShape3,,,none; machine census only; no renderer export,machine-extracted-definition-candidate,owner-provided SWF,container=root; definitionDepth=0; tagOrdinal=1155; payloadBytes=67; rawTagPayloadSha256=cbb4193e21c5bc9fd34fdf309b17d40a16dad145f320d355d5fa1b656bb31c47; exactTagIdentitySha256=abb701929284f5a8b67d7b11752c64b576660edd28fd0bbb62f21facc58a7e71; runtime reachability unresolved; placement and bounds unresolved; renderer suitability unresolved
swf-definition-01156,15,,shape,source-assets/flash/HELP MATH_ORIGINAL FILES/HELP_COURSES/ELMGR5/L5/RW/L5RW04.swf,,,8bf3d4b64e37634f21b0359ed6cf45e3cad5efb4da42cc4856f054d3b5da5c21,DefineShape,,,none; machine census only; no renderer export,machine-extracted-definition-candidate,owner-provided SWF,container=root; definitionDepth=0; tagOrdinal=1156; payloadBytes=69; rawTagPayloadSha256=8bf3d4b64e37634f21b0359ed6cf45e3cad5efb4da42cc4856f054d3b5da5c21; exactTagIdentitySha256=b7abd1fdf5a78d7a30f19fe10f162b871cb21c94c779060ce00dc02e6fe88233; runtime reachability unresolved; placement and bounds unresolved; renderer suitability unresolved
swf-definition-01157,16,,shape,source-assets/flash/HELP MATH_ORIGINAL FILES/HELP_COURSES/ELMGR5/L5/RW/L5RW04.swf,,,0575410539cc935e0cdd9c7542f3a33ecdc76ce9d6c8700c54effc3b7daa4562,DefineShape3,,,none; machine census only; no renderer export,machine-extracted-definition-candidate,owner-provided SWF,container=root; definitionDepth=0; tagOrdinal=1157; payloadBytes=573; rawTagPayloadSha256=0575410539cc935e0cdd9c7542f3a33ecdc76ce9d6c8700c54effc3b7daa4562; exactTagIdentitySha256=75cee83c8474ed86fd7902707309c2303ac237e5dfc9df51ced895ed2c8a152f; runtime reachability unresolved; placement and bounds unresolved; renderer suitability unresolved
swf-definition-01158,17,,shape,source-assets/flash/HELP MATH_ORIGINAL FILES/HELP_COURSES/ELMGR5/L5/RW/L5RW04.swf,,,bad809bd98dd3cf7023e3cc8b558ff8def3ddbcfa13d9d39547078cd287f73fe,DefineShape2,,,none; machine census only; no renderer export,machine-extracted-definition-candidate,owner-provided SWF,container=root; definitionDepth=0; tagOrdinal=1158; payloadBytes=511; rawTagPayloadSha256=bad809bd98dd3cf7023e3cc8b558ff8def3ddbcfa13d9d39547078cd287f73fe; exactTagIdentitySha256=2bfd7c150336a8a8a3251c244fd4b46787117c96bc9d2736488678536deb475c; runtime reachability unresolved; placement and bounds unresolved; renderer suitability unresolved
swf-definition-01159,18,,bitmap,source-assets/flash/HELP MATH_ORIGINAL FILES/HELP_COURSES/ELMGR5/L5/RW/L5RW04.swf,,,f937d60370a0f6c1a33685530d81075dbdd425ce86073fa561275422a035698d,DefineBitsJPEG3,,,none; machine census only; no renderer export,machine-extracted-definition-candidate,owner-provided SWF,container=root; definitionDepth=0; tagOrdinal=1159; payloadBytes=3683; rawTagPayloadSha256=f937d60370a0f6c1a33685530d81075dbdd425ce86073fa561275422a035698d; exactTagIdentitySha256=97e88703adff6289f29b2eb09f70b8a807cd8128d3da2f265f279ba6b0715f1f; runtime reachability unresolved; placement and bounds unresolved; renderer suitability unresolved
swf-definition-01160,19,,shape,source-assets/flash/HELP MATH_ORIGINAL FILES/HELP_COURSES/ELMGR5/L5/RW/L5RW04.swf,,,5fc4a9ed89befa355a8c424141b9c4a0c1ea31ba7d959b92d004e4809347d3c8,DefineShape3,,,none; machine census only; no renderer export,machine-extracted-definition-candidate,owner-provided SWF,container=root; definitionDepth=0; tagOrdinal=1160; payloadBytes=2984; rawTagPayloadSha256=5fc4a9ed89befa355a8c424141b9c4a0c1ea31ba7d959b92d004e4809347d3c8; exactTagIdentitySha256=f90d1bae8f6ac5cec146ca87a8aacd2b9496cc07b9ef9eda91b86d417dbe36e9; runtime reachability unresolved; placement and bounds unresolved; renderer suitability unresolved
swf-definition-01161,20,,shape,source-assets/flash/HELP MATH_ORIGINAL FILES/HELP_COURSES/ELMGR5/L5/RW/L5RW04.swf,,,29780c1f25918b7096c63c8afd7e9289bfc11dddce316f0081d0fae9d85e6a4b,DefineShape2,,,none; machine census only; no renderer export,machine-extracted-definition-candidate,owner-provided SWF,container=root; definitionDepth=0; tagOrdinal=1161; payloadBytes=272; rawTagPayloadSha256=29780c1f25918b7096c63c8afd7e9289bfc11dddce316f0081d0fae9d85e6a4b; exactTagIdentitySha256=491442ee39504fedf2d292e2f0af6902d18a4a1af812d973a13a9e253673553d; runtime reachability unresolved; placement and bounds unresolved; renderer suitability unresolved
swf-definition-01162,21,,shape,source-assets/flash/HELP MATH_ORIGINAL FILES/HELP_COURSES/ELMGR5/L5/RW/L5RW04.swf,,,e9db8859ed4c018c37182ec52ef4526dc5d952a6827ecac31401bc7e7a490a1d,DefineShape,,,none; machine census only; no renderer export,machine-extracted-definition-candidate,owner-provided SWF,container=root; definitionDepth=0; tagOrdinal=1162; payloadBytes=103; rawTagPayloadSha256=e9db8859ed4c018c37182ec52ef4526dc5d952a6827ecac31401bc7e7a490a1d; exactTagIdentitySha256=9de576b5e319e9bda7cd10076449be6b9a81c1ab884b9b90265da323161ef79e; runtime reachability unresolved; placement and bounds unresolved; renderer suitability unresolved
swf-definition-01163,22,,shape,source-assets/flash/HELP MATH_ORIGINAL FILES/HELP_COURSES/ELMGR5/L5/RW/L5RW04.swf,,,5ce077472d604aa4902a28bccd000d23619067ea226db52b28e89cf43a82b43f,DefineShape3,,,none; machine census only; no renderer export,machine-extracted-definition-candidate,owner-provided SWF,container=root; definitionDepth=0; tagOrdinal=1163; payloadBytes=2399; rawTagPayloadSha256=5ce077472d604aa4902a28bccd000d23619067ea226db52b28e89cf43a82b43f; exactTagIdentitySha256=1f66aac025034643792622a71f00b9db2b41ca533ac3f6333d2f7d65a3abc8f8; runtime reachability unresolved; placement and bounds unresolved; renderer suitability unresolved
swf-definition-01164,23,,morph,source-assets/flash/HELP MATH_ORIGINAL FILES/HELP_COURSES/ELMGR5/L5/RW/L5RW04.swf,,,4f5bb2de2467ea6c1dbb37309055b8c8ac00c9ba2ef223ad73e41f4960553de8,DefineMorphShape,,,none; machine census only; no renderer export,machine-extracted-definition-candidate,owner-provided SWF,container=root; definitionDepth=0; tagOrdinal=1164; payloadBytes=83; rawTagPayloadSha256=4f5bb2de2467ea6c1dbb37309055b8c8ac00c9ba2ef223ad73e41f4960553de8; exactTagIdentitySha256=0b8230f679b3b8e23bab2482f0b2bddfaaf39c8dd1391cfd90b6681bbd4ec4d8; runtime reachability unresolved; placement and bounds unresolved; renderer suitability unresolved
swf-definition-01165,24,,shape,source-assets/flash/HELP MATH_ORIGINAL FILES/HELP_COURSES/ELMGR5/L5/RW/L5RW04.swf,,,dc6f0090496c59dacd2a193eab221d99f66e05dfca5c8a642cbf0eaf60cf3611,DefineShape3,,,none; machine census only; no renderer export,machine-extracted-definition-candidate,owner-provided SWF,container=root; definitionDepth=0; tagOrdinal=1165; payloadBytes=185; rawTagPayloadSha256=dc6f0090496c59dacd2a193eab221d99f66e05dfca5c8a642cbf0eaf60cf3611; exactTagIdentitySha256=826139f2037db24ad9eb72c3e649893fcda94be10fc986bf2dcdd2a4265d961c; runtime reachability unresolved; placement and bounds unresolved; renderer suitability unresolved
swf-definition-01166,25,,shape,source-assets/flash/HELP MATH_ORIGINAL FILES/HELP_COURSES/ELMGR5/L5/RW/L5RW04.swf,,,8a2dc93b1cff2d839684c550eb5ad8253798b2b62734911d543a97b83c4aff85,DefineShape3,,,none; machine census only; no renderer export,machine-extracted-definition-candidate,owner-provided SWF,container=root; definitionDepth=0; tagOrdinal=1166; payloadBytes=174; rawTagPayloadSha256=8a2dc93b1cff2d839684c550eb5ad8253798b2b62734911d543a97b83c4aff85; exactTagIdentitySha256=4d7049f932c833e72bf7b5789715096e5bdc543153b7458abd4d52802563f8ff; runtime reachability unresolved; placement and bounds unresolved; renderer suitability unresolved
swf-definition-01167,26,,shape,source-assets/flash/HELP MATH_ORIGINAL FILES/HELP_COURSES/ELMGR5/L5/RW/L5RW04.swf,,,b624061fabd2d306c1d85760aeb5e685eaae918360c3ecf528ab670970c339d5,DefineShape3,,,none; machine census only; no renderer export,machine-extracted-definition-candidate,owner-provided SWF,container=root; definitionDepth=0; tagOrdinal=1167; payloadBytes=208; rawTagPayloadSha256=b624061fabd2d306c1d85760aeb5e685eaae918360c3ecf528ab670970c339d5; exactTagIdentitySha256=d25f9101cb0ca30aa9c2d591e18f2ec55019af559e5a1640ed543f0d8fb31ad3; runtime reachability unresolved; placement and bounds unresolved; renderer suitability unresolved
swf-definition-01168,27,,shape,source-assets/flash/HELP MATH_ORIGINAL FILES/HELP_COURSES/ELMGR5/L5/RW/L5RW04.swf,,,e1e51d501f2eb59df0af4ff31e9732a70a9cb4898fd6669ac4de9e17792070e6,DefineShape3,,,none; machine census only; no renderer export,machine-extracted-definition-candidate,owner-provided SWF,container=root; definitionDepth=0; tagOrdinal=1168; payloadBytes=36; rawTagPayloadSha256=e1e51d501f2eb59df0af4ff31e9732a70a9cb4898fd6669ac4de9e17792070e6; exactTagIdentitySha256=e378ad7f8f54850fdfe04cc58a9b19ac21cdf6ff8e52b9a3a56ab4c0eb84417c; runtime reachability unresolved; placement and bounds unresolved; renderer suitability unresolved
swf-definition-01169,28,,shape,source-assets/flash/HELP MATH_ORIGINAL FILES/HELP_COURSES/ELMGR5/L5/RW/L5RW04.swf,,,dc5851b59be6ebc8ee96610025b211e86fe877b87a10293fad3bdb5305cf35a6,DefineShape3,,,none; machine census only; no renderer export,machine-extracted-definition-candidate,owner-provided SWF,container=root; definitionDepth=0; tagOrdinal=1169; payloadBytes=183; rawTagPayloadSha256=dc5851b59be6ebc8ee96610025b211e86fe877b87a10293fad3bdb5305cf35a6; exactTagIdentitySha256=ab6c9f80926df269ed1a799f1cd6c47601d67540fd4c71b67d158fae19637d3e; runtime reachability unresolved; placement and bounds unresolved; renderer suitability unresolved
swf-definition-01170,29,,shape,source-assets/flash/HELP MATH_ORIGINAL FILES/HELP_COURSES/ELMGR5/L5/RW/L5RW04.swf,,,be9dc62f3b0456d3930130773ac0a5221c06d9191c67e5275fc50c3b91967447,DefineShape3,,,none; machine census only; no renderer export,machine-extracted-definition-candidate,owner-provided SWF,container=root; definitionDepth=0; tagOrdinal=1170; payloadBytes=214; rawTagPayloadSha256=be9dc62f3b0456d3930130773ac0a5221c06d9191c67e5275fc50c3b91967447; exactTagIdentitySha256=f6ae61f6424b8eecfe6b220ef7dff67bf4233b8d2130772dd97ab11c0748eb20; runtime reachability unresolved; placement and bounds unresolved; renderer suitability unresolved
swf-definition-01171,30,,shape,source-assets/flash/HELP MATH_ORIGINAL FILES/HELP_COURSES/ELMGR5/L5/RW/L5RW04.swf,,,cdae3519285932d1147bd92ac52ad56e729ad88f82e83c708b0851f57c8cccc8,DefineShape3,,,none; machine census only; no renderer export,machine-extracted-definition-candidate,owner-provided SWF,container=root; definitionDepth=0; tagOrdinal=1171; payloadBytes=176; rawTagPayloadSha256=cdae3519285932d1147bd92ac52ad56e729ad88f82e83c708b0851f57c8cccc8; exactTagIdentitySha256=bb08ca0d17ee9b55ed4fc78fc262ee5c99670717a005acba271fceef1f98cfd2; runtime reachability unresolved; placement and bounds unresolved; renderer suitability unresolved
swf-definition-01172,31,,shape,source-assets/flash/HELP MATH_ORIGINAL FILES/HELP_COURSES/ELMGR5/L5/RW/L5RW04.swf,,,93b94d20ed93834a632cf627a2da818f10e4c4856468bfe8793c4dd8b18817b6,DefineShape3,,,none; machine census only; no renderer export,machine-extracted-definition-candidate,owner-provided SWF,container=root; definitionDepth=0; tagOrdinal=1172; payloadBytes=212; rawTagPayloadSha256=93b94d20ed93834a632cf627a2da818f10e4c4856468bfe8793c4dd8b18817b6; exactTagIdentitySha256=fa221c383c25cc988f8c420acb59f50d82585df65a90e1f538e1d34d740604f5; runtime reachability unresolved; placement and bounds unresolved; renderer suitability unresolved
swf-definition-01173,32,,shape,source-assets/flash/HELP MATH_ORIGINAL FILES/HELP_COURSES/ELMGR5/L5/RW/L5RW04.swf,,,c4929eca5889c0cf49a2ce83d45052cb6feb7afece3c7db48be98beb4d0221c2,DefineShape3,,,none; machine census only; no renderer export,machine-extracted-definition-candidate,owner-provided SWF,container=root; definitionDepth=0; tagOrdinal=1173; payloadBytes=172; rawTagPayloadSha256=c4929eca5889c0cf49a2ce83d45052cb6feb7afece3c7db48be98beb4d0221c2; exactTagIdentitySha256=54d08baf7e5d60f9c9988433152b2f87404e887d1e3497d960a7c010cf95411d; runtime reachability unresolved; placement and bounds unresolved; renderer suitability unresolved
swf-definition-01174,33,,shape,source-assets/flash/HELP MATH_ORIGINAL FILES/HELP_COURSES/ELMGR5/L5/RW/L5RW04.swf,,,0217ba7f14b38bf9e9927a4308d96c1fb9a76002faf306eb01bbf9c95677f751,DefineShape3,,,none; machine census only; no renderer export,machine-extracted-definition-candidate,owner-provided SWF,container=root; definitionDepth=0; tagOrdinal=1174; payloadBytes=190; rawTagPayloadSha256=0217ba7f14b38bf9e9927a4308d96c1fb9a76002faf306eb01bbf9c95677f751; exactTagIdentitySha256=d91f6c48ce799959b838e9739707f675602048f89b8dac61ee7cdd2ae2ac2b4e; runtime reachability unresolved; placement and bounds unresolved; renderer suitability unresolved
swf-definition-01175,34,,shape,source-assets/flash/HELP MATH_ORIGINAL FILES/HELP_COURSES/ELMGR5/L5/RW/L5RW04.swf,,,06abb46a9ea276e588becd7c1890cf06be816d989a66f7c2206cf86872ef42f8,DefineShape3,,,none; machine census only; no renderer export,machine-extracted-definition-candidate,owner-provided SWF,container=root; definitionDepth=0; tagOrdinal=1175; payloadBytes=1311; rawTagPayloadSha256=06abb46a9ea276e588becd7c1890cf06be816d989a66f7c2206cf86872ef42f8; exactTagIdentitySha256=3ba52edd93675ac901e954099390b688a8be22e967fd42b19d4d6ba59d2156cb; runtime reachability unresolved; placement and bounds unresolved; renderer suitability unresolved
swf-definition-01176,35,,shape,source-assets/flash/HELP MATH_ORIGINAL FILES/HELP_COURSES/ELMGR5/L5/RW/L5RW04.swf,,,0a4b82ea9b93162045614ffe98323ce764f0fa5eabda8eaabe7d537029faf645,DefineShape3,,,none; machine census only; no renderer export,machine-extracted-definition-candidate,owner-provided SWF,container=root; definitionDepth=0; tagOrdinal=1176; payloadBytes=2165; rawTagPayloadSha256=0a4b82ea9b93162045614ffe98323ce764f0fa5eabda8eaabe7d537029faf645; exactTagIdentitySha256=12a8d7c4dd8ef44fe39c65875f6f15e6b7a7dc9f6f65096ebd29d979f849bf98; runtime reachability unresolved; placement and bounds unresolved; renderer suitability unresolved
swf-definition-01177,36,,shape,source-assets/flash/HELP MATH_ORIGINAL FILES/HELP_COURSES/ELMGR5/L5/RW/L5RW04.swf,,,5770c57054d87c637cb2c6a8dced7a72afd7efc19a5c3964642d71175227b14e,DefineShape3,,,none; machine census only; no renderer export,machine-extracted-definition-candidate,owner-provided SWF,container=root; definitionDepth=0; tagOrdinal=1177; payloadBytes=213; rawTagPayloadSha256=5770c57054d87c637cb2c6a8dced7a72afd7efc19a5c3964642d71175227b14e; exactTagIdentitySha256=e59fc326462d1699c01459729dee14146330428a5e1628bc005b3a4b3696593e; runtime reachability unresolved; placement and bounds unresolved; renderer suitability unresolved
swf-definition-01178,37,,shape,source-assets/flash/HELP MATH_ORIGINAL FILES/HELP_COURSES/ELMGR5/L5/RW/L5RW04.swf,,,645777f14e9ca97ca66787bc9a204573a566092b5d7012c82d8618217291f71d,DefineShape3,,,none; machine census only; no renderer export,machine-extracted-definition-candidate,owner-provided SWF,container=root; definitionDepth=0; tagOrdinal=1178; payloadBytes=1136; rawTagPayloadSha256=645777f14e9ca97ca66787bc9a204573a566092b5d7012c82d8618217291f71d; exactTagIdentitySha256=19cc8ed94e103046f6fba4b52d7036f3b7600cf13eebc8484279d85748aa09a2; runtime reachability unresolved; placement and bounds unresolved; renderer suitability unresolved
swf-definition-01179,38,,shape,source-assets/flash/HELP MATH_ORIGINAL FILES/HELP_COURSES/ELMGR5/L5/RW/L5RW04.swf,,,abb18237a89cd3d6adcc0fe9e34715e08cc38e0a2959ebd0807a1220208a8fd9,DefineShape3,,,none; machine census only; no renderer export,machine-extracted-definition-candidate,owner-provided SWF,container=root; definitionDepth=0; tagOrdinal=1179; payloadBytes=176; rawTagPayloadSha256=abb18237a89cd3d6adcc0fe9e34715e08cc38e0a2959ebd0807a1220208a8fd9; exactTagIdentitySha256=4a03ecffd524ee01d843e20a2f8cf361746887c49c3a3e97dfec7eb3dfc37a81; runtime reachability unresolved; placement and bounds unresolved; renderer suitability unresolved
swf-definition-01180,39,,shape,source-assets/flash/HELP MATH_ORIGINAL FILES/HELP_COURSES/ELMGR5/L5/RW/L5RW04.swf,,,0794fdcb7fd899786c9e4df979236dd4225f1c74e2827321e2c0ae5db33f0e3c,DefineShape,,,none; machine census only; no renderer export,machine-extracted-definition-candidate,owner-provided SWF,container=root; definitionDepth=0; tagOrdinal=1180; payloadBytes=68; rawTagPayloadSha256=0794fdcb7fd899786c9e4df979236dd4225f1c74e2827321e2c0ae5db33f0e3c; exactTagIdentitySha256=8251ba321c830a73779277226e35b401d1f907a2a728501d39fd7644722984ca; runtime reachability unresolved; placement and bounds unresolved; renderer suitability unresolved
swf-definition-01181,40,,shape,source-assets/flash/HELP MATH_ORIGINAL FILES/HELP_COURSES/ELMGR5/L5/RW/L5RW04.swf,,,53a114bc723b5de654bebf9f872437af607a72d056743cfb4afde422b28e3d15,DefineShape3,,,none; machine census only; no renderer export,machine-extracted-definition-candidate,owner-provided SWF,container=root; definitionDepth=0; tagOrdinal=1181; payloadBytes=1139; rawTagPayloadSha256=53a114bc723b5de654bebf9f872437af607a72d056743cfb4afde422b28e3d15; exactTagIdentitySha256=9b07583c8ad91bb6e1b67878d5e9434080d34471e059be553245ccecac73409a; runtime reachability unresolved; placement and bounds unresolved; renderer suitability unresolved
swf-definition-01182,41,,shape,source-assets/flash/HELP MATH_ORIGINAL FILES/HELP_COURSES/ELMGR5/L5/RW/L5RW04.swf,,,4ab8b4b87b8454ba99e8362823ced24d1913a017c74af107a84652d7d37aeb82,DefineShape2,,,none; machine census only; no renderer export,machine-extracted-definition-candidate,owner-provided SWF,container=root; definitionDepth=0; tagOrdinal=1182; payloadBytes=508; rawTagPayloadSha256=4ab8b4b87b8454ba99e8362823ced24d1913a017c74af107a84652d7d37aeb82; exactTagIdentitySha256=bee41eea397750f0449eaee50593c47a85602312de50ebdae3370f9dc552843f; runtime reachability unresolved; placement and bounds unresolved; renderer suitability unresolved
swf-definition-01183,42,,shape,source-assets/flash/HELP MATH_ORIGINAL FILES/HELP_COURSES/ELMGR5/L5/RW/L5RW04.swf,,,8b388c8cf5304f89417226702c4a9aff44cecbc95d3ed379f9693e03641d5ccf,DefineShape3,,,none; machine census only; no renderer export,machine-extracted-definition-candidate,owner-provided SWF,container=root; definitionDepth=0; tagOrdinal=1183; payloadBytes=178; rawTagPayloadSha256=8b388c8cf5304f89417226702c4a9aff44cecbc95d3ed379f9693e03641d5ccf; exactTagIdentitySha256=f592a889695f66b1048d8b6d7d1aefc4df1e9e6950bcbecdd2d6875efea85244; runtime reachability unresolved; placement and bounds unresolved; renderer suitability unresolved
swf-definition-01184,43,,shape,source-assets/flash/HELP MATH_ORIGINAL FILES/HELP_COURSES/ELMGR5/L5/RW/L5RW04.swf,,,6ebc75fbb11b6dd8115009b027d47c3f9a739d26f71897cbcd5df82977ab32c4,DefineShape3,,,none; machine census only; no renderer export,machine-extracted-definition-candidate,owner-provided SWF,container=root; definitionDepth=0; tagOrdinal=1184; payloadBytes=1088; rawTagPayloadSha256=6ebc75fbb11b6dd8115009b027d47c3f9a739d26f71897cbcd5df82977ab32c4; exactTagIdentitySha256=4f5d11fc54df45f5d9e8e2758614a5340dee0169ade74162f199665fdcc2c39f; runtime reachability unresolved; placement and bounds unresolved; renderer suitability unresolved
swf-definition-01185,44,,shape,source-assets/flash/HELP MATH_ORIGINAL FILES/HELP_COURSES/ELMGR5/L5/RW/L5RW04.swf,,,c59a31e23cebc4ac1747ecd3d6e06918f413242757e72c54e76972deec796768,DefineShape3,,,none; machine census only; no renderer export,machine-extracted-definition-candidate,owner-provided SWF,container=root; definitionDepth=0; tagOrdinal=1185; payloadBytes=1154; rawTagPayloadSha256=c59a31e23cebc4ac1747ecd3d6e06918f413242757e72c54e76972deec796768; exactTagIdentitySha256=316d291d97eff62557cef36695f4c628b1a3b4082d2c6d5fecf2734536aea9b0; runtime reachability unresolved; placement and bounds unresolved; renderer suitability unresolved
swf-definition-01186,45,,shape,source-assets/flash/HELP MATH_ORIGINAL FILES/HELP_COURSES/ELMGR5/L5/RW/L5RW04.swf,,,2244e0ffb77d5b2e165555ecbf8ae6fcf493738499c6815b1cb05dca3605acde,DefineShape3,,,none; machine census only; no renderer export,machine-extracted-definition-candidate,owner-provided SWF,container=root; definitionDepth=0; tagOrdinal=1186; payloadBytes=1445; rawTagPayloadSha256=2244e0ffb77d5b2e165555ecbf8ae6fcf493738499c6815b1cb05dca3605acde; exactTagIdentitySha256=17362611aec1323a332ce8c207daff853f493be9b150cccfe310533d10d1f208; runtime reachability unresolved; placement and bounds unresolved; renderer suitability unresolved
swf-definition-01187,46,,shape,source-assets/flash/HELP MATH_ORIGINAL FILES/HELP_COURSES/ELMGR5/L5/RW/L5RW04.swf,,,5881c67845f0d5b251d061e2923c421e05e008879d02a5cab81380fbc29b07b8,DefineShape,,,none; machine census only; no renderer export,machine-extracted-definition-candidate,owner-provided SWF,container=root; definitionDepth=0; tagOrdinal=1187; payloadBytes=68; rawTagPayloadSha256=5881c67845f0d5b251d061e2923c421e05e008879d02a5cab81380fbc29b07b8; exactTagIdentitySha256=8a4b5b71b62b237dc2abee045cd7a072e0f4881a53f66d0b034aed53625fe49f; runtime reachability unresolved; placement and bounds unresolved; renderer suitability unresolved
swf-definition-01188,47,,shape,source-assets/flash/HELP MATH_ORIGINAL FILES/HELP_COURSES/ELMGR5/L5/RW/L5RW04.swf,,,6e4599283a7a615b781c728ff3d0809faa21306645ac1eb2f50e5863e400342c,DefineShape3,,,none; machine census only; no renderer export,machine-extracted-definition-candidate,owner-provided SWF,container=root; definitionDepth=0; tagOrdinal=1188; payloadBytes=1121; rawTagPayloadSha256=6e4599283a7a615b781c728ff3d0809faa21306645ac1eb2f50e5863e400342c; exactTagIdentitySha256=0e8f0b03644c0a21d5f6ae95770cd92a514e4f1182adfe4e58b6cbc0baa9c366; runtime reachability unresolved; placement and bounds unresolved; renderer suitability unresolved
swf-definition-01189,48,,shape,source-assets/flash/HELP MATH_ORIGINAL FILES/HELP_COURSES/ELMGR5/L5/RW/L5RW04.swf,,,0888dadae2764d707791c77fd7af8849dd666b4d154bb7b4e2c940256edc3099,DefineShape2,,,none; machine census only; no renderer export,machine-extracted-definition-candidate,owner-provided SWF,container=root; definitionDepth=0; tagOrdinal=1189; payloadBytes=511; rawTagPayloadSha256=0888dadae2764d707791c77fd7af8849dd666b4d154bb7b4e2c940256edc3099; exactTagIdentitySha256=0ab6aaebf5d58cbe542e7ff9d90d78853f99cf11d4669fa842bf238fe4cbc6b1; runtime reachability unresolved; placement and bounds unresolved; renderer suitability unresolved
swf-definition-01190,49,,shape,source-assets/flash/HELP MATH_ORIGINAL FILES/HELP_COURSES/ELMGR5/L5/RW/L5RW04.swf,,,c3dec2bf0cb1886add938e004199dece377b9a75809b129cd64ec14188765bee,DefineShape3,,,none; machine census only; no renderer export,machine-extracted-definition-candidate,owner-provided SWF,container=root; definitionDepth=0; tagOrdinal=1190; payloadBytes=1307; rawTagPayloadSha256=c3dec2bf0cb1886add938e004199dece377b9a75809b129cd64ec14188765bee; exactTagIdentitySha256=f0ceeb57490b831e6e4d00c7f3c55f6d757a367081aea263c545a98dec345555; runtime reachability unresolved; placement and bounds unresolved; renderer suitability unresolved
swf-definition-01191,50,,shape,source-assets/flash/HELP MATH_ORIGINAL FILES/HELP_COURSES/ELMGR5/L5/RW/L5RW04.swf,,,69c6d1a3f343c58d711c12d3c8b48f99537c53fd64c22b70236b4ec8a3e8b627,DefineShape3,,,none; machine census only; no renderer export,machine-extracted-definition-candidate,owner-provided SWF,container=root; definitionDepth=0; tagOrdinal=1191; payloadBytes=2183; rawTagPayloadSha256=69c6d1a3f343c58d711c12d3c8b48f99537c53fd64c22b70236b4ec8a3e8b627; exactTagIdentitySha256=842820bb12c969a418c9f4321872263462eb6e0476dc6abfebf28ae9a5ecb020; runtime reachability unresolved; placement and bounds unresolved; renderer suitability unresolved
swf-definition-01192,51,,shape,source-assets/flash/HELP MATH_ORIGINAL FILES/HELP_COURSES/ELMGR5/L5/RW/L5RW04.swf,,,3439ec89a9170e4271bab08fe763169048e3b10474003286e6b328e4a16d2e86,DefineShape3,,,none; machine census only; no renderer export,machine-extracted-definition-candidate,owner-provided SWF,container=root; definitionDepth=0; tagOrdinal=1192; payloadBytes=1116; rawTagPayloadSha256=3439ec89a9170e4271bab08fe763169048e3b10474003286e6b328e4a16d2e86; exactTagIdentitySha256=344105c75aa83b105608b80349025366c900cdd696c649b9cedc8b52a47fedeb; runtime reachability unresolved; placement and bounds unresolved; renderer suitability unresolved
swf-definition-01193,52,,shape,source-assets/flash/HELP MATH_ORIGINAL FILES/HELP_COURSES/ELMGR5/L5/RW/L5RW04.swf,,,2ad2bdd66a0045e0c26fa30f9e43041e98bce4cc7aeadbbe2c41d00c3714c4a8,DefineShape3,,,none; machine census only; no renderer export,machine-extracted-definition-candidate,owner-provided SWF,container=root; definitionDepth=0; tagOrdinal=1193; payloadBytes=1310; rawTagPayloadSha256=2ad2bdd66a0045e0c26fa30f9e43041e98bce4cc7aeadbbe2c41d00c3714c4a8; exactTagIdentitySha256=3244836d8c29ed26398010a8eff8827cdb5b08e99ba71c26992a01f59c55fa61; runtime reachability unresolved; placement and bounds unresolved; renderer suitability unresolved
swf-definition-01194,53,,shape,source-assets/flash/HELP MATH_ORIGINAL FILES/HELP_COURSES/ELMGR5/L5/RW/L5RW04.swf,,,0f73ac220994c94a7e5c9cd579e4052b8d5d3a40d1b56f8f7a634f97698af972,DefineShape3,,,none; machine census only; no renderer export,machine-extracted-definition-candidate,owner-provided SWF,container=root; definitionDepth=0; tagOrdinal=1194; payloadBytes=2170; rawTagPayloadSha256=0f73ac220994c94a7e5c9cd579e4052b8d5d3a40d1b56f8f7a634f97698af972; exactTagIdentitySha256=3f039a24ccbc0989099d651ad91ba2b1bca8e7c3ac915787efd94ad065f1c462; runtime reachability unresolved; placement and bounds unresolved; renderer suitability unresolved
swf-definition-01195,54,,shape,source-assets/flash/HELP MATH_ORIGINAL FILES/HELP_COURSES/ELMGR5/L5/RW/L5RW04.swf,,,0b2e9744ec6595510e292db9c94b87e6216c248643b089fc0ebfb17bb08a3be8,DefineShape3,,,none; machine census only; no renderer export,machine-extracted-definition-candidate,owner-provided SWF,container=root; definitionDepth=0; tagOrdinal=1195; payloadBytes=1147; rawTagPayloadSha256=0b2e9744ec6595510e292db9c94b87e6216c248643b089fc0ebfb17bb08a3be8; exactTagIdentitySha256=1e4b7a4ee4656d0acdff0cdbf2a5bc1c347d3c94e971fb37eefb25c3d2beac5f; runtime reachability unresolved; placement and bounds unresolved; renderer suitability unresolved
swf-definition-01196,55,,shape,source-assets/flash/HELP MATH_ORIGINAL FILES/HELP_COURSES/ELMGR5/L5/RW/L5RW04.swf,,,9c5ca3db2f9ed03014ecc6bfdbbcf1cc36634cb3f216e45bdf81ff5a079d71e2,DefineShape3,,,none; machine census only; no renderer export,machine-extracted-definition-candidate,owner-provided SWF,container=root; definitionDepth=0; tagOrdinal=1196; payloadBytes=1737; rawTagPayloadSha256=9c5ca3db2f9ed03014ecc6bfdbbcf1cc36634cb3f216e45bdf81ff5a079d71e2; exactTagIdentitySha256=a887655f755b0acc89655f1fb05daf8ca43c0f814cf8ce0b79f8d11ae8a138d6; runtime reachability unresolved; placement and bounds unresolved; renderer suitability unresolved
swf-definition-01197,56,,shape,source-assets/flash/HELP MATH_ORIGINAL FILES/HELP_COURSES/ELMGR5/L5/RW/L5RW04.swf,,,77bddff9050c235da2ac885a19f2f30e9c54422144689b6d109e8dbff196b8f3,DefineShape3,,,none; machine census only; no renderer export,machine-extracted-definition-candidate,owner-provided SWF,container=root; definitionDepth=0; tagOrdinal=1197; payloadBytes=1726; rawTagPayloadSha256=77bddff9050c235da2ac885a19f2f30e9c54422144689b6d109e8dbff196b8f3; exactTagIdentitySha256=de17e9085be0327e38eac131e0b3e0d5f497918f7ca5df1800cff8c75e3f6acd; runtime reachability unresolved; placement and bounds unresolved; renderer suitability unresolved
swf-definition-01198,57,,shape,source-assets/flash/HELP MATH_ORIGINAL FILES/HELP_COURSES/ELMGR5/L5/RW/L5RW04.swf,,,fd25277c1f89e4fa3771d84fbd75af65341585f75d19885ea2da641a3cf1fc6a,DefineShape3,,,none; machine census only; no renderer export,machine-extracted-definition-candidate,owner-provided SWF,container=root; definitionDepth=0; tagOrdinal=1198; payloadBytes=1709; rawTagPayloadSha256=fd25277c1f89e4fa3771d84fbd75af65341585f75d19885ea2da641a3cf1fc6a; exactTagIdentitySha256=b80a719da8d31483914c9125b96c3e67fb82c9e7752b1c206e50a25be3adef46; runtime reachability unresolved; placement and bounds unresolved; renderer suitability unresolved
swf-definition-01199,58,,shape,source-assets/flash/HELP MATH_ORIGINAL FILES/HELP_COURSES/ELMGR5/L5/RW/L5RW04.swf,,,0aaacb5b213ca7d6e7993fb8b7f9d4d29e52c007b85a8b85eb6985f32e350669,DefineShape,,,none; machine census only; no renderer export,machine-extracted-definition-candidate,owner-provided SWF,container=root; definitionDepth=0; tagOrdinal=1199; payloadBytes=68; rawTagPayloadSha256=0aaacb5b213ca7d6e7993fb8b7f9d4d29e52c007b85a8b85eb6985f32e350669; exactTagIdentitySha256=52fef42eee224cf0629d4e4b61ba5ecd0df7417a6fb8959505130fad6cefaa84; runtime reachability unresolved; placement and bounds unresolved; renderer suitability unresolved
swf-definition-01200,59,,shape,source-assets/flash/HELP MATH_ORIGINAL FILES/HELP_COURSES/ELMGR5/L5/RW/L5RW04.swf,,,6488be9a831544ca52a89e491d3210ea038b859c6d1775a1945488a416bff18a,DefineShape3,,,none; machine census only; no renderer export,machine-extracted-definition-candidate,owner-provided SWF,container=root; definitionDepth=0; tagOrdinal=1200; payloadBytes=1150; rawTagPayloadSha256=6488be9a831544ca52a89e491d3210ea038b859c6d1775a1945488a416bff18a; exactTagIdentitySha256=28d55f081e53ce318003436c3e606ac007ebb9e9fdea78ed3f126a9e2b32b2be; runtime reachability unresolved; placement and bounds unresolved; renderer suitability unresolved
swf-definition-01201,60,,shape,source-assets/flash/HELP MATH_ORIGINAL FILES/HELP_COURSES/ELMGR5/L5/RW/L5RW04.swf,,,6d7599f5407793951d439227d8e56c325a24505a345094eb9102128cbced3775,DefineShape2,,,none; machine census only; no renderer export,machine-extracted-definition-candidate,owner-provided SWF,container=root; definitionDepth=0; tagOrdinal=1201; payloadBytes=512; rawTagPayloadSha256=6d7599f5407793951d439227d8e56c325a24505a345094eb9102128cbced3775; exactTagIdentitySha256=0faab087c40f24aa7b0ed617efdeebbe3f20ce9aaaafe85c455114191741fe41; runtime reachability unresolved; placement and bounds unresolved; renderer suitability unresolved
swf-definition-01202,61,,shape,source-assets/flash/HELP MATH_ORIGINAL FILES/HELP_COURSES/ELMGR5/L5/RW/L5RW04.swf,,,714dacc53204fa8739a197406e5eeb1b2801e80d24027ef959055b8585a578e6,DefineShape3,,,none; machine census only; no renderer export,machine-extracted-definition-candidate,owner-provided SWF,container=root; definitionDepth=0; tagOrdinal=1202; payloadBytes=1094; rawTagPayloadSha256=714dacc53204fa8739a197406e5eeb1b2801e80d24027ef959055b8585a578e6; exactTagIdentitySha256=b29e4646113e58c22c8e5f67bf99f8174859514c321ca3b19b29772a690427da; runtime reachability unresolved; placement and bounds unresolved; renderer suitability unresolved
swf-definition-01203,62,,shape,source-assets/flash/HELP MATH_ORIGINAL FILES/HELP_COURSES/ELMGR5/L5/RW/L5RW04.swf,,,98f934d247b53ba2964c7bb4a2d3dcde44cef744c9ddb12d948f1b1f374fcf99,DefineShape3,,,none; machine census only; no renderer export,machine-extracted-definition-candidate,owner-provided SWF,container=root; definitionDepth=0; tagOrdinal=1203; payloadBytes=1150; rawTagPayloadSha256=98f934d247b53ba2964c7bb4a2d3dcde44cef744c9ddb12d948f1b1f374fcf99; exactTagIdentitySha256=ced46d38608a8f84b89ac0baf033395260e5c6c8afe3767e42252262afa79d8f; runtime reachability unresolved; placement and bounds unresolved; renderer suitability unresolved
swf-definition-01204,63,,shape,source-assets/flash/HELP MATH_ORIGINAL FILES/HELP_COURSES/ELMGR5/L5/RW/L5RW04.swf,,,d886dbb5e1230d5f57a2ac8c334c91c6bff160f6f258728b4c8da8377fa36c71,DefineShape,,,none; machine census only; no renderer export,machine-extracted-definition-candidate,owner-provided SWF,container=root; definitionDepth=0; tagOrdinal=1204; payloadBytes=69; rawTagPayloadSha256=d886dbb5e1230d5f57a2ac8c334c91c6bff160f6f258728b4c8da8377fa36c71; exactTagIdentitySha256=0ffc39c4ddafabf5afc34d0273862ed121070c5115951d2c66fcf139f7df37be; runtime reachability unresolved; placement and bounds unresolved; renderer suitability unresolved
swf-definition-01205,64,,shape,source-assets/flash/HELP MATH_ORIGINAL FILES/HELP_COURSES/ELMGR5/L5/RW/L5RW04.swf,,,86577d946d61f6d775acb38a4b54cb133492259aa7dba7b9641fc961783253f1,DefineShape3,,,none; machine census only; no renderer export,machine-extracted-definition-candidate,owner-provided SWF,container=root; definitionDepth=0; tagOrdinal=1205; payloadBytes=865; rawTagPayloadSha256=86577d946d61f6d775acb38a4b54cb133492259aa7dba7b9641fc961783253f1; exactTagIdentitySha256=818d6fc02893be36c07536830efd888176949264bb0aacadbbd774bb14dc6b8d; runtime reachability unresolved; placement and bounds unresolved; renderer suitability unresolved
swf-definition-01206,65,,shape,source-assets/flash/HELP MATH_ORIGINAL FILES/HELP_COURSES/ELMGR5/L5/RW/L5RW04.swf,,,278fc214251794bac84f7eecede47da151e0cc1e39814c5ca93b66c28a9f9cbd,DefineShape2,,,none; machine census only; no renderer export,machine-extracted-definition-candidate,owner-provided SWF,container=root; definitionDepth=0; tagOrdinal=1206; payloadBytes=509; rawTagPayloadSha256=278fc214251794bac84f7eecede47da151e0cc1e39814c5ca93b66c28a9f9cbd; exactTagIdentitySha256=1c7a003a38bd2ad0fc9b61f46f379859daf0c663090bd8008a0c9f9a553142a1; runtime reachability unresolved; placement and bounds unresolved; renderer suitability unresolved
swf-definition-01207,66,,shape,source-assets/flash/HELP MATH_ORIGINAL FILES/HELP_COURSES/ELMGR5/L5/RW/L5RW04.swf,,,80f41364aa35e2a7e4c7f019e1009322b04412c20d2dbd4b36963771fba133be,DefineShape3,,,none; machine census only; no renderer export,machine-extracted-definition-candidate,owner-provided SWF,container=root; definitionDepth=0; tagOrdinal=1207; payloadBytes=579; rawTagPayloadSha256=80f41364aa35e2a7e4c7f019e1009322b04412c20d2dbd4b36963771fba133be; exactTagIdentitySha256=76d0890a4a7170effbd293d848a12c0e2a47e501de4fd425d64f9c3ac16e96b0; runtime reachability unresolved; placement and bounds unresolved; renderer suitability unresolved
swf-definition-01208,67,,shape,source-assets/flash/HELP MATH_ORIGINAL FILES/HELP_COURSES/ELMGR5/L5/RW/L5RW04.swf,,,786a6923fee988d5f9eb5b486d073a7c6724302132ebfe8ac6412d39204f56db,DefineShape3,,,none; machine census only; no renderer export,machine-extracted-definition-candidate,owner-provided SWF,container=root; definitionDepth=0; tagOrdinal=1208; payloadBytes=1131; rawTagPayloadSha256=786a6923fee988d5f9eb5b486d073a7c6724302132ebfe8ac6412d39204f56db; exactTagIdentitySha256=36f2603af17f64a2d662809439f35a7b64a0618330629b3de221ed2c50481eb8; runtime reachability unresolved; placement and bounds unresolved; renderer suitability unresolved
swf-definition-01209,68,,shape,source-assets/flash/HELP MATH_ORIGINAL FILES/HELP_COURSES/ELMGR5/L5/RW/L5RW04.swf,,,c0bf54dcfb1f83d9725daafe2895c894de092ddf053929945eedd70cc7fb3759,DefineShape,,,none; machine census only; no renderer export,machine-extracted-definition-candidate,owner-provided SWF,container=root; definitionDepth=0; tagOrdinal=1209; payloadBytes=68; rawTagPayloadSha256=c0bf54dcfb1f83d9725daafe2895c894de092ddf053929945eedd70cc7fb3759; exactTagIdentitySha256=57eb9af5adc1c9d9cd5dd6280c2e0704c0dd0ee188394a690525f090effdb1ba; runtime reachability unresolved; placement and bounds unresolved; renderer suitability unresolved
swf-definition-01210,69,,shape,source-assets/flash/HELP MATH_ORIGINAL FILES/HELP_COURSES/ELMGR5/L5/RW/L5RW04.swf,,,c7e25c9ba314b38d01e141a662c87af6897f1d973ac6873f0c9a59dd20bab4ac,DefineShape3,,,none; machine census only; no renderer export,machine-extracted-definition-candidate,owner-provided SWF,container=root; definitionDepth=0; tagOrdinal=1210; payloadBytes=1130; rawTagPayloadSha256=c7e25c9ba314b38d01e141a662c87af6897f1d973ac6873f0c9a59dd20bab4ac; exactTagIdentitySha256=d41701879ac57787bd0f0fa3210746d09046dbef33e3e0fe223cdcdaf72f853a; runtime reachability unresolved; placement and bounds unresolved; renderer suitability unresolved
swf-definition-01211,70,,shape,source-assets/flash/HELP MATH_ORIGINAL FILES/HELP_COURSES/ELMGR5/L5/RW/L5RW04.swf,,,25e8ded25fe33ff503015df7c05596d224384fffcafefa0c8aec3f78fa4d1027,DefineShape2,,,none; machine census only; no renderer export,machine-extracted-definition-candidate,owner-provided SWF,container=root; definitionDepth=0; tagOrdinal=1211; payloadBytes=518; rawTagPayloadSha256=25e8ded25fe33ff503015df7c05596d224384fffcafefa0c8aec3f78fa4d1027; exactTagIdentitySha256=4475b249a7b03d8cce3591bda5badf2898dcbeab7bae1a52d7b668fffe8be5a8; runtime reachability unresolved; placement and bounds unresolved; renderer suitability unresolved
swf-definition-01212,71,,shape,source-assets/flash/HELP MATH_ORIGINAL FILES/HELP_COURSES/ELMGR5/L5/RW/L5RW04.swf,,,96cc278708b1c861b36ceb5905f0c199867b23818fb800e8250ab50fd98d2fab,DefineShape3,,,none; machine census only; no renderer export,machine-extracted-definition-candidate,owner-provided SWF,container=root; definitionDepth=0; tagOrdinal=1212; payloadBytes=1092; rawTagPayloadSha256=96cc278708b1c861b36ceb5905f0c199867b23818fb800e8250ab50fd98d2fab; exactTagIdentitySha256=50391ddc42353646829357ca3f6e019f49372bc95aba3e9eeb375c51993c364c; runtime reachability unresolved; placement and bounds unresolved; renderer suitability unresolved
swf-definition-01213,72,,shape,source-assets/flash/HELP MATH_ORIGINAL FILES/HELP_COURSES/ELMGR5/L5/RW/L5RW04.swf,,,a524302541bce102be491745943237837e6ea5ed6c7364c8b4bf18be92e9e958,DefineShape3,,,none; machine census only; no renderer export,machine-extracted-definition-candidate,owner-provided SWF,container=root; definitionDepth=0; tagOrdinal=1213; payloadBytes=1168; rawTagPayloadSha256=a524302541bce102be491745943237837e6ea5ed6c7364c8b4bf18be92e9e958; exactTagIdentitySha256=d17d4489282c4ef06a70b840b8048c066424a0e7df83c70a0312980975d50ef3; runtime reachability unresolved; placement and bounds unresolved; renderer suitability unresolved
swf-definition-01214,73,,shape,source-assets/flash/HELP MATH_ORIGINAL FILES/HELP_COURSES/ELMGR5/L5/RW/L5RW04.swf,,,19aecc4063722dbb9ec9274a379946438dfe78a832ae2785fa835ac289f4928d,DefineShape3,,,none; machine census only; no renderer export,machine-extracted-definition-candidate,owner-provided SWF,container=root; definitionDepth=0; tagOrdinal=1214; payloadBytes=1307; rawTagPayloadSha256=19aecc4063722dbb9ec9274a379946438dfe78a832ae2785fa835ac289f4928d; exactTagIdentitySha256=80abb18a7a55d7335562f5fa20e1083f7fe5a78c21f8307badc0b9c45d76bcac; runtime reachability unresolved; placement and bounds unresolved; renderer suitability unresolved
swf-definition-01215,74,,shape,source-assets/flash/HELP MATH_ORIGINAL FILES/HELP_COURSES/ELMGR5/L5/RW/L5RW04.swf,,,030dc54661be9edadaeae78151c042dfd83a9964efe61df8967d2725a61e2e89,DefineShape3,,,none; machine census only; no renderer export,machine-extracted-definition-candidate,owner-provided SWF,container=root; definitionDepth=0; tagOrdinal=1215; payloadBytes=2182; rawTagPayloadSha256=030dc54661be9edadaeae78151c042dfd83a9964efe61df8967d2725a61e2e89; exactTagIdentitySha256=802211e1c228d9dee35547eef4867456fbd02262ad88b9c8cde8c703b942e40f; runtime reachability unresolved; placement and bounds unresolved; renderer suitability unresolved
swf-definition-01216,75,,shape,source-assets/flash/HELP MATH_ORIGINAL FILES/HELP_COURSES/ELMGR5/L5/RW/L5RW04.swf,,,8a5f38cbae639ee253fd1431cc6832e1cd0075a046bbb338d3c3d47752341adf,DefineShape3,,,none; machine census only; no renderer export,machine-extracted-definition-candidate,owner-provided SWF,container=root; definitionDepth=0; tagOrdinal=1216; payloadBytes=1311; rawTagPayloadSha256=8a5f38cbae639ee253fd1431cc6832e1cd0075a046bbb338d3c3d47752341adf; exactTagIdentitySha256=8e75e90d7b37f518c234bd1c2ebf9d68c2296a6f5bb2dc4f96438458afc50061; runtime reachability unresolved; placement and bounds unresolved; renderer suitability unresolved
swf-definition-01217,76,,shape,source-assets/flash/HELP MATH_ORIGINAL FILES/HELP_COURSES/ELMGR5/L5/RW/L5RW04.swf,,,1351d32b510ce497828184db9204cd15fd0e5122869b167067b93a4787cb0b33,DefineShape3,,,none; machine census only; no renderer export,machine-extracted-definition-candidate,owner-provided SWF,container=root; definitionDepth=0; tagOrdinal=1217; payloadBytes=2166; rawTagPayloadSha256=1351d32b510ce497828184db9204cd15fd0e5122869b167067b93a4787cb0b33; exactTagIdentitySha256=bc9f6fcdf67bce2f3b641af6c00bb228abb305efa5fad91fedb7f6f6b99ae5aa; runtime reachability unresolved; placement and bounds unresolved; renderer suitability unresolved
swf-definition-01218,77,,shape,source-assets/flash/HELP MATH_ORIGINAL FILES/HELP_COURSES/ELMGR5/L5/RW/L5RW04.swf,,,fb0bea164781c887655eee524f3b2353f707a5cdef5c58e4f096d8bc126cdaa0,DefineShape3,,,none; machine census only; no renderer export,machine-extracted-definition-candidate,owner-provided SWF,container=root; definitionDepth=0; tagOrdinal=1218; payloadBytes=1316; rawTagPayloadSha256=fb0bea164781c887655eee524f3b2353f707a5cdef5c58e4f096d8bc126cdaa0; exactTagIdentitySha256=8519c20489036af22536c562cccfd4e4f177cd2e717588734780d68246fdc07b; runtime reachability unresolved; placement and bounds unresolved; renderer suitability unresolved
swf-definition-01219,78,,shape,source-assets/flash/HELP MATH_ORIGINAL FILES/HELP_COURSES/ELMGR5/L5/RW/L5RW04.swf,,,ecb38147651f8b47b3619c6062261ed08638df0ba6e80401616c60fe47db2989,DefineShape3,,,none; machine census only; no renderer export,machine-extracted-definition-candidate,owner-provided SWF,container=root; definitionDepth=0; tagOrdinal=1219; payloadBytes=2184; rawTagPayloadSha256=ecb38147651f8b47b3619c6062261ed08638df0ba6e80401616c60fe47db2989; exactTagIdentitySha256=96224d87aefc01c9fc5b8e6f81298a56e25a104b62bec50af8e1a89205d20e69; runtime reachability unresolved; placement and bounds unresolved; renderer suitability unresolved
swf-definition-01220,79,,shape,source-assets/flash/HELP MATH_ORIGINAL FILES/HELP_COURSES/ELMGR5/L5/RW/L5RW04.swf,,,76b7ea0bf277d5a6bb1e377f493d86d64645319c3536ab3ff3f6a2fa5f1c76f6,DefineShape3,,,none; machine census only; no renderer export,machine-extracted-definition-candidate,owner-provided SWF,container=root; definitionDepth=0; tagOrdinal=1220; payloadBytes=2971; rawTagPayloadSha256=76b7ea0bf277d5a6bb1e377f493d86d64645319c3536ab3ff3f6a2fa5f1c76f6; exactTagIdentitySha256=d696f89ab7c3d3bbbcf8c4645d44fbfc89b3d6428484bdeccb6a7838fe8b59e2; runtime reachability unresolved; placement and bounds unresolved; renderer suitability unresolved
swf-definition-01221,80,,shape,source-assets/flash/HELP MATH_ORIGINAL FILES/HELP_COURSES/ELMGR5/L5/RW/L5RW04.swf,,,9ba29a83178f2d94bd62460ad9f0874ecc2c3b8701735edec9ed4d9f16857690,DefineShape3,,,none; machine census only; no renderer export,machine-extracted-definition-candidate,owner-provided SWF,container=root; definitionDepth=0; tagOrdinal=1221; payloadBytes=2420; rawTagPayloadSha256=9ba29a83178f2d94bd62460ad9f0874ecc2c3b8701735edec9ed4d9f16857690; exactTagIdentitySha256=6cbe1aa71f4e7f03507d471000b8c0b30b6434dc8da5eb3c449da890cc9f0c2c; runtime reachability unresolved; placement and bounds unresolved; renderer suitability unresolved
swf-definition-01222,81,,shape,source-assets/flash/HELP MATH_ORIGINAL FILES/HELP_COURSES/ELMGR5/L5/RW/L5RW04.swf,,,8baee80b409babd4797c629becb960d2a06e3cbfeaf20f24d8be888057f4bf06,DefineShape2,,,none; machine census only; no renderer export,machine-extracted-definition-candidate,owner-provided SWF,container=root; definitionDepth=0; tagOrdinal=1222; payloadBytes=271; rawTagPayloadSha256=8baee80b409babd4797c629becb960d2a06e3cbfeaf20f24d8be888057f4bf06; exactTagIdentitySha256=94a69cc288ac975df8531794c5918a7639fb09f7905a47bcad7fc33aa1b22428; runtime reachability unresolved; placement and bounds unresolved; renderer suitability unresolved
swf-definition-01223,82,,shape,source-assets/flash/HELP MATH_ORIGINAL FILES/HELP_COURSES/ELMGR5/L5/RW/L5RW04.swf,,,bc83478c0d127a863b968da89e787cb43616f7a8edb3499df4d6190df2be2275,DefineShape3,,,none; machine census only; no renderer export,machine-extracted-definition-candidate,owner-provided SWF,container=root; definitionDepth=0; tagOrdinal=1223; payloadBytes=2331; rawTagPayloadSha256=bc83478c0d127a863b968da89e787cb43616f7a8edb3499df4d6190df2be2275; exactTagIdentitySha256=84768b6f173fe34fb3f6536d2e223a0ec3e4065872c7e9e2695cb88444b03b0c; runtime reachability unresolved; placement and bounds unresolved; renderer suitability unresolved
swf-definition-01224,83,,shape,source-assets/flash/HELP MATH_ORIGINAL FILES/HELP_COURSES/ELMGR5/L5/RW/L5RW04.swf,,,97aece2b39ffa747b2ef6c4650e91f07966e76adf694b8f7fffff724dec0e51a,DefineShape2,,,none; machine census only; no renderer export,machine-extracted-definition-candidate,owner-provided SWF,container=root; definitionDepth=0; tagOrdinal=1224; payloadBytes=277; rawTagPayloadSha256=97aece2b39ffa747b2ef6c4650e91f07966e76adf694b8f7fffff724dec0e51a; exactTagIdentitySha256=4b77afb96b773167e5107c09fe37ceec6dcaeefa7559162abe0a61f5d6cfc976; runtime reachability unresolved; placement and bounds unresolved; renderer suitability unresolved
swf-definition-01225,84,,shape,source-assets/flash/HELP MATH_ORIGINAL FILES/HELP_COURSES/ELMGR5/L5/RW/L5RW04.swf,,,e489b25ae18819d0c3d4a2921847316de575a54f6069a153fbe3af760edbaae0,DefineShape3,,,none; machine census only; no renderer export,machine-extracted-definition-candidate,owner-provided SWF,container=root; definitionDepth=0; tagOrdinal=1225; payloadBytes=1799; rawTagPayloadSha256=e489b25ae18819d0c3d4a2921847316de575a54f6069a153fbe3af760edbaae0; exactTagIdentitySha256=b35e1a42104ef3c7ca080d7e08db53ca1cf30d4d35be119d4f7f3b76ab8b7db3; runtime reachability unresolved; placement and bounds unresolved; renderer suitability unresolved
swf-definition-01226,85,,shape,source-assets/flash/HELP MATH_ORIGINAL FILES/HELP_COURSES/ELMGR5/L5/RW/L5RW04.swf,,,d0e9136f9d93e079c71a64b14d07b8e109833a8e49442bf5aa34e45732d7973b,DefineShape3,,,none; machine census only; no renderer export,machine-extracted-definition-candidate,owner-provided SWF,container=root; definitionDepth=0; tagOrdinal=1226; payloadBytes=434; rawTagPayloadSha256=d0e9136f9d93e079c71a64b14d07b8e109833a8e49442bf5aa34e45732d7973b; exactTagIdentitySha256=a53bf36a1a3e26e11201ac5d101197ca1e288b722e564635936ed0716d0081af; runtime reachability unresolved; placement and bounds unresolved; renderer suitability unresolved
swf-definition-01227,86,,shape,source-assets/flash/HELP MATH_ORIGINAL FILES/HELP_COURSES/ELMGR5/L5/RW/L5RW04.swf,,,8a1fb123a77d47a5df2fc182c7aafa103ff34ce426615a4e40e3e2181f1e8bc0,DefineShape3,,,none; machine census only; no renderer export,machine-extracted-definition-candidate,owner-provided SWF,container=root; definitionDepth=0; tagOrdinal=1227; payloadBytes=1992; rawTagPayloadSha256=8a1fb123a77d47a5df2fc182c7aafa103ff34ce426615a4e40e3e2181f1e8bc0; exactTagIdentitySha256=fb2afd60c40fadc0bacf005b39798c63fa0b40c00386a4da85d31517e950284c; runtime reachability unresolved; placement and bounds unresolved; renderer suitability unresolved
swf-definition-01228,87,,shape,source-assets/flash/HELP MATH_ORIGINAL FILES/HELP_COURSES/ELMGR5/L5/RW/L5RW04.swf,,,842ab3b522a8f715affe651fbe8ecc08ec6d5d4a1536aefd75c294be5ad5c43a,DefineShape3,,,none; machine census only; no renderer export,machine-extracted-definition-candidate,owner-provided SWF,container=root; definitionDepth=0; tagOrdinal=1228; payloadBytes=1927; rawTagPayloadSha256=842ab3b522a8f715affe651fbe8ecc08ec6d5d4a1536aefd75c294be5ad5c43a; exactTagIdentitySha256=80a8a474c6af6ae2e93c5d126b11d15d23ff3f34a6beb3efb59ad6583fba66e8; runtime reachability unresolved; placement and bounds unresolved; renderer suitability unresolved
swf-definition-01229,88,,shape,source-assets/flash/HELP MATH_ORIGINAL FILES/HELP_COURSES/ELMGR5/L5/RW/L5RW04.swf,,,d499c2fe837fdc7739d4a7d2eef3b9e84d1998ca05f0985867d73f5316408f49,DefineShape2,,,none; machine census only; no renderer export,machine-extracted-definition-candidate,owner-provided SWF,container=root; definitionDepth=0; tagOrdinal=1229; payloadBytes=272; rawTagPayloadSha256=d499c2fe837fdc7739d4a7d2eef3b9e84d1998ca05f0985867d73f5316408f49; exactTagIdentitySha256=a6d0c1f91cc174d7b20a891990ad47236ef45a3a83856e2a6a127fbff181c7f1; runtime reachability unresolved; placement and bounds unresolved; renderer suitability unresolved
swf-definition-01230,89,,shape,source-assets/flash/HELP MATH_ORIGINAL FILES/HELP_COURSES/ELMGR5/L5/RW/L5RW04.swf,,,3c8951f2e8fccfece7c20ec97dffa6c0baa6c03210e5a932e962ce6f18c06e83,DefineShape3,,,none; machine census only; no renderer export,machine-extracted-definition-candidate,owner-provided SWF,container=root; definitionDepth=0; tagOrdinal=1230; payloadBytes=2308; rawTagPayloadSha256=3c8951f2e8fccfece7c20ec97dffa6c0baa6c03210e5a932e962ce6f18c06e83; exactTagIdentitySha256=10b26d2b924151fc452fcd18389450e717d90d253fe4e9d6b0d1beb066a4ff4d; runtime reachability unresolved; placement and bounds unresolved; renderer suitability unresolved
swf-definition-01231,90,,shape,source-assets/flash/HELP MATH_ORIGINAL FILES/HELP_COURSES/ELMGR5/L5/RW/L5RW04.swf,,,426196e832f8b6710bd349ffe4e88d7daba95249974ca428fe8d68c5eb64c2d4,DefineShape3,,,none; machine census only; no renderer export,machine-extracted-definition-candidate,owner-provided SWF,container=root; definitionDepth=0; tagOrdinal=1231; payloadBytes=2972; rawTagPayloadSha256=426196e832f8b6710bd349ffe4e88d7daba95249974ca428fe8d68c5eb64c2d4; exactTagIdentitySha256=f48295e9f84dec2dcaeab7e2287e7957df11102fe575d4585d6ce0009a8ef5f8; runtime reachability unresolved; placement and bounds unresolved; renderer suitability unresolved
swf-definition-01232,91,,shape,source-assets/flash/HELP MATH_ORIGINAL FILES/HELP_COURSES/ELMGR5/L5/RW/L5RW04.swf,,,9d1430664efa97c228b7d9788345394f1c7a036ce7a2c24faea00a5a47389a4f,DefineShape2,,,none; machine census only; no renderer export,machine-extracted-definition-candidate,owner-provided SWF,container=root; definitionDepth=0; tagOrdinal=1232; payloadBytes=275; rawTagPayloadSha256=9d1430664efa97c228b7d9788345394f1c7a036ce7a2c24faea00a5a47389a4f; exactTagIdentitySha256=17c9399f0855625d596576fd464576e27fd5b52088e8df0864e136fa23c2f6bc; runtime reachability unresolved; placement and bounds unresolved; renderer suitability unresolved
swf-definition-01233,92,,shape,source-assets/flash/HELP MATH_ORIGINAL FILES/HELP_COURSES/ELMGR5/L5/RW/L5RW04.swf,,,4cf09100dfa4150c0d495868393c2ebadb8ea0164fbde0f637611553a1ae5acb,DefineShape3,,,none; machine census only; no renderer export,machine-extracted-definition-candidate,owner-provided SWF,container=root; definitionDepth=0; tagOrdinal=1233; payloadBytes=2419; rawTagPayloadSha256=4cf09100dfa4150c0d495868393c2ebadb8ea0164fbde0f637611553a1ae5acb; exactTagIdentitySha256=4f12891b0a449f41dddf61b7f1a4024fa231c14d23d047b72982ce0ebe7ca4b9; runtime reachability unresolved; placement and bounds unresolved; renderer suitability unresolved
swf-definition-01234,93,,shape,source-assets/flash/HELP MATH_ORIGINAL FILES/HELP_COURSES/ELMGR5/L5/RW/L5RW04.swf,,,ad6fd978dab84e9c21204ef05e624bfb763279fcb3ff441b395f2b1d6099504b,DefineShape3,,,none; machine census only; no renderer export,machine-extracted-definition-candidate,owner-provided SWF,container=root; definitionDepth=0; tagOrdinal=1234; payloadBytes=1310; rawTagPayloadSha256=ad6fd978dab84e9c21204ef05e624bfb763279fcb3ff441b395f2b1d6099504b; exactTagIdentitySha256=caeb196b6446dc1ad0c14d44fb0f5bc0adca17d3d953d353e81e2dc4cf9764e0; runtime reachability unresolved; placement and bounds unresolved; renderer suitability unresolved
swf-definition-01235,94,,shape,source-assets/flash/HELP MATH_ORIGINAL FILES/HELP_COURSES/ELMGR5/L5/RW/L5RW04.swf,,,45fb579f165a7948cb75db5d4f0d4cc678d7ec197c1a21d47803d579148803af,DefineShape3,,,none; machine census only; no renderer export,machine-extracted-definition-candidate,owner-provided SWF,container=root; definitionDepth=0; tagOrdinal=1235; payloadBytes=2170; rawTagPayloadSha256=45fb579f165a7948cb75db5d4f0d4cc678d7ec197c1a21d47803d579148803af; exactTagIdentitySha256=b046786fa4923daab779b1797b62fc7afb1694b7979471c53e3f12d0fc951a6d; runtime reachability unresolved; placement and bounds unresolved; renderer suitability unresolved
swf-definition-01236,95,,shape,source-assets/flash/HELP MATH_ORIGINAL FILES/HELP_COURSES/ELMGR5/L5/RW/L5RW04.swf,,,ce913f6a3bf62f579cd38141a3d5cb20100d8ee5967d014e89b463fdf0674b51,DefineShape3,,,none; machine census only; no renderer export,machine-extracted-definition-candidate,owner-provided SWF,container=root; definitionDepth=0; tagOrdinal=1236; payloadBytes=1307; rawTagPayloadSha256=ce913f6a3bf62f579cd38141a3d5cb20100d8ee5967d014e89b463fdf0674b51; exactTagIdentitySha256=8af4918003d9bb75e622d70dd563a576905f26f15bebd8e87c4444e9a428f44e; runtime reachability unresolved; placement and bounds unresolved; renderer suitability unresolved
swf-definition-01237,96,,shape,source-assets/flash/HELP MATH_ORIGINAL FILES/HELP_COURSES/ELMGR5/L5/RW/L5RW04.swf,,,d50c9d551fd345636b8273cf4bfd08287c2e9068b9d15f692eb04ae07433b752,DefineShape3,,,none; machine census only; no renderer export,machine-extracted-definition-candidate,owner-provided SWF,container=root; definitionDepth=0; tagOrdinal=1237; payloadBytes=2182; rawTagPayloadSha256=d50c9d551fd345636b8273cf4bfd08287c2e9068b9d15f692eb04ae07433b752; exactTagIdentitySha256=8e1beadeae2e0bec3657c15f9ef0d983d83fb78962954f03bee643a85c1a0845; runtime reachability unresolved; placement and bounds unresolved; renderer suitability unresolved
swf-definition-01238,97,,shape,source-assets/flash/HELP MATH_ORIGINAL FILES/HELP_COURSES/ELMGR5/L5/RW/L5RW04.swf,,,b430832c95285e7c4ca653c853d0c04800dac234e6ac3a3adc073dcebc33e610,DefineShape3,,,none; machine census only; no renderer export,machine-extracted-definition-candidate,owner-provided SWF,container=root; definitionDepth=0; tagOrdinal=1238; payloadBytes=1309; rawTagPayloadSha256=b430832c95285e7c4ca653c853d0c04800dac234e6ac3a3adc073dcebc33e610; exactTagIdentitySha256=17e36eede50d4994984303d86ec6952d5665621c2cb190421c7127fb76c82d45; runtime reachability unresolved; placement and bounds unresolved; renderer suitability unresolved
swf-definition-01239,98,,shape,source-assets/flash/HELP MATH_ORIGINAL FILES/HELP_COURSES/ELMGR5/L5/RW/L5RW04.swf,,,b2edddf508127cb365d90cca91b7bfe923fe586fc40cf1cd4aea989e00ecaf00,DefineShape3,,,none; machine census only; no renderer export,machine-extracted-definition-candidate,owner-provided SWF,container=root; definitionDepth=0; tagOrdinal=1239; payloadBytes=2179; rawTagPayloadSha256=b2edddf508127cb365d90cca91b7bfe923fe586fc40cf1cd4aea989e00ecaf00; exactTagIdentitySha256=92fd0544ccf3df8c5b72d9eed32c533d7f51fa134c36832ccbd81c12c0cb48e7; runtime reachability unresolved; placement and bounds unresolved; renderer suitability unresolved
swf-definition-01240,99,,shape,source-assets/flash/HELP MATH_ORIGINAL FILES/HELP_COURSES/ELMGR5/L5/RW/L5RW04.swf,,,544c4078f587a0e6e7dd84933ad798628a2585a803faa316dc62694bc55796f3,DefineShape3,,,none; machine census only; no renderer export,machine-extracted-definition-candidate,owner-provided SWF,container=root; definitionDepth=0; tagOrdinal=1240; payloadBytes=1306; rawTagPayloadSha256=544c4078f587a0e6e7dd84933ad798628a2585a803faa316dc62694bc55796f3; exactTagIdentitySha256=e8480a0307bf821f2177532dbc6aefc99ec22fcb47b4927d7c7915939bdcdd86; runtime reachability unresolved; placement and bounds unresolved; renderer suitability unresolved
swf-definition-01241,100,,shape,source-assets/flash/HELP MATH_ORIGINAL FILES/HELP_COURSES/ELMGR5/L5/RW/L5RW04.swf,,,3cc72533eab8f4cda72b74ddc6546f71e5e6cbc5fbb2b1395650dd3936db056b,DefineShape3,,,none; machine census only; no renderer export,machine-extracted-definition-candidate,owner-provided SWF,container=root; definitionDepth=0; tagOrdinal=1241; payloadBytes=2183; rawTagPayloadSha256=3cc72533eab8f4cda72b74ddc6546f71e5e6cbc5fbb2b1395650dd3936db056b; exactTagIdentitySha256=9a6ffbeb2011abc0d6334682951bf950df5c890f779d2108b18d9e73b7c9fec4; runtime reachability unresolved; placement and bounds unresolved; renderer suitability unresolved
swf-definition-01242,101,,shape,source-assets/flash/HELP MATH_ORIGINAL FILES/HELP_COURSES/ELMGR5/L5/RW/L5RW04.swf,,,42226e648a883de2e6a2094ead84d8cc9744a8685b6791b7d50eef6def94ac53,DefineShape3,,,none; machine census only; no renderer export,machine-extracted-definition-candidate,owner-provided SWF,container=root; definitionDepth=0; tagOrdinal=1242; payloadBytes=1313; rawTagPayloadSha256=42226e648a883de2e6a2094ead84d8cc9744a8685b6791b7d50eef6def94ac53; exactTagIdentitySha256=e5d10a965cf1798fb27a8dfa69466a5de6aca14ef37086ae94f0b12631d20f9d; runtime reachability unresolved; placement and bounds unresolved; renderer suitability unresolved
swf-definition-01243,102,,shape,source-assets/flash/HELP MATH_ORIGINAL FILES/HELP_COURSES/ELMGR5/L5/RW/L5RW04.swf,,,b032f8c4992c8c0f120b0da859a69f4ca408f881c1d6c67e386b947fb153e62a,DefineShape3,,,none; machine census only; no renderer export,machine-extracted-definition-candidate,owner-provided SWF,container=root; definitionDepth=0; tagOrdinal=1243; payloadBytes=2183; rawTagPayloadSha256=b032f8c4992c8c0f120b0da859a69f4ca408f881c1d6c67e386b947fb153e62a; exactTagIdentitySha256=ce35064bbfc1b7284f8f0585bde9bb910e9063c455a6425dee4adac4e0dac1d7; runtime reachability unresolved; placement and bounds unresolved; renderer suitability unresolved
swf-definition-01244,103,,shape,source-assets/flash/HELP MATH_ORIGINAL FILES/HELP_COURSES/ELMGR5/L5/RW/L5RW04.swf,,,e32f6f43f12ed459deb53a7942677d61bee133c77d3351335e2ec3b7273f755e,DefineShape3,,,none; machine census only; no renderer export,machine-extracted-definition-candidate,owner-provided SWF,container=root; definitionDepth=0; tagOrdinal=1244; payloadBytes=1306; rawTagPayloadSha256=e32f6f43f12ed459deb53a7942677d61bee133c77d3351335e2ec3b7273f755e; exactTagIdentitySha256=48aaef4678c356397bd85fa94bde64429af9166c9b7015f744f5228ac1888aab; runtime reachability unresolved; placement and bounds unresolved; renderer suitability unresolved
swf-definition-01245,104,,shape,source-assets/flash/HELP MATH_ORIGINAL FILES/HELP_COURSES/ELMGR5/L5/RW/L5RW04.swf,,,72c4245789e6bedadbda82f75f3e3df3715ef9cd7dbb3629bf31f249d3898d62,DefineShape3,,,none; machine census only; no renderer export,machine-extracted-definition-candidate,owner-provided SWF,container=root; definitionDepth=0; tagOrdinal=1245; payloadBytes=2026; rawTagPayloadSha256=72c4245789e6bedadbda82f75f3e3df3715ef9cd7dbb3629bf31f249d3898d62; exactTagIdentitySha256=1681e84df9a3b1a8c8f3e51f7cb090f6cf65a91df766705de892cf54625891ab; runtime reachability unresolved; placement and bounds unresolved; renderer suitability unresolved
swf-definition-01246,105,,shape,source-assets/flash/HELP MATH_ORIGINAL FILES/HELP_COURSES/ELMGR5/L5/RW/L5RW04.swf,,,6677f760b4f193be70bee444273ccdfabb842b17f53430704a422bb552d8d7bd,DefineShape3,,,none; machine census only; no renderer export,machine-extracted-definition-candidate,owner-provided SWF,container=root; definitionDepth=0; tagOrdinal=1246; payloadBytes=1308; rawTagPayloadSha256=6677f760b4f193be70bee444273ccdfabb842b17f53430704a422bb552d8d7bd; exactTagIdentitySha256=83ca0e86b0336a4b44a520dd23f592c383299a772197eddbf9da23a98b0e4d32; runtime reachability unresolved; placement and bounds unresolved; renderer suitability unresolved
swf-definition-01247,106,,shape,source-assets/flash/HELP MATH_ORIGINAL FILES/HELP_COURSES/ELMGR5/L5/RW/L5RW04.swf,,,0d7e9431cf9c197cf12630d25d49c799d02e5ec1346171e81f5e05ff6626a2d0,DefineShape3,,,none; machine census only; no renderer export,machine-extracted-definition-candidate,owner-provided SWF,container=root; definitionDepth=0; tagOrdinal=1247; payloadBytes=2172; rawTagPayloadSha256=0d7e9431cf9c197cf12630d25d49c799d02e5ec1346171e81f5e05ff6626a2d0; exactTagIdentitySha256=9703fa3ac56afb34e19210ba1a73a1045f1d896855bd8f536e255cd6adfd6d02; runtime reachability unresolved; placement and bounds unresolved; renderer suitability unresolved
swf-definition-01248,107,,shape,source-assets/flash/HELP MATH_ORIGINAL FILES/HELP_COURSES/ELMGR5/L5/RW/L5RW04.swf,,,456b668fb8a1f7b3c9e1f3a3fb0f8b27dbf402b3066b36b212da4a2f32fdf112,DefineShape3,,,none; machine census only; no renderer export,machine-extracted-definition-candidate,owner-provided SWF,container=root; definitionDepth=0; tagOrdinal=1248; payloadBytes=1303; rawTagPayloadSha256=456b668fb8a1f7b3c9e1f3a3fb0f8b27dbf402b3066b36b212da4a2f32fdf112; exactTagIdentitySha256=3e8277cc4e2c5c55666ad88b7f80b6d63b8a75a37485b885a4b928fec97835d0; runtime reachability unresolved; placement and bounds unresolved; renderer suitability unresolved
swf-definition-01249,108,,shape,source-assets/flash/HELP MATH_ORIGINAL FILES/HELP_COURSES/ELMGR5/L5/RW/L5RW04.swf,,,f8ae2531c40391e16bbd98765ce327890f5dc42a957db659d9cb3c8323a115b4,DefineShape3,,,none; machine census only; no renderer export,machine-extracted-definition-candidate,owner-provided SWF,container=root; definitionDepth=0; tagOrdinal=1249; payloadBytes=2189; rawTagPayloadSha256=f8ae2531c40391e16bbd98765ce327890f5dc42a957db659d9cb3c8323a115b4; exactTagIdentitySha256=8db6bd17ddc2c3e2b819f369758ebade9653bbf858b9a82f869958666577fb0e; runtime reachability unresolved; placement and bounds unresolved; renderer suitability unresolved
swf-definition-01250,109,,shape,source-assets/flash/HELP MATH_ORIGINAL FILES/HELP_COURSES/ELMGR5/L5/RW/L5RW04.swf,,,93ef45b9763dfa767df9f78d83bb516238c45075c80b43e17c3cdbaad59f5f3c,DefineShape3,,,none; machine census only; no renderer export,machine-extracted-definition-candidate,owner-provided SWF,container=root; definitionDepth=0; tagOrdinal=1250; payloadBytes=1305; rawTagPayloadSha256=93ef45b9763dfa767df9f78d83bb516238c45075c80b43e17c3cdbaad59f5f3c; exactTagIdentitySha256=4b7d63a8d9e49617af6cf513cdb676598f168d35cfc384e21f5e2d0706eb712a; runtime reachability unresolved; placement and bounds unresolved; renderer suitability unresolved
swf-definition-01251,110,,shape,source-assets/flash/HELP MATH_ORIGINAL FILES/HELP_COURSES/ELMGR5/L5/RW/L5RW04.swf,,,94c04e45a1a6f8d579ad042f6cd70ef4e0462df4f3974a40a4b95be4fc81a856,DefineShape3,,,none; machine census only; no renderer export,machine-extracted-definition-candidate,owner-provided SWF,container=root; definitionDepth=0; tagOrdinal=1251; payloadBytes=2027; rawTagPayloadSha256=94c04e45a1a6f8d579ad042f6cd70ef4e0462df4f3974a40a4b95be4fc81a856; exactTagIdentitySha256=5b3fff2e5ab0cebc87e726642fae09d63f948ce3656238fee6d05568e14d5931; runtime reachability unresolved; placement and bounds unresolved; renderer suitability unresolved
swf-definition-01252,111,,shape,source-assets/flash/HELP MATH_ORIGINAL FILES/HELP_COURSES/ELMGR5/L5/RW/L5RW04.swf,,,d94397b07ae56c8d7d0adb9ce110c556f38c9f340cab8b3df1444b3b46d02fe6,DefineShape3,,,none; machine census only; no renderer export,machine-extracted-definition-candidate,owner-provided SWF,container=root; definitionDepth=0; tagOrdinal=1252; payloadBytes=1309; rawTagPayloadSha256=d94397b07ae56c8d7d0adb9ce110c556f38c9f340cab8b3df1444b3b46d02fe6; exactTagIdentitySha256=4543b914a1dd4208292c32eb8b8e06bed5593846d4eedbf1afc5ccb49d693b7d; runtime reachability unresolved; placement and bounds unresolved; renderer suitability unresolved
swf-definition-01253,112,,shape,source-assets/flash/HELP MATH_ORIGINAL FILES/HELP_COURSES/ELMGR5/L5/RW/L5RW04.swf,,,523213a25d299a9a069942463e1e106c16e374af973bbebe654278420449a8de,DefineShape3,,,none; machine census only; no renderer export,machine-extracted-definition-candidate,owner-provided SWF,container=root; definitionDepth=0; tagOrdinal=1253; payloadBytes=2179; rawTagPayloadSha256=523213a25d299a9a069942463e1e106c16e374af973bbebe654278420449a8de; exactTagIdentitySha256=5b7f29b46563574bfcf23b3de94a1b1e0a3ab1be2211e8e028f294b3efeba83a; runtime reachability unresolved; placement and bounds unresolved; renderer suitability unresolved
swf-definition-01254,113,,shape,source-assets/flash/HELP MATH_ORIGINAL FILES/HELP_COURSES/ELMGR5/L5/RW/L5RW04.swf,,,e08735e530a23ea0464102353a758f6e0a2e7f1dd0ad93cb895dd3b6dbdf4907,DefineShape3,,,none; machine census only; no renderer export,machine-extracted-definition-candidate,owner-provided SWF,container=root; definitionDepth=0; tagOrdinal=1254; payloadBytes=1311; rawTagPayloadSha256=e08735e530a23ea0464102353a758f6e0a2e7f1dd0ad93cb895dd3b6dbdf4907; exactTagIdentitySha256=b671cf81347e64994f6c65e43031316446fc21ebfd385ddf147af7aea3175e57; runtime reachability unresolved; placement and bounds unresolved; renderer suitability unresolved
swf-definition-01255,114,,shape,source-assets/flash/HELP MATH_ORIGINAL FILES/HELP_COURSES/ELMGR5/L5/RW/L5RW04.swf,,,ca130da97c972a527913bac0080440b1f0b8b49c3bcd906c594a52373cf06176,DefineShape3,,,none; machine census only; no renderer export,machine-extracted-definition-candidate,owner-provided SWF,container=root; definitionDepth=0; tagOrdinal=1255; payloadBytes=2170; rawTagPayloadSha256=ca130da97c972a527913bac0080440b1f0b8b49c3bcd906c594a52373cf06176; exactTagIdentitySha256=76335261be26923502cc7eb8851d513f8292a4da53e0e81f83b2b6899574066f; runtime reachability unresolved; placement and bounds unresolved; renderer suitability unresolved
swf-definition-01256,115,,shape,source-assets/flash/HELP MATH_ORIGINAL FILES/HELP_COURSES/ELMGR5/L5/RW/L5RW04.swf,,,118de872477967845192de9276d7dcc1de78171c8d337f7776b53b17c7fc36c4,DefineShape3,,,none; machine census only; no renderer export,machine-extracted-definition-candidate,owner-provided SWF,container=root; definitionDepth=0; tagOrdinal=1256; payloadBytes=4301; rawTagPayloadSha256=118de872477967845192de9276d7dcc1de78171c8d337f7776b53b17c7fc36c4; exactTagIdentitySha256=d533ce3cc0e317f9290da42fb86235b7e14d0b034c865d30ce5eb231b82dc84a; runtime reachability unresolved; placement and bounds unresolved; renderer suitability unresolved
swf-definition-01257,116,,shape,source-assets/flash/HELP MATH_ORIGINAL FILES/HELP_COURSES/ELMGR5/L5/RW/L5RW04.swf,,,7c36cc787a49b61aa695e84fcbb0f8b051b76d1ff9f225bfbb739f76fb635869,DefineShape,,,none; machine census only; no renderer export,machine-extracted-definition-candidate,owner-provided SWF,container=root; definitionDepth=0; tagOrdinal=1257; payloadBytes=215; rawTagPayloadSha256=7c36cc787a49b61aa695e84fcbb0f8b051b76d1ff9f225bfbb739f76fb635869; exactTagIdentitySha256=c1f435fb068801cc6c9d0e215db6f6800aff55b7d2341f1898775a49fdffd00d; runtime reachability unresolved; placement and bounds unresolved; renderer suitability unresolved
swf-definition-01258,117,,shape,source-assets/flash/HELP MATH_ORIGINAL FILES/HELP_COURSES/ELMGR5/L5/RW/L5RW04.swf,,,a5ca1ccf1682707ec92dac1ff529737c50b3106bcf6b1c10f3e17bec85790a7f,DefineShape3,,,none; machine census only; no renderer export,machine-extracted-definition-candidate,owner-provided SWF,container=root; definitionDepth=0; tagOrdinal=1258; payloadBytes=306; rawTagPayloadSha256=a5ca1ccf1682707ec92dac1ff529737c50b3106bcf6b1c10f3e17bec85790a7f; exactTagIdentitySha256=1d0f0d07cd10a3afcd93ec482e11e0e3927c3b1e0e4b1d06d4349905513f5cff; runtime reachability unresolved; placement and bounds unresolved; renderer suitability unresolved
swf-definition-01259,118,,shape,source-assets/flash/HELP MATH_ORIGINAL FILES/HELP_COURSES/ELMGR5/L5/RW/L5RW04.swf,,,fed79e85caced375a414b2c7ffe07ee00a12096812892793ba62d811703e3912,DefineShape3,,,none; machine census only; no renderer export,machine-extracted-definition-candidate,owner-provided SWF,container=root; definitionDepth=0; tagOrdinal=1259; payloadBytes=274; rawTagPayloadSha256=fed79e85caced375a414b2c7ffe07ee00a12096812892793ba62d811703e3912; exactTagIdentitySha256=6c352fa0c033dea1e5efb59deb32873c32dbf78fec87e0e001f5fe3a20d9f8fd; runtime reachability unresolved; placement and bounds unresolved; renderer suitability unresolved
swf-definition-01260,119,,shape,source-assets/flash/HELP MATH_ORIGINAL FILES/HELP_COURSES/ELMGR5/L5/RW/L5RW04.swf,,,2b0b388bff60e9850bbd51ca36ecf18441ccac52f76ee9010e63c1d0a7fda322,DefineShape3,,,none; machine census only; no renderer export,machine-extracted-definition-candidate,owner-provided SWF,container=root; definitionDepth=0; tagOrdinal=1260; payloadBytes=1302; rawTagPayloadSha256=2b0b388bff60e9850bbd51ca36ecf18441ccac52f76ee9010e63c1d0a7fda322; exactTagIdentitySha256=ae6e16b7ecde6a21fb9314bf417ae3a9ca2b490cf012bdff6d6cddd85cbe0f7f; runtime reachability unresolved; placement and bounds unresolved; renderer suitability unresolved
swf-definition-01261,120,,shape,source-assets/flash/HELP MATH_ORIGINAL FILES/HELP_COURSES/ELMGR5/L5/RW/L5RW04.swf,,,9a35913b9f3a4d7f58c76b37258e41c025dae1c42f823b150065acda07cf1b76,DefineShape3,,,none; machine census only; no renderer export,machine-extracted-definition-candidate,owner-provided SWF,container=root; definitionDepth=0; tagOrdinal=1261; payloadBytes=3627; rawTagPayloadSha256=9a35913b9f3a4d7f58c76b37258e41c025dae1c42f823b150065acda07cf1b76; exactTagIdentitySha256=0ecb28ed358d329b7e36d4b96dd35d81bad81c29ac7ffa852f82c204437dd13c; runtime reachability unresolved; placement and bounds unresolved; renderer suitability unresolved
swf-definition-01262,121,,shape,source-assets/flash/HELP MATH_ORIGINAL FILES/HELP_COURSES/ELMGR5/L5/RW/L5RW04.swf,,,e32946700ecb23e5e2b7dc4fd700bbf52dcaf9fb0fbb25ff487097a99ee1bfbd,DefineShape3,,,none; machine census only; no renderer export,machine-extracted-definition-candidate,owner-provided SWF,container=root; definitionDepth=0; tagOrdinal=1262; payloadBytes=141; rawTagPayloadSha256=e32946700ecb23e5e2b7dc4fd700bbf52dcaf9fb0fbb25ff487097a99ee1bfbd; exactTagIdentitySha256=c5dc4fe9ab021430ae8ec845f59ebba2a057e3f9b7eb4ef80fb68c4a442a4dc8; runtime reachability unresolved; placement and bounds unresolved; renderer suitability unresolved
swf-definition-01263,122,,shape,source-assets/flash/HELP MATH_ORIGINAL FILES/HELP_COURSES/ELMGR5/L5/RW/L5RW04.swf,,,4826524b5998243b688558288e68a59863d746a350f1849fe4354b90901d990f,DefineShape3,,,none; machine census only; no renderer export,machine-extracted-definition-candidate,owner-provided SWF,container=root; definitionDepth=0; tagOrdinal=1263; payloadBytes=1313; rawTagPayloadSha256=4826524b5998243b688558288e68a59863d746a350f1849fe4354b90901d990f; exactTagIdentitySha256=a7bee4d34d9a781b5ada20dc9d98f89fe379403d60026ecf89a15d17f1950cb3; runtime reachability unresolved; placement and bounds unresolved; renderer suitability unresolved
swf-definition-01264,123,,shape,source-assets/flash/HELP MATH_ORIGINAL FILES/HELP_COURSES/ELMGR5/L5/RW/L5RW04.swf,,,c1da5b86432c76484e68d9a0a34a45818085f7c543fa50997eada963740080b8,DefineShape3,,,none; machine census only; no renderer export,machine-extracted-definition-candidate,owner-provided SWF,container=root; definitionDepth=0; tagOrdinal=1264; payloadBytes=2498; rawTagPayloadSha256=c1da5b86432c76484e68d9a0a34a45818085f7c543fa50997eada963740080b8; exactTagIdentitySha256=4ccc14b9d4d61d44337503ef910016419e13a6afc5b16086b13caeaf38a0797f; runtime reachability unresolved; placement and bounds unresolved; renderer suitability unresolved
swf-definition-01265,124,,shape,source-assets/flash/HELP MATH_ORIGINAL FILES/HELP_COURSES/ELMGR5/L5/RW/L5RW04.swf,,,e4a6ed465c2f0033d3659c13b025f823f952f20863d1747b60376f08e549b852,DefineShape3,,,none; machine census only; no renderer export,machine-extracted-definition-candidate,owner-provided SWF,container=root; definitionDepth=0; tagOrdinal=1265; payloadBytes=181; rawTagPayloadSha256=e4a6ed465c2f0033d3659c13b025f823f952f20863d1747b60376f08e549b852; exactTagIdentitySha256=e2b318d2df5fdb362fd80f64774d5c4f836f04acb9cd93cb4696d7557a3dccd3; runtime reachability unresolved; placement and bounds unresolved; renderer suitability unresolved
swf-definition-01266,125,,shape,source-assets/flash/HELP MATH_ORIGINAL FILES/HELP_COURSES/ELMGR5/L5/RW/L5RW04.swf,,,04dc22a4db3d9f7d1fbba010b50e5270ea50240114c24a6c1de3e499fafc13a4,DefineShape3,,,none; machine census only; no renderer export,machine-extracted-definition-candidate,owner-provided SWF,container=root; definitionDepth=0; tagOrdinal=1266; payloadBytes=349; rawTagPayloadSha256=04dc22a4db3d9f7d1fbba010b50e5270ea50240114c24a6c1de3e499fafc13a4; exactTagIdentitySha256=228ffe6e9d229fcd7f2ed75daa7beca981d5e4bc4211768a7d43e023409a53bf; runtime reachability unresolved; placement and bounds unresolved; renderer suitability unresolved
swf-definition-01267,126,,shape,source-assets/flash/HELP MATH_ORIGINAL FILES/HELP_COURSES/ELMGR5/L5/RW/L5RW04.swf,,,7fcf83636c80dfc88d9c133a314e998eb0e57f71d7719f39e47384cf752c9f05,DefineShape3,,,none; machine census only; no renderer export,machine-extracted-definition-candidate,owner-provided SWF,container=root; definitionDepth=0; tagOrdinal=1267; payloadBytes=241; rawTagPayloadSha256=7fcf83636c80dfc88d9c133a314e998eb0e57f71d7719f39e47384cf752c9f05; exactTagIdentitySha256=6e79451d7b0afa1094f3b0e6ada17527aba24aa5d8e971c96024046e6a033b9d; runtime reachability unresolved; placement and bounds unresolved; renderer suitability unresolved
swf-definition-01268,127,,shape,source-assets/flash/HELP MATH_ORIGINAL FILES/HELP_COURSES/ELMGR5/L5/RW/L5RW04.swf,,,1297ac386f5ab0450cb88cc17c340b7f8897654d4e15948bb1ae272e9431c064,DefineShape3,,,none; machine census only; no renderer export,machine-extracted-definition-candidate,owner-provided SWF,container=root; definitionDepth=0; tagOrdinal=1268; payloadBytes=106; rawTagPayloadSha256=1297ac386f5ab0450cb88cc17c340b7f8897654d4e15948bb1ae272e9431c064; exactTagIdentitySha256=2941a40758913e4a0c59bc0abf807158c84be7b6809f9fe532787b392e8af38d; runtime reachability unresolved; placement and bounds unresolved; renderer suitability unresolved
swf-definition-01269,128,,shape,source-assets/flash/HELP MATH_ORIGINAL FILES/HELP_COURSES/ELMGR5/L5/RW/L5RW04.swf,,,b89029b423d58731e7cfd36659c285911da6a0d0be88c39f727012810fbd6689,DefineShape3,,,none; machine census only; no renderer export,machine-extracted-definition-candidate,owner-provided SWF,container=root; definitionDepth=0; tagOrdinal=1269; payloadBytes=181; rawTagPayloadSha256=b89029b423d58731e7cfd36659c285911da6a0d0be88c39f727012810fbd6689; exactTagIdentitySha256=883924804eb3ea3a55b773c73cded6daab6bff557bb4737d57827f45fd1a9b93; runtime reachability unresolved; placement and bounds unresolved; renderer suitability unresolved
swf-definition-01270,129,,sprite,source-assets/flash/HELP MATH_ORIGINAL FILES/HELP_COURSES/ELMGR5/L5/RW/L5RW04.swf,,,9ac2d278bfac781caf7d4f23af5aaa00afd7cb7e77f275abca87abab0d0b002e,DefineSprite,,,none; machine census only; no renderer export,machine-extracted-definition-candidate,owner-provided SWF,container=root; definitionDepth=0; tagOrdinal=1270; payloadBytes=103; rawTagPayloadSha256=9ac2d278bfac781caf7d4f23af5aaa00afd7cb7e77f275abca87abab0d0b002e; exactTagIdentitySha256=cb923c45b8a3b47732136df365b9f666ae479f9212b7b7858a92891a5b88ada2; declaredFrameCount=22; runtime reachability unresolved; placement and bounds unresolved; renderer suitability unresolved
swf-definition-01302,130,,shape,source-assets/flash/HELP MATH_ORIGINAL FILES/HELP_COURSES/ELMGR5/L5/RW/L5RW04.swf,,,4cbb270663775b36511b739290d7ec28548963332c296f8d1154352d3f4dde8b,DefineShape3,,,none; machine census only; no renderer export,machine-extracted-definition-candidate,owner-provided SWF,container=root; definitionDepth=0; tagOrdinal=1302; payloadBytes=1277; rawTagPayloadSha256=4cbb270663775b36511b739290d7ec28548963332c296f8d1154352d3f4dde8b; exactTagIdentitySha256=6eb248be85caf29e3901354bc5c6c0694e40ea7993e8dd6b4eee8485995ef1d1; runtime reachability unresolved; placement and bounds unresolved; renderer suitability unresolved
swf-definition-01303,131,,shape,source-assets/flash/HELP MATH_ORIGINAL FILES/HELP_COURSES/ELMGR5/L5/RW/L5RW04.swf,,,23fd8bc647d86f5343d26b8d1d45f2d05b73a0de682d02a2e4c9612240a853d5,DefineShape3,,,none; machine census only; no renderer export,machine-extracted-definition-candidate,owner-provided SWF,container=root; definitionDepth=0; tagOrdinal=1303; payloadBytes=3015; rawTagPayloadSha256=23fd8bc647d86f5343d26b8d1d45f2d05b73a0de682d02a2e4c9612240a853d5; exactTagIdentitySha256=34cf6adb102a6fa329377605e889edd0223ede4fa326b2d20ad03de5e8a7e819; runtime reachability unresolved; placement and bounds unresolved; renderer suitability unresolved
swf-definition-01304,132,,shape,source-assets/flash/HELP MATH_ORIGINAL FILES/HELP_COURSES/ELMGR5/L5/RW/L5RW04.swf,,,9a5071941f0fe329d1e3a1fbde9e1ce2b4d5959ee73aee87251661077fad5dc6,DefineShape3,,,none; machine census only; no renderer export,machine-extracted-definition-candidate,owner-provided SWF,container=root; definitionDepth=0; tagOrdinal=1304; payloadBytes=1383; rawTagPayloadSha256=9a5071941f0fe329d1e3a1fbde9e1ce2b4d5959ee73aee87251661077fad5dc6; exactTagIdentitySha256=697bf82076a764a94e72e0f3a88b572a0baffabd3a418fd1398479dd76e3d3ce; runtime reachability unresolved; placement and bounds unresolved; renderer suitability unresolved
swf-definition-01305,133,,shape,source-assets/flash/HELP MATH_ORIGINAL FILES/HELP_COURSES/ELMGR5/L5/RW/L5RW04.swf,,,1a3f8bbe84c49aa15e6f1c55e02d90b6246adddc00c465dc7983cbc4e535a12b,DefineShape3,,,none; machine census only; no renderer export,machine-extracted-definition-candidate,owner-provided SWF,container=root; definitionDepth=0; tagOrdinal=1305; payloadBytes=2480; rawTagPayloadSha256=1a3f8bbe84c49aa15e6f1c55e02d90b6246adddc00c465dc7983cbc4e535a12b; exactTagIdentitySha256=624fc5bb9f140148461245a539555b21cda592aeb7be1118e4bd63d39303c77d; runtime reachability unresolved; placement and bounds unresolved; renderer suitability unresolved
swf-definition-01306,134,,shape,source-assets/flash/HELP MATH_ORIGINAL FILES/HELP_COURSES/ELMGR5/L5/RW/L5RW04.swf,,,a11626f13fc64779e6afd93538bf451028c0ef09b0465065b67fa2f0842de8e2,DefineShape3,,,none; machine census only; no renderer export,machine-extracted-definition-candidate,owner-provided SWF,container=root; definitionDepth=0; tagOrdinal=1306; payloadBytes=1280; rawTagPayloadSha256=a11626f13fc64779e6afd93538bf451028c0ef09b0465065b67fa2f0842de8e2; exactTagIdentitySha256=9a8f0b2f2b8da4282f71ad8666554b89e488466afe916345053e023caddd2360; runtime reachability unresolved; placement and bounds unresolved; renderer suitability unresolved
swf-definition-01307,135,,shape,source-assets/flash/HELP MATH_ORIGINAL FILES/HELP_COURSES/ELMGR5/L5/RW/L5RW04.swf,,,c8e27511c7b1fcf5868a870cce5b84149277a085cd6ffda6973b0c8e082c12f8,DefineShape3,,,none; machine census only; no renderer export,machine-extracted-definition-candidate,owner-provided SWF,container=root; definitionDepth=0; tagOrdinal=1307; payloadBytes=948; rawTagPayloadSha256=c8e27511c7b1fcf5868a870cce5b84149277a085cd6ffda6973b0c8e082c12f8; exactTagIdentitySha256=dc361a8b493410a636f62985b0d0a9238b38743af8003acef20d5722c088dfe3; runtime reachability unresolved; placement and bounds unresolved; renderer suitability unresolved
swf-definition-01308,136,,shape,source-assets/flash/HELP MATH_ORIGINAL FILES/HELP_COURSES/ELMGR5/L5/RW/L5RW04.swf,,,d263708bf87c2f0225b3aa13dc1d48f3d87a6b5fa52df21267d9f2cb1684cded,DefineShape3,,,none; machine census only; no renderer export,machine-extracted-definition-candidate,owner-provided SWF,container=root; definitionDepth=0; tagOrdinal=1308; payloadBytes=1535; rawTagPayloadSha256=d263708bf87c2f0225b3aa13dc1d48f3d87a6b5fa52df21267d9f2cb1684cded; exactTagIdentitySha256=0a30a90c227ff379b5b701582d51fd21f18c1fe6f3648b45c71c992696d3029d; runtime reachability unresolved; placement and bounds unresolved; renderer suitability unresolved
swf-definition-01309,137,,shape,source-assets/flash/HELP MATH_ORIGINAL FILES/HELP_COURSES/ELMGR5/L5/RW/L5RW04.swf,,,62b60ed313e515443fee2323f9d78b5b9f492c33e5a634f3f4ae189e1a9086c0,DefineShape3,,,none; machine census only; no renderer export,machine-extracted-definition-candidate,owner-provided SWF,container=root; definitionDepth=0; tagOrdinal=1309; payloadBytes=691; rawTagPayloadSha256=62b60ed313e515443fee2323f9d78b5b9f492c33e5a634f3f4ae189e1a9086c0; exactTagIdentitySha256=d7c6c71812c7aeacd850c4e40a3637b77bc433f035149dd39d6a2374758b072e; runtime reachability unresolved; placement and bounds unresolved; renderer suitability unresolved
swf-definition-01310,138,,shape,source-assets/flash/HELP MATH_ORIGINAL FILES/HELP_COURSES/ELMGR5/L5/RW/L5RW04.swf,,,11da9932480c3513f9f86245162f31a3ede0698747334e3fcc43e35f726b7eb3,DefineShape3,,,none; machine census only; no renderer export,machine-extracted-definition-candidate,owner-provided SWF,container=root; definitionDepth=0; tagOrdinal=1310; payloadBytes=1316; rawTagPayloadSha256=11da9932480c3513f9f86245162f31a3ede0698747334e3fcc43e35f726b7eb3; exactTagIdentitySha256=1dede2be85dd5cf6b0278d83e562349d22d2d4fa5840c478167e17ce23a87363; runtime reachability unresolved; placement and bounds unresolved; renderer suitability unresolved
swf-definition-01311,139,,shape,source-assets/flash/HELP MATH_ORIGINAL FILES/HELP_COURSES/ELMGR5/L5/RW/L5RW04.swf,,,b9c206e28ca7a39ccafee196b2177e4019f95b47e3ff1e9a9e9f3718dd10281d,DefineShape3,,,none; machine census only; no renderer export,machine-extracted-definition-candidate,owner-provided SWF,container=root; definitionDepth=0; tagOrdinal=1311; payloadBytes=2411; rawTagPayloadSha256=b9c206e28ca7a39ccafee196b2177e4019f95b47e3ff1e9a9e9f3718dd10281d; exactTagIdentitySha256=2f96ad22bf18241329af8a0e3b63c27ea3dd0da4f29228a8d584729798e3a247; runtime reachability unresolved; placement and bounds unresolved; renderer suitability unresolved
swf-definition-01312,140,,shape,source-assets/flash/HELP MATH_ORIGINAL FILES/HELP_COURSES/ELMGR5/L5/RW/L5RW04.swf,,,979147ea7ee493507ef6149f6d88d023280b7cbc8f6f7b5d2697a580fbd499a9,DefineShape3,,,none; machine census only; no renderer export,machine-extracted-definition-candidate,owner-provided SWF,container=root; definitionDepth=0; tagOrdinal=1312; payloadBytes=1346; rawTagPayloadSha256=979147ea7ee493507ef6149f6d88d023280b7cbc8f6f7b5d2697a580fbd499a9; exactTagIdentitySha256=0ba58e3ec19fc2a3aaa14269b412d983592638e3b70955c237cf42bdf491391d; runtime reachability unresolved; placement and bounds unresolved; renderer suitability unresolved
swf-definition-01313,141,,shape,source-assets/flash/HELP MATH_ORIGINAL FILES/HELP_COURSES/ELMGR5/L5/RW/L5RW04.swf,,,83783e80ea5e827f1aa4fb307a58ce274ec438a9de1ea6f1c6ae3a6cd6c19f6b,DefineShape3,,,none; machine census only; no renderer export,machine-extracted-definition-candidate,owner-provided SWF,container=root; definitionDepth=0; tagOrdinal=1313; payloadBytes=1306; rawTagPayloadSha256=83783e80ea5e827f1aa4fb307a58ce274ec438a9de1ea6f1c6ae3a6cd6c19f6b; exactTagIdentitySha256=ff46e8f1c14e9cbd92bc08641e5a2b8811ae55af5dd41a3f80a705af44e5a64c; runtime reachability unresolved; placement and bounds unresolved; renderer suitability unresolved
swf-definition-01314,142,,shape,source-assets/flash/HELP MATH_ORIGINAL FILES/HELP_COURSES/ELMGR5/L5/RW/L5RW04.swf,,,39b48374a23b2a0a7a603feac72ac5bdf042c9befedf870b81ed9869731e7cb0,DefineShape3,,,none; machine census only; no renderer export,machine-extracted-definition-candidate,owner-provided SWF,container=root; definitionDepth=0; tagOrdinal=1314; payloadBytes=2183; rawTagPayloadSha256=39b48374a23b2a0a7a603feac72ac5bdf042c9befedf870b81ed9869731e7cb0; exactTagIdentitySha256=63cb3dc4328983d47a862b3dcb70ed8be0977a1803681e63c9548068154c7e5e; runtime reachability unresolved; placement and bounds unresolved; renderer suitability unresolved
swf-definition-01315,143,,shape,source-assets/flash/HELP MATH_ORIGINAL FILES/HELP_COURSES/ELMGR5/L5/RW/L5RW04.swf,,,8a0bf6a8d873e42e5fcc74dbe71b31ce49dd2293370997bfc5667a61cedb68da,DefineShape3,,,none; machine census only; no renderer export,machine-extracted-definition-candidate,owner-provided SWF,container=root; definitionDepth=0; tagOrdinal=1315; payloadBytes=1358; rawTagPayloadSha256=8a0bf6a8d873e42e5fcc74dbe71b31ce49dd2293370997bfc5667a61cedb68da; exactTagIdentitySha256=cba7ce0b9fe880b1409dc7d1855970137864ea5bfb23637fac4e5cc573e131f0; runtime reachability unresolved; placement and bounds unresolved; renderer suitability unresolved
swf-definition-01316,144,,shape,source-assets/flash/HELP MATH_ORIGINAL FILES/HELP_COURSES/ELMGR5/L5/RW/L5RW04.swf,,,85b41f9effa281230427360f150a46fb3e56056051be8538b3bb73f76aa5659c,DefineShape3,,,none; machine census only; no renderer export,machine-extracted-definition-candidate,owner-provided SWF,container=root; definitionDepth=0; tagOrdinal=1316; payloadBytes=2175; rawTagPayloadSha256=85b41f9effa281230427360f150a46fb3e56056051be8538b3bb73f76aa5659c; exactTagIdentitySha256=a4e939eb86e1a59f25d5d8b0fd4e991f537414a55ab8e21f562ffc770bd536fe; runtime reachability unresolved; placement and bounds unresolved; renderer suitability unresolved
swf-definition-01317,145,,shape,source-assets/flash/HELP MATH_ORIGINAL FILES/HELP_COURSES/ELMGR5/L5/RW/L5RW04.swf,,,00805cff7f08fe25789185a9f503abcf4dec784c73a0ef80a10f43dc875029c8,DefineShape3,,,none; machine census only; no renderer export,machine-extracted-definition-candidate,owner-provided SWF,container=root; definitionDepth=0; tagOrdinal=1317; payloadBytes=2996; rawTagPayloadSha256=00805cff7f08fe25789185a9f503abcf4dec784c73a0ef80a10f43dc875029c8; exactTagIdentitySha256=90842a6cdfab3244fdd5db818e65458d098172276c3d6bdcbbb17f1e0f014799; runtime reachability unresolved; placement and bounds unresolved; renderer suitability unresolved
swf-definition-01318,146,,shape,source-assets/flash/HELP MATH_ORIGINAL FILES/HELP_COURSES/ELMGR5/L5/RW/L5RW04.swf,,,9755bd0a426120c375f4d1180b269d6d73baa1add227ddd162a022161d0aeeaa,DefineShape3,,,none; machine census only; no renderer export,machine-extracted-definition-candidate,owner-provided SWF,container=root; definitionDepth=0; tagOrdinal=1318; payloadBytes=1357; rawTagPayloadSha256=9755bd0a426120c375f4d1180b269d6d73baa1add227ddd162a022161d0aeeaa; exactTagIdentitySha256=cefd4bf0dd826ef95394a2c088f09d58f8158ec560c1ec420a99f256bdf4c6eb; runtime reachability unresolved; placement and bounds unresolved; renderer suitability unresolved
swf-definition-01319,147,,shape,source-assets/flash/HELP MATH_ORIGINAL FILES/HELP_COURSES/ELMGR5/L5/RW/L5RW04.swf,,,9e1b9a6686b8c0b70be384d498dfd1278c0096e7c99ef36d342c5150cf6c8776,DefineShape3,,,none; machine census only; no renderer export,machine-extracted-definition-candidate,owner-provided SWF,container=root; definitionDepth=0; tagOrdinal=1319; payloadBytes=2186; rawTagPayloadSha256=9e1b9a6686b8c0b70be384d498dfd1278c0096e7c99ef36d342c5150cf6c8776; exactTagIdentitySha256=f3c2b9f3dfeab04d35301ac908b74dece4b8570abaaa1e291a7cf835cf18da6a; runtime reachability unresolved; placement and bounds unresolved; renderer suitability unresolved
swf-definition-01320,148,,shape,source-assets/flash/HELP MATH_ORIGINAL FILES/HELP_COURSES/ELMGR5/L5/RW/L5RW04.swf,,,eff805c9c807d63905f06d040ad268056eef95e6a9dbc9c34e163f14d0731425,DefineShape3,,,none; machine census only; no renderer export,machine-extracted-definition-candidate,owner-provided SWF,container=root; definitionDepth=0; tagOrdinal=1320; payloadBytes=2998; rawTagPayloadSha256=eff805c9c807d63905f06d040ad268056eef95e6a9dbc9c34e163f14d0731425; exactTagIdentitySha256=801e047be70d0bc0d94876481e30580a9f670da8361a741c4467cf06dbc60424; runtime reachability unresolved; placement and bounds unresolved; renderer suitability unresolved
swf-definition-01321,149,,shape,source-assets/flash/HELP MATH_ORIGINAL FILES/HELP_COURSES/ELMGR5/L5/RW/L5RW04.swf,,,19a4b5c13561f399cd9378a68d120ee7c4313a4571e5f9e751566baa8f2d3460,DefineShape3,,,none; machine census only; no renderer export,machine-extracted-definition-candidate,owner-provided SWF,container=root; definitionDepth=0; tagOrdinal=1321; payloadBytes=1311; rawTagPayloadSha256=19a4b5c13561f399cd9378a68d120ee7c4313a4571e5f9e751566baa8f2d3460; exactTagIdentitySha256=e6890701e7b6747b18dca61461eb7313ccc98b3d602377986ca6e16a04b22951; runtime reachability unresolved; placement and bounds unresolved; renderer suitability unresolved
swf-definition-01322,150,,shape,source-assets/flash/HELP MATH_ORIGINAL FILES/HELP_COURSES/ELMGR5/L5/RW/L5RW04.swf,,,b384648ac47cb3850d2d705743437ea08aec92bf7a80de2c218d011a1beac50b,DefineShape3,,,none; machine census only; no renderer export,machine-extracted-definition-candidate,owner-provided SWF,container=root; definitionDepth=0; tagOrdinal=1322; payloadBytes=2165; rawTagPayloadSha256=b384648ac47cb3850d2d705743437ea08aec92bf7a80de2c218d011a1beac50b; exactTagIdentitySha256=0630a894ec10388cf0ee59a07b5a5c2a207f48743a2a56011ac972871cbcaa25; runtime reachability unresolved; placement and bounds unresolved; renderer suitability unresolved
swf-definition-01323,151,,shape,source-assets/flash/HELP MATH_ORIGINAL FILES/HELP_COURSES/ELMGR5/L5/RW/L5RW04.swf,,,e8064330a912490de2cfd539d1d18ee727ff5df0fc011554a51e6d31c4225b36,DefineShape3,,,none; machine census only; no renderer export,machine-extracted-definition-candidate,owner-provided SWF,container=root; definitionDepth=0; tagOrdinal=1323; payloadBytes=2984; rawTagPayloadSha256=e8064330a912490de2cfd539d1d18ee727ff5df0fc011554a51e6d31c4225b36; exactTagIdentitySha256=65912580ba1957de6695c5d13ebb73e3477f78a9f27d392a865386ea4464b14d; runtime reachability unresolved; placement and bounds unresolved; renderer suitability unresolved
swf-definition-01324,152,,shape,source-assets/flash/HELP MATH_ORIGINAL FILES/HELP_COURSES/ELMGR5/L5/RW/L5RW04.swf,,,61e9bb3f3a126d6a12d3be62bc67e015e3fbbcbc02cb10b7629f3b6683d5ea62,DefineShape3,,,none; machine census only; no renderer export,machine-extracted-definition-candidate,owner-provided SWF,container=root; definitionDepth=0; tagOrdinal=1324; payloadBytes=1305; rawTagPayloadSha256=61e9bb3f3a126d6a12d3be62bc67e015e3fbbcbc02cb10b7629f3b6683d5ea62; exactTagIdentitySha256=555df9c8d0bbfdc6d5e09e5af89ba3820f05194bef5b3e6451ade9e183393ac3; runtime reachability unresolved; placement and bounds unresolved; renderer suitability unresolved
swf-definition-01325,153,,shape,source-assets/flash/HELP MATH_ORIGINAL FILES/HELP_COURSES/ELMGR5/L5/RW/L5RW04.swf,,,f4cc130242c66576c318c01fa1ed818fac340741e55bf8e79986dd912ee8a912,DefineShape3,,,none; machine census only; no renderer export,machine-extracted-definition-candidate,owner-provided SWF,container=root; definitionDepth=0; tagOrdinal=1325; payloadBytes=2188; rawTagPayloadSha256=f4cc130242c66576c318c01fa1ed818fac340741e55bf8e79986dd912ee8a912; exactTagIdentitySha256=389bdef3c64d9eddfb77f75e7f07ebbf2a84f1b9c9ef8b6b8bc5d5cd8ab4ff71; runtime reachability unresolved; placement and bounds unresolved; renderer suitability unresolved
swf-definition-01326,154,,shape,source-assets/flash/HELP MATH_ORIGINAL FILES/HELP_COURSES/ELMGR5/L5/RW/L5RW04.swf,,,c501bb1f0722115f4e3f129e8cfae19abbae6fe4e5fd8fb6a7068f0de6668bf9,DefineShape3,,,none; machine census only; no renderer export,machine-extracted-definition-candidate,owner-provided SWF,container=root; definitionDepth=0; tagOrdinal=1326; payloadBytes=1297; rawTagPayloadSha256=c501bb1f0722115f4e3f129e8cfae19abbae6fe4e5fd8fb6a7068f0de6668bf9; exactTagIdentitySha256=13a67ac434bcaaf64fec10c3b5890ad2b3e33f1a67c9c942ad0cd4526c4b4626; runtime reachability unresolved; placement and bounds unresolved; renderer suitability unresolved
swf-definition-01327,155,,shape,source-assets/flash/HELP MATH_ORIGINAL FILES/HELP_COURSES/ELMGR5/L5/RW/L5RW04.swf,,,0ac8cc73065587450bfc0b0675823d50fb977f2eda39b4fe5bcf911c6c90c4a6,DefineShape3,,,none; machine census only; no renderer export,machine-extracted-definition-candidate,owner-provided SWF,container=root; definitionDepth=0; tagOrdinal=1327; payloadBytes=2188; rawTagPayloadSha256=0ac8cc73065587450bfc0b0675823d50fb977f2eda39b4fe5bcf911c6c90c4a6; exactTagIdentitySha256=b933cb7c5714f752231234ab2f4f032509ed80d2b8903d9c9b54cce9acd3e11a; runtime reachability unresolved; placement and bounds unresolved; renderer suitability unresolved
swf-definition-01328,156,,shape,source-assets/flash/HELP MATH_ORIGINAL FILES/HELP_COURSES/ELMGR5/L5/RW/L5RW04.swf,,,d1d85c1564e32d5a3e9373769822c030ec41df9d47fddabddcc4b00e5d4246f5,DefineShape3,,,none; machine census only; no renderer export,machine-extracted-definition-candidate,owner-provided SWF,container=root; definitionDepth=0; tagOrdinal=1328; payloadBytes=1322; rawTagPayloadSha256=d1d85c1564e32d5a3e9373769822c030ec41df9d47fddabddcc4b00e5d4246f5; exactTagIdentitySha256=d54169a48810e1112b3bae16c0570337d79db57efa581c78a0b71a197fa1aa7e; runtime reachability unresolved; placement and bounds unresolved; renderer suitability unresolved
swf-definition-01329,157,,shape,source-assets/flash/HELP MATH_ORIGINAL FILES/HELP_COURSES/ELMGR5/L5/RW/L5RW04.swf,,,e7aa3fe6753d9a1214ec293773a06cc297b4676690fc6fab52b3a1790adffaeb,DefineShape3,,,none; machine census only; no renderer export,machine-extracted-definition-candidate,owner-provided SWF,container=root; definitionDepth=0; tagOrdinal=1329; payloadBytes=1497; rawTagPayloadSha256=e7aa3fe6753d9a1214ec293773a06cc297b4676690fc6fab52b3a1790adffaeb; exactTagIdentitySha256=57d69d923c6b24105b6bc972b13eb86cf3e62946ef501e8df833416a81551c40; runtime reachability unresolved; placement and bounds unresolved; renderer suitability unresolved
swf-definition-01330,158,,shape,source-assets/flash/HELP MATH_ORIGINAL FILES/HELP_COURSES/ELMGR5/L5/RW/L5RW04.swf,,,620d5d94023128cc2e50c346048f046f7ee1edf75000d37237a8828d4b8f3782,DefineShape3,,,none; machine census only; no renderer export,machine-extracted-definition-candidate,owner-provided SWF,container=root; definitionDepth=0; tagOrdinal=1330; payloadBytes=710; rawTagPayloadSha256=620d5d94023128cc2e50c346048f046f7ee1edf75000d37237a8828d4b8f3782; exactTagIdentitySha256=f544879f1255ba100939f2ca5145574afd78b1d6ab1be66c56f23172ec596f31; runtime reachability unresolved; placement and bounds unresolved; renderer suitability unresolved
swf-definition-01331,159,,shape,source-assets/flash/HELP MATH_ORIGINAL FILES/HELP_COURSES/ELMGR5/L5/RW/L5RW04.swf,,,10fc4d987a64936acab871742b67c7ca27ddaec0b1833e7d2a0223cab87b68b3,DefineShape3,,,none; machine census only; no renderer export,machine-extracted-definition-candidate,owner-provided SWF,container=root; definitionDepth=0; tagOrdinal=1331; payloadBytes=1007; rawTagPayloadSha256=10fc4d987a64936acab871742b67c7ca27ddaec0b1833e7d2a0223cab87b68b3; exactTagIdentitySha256=e064b177febf08874fee0531ab1d7c410ed0534709f451e6e3bc8d9417ef7278; runtime reachability unresolved; placement and bounds unresolved; renderer suitability unresolved
swf-definition-01332,160,,shape,source-assets/flash/HELP MATH_ORIGINAL FILES/HELP_COURSES/ELMGR5/L5/RW/L5RW04.swf,,,5cd4533004097654ee26a91d62bdaeee9acd51709f4382ad63f65cc404f1a0f3,DefineShape3,,,none; machine census only; no renderer export,machine-extracted-definition-candidate,owner-provided SWF,container=root; definitionDepth=0; tagOrdinal=1332; payloadBytes=1496; rawTagPayloadSha256=5cd4533004097654ee26a91d62bdaeee9acd51709f4382ad63f65cc404f1a0f3; exactTagIdentitySha256=4621e89f5b00f39471a49136d0b91da3970708b8bb232cb716afaabd246b5f94; runtime reachability unresolved; placement and bounds unresolved; renderer suitability unresolved
swf-definition-01333,161,,shape,source-assets/flash/HELP MATH_ORIGINAL FILES/HELP_COURSES/ELMGR5/L5/RW/L5RW04.swf,,,e61cfbee0c7b2bc258a35fb0470722f241b412d7d314709cb64bfb9d5b2c4aab,DefineShape3,,,none; machine census only; no renderer export,machine-extracted-definition-candidate,owner-provided SWF,container=root; definitionDepth=0; tagOrdinal=1333; payloadBytes=695; rawTagPayloadSha256=e61cfbee0c7b2bc258a35fb0470722f241b412d7d314709cb64bfb9d5b2c4aab; exactTagIdentitySha256=9f0ec6d01cb93dc149ba0b1c46bdaf42f52d51cfaeb6116b9374663516c1614d; runtime reachability unresolved; placement and bounds unresolved; renderer suitability unresolved
swf-definition-01334,162,,shape,source-assets/flash/HELP MATH_ORIGINAL FILES/HELP_COURSES/ELMGR5/L5/RW/L5RW04.swf,,,359a153ddb319fd85b252f0725476729e49a3f2f22159b682220a2a92588cce4,DefineShape3,,,none; machine census only; no renderer export,machine-extracted-definition-candidate,owner-provided SWF,container=root; definitionDepth=0; tagOrdinal=1334; payloadBytes=948; rawTagPayloadSha256=359a153ddb319fd85b252f0725476729e49a3f2f22159b682220a2a92588cce4; exactTagIdentitySha256=2bd8d31f7497172a39409bd42854fa5460800ae6425a79e66a6d50f9be471e8b; runtime reachability unresolved; placement and bounds unresolved; renderer suitability unresolved
swf-definition-01335,163,,shape,source-assets/flash/HELP MATH_ORIGINAL FILES/HELP_COURSES/ELMGR5/L5/RW/L5RW04.swf,,,10406ec63c49282699e11c557115ffb6af2dd1dbe9238b3d734133c444e1f70d,DefineShape3,,,none; machine census only; no renderer export,machine-extracted-definition-candidate,owner-provided SWF,container=root; definitionDepth=0; tagOrdinal=1335; payloadBytes=1486; rawTagPayloadSha256=10406ec63c49282699e11c557115ffb6af2dd1dbe9238b3d734133c444e1f70d; exactTagIdentitySha256=82d97d22b6f8f925238c9ddcff8a5ee52730d9336f6302584069c793afc88a0b; runtime reachability unresolved; placement and bounds unresolved; renderer suitability unresolved
swf-definition-01336,164,,shape,source-assets/flash/HELP MATH_ORIGINAL FILES/HELP_COURSES/ELMGR5/L5/RW/L5RW04.swf,,,21effe30514fc755e0ec3241e4b33c31196d9d191176e596c7d17ba9082def81,DefineShape3,,,none; machine census only; no renderer export,machine-extracted-definition-candidate,owner-provided SWF,container=root; definitionDepth=0; tagOrdinal=1336; payloadBytes=701; rawTagPayloadSha256=21effe30514fc755e0ec3241e4b33c31196d9d191176e596c7d17ba9082def81; exactTagIdentitySha256=617877e9c70571e29383fa836007558afe5b492abd00344f937b9e99e07e2200; runtime reachability unresolved; placement and bounds unresolved; renderer suitability unresolved
swf-definition-01337,165,,shape,source-assets/flash/HELP MATH_ORIGINAL FILES/HELP_COURSES/ELMGR5/L5/RW/L5RW04.swf,,,d2857a7242aef66c9a41352b80ee3e6a143c239b05f356b39b9d14d94befe17f,DefineShape3,,,none; machine census only; no renderer export,machine-extracted-definition-candidate,owner-provided SWF,container=root; definitionDepth=0; tagOrdinal=1337; payloadBytes=953; rawTagPayloadSha256=d2857a7242aef66c9a41352b80ee3e6a143c239b05f356b39b9d14d94befe17f; exactTagIdentitySha256=0cf83702741eabb478b5ba92c91000340473d82efb03c7338675feed477a1593; runtime reachability unresolved; placement and bounds unresolved; renderer suitability unresolved
swf-definition-01338,166,,shape,source-assets/flash/HELP MATH_ORIGINAL FILES/HELP_COURSES/ELMGR5/L5/RW/L5RW04.swf,,,132a1a9a4a2c95174be85fc4f362344dc1f28fe2715c8da7d423b230b5d16fb9,DefineShape3,,,none; machine census only; no renderer export,machine-extracted-definition-candidate,owner-provided SWF,container=root; definitionDepth=0; tagOrdinal=1338; payloadBytes=1503; rawTagPayloadSha256=132a1a9a4a2c95174be85fc4f362344dc1f28fe2715c8da7d423b230b5d16fb9; exactTagIdentitySha256=90ea3c44ecee4172ac9cd372e2ebf4c1abbb72fb64ce0bc857d10389d58bdc7e; runtime reachability unresolved; placement and bounds unresolved; renderer suitability unresolved
swf-definition-01339,167,,shape,source-assets/flash/HELP MATH_ORIGINAL FILES/HELP_COURSES/ELMGR5/L5/RW/L5RW04.swf,,,d5bcd4f12e74ca73b07828f80b7cb5764413aad46600df980d6d4f872103c859,DefineShape3,,,none; machine census only; no renderer export,machine-extracted-definition-candidate,owner-provided SWF,container=root; definitionDepth=0; tagOrdinal=1339; payloadBytes=708; rawTagPayloadSha256=d5bcd4f12e74ca73b07828f80b7cb5764413aad46600df980d6d4f872103c859; exactTagIdentitySha256=56fd92add6a9d261da4f566278fea332c26169fdfcee9402107a3d4531c3152b; runtime reachability unresolved; placement and bounds unresolved; renderer suitability unresolved
swf-definition-01340,168,,shape,source-assets/flash/HELP MATH_ORIGINAL FILES/HELP_COURSES/ELMGR5/L5/RW/L5RW04.swf,,,64ca9cfab4ea08cc89148698783b0f77d570db94e1c02480178dcadfe55d6a38,DefineShape3,,,none; machine census only; no renderer export,machine-extracted-definition-candidate,owner-provided SWF,container=root; definitionDepth=0; tagOrdinal=1340; payloadBytes=952; rawTagPayloadSha256=64ca9cfab4ea08cc89148698783b0f77d570db94e1c02480178dcadfe55d6a38; exactTagIdentitySha256=63663b1a724467afe73dd3310a62a4c6e7feeb2911f5be64a1c9d441063cdf06; runtime reachability unresolved; placement and bounds unresolved; renderer suitability unresolved
swf-definition-01341,169,,shape,source-assets/flash/HELP MATH_ORIGINAL FILES/HELP_COURSES/ELMGR5/L5/RW/L5RW04.swf,,,2f76b4df9f45cfe2b7dfff7311d698d5378bba6d447084a164ee5eeb026d49cc,DefineShape3,,,none; machine census only; no renderer export,machine-extracted-definition-candidate,owner-provided SWF,container=root; definitionDepth=0; tagOrdinal=1341; payloadBytes=1507; rawTagPayloadSha256=2f76b4df9f45cfe2b7dfff7311d698d5378bba6d447084a164ee5eeb026d49cc; exactTagIdentitySha256=7a63397f7a77b1df9f73c80efa7ada06cba95bf5afd0d6e86668152ebeec08d1; runtime reachability unresolved; placement and bounds unresolved; renderer suitability unresolved
swf-definition-01342,170,,shape,source-assets/flash/HELP MATH_ORIGINAL FILES/HELP_COURSES/ELMGR5/L5/RW/L5RW04.swf,,,5753b294bcf8f7806a6a738ecedfd33f466417ad348efb0bb98ff3c783df9bc0,DefineShape3,,,none; machine census only; no renderer export,machine-extracted-definition-candidate,owner-provided SWF,container=root; definitionDepth=0; tagOrdinal=1342; payloadBytes=706; rawTagPayloadSha256=5753b294bcf8f7806a6a738ecedfd33f466417ad348efb0bb98ff3c783df9bc0; exactTagIdentitySha256=a74206e84926475d4568a83fd95c99c86cb5555cbb677d7a0925f39c76bf7622; runtime reachability unresolved; placement and bounds unresolved; renderer suitability unresolved
swf-definition-01343,171,,shape,source-assets/flash/HELP MATH_ORIGINAL FILES/HELP_COURSES/ELMGR5/L5/RW/L5RW04.swf,,,e82915a8204a4595be07eaeff1cd0c3459a8d8e84318bb48e3a415b7f2ca07ad,DefineShape3,,,none; machine census only; no renderer export,machine-extracted-definition-candidate,owner-provided SWF,container=root; definitionDepth=0; tagOrdinal=1343; payloadBytes=81; rawTagPayloadSha256=e82915a8204a4595be07eaeff1cd0c3459a8d8e84318bb48e3a415b7f2ca07ad; exactTagIdentitySha256=ad346bafc747fe82b217f570dd085c08d6d7ee256c030273feb49ee0b625bd3d; runtime reachability unresolved; placement and bounds unresolved; renderer suitability unresolved
swf-definition-01344,172,,shape,source-assets/flash/HELP MATH_ORIGINAL FILES/HELP_COURSES/ELMGR5/L5/RW/L5RW04.swf,,,ef1fe29bf817dd50f0f69b3084372d34cc974374754d86de8f39512564dd089d,DefineShape3,,,none; machine census only; no renderer export,machine-extracted-definition-candidate,owner-provided SWF,container=root; definitionDepth=0; tagOrdinal=1344; payloadBytes=1280; rawTagPayloadSha256=ef1fe29bf817dd50f0f69b3084372d34cc974374754d86de8f39512564dd089d; exactTagIdentitySha256=3ef8ee36d3937a8cc5a5cf42e82b3b1882cce049e2cbe9b0a811cea2408b3e9d; runtime reachability unresolved; placement and bounds unresolved; renderer suitability unresolved
swf-definition-01345,173,,shape,source-assets/flash/HELP MATH_ORIGINAL FILES/HELP_COURSES/ELMGR5/L5/RW/L5RW04.swf,,,4eceee428718f4dda0a3e703d8deb8a6c36feaf66f7604dfae78c02a7fcc69e9,DefineShape3,,,none; machine census only; no renderer export,machine-extracted-definition-candidate,owner-provided SWF,container=root; definitionDepth=0; tagOrdinal=1345; payloadBytes=2467; rawTagPayloadSha256=4eceee428718f4dda0a3e703d8deb8a6c36feaf66f7604dfae78c02a7fcc69e9; exactTagIdentitySha256=302c98033d7cbe7269012e7e32c71676012cc425e20e485d030d43067792390f; runtime reachability unresolved; placement and bounds unresolved; renderer suitability unresolved
swf-definition-01346,174,,shape,source-assets/flash/HELP MATH_ORIGINAL FILES/HELP_COURSES/ELMGR5/L5/RW/L5RW04.swf,,,bcd064590589478e8af7db49fd6ba71f9a56eead6a7a1fd045bc9cfcdb8aa72a,DefineShape3,,,none; machine census only; no renderer export,machine-extracted-definition-candidate,owner-provided SWF,container=root; definitionDepth=0; tagOrdinal=1346; payloadBytes=1253; rawTagPayloadSha256=bcd064590589478e8af7db49fd6ba71f9a56eead6a7a1fd045bc9cfcdb8aa72a; exactTagIdentitySha256=fed09b49ab57d8221003d5d767e22ecb91bc43cf9e2abbdb903335dafe1c43d8; runtime reachability unresolved; placement and bounds unresolved; renderer suitability unresolved
swf-definition-01347,175,,shape,source-assets/flash/HELP MATH_ORIGINAL FILES/HELP_COURSES/ELMGR5/L5/RW/L5RW04.swf,,,6c91b99f8df79d6804a72761c2d332b6280ee9b0d3868fbaa81b3f31fa83c49f,DefineShape,,,none; machine census only; no renderer export,machine-extracted-definition-candidate,owner-provided SWF,container=root; definitionDepth=0; tagOrdinal=1347; payloadBytes=1542; rawTagPayloadSha256=6c91b99f8df79d6804a72761c2d332b6280ee9b0d3868fbaa81b3f31fa83c49f; exactTagIdentitySha256=149950410e0577d33ce932baa7111c812b6f64851420cd8ad169c576dc14b987; runtime reachability unresolved; placement and bounds unresolved; renderer suitability unresolved
swf-definition-01348,176,,shape,source-assets/flash/HELP MATH_ORIGINAL FILES/HELP_COURSES/ELMGR5/L5/RW/L5RW04.swf,,,4bcd5ff104d15a0854341f2dc6d160049418e38be0072e93c3aff358fd037d57,DefineShape,,,none; machine census only; no renderer export,machine-extracted-definition-candidate,owner-provided SWF,container=root; definitionDepth=0; tagOrdinal=1348; payloadBytes=1700; rawTagPayloadSha256=4bcd5ff104d15a0854341f2dc6d160049418e38be0072e93c3aff358fd037d57; exactTagIdentitySha256=a967556e3c432f8d77fbf4909282d927aa66343cda1a03228ecdcd164f51e49b; runtime reachability unresolved; placement and bounds unresolved; renderer suitability unresolved
swf-definition-01349,177,,shape,source-assets/flash/HELP MATH_ORIGINAL FILES/HELP_COURSES/ELMGR5/L5/RW/L5RW04.swf,,,f8710f6f44aea3703805af7ee71367877b00d2dbd6839f1c55d52845f29ac242,DefineShape3,,,none; machine census only; no renderer export,machine-extracted-definition-candidate,owner-provided SWF,container=root; definitionDepth=0; tagOrdinal=1349; payloadBytes=3240; rawTagPayloadSha256=f8710f6f44aea3703805af7ee71367877b00d2dbd6839f1c55d52845f29ac242; exactTagIdentitySha256=c54415eb637dec07fcd8694ffc3b6184c3ce804abeac7847a7a028e0a79571e0; runtime reachability unresolved; placement and bounds unresolved; renderer suitability unresolved
swf-definition-01350,178,,shape,source-assets/flash/HELP MATH_ORIGINAL FILES/HELP_COURSES/ELMGR5/L5/RW/L5RW04.swf,,,acc4399451964f000a50ebbce13fa4617e6a26b08782219d074c8ce1952c03b8,DefineShape,,,none; machine census only; no renderer export,machine-extracted-definition-candidate,owner-provided SWF,container=root; definitionDepth=0; tagOrdinal=1350; payloadBytes=2834; rawTagPayloadSha256=acc4399451964f000a50ebbce13fa4617e6a26b08782219d074c8ce1952c03b8; exactTagIdentitySha256=6ec91d1e765cc4a40d52288f2612f965bc7a984b6c947fd152417bf31e1c1c97; runtime reachability unresolved; placement and bounds unresolved; renderer suitability unresolved
swf-definition-01351,179,,shape,source-assets/flash/HELP MATH_ORIGINAL FILES/HELP_COURSES/ELMGR5/L5/RW/L5RW04.swf,,,04a28b393098530100e2ec03c4ec84e9b004570226aa8db513193a6764e3d260,DefineShape,,,none; machine census only; no renderer export,machine-extracted-definition-candidate,owner-provided SWF,container=root; definitionDepth=0; tagOrdinal=1351; payloadBytes=2138; rawTagPayloadSha256=04a28b393098530100e2ec03c4ec84e9b004570226aa8db513193a6764e3d260; exactTagIdentitySha256=cce0da7d5194cd8d188de8b2db27713e9a78e49cbab0669954a2d0c3d56e455f; runtime reachability unresolved; placement and bounds unresolved; renderer suitability unresolved
swf-definition-01352,180,,shape,source-assets/flash/HELP MATH_ORIGINAL FILES/HELP_COURSES/ELMGR5/L5/RW/L5RW04.swf,,,a4a2f17426113be37210d8ca7b67e218e0f6306445ae4ff3e2493398ef98eb88,DefineShape,,,none; machine census only; no renderer export,machine-extracted-definition-candidate,owner-provided SWF,container=root; definitionDepth=0; tagOrdinal=1352; payloadBytes=3204; rawTagPayloadSha256=a4a2f17426113be37210d8ca7b67e218e0f6306445ae4ff3e2493398ef98eb88; exactTagIdentitySha256=80d9d5b48b2a5dcac28048c9162da86c391319f379d149efbef9388e8b973126; runtime reachability unresolved; placement and bounds unresolved; renderer suitability unresolved
swf-definition-01353,181,,shape,source-assets/flash/HELP MATH_ORIGINAL FILES/HELP_COURSES/ELMGR5/L5/RW/L5RW04.swf,,,df406662c85c7ee279c0b6b9b7c3873a1eaaa29c4056100641884b0b565b9157,DefineShape,,,none; machine census only; no renderer export,machine-extracted-definition-candidate,owner-provided SWF,container=root; definitionDepth=0; tagOrdinal=1353; payloadBytes=2891; rawTagPayloadSha256=df406662c85c7ee279c0b6b9b7c3873a1eaaa29c4056100641884b0b565b9157; exactTagIdentitySha256=b692bc8de3995b7547bcccb782ff2d55ae55a1c862d632c7650f293730a985d0; runtime reachability unresolved; placement and bounds unresolved; renderer suitability unresolved
swf-definition-01354,182,,shape,source-assets/flash/HELP MATH_ORIGINAL FILES/HELP_COURSES/ELMGR5/L5/RW/L5RW04.swf,,,992275956a68ac0a8d039f23127c9669db441e91c2ac4731474aa18fe6f0cff8,DefineShape3,,,none; machine census only; no renderer export,machine-extracted-definition-candidate,owner-provided SWF,container=root; definitionDepth=0; tagOrdinal=1354; payloadBytes=2742; rawTagPayloadSha256=992275956a68ac0a8d039f23127c9669db441e91c2ac4731474aa18fe6f0cff8; exactTagIdentitySha256=566b8737336b8b9eca206ebac219543745c9ee8ed3ccfd8810121a07fc952c8f; runtime reachability unresolved; placement and bounds unresolved; renderer suitability unresolved
swf-definition-01355,183,,shape,source-assets/flash/HELP MATH_ORIGINAL FILES/HELP_COURSES/ELMGR5/L5/RW/L5RW04.swf,,,d53ec13975f0b3f45ae3d5011f9554dff237e6402cec5a8ea369d659d4f4c1bc,DefineShape3,,,none; machine census only; no renderer export,machine-extracted-definition-candidate,owner-provided SWF,container=root; definitionDepth=0; tagOrdinal=1355; payloadBytes=1745; rawTagPayloadSha256=d53ec13975f0b3f45ae3d5011f9554dff237e6402cec5a8ea369d659d4f4c1bc; exactTagIdentitySha256=f86cc07909914f31707621855badef369c77ea5ee51e0655efb19f6dbf4bdbac; runtime reachability unresolved; placement and bounds unresolved; renderer suitability unresolved
swf-definition-01356,184,,shape,source-assets/flash/HELP MATH_ORIGINAL FILES/HELP_COURSES/ELMGR5/L5/RW/L5RW04.swf,,,0721d9cd03a7ea547fb145f464ad5cd0881ca8d7dd8b76e0dd8bea807cf9fa37,DefineShape3,,,none; machine census only; no renderer export,machine-extracted-definition-candidate,owner-provided SWF,container=root; definitionDepth=0; tagOrdinal=1356; payloadBytes=1208; rawTagPayloadSha256=0721d9cd03a7ea547fb145f464ad5cd0881ca8d7dd8b76e0dd8bea807cf9fa37; exactTagIdentitySha256=c51e8b23f6f49826543c8820f20c36f14c0e509cb3d7d5a2e9081b4fcb01284c; runtime reachability unresolved; placement and bounds unresolved; renderer suitability unresolved
swf-definition-01357,185,,shape,source-assets/flash/HELP MATH_ORIGINAL FILES/HELP_COURSES/ELMGR5/L5/RW/L5RW04.swf,,,e469052547e50eb8497cc751142a8d686e87879d1f18b9e0da967c94b435cc29,DefineShape3,,,none; machine census only; no renderer export,machine-extracted-definition-candidate,owner-provided SWF,container=root; definitionDepth=0; tagOrdinal=1357; payloadBytes=129; rawTagPayloadSha256=e469052547e50eb8497cc751142a8d686e87879d1f18b9e0da967c94b435cc29; exactTagIdentitySha256=9b0970593f4e4806d904b07b2bb404eb00d50a49426824179b65ba910e4cf501; runtime reachability unresolved; placement and bounds unresolved; renderer suitability unresolved
swf-definition-01358,186,,shape,source-assets/flash/HELP MATH_ORIGINAL FILES/HELP_COURSES/ELMGR5/L5/RW/L5RW04.swf,,,304192a849ce43a618161745dfde4af98cc38808ba42688d8886f1396b92e2d6,DefineShape3,,,none; machine census only; no renderer export,machine-extracted-definition-candidate,owner-provided SWF,container=root; definitionDepth=0; tagOrdinal=1358; payloadBytes=1078; rawTagPayloadSha256=304192a849ce43a618161745dfde4af98cc38808ba42688d8886f1396b92e2d6; exactTagIdentitySha256=e2bf2119d452d9182faf18e365cc3548408e2aaab76d92941d3dd9f786e379bb; runtime reachability unresolved; placement and bounds unresolved; renderer suitability unresolved
swf-definition-01359,187,,shape,source-assets/flash/HELP MATH_ORIGINAL FILES/HELP_COURSES/ELMGR5/L5/RW/L5RW04.swf,,,7fc74577fed396360ecd4eb43c3315539bf04c8432f523c6a5ccfc0f13c738fc,DefineShape3,,,none; machine census only; no renderer export,machine-extracted-definition-candidate,owner-provided SWF,container=root; definitionDepth=0; tagOrdinal=1359; payloadBytes=129; rawTagPayloadSha256=7fc74577fed396360ecd4eb43c3315539bf04c8432f523c6a5ccfc0f13c738fc; exactTagIdentitySha256=872b09af6670e642e2165d24717824f9e5f5686a8df3ab077e08b0e1ab0649a0; runtime reachability unresolved; placement and bounds unresolved; renderer suitability unresolved
swf-definition-01360,188,,shape,source-assets/flash/HELP MATH_ORIGINAL FILES/HELP_COURSES/ELMGR5/L5/RW/L5RW04.swf,,,d6cb1450c4d50470b1dd85268dea97cd9c396116bf5ad3b0629388d5d5b665d4,DefineShape3,,,none; machine census only; no renderer export,machine-extracted-definition-candidate,owner-provided SWF,container=root; definitionDepth=0; tagOrdinal=1360; payloadBytes=129; rawTagPayloadSha256=d6cb1450c4d50470b1dd85268dea97cd9c396116bf5ad3b0629388d5d5b665d4; exactTagIdentitySha256=c325239f733ad9a5b1ed828c6fea910ee4098c3145d2057f84a3496059bb4177; runtime reachability unresolved; placement and bounds unresolved; renderer suitability unresolved
swf-definition-01361,189,,shape,source-assets/flash/HELP MATH_ORIGINAL FILES/HELP_COURSES/ELMGR5/L5/RW/L5RW04.swf,,,232f4ec3495aa1dc495730d39cdd8dd6fa1b9b74a882682a212881a32155e054,DefineShape3,,,none; machine census only; no renderer export,machine-extracted-definition-candidate,owner-provided SWF,container=root; definitionDepth=0; tagOrdinal=1361; payloadBytes=3050; rawTagPayloadSha256=232f4ec3495aa1dc495730d39cdd8dd6fa1b9b74a882682a212881a32155e054; exactTagIdentitySha256=2d842a39ac71cde7454abd7ab3a634d432f41b53c23d59b3cc58aab931c9ca89; runtime reachability unresolved; placement and bounds unresolved; renderer suitability unresolved
swf-definition-01362,190,,shape,source-assets/flash/HELP MATH_ORIGINAL FILES/HELP_COURSES/ELMGR5/L5/RW/L5RW04.swf,,,8fca2324981ab1521390449536c3ff417af4f154716d84417f658a1447036675,DefineShape3,,,none; machine census only; no renderer export,machine-extracted-definition-candidate,owner-provided SWF,container=root; definitionDepth=0; tagOrdinal=1362; payloadBytes=129; rawTagPayloadSha256=8fca2324981ab1521390449536c3ff417af4f154716d84417f658a1447036675; exactTagIdentitySha256=60f2dfb3ec1a2f7c640957b2db9fec346d69389d7b5b80198e13b48c96abd749; runtime reachability unresolved; placement and bounds unresolved; renderer suitability unresolved
swf-definition-01363,191,,shape,source-assets/flash/HELP MATH_ORIGINAL FILES/HELP_COURSES/ELMGR5/L5/RW/L5RW04.swf,,,4fb98dd1f5793d8c10a05e73338b3df189fbff9430bbdaccda2bf64a78ce7d5d,DefineShape3,,,none; machine census only; no renderer export,machine-extracted-definition-candidate,owner-provided SWF,container=root; definitionDepth=0; tagOrdinal=1363; payloadBytes=2698; rawTagPayloadSha256=4fb98dd1f5793d8c10a05e73338b3df189fbff9430bbdaccda2bf64a78ce7d5d; exactTagIdentitySha256=98e39ff4625e0fe8a19e44be0fb2251e267b8e6a6398f52c1ccd8e2d3f24d291; runtime reachability unresolved; placement and bounds unresolved; renderer suitability unresolved
swf-definition-01364,192,,shape,source-assets/flash/HELP MATH_ORIGINAL FILES/HELP_COURSES/ELMGR5/L5/RW/L5RW04.swf,,,4e7db66498763d2587e83fb08ff6e0bd587b4383a16af69df3472083c961ce17,DefineShape,,,none; machine census only; no renderer export,machine-extracted-definition-candidate,owner-provided SWF,container=root; definitionDepth=0; tagOrdinal=1364; payloadBytes=217; rawTagPayloadSha256=4e7db66498763d2587e83fb08ff6e0bd587b4383a16af69df3472083c961ce17; exactTagIdentitySha256=b9f96ff1ecbb602e285aa5d912c7969c94112a424b4e84830b85a1d4b0836513; runtime reachability unresolved; placement and bounds unresolved; renderer suitability unresolved
swf-definition-01365,193,,shape,source-assets/flash/HELP MATH_ORIGINAL FILES/HELP_COURSES/ELMGR5/L5/RW/L5RW04.swf,,,612cf1b1b38ef1a285d42ec5071878e69ebc3bede5b0855a7a0bf8a6f0dc6fad,DefineShape3,,,none; machine census only; no renderer export,machine-extracted-definition-candidate,owner-provided SWF,container=root; definitionDepth=0; tagOrdinal=1365; payloadBytes=129; rawTagPayloadSha256=612cf1b1b38ef1a285d42ec5071878e69ebc3bede5b0855a7a0bf8a6f0dc6fad; exactTagIdentitySha256=c51ec10fb3ab04f58e1484229314fa7e6969e23769e4a5ec8c39a5ff5134d8af; runtime reachability unresolved; placement and bounds unresolved; renderer suitability unresolved
swf-definition-01366,194,,shape,source-assets/flash/HELP MATH_ORIGINAL FILES/HELP_COURSES/ELMGR5/L5/RW/L5RW04.swf,,,b2079e8ee75aaabb6f571f3f99de13360c32ce7d935aa1a4e9dfb68988b45aa6,DefineShape3,,,none; machine census only; no renderer export,machine-extracted-definition-candidate,owner-provided SWF,container=root; definitionDepth=0; tagOrdinal=1366; payloadBytes=2363; rawTagPayloadSha256=b2079e8ee75aaabb6f571f3f99de13360c32ce7d935aa1a4e9dfb68988b45aa6; exactTagIdentitySha256=1e88a5a253a136ac4f98aec5f063b0300de34e8cf4ba393d5a0c5686ccef8bc1; runtime reachability unresolved; placement and bounds unresolved; renderer suitability unresolved
swf-definition-01367,195,,shape,source-assets/flash/HELP MATH_ORIGINAL FILES/HELP_COURSES/ELMGR5/L5/RW/L5RW04.swf,,,a44c777cb75d1fce8ebc7efa50614d03475980e46a1db8c7307ab8aace41c082,DefineShape,,,none; machine census only; no renderer export,machine-extracted-definition-candidate,owner-provided SWF,container=root; definitionDepth=0; tagOrdinal=1367; payloadBytes=220; rawTagPayloadSha256=a44c777cb75d1fce8ebc7efa50614d03475980e46a1db8c7307ab8aace41c082; exactTagIdentitySha256=440bf39f1939b1d4b73246c652c174e16fd675708ea9071ad7d0b918d83acd66; runtime reachability unresolved; placement and bounds unresolved; renderer suitability unresolved
swf-definition-01368,196,,shape,source-assets/flash/HELP MATH_ORIGINAL FILES/HELP_COURSES/ELMGR5/L5/RW/L5RW04.swf,,,45d9cb59d8d2cacf54dcf9b98cc07d870c14f6a316ec45749d9ba46016027f34,DefineShape3,,,none; machine census only; no renderer export,machine-extracted-definition-candidate,owner-provided SWF,container=root; definitionDepth=0; tagOrdinal=1368; payloadBytes=129; rawTagPayloadSha256=45d9cb59d8d2cacf54dcf9b98cc07d870c14f6a316ec45749d9ba46016027f34; exactTagIdentitySha256=448d743772084792a19e90cbbec0118a85f53c0fb5055d0cf165badd93666b0d; runtime reachability unresolved; placement and bounds unresolved; renderer suitability unresolved
swf-definition-01369,197,,shape,source-assets/flash/HELP MATH_ORIGINAL FILES/HELP_COURSES/ELMGR5/L5/RW/L5RW04.swf,,,5b039c197131febeb5c29b7898fe36324b63f8d935add2e1321373e5fc5b5985,DefineShape3,,,none; machine census only; no renderer export,machine-extracted-definition-candidate,owner-provided SWF,container=root; definitionDepth=0; tagOrdinal=1369; payloadBytes=2702; rawTagPayloadSha256=5b039c197131febeb5c29b7898fe36324b63f8d935add2e1321373e5fc5b5985; exactTagIdentitySha256=3c8bc103b62773f8283677460a778fa884f9f86330f905dc75398a7ed17a04e6; runtime reachability unresolved; placement and bounds unresolved; renderer suitability unresolved
swf-definition-01370,198,,shape,source-assets/flash/HELP MATH_ORIGINAL FILES/HELP_COURSES/ELMGR5/L5/RW/L5RW04.swf,,,da2d5831a669a0d6e1193b3d11bddd357c8bcc9193acd794db0377f4ed20699f,DefineShape,,,none; machine census only; no renderer export,machine-extracted-definition-candidate,owner-provided SWF,container=root; definitionDepth=0; tagOrdinal=1370; payloadBytes=213; rawTagPayloadSha256=da2d5831a669a0d6e1193b3d11bddd357c8bcc9193acd794db0377f4ed20699f; exactTagIdentitySha256=18c599ad67b652d2666696c4232788954b33121609d89a77222df49c1293bb46; runtime reachability unresolved; placement and bounds unresolved; renderer suitability unresolved
swf-definition-01371,199,,shape,source-assets/flash/HELP MATH_ORIGINAL FILES/HELP_COURSES/ELMGR5/L5/RW/L5RW04.swf,,,25d2aa00cebde9fe300c30f81fe899630306ec97ce56778227ba2e272d19fcba,DefineShape3,,,none; machine census only; no renderer export,machine-extracted-definition-candidate,owner-provided SWF,container=root; definitionDepth=0; tagOrdinal=1371; payloadBytes=2385; rawTagPayloadSha256=25d2aa00cebde9fe300c30f81fe899630306ec97ce56778227ba2e272d19fcba; exactTagIdentitySha256=c83aafb3659e7bab9dc4962840d76971a5d73220650b38095f0920676afc96e9; runtime reachability unresolved; placement and bounds unresolved; renderer suitability unresolved
swf-definition-01372,200,,shape,source-assets/flash/HELP MATH_ORIGINAL FILES/HELP_COURSES/ELMGR5/L5/RW/L5RW04.swf,,,ae2045bac4cd644123b77e7aea6ed619e44ec244d3815ba3e91c6b47ff3855dd,DefineShape3,,,none; machine census only; no renderer export,machine-extracted-definition-candidate,owner-provided SWF,container=root; definitionDepth=0; tagOrdinal=1372; payloadBytes=531; rawTagPayloadSha256=ae2045bac4cd644123b77e7aea6ed619e44ec244d3815ba3e91c6b47ff3855dd; exactTagIdentitySha256=24a21fdf4a18a13b4afd4a81decac8320d50e54de98b70f9b8495a69b341bbe9; runtime reachability unresolved; placement and bounds unresolved; renderer suitability unresolved
swf-definition-01373,201,,shape,source-assets/flash/HELP MATH_ORIGINAL FILES/HELP_COURSES/ELMGR5/L5/RW/L5RW04.swf,,,301851951b5a3a0b9749a3a80774d5817aadcad9642fe47c1ce550fbfaecae3f,DefineShape3,,,none; machine census only; no renderer export,machine-extracted-definition-candidate,owner-provided SWF,container=root; definitionDepth=0; tagOrdinal=1373; payloadBytes=129; rawTagPayloadSha256=301851951b5a3a0b9749a3a80774d5817aadcad9642fe47c1ce550fbfaecae3f; exactTagIdentitySha256=f90a81786ba87d3b1d5ba937955992cfcdd941346e1bed88b12bd079fe539126; runtime reachability unresolved; placement and bounds unresolved; renderer suitability unresolved
swf-definition-01374,202,,shape,source-assets/flash/HELP MATH_ORIGINAL FILES/HELP_COURSES/ELMGR5/L5/RW/L5RW04.swf,,,50ca6cc6f11f04522a462c0ee13d659c09e8406c4682dc0169bfb804654f3997,DefineShape3,,,none; machine census only; no renderer export,machine-extracted-definition-candidate,owner-provided SWF,container=root; definitionDepth=0; tagOrdinal=1374; payloadBytes=3065; rawTagPayloadSha256=50ca6cc6f11f04522a462c0ee13d659c09e8406c4682dc0169bfb804654f3997; exactTagIdentitySha256=da51cd2cd55b3ec741c4f0ee0af0e9ff4e8cc53b92fbb3ec59fd5a5a268460b9; runtime reachability unresolved; placement and bounds unresolved; renderer suitability unresolved
swf-definition-01375,203,,shape,source-assets/flash/HELP MATH_ORIGINAL FILES/HELP_COURSES/ELMGR5/L5/RW/L5RW04.swf,,,487bae493c11a365718182e2009923840debf7286ebbb5f356195f20e988ccb1,DefineShape3,,,none; machine census only; no renderer export,machine-extracted-definition-candidate,owner-provided SWF,container=root; definitionDepth=0; tagOrdinal=1375; payloadBytes=2994; rawTagPayloadSha256=487bae493c11a365718182e2009923840debf7286ebbb5f356195f20e988ccb1; exactTagIdentitySha256=65ee00ecdb7a824785726ef6c7b5cf78718ee672819b554009a53f8bcad5bdcd; runtime reachability unresolved; placement and bounds unresolved; renderer suitability unresolved
swf-definition-01376,204,,shape,source-assets/flash/HELP MATH_ORIGINAL FILES/HELP_COURSES/ELMGR5/L5/RW/L5RW04.swf,,,858dbaf93b89cada32f592dc48e0396dd12a83ee0191445c135c300554d6a474,DefineShape3,,,none; machine census only; no renderer export,machine-extracted-definition-candidate,owner-provided SWF,container=root; definitionDepth=0; tagOrdinal=1376; payloadBytes=129; rawTagPayloadSha256=858dbaf93b89cada32f592dc48e0396dd12a83ee0191445c135c300554d6a474; exactTagIdentitySha256=8d007351f19eae40e6cd606cd55678817302b1f71554997049375953e18539bf; runtime reachability unresolved; placement and bounds unresolved; renderer suitability unresolved
swf-definition-01377,205,,shape,source-assets/flash/HELP MATH_ORIGINAL FILES/HELP_COURSES/ELMGR5/L5/RW/L5RW04.swf,,,00fc8dffb1364f3cb27ece04f5d1ba2097a5bb4f67425ee7f18674062392f4d1,DefineShape3,,,none; machine census only; no renderer export,machine-extracted-definition-candidate,owner-provided SWF,container=root; definitionDepth=0; tagOrdinal=1377; payloadBytes=2705; rawTagPayloadSha256=00fc8dffb1364f3cb27ece04f5d1ba2097a5bb4f67425ee7f18674062392f4d1; exactTagIdentitySha256=3a48ee9581514207c239674d9eed75520ce73c2389071c0b6823fcd94ca9cbea; runtime reachability unresolved; placement and bounds unresolved; renderer suitability unresolved
swf-definition-01378,206,,shape,source-assets/flash/HELP MATH_ORIGINAL FILES/HELP_COURSES/ELMGR5/L5/RW/L5RW04.swf,,,47426a1ce95f53ccddafcfaa99517628c07dc2d99d7565a21e994c6aa2d313c1,DefineShape3,,,none; machine census only; no renderer export,machine-extracted-definition-candidate,owner-provided SWF,container=root; definitionDepth=0; tagOrdinal=1378; payloadBytes=319; rawTagPayloadSha256=47426a1ce95f53ccddafcfaa99517628c07dc2d99d7565a21e994c6aa2d313c1; exactTagIdentitySha256=c474de6c641b26a386b25bfeb9e3d03f3b7a1e41d27e7892cb04591908459de9; runtime reachability unresolved; placement and bounds unresolved; renderer suitability unresolved
swf-definition-01379,207,,shape,source-assets/flash/HELP MATH_ORIGINAL FILES/HELP_COURSES/ELMGR5/L5/RW/L5RW04.swf,,,9938dc009d1c22147542b8ebe28aafb499a00ac8180a5e008ec4eea5dc681c0c,DefineShape3,,,none; machine census only; no renderer export,machine-extracted-definition-candidate,owner-provided SWF,container=root; definitionDepth=0; tagOrdinal=1379; payloadBytes=129; rawTagPayloadSha256=9938dc009d1c22147542b8ebe28aafb499a00ac8180a5e008ec4eea5dc681c0c; exactTagIdentitySha256=7df6ab24e0f1c27427c9adda7451f28c31ddcbbc8df77a341210706dee16b299; runtime reachability unresolved; placement and bounds unresolved; renderer suitability unresolved
swf-definition-01380,208,,shape,source-assets/flash/HELP MATH_ORIGINAL FILES/HELP_COURSES/ELMGR5/L5/RW/L5RW04.swf,,,b5d0dc5edecfd3bd54a9efa607e2d8783994d150b2478276258ae87039ddc165,DefineShape3,,,none; machine census only; no renderer export,machine-extracted-definition-candidate,owner-provided SWF,container=root; definitionDepth=0; tagOrdinal=1380; payloadBytes=84; rawTagPayloadSha256=b5d0dc5edecfd3bd54a9efa607e2d8783994d150b2478276258ae87039ddc165; exactTagIdentitySha256=b86f4cbd154fce1153e508454ceff19088609c73634fd7bfbab65ec808e12301; runtime reachability unresolved; placement and bounds unresolved; renderer suitability unresolved
swf-definition-01381,209,,shape,source-assets/flash/HELP MATH_ORIGINAL FILES/HELP_COURSES/ELMGR5/L5/RW/L5RW04.swf,,,844fcc60873889b5935e3af4a3ec96dd923c9429dbdbf910d75794bdf6dfaa7c,DefineShape3,,,none; machine census only; no renderer export,machine-extracted-definition-candidate,owner-provided SWF,container=root; definitionDepth=0; tagOrdinal=1381; payloadBytes=2706; rawTagPayloadSha256=844fcc60873889b5935e3af4a3ec96dd923c9429dbdbf910d75794bdf6dfaa7c; exactTagIdentitySha256=adfe1d3f9f84b5ef30639acd2425a98cb57df011c957b2f4be6cd27cd89f562a; runtime reachability unresolved; placement and bounds unresolved; renderer suitability unresolved
swf-definition-01382,210,,shape,source-assets/flash/HELP MATH_ORIGINAL FILES/HELP_COURSES/ELMGR5/L5/RW/L5RW04.swf,,,0f8eb8405605c926940d2f238cfd3d3a07f81514cca688ae32b377036237bd12,DefineShape3,,,none; machine census only; no renderer export,machine-extracted-definition-candidate,owner-provided SWF,container=root; definitionDepth=0; tagOrdinal=1382; payloadBytes=330; rawTagPayloadSha256=0f8eb8405605c926940d2f238cfd3d3a07f81514cca688ae32b377036237bd12; exactTagIdentitySha256=d85c04a2dd9585536ed25de117708b81d94a8811a1b45ed517a7a0d0a4f554f9; runtime reachability unresolved; placement and bounds unresolved; renderer suitability unresolved
swf-definition-01383,211,,shape,source-assets/flash/HELP MATH_ORIGINAL FILES/HELP_COURSES/ELMGR5/L5/RW/L5RW04.swf,,,93dd9c0f01f70b10867fa5c79c500b0c49aed932bf3bca6c58a524b9ac2acf51,DefineShape3,,,none; machine census only; no renderer export,machine-extracted-definition-candidate,owner-provided SWF,container=root; definitionDepth=0; tagOrdinal=1383; payloadBytes=2710; rawTagPayloadSha256=93dd9c0f01f70b10867fa5c79c500b0c49aed932bf3bca6c58a524b9ac2acf51; exactTagIdentitySha256=056853ee42dcca69d8beddf7a8bd313bcce5add9ab6f53c443b2a2c06234490c; runtime reachability unresolved; placement and bounds unresolved; renderer suitability unresolved
swf-definition-01384,212,,shape,source-assets/flash/HELP MATH_ORIGINAL FILES/HELP_COURSES/ELMGR5/L5/RW/L5RW04.swf,,,275874a1d32fb14634cd3deafc6d70e185e32ca93e8ac4c87bed3daca18f7662,DefineShape3,,,none; machine census only; no renderer export,machine-extracted-definition-candidate,owner-provided SWF,container=root; definitionDepth=0; tagOrdinal=1384; payloadBytes=322; rawTagPayloadSha256=275874a1d32fb14634cd3deafc6d70e185e32ca93e8ac4c87bed3daca18f7662; exactTagIdentitySha256=8d47512bfc45f5b6cd3caee4b2ab87169961e4c4934209e8bbd09441f25e7381; runtime reachability unresolved; placement and bounds unresolved; renderer suitability unresolved
swf-definition-01385,213,,shape,source-assets/flash/HELP MATH_ORIGINAL FILES/HELP_COURSES/ELMGR5/L5/RW/L5RW04.swf,,,d2720b9481093f62b01c3f8a8fbe96854829ba0935124fdc0502a503353fe18f,DefineShape3,,,none; machine census only; no renderer export,machine-extracted-definition-candidate,owner-provided SWF,container=root; definitionDepth=0; tagOrdinal=1385; payloadBytes=2720; rawTagPayloadSha256=d2720b9481093f62b01c3f8a8fbe96854829ba0935124fdc0502a503353fe18f; exactTagIdentitySha256=07eb960de1aba4a783447a4d22aecb1c5ff5ce10feca8225ba647e96a78d0ed0; runtime reachability unresolved; placement and bounds unresolved; renderer suitability unresolved
swf-definition-01386,214,,shape,source-assets/flash/HELP MATH_ORIGINAL FILES/HELP_COURSES/ELMGR5/L5/RW/L5RW04.swf,,,9c655d5bfe4c2108c87454b8fba1acac358c02c8b282c7f07b12c3e90eecdd4c,DefineShape3,,,none; machine census only; no renderer export,machine-extracted-definition-candidate,owner-provided SWF,container=root; definitionDepth=0; tagOrdinal=1386; payloadBytes=323; rawTagPayloadSha256=9c655d5bfe4c2108c87454b8fba1acac358c02c8b282c7f07b12c3e90eecdd4c; exactTagIdentitySha256=80f052dfac197418e1daf5aaaaa236ce811883607ba7954d820f565b765a9c7f; runtime reachability unresolved; placement and bounds unresolved; renderer suitability unresolved
swf-definition-01387,215,,shape,source-assets/flash/HELP MATH_ORIGINAL FILES/HELP_COURSES/ELMGR5/L5/RW/L5RW04.swf,,,ba254585bd8431307618a836188de1b94d0b6a41304948681c234509d1fdc417,DefineShape3,,,none; machine census only; no renderer export,machine-extracted-definition-candidate,owner-provided SWF,container=root; definitionDepth=0; tagOrdinal=1387; payloadBytes=129; rawTagPayloadSha256=ba254585bd8431307618a836188de1b94d0b6a41304948681c234509d1fdc417; exactTagIdentitySha256=08a72ec916f14b6c3e19df13181aceba8440fac77d438ed70229a28a7c266600; runtime reachability unresolved; placement and bounds unresolved; renderer suitability unresolved
swf-definition-01388,216,,morph,source-assets/flash/HELP MATH_ORIGINAL FILES/HELP_COURSES/ELMGR5/L5/RW/L5RW04.swf,,,6e5868d4d7ba17d688bc7210468c5b29a2f368a0b397a47fc9f3073b85dae106,DefineMorphShape,,,none; machine census only; no renderer export,machine-extracted-definition-candidate,owner-provided SWF,container=root; definitionDepth=0; tagOrdinal=1388; payloadBytes=113; rawTagPayloadSha256=6e5868d4d7ba17d688bc7210468c5b29a2f368a0b397a47fc9f3073b85dae106; exactTagIdentitySha256=f67c66256d8bac99a93d152afea0951fb71a1f34fdc288802bee8921b49084fa; runtime reachability unresolved; placement and bounds unresolved; renderer suitability unresolved
swf-definition-01389,217,,shape,source-assets/flash/HELP MATH_ORIGINAL FILES/HELP_COURSES/ELMGR5/L5/RW/L5RW04.swf,,,3a32e20499c04d3dc56b52e7264ff7e0f9ba539bf8a15cf578438ecc7893343e,DefineShape2,,,none; machine census only; no renderer export,machine-extracted-definition-candidate,owner-provided SWF,container=root; definitionDepth=0; tagOrdinal=1389; payloadBytes=105; rawTagPayloadSha256=3a32e20499c04d3dc56b52e7264ff7e0f9ba539bf8a15cf578438ecc7893343e; exactTagIdentitySha256=7a91d2a527bf45987a82aebe1d709c644d501e12a1f6e8472abc6471ace70623; runtime reachability unresolved; placement and bounds unresolved; renderer suitability unresolved
swf-definition-01390,218,,morph,source-assets/flash/HELP MATH_ORIGINAL FILES/HELP_COURSES/ELMGR5/L5/RW/L5RW04.swf,,,a73501378dc58459b34af4c1644290f225a8ec0a28ca4f4f089526f21a27e294,DefineMorphShape,,,none; machine census only; no renderer export,machine-extracted-definition-candidate,owner-provided SWF,container=root; definitionDepth=0; tagOrdinal=1390; payloadBytes=568; rawTagPayloadSha256=a73501378dc58459b34af4c1644290f225a8ec0a28ca4f4f089526f21a27e294; exactTagIdentitySha256=474af757733e99407342df607a80321bfe72222d2d2928226ba3b226cbf10d1d; runtime reachability unresolved; placement and bounds unresolved; renderer suitability unresolved
swf-definition-01391,219,,morph,source-assets/flash/HELP MATH_ORIGINAL FILES/HELP_COURSES/ELMGR5/L5/RW/L5RW04.swf,,,6e584511d428b13e5e46ab2fb77730eb659d706daeb1293db160e77d26f8dff9,DefineMorphShape,,,none; machine census only; no renderer export,machine-extracted-definition-candidate,owner-provided SWF,container=root; definitionDepth=0; tagOrdinal=1391; payloadBytes=569; rawTagPayloadSha256=6e584511d428b13e5e46ab2fb77730eb659d706daeb1293db160e77d26f8dff9; exactTagIdentitySha256=dfb26075b654a4b016336a476d0518848f7257defed190305ef5063c46635eb4; runtime reachability unresolved; placement and bounds unresolved; renderer suitability unresolved
swf-definition-01392,220,,morph,source-assets/flash/HELP MATH_ORIGINAL FILES/HELP_COURSES/ELMGR5/L5/RW/L5RW04.swf,,,d344db8b8ccc1e00daddf593b53a7fec730a058d712e8f513423eff06dcfd9cd,DefineMorphShape,,,none; machine census only; no renderer export,machine-extracted-definition-candidate,owner-provided SWF,container=root; definitionDepth=0; tagOrdinal=1392; payloadBytes=568; rawTagPayloadSha256=d344db8b8ccc1e00daddf593b53a7fec730a058d712e8f513423eff06dcfd9cd; exactTagIdentitySha256=658de1e3375462b4a6c9bf78d1f73d13f3f7be05ad890abd5768ab7906794db6; runtime reachability unresolved; placement and bounds unresolved; renderer suitability unresolved
swf-definition-01393,221,,morph,source-assets/flash/HELP MATH_ORIGINAL FILES/HELP_COURSES/ELMGR5/L5/RW/L5RW04.swf,,,1a8ab2c5ff0c0e916642147f1d5aa880d7d02aacb8c8241f023023eca99f864e,DefineMorphShape,,,none; machine census only; no renderer export,machine-extracted-definition-candidate,owner-provided SWF,container=root; definitionDepth=0; tagOrdinal=1393; payloadBytes=569; rawTagPayloadSha256=1a8ab2c5ff0c0e916642147f1d5aa880d7d02aacb8c8241f023023eca99f864e; exactTagIdentitySha256=f406e1c457a5cd18c750ac4eae56d4e268942e82a9caa29c90b7e82f7bd38589; runtime reachability unresolved; placement and bounds unresolved; renderer suitability unresolved
swf-definition-01394,222,,shape,source-assets/flash/HELP MATH_ORIGINAL FILES/HELP_COURSES/ELMGR5/L5/RW/L5RW04.swf,,,6b9637725300b5ce9c98e877d368a81f91e1744abc7bfdfaf7fcc92856d5af76,DefineShape,,,none; machine census only; no renderer export,machine-extracted-definition-candidate,owner-provided SWF,container=root; definitionDepth=0; tagOrdinal=1394; payloadBytes=275; rawTagPayloadSha256=6b9637725300b5ce9c98e877d368a81f91e1744abc7bfdfaf7fcc92856d5af76; exactTagIdentitySha256=3052bb8eb0a3d86306a717d2083d0a0e8b1d8cd5ef07bc3af129303fbea7994a; runtime reachability unresolved; placement and bounds unresolved; renderer suitability unresolved
swf-definition-01395,223,,sprite,source-assets/flash/HELP MATH_ORIGINAL FILES/HELP_COURSES/ELMGR5/L5/RW/L5RW04.swf,,,22c3491eb1888847e1ec198438f18c6719df82fd1a9cb82293ab7b9195019658,DefineSprite,,,none; machine census only; no renderer export,machine-extracted-definition-candidate,owner-provided SWF,container=root; definitionDepth=0; tagOrdinal=1395; payloadBytes=603; rawTagPayloadSha256=22c3491eb1888847e1ec198438f18c6719df82fd1a9cb82293ab7b9195019658; exactTagIdentitySha256=b3d56853c71cdb8895c7f26a870e66423850fbf79ed6cfcb70da62cee4276c6f; declaredFrameCount=65; runtime reachability unresolved; placement and bounds unresolved; renderer suitability unresolved
swf-definition-01528,224,,shape,source-assets/flash/HELP MATH_ORIGINAL FILES/HELP_COURSES/ELMGR5/L5/RW/L5RW04.swf,,,cc1dae96fd6bc5602016b54db230f9242caf6639dfadb7657d8159fdaa293467,DefineShape3,,,none; machine census only; no renderer export,machine-extracted-definition-candidate,owner-provided SWF,container=root; definitionDepth=0; tagOrdinal=1528; payloadBytes=11362; rawTagPayloadSha256=cc1dae96fd6bc5602016b54db230f9242caf6639dfadb7657d8159fdaa293467; exactTagIdentitySha256=99654d45a8684a00c5db077135a6491e1668a9e336754cee3189efb7f04aaa95; runtime reachability unresolved; placement and bounds unresolved; renderer suitability unresolved
swf-definition-01529,225,,bitmap,source-assets/flash/HELP MATH_ORIGINAL FILES/HELP_COURSES/ELMGR5/L5/RW/L5RW04.swf,,,b1d0815853ff65e9a216dba96c7c5ed51f571468c11dce3bd6868b339fb780d6,DefineBitsJPEG3,,,none; machine census only; no renderer export,machine-extracted-definition-candidate,owner-provided SWF,container=root; definitionDepth=0; tagOrdinal=1529; payloadBytes=234039; rawTagPayloadSha256=b1d0815853ff65e9a216dba96c7c5ed51f571468c11dce3bd6868b339fb780d6; exactTagIdentitySha256=68c60db4e6b062ee41ddea092699649572b7fb2bba195ac160a6eee419b47c32; runtime reachability unresolved; placement and bounds unresolved; renderer suitability unresolved
swf-definition-01530,226,,shape,source-assets/flash/HELP MATH_ORIGINAL FILES/HELP_COURSES/ELMGR5/L5/RW/L5RW04.swf,,,1230a9977f35fc982656acfe44917d69ba77b10ecd6457f4f1402112adb9ce60,DefineShape,,,none; machine census only; no renderer export,machine-extracted-definition-candidate,owner-provided SWF,container=root; definitionDepth=0; tagOrdinal=1530; payloadBytes=57; rawTagPayloadSha256=1230a9977f35fc982656acfe44917d69ba77b10ecd6457f4f1402112adb9ce60; exactTagIdentitySha256=4848ac60949395babcba7d7e9b691cf002486c4fe304b3a2a0c899b85875ce2e; runtime reachability unresolved; placement and bounds unresolved; renderer suitability unresolved
swf-definition-01531,227,,shape,source-assets/flash/HELP MATH_ORIGINAL FILES/HELP_COURSES/ELMGR5/L5/RW/L5RW04.swf,,,536f48c44e41640ee722f717596986d376b0583eb85781775b41999f5e0aa4e8,DefineShape3,,,none; machine census only; no renderer export,machine-extracted-definition-candidate,owner-provided SWF,container=root; definitionDepth=0; tagOrdinal=1531; payloadBytes=4618; rawTagPayloadSha256=536f48c44e41640ee722f717596986d376b0583eb85781775b41999f5e0aa4e8; exactTagIdentitySha256=d4d3d7453c82f0f36f0d475a7ca660c0c139266956064bad13972b7d0741d3ce; runtime reachability unresolved; placement and bounds unresolved; renderer suitability unresolved
swf-definition-01532,228,,morph,source-assets/flash/HELP MATH_ORIGINAL FILES/HELP_COURSES/ELMGR5/L5/RW/L5RW04.swf,,,ac5e2fe68af7a6f1e997dd110ebf1850784a540e35f1b1628924fd092538abc3,DefineMorphShape,,,none; machine census only; no renderer export,machine-extracted-definition-candidate,owner-provided SWF,container=root; definitionDepth=0; tagOrdinal=1532; payloadBytes=297; rawTagPayloadSha256=ac5e2fe68af7a6f1e997dd110ebf1850784a540e35f1b1628924fd092538abc3; exactTagIdentitySha256=9e01e1223abc62508d7bc0ecdac1ceca9b081f79635bc8dc78ff786d61055ec9; runtime reachability unresolved; placement and bounds unresolved; renderer suitability unresolved
swf-definition-01533,229,,morph,source-assets/flash/HELP MATH_ORIGINAL FILES/HELP_COURSES/ELMGR5/L5/RW/L5RW04.swf,,,4920a4398e390dfa361d389eac65f2133992eb911e380e886912b49273f83cc7,DefineMorphShape,,,none; machine census only; no renderer export,machine-extracted-definition-candidate,owner-provided SWF,container=root; definitionDepth=0; tagOrdinal=1533; payloadBytes=296; rawTagPayloadSha256=4920a4398e390dfa361d389eac65f2133992eb911e380e886912b49273f83cc7; exactTagIdentitySha256=33d8af7028a5453c5d5b5f6e705a2971086f9aa81b78c944f971bc3058b5ef83; runtime reachability unresolved; placement and bounds unresolved; renderer suitability unresolved
swf-definition-01534,230,,morph,source-assets/flash/HELP MATH_ORIGINAL FILES/HELP_COURSES/ELMGR5/L5/RW/L5RW04.swf,,,d03d1a5937964e79e15390eadc4897829e7f7c2491c9b6b7791e147bfe87f864,DefineMorphShape,,,none; machine census only; no renderer export,machine-extracted-definition-candidate,owner-provided SWF,container=root; definitionDepth=0; tagOrdinal=1534; payloadBytes=299; rawTagPayloadSha256=d03d1a5937964e79e15390eadc4897829e7f7c2491c9b6b7791e147bfe87f864; exactTagIdentitySha256=79047d770f55b34f21a49561a69404433c58844f41ccb9a83191359b68b88c50; runtime reachability unresolved; placement and bounds unresolved; renderer suitability unresolved
swf-definition-01535,231,,morph,source-assets/flash/HELP MATH_ORIGINAL FILES/HELP_COURSES/ELMGR5/L5/RW/L5RW04.swf,,,c017b431349690823c1ec519f43f1d1f659e11e69f5979374eda7f378588e169,DefineMorphShape,,,none; machine census only; no renderer export,machine-extracted-definition-candidate,owner-provided SWF,container=root; definitionDepth=0; tagOrdinal=1535; payloadBytes=298; rawTagPayloadSha256=c017b431349690823c1ec519f43f1d1f659e11e69f5979374eda7f378588e169; exactTagIdentitySha256=e9fbbe1f15f6103d31cacc51c1f02c58657e0d679f7dea8031c058b23ae27020; runtime reachability unresolved; placement and bounds unresolved; renderer suitability unresolved
swf-definition-01536,232,,shape,source-assets/flash/HELP MATH_ORIGINAL FILES/HELP_COURSES/ELMGR5/L5/RW/L5RW04.swf,,,91de72c77623a020748125f52000133fc34ad54b2f3628a1fa7dc86fbe1ae00e,DefineShape,,,none; machine census only; no renderer export,machine-extracted-definition-candidate,owner-provided SWF,container=root; definitionDepth=0; tagOrdinal=1536; payloadBytes=152; rawTagPayloadSha256=91de72c77623a020748125f52000133fc34ad54b2f3628a1fa7dc86fbe1ae00e; exactTagIdentitySha256=a082e27541cbb2b951840222e82c4f8a57d9d1570d175272825b49dd15b32d06; runtime reachability unresolved; placement and bounds unresolved; renderer suitability unresolved
swf-definition-01537,233,,sprite,source-assets/flash/HELP MATH_ORIGINAL FILES/HELP_COURSES/ELMGR5/L5/RW/L5RW04.swf,,,8b80c7c2d09853e0e8b0f02eb09f72a50d14907bef1ac50abc6934dab19f1792,DefineSprite,,,none; machine census only; no renderer export,machine-extracted-definition-candidate,owner-provided SWF,container=root; definitionDepth=0; tagOrdinal=1537; payloadBytes=612; rawTagPayloadSha256=8b80c7c2d09853e0e8b0f02eb09f72a50d14907bef1ac50abc6934dab19f1792; exactTagIdentitySha256=6d9d5c801257f265357ce72a0826df1e4b5cac77d6d52ef6eec660448b69ac52; declaredFrameCount=66; runtime reachability unresolved; placement and bounds unresolved; renderer suitability unresolved
swf-definition-01672,234,,shape,source-assets/flash/HELP MATH_ORIGINAL FILES/HELP_COURSES/ELMGR5/L5/RW/L5RW04.swf,,,a25afa6242403e4faafec9785058211f217b635cc7231edd16a983113f1a75ef,DefineShape2,,,none; machine census only; no renderer export,machine-extracted-definition-candidate,owner-provided SWF,container=root; definitionDepth=0; tagOrdinal=1672; payloadBytes=324; rawTagPayloadSha256=a25afa6242403e4faafec9785058211f217b635cc7231edd16a983113f1a75ef; exactTagIdentitySha256=8d5a4e4f3f6f6e815bb854d14d12df44d76180757ac4b227aca40e4bff36fb06; runtime reachability unresolved; placement and bounds unresolved; renderer suitability unresolved
swf-definition-01673,235,,bitmap,source-assets/flash/HELP MATH_ORIGINAL FILES/HELP_COURSES/ELMGR5/L5/RW/L5RW04.swf,,,48b291324d6a91c7d3c83a8ff64f3a96085e6da959160ba8c8e177c142526d94,DefineBitsJPEG3,,,none; machine census only; no renderer export,machine-extracted-definition-candidate,owner-provided SWF,container=root; definitionDepth=0; tagOrdinal=1673; payloadBytes=4369; rawTagPayloadSha256=48b291324d6a91c7d3c83a8ff64f3a96085e6da959160ba8c8e177c142526d94; exactTagIdentitySha256=158f7447dc4b919b053e66aef7e263d2b57a0ef95674e652571fc795cb6b0060; runtime reachability unresolved; placement and bounds unresolved; renderer suitability unresolved
swf-definition-01674,236,,shape,source-assets/flash/HELP MATH_ORIGINAL FILES/HELP_COURSES/ELMGR5/L5/RW/L5RW04.swf,,,1b99b28c58f85b27ff81ac2433568cff8314aaca4794479ff8456cd8f8a00734,DefineShape,,,none; machine census only; no renderer export,machine-extracted-definition-candidate,owner-provided SWF,container=root; definitionDepth=0; tagOrdinal=1674; payloadBytes=60; rawTagPayloadSha256=1b99b28c58f85b27ff81ac2433568cff8314aaca4794479ff8456cd8f8a00734; exactTagIdentitySha256=7ba75dd71872e9097ffef54e2a05b08dc343cea584f54cc25aeba6d74861b7f5; runtime reachability unresolved; placement and bounds unresolved; renderer suitability unresolved
swf-definition-01675,237,,bitmap,source-assets/flash/HELP MATH_ORIGINAL FILES/HELP_COURSES/ELMGR5/L5/RW/L5RW04.swf,,,9283b628dd1dd4a180d79ff525301c76dc785ec3a7a39e026650ca2b2c3ac4b6,DefineBitsJPEG3,,,none; machine census only; no renderer export,machine-extracted-definition-candidate,owner-provided SWF,container=root; definitionDepth=0; tagOrdinal=1675; payloadBytes=1796; rawTagPayloadSha256=9283b628dd1dd4a180d79ff525301c76dc785ec3a7a39e026650ca2b2c3ac4b6; exactTagIdentitySha256=8aeda6d34b39374eb572f47e9630e8eabe9f20b2fbb875ca1a1060a0a0b4fd12; runtime reachability unresolved; placement and bounds unresolved; renderer suitability unresolved
swf-definition-01676,238,,shape,source-assets/flash/HELP MATH_ORIGINAL FILES/HELP_COURSES/ELMGR5/L5/RW/L5RW04.swf,,,b33bc4b8e709d7832ffc91a49bd3de6acca6ea305986a3e6f08a32b585158fc3,DefineShape2,,,none; machine census only; no renderer export,machine-extracted-definition-candidate,owner-provided SWF,container=root; definitionDepth=0; tagOrdinal=1676; payloadBytes=91; rawTagPayloadSha256=b33bc4b8e709d7832ffc91a49bd3de6acca6ea305986a3e6f08a32b585158fc3; exactTagIdentitySha256=4073e19269087bc490c9aa84646f933958744024c3e9281966b1e42651770b9d; runtime reachability unresolved; placement and bounds unresolved; renderer suitability unresolved
swf-definition-01677,239,,shape,source-assets/flash/HELP MATH_ORIGINAL FILES/HELP_COURSES/ELMGR5/L5/RW/L5RW04.swf,,,5d157f76d2768cdb294d26fe66dca1be1391bd8954309ad8eb84c233694d257f,DefineShape,,,none; machine census only; no renderer export,machine-extracted-definition-candidate,owner-provided SWF,container=root; definitionDepth=0; tagOrdinal=1677; payloadBytes=51; rawTagPayloadSha256=5d157f76d2768cdb294d26fe66dca1be1391bd8954309ad8eb84c233694d257f; exactTagIdentitySha256=eae7b38b4cac2c92df3a21e7e57f360e7253859422a8aba5f2652bdfd874afd3; runtime reachability unresolved; placement and bounds unresolved; renderer suitability unresolved
swf-definition-01678,240,,sprite,source-assets/flash/HELP MATH_ORIGINAL FILES/HELP_COURSES/ELMGR5/L5/RW/L5RW04.swf,,,fa00af6e3474d7eac38b1b8def5f0f8cf62ec5d6186b09e262a117e399052333,DefineSprite,,,none; machine census only; no renderer export,machine-extracted-definition-candidate,owner-provided SWF,container=root; definitionDepth=0; tagOrdinal=1678; payloadBytes=28443; rawTagPayloadSha256=fa00af6e3474d7eac38b1b8def5f0f8cf62ec5d6186b09e262a117e399052333; exactTagIdentitySha256=ee978241624c921ea41de993558ac4f5aae3f2cb5473455c16bb80201307b60c; declaredFrameCount=607; runtime reachability unresolved; placement and bounds unresolved; renderer suitability unresolved
swf-definition-03928,241,,bitmap,source-assets/flash/HELP MATH_ORIGINAL FILES/HELP_COURSES/ELMGR5/L5/RW/L5RW04.swf,,,507e09a09a8e3a907edbddf391ad923fe6681dd199e0ff631c77228fe083ccde,DefineBitsJPEG3,,,none; machine census only; no renderer export,machine-extracted-definition-candidate,owner-provided SWF,container=root; definitionDepth=0; tagOrdinal=3928; payloadBytes=2891; rawTagPayloadSha256=507e09a09a8e3a907edbddf391ad923fe6681dd199e0ff631c77228fe083ccde; exactTagIdentitySha256=e1866a34b0d06d034416f633a07642709c4fa13d485ed02d9ecf56cc7be4374d; runtime reachability unresolved; placement and bounds unresolved; renderer suitability unresolved
swf-definition-03929,242,,shape,source-assets/flash/HELP MATH_ORIGINAL FILES/HELP_COURSES/ELMGR5/L5/RW/L5RW04.swf,,,bf705468ee964bcb75d7564613c53efaf14fd2969db7e8e80b78a39080760342,DefineShape2,,,none; machine census only; no renderer export,machine-extracted-definition-candidate,owner-provided SWF,container=root; definitionDepth=0; tagOrdinal=3929; payloadBytes=156; rawTagPayloadSha256=bf705468ee964bcb75d7564613c53efaf14fd2969db7e8e80b78a39080760342; exactTagIdentitySha256=9a30ef61a21700b44cbefebbafa778fa8f602092bef2d990f95e26da741892d6; runtime reachability unresolved; placement and bounds unresolved; renderer suitability unresolved
swf-definition-03930,243,,bitmap,source-assets/flash/HELP MATH_ORIGINAL FILES/HELP_COURSES/ELMGR5/L5/RW/L5RW04.swf,,,bc3cd8a2e3e5fa14f451c966577fe3389da2f8557467426ce3af276364026451,DefineBitsJPEG3,,,none; machine census only; no renderer export,machine-extracted-definition-candidate,owner-provided SWF,container=root; definitionDepth=0; tagOrdinal=3930; payloadBytes=11418; rawTagPayloadSha256=bc3cd8a2e3e5fa14f451c966577fe3389da2f8557467426ce3af276364026451; exactTagIdentitySha256=eaabd06e153b6e46b02511fb3be9d7b7b6b88a4d966eb72e7bcd7de05adbe948; runtime reachability unresolved; placement and bounds unresolved; renderer suitability unresolved
swf-definition-03931,244,,shape,source-assets/flash/HELP MATH_ORIGINAL FILES/HELP_COURSES/ELMGR5/L5/RW/L5RW04.swf,,,0dc95b345a414d5f311630b0b79d65cd1f9169698311f22d2871c6d2561e3299,DefineShape,,,none; machine census only; no renderer export,machine-extracted-definition-candidate,owner-provided SWF,container=root; definitionDepth=0; tagOrdinal=3931; payloadBytes=38; rawTagPayloadSha256=0dc95b345a414d5f311630b0b79d65cd1f9169698311f22d2871c6d2561e3299; exactTagIdentitySha256=6a7e5c2d733b47db7a47e687f6f319db5ad0f1edfc486720ec86d1ae19c1cf77; runtime reachability unresolved; placement and bounds unresolved; renderer suitability unresolved
swf-definition-03932,245,,shape,source-assets/flash/HELP MATH_ORIGINAL FILES/HELP_COURSES/ELMGR5/L5/RW/L5RW04.swf,,,aa617fce383c000db66bd11195f3aa39aa854c300c9c4515ad9c6a69253129e2,DefineShape2,,,none; machine census only; no renderer export,machine-extracted-definition-candidate,owner-provided SWF,container=root; definitionDepth=0; tagOrdinal=3932; payloadBytes=103; rawTagPayloadSha256=aa617fce383c000db66bd11195f3aa39aa854c300c9c4515ad9c6a69253129e2; exactTagIdentitySha256=ab94c7eb9ebd1c3f947ce9c50830e825ce6d5825f9debe18830c9b190f133ac3; runtime reachability unresolved; placement and bounds unresolved; renderer suitability unresolved
swf-definition-03933,246,,shape,source-assets/flash/HELP MATH_ORIGINAL FILES/HELP_COURSES/ELMGR5/L5/RW/L5RW04.swf,,,5afee2e6d9457d6253d35c2020d176005c3df13b89e7c4beacdedf6710d3773b,DefineShape2,,,none; machine census only; no renderer export,machine-extracted-definition-candidate,owner-provided SWF,container=root; definitionDepth=0; tagOrdinal=3933; payloadBytes=102; rawTagPayloadSha256=5afee2e6d9457d6253d35c2020d176005c3df13b89e7c4beacdedf6710d3773b; exactTagIdentitySha256=bc982b8af55ad83661f3b4d15aa08289033f220d825cf49dbf3ce6181839d749; runtime reachability unresolved; placement and bounds unresolved; renderer suitability unresolved
swf-definition-03934,247,,shape,source-assets/flash/HELP MATH_ORIGINAL FILES/HELP_COURSES/ELMGR5/L5/RW/L5RW04.swf,,,3b08829ea33a6e8dd85c7f9ffc07f345fcf32ba1053e315159138cca2d661cb7,DefineShape2,,,none; machine census only; no renderer export,machine-extracted-definition-candidate,owner-provided SWF,container=root; definitionDepth=0; tagOrdinal=3934; payloadBytes=102; rawTagPayloadSha256=3b08829ea33a6e8dd85c7f9ffc07f345fcf32ba1053e315159138cca2d661cb7; exactTagIdentitySha256=342dff2100b57596f77dc866d48c659624a79efe7c0e8b3f28655482cddee243; runtime reachability unresolved; placement and bounds unresolved; renderer suitability unresolved
swf-definition-03935,248,,shape,source-assets/flash/HELP MATH_ORIGINAL FILES/HELP_COURSES/ELMGR5/L5/RW/L5RW04.swf,,,feb27cb4595c0601866c39af635b9155dfe8242a0df624b6fdb9d9b39b38a42c,DefineShape2,,,none; machine census only; no renderer export,machine-extracted-definition-candidate,owner-provided SWF,container=root; definitionDepth=0; tagOrdinal=3935; payloadBytes=102; rawTagPayloadSha256=feb27cb4595c0601866c39af635b9155dfe8242a0df624b6fdb9d9b39b38a42c; exactTagIdentitySha256=fb5eba9d0e7326887e94618a401bfc0704aa0709dfaa9f24f7ebdbc4a336ace8; runtime reachability unresolved; placement and bounds unresolved; renderer suitability unresolved
swf-definition-03936,249,,shape,source-assets/flash/HELP MATH_ORIGINAL FILES/HELP_COURSES/ELMGR5/L5/RW/L5RW04.swf,,,955210ecb4ada61ee20baf01f57ecf573156a7977ba38938cb366ce314be6740,DefineShape2,,,none; machine census only; no renderer export,machine-extracted-definition-candidate,owner-provided SWF,container=root; definitionDepth=0; tagOrdinal=3936; payloadBytes=102; rawTagPayloadSha256=955210ecb4ada61ee20baf01f57ecf573156a7977ba38938cb366ce314be6740; exactTagIdentitySha256=f7f354cc25bbc890d3c7479e8a57b6a2d954a7a8d5942785940e05d761442d1a; runtime reachability unresolved; placement and bounds unresolved; renderer suitability unresolved
swf-definition-03937,250,,shape,source-assets/flash/HELP MATH_ORIGINAL FILES/HELP_COURSES/ELMGR5/L5/RW/L5RW04.swf,,,a0395661ec205ce893d1a18115b99f920c3de02c00cfa2373e75e511f7c46781,DefineShape2,,,none; machine census only; no renderer export,machine-extracted-definition-candidate,owner-provided SWF,container=root; definitionDepth=0; tagOrdinal=3937; payloadBytes=102; rawTagPayloadSha256=a0395661ec205ce893d1a18115b99f920c3de02c00cfa2373e75e511f7c46781; exactTagIdentitySha256=fe55f851d7a201155b2a356d19ff138793256ea0e59b1d84174906f9f65a3171; runtime reachability unresolved; placement and bounds unresolved; renderer suitability unresolved
swf-definition-03938,251,,shape,source-assets/flash/HELP MATH_ORIGINAL FILES/HELP_COURSES/ELMGR5/L5/RW/L5RW04.swf,,,44ec822c596cc9f5bb5b1b20a045c416262dd8a83140d9b803b755e6a6147565,DefineShape2,,,none; machine census only; no renderer export,machine-extracted-definition-candidate,owner-provided SWF,container=root; definitionDepth=0; tagOrdinal=3938; payloadBytes=103; rawTagPayloadSha256=44ec822c596cc9f5bb5b1b20a045c416262dd8a83140d9b803b755e6a6147565; exactTagIdentitySha256=0c74561df4a0c22874347f5a45f2bff84f7096baffb99b98ff5b018f094a2685; runtime reachability unresolved; placement and bounds unresolved; renderer suitability unresolved
swf-definition-03939,252,,sprite,source-assets/flash/HELP MATH_ORIGINAL FILES/HELP_COURSES/ELMGR5/L5/RW/L5RW04.swf,,,3ef40e2001037ffe5aada979566ffe503658a209cebac7e4bc68f0e27fe45c9b,DefineSprite,,,none; machine census only; no renderer export,machine-extracted-definition-candidate,owner-provided SWF,container=root; definitionDepth=0; tagOrdinal=3939; payloadBytes=14818; rawTagPayloadSha256=3ef40e2001037ffe5aada979566ffe503658a209cebac7e4bc68f0e27fe45c9b; exactTagIdentitySha256=bd00447c51809877738f30cfd1bc6f2d5adb95fa39a61fadd067624a12eef9af; declaredFrameCount=442; runtime reachability unresolved; placement and bounds unresolved; renderer suitability unresolved
swf-definition-05223,253,,morph,source-assets/flash/HELP MATH_ORIGINAL FILES/HELP_COURSES/ELMGR5/L5/RW/L5RW04.swf,,,cf3e98c46105f96498faae6aefc7d3fc8842723221abf06f6b5ffe11ebbe410b,DefineMorphShape,,,none; machine census only; no renderer export,machine-extracted-definition-candidate,owner-provided SWF,container=root; definitionDepth=0; tagOrdinal=5223; payloadBytes=914; rawTagPayloadSha256=cf3e98c46105f96498faae6aefc7d3fc8842723221abf06f6b5ffe11ebbe410b; exactTagIdentitySha256=774e56634f9072a6191947ab6e47c424ffdd988b71f9223ed89f21c1af485059; runtime reachability unresolved; placement and bounds unresolved; renderer suitability unresolved
swf-definition-05224,254,,morph,source-assets/flash/HELP MATH_ORIGINAL FILES/HELP_COURSES/ELMGR5/L5/RW/L5RW04.swf,,,7f91448cb4a6187ccb98aa7ac14b2d149a6a6f3214b1dcd50dc5bc9e23f8d395,DefineMorphShape,,,none; machine census only; no renderer export,machine-extracted-definition-candidate,owner-provided SWF,container=root; definitionDepth=0; tagOrdinal=5224; payloadBytes=574; rawTagPayloadSha256=7f91448cb4a6187ccb98aa7ac14b2d149a6a6f3214b1dcd50dc5bc9e23f8d395; exactTagIdentitySha256=77ead4388b3c59ff956d806d7a7d46e9b65847a547c06341a70ebb1893928939; runtime reachability unresolved; placement and bounds unresolved; renderer suitability unresolved
swf-definition-05225,255,,morph,source-assets/flash/HELP MATH_ORIGINAL FILES/HELP_COURSES/ELMGR5/L5/RW/L5RW04.swf,,,03fbc5272a70b04dfff19aa9acb456603f6f2980108313a64d42f87aebe94e51,DefineMorphShape,,,none; machine census only; no renderer export,machine-extracted-definition-candidate,owner-provided SWF,container=root; definitionDepth=0; tagOrdinal=5225; payloadBytes=899; rawTagPayloadSha256=03fbc5272a70b04dfff19aa9acb456603f6f2980108313a64d42f87aebe94e51; exactTagIdentitySha256=cd30dcceacff83680f16ece9c604f563df30b0523cf1c29c891ff7d9ece9ae35; runtime reachability unresolved; placement and bounds unresolved; renderer suitability unresolved
swf-definition-05226,256,,shape,source-assets/flash/HELP MATH_ORIGINAL FILES/HELP_COURSES/ELMGR5/L5/RW/L5RW04.swf,,,24cbee0942ddfd0195ac28644917aaa7ae5775ba4e40ce8b5426cb1a635ed3c7,DefineShape3,,,none; machine census only; no renderer export,machine-extracted-definition-candidate,owner-provided SWF,container=root; definitionDepth=0; tagOrdinal=5226; payloadBytes=284; rawTagPayloadSha256=24cbee0942ddfd0195ac28644917aaa7ae5775ba4e40ce8b5426cb1a635ed3c7; exactTagIdentitySha256=f2be39e212ab9f43ecc3e2ed5aecfa2d4749ff3bc58a57fb396f1b9d5a2fb28f; runtime reachability unresolved; placement and bounds unresolved; renderer suitability unresolved
swf-definition-05227,257,,sprite,source-assets/flash/HELP MATH_ORIGINAL FILES/HELP_COURSES/ELMGR5/L5/RW/L5RW04.swf,,,611ff8b26f51a887accb173a6212bca8873967714740c5a8d5690d3cadff3b50,DefineSprite,,,none; machine census only; no renderer export,machine-extracted-definition-candidate,owner-provided SWF,container=root; definitionDepth=0; tagOrdinal=5227; payloadBytes=601; rawTagPayloadSha256=611ff8b26f51a887accb173a6212bca8873967714740c5a8d5690d3cadff3b50; exactTagIdentitySha256=6ec7d8690e301cacef07ca4c0e81363ae578c6fbc2dc44066abddda75bee2b26; declaredFrameCount=65; runtime reachability unresolved; placement and bounds unresolved; renderer suitability unresolved
swf-definition-05360,258,,morph,source-assets/flash/HELP MATH_ORIGINAL FILES/HELP_COURSES/ELMGR5/L5/RW/L5RW04.swf,,,f98ee9ef77aad686d7d741d4d5befe17cd02b23c054d06a8e50eeae04f893185,DefineMorphShape,,,none; machine census only; no renderer export,machine-extracted-definition-candidate,owner-provided SWF,container=root; definitionDepth=0; tagOrdinal=5360; payloadBytes=113; rawTagPayloadSha256=f98ee9ef77aad686d7d741d4d5befe17cd02b23c054d06a8e50eeae04f893185; exactTagIdentitySha256=4a8b73534e24f638d993fadccf10381ca3497039a5d9f46ad00bf44b43d5d452; runtime reachability unresolved; placement and bounds unresolved; renderer suitability unresolved
swf-definition-05361,259,,shape,source-assets/flash/HELP MATH_ORIGINAL FILES/HELP_COURSES/ELMGR5/L5/RW/L5RW04.swf,,,3b096ac0e41fdb5382959b5db84478b9e23b203ef35e247a13f8081ffa56a316,DefineShape3,,,none; machine census only; no renderer export,machine-extracted-definition-candidate,owner-provided SWF,container=root; definitionDepth=0; tagOrdinal=5361; payloadBytes=51; rawTagPayloadSha256=3b096ac0e41fdb5382959b5db84478b9e23b203ef35e247a13f8081ffa56a316; exactTagIdentitySha256=a5a1f84fe73c6abad703082575ca1b84ece1b18776dff0ebe1202e0d03970395; runtime reachability unresolved; placement and bounds unresolved; renderer suitability unresolved
swf-definition-05362,260,,shape,source-assets/flash/HELP MATH_ORIGINAL FILES/HELP_COURSES/ELMGR5/L5/RW/L5RW04.swf,,,bca3b3b089ab9560565833de8b3e38ae9be51b06480706a0634bfd00d4a1862b,DefineShape3,,,none; machine census only; no renderer export,machine-extracted-definition-candidate,owner-provided SWF,container=root; definitionDepth=0; tagOrdinal=5362; payloadBytes=4945; rawTagPayloadSha256=bca3b3b089ab9560565833de8b3e38ae9be51b06480706a0634bfd00d4a1862b; exactTagIdentitySha256=3fa1ffb1de748084127fac86dd1e66dc468f0e21ef9ceea7862b6fd1df6691d6; runtime reachability unresolved; placement and bounds unresolved; renderer suitability unresolved
swf-definition-05363,261,,shape,source-assets/flash/HELP MATH_ORIGINAL FILES/HELP_COURSES/ELMGR5/L5/RW/L5RW04.swf,,,114e9a4688c893600a55798c9c13abcb67f514786e766f377f60f8e125f59fab,DefineShape3,,,none; machine census only; no renderer export,machine-extracted-definition-candidate,owner-provided SWF,container=root; definitionDepth=0; tagOrdinal=5363; payloadBytes=4935; rawTagPayloadSha256=114e9a4688c893600a55798c9c13abcb67f514786e766f377f60f8e125f59fab; exactTagIdentitySha256=ca111b8ca5371fd794935a5aaa1a7dde1c20ad610567af3892ea9590163ca4f1; runtime reachability unresolved; placement and bounds unresolved; renderer suitability unresolved
swf-definition-05364,262,,shape,source-assets/flash/HELP MATH_ORIGINAL FILES/HELP_COURSES/ELMGR5/L5/RW/L5RW04.swf,,,8f6895b9700d469565f04308da37e70cba8348ee450288e160d7c87e9153413c,DefineShape3,,,none; machine census only; no renderer export,machine-extracted-definition-candidate,owner-provided SWF,container=root; definitionDepth=0; tagOrdinal=5364; payloadBytes=5128; rawTagPayloadSha256=8f6895b9700d469565f04308da37e70cba8348ee450288e160d7c87e9153413c; exactTagIdentitySha256=98d435d0606db7061f10967482be62faafa46625ffad491ea5a411cff4f93d51; runtime reachability unresolved; placement and bounds unresolved; renderer suitability unresolved
swf-definition-05365,263,,shape,source-assets/flash/HELP MATH_ORIGINAL FILES/HELP_COURSES/ELMGR5/L5/RW/L5RW04.swf,,,8daf3f1a06c32b69550ee63e1d5f757413b139d6c11ee7e0e1e850205f64473a,DefineShape3,,,none; machine census only; no renderer export,machine-extracted-definition-candidate,owner-provided SWF,container=root; definitionDepth=0; tagOrdinal=5365; payloadBytes=581; rawTagPayloadSha256=8daf3f1a06c32b69550ee63e1d5f757413b139d6c11ee7e0e1e850205f64473a; exactTagIdentitySha256=a6976718d6f27b70503356c6f5b11f3aaf5468ced3586c99c253dbb6b19a7113; runtime reachability unresolved; placement and bounds unresolved; renderer suitability unresolved
swf-definition-05366,264,,shape,source-assets/flash/HELP MATH_ORIGINAL FILES/HELP_COURSES/ELMGR5/L5/RW/L5RW04.swf,,,e2d26a88c893ad2751004f5a9378f6a85d7f58332323440f0c19480e989b124c,DefineShape3,,,none; machine census only; no renderer export,machine-extracted-definition-candidate,owner-provided SWF,container=root; definitionDepth=0; tagOrdinal=5366; payloadBytes=4245; rawTagPayloadSha256=e2d26a88c893ad2751004f5a9378f6a85d7f58332323440f0c19480e989b124c; exactTagIdentitySha256=ea49f7396f7fd0de26f73b0aa5cc51a8fb54dd343a17f8b654ca2a1d066dff6a; runtime reachability unresolved; placement and bounds unresolved; renderer suitability unresolved
swf-definition-05367,265,,shape,source-assets/flash/HELP MATH_ORIGINAL FILES/HELP_COURSES/ELMGR5/L5/RW/L5RW04.swf,,,652b59250e35cd80490a44a0b8ed024a6cd96489828a2efa4afff070a2f2aa3a,DefineShape3,,,none; machine census only; no renderer export,machine-extracted-definition-candidate,owner-provided SWF,container=root; definitionDepth=0; tagOrdinal=5367; payloadBytes=5162; rawTagPayloadSha256=652b59250e35cd80490a44a0b8ed024a6cd96489828a2efa4afff070a2f2aa3a; exactTagIdentitySha256=26ca7818c55cc0b1fb8e44686d0be6ff78898355462197a04872746542fca051; runtime reachability unresolved; placement and bounds unresolved; renderer suitability unresolved
swf-definition-05368,266,,shape,source-assets/flash/HELP MATH_ORIGINAL FILES/HELP_COURSES/ELMGR5/L5/RW/L5RW04.swf,,,62d1ff804972b5d2e56d53642a0627f92b91085d85c21bff9417aeef2e888bfc,DefineShape3,,,none; machine census only; no renderer export,machine-extracted-definition-candidate,owner-provided SWF,container=root; definitionDepth=0; tagOrdinal=5368; payloadBytes=581; rawTagPayloadSha256=62d1ff804972b5d2e56d53642a0627f92b91085d85c21bff9417aeef2e888bfc; exactTagIdentitySha256=8fdfb4772cf6ca28a70b87be3558ebfb210b49fa44a1298bd871233d204ae14c; runtime reachability unresolved; placement and bounds unresolved; renderer suitability unresolved
swf-definition-05369,267,,shape,source-assets/flash/HELP MATH_ORIGINAL FILES/HELP_COURSES/ELMGR5/L5/RW/L5RW04.swf,,,8aaee44e6790a1a4c46e6cdb45764115ec477520f5d21f4f2e1f542e0cb4e094,DefineShape3,,,none; machine census only; no renderer export,machine-extracted-definition-candidate,owner-provided SWF,container=root; definitionDepth=0; tagOrdinal=5369; payloadBytes=4204; rawTagPayloadSha256=8aaee44e6790a1a4c46e6cdb45764115ec477520f5d21f4f2e1f542e0cb4e094; exactTagIdentitySha256=8520ae47f8045118bd8af4bc14b7b73874592352d3f76c87382374efd039d99c; runtime reachability unresolved; placement and bounds unresolved; renderer suitability unresolved
swf-definition-05370,268,,shape,source-assets/flash/HELP MATH_ORIGINAL FILES/HELP_COURSES/ELMGR5/L5/RW/L5RW04.swf,,,7f6e2a07119520a58481a39ee69083b6fe37acd3983aafa16a6c414e16c89546,DefineShape3,,,none; machine census only; no renderer export,machine-extracted-definition-candidate,owner-provided SWF,container=root; definitionDepth=0; tagOrdinal=5370; payloadBytes=5357; rawTagPayloadSha256=7f6e2a07119520a58481a39ee69083b6fe37acd3983aafa16a6c414e16c89546; exactTagIdentitySha256=872b1cef2167771b5d08de8436b546fd6c021ed78daf1c5c277e57fa7c625893; runtime reachability unresolved; placement and bounds unresolved; renderer suitability unresolved
swf-definition-05371,269,,shape,source-assets/flash/HELP MATH_ORIGINAL FILES/HELP_COURSES/ELMGR5/L5/RW/L5RW04.swf,,,5d4d670cc8d993c204aecb91d7fa868743e407136c058fb03f507c54ea205d44,DefineShape3,,,none; machine census only; no renderer export,machine-extracted-definition-candidate,owner-provided SWF,container=root; definitionDepth=0; tagOrdinal=5371; payloadBytes=581; rawTagPayloadSha256=5d4d670cc8d993c204aecb91d7fa868743e407136c058fb03f507c54ea205d44; exactTagIdentitySha256=f6d30670d556057c9c63a7ddc5c1df641acc2e5ef65ea02f3b0e567b80f2a247; runtime reachability unresolved; placement and bounds unresolved; renderer suitability unresolved
swf-definition-05372,270,,shape,source-assets/flash/HELP MATH_ORIGINAL FILES/HELP_COURSES/ELMGR5/L5/RW/L5RW04.swf,,,50300015fd85b407d358cd81d506b99c7638312c1f2bfb8eb875a4edb47622c0,DefineShape3,,,none; machine census only; no renderer export,machine-extracted-definition-candidate,owner-provided SWF,container=root; definitionDepth=0; tagOrdinal=5372; payloadBytes=4307; rawTagPayloadSha256=50300015fd85b407d358cd81d506b99c7638312c1f2bfb8eb875a4edb47622c0; exactTagIdentitySha256=b281abc2bcd092a3fe7a2c2a9c1d218ad53273f9f9b02f4f1a7a7fecf84691db; runtime reachability unresolved; placement and bounds unresolved; renderer suitability unresolved
swf-definition-05373,271,,morph,source-assets/flash/HELP MATH_ORIGINAL FILES/HELP_COURSES/ELMGR5/L5/RW/L5RW04.swf,,,3f93d68d4a2d7e5b79f923e9c99cb828b068d9b423997ca128f6a0227e452095,DefineMorphShape,,,none; machine census only; no renderer export,machine-extracted-definition-candidate,owner-provided SWF,container=root; definitionDepth=0; tagOrdinal=5373; payloadBytes=88; rawTagPayloadSha256=3f93d68d4a2d7e5b79f923e9c99cb828b068d9b423997ca128f6a0227e452095; exactTagIdentitySha256=3fdaa3ccdb7225096e428aef28b75363424309f00c9ab22b1f60acfe33118874; runtime reachability unresolved; placement and bounds unresolved; renderer suitability unresolved
swf-definition-05374,272,,shape,source-assets/flash/HELP MATH_ORIGINAL FILES/HELP_COURSES/ELMGR5/L5/RW/L5RW04.swf,,,084bb5464ae60c6f929bb7f9b77f56f0abb8fc327540bbbd39d6d24e2b523ddf,DefineShape3,,,none; machine census only; no renderer export,machine-extracted-definition-candidate,owner-provided SWF,container=root; definitionDepth=0; tagOrdinal=5374; payloadBytes=87573; rawTagPayloadSha256=084bb5464ae60c6f929bb7f9b77f56f0abb8fc327540bbbd39d6d24e2b523ddf; exactTagIdentitySha256=843d3e0f72c4e7a0b0c05b6ee3b90fa25f829cae311b5169414fd71b6f6f1444; runtime reachability unresolved; placement and bounds unresolved; renderer suitability unresolved
swf-definition-05375,273,,shape,source-assets/flash/HELP MATH_ORIGINAL FILES/HELP_COURSES/ELMGR5/L5/RW/L5RW04.swf,,,c88b671d0922a5fd7d5a9a74d437d3e91cf58a26893fc5333ae383f2628fe79f,DefineShape3,,,none; machine census only; no renderer export,machine-extracted-definition-candidate,owner-provided SWF,container=root; definitionDepth=0; tagOrdinal=5375; payloadBytes=5335; rawTagPayloadSha256=c88b671d0922a5fd7d5a9a74d437d3e91cf58a26893fc5333ae383f2628fe79f; exactTagIdentitySha256=4968bc0be4d0ed48ea5d1b7b6cc20bfa17cfa0a1131c062a79b984779920424d; runtime reachability unresolved; placement and bounds unresolved; renderer suitability unresolved
swf-definition-05376,274,,shape,source-assets/flash/HELP MATH_ORIGINAL FILES/HELP_COURSES/ELMGR5/L5/RW/L5RW04.swf,,,91826b6fea7c0379c15dd225c93a936be327767a5469d2e00d47befdd7d1041c,DefineShape3,,,none; machine census only; no renderer export,machine-extracted-definition-candidate,owner-provided SWF,container=root; definitionDepth=0; tagOrdinal=5376; payloadBytes=581; rawTagPayloadSha256=91826b6fea7c0379c15dd225c93a936be327767a5469d2e00d47befdd7d1041c; exactTagIdentitySha256=96711f279f4b47fb79d85f222e7d5447cbe5178c8efeeced0964d6f8342cebd3; runtime reachability unresolved; placement and bounds unresolved; renderer suitability unresolved
swf-definition-05377,275,,shape,source-assets/flash/HELP MATH_ORIGINAL FILES/HELP_COURSES/ELMGR5/L5/RW/L5RW04.swf,,,efc7ef7555808cd6722e05f7ec1fb8fc4ce2c9fb93cac5de7cbbfc7489193d49,DefineShape3,,,none; machine census only; no renderer export,machine-extracted-definition-candidate,owner-provided SWF,container=root; definitionDepth=0; tagOrdinal=5377; payloadBytes=4427; rawTagPayloadSha256=efc7ef7555808cd6722e05f7ec1fb8fc4ce2c9fb93cac5de7cbbfc7489193d49; exactTagIdentitySha256=e5aa44f75c173e0bf345e773d5c37c0b9ff6df4b49cacf020ba92485282139e8; runtime reachability unresolved; placement and bounds unresolved; renderer suitability unresolved
swf-definition-05378,276,,shape,source-assets/flash/HELP MATH_ORIGINAL FILES/HELP_COURSES/ELMGR5/L5/RW/L5RW04.swf,,,f2603d54b30d9203f0cdd3d3123fd336084b11307b6ca0e2d6319e36de7de2bb,DefineShape3,,,none; machine census only; no renderer export,machine-extracted-definition-candidate,owner-provided SWF,container=root; definitionDepth=0; tagOrdinal=5378; payloadBytes=5353; rawTagPayloadSha256=f2603d54b30d9203f0cdd3d3123fd336084b11307b6ca0e2d6319e36de7de2bb; exactTagIdentitySha256=b6b4860673919f1518611cc0ab7e6d860d4487fcdfc8321416a8ea725595d174; runtime reachability unresolved; placement and bounds unresolved; renderer suitability unresolved
swf-definition-05379,277,,shape,source-assets/flash/HELP MATH_ORIGINAL FILES/HELP_COURSES/ELMGR5/L5/RW/L5RW04.swf,,,22a7ebac2cabb914aaf5d8aa56f09900b37100d8e3a85a2991b4bdfc037d5d5e,DefineShape3,,,none; machine census only; no renderer export,machine-extracted-definition-candidate,owner-provided SWF,container=root; definitionDepth=0; tagOrdinal=5379; payloadBytes=581; rawTagPayloadSha256=22a7ebac2cabb914aaf5d8aa56f09900b37100d8e3a85a2991b4bdfc037d5d5e; exactTagIdentitySha256=9fbb9699e6e629731f968d91c56ae92c98043967379f034a7404990330069d95; runtime reachability unresolved; placement and bounds unresolved; renderer suitability unresolved
swf-definition-05380,278,,shape,source-assets/flash/HELP MATH_ORIGINAL FILES/HELP_COURSES/ELMGR5/L5/RW/L5RW04.swf,,,b5f5ec7d25df09e69b0c80bfd402f8b4133022609aa6777372b7ee9d131c8360,DefineShape3,,,none; machine census only; no renderer export,machine-extracted-definition-candidate,owner-provided SWF,container=root; definitionDepth=0; tagOrdinal=5380; payloadBytes=4524; rawTagPayloadSha256=b5f5ec7d25df09e69b0c80bfd402f8b4133022609aa6777372b7ee9d131c8360; exactTagIdentitySha256=2311744b38763860a86f1e3bdc20dede9611a1bdd0b9bc555a3cd113e722e064; runtime reachability unresolved; placement and bounds unresolved; renderer suitability unresolved
swf-definition-05381,279,,shape,source-assets/flash/HELP MATH_ORIGINAL FILES/HELP_COURSES/ELMGR5/L5/RW/L5RW04.swf,,,56a0e8893fbcfcf53da4792f34ca6a44e9c4ecaf053cb5c4d1bac01895fdb68c,DefineShape3,,,none; machine census only; no renderer export,machine-extracted-definition-candidate,owner-provided SWF,container=root; definitionDepth=0; tagOrdinal=5381; payloadBytes=5343; rawTagPayloadSha256=56a0e8893fbcfcf53da4792f34ca6a44e9c4ecaf053cb5c4d1bac01895fdb68c; exactTagIdentitySha256=ce19d3ff36d7b5702d25f7cf7049ce0d593699565f2ee223927eba10b847dd7f; runtime reachability unresolved; placement and bounds unresolved; renderer suitability unresolved
swf-definition-05382,280,,shape,source-assets/flash/HELP MATH_ORIGINAL FILES/HELP_COURSES/ELMGR5/L5/RW/L5RW04.swf,,,6bd5866f3384def10a39126985bad6fbd88e249eb5fe4a9c1871df5daf6ba3d3,DefineShape3,,,none; machine census only; no renderer export,machine-extracted-definition-candidate,owner-provided SWF,container=root; definitionDepth=0; tagOrdinal=5382; payloadBytes=581; rawTagPayloadSha256=6bd5866f3384def10a39126985bad6fbd88e249eb5fe4a9c1871df5daf6ba3d3; exactTagIdentitySha256=f57a3f5e1e3602ff459f123db6d4ccf98bdbf262c5c33604dace31a33e7593f5; runtime reachability unresolved; placement and bounds unresolved; renderer suitability unresolved
swf-definition-05383,281,,shape,source-assets/flash/HELP MATH_ORIGINAL FILES/HELP_COURSES/ELMGR5/L5/RW/L5RW04.swf,,,3f05c1c2bb6c27cde5cb0522a176229c2b74c39f7f40560c205347c4f6ccb559,DefineShape3,,,none; machine census only; no renderer export,machine-extracted-definition-candidate,owner-provided SWF,container=root; definitionDepth=0; tagOrdinal=5383; payloadBytes=4443; rawTagPayloadSha256=3f05c1c2bb6c27cde5cb0522a176229c2b74c39f7f40560c205347c4f6ccb559; exactTagIdentitySha256=5b519f554dc3fd2a197d2e75094417fc243b9eaf1561bea5e345e20c607f6f8b; runtime reachability unresolved; placement and bounds unresolved; renderer suitability unresolved
swf-definition-05384,282,,shape,source-assets/flash/HELP MATH_ORIGINAL FILES/HELP_COURSES/ELMGR5/L5/RW/L5RW04.swf,,,e01460992b3626d97cfcb05d02d8b6f8011c585f139de76fc6373854f9bf83ab,DefineShape3,,,none; machine census only; no renderer export,machine-extracted-definition-candidate,owner-provided SWF,container=root; definitionDepth=0; tagOrdinal=5384; payloadBytes=5297; rawTagPayloadSha256=e01460992b3626d97cfcb05d02d8b6f8011c585f139de76fc6373854f9bf83ab; exactTagIdentitySha256=f048ff95ff9b7e6e3d38ee27e41f0ddb0ed8c9043596cdbb4f1c4265b48b72a1; runtime reachability unresolved; placement and bounds unresolved; renderer suitability unresolved
swf-definition-05385,283,,shape,source-assets/flash/HELP MATH_ORIGINAL FILES/HELP_COURSES/ELMGR5/L5/RW/L5RW04.swf,,,92829ce26003dc00149e35313564b9e96656670c38e399d092312cace90513a8,DefineShape3,,,none; machine census only; no renderer export,machine-extracted-definition-candidate,owner-provided SWF,container=root; definitionDepth=0; tagOrdinal=5385; payloadBytes=581; rawTagPayloadSha256=92829ce26003dc00149e35313564b9e96656670c38e399d092312cace90513a8; exactTagIdentitySha256=9cd9a4716333924a08f5fa8da39a126d923dccac191de175f239ddefcc346f1b; runtime reachability unresolved; placement and bounds unresolved; renderer suitability unresolved
swf-definition-05386,284,,shape,source-assets/flash/HELP MATH_ORIGINAL FILES/HELP_COURSES/ELMGR5/L5/RW/L5RW04.swf,,,439010dcca13648cee35ac43f1fc29d51b9a2123cf5f0e58d26999d3b4fc07b8,DefineShape3,,,none; machine census only; no renderer export,machine-extracted-definition-candidate,owner-provided SWF,container=root; definitionDepth=0; tagOrdinal=5386; payloadBytes=4371; rawTagPayloadSha256=439010dcca13648cee35ac43f1fc29d51b9a2123cf5f0e58d26999d3b4fc07b8; exactTagIdentitySha256=c0ca6e587246f7b474c121b66fe12b43bc90b0d19959f89c255c79e29598f5f3; runtime reachability unresolved; placement and bounds unresolved; renderer suitability unresolved
swf-definition-05387,285,,shape,source-assets/flash/HELP MATH_ORIGINAL FILES/HELP_COURSES/ELMGR5/L5/RW/L5RW04.swf,,,23b3923495560c8d449683945b9b91c746c3b00071b63abc618ba140f3af58c3,DefineShape3,,,none; machine census only; no renderer export,machine-extracted-definition-candidate,owner-provided SWF,container=root; definitionDepth=0; tagOrdinal=5387; payloadBytes=39; rawTagPayloadSha256=23b3923495560c8d449683945b9b91c746c3b00071b63abc618ba140f3af58c3; exactTagIdentitySha256=986d5d6594bb790762080eb9d5edbaa2ce904bdd0090cfcee7708819cf331c64; runtime reachability unresolved; placement and bounds unresolved; renderer suitability unresolved
swf-definition-05388,286,,shape,source-assets/flash/HELP MATH_ORIGINAL FILES/HELP_COURSES/ELMGR5/L5/RW/L5RW04.swf,,,1aa708cf2fdc24fb1d55c8225945a290a7335b4f136e1179471ae99a82aa1a87,DefineShape3,,,none; machine census only; no renderer export,machine-extracted-definition-candidate,owner-provided SWF,container=root; definitionDepth=0; tagOrdinal=5388; payloadBytes=5284; rawTagPayloadSha256=1aa708cf2fdc24fb1d55c8225945a290a7335b4f136e1179471ae99a82aa1a87; exactTagIdentitySha256=91f43c918bccc72e10b7d0027651c4cd61cea728c1fa44b41999f0921a29b5c8; runtime reachability unresolved; placement and bounds unresolved; renderer suitability unresolved
swf-definition-05389,287,,shape,source-assets/flash/HELP MATH_ORIGINAL FILES/HELP_COURSES/ELMGR5/L5/RW/L5RW04.swf,,,bd037b1e79157f9b34e79084858309b981ccdbc9a752dd7495c19e295ed687dc,DefineShape3,,,none; machine census only; no renderer export,machine-extracted-definition-candidate,owner-provided SWF,container=root; definitionDepth=0; tagOrdinal=5389; payloadBytes=581; rawTagPayloadSha256=bd037b1e79157f9b34e79084858309b981ccdbc9a752dd7495c19e295ed687dc; exactTagIdentitySha256=3da0eba5beebeeb11f6ea7fb63982a59c347032ea0eed107ddc3dd3eef13473e; runtime reachability unresolved; placement and bounds unresolved; renderer suitability unresolved
swf-definition-05390,288,,shape,source-assets/flash/HELP MATH_ORIGINAL FILES/HELP_COURSES/ELMGR5/L5/RW/L5RW04.swf,,,e762fd33dbd2cb9359d7a21eb219db9d9716dc22fe53cf5c32b593bb0a9957f3,DefineShape3,,,none; machine census only; no renderer export,machine-extracted-definition-candidate,owner-provided SWF,container=root; definitionDepth=0; tagOrdinal=5390; payloadBytes=4343; rawTagPayloadSha256=e762fd33dbd2cb9359d7a21eb219db9d9716dc22fe53cf5c32b593bb0a9957f3; exactTagIdentitySha256=aae2cf9ce0c8b3fe2eb72b5540dc6cbfd4ad5a3398180481ac8fe3ca9af9fee1; runtime reachability unresolved; placement and bounds unresolved; renderer suitability unresolved
swf-definition-05391,289,,shape,source-assets/flash/HELP MATH_ORIGINAL FILES/HELP_COURSES/ELMGR5/L5/RW/L5RW04.swf,,,0be425359d50c5b84e0b5c9934aea72f935920e201975653ccfbf6cd175ec067,DefineShape3,,,none; machine census only; no renderer export,machine-extracted-definition-candidate,owner-provided SWF,container=root; definitionDepth=0; tagOrdinal=5391; payloadBytes=5290; rawTagPayloadSha256=0be425359d50c5b84e0b5c9934aea72f935920e201975653ccfbf6cd175ec067; exactTagIdentitySha256=7b7f9f665753d43c1aed6f1c5e70731280e7300072be19644fe4999fa28c390c; runtime reachability unresolved; placement and bounds unresolved; renderer suitability unresolved
swf-definition-05392,290,,shape,source-assets/flash/HELP MATH_ORIGINAL FILES/HELP_COURSES/ELMGR5/L5/RW/L5RW04.swf,,,be23fc847f0d1fb0e511897b93563c39f6e63b926be59c92bb388e4eec7b19b0,DefineShape3,,,none; machine census only; no renderer export,machine-extracted-definition-candidate,owner-provided SWF,container=root; definitionDepth=0; tagOrdinal=5392; payloadBytes=581; rawTagPayloadSha256=be23fc847f0d1fb0e511897b93563c39f6e63b926be59c92bb388e4eec7b19b0; exactTagIdentitySha256=7eca34c2fdd0f01783e05da9ab5424a0c5a8af355b54e4ab1b1f8c6bd70a1d4c; runtime reachability unresolved; placement and bounds unresolved; renderer suitability unresolved
swf-definition-05393,291,,shape,source-assets/flash/HELP MATH_ORIGINAL FILES/HELP_COURSES/ELMGR5/L5/RW/L5RW04.swf,,,a5e0621138ab6b75e75a6e42a485c0605c0a34df8bf9b8df9cf7aaf881b334fa,DefineShape3,,,none; machine census only; no renderer export,machine-extracted-definition-candidate,owner-provided SWF,container=root; definitionDepth=0; tagOrdinal=5393; payloadBytes=4407; rawTagPayloadSha256=a5e0621138ab6b75e75a6e42a485c0605c0a34df8bf9b8df9cf7aaf881b334fa; exactTagIdentitySha256=378741e3cfae517cdad7c560d060090f023537d1331ffb5694670873d4a757ec; runtime reachability unresolved; placement and bounds unresolved; renderer suitability unresolved
swf-definition-05394,292,,shape,source-assets/flash/HELP MATH_ORIGINAL FILES/HELP_COURSES/ELMGR5/L5/RW/L5RW04.swf,,,4b4b768f5058080101b71bebe8c25a43c67e765dee2e1fd4a4f0d83326f29c64,DefineShape3,,,none; machine census only; no renderer export,machine-extracted-definition-candidate,owner-provided SWF,container=root; definitionDepth=0; tagOrdinal=5394; payloadBytes=5292; rawTagPayloadSha256=4b4b768f5058080101b71bebe8c25a43c67e765dee2e1fd4a4f0d83326f29c64; exactTagIdentitySha256=51d3ce704356bbb70ad9fbca6c240c641b39179106712c61b8073bdd606ed06e; runtime reachability unresolved; placement and bounds unresolved; renderer suitability unresolved
swf-definition-05395,293,,shape,source-assets/flash/HELP MATH_ORIGINAL FILES/HELP_COURSES/ELMGR5/L5/RW/L5RW04.swf,,,a35223517d81081e1da92e79b16f33dd9bff16758f94911192e4d34a770babea,DefineShape3,,,none; machine census only; no renderer export,machine-extracted-definition-candidate,owner-provided SWF,container=root; definitionDepth=0; tagOrdinal=5395; payloadBytes=581; rawTagPayloadSha256=a35223517d81081e1da92e79b16f33dd9bff16758f94911192e4d34a770babea; exactTagIdentitySha256=2af0dd4d1c1471515382fbccb282519b83486b3e6c9dfec50216a9c61c00df2c; runtime reachability unresolved; placement and bounds unresolved; renderer suitability unresolved
swf-definition-05396,294,,shape,source-assets/flash/HELP MATH_ORIGINAL FILES/HELP_COURSES/ELMGR5/L5/RW/L5RW04.swf,,,8d1dc54cc4d6ac71bba282e44e747a07c3dd78933b6d95153eccd2ea43592d0a,DefineShape3,,,none; machine census only; no renderer export,machine-extracted-definition-candidate,owner-provided SWF,container=root; definitionDepth=0; tagOrdinal=5396; payloadBytes=4388; rawTagPayloadSha256=8d1dc54cc4d6ac71bba282e44e747a07c3dd78933b6d95153eccd2ea43592d0a; exactTagIdentitySha256=7472fb4195a5357b70585a285e473309d167837ec7986d1f0ed5a3555096a808; runtime reachability unresolved; placement and bounds unresolved; renderer suitability unresolved
swf-definition-05397,295,,shape,source-assets/flash/HELP MATH_ORIGINAL FILES/HELP_COURSES/ELMGR5/L5/RW/L5RW04.swf,,,dfd85dfd11ca30ce23682fd51b9ccdc035c3b52f78b1389bb8a3b9e23f5f5fad,DefineShape3,,,none; machine census only; no renderer export,machine-extracted-definition-candidate,owner-provided SWF,container=root; definitionDepth=0; tagOrdinal=5397; payloadBytes=5282; rawTagPayloadSha256=dfd85dfd11ca30ce23682fd51b9ccdc035c3b52f78b1389bb8a3b9e23f5f5fad; exactTagIdentitySha256=bc206876ea663853989534feacbbcc73f3f76c725669f60501c5e0f89b79e700; runtime reachability unresolved; placement and bounds unresolved; renderer suitability unresolved
swf-definition-05398,296,,shape,source-assets/flash/HELP MATH_ORIGINAL FILES/HELP_COURSES/ELMGR5/L5/RW/L5RW04.swf,,,c78b159f65222347bbcf3e792a466643714cbf8dd59db2083b36c8ad1d356cc3,DefineShape3,,,none; machine census only; no renderer export,machine-extracted-definition-candidate,owner-provided SWF,container=root; definitionDepth=0; tagOrdinal=5398; payloadBytes=581; rawTagPayloadSha256=c78b159f65222347bbcf3e792a466643714cbf8dd59db2083b36c8ad1d356cc3; exactTagIdentitySha256=a42db7f55e7740b48256aa4e8dc5e56d95b974032d31af4961b19fdf62063629; runtime reachability unresolved; placement and bounds unresolved; renderer suitability unresolved
swf-definition-05399,297,,shape,source-assets/flash/HELP MATH_ORIGINAL FILES/HELP_COURSES/ELMGR5/L5/RW/L5RW04.swf,,,d575830303714230b325152d8713a6b5098fba80dd4a0704f0959c3689dcb4f8,DefineShape3,,,none; machine census only; no renderer export,machine-extracted-definition-candidate,owner-provided SWF,container=root; definitionDepth=0; tagOrdinal=5399; payloadBytes=4377; rawTagPayloadSha256=d575830303714230b325152d8713a6b5098fba80dd4a0704f0959c3689dcb4f8; exactTagIdentitySha256=0c314832fdcf497ff274a23e0aeb666aa80519d2a2362272162361b86a9ea774; runtime reachability unresolved; placement and bounds unresolved; renderer suitability unresolved
swf-definition-05400,298,,shape,source-assets/flash/HELP MATH_ORIGINAL FILES/HELP_COURSES/ELMGR5/L5/RW/L5RW04.swf,,,3004453d29ff8be0671c1837092c82ff21d7dd394fe88b3d77ef0d2e96954dc9,DefineShape3,,,none; machine census only; no renderer export,machine-extracted-definition-candidate,owner-provided SWF,container=root; definitionDepth=0; tagOrdinal=5400; payloadBytes=5282; rawTagPayloadSha256=3004453d29ff8be0671c1837092c82ff21d7dd394fe88b3d77ef0d2e96954dc9; exactTagIdentitySha256=bf617ef7f90cbc949b73990ceea53a5adadfd01931a876816fe457cd812005a2; runtime reachability unresolved; placement and bounds unresolved; renderer suitability unresolved
swf-definition-05401,299,,shape,source-assets/flash/HELP MATH_ORIGINAL FILES/HELP_COURSES/ELMGR5/L5/RW/L5RW04.swf,,,0143184ffe9aba2e071234362c0ade6daa0c0d66ddba22907ce9bed13eacef4e,DefineShape3,,,none; machine census only; no renderer export,machine-extracted-definition-candidate,owner-provided SWF,container=root; definitionDepth=0; tagOrdinal=5401; payloadBytes=581; rawTagPayloadSha256=0143184ffe9aba2e071234362c0ade6daa0c0d66ddba22907ce9bed13eacef4e; exactTagIdentitySha256=ae8d50e9635d6fbdd1f86f22a4d1631d6e55f57f3f374c0746bf7d018239be9d; runtime reachability unresolved; placement and bounds unresolved; renderer suitability unresolved
swf-definition-05402,300,,shape,source-assets/flash/HELP MATH_ORIGINAL FILES/HELP_COURSES/ELMGR5/L5/RW/L5RW04.swf,,,d0cb8793ad6b07a4b986f15c8c19d1c856cd7d31a8c0a678807125242e0a4f7d,DefineShape3,,,none; machine census only; no renderer export,machine-extracted-definition-candidate,owner-provided SWF,container=root; definitionDepth=0; tagOrdinal=5402; payloadBytes=4310; rawTagPayloadSha256=d0cb8793ad6b07a4b986f15c8c19d1c856cd7d31a8c0a678807125242e0a4f7d; exactTagIdentitySha256=42aff19222fc9fe6f1436e59115bf3bfe44175032604726fcc88fe408381e9da; runtime reachability unresolved; placement and bounds unresolved; renderer suitability unresolved
swf-definition-05403,301,,shape,source-assets/flash/HELP MATH_ORIGINAL FILES/HELP_COURSES/ELMGR5/L5/RW/L5RW04.swf,,,e74d72543e68d2167799dec7f61d926326bc14868efbc2f4a5d1f386b0e4b708,DefineShape3,,,none; machine census only; no renderer export,machine-extracted-definition-candidate,owner-provided SWF,container=root; definitionDepth=0; tagOrdinal=5403; payloadBytes=5219; rawTagPayloadSha256=e74d72543e68d2167799dec7f61d926326bc14868efbc2f4a5d1f386b0e4b708; exactTagIdentitySha256=0478d4920b6b2278f2c3672ff2971a2a4dfc0cc863dcac2475fbca427a6aa9ae; runtime reachability unresolved; placement and bounds unresolved; renderer suitability unresolved
swf-definition-05404,302,,shape,source-assets/flash/HELP MATH_ORIGINAL FILES/HELP_COURSES/ELMGR5/L5/RW/L5RW04.swf,,,176a933d3075bacb54cd3e5889e912ec2679416cb4764f249ce8a8d849b94764,DefineShape3,,,none; machine census only; no renderer export,machine-extracted-definition-candidate,owner-provided SWF,container=root; definitionDepth=0; tagOrdinal=5404; payloadBytes=581; rawTagPayloadSha256=176a933d3075bacb54cd3e5889e912ec2679416cb4764f249ce8a8d849b94764; exactTagIdentitySha256=fa71573f0f721cc7e2c9bc4442b9bd5c1421b4b53a0693a9b137bd7be1def423; runtime reachability unresolved; placement and bounds unresolved; renderer suitability unresolved
swf-definition-05405,303,,shape,source-assets/flash/HELP MATH_ORIGINAL FILES/HELP_COURSES/ELMGR5/L5/RW/L5RW04.swf,,,baa326aae4e7d7f6b659ff5ad6993a19a07d90386eb35d602274e945f147ce95,DefineShape3,,,none; machine census only; no renderer export,machine-extracted-definition-candidate,owner-provided SWF,container=root; definitionDepth=0; tagOrdinal=5405; payloadBytes=4396; rawTagPayloadSha256=baa326aae4e7d7f6b659ff5ad6993a19a07d90386eb35d602274e945f147ce95; exactTagIdentitySha256=4c59e834661ea63782cfdfa649fb7607e5e31ed10f8a8d870a8a54ece28cc345; runtime reachability unresolved; placement and bounds unresolved; renderer suitability unresolved
swf-definition-05406,304,,shape,source-assets/flash/HELP MATH_ORIGINAL FILES/HELP_COURSES/ELMGR5/L5/RW/L5RW04.swf,,,6e0e3c5dde8f720e41f772c84af8e7ae19eeb940ab151911fa7ebd635e1875b6,DefineShape3,,,none; machine census only; no renderer export,machine-extracted-definition-candidate,owner-provided SWF,container=root; definitionDepth=0; tagOrdinal=5406; payloadBytes=5225; rawTagPayloadSha256=6e0e3c5dde8f720e41f772c84af8e7ae19eeb940ab151911fa7ebd635e1875b6; exactTagIdentitySha256=fa487b83ef311ae41de0421315746f7cb1caafe4eb910a3e72d289e1a69b8441; runtime reachability unresolved; placement and bounds unresolved; renderer suitability unresolved
swf-definition-05407,305,,shape,source-assets/flash/HELP MATH_ORIGINAL FILES/HELP_COURSES/ELMGR5/L5/RW/L5RW04.swf,,,57a9ee3bbf753513a25a5de2a98d1999f3ba56d985191435b702ab20379a6247,DefineShape3,,,none; machine census only; no renderer export,machine-extracted-definition-candidate,owner-provided SWF,container=root; definitionDepth=0; tagOrdinal=5407; payloadBytes=1030; rawTagPayloadSha256=57a9ee3bbf753513a25a5de2a98d1999f3ba56d985191435b702ab20379a6247; exactTagIdentitySha256=e457d9477d55b6667778bedc8aa5d92b0de87336de3f7088068c183b3528ef23; runtime reachability unresolved; placement and bounds unresolved; renderer suitability unresolved
swf-definition-05408,306,,shape,source-assets/flash/HELP MATH_ORIGINAL FILES/HELP_COURSES/ELMGR5/L5/RW/L5RW04.swf,,,b5a91fd29dbfb748834d87ccf80a580a00a9f1c5e698d9a3360d49652f6be676,DefineShape3,,,none; machine census only; no renderer export,machine-extracted-definition-candidate,owner-provided SWF,container=root; definitionDepth=0; tagOrdinal=5408; payloadBytes=3905; rawTagPayloadSha256=b5a91fd29dbfb748834d87ccf80a580a00a9f1c5e698d9a3360d49652f6be676; exactTagIdentitySha256=99462355a6e67cc155f60a23e0f97b1d37a530a127a77556080f04bfd0e36e9f; runtime reachability unresolved; placement and bounds unresolved; renderer suitability unresolved
swf-definition-05409,307,,shape,source-assets/flash/HELP MATH_ORIGINAL FILES/HELP_COURSES/ELMGR5/L5/RW/L5RW04.swf,,,1b6dafda77c4313f48db96ee65d29968df4905fae604c72568a06cc00fa6068e,DefineShape3,,,none; machine census only; no renderer export,machine-extracted-definition-candidate,owner-provided SWF,container=root; definitionDepth=0; tagOrdinal=5409; payloadBytes=5250; rawTagPayloadSha256=1b6dafda77c4313f48db96ee65d29968df4905fae604c72568a06cc00fa6068e; exactTagIdentitySha256=ac89698bfa2bafb9ee3fcf716432a4d9c99dff0178c25cea610fab0617578fbf; runtime reachability unresolved; placement and bounds unresolved; renderer suitability unresolved
swf-definition-05410,308,,shape,source-assets/flash/HELP MATH_ORIGINAL FILES/HELP_COURSES/ELMGR5/L5/RW/L5RW04.swf,,,c99593ef4e3cc392b5cb8ffb3327f2fdd3547382a2a711d1bacdb4c112648b24,DefineShape3,,,none; machine census only; no renderer export,machine-extracted-definition-candidate,owner-provided SWF,container=root; definitionDepth=0; tagOrdinal=5410; payloadBytes=1042; rawTagPayloadSha256=c99593ef4e3cc392b5cb8ffb3327f2fdd3547382a2a711d1bacdb4c112648b24; exactTagIdentitySha256=5f33b69804a0efb50e479ad9ff55deed5deecf4e965dabc5fea37ffa0b8f4b5c; runtime reachability unresolved; placement and bounds unresolved; renderer suitability unresolved
swf-definition-05411,309,,shape,source-assets/flash/HELP MATH_ORIGINAL FILES/HELP_COURSES/ELMGR5/L5/RW/L5RW04.swf,,,05d0ee70f4d95ce3dc8805b2b7bce6dbcb517c2e23145f05cad988dc19d697bc,DefineShape3,,,none; machine census only; no renderer export,machine-extracted-definition-candidate,owner-provided SWF,container=root; definitionDepth=0; tagOrdinal=5411; payloadBytes=3917; rawTagPayloadSha256=05d0ee70f4d95ce3dc8805b2b7bce6dbcb517c2e23145f05cad988dc19d697bc; exactTagIdentitySha256=444aa2176f73934933dfc98f502e18e49db74f629528757bd890ef53c1400288; runtime reachability unresolved; placement and bounds unresolved; renderer suitability unresolved
swf-definition-05412,310,,shape,source-assets/flash/HELP MATH_ORIGINAL FILES/HELP_COURSES/ELMGR5/L5/RW/L5RW04.swf,,,7b590722ea7dec5565a68d0b90e0ac36b80ad312f170b0563a4a57ad37857691,DefineShape3,,,none; machine census only; no renderer export,machine-extracted-definition-candidate,owner-provided SWF,container=root; definitionDepth=0; tagOrdinal=5412; payloadBytes=5251; rawTagPayloadSha256=7b590722ea7dec5565a68d0b90e0ac36b80ad312f170b0563a4a57ad37857691; exactTagIdentitySha256=24b4d1a7abd3d667911a82c2e8b6f85376e7028e1a3505aad3e5647c6216d495; runtime reachability unresolved; placement and bounds unresolved; renderer suitability unresolved
swf-definition-05413,311,,shape,source-assets/flash/HELP MATH_ORIGINAL FILES/HELP_COURSES/ELMGR5/L5/RW/L5RW04.swf,,,5e6f985f2f13f0e217de0980f56bac3ec3a4634281c3f9686e63605302ec6e41,DefineShape3,,,none; machine census only; no renderer export,machine-extracted-definition-candidate,owner-provided SWF,container=root; definitionDepth=0; tagOrdinal=5413; payloadBytes=1047; rawTagPayloadSha256=5e6f985f2f13f0e217de0980f56bac3ec3a4634281c3f9686e63605302ec6e41; exactTagIdentitySha256=bc272a1c547314ba0b34de54000a219b13e37e575b1d784ef2c48f5575d13884; runtime reachability unresolved; placement and bounds unresolved; renderer suitability unresolved
swf-definition-05414,312,,shape,source-assets/flash/HELP MATH_ORIGINAL FILES/HELP_COURSES/ELMGR5/L5/RW/L5RW04.swf,,,5574a982f4a6d17beb2d682161b1fe4ac15438fe2656a7c3e50dd169b6482274,DefineShape3,,,none; machine census only; no renderer export,machine-extracted-definition-candidate,owner-provided SWF,container=root; definitionDepth=0; tagOrdinal=5414; payloadBytes=3942; rawTagPayloadSha256=5574a982f4a6d17beb2d682161b1fe4ac15438fe2656a7c3e50dd169b6482274; exactTagIdentitySha256=4af4a1acde8c04be1d237bea42f9e018689c01a68efd50979d82d625212d1e28; runtime reachability unresolved; placement and bounds unresolved; renderer suitability unresolved
swf-definition-05415,313,,shape,source-assets/flash/HELP MATH_ORIGINAL FILES/HELP_COURSES/ELMGR5/L5/RW/L5RW04.swf,,,4e2d984c7255ad5e9b627b2834ffdfa32ea4d35fd876c81cfcb708432419bd24,DefineShape3,,,none; machine census only; no renderer export,machine-extracted-definition-candidate,owner-provided SWF,container=root; definitionDepth=0; tagOrdinal=5415; payloadBytes=5231; rawTagPayloadSha256=4e2d984c7255ad5e9b627b2834ffdfa32ea4d35fd876c81cfcb708432419bd24; exactTagIdentitySha256=4a9aad6abf13726e535b7e7e9748cff0fe943d03d8e161b731dd3f17f52c99fd; runtime reachability unresolved; placement and bounds unresolved; renderer suitability unresolved
swf-definition-05416,314,,shape,source-assets/flash/HELP MATH_ORIGINAL FILES/HELP_COURSES/ELMGR5/L5/RW/L5RW04.swf,,,6f94ca0dcb1714bf3e503b4593084ec5015d5c1317d8d74c2a41e38e426a7da4,DefineShape3,,,none; machine census only; no renderer export,machine-extracted-definition-candidate,owner-provided SWF,container=root; definitionDepth=0; tagOrdinal=5416; payloadBytes=1060; rawTagPayloadSha256=6f94ca0dcb1714bf3e503b4593084ec5015d5c1317d8d74c2a41e38e426a7da4; exactTagIdentitySha256=212cdbbe076ba25f1cc3901b30709c54299ba0595171d8186f6014af0d37d4e8; runtime reachability unresolved; placement and bounds unresolved; renderer suitability unresolved
swf-definition-05417,315,,shape,source-assets/flash/HELP MATH_ORIGINAL FILES/HELP_COURSES/ELMGR5/L5/RW/L5RW04.swf,,,c8bee90390ac1ce7a1ba826e117ac7bae1e49ab42017e44d7a46c1693eaf828a,DefineShape3,,,none; machine census only; no renderer export,machine-extracted-definition-candidate,owner-provided SWF,container=root; definitionDepth=0; tagOrdinal=5417; payloadBytes=3949; rawTagPayloadSha256=c8bee90390ac1ce7a1ba826e117ac7bae1e49ab42017e44d7a46c1693eaf828a; exactTagIdentitySha256=3d3aeaba003a62de4e37a0234f3eb2e7148d9e6cda0ed57a5f11341c7fdc2e17; runtime reachability unresolved; placement and bounds unresolved; renderer suitability unresolved
swf-definition-05418,316,,shape,source-assets/flash/HELP MATH_ORIGINAL FILES/HELP_COURSES/ELMGR5/L5/RW/L5RW04.swf,,,5becad58a88c244f6cef4bec7da44e7feda54b343f2ac3a0251e84278aa34d57,DefineShape3,,,none; machine census only; no renderer export,machine-extracted-definition-candidate,owner-provided SWF,container=root; definitionDepth=0; tagOrdinal=5418; payloadBytes=5247; rawTagPayloadSha256=5becad58a88c244f6cef4bec7da44e7feda54b343f2ac3a0251e84278aa34d57; exactTagIdentitySha256=96fb02da30f1c6d95e4c36207e557572caace64c3bed8a1f392603f2bc03a6d5; runtime reachability unresolved; placement and bounds unresolved; renderer suitability unresolved
swf-definition-05419,317,,shape,source-assets/flash/HELP MATH_ORIGINAL FILES/HELP_COURSES/ELMGR5/L5/RW/L5RW04.swf,,,0b8e27e51cedb3134f38e66cfac1ec59c0d4043bcccb096d8e5908872ca7d2aa,DefineShape3,,,none; machine census only; no renderer export,machine-extracted-definition-candidate,owner-provided SWF,container=root; definitionDepth=0; tagOrdinal=5419; payloadBytes=1055; rawTagPayloadSha256=0b8e27e51cedb3134f38e66cfac1ec59c0d4043bcccb096d8e5908872ca7d2aa; exactTagIdentitySha256=8d67a943110a81f1b60cb58b0090b7ce90ab270e3425a4a1ea303659a7c68ed5; runtime reachability unresolved; placement and bounds unresolved; renderer suitability unresolved
swf-definition-05420,318,,shape,source-assets/flash/HELP MATH_ORIGINAL FILES/HELP_COURSES/ELMGR5/L5/RW/L5RW04.swf,,,83df5eff2b05d66b8913e8892dd081c9f23f8c5aa8f01afb2bdfe27759289040,DefineShape3,,,none; machine census only; no renderer export,machine-extracted-definition-candidate,owner-provided SWF,container=root; definitionDepth=0; tagOrdinal=5420; payloadBytes=3947; rawTagPayloadSha256=83df5eff2b05d66b8913e8892dd081c9f23f8c5aa8f01afb2bdfe27759289040; exactTagIdentitySha256=200a0ab21038a16b5ad1e02fd5b7d459742b8f60e29ecb6b1b9364b9005beb47; runtime reachability unresolved; placement and bounds unresolved; renderer suitability unresolved
swf-definition-05421,319,,shape,source-assets/flash/HELP MATH_ORIGINAL FILES/HELP_COURSES/ELMGR5/L5/RW/L5RW04.swf,,,9eec73cab22036f23f780c37bc872de19787522eb42b6e5452796959613cb133,DefineShape3,,,none; machine census only; no renderer export,machine-extracted-definition-candidate,owner-provided SWF,container=root; definitionDepth=0; tagOrdinal=5421; payloadBytes=4970; rawTagPayloadSha256=9eec73cab22036f23f780c37bc872de19787522eb42b6e5452796959613cb133; exactTagIdentitySha256=6f77ce2081080df3046884ffcfe667c2aae14d0d3c7c33a4689fc2878bf1d03c; runtime reachability unresolved; placement and bounds unresolved; renderer suitability unresolved
swf-definition-05422,320,,shape,source-assets/flash/HELP MATH_ORIGINAL FILES/HELP_COURSES/ELMGR5/L5/RW/L5RW04.swf,,,2129a4ad97af3d87873f8a01c5335b87ab5984c822948935fb120a459ac89d11,DefineShape3,,,none; machine census only; no renderer export,machine-extracted-definition-candidate,owner-provided SWF,container=root; definitionDepth=0; tagOrdinal=5422; payloadBytes=997; rawTagPayloadSha256=2129a4ad97af3d87873f8a01c5335b87ab5984c822948935fb120a459ac89d11; exactTagIdentitySha256=1d3ed25a3587f1ca40e5b85ee512de1350aab17f735eff5ee3dfaa86a29c0f7b; runtime reachability unresolved; placement and bounds unresolved; renderer suitability unresolved
swf-definition-05423,321,,shape,source-assets/flash/HELP MATH_ORIGINAL FILES/HELP_COURSES/ELMGR5/L5/RW/L5RW04.swf,,,6b351972091f0a7125d0484bbbee47f26bf5fd3b49c283263d2dda5d28865f8a,DefineShape3,,,none; machine census only; no renderer export,machine-extracted-definition-candidate,owner-provided SWF,container=root; definitionDepth=0; tagOrdinal=5423; payloadBytes=3953; rawTagPayloadSha256=6b351972091f0a7125d0484bbbee47f26bf5fd3b49c283263d2dda5d28865f8a; exactTagIdentitySha256=8d563043098a296ad70bfb0a534a7f6916683da88336856caf8b10953a293a18; runtime reachability unresolved; placement and bounds unresolved; renderer suitability unresolved
swf-definition-05424,322,,shape,source-assets/flash/HELP MATH_ORIGINAL FILES/HELP_COURSES/ELMGR5/L5/RW/L5RW04.swf,,,e7ff95cd2ba4db91108d25a3e9bfb0c98a5433d41724126c434e88fb839b1e0e,DefineShape3,,,none; machine census only; no renderer export,machine-extracted-definition-candidate,owner-provided SWF,container=root; definitionDepth=0; tagOrdinal=5424; payloadBytes=5000; rawTagPayloadSha256=e7ff95cd2ba4db91108d25a3e9bfb0c98a5433d41724126c434e88fb839b1e0e; exactTagIdentitySha256=6cd6205360d926f47c4d8b7ca32b011437c96c5b6bd93cd4522fdee07eb996db; runtime reachability unresolved; placement and bounds unresolved; renderer suitability unresolved
swf-definition-05425,323,,shape,source-assets/flash/HELP MATH_ORIGINAL FILES/HELP_COURSES/ELMGR5/L5/RW/L5RW04.swf,,,53fc30b18a50c5f6fea81444bf5fd9436796fffa9a7a36e99aad70bc65cc1908,DefineShape3,,,none; machine census only; no renderer export,machine-extracted-definition-candidate,owner-provided SWF,container=root; definitionDepth=0; tagOrdinal=5425; payloadBytes=994; rawTagPayloadSha256=53fc30b18a50c5f6fea81444bf5fd9436796fffa9a7a36e99aad70bc65cc1908; exactTagIdentitySha256=1daa26465448bbb6b5af000309f29e3a6cf56733e30fb1c391a32363bf87b510; runtime reachability unresolved; placement and bounds unresolved; renderer suitability unresolved
swf-definition-05426,324,,shape,source-assets/flash/HELP MATH_ORIGINAL FILES/HELP_COURSES/ELMGR5/L5/RW/L5RW04.swf,,,ec5359efbeefefbe55913adc8499c7d4f685eca020f8ad9e0adc330f4fa714b1,DefineShape3,,,none; machine census only; no renderer export,machine-extracted-definition-candidate,owner-provided SWF,container=root; definitionDepth=0; tagOrdinal=5426; payloadBytes=3944; rawTagPayloadSha256=ec5359efbeefefbe55913adc8499c7d4f685eca020f8ad9e0adc330f4fa714b1; exactTagIdentitySha256=1f97eb01591bc869be5f4196576d6df038c9b65bc5f9e245bc2b712b9f11237d; runtime reachability unresolved; placement and bounds unresolved; renderer suitability unresolved
swf-definition-05427,325,,shape,source-assets/flash/HELP MATH_ORIGINAL FILES/HELP_COURSES/ELMGR5/L5/RW/L5RW04.swf,,,db456f57cdec40182b073dda5872e6c668f380aefedfd0e0c2614130e062ba7b,DefineShape3,,,none; machine census only; no renderer export,machine-extracted-definition-candidate,owner-provided SWF,container=root; definitionDepth=0; tagOrdinal=5427; payloadBytes=4989; rawTagPayloadSha256=db456f57cdec40182b073dda5872e6c668f380aefedfd0e0c2614130e062ba7b; exactTagIdentitySha256=08755f6cf06582adbb667cac7f1fa0dc2a891f8dad353627138a60633f393e2f; runtime reachability unresolved; placement and bounds unresolved; renderer suitability unresolved
swf-definition-05428,326,,shape,source-assets/flash/HELP MATH_ORIGINAL FILES/HELP_COURSES/ELMGR5/L5/RW/L5RW04.swf,,,615205286a0fb304dda6e51af3430c82367ff27a58282c4a518acaa07d4114eb,DefineShape3,,,none; machine census only; no renderer export,machine-extracted-definition-candidate,owner-provided SWF,container=root; definitionDepth=0; tagOrdinal=5428; payloadBytes=1005; rawTagPayloadSha256=615205286a0fb304dda6e51af3430c82367ff27a58282c4a518acaa07d4114eb; exactTagIdentitySha256=94bcf233e5323ca67331a3098500d182b36ecea810361414fe2fba734bb13ef3; runtime reachability unresolved; placement and bounds unresolved; renderer suitability unresolved
swf-definition-05429,327,,shape,source-assets/flash/HELP MATH_ORIGINAL FILES/HELP_COURSES/ELMGR5/L5/RW/L5RW04.swf,,,8b1e6d306088acf3a632ad94bdd7eb9930b30a06e15f412efb664dd778c3d602,DefineShape3,,,none; machine census only; no renderer export,machine-extracted-definition-candidate,owner-provided SWF,container=root; definitionDepth=0; tagOrdinal=5429; payloadBytes=3947; rawTagPayloadSha256=8b1e6d306088acf3a632ad94bdd7eb9930b30a06e15f412efb664dd778c3d602; exactTagIdentitySha256=32d1f08cb4f28373b956e3b3f201d69a4ac818f6b3a9e3c59311bb3f84884c49; runtime reachability unresolved; placement and bounds unresolved; renderer suitability unresolved
swf-definition-05430,328,,shape,source-assets/flash/HELP MATH_ORIGINAL FILES/HELP_COURSES/ELMGR5/L5/RW/L5RW04.swf,,,54d0ea46d59b27855d847bee1f93c4829a6fa737be8bc42f5474d8ec633d6308,DefineShape3,,,none; machine census only; no renderer export,machine-extracted-definition-candidate,owner-provided SWF,container=root; definitionDepth=0; tagOrdinal=5430; payloadBytes=4992; rawTagPayloadSha256=54d0ea46d59b27855d847bee1f93c4829a6fa737be8bc42f5474d8ec633d6308; exactTagIdentitySha256=58cc227eb81bf714acaee1adac74ab741bf1a688ea2848eae6d59938e4697405; runtime reachability unresolved; placement and bounds unresolved; renderer suitability unresolved
swf-definition-05431,329,,shape,source-assets/flash/HELP MATH_ORIGINAL FILES/HELP_COURSES/ELMGR5/L5/RW/L5RW04.swf,,,eb34e08f791eb4ca8937cc75cc5cc3f3b091fe64d5302290d0f737ca2701214a,DefineShape3,,,none; machine census only; no renderer export,machine-extracted-definition-candidate,owner-provided SWF,container=root; definitionDepth=0; tagOrdinal=5431; payloadBytes=1050; rawTagPayloadSha256=eb34e08f791eb4ca8937cc75cc5cc3f3b091fe64d5302290d0f737ca2701214a; exactTagIdentitySha256=b48ba2215bf54636d6ce6ac73313ce9280c2ae1995fdbc677acd1e8224cd5319; runtime reachability unresolved; placement and bounds unresolved; renderer suitability unresolved
swf-definition-05432,330,,shape,source-assets/flash/HELP MATH_ORIGINAL FILES/HELP_COURSES/ELMGR5/L5/RW/L5RW04.swf,,,cb49ba87061ceab36d67098ced382877955f541134940dfa691693928596d8ff,DefineShape3,,,none; machine census only; no renderer export,machine-extracted-definition-candidate,owner-provided SWF,container=root; definitionDepth=0; tagOrdinal=5432; payloadBytes=3952; rawTagPayloadSha256=cb49ba87061ceab36d67098ced382877955f541134940dfa691693928596d8ff; exactTagIdentitySha256=1dcc697258c29bf62cfe1f723dc15cbc74b536335c9da7735480149205d01aff; runtime reachability unresolved; placement and bounds unresolved; renderer suitability unresolved
swf-definition-05433,331,,shape,source-assets/flash/HELP MATH_ORIGINAL FILES/HELP_COURSES/ELMGR5/L5/RW/L5RW04.swf,,,ef491fa78e2082afb2b72b308d514bfc7a0277b01f6ccfb01b85d4c6b2169b80,DefineShape3,,,none; machine census only; no renderer export,machine-extracted-definition-candidate,owner-provided SWF,container=root; definitionDepth=0; tagOrdinal=5433; payloadBytes=4979; rawTagPayloadSha256=ef491fa78e2082afb2b72b308d514bfc7a0277b01f6ccfb01b85d4c6b2169b80; exactTagIdentitySha256=0e740b305a24c3bf327b0b3d5eb65d798faddbdbb5e38453c6e2e87a9a632f5b; runtime reachability unresolved; placement and bounds unresolved; renderer suitability unresolved
swf-definition-05434,332,,shape,source-assets/flash/HELP MATH_ORIGINAL FILES/HELP_COURSES/ELMGR5/L5/RW/L5RW04.swf,,,476f736c46a4c3eaea499a28ae8e4a5ac7ce98f9d8b5c093525c35846578abc9,DefineShape3,,,none; machine census only; no renderer export,machine-extracted-definition-candidate,owner-provided SWF,container=root; definitionDepth=0; tagOrdinal=5434; payloadBytes=1066; rawTagPayloadSha256=476f736c46a4c3eaea499a28ae8e4a5ac7ce98f9d8b5c093525c35846578abc9; exactTagIdentitySha256=e6c940eea8a6f133ea4ca584d9ec15dbcadbc3844482bdcdf0e72787101348ca; runtime reachability unresolved; placement and bounds unresolved; renderer suitability unresolved
swf-definition-05435,333,,shape,source-assets/flash/HELP MATH_ORIGINAL FILES/HELP_COURSES/ELMGR5/L5/RW/L5RW04.swf,,,b95680b4db2c72aacbbe8562a4579d988817a870d98d1afa3f790da4d45fdc13,DefineShape3,,,none; machine census only; no renderer export,machine-extracted-definition-candidate,owner-provided SWF,container=root; definitionDepth=0; tagOrdinal=5435; payloadBytes=3954; rawTagPayloadSha256=b95680b4db2c72aacbbe8562a4579d988817a870d98d1afa3f790da4d45fdc13; exactTagIdentitySha256=cde0ecf74f439f912ac41da2033fc5e40e87468cd52e2655e27421c4fdd1dd7f; runtime reachability unresolved; placement and bounds unresolved; renderer suitability unresolved
swf-definition-05436,334,,shape,source-assets/flash/HELP MATH_ORIGINAL FILES/HELP_COURSES/ELMGR5/L5/RW/L5RW04.swf,,,94baf2a457e7239fb4c071203feab6ee4ff432e410329a6e07e1e5a8803d149a,DefineShape3,,,none; machine census only; no renderer export,machine-extracted-definition-candidate,owner-provided SWF,container=root; definitionDepth=0; tagOrdinal=5436; payloadBytes=4980; rawTagPayloadSha256=94baf2a457e7239fb4c071203feab6ee4ff432e410329a6e07e1e5a8803d149a; exactTagIdentitySha256=9220287f2550160244f9c5101267a3c0a2c2ef246df21251858d5ce3e2d5cb1f; runtime reachability unresolved; placement and bounds unresolved; renderer suitability unresolved
swf-definition-05437,335,,shape,source-assets/flash/HELP MATH_ORIGINAL FILES/HELP_COURSES/ELMGR5/L5/RW/L5RW04.swf,,,7011c052202ccb6d96703c1de2f1f7f8c383bcbf9469e71601fe8d47ee465ce0,DefineShape3,,,none; machine census only; no renderer export,machine-extracted-definition-candidate,owner-provided SWF,container=root; definitionDepth=0; tagOrdinal=5437; payloadBytes=1048; rawTagPayloadSha256=7011c052202ccb6d96703c1de2f1f7f8c383bcbf9469e71601fe8d47ee465ce0; exactTagIdentitySha256=cc31758131329491ddff511e026ca9432904256ff14b185d5d4c007de420410d; runtime reachability unresolved; placement and bounds unresolved; renderer suitability unresolved
swf-definition-05438,336,,shape,source-assets/flash/HELP MATH_ORIGINAL FILES/HELP_COURSES/ELMGR5/L5/RW/L5RW04.swf,,,56a2e91bac920563e8d67ce0a3bc087c3df7c0191429c50652a865a2887ed742,DefineShape3,,,none; machine census only; no renderer export,machine-extracted-definition-candidate,owner-provided SWF,container=root; definitionDepth=0; tagOrdinal=5438; payloadBytes=3955; rawTagPayloadSha256=56a2e91bac920563e8d67ce0a3bc087c3df7c0191429c50652a865a2887ed742; exactTagIdentitySha256=692e274ac8505596bbbf993fe84ab68e80446cb4488c9bbc8474daa6c616fc33; runtime reachability unresolved; placement and bounds unresolved; renderer suitability unresolved
swf-definition-05439,337,,shape,source-assets/flash/HELP MATH_ORIGINAL FILES/HELP_COURSES/ELMGR5/L5/RW/L5RW04.swf,,,1e2db33156b5fdafb334e05e3c41e720ccee68753cab60a8ae6dcccb0cb59c62,DefineShape3,,,none; machine census only; no renderer export,machine-extracted-definition-candidate,owner-provided SWF,container=root; definitionDepth=0; tagOrdinal=5439; payloadBytes=4983; rawTagPayloadSha256=1e2db33156b5fdafb334e05e3c41e720ccee68753cab60a8ae6dcccb0cb59c62; exactTagIdentitySha256=fc059ca271d1f9f9f259e27d38e7e2c2672d2a58eaf43784ff427b368ca5cd93; runtime reachability unresolved; placement and bounds unresolved; renderer suitability unresolved
swf-definition-05440,338,,shape,source-assets/flash/HELP MATH_ORIGINAL FILES/HELP_COURSES/ELMGR5/L5/RW/L5RW04.swf,,,637d88e812fa93f0d80db2563981ad332a6e1d3107afdeb7f3edcf9cb5c03b33,DefineShape3,,,none; machine census only; no renderer export,machine-extracted-definition-candidate,owner-provided SWF,container=root; definitionDepth=0; tagOrdinal=5440; payloadBytes=1021; rawTagPayloadSha256=637d88e812fa93f0d80db2563981ad332a6e1d3107afdeb7f3edcf9cb5c03b33; exactTagIdentitySha256=d7d6b8acb689d1f10e5e3ef5c69af26d58dc7e5ffbb819363862b924120cf337; runtime reachability unresolved; placement and bounds unresolved; renderer suitability unresolved
swf-definition-05441,339,,shape,source-assets/flash/HELP MATH_ORIGINAL FILES/HELP_COURSES/ELMGR5/L5/RW/L5RW04.swf,,,defb536d0f02e27a09a7f8533041db89992841e954d29e94bf1be924f9943431,DefineShape3,,,none; machine census only; no renderer export,machine-extracted-definition-candidate,owner-provided SWF,container=root; definitionDepth=0; tagOrdinal=5441; payloadBytes=3950; rawTagPayloadSha256=defb536d0f02e27a09a7f8533041db89992841e954d29e94bf1be924f9943431; exactTagIdentitySha256=dc1254ebfaa3778517d8771ffcde8efa97cab8e592e2f09c4505834192b7d004; runtime reachability unresolved; placement and bounds unresolved; renderer suitability unresolved
swf-definition-05442,340,,shape,source-assets/flash/HELP MATH_ORIGINAL FILES/HELP_COURSES/ELMGR5/L5/RW/L5RW04.swf,,,81d3de3d3d003e9b9646c75a72c21c7dcaaff0a86a7ddc73b19ee9fef7d593a8,DefineShape3,,,none; machine census only; no renderer export,machine-extracted-definition-candidate,owner-provided SWF,container=root; definitionDepth=0; tagOrdinal=5442; payloadBytes=4983; rawTagPayloadSha256=81d3de3d3d003e9b9646c75a72c21c7dcaaff0a86a7ddc73b19ee9fef7d593a8; exactTagIdentitySha256=c835fb21b543bd9b8f8565a6046262eb3256b6a9ad3e67b880164a403e31dddd; runtime reachability unresolved; placement and bounds unresolved; renderer suitability unresolved
swf-definition-05443,341,,shape,source-assets/flash/HELP MATH_ORIGINAL FILES/HELP_COURSES/ELMGR5/L5/RW/L5RW04.swf,,,f595750decbe51fb48294e255fe44564560abde6bd7d8d8b3bf6657ff2abbe9e,DefineShape3,,,none; machine census only; no renderer export,machine-extracted-definition-candidate,owner-provided SWF,container=root; definitionDepth=0; tagOrdinal=5443; payloadBytes=1019; rawTagPayloadSha256=f595750decbe51fb48294e255fe44564560abde6bd7d8d8b3bf6657ff2abbe9e; exactTagIdentitySha256=2e46946813e4985b9c099310b8eae797efd9393f60b0984c53e3b942713b9a4f; runtime reachability unresolved; placement and bounds unresolved; renderer suitability unresolved
swf-definition-05444,342,,shape,source-assets/flash/HELP MATH_ORIGINAL FILES/HELP_COURSES/ELMGR5/L5/RW/L5RW04.swf,,,240cc421b5a8da9b7fabd72bc5d18c9f49c6df4e26d2e3b0bb42760703d02098,DefineShape3,,,none; machine census only; no renderer export,machine-extracted-definition-candidate,owner-provided SWF,container=root; definitionDepth=0; tagOrdinal=5444; payloadBytes=3951; rawTagPayloadSha256=240cc421b5a8da9b7fabd72bc5d18c9f49c6df4e26d2e3b0bb42760703d02098; exactTagIdentitySha256=81a0cffeb2ce4ae7162cfcfe248b711d60191206181afebefc58634b70228745; runtime reachability unresolved; placement and bounds unresolved; renderer suitability unresolved
swf-definition-05445,343,,shape,source-assets/flash/HELP MATH_ORIGINAL FILES/HELP_COURSES/ELMGR5/L5/RW/L5RW04.swf,,,658041d6d60f262c2f36c22dd9f483d3b3ff6354300b668a3ef0bb522cbf91e7,DefineShape3,,,none; machine census only; no renderer export,machine-extracted-definition-candidate,owner-provided SWF,container=root; definitionDepth=0; tagOrdinal=5445; payloadBytes=4980; rawTagPayloadSha256=658041d6d60f262c2f36c22dd9f483d3b3ff6354300b668a3ef0bb522cbf91e7; exactTagIdentitySha256=48290251637ba665aa6fac6228046ab648d725b710e32ff48ceee798deb03eb6; runtime reachability unresolved; placement and bounds unresolved; renderer suitability unresolved
swf-definition-05446,344,,shape,source-assets/flash/HELP MATH_ORIGINAL FILES/HELP_COURSES/ELMGR5/L5/RW/L5RW04.swf,,,d08e6b84dd89906819c19bd901c28deb0f36dde5e2e28b0879d5d620e2b2a631,DefineShape3,,,none; machine census only; no renderer export,machine-extracted-definition-candidate,owner-provided SWF,container=root; definitionDepth=0; tagOrdinal=5446; payloadBytes=1023; rawTagPayloadSha256=d08e6b84dd89906819c19bd901c28deb0f36dde5e2e28b0879d5d620e2b2a631; exactTagIdentitySha256=5bc3d04b31d0ac4eb5a41650be36fb2a1f4e1a690497504c98c87e13effcac5c; runtime reachability unresolved; placement and bounds unresolved; renderer suitability unresolved
swf-definition-05447,345,,shape,source-assets/flash/HELP MATH_ORIGINAL FILES/HELP_COURSES/ELMGR5/L5/RW/L5RW04.swf,,,a865f5a01c04eb92f0ca0a4e4a199d30c03258818efa4aa22dc852fbd1ed43df,DefineShape3,,,none; machine census only; no renderer export,machine-extracted-definition-candidate,owner-provided SWF,container=root; definitionDepth=0; tagOrdinal=5447; payloadBytes=3938; rawTagPayloadSha256=a865f5a01c04eb92f0ca0a4e4a199d30c03258818efa4aa22dc852fbd1ed43df; exactTagIdentitySha256=81cce112a888c3500eb6623f34f0e5730e89b780e183b382c6bcd5fdbb14d18d; runtime reachability unresolved; placement and bounds unresolved; renderer suitability unresolved
swf-definition-05448,346,,shape,source-assets/flash/HELP MATH_ORIGINAL FILES/HELP_COURSES/ELMGR5/L5/RW/L5RW04.swf,,,c40203be2a36e10856dda35141dae62d84d40800b2726a733483f6d3b2f2da4d,DefineShape3,,,none; machine census only; no renderer export,machine-extracted-definition-candidate,owner-provided SWF,container=root; definitionDepth=0; tagOrdinal=5448; payloadBytes=5001; rawTagPayloadSha256=c40203be2a36e10856dda35141dae62d84d40800b2726a733483f6d3b2f2da4d; exactTagIdentitySha256=b10773279050a9915cb86bcc07bab64d571769102b0833488031d6e9a8a1b46f; runtime reachability unresolved; placement and bounds unresolved; renderer suitability unresolved
swf-definition-05449,347,,shape,source-assets/flash/HELP MATH_ORIGINAL FILES/HELP_COURSES/ELMGR5/L5/RW/L5RW04.swf,,,2edf2e98b4329159d6eacb109af396f4f47f600e9e4892d018a7b269d28e7f03,DefineShape3,,,none; machine census only; no renderer export,machine-extracted-definition-candidate,owner-provided SWF,container=root; definitionDepth=0; tagOrdinal=5449; payloadBytes=1014; rawTagPayloadSha256=2edf2e98b4329159d6eacb109af396f4f47f600e9e4892d018a7b269d28e7f03; exactTagIdentitySha256=9dc7f758ce4eb5ad41b63f180a67973505de5e2912a5cd37d69a67112534e780; runtime reachability unresolved; placement and bounds unresolved; renderer suitability unresolved
swf-definition-05450,348,,shape,source-assets/flash/HELP MATH_ORIGINAL FILES/HELP_COURSES/ELMGR5/L5/RW/L5RW04.swf,,,32eaa6230585c47117c6bf434737c49adc9ea1312d34355b3fa4d10bc111785d,DefineShape3,,,none; machine census only; no renderer export,machine-extracted-definition-candidate,owner-provided SWF,container=root; definitionDepth=0; tagOrdinal=5450; payloadBytes=3952; rawTagPayloadSha256=32eaa6230585c47117c6bf434737c49adc9ea1312d34355b3fa4d10bc111785d; exactTagIdentitySha256=1ce7ed0f3a6b984dcfe5ef995b74e3fd61b92f1b0ab4a0210aad404bd74327d3; runtime reachability unresolved; placement and bounds unresolved; renderer suitability unresolved
swf-definition-05451,349,,shape,source-assets/flash/HELP MATH_ORIGINAL FILES/HELP_COURSES/ELMGR5/L5/RW/L5RW04.swf,,,4cd74168344590ee200443de03ff1d3400fb676e8045926362333cb70db8c357,DefineShape3,,,none; machine census only; no renderer export,machine-extracted-definition-candidate,owner-provided SWF,container=root; definitionDepth=0; tagOrdinal=5451; payloadBytes=5179; rawTagPayloadSha256=4cd74168344590ee200443de03ff1d3400fb676e8045926362333cb70db8c357; exactTagIdentitySha256=ad6887938410903a38ba452bef1cbff2e23233e0341884587b158c9503cbac7f; runtime reachability unresolved; placement and bounds unresolved; renderer suitability unresolved
swf-definition-05452,350,,shape,source-assets/flash/HELP MATH_ORIGINAL FILES/HELP_COURSES/ELMGR5/L5/RW/L5RW04.swf,,,7455da4bc595de4313653e3496935fe97a86e6e64edd5f01d10de3b2ebffbe41,DefineShape3,,,none; machine census only; no renderer export,machine-extracted-definition-candidate,owner-provided SWF,container=root; definitionDepth=0; tagOrdinal=5452; payloadBytes=1020; rawTagPayloadSha256=7455da4bc595de4313653e3496935fe97a86e6e64edd5f01d10de3b2ebffbe41; exactTagIdentitySha256=0bfc3042b2393080c71bd4774dc2b3022c1402c8d8cbedae206d9319e105cfd0; runtime reachability unresolved; placement and bounds unresolved; renderer suitability unresolved
swf-definition-05453,351,,shape,source-assets/flash/HELP MATH_ORIGINAL FILES/HELP_COURSES/ELMGR5/L5/RW/L5RW04.swf,,,dbec90f37d0f45983c2c5860c0c0a97448ca173a4df09103b9a5185ebb75b31b,DefineShape3,,,none; machine census only; no renderer export,machine-extracted-definition-candidate,owner-provided SWF,container=root; definitionDepth=0; tagOrdinal=5453; payloadBytes=3946; rawTagPayloadSha256=dbec90f37d0f45983c2c5860c0c0a97448ca173a4df09103b9a5185ebb75b31b; exactTagIdentitySha256=9493343d2836e88311f95bffcc5cdf5487594427ac23e14d9b19238966a1ae3b; runtime reachability unresolved; placement and bounds unresolved; renderer suitability unresolved
swf-definition-05454,352,,shape,source-assets/flash/HELP MATH_ORIGINAL FILES/HELP_COURSES/ELMGR5/L5/RW/L5RW04.swf,,,f8ca11ea51f7b09372b1e6e45a55e147f93e147be4ef79356b661cdb7895b613,DefineShape3,,,none; machine census only; no renderer export,machine-extracted-definition-candidate,owner-provided SWF,container=root; definitionDepth=0; tagOrdinal=5454; payloadBytes=4931; rawTagPayloadSha256=f8ca11ea51f7b09372b1e6e45a55e147f93e147be4ef79356b661cdb7895b613; exactTagIdentitySha256=ca859f0a208baf04188aebf57f8b1995b22e7d890e9740679861eafb4b4c625c; runtime reachability unresolved; placement and bounds unresolved; renderer suitability unresolved
swf-definition-05455,353,,shape,source-assets/flash/HELP MATH_ORIGINAL FILES/HELP_COURSES/ELMGR5/L5/RW/L5RW04.swf,,,e0bfe2091bb359eddf370ed796f3c9a7c2156fcc0754bf322c80e95045dd13cf,DefineShape3,,,none; machine census only; no renderer export,machine-extracted-definition-candidate,owner-provided SWF,container=root; definitionDepth=0; tagOrdinal=5455; payloadBytes=581; rawTagPayloadSha256=e0bfe2091bb359eddf370ed796f3c9a7c2156fcc0754bf322c80e95045dd13cf; exactTagIdentitySha256=4f5d90fbeadbe6ecfffe0ccd2d9f3621bcb4c604471e4b875a271419c8f1ae0e; runtime reachability unresolved; placement and bounds unresolved; renderer suitability unresolved
swf-definition-05456,354,,shape,source-assets/flash/HELP MATH_ORIGINAL FILES/HELP_COURSES/ELMGR5/L5/RW/L5RW04.swf,,,8585ea990e057a6bc1e3f076f6fde6e5c26470a89dcae0d2ac9bd4fc6e0dbaa1,DefineShape3,,,none; machine census only; no renderer export,machine-extracted-definition-candidate,owner-provided SWF,container=root; definitionDepth=0; tagOrdinal=5456; payloadBytes=4383; rawTagPayloadSha256=8585ea990e057a6bc1e3f076f6fde6e5c26470a89dcae0d2ac9bd4fc6e0dbaa1; exactTagIdentitySha256=e13a56aade350b07f817e72a0c638339b4be27be09e382c58821fcc472434d97; runtime reachability unresolved; placement and bounds unresolved; renderer suitability unresolved
swf-definition-05457,355,,shape,source-assets/flash/HELP MATH_ORIGINAL FILES/HELP_COURSES/ELMGR5/L5/RW/L5RW04.swf,,,a848deafd25a732ed6b02c5d60ecc71ef29b05a0beafa5313941694ce20b65d0,DefineShape3,,,none; machine census only; no renderer export,machine-extracted-definition-candidate,owner-provided SWF,container=root; definitionDepth=0; tagOrdinal=5457; payloadBytes=581; rawTagPayloadSha256=a848deafd25a732ed6b02c5d60ecc71ef29b05a0beafa5313941694ce20b65d0; exactTagIdentitySha256=8e4271e0d9db7c56128fc702fb9bee7a3749fe266cca98d57c28a7b0aa1c65e5; runtime reachability unresolved; placement and bounds unresolved; renderer suitability unresolved
swf-definition-05458,356,,shape,source-assets/flash/HELP MATH_ORIGINAL FILES/HELP_COURSES/ELMGR5/L5/RW/L5RW04.swf,,,14da4e88d93596d36c01265fb34d70d16859a5545883cfaf5383fc8084eb5008,DefineShape3,,,none; machine census only; no renderer export,machine-extracted-definition-candidate,owner-provided SWF,container=root; definitionDepth=0; tagOrdinal=5458; payloadBytes=4388; rawTagPayloadSha256=14da4e88d93596d36c01265fb34d70d16859a5545883cfaf5383fc8084eb5008; exactTagIdentitySha256=f5d70ffa1735577ff645f14ec92e24728517f3bf02a815c07c526732e930f968; runtime reachability unresolved; placement and bounds unresolved; renderer suitability unresolved
swf-definition-05459,357,,shape,source-assets/flash/HELP MATH_ORIGINAL FILES/HELP_COURSES/ELMGR5/L5/RW/L5RW04.swf,,,fdf3ef4b2fe6fbca8bf4f1516c4ef10ff6d032a2d3e0d8476c6cc1f191a7521f,DefineShape3,,,none; machine census only; no renderer export,machine-extracted-definition-candidate,owner-provided SWF,container=root; definitionDepth=0; tagOrdinal=5459; payloadBytes=581; rawTagPayloadSha256=fdf3ef4b2fe6fbca8bf4f1516c4ef10ff6d032a2d3e0d8476c6cc1f191a7521f; exactTagIdentitySha256=8a6de81fabf3a2777dffeaad1620b8b7b391564c17282f3606140d3968010dde; runtime reachability unresolved; placement and bounds unresolved; renderer suitability unresolved
swf-definition-05460,358,,shape,source-assets/flash/HELP MATH_ORIGINAL FILES/HELP_COURSES/ELMGR5/L5/RW/L5RW04.swf,,,d72b2e5ec7628663767413578e34a1444c85bf16e05515eecb3a76a3017d00ea,DefineShape3,,,none; machine census only; no renderer export,machine-extracted-definition-candidate,owner-provided SWF,container=root; definitionDepth=0; tagOrdinal=5460; payloadBytes=4392; rawTagPayloadSha256=d72b2e5ec7628663767413578e34a1444c85bf16e05515eecb3a76a3017d00ea; exactTagIdentitySha256=a8cef240278f9e4f67d7a4f831fbdedbf07cce005bda9448de684fb420134ff6; runtime reachability unresolved; placement and bounds unresolved; renderer suitability unresolved
swf-definition-05461,359,,shape,source-assets/flash/HELP MATH_ORIGINAL FILES/HELP_COURSES/ELMGR5/L5/RW/L5RW04.swf,,,aad95cf8a24768b14661707e592884796ac0ec1a55631c30aff267e7ddf94753,DefineShape3,,,none; machine census only; no renderer export,machine-extracted-definition-candidate,owner-provided SWF,container=root; definitionDepth=0; tagOrdinal=5461; payloadBytes=581; rawTagPayloadSha256=aad95cf8a24768b14661707e592884796ac0ec1a55631c30aff267e7ddf94753; exactTagIdentitySha256=ea2713d26228e61e40743c43d05048d4fb47eebf883b1e8ed30c927ea6f6bf18; runtime reachability unresolved; placement and bounds unresolved; renderer suitability unresolved
swf-definition-05462,360,,shape,source-assets/flash/HELP MATH_ORIGINAL FILES/HELP_COURSES/ELMGR5/L5/RW/L5RW04.swf,,,c68c0d6be964c9c838bfe6ab6f8db203e010c8966bd04ce55a7d39c958b38cb1,DefineShape3,,,none; machine census only; no renderer export,machine-extracted-definition-candidate,owner-provided SWF,container=root; definitionDepth=0; tagOrdinal=5462; payloadBytes=4399; rawTagPayloadSha256=c68c0d6be964c9c838bfe6ab6f8db203e010c8966bd04ce55a7d39c958b38cb1; exactTagIdentitySha256=b31503f6ff111170647bc4658192b5885bd548207188248152cdb6259d9e0449; runtime reachability unresolved; placement and bounds unresolved; renderer suitability unresolved
swf-definition-05463,361,,shape,source-assets/flash/HELP MATH_ORIGINAL FILES/HELP_COURSES/ELMGR5/L5/RW/L5RW04.swf,,,c17fbcead6df52c2fe0880d0dcb88a370d11482e906b4e024f72346bbf486292,DefineShape2,,,none; machine census only; no renderer export,machine-extracted-definition-candidate,owner-provided SWF,container=root; definitionDepth=0; tagOrdinal=5463; payloadBytes=473; rawTagPayloadSha256=c17fbcead6df52c2fe0880d0dcb88a370d11482e906b4e024f72346bbf486292; exactTagIdentitySha256=a73ba866bd93e6aa21c87ade29b8b75fbeefaa8c690558a11869f76ae8d9fd1d; runtime reachability unresolved; placement and bounds unresolved; renderer suitability unresolved
swf-definition-05464,362,,shape,source-assets/flash/HELP MATH_ORIGINAL FILES/HELP_COURSES/ELMGR5/L5/RW/L5RW04.swf,,,c3e473ccb6c954aab59ee3c0108d3effc69fbd8bc6f32d59845227269533419a,DefineShape2,,,none; machine census only; no renderer export,machine-extracted-definition-candidate,owner-provided SWF,container=root; definitionDepth=0; tagOrdinal=5464; payloadBytes=565; rawTagPayloadSha256=c3e473ccb6c954aab59ee3c0108d3effc69fbd8bc6f32d59845227269533419a; exactTagIdentitySha256=40edcace4a94f44bd6316f7391cb20da0d1df93ce782e5b3f110d469dcd8481e; runtime reachability unresolved; placement and bounds unresolved; renderer suitability unresolved
swf-definition-05465,363,,shape,source-assets/flash/HELP MATH_ORIGINAL FILES/HELP_COURSES/ELMGR5/L5/RW/L5RW04.swf,,,efb106ad5c2b381f6ccc70e2f8455ec6fe9d16c070a17a64a28027bbf1a345a7,DefineShape2,,,none; machine census only; no renderer export,machine-extracted-definition-candidate,owner-provided SWF,container=root; definitionDepth=0; tagOrdinal=5465; payloadBytes=401; rawTagPayloadSha256=efb106ad5c2b381f6ccc70e2f8455ec6fe9d16c070a17a64a28027bbf1a345a7; exactTagIdentitySha256=1fc4be69c59cad5575ff7ec8489aa9b819d75d69957c001ea1e0532ee057232e; runtime reachability unresolved; placement and bounds unresolved; renderer suitability unresolved
swf-definition-05466,364,,shape,source-assets/flash/HELP MATH_ORIGINAL FILES/HELP_COURSES/ELMGR5/L5/RW/L5RW04.swf,,,95ee83dfea4bf74707dedd46472172ba528458450df5159463c804d97e0803bb,DefineShape2,,,none; machine census only; no renderer export,machine-extracted-definition-candidate,owner-provided SWF,container=root; definitionDepth=0; tagOrdinal=5466; payloadBytes=423; rawTagPayloadSha256=95ee83dfea4bf74707dedd46472172ba528458450df5159463c804d97e0803bb; exactTagIdentitySha256=be9f76e4f42ef791d73431125aea039780036a5a514e6f195a870962c8a82c9b; runtime reachability unresolved; placement and bounds unresolved; renderer suitability unresolved
swf-definition-05467,365,,shape,source-assets/flash/HELP MATH_ORIGINAL FILES/HELP_COURSES/ELMGR5/L5/RW/L5RW04.swf,,,5c38cc8de6295742a93d18ee005d0d9960371280f7bc2fb64b67ec9049cdf4a5,DefineShape2,,,none; machine census only; no renderer export,machine-extracted-definition-candidate,owner-provided SWF,container=root; definitionDepth=0; tagOrdinal=5467; payloadBytes=429; rawTagPayloadSha256=5c38cc8de6295742a93d18ee005d0d9960371280f7bc2fb64b67ec9049cdf4a5; exactTagIdentitySha256=53e50dcb40f43167b5c6b5f8c1c2e31b2c48abd6a97a1f83d89a107d21bfb585; runtime reachability unresolved; placement and bounds unresolved; renderer suitability unresolved
swf-definition-05468,366,,shape,source-assets/flash/HELP MATH_ORIGINAL FILES/HELP_COURSES/ELMGR5/L5/RW/L5RW04.swf,,,e6a13a6384efdd73ad1879024e80e298cf55585ca44eea1290bbf56150f2bb6e,DefineShape2,,,none; machine census only; no renderer export,machine-extracted-definition-candidate,owner-provided SWF,container=root; definitionDepth=0; tagOrdinal=5468; payloadBytes=408; rawTagPayloadSha256=e6a13a6384efdd73ad1879024e80e298cf55585ca44eea1290bbf56150f2bb6e; exactTagIdentitySha256=c16c553fb3a723b4d5dda28130141207c6502170eca9b71c82243dee6257f335; runtime reachability unresolved; placement and bounds unresolved; renderer suitability unresolved
swf-definition-05469,367,,shape,source-assets/flash/HELP MATH_ORIGINAL FILES/HELP_COURSES/ELMGR5/L5/RW/L5RW04.swf,,,95213b216994114acfc10b278bf34e14f0bbdd06b22e45c668683c31d27de366,DefineShape2,,,none; machine census only; no renderer export,machine-extracted-definition-candidate,owner-provided SWF,container=root; definitionDepth=0; tagOrdinal=5469; payloadBytes=410; rawTagPayloadSha256=95213b216994114acfc10b278bf34e14f0bbdd06b22e45c668683c31d27de366; exactTagIdentitySha256=dba24ad0a937c4e431a886b6a51cb6e18f5a191d625fa983633dcede45e58251; runtime reachability unresolved; placement and bounds unresolved; renderer suitability unresolved
swf-definition-05470,368,,shape,source-assets/flash/HELP MATH_ORIGINAL FILES/HELP_COURSES/ELMGR5/L5/RW/L5RW04.swf,,,31849521811557de401f54afed30fc8baa892af924ccc57a59604d7c70dde5c1,DefineShape2,,,none; machine census only; no renderer export,machine-extracted-definition-candidate,owner-provided SWF,container=root; definitionDepth=0; tagOrdinal=5470; payloadBytes=410; rawTagPayloadSha256=31849521811557de401f54afed30fc8baa892af924ccc57a59604d7c70dde5c1; exactTagIdentitySha256=7e7d49254a7531d0d7162263d7bff99652804d8f6789d318c99b6844c6ac192a; runtime reachability unresolved; placement and bounds unresolved; renderer suitability unresolved
swf-definition-05471,369,,shape,source-assets/flash/HELP MATH_ORIGINAL FILES/HELP_COURSES/ELMGR5/L5/RW/L5RW04.swf,,,7e208de12fae3d599479aaee9958e04eaf354af8e489b0990a950f9e31026f6f,DefineShape2,,,none; machine census only; no renderer export,machine-extracted-definition-candidate,owner-provided SWF,container=root; definitionDepth=0; tagOrdinal=5471; payloadBytes=408; rawTagPayloadSha256=7e208de12fae3d599479aaee9958e04eaf354af8e489b0990a950f9e31026f6f; exactTagIdentitySha256=a536093ce5cbbc1c64bfcbb5261837b77b960526d4803a3b0e2009bf606cffac; runtime reachability unresolved; placement and bounds unresolved; renderer suitability unresolved
swf-definition-05472,370,,shape,source-assets/flash/HELP MATH_ORIGINAL FILES/HELP_COURSES/ELMGR5/L5/RW/L5RW04.swf,,,9d361a85efbf13a51b24e37d1008e7a2279396c2029c133c28aa2347e1970879,DefineShape2,,,none; machine census only; no renderer export,machine-extracted-definition-candidate,owner-provided SWF,container=root; definitionDepth=0; tagOrdinal=5472; payloadBytes=408; rawTagPayloadSha256=9d361a85efbf13a51b24e37d1008e7a2279396c2029c133c28aa2347e1970879; exactTagIdentitySha256=71b2bab8dbdfe0621c205c359b113ccaf1e3b8ca5663e32043bd75472cd2f697; runtime reachability unresolved; placement and bounds unresolved; renderer suitability unresolved
swf-definition-05473,371,,shape,source-assets/flash/HELP MATH_ORIGINAL FILES/HELP_COURSES/ELMGR5/L5/RW/L5RW04.swf,,,9655069c5132885426ee9a6141a21f421edc9c3f0cb962927cb8140a4efc98fa,DefineShape2,,,none; machine census only; no renderer export,machine-extracted-definition-candidate,owner-provided SWF,container=root; definitionDepth=0; tagOrdinal=5473; payloadBytes=438; rawTagPayloadSha256=9655069c5132885426ee9a6141a21f421edc9c3f0cb962927cb8140a4efc98fa; exactTagIdentitySha256=15eb213d919dad23cd224563b452033786fa96f6defaf96e40c65b918b60f624; runtime reachability unresolved; placement and bounds unresolved; renderer suitability unresolved
swf-definition-05474,372,,shape,source-assets/flash/HELP MATH_ORIGINAL FILES/HELP_COURSES/ELMGR5/L5/RW/L5RW04.swf,,,59d3565898e0d259102b3297a9c109cd70ab87d9271fa2f5182656e48975680b,DefineShape2,,,none; machine census only; no renderer export,machine-extracted-definition-candidate,owner-provided SWF,container=root; definitionDepth=0; tagOrdinal=5474; payloadBytes=411; rawTagPayloadSha256=59d3565898e0d259102b3297a9c109cd70ab87d9271fa2f5182656e48975680b; exactTagIdentitySha256=4ec274823805221799da6002e12e271fdfbfc6829235898ec77181429d48e41f; runtime reachability unresolved; placement and bounds unresolved; renderer suitability unresolved
swf-definition-05475,373,,shape,source-assets/flash/HELP MATH_ORIGINAL FILES/HELP_COURSES/ELMGR5/L5/RW/L5RW04.swf,,,018f6dd76f902ee6735417080f94f024317ea01fe4bbc4f6e8027b10064387e4,DefineShape2,,,none; machine census only; no renderer export,machine-extracted-definition-candidate,owner-provided SWF,container=root; definitionDepth=0; tagOrdinal=5475; payloadBytes=498; rawTagPayloadSha256=018f6dd76f902ee6735417080f94f024317ea01fe4bbc4f6e8027b10064387e4; exactTagIdentitySha256=367149c80cf1bd82b03a43121ef742653fe80d49a55b8926afd74c6fc157fb65; runtime reachability unresolved; placement and bounds unresolved; renderer suitability unresolved
swf-definition-05476,374,,sprite,source-assets/flash/HELP MATH_ORIGINAL FILES/HELP_COURSES/ELMGR5/L5/RW/L5RW04.swf,,,a693764d6f33d087bab453dd6afb270550db16a306f97fa0ff1f2e29f4269095,DefineSprite,,,none; machine census only; no renderer export,machine-extracted-definition-candidate,owner-provided SWF,container=root; definitionDepth=0; tagOrdinal=5476; payloadBytes=231; rawTagPayloadSha256=a693764d6f33d087bab453dd6afb270550db16a306f97fa0ff1f2e29f4269095; exactTagIdentitySha256=f94d310114492718a2f64a8c795090b38a4118e6ca3403f7a612a57a244f84a7; declaredFrameCount=38; runtime reachability unresolved; placement and bounds unresolved; renderer suitability unresolved
swf-definition-05538,375,,morph,source-assets/flash/HELP MATH_ORIGINAL FILES/HELP_COURSES/ELMGR5/L5/RW/L5RW04.swf,,,564c6c578d93781cfaf27a853095f67ba0f0087c4669c7d3db9e515fd41fd37a,DefineMorphShape,,,none; machine census only; no renderer export,machine-extracted-definition-candidate,owner-provided SWF,container=root; definitionDepth=0; tagOrdinal=5538; payloadBytes=88; rawTagPayloadSha256=564c6c578d93781cfaf27a853095f67ba0f0087c4669c7d3db9e515fd41fd37a; exactTagIdentitySha256=39b836c1abc92452a41424854d4f04c910d08ab73b495827cd4f188744f8fd0d; runtime reachability unresolved; placement and bounds unresolved; renderer suitability unresolved
swf-definition-05539,376,,shape,source-assets/flash/HELP MATH_ORIGINAL FILES/HELP_COURSES/ELMGR5/L5/RW/L5RW04.swf,,,857c94db89af907b54394cfbfa69b426c1640a4b6357fb17e303a9747acd76b0,DefineShape3,,,none; machine census only; no renderer export,machine-extracted-definition-candidate,owner-provided SWF,container=root; definitionDepth=0; tagOrdinal=5539; payloadBytes=68; rawTagPayloadSha256=857c94db89af907b54394cfbfa69b426c1640a4b6357fb17e303a9747acd76b0; exactTagIdentitySha256=4afa6a6c63fb1da1b0948e1b731b6dc4fdc3cb4fe4857de5359d7f3164b49ddd; runtime reachability unresolved; placement and bounds unresolved; renderer suitability unresolved
swf-definition-05540,377,,morph,source-assets/flash/HELP MATH_ORIGINAL FILES/HELP_COURSES/ELMGR5/L5/RW/L5RW04.swf,,,d8fbaa8b977ceebbb444482ecc08672aa97f8d636a3743d5c86e6e1dc27a3fbe,DefineMorphShape,,,none; machine census only; no renderer export,machine-extracted-definition-candidate,owner-provided SWF,container=root; definitionDepth=0; tagOrdinal=5540; payloadBytes=88; rawTagPayloadSha256=d8fbaa8b977ceebbb444482ecc08672aa97f8d636a3743d5c86e6e1dc27a3fbe; exactTagIdentitySha256=1247fba7f71760b347bade84ff13eacbaefb0b2fb2fe2da071b3ed38c1d01ba5; runtime reachability unresolved; placement and bounds unresolved; renderer suitability unresolved
swf-definition-05541,378,,shape,source-assets/flash/HELP MATH_ORIGINAL FILES/HELP_COURSES/ELMGR5/L5/RW/L5RW04.swf,,,4de0037df8281748a764c3887d87207bdad78e20ee6350b478c1104966b15bb5,DefineShape3,,,none; machine census only; no renderer export,machine-extracted-definition-candidate,owner-provided SWF,container=root; definitionDepth=0; tagOrdinal=5541; payloadBytes=68; rawTagPayloadSha256=4de0037df8281748a764c3887d87207bdad78e20ee6350b478c1104966b15bb5; exactTagIdentitySha256=e082c5bbc54de95da38033b90962ca97117e9812db176b710b8b0df40aa5c395; runtime reachability unresolved; placement and bounds unresolved; renderer suitability unresolved
swf-definition-05542,379,,morph,source-assets/flash/HELP MATH_ORIGINAL FILES/HELP_COURSES/ELMGR5/L5/RW/L5RW04.swf,,,7ee32c611e426991f7e9748870b6f00023b7152dbd0cb54bcb35455b78c7e28c,DefineMorphShape,,,none; machine census only; no renderer export,machine-extracted-definition-candidate,owner-provided SWF,container=root; definitionDepth=0; tagOrdinal=5542; payloadBytes=88; rawTagPayloadSha256=7ee32c611e426991f7e9748870b6f00023b7152dbd0cb54bcb35455b78c7e28c; exactTagIdentitySha256=3b3e1118829cce4e0be18b464834185f143791998d9a4d0832d427b5db5aa939; runtime reachability unresolved; placement and bounds unresolved; renderer suitability unresolved
swf-definition-05543,380,,shape,source-assets/flash/HELP MATH_ORIGINAL FILES/HELP_COURSES/ELMGR5/L5/RW/L5RW04.swf,,,a46be9e8f089374799644021a34c1244ebe818d9c7181a3b87ba913281c57479,DefineShape3,,,none; machine census only; no renderer export,machine-extracted-definition-candidate,owner-provided SWF,container=root; definitionDepth=0; tagOrdinal=5543; payloadBytes=5120; rawTagPayloadSha256=a46be9e8f089374799644021a34c1244ebe818d9c7181a3b87ba913281c57479; exactTagIdentitySha256=938d777ff0bc739c810eec258c13ff8969a3a26eb7f925554cfa60d5675a143a; runtime reachability unresolved; placement and bounds unresolved; renderer suitability unresolved
swf-definition-05544,381,,morph,source-assets/flash/HELP MATH_ORIGINAL FILES/HELP_COURSES/ELMGR5/L5/RW/L5RW04.swf,,,6ac6b97c5831d6a4a4855082e57374e0e00f5877ab9988458c26a2a2df2a32d7,DefineMorphShape,,,none; machine census only; no renderer export,machine-extracted-definition-candidate,owner-provided SWF,container=root; definitionDepth=0; tagOrdinal=5544; payloadBytes=88; rawTagPayloadSha256=6ac6b97c5831d6a4a4855082e57374e0e00f5877ab9988458c26a2a2df2a32d7; exactTagIdentitySha256=fdcbdf246571796d579eef41edd2677e83141f28c7715c261aa6abd9849094d5; runtime reachability unresolved; placement and bounds unresolved; renderer suitability unresolved
swf-definition-05545,382,,morph,source-assets/flash/HELP MATH_ORIGINAL FILES/HELP_COURSES/ELMGR5/L5/RW/L5RW04.swf,,,d01237759024d629ea2b8fe47004a141a479c7492f9daaafd9f775f7c111de09,DefineMorphShape,,,none; machine census only; no renderer export,machine-extracted-definition-candidate,owner-provided SWF,container=root; definitionDepth=0; tagOrdinal=5545; payloadBytes=141; rawTagPayloadSha256=d01237759024d629ea2b8fe47004a141a479c7492f9daaafd9f775f7c111de09; exactTagIdentitySha256=98e9ffea196298f4a33592e1f62107db61ca8bdcb74c6a8a30b4f78d19e02a98; runtime reachability unresolved; placement and bounds unresolved; renderer suitability unresolved
swf-definition-05546,383,,bitmap,source-assets/flash/HELP MATH_ORIGINAL FILES/HELP_COURSES/ELMGR5/L5/RW/L5RW04.swf,,,88c37bcf9142952165cec0c4e8b2475d1ef97359425c52fd6d4e05df897995c0,DefineBitsJPEG3,,,none; machine census only; no renderer export,machine-extracted-definition-candidate,owner-provided SWF,container=root; definitionDepth=0; tagOrdinal=5546; payloadBytes=2947; rawTagPayloadSha256=88c37bcf9142952165cec0c4e8b2475d1ef97359425c52fd6d4e05df897995c0; exactTagIdentitySha256=a105cc4422195e222d367db91f542ed3fe9a545dc00f0d95d8784fe7339e1254; runtime reachability unresolved; placement and bounds unresolved; renderer suitability unresolved
swf-definition-05547,384,,shape,source-assets/flash/HELP MATH_ORIGINAL FILES/HELP_COURSES/ELMGR5/L5/RW/L5RW04.swf,,,06780913f52925c52244b5d74337d1e4847648f1686bdfc49a6fe883a1c1e3b8,DefineShape,,,none; machine census only; no renderer export,machine-extracted-definition-candidate,owner-provided SWF,container=root; definitionDepth=0; tagOrdinal=5547; payloadBytes=51; rawTagPayloadSha256=06780913f52925c52244b5d74337d1e4847648f1686bdfc49a6fe883a1c1e3b8; exactTagIdentitySha256=690933a4eed19aa0380d67d6706cc7b3aa7339f2d4702bffb90cd76b5e4065b3; runtime reachability unresolved; placement and bounds unresolved; renderer suitability unresolved
swf-definition-05548,385,,morph,source-assets/flash/HELP MATH_ORIGINAL FILES/HELP_COURSES/ELMGR5/L5/RW/L5RW04.swf,,,ffeb4a053b53247e0be54cffc5e31926bf0f07111c734340a0f1c6fc4cd6d2a9,DefineMorphShape,,,none; machine census only; no renderer export,machine-extracted-definition-candidate,owner-provided SWF,container=root; definitionDepth=0; tagOrdinal=5548; payloadBytes=184; rawTagPayloadSha256=ffeb4a053b53247e0be54cffc5e31926bf0f07111c734340a0f1c6fc4cd6d2a9; exactTagIdentitySha256=e13a881722f804af3ffe34a97fe5f51adb68f26631f1373689ca294d54699273; runtime reachability unresolved; placement and bounds unresolved; renderer suitability unresolved
swf-definition-05549,386,,morph,source-assets/flash/HELP MATH_ORIGINAL FILES/HELP_COURSES/ELMGR5/L5/RW/L5RW04.swf,,,03addddabed9356e01aa4f5cd528ef03531f3d0cc0e1fd2d39e672dd7b4466f8,DefineMorphShape,,,none; machine census only; no renderer export,machine-extracted-definition-candidate,owner-provided SWF,container=root; definitionDepth=0; tagOrdinal=5549; payloadBytes=183; rawTagPayloadSha256=03addddabed9356e01aa4f5cd528ef03531f3d0cc0e1fd2d39e672dd7b4466f8; exactTagIdentitySha256=e310e9b4924b91e2836e6bd69374cc99ec2899ed411de10bff4a37def31075f9; runtime reachability unresolved; placement and bounds unresolved; renderer suitability unresolved
swf-definition-05550,387,,shape,source-assets/flash/HELP MATH_ORIGINAL FILES/HELP_COURSES/ELMGR5/L5/RW/L5RW04.swf,,,08ef71c1be4f4bba84b305e6d77eae9d1474121f17c1b406e91acaef546ad7a4,DefineShape,,,none; machine census only; no renderer export,machine-extracted-definition-candidate,owner-provided SWF,container=root; definitionDepth=0; tagOrdinal=5550; payloadBytes=56; rawTagPayloadSha256=08ef71c1be4f4bba84b305e6d77eae9d1474121f17c1b406e91acaef546ad7a4; exactTagIdentitySha256=70a30c7f2ef7288412769ae5f1392702db731965f2d50efe5811db4e5b8db86c; runtime reachability unresolved; placement and bounds unresolved; renderer suitability unresolved
swf-definition-05551,388,,morph,source-assets/flash/HELP MATH_ORIGINAL FILES/HELP_COURSES/ELMGR5/L5/RW/L5RW04.swf,,,88989fce07cb9a255a15c6ad11bf2b12980395e02c7427fe8bc79c26bc0905ba,DefineMorphShape,,,none; machine census only; no renderer export,machine-extracted-definition-candidate,owner-provided SWF,container=root; definitionDepth=0; tagOrdinal=5551; payloadBytes=88; rawTagPayloadSha256=88989fce07cb9a255a15c6ad11bf2b12980395e02c7427fe8bc79c26bc0905ba; exactTagIdentitySha256=84eb7cbfee6ff0ccb09856e3c8aecf2a579ed8c9611c52aee9e558f48ee1764e; runtime reachability unresolved; placement and bounds unresolved; renderer suitability unresolved
swf-definition-05552,389,,shape,source-assets/flash/HELP MATH_ORIGINAL FILES/HELP_COURSES/ELMGR5/L5/RW/L5RW04.swf,,,46903441efb995adbf96cd344c8d1c100b771acecb0c68e9ef4e06eb2f59238a,DefineShape,,,none; machine census only; no renderer export,machine-extracted-definition-candidate,owner-provided SWF,container=root; definitionDepth=0; tagOrdinal=5552; payloadBytes=63; rawTagPayloadSha256=46903441efb995adbf96cd344c8d1c100b771acecb0c68e9ef4e06eb2f59238a; exactTagIdentitySha256=8c38c661dc327b3353bc82f30c4e791d846556ea29ac33740cd2309027a04799; runtime reachability unresolved; placement and bounds unresolved; renderer suitability unresolved
swf-definition-05553,390,,shape,source-assets/flash/HELP MATH_ORIGINAL FILES/HELP_COURSES/ELMGR5/L5/RW/L5RW04.swf,,,0762e6876252d686064f00dd630323302736676d0ba0a66b420c76c21b47e908,DefineShape2,,,none; machine census only; no renderer export,machine-extracted-definition-candidate,owner-provided SWF,container=root; definitionDepth=0; tagOrdinal=5553; payloadBytes=203; rawTagPayloadSha256=0762e6876252d686064f00dd630323302736676d0ba0a66b420c76c21b47e908; exactTagIdentitySha256=6fbdd042d8d983964e27ab021daff4daeef017c84235658c8ed38e2e5d9bf7d6; runtime reachability unresolved; placement and bounds unresolved; renderer suitability unresolved
swf-definition-05554,391,,morph,source-assets/flash/HELP MATH_ORIGINAL FILES/HELP_COURSES/ELMGR5/L5/RW/L5RW04.swf,,,e735369adfab013c457f9bc9c880c4d472b5b350715d374efd239ca4a12b4475,DefineMorphShape,,,none; machine census only; no renderer export,machine-extracted-definition-candidate,owner-provided SWF,container=root; definitionDepth=0; tagOrdinal=5554; payloadBytes=142; rawTagPayloadSha256=e735369adfab013c457f9bc9c880c4d472b5b350715d374efd239ca4a12b4475; exactTagIdentitySha256=6695ecce0af5b923d674c60a3d3c803bbe1976d0444fc6684caa85de5f03d246; runtime reachability unresolved; placement and bounds unresolved; renderer suitability unresolved
swf-definition-05555,392,,morph,source-assets/flash/HELP MATH_ORIGINAL FILES/HELP_COURSES/ELMGR5/L5/RW/L5RW04.swf,,,005c4c32b6cd9d9b95f8652c3842905db4fa61d26f4354d32824ce6b7336f644,DefineMorphShape,,,none; machine census only; no renderer export,machine-extracted-definition-candidate,owner-provided SWF,container=root; definitionDepth=0; tagOrdinal=5555; payloadBytes=183; rawTagPayloadSha256=005c4c32b6cd9d9b95f8652c3842905db4fa61d26f4354d32824ce6b7336f644; exactTagIdentitySha256=9d73f3493c48c68fad0f5d18e9924f407048def2a3d89de50c43b1983ced7e95; runtime reachability unresolved; placement and bounds unresolved; renderer suitability unresolved
swf-definition-05556,393,,morph,source-assets/flash/HELP MATH_ORIGINAL FILES/HELP_COURSES/ELMGR5/L5/RW/L5RW04.swf,,,ac81f39b5d751b1af3e70a3cd4c110805202c1c37c4fa1af4487e3e78f974387,DefineMorphShape,,,none; machine census only; no renderer export,machine-extracted-definition-candidate,owner-provided SWF,container=root; definitionDepth=0; tagOrdinal=5556; payloadBytes=183; rawTagPayloadSha256=ac81f39b5d751b1af3e70a3cd4c110805202c1c37c4fa1af4487e3e78f974387; exactTagIdentitySha256=32a29d68a2c0b44635d05b4f38771dfb9c6a0a3c3b9ceead8c06d9423ea3f5a0; runtime reachability unresolved; placement and bounds unresolved; renderer suitability unresolved
swf-definition-05557,394,,morph,source-assets/flash/HELP MATH_ORIGINAL FILES/HELP_COURSES/ELMGR5/L5/RW/L5RW04.swf,,,2dce1e57ffcf8b5cbf7469b740398c450bd86d803b399793af4e64c81caf40e6,DefineMorphShape,,,none; machine census only; no renderer export,machine-extracted-definition-candidate,owner-provided SWF,container=root; definitionDepth=0; tagOrdinal=5557; payloadBytes=139; rawTagPayloadSha256=2dce1e57ffcf8b5cbf7469b740398c450bd86d803b399793af4e64c81caf40e6; exactTagIdentitySha256=2d985edf4a6ef7ad9dafdf31d3a654a8bbf8f8b7616de76df3e4cbaf75bd221a; runtime reachability unresolved; placement and bounds unresolved; renderer suitability unresolved
swf-definition-05558,395,,morph,source-assets/flash/HELP MATH_ORIGINAL FILES/HELP_COURSES/ELMGR5/L5/RW/L5RW04.swf,,,2ea066cd55fbdcb591e6a2c094d6163668ec3ff501ed39846079fc0ba3079331,DefineMorphShape,,,none; machine census only; no renderer export,machine-extracted-definition-candidate,owner-provided SWF,container=root; definitionDepth=0; tagOrdinal=5558; payloadBytes=184; rawTagPayloadSha256=2ea066cd55fbdcb591e6a2c094d6163668ec3ff501ed39846079fc0ba3079331; exactTagIdentitySha256=760524884ebefc4227f221121bf635b6933f67c981844c3b97e821cf10059436; runtime reachability unresolved; placement and bounds unresolved; renderer suitability unresolved
swf-definition-05559,396,,morph,source-assets/flash/HELP MATH_ORIGINAL FILES/HELP_COURSES/ELMGR5/L5/RW/L5RW04.swf,,,a9d86ee859251458c4f794a93a73dadfa02bff95e4096a9fa1895bc240df6fb0,DefineMorphShape,,,none; machine census only; no renderer export,machine-extracted-definition-candidate,owner-provided SWF,container=root; definitionDepth=0; tagOrdinal=5559; payloadBytes=182; rawTagPayloadSha256=a9d86ee859251458c4f794a93a73dadfa02bff95e4096a9fa1895bc240df6fb0; exactTagIdentitySha256=d36dcda573679c7342f0fd6ad865fe6a0528f9a9aaf32f2bdf0c438ee698990e; runtime reachability unresolved; placement and bounds unresolved; renderer suitability unresolved
swf-definition-05560,397,,morph,source-assets/flash/HELP MATH_ORIGINAL FILES/HELP_COURSES/ELMGR5/L5/RW/L5RW04.swf,,,5583afdef7f93236a1e739ebdf186d70977703014854d8658438d37027fc731c,DefineMorphShape,,,none; machine census only; no renderer export,machine-extracted-definition-candidate,owner-provided SWF,container=root; definitionDepth=0; tagOrdinal=5560; payloadBytes=140; rawTagPayloadSha256=5583afdef7f93236a1e739ebdf186d70977703014854d8658438d37027fc731c; exactTagIdentitySha256=2e0f964c31e6cbefc8e475e38743406cd5e5de010bfd027a24039053d38e5f6d; runtime reachability unresolved; placement and bounds unresolved; renderer suitability unresolved
swf-definition-05561,398,,shape,source-assets/flash/HELP MATH_ORIGINAL FILES/HELP_COURSES/ELMGR5/L5/RW/L5RW04.swf,,,2967bfd296d7c78576170c7c104406d55524577104877b76c8327e23879ad409,DefineShape3,,,none; machine census only; no renderer export,machine-extracted-definition-candidate,owner-provided SWF,container=root; definitionDepth=0; tagOrdinal=5561; payloadBytes=5390; rawTagPayloadSha256=2967bfd296d7c78576170c7c104406d55524577104877b76c8327e23879ad409; exactTagIdentitySha256=c64de5612fcc2d9a21f7749ca264ea53f60dbf7c580af702a5c753764c470545; runtime reachability unresolved; placement and bounds unresolved; renderer suitability unresolved
swf-definition-05562,399,,shape,source-assets/flash/HELP MATH_ORIGINAL FILES/HELP_COURSES/ELMGR5/L5/RW/L5RW04.swf,,,1e1d9d55b23f13262d1a435e8f4bb36e6cd9bcaf77eda7f11ff408e98217eaf2,DefineShape3,,,none; machine census only; no renderer export,machine-extracted-definition-candidate,owner-provided SWF,container=root; definitionDepth=0; tagOrdinal=5562; payloadBytes=1047; rawTagPayloadSha256=1e1d9d55b23f13262d1a435e8f4bb36e6cd9bcaf77eda7f11ff408e98217eaf2; exactTagIdentitySha256=4f5cfd81921e945935a07bdf728818a9a9f2eee96e1daf2daa6373a243acce5e; runtime reachability unresolved; placement and bounds unresolved; renderer suitability unresolved
swf-definition-05563,400,,shape,source-assets/flash/HELP MATH_ORIGINAL FILES/HELP_COURSES/ELMGR5/L5/RW/L5RW04.swf,,,04f09cf81f1360bfc33668f78b1b0a8f062a4b876523d1248ecf2b23f0359c08,DefineShape3,,,none; machine census only; no renderer export,machine-extracted-definition-candidate,owner-provided SWF,container=root; definitionDepth=0; tagOrdinal=5563; payloadBytes=4165; rawTagPayloadSha256=04f09cf81f1360bfc33668f78b1b0a8f062a4b876523d1248ecf2b23f0359c08; exactTagIdentitySha256=e561cc78c0d2dd6e36c7410b66e43d8a965894b96bba9ad452df0e9292b24715; runtime reachability unresolved; placement and bounds unresolved; renderer suitability unresolved
swf-definition-05564,401,,shape,source-assets/flash/HELP MATH_ORIGINAL FILES/HELP_COURSES/ELMGR5/L5/RW/L5RW04.swf,,,851b28fd448b36591156774a76cf8b44c40ee743b3463302ba27433b6036ff7f,DefineShape3,,,none; machine census only; no renderer export,machine-extracted-definition-candidate,owner-provided SWF,container=root; definitionDepth=0; tagOrdinal=5564; payloadBytes=114; rawTagPayloadSha256=851b28fd448b36591156774a76cf8b44c40ee743b3463302ba27433b6036ff7f; exactTagIdentitySha256=6149b561f3dc8323dfaec735baeba3be73144eb19f2cb8e35a2fbd2d4e0ce0b4; runtime reachability unresolved; placement and bounds unresolved; renderer suitability unresolved
swf-definition-05565,402,,shape,source-assets/flash/HELP MATH_ORIGINAL FILES/HELP_COURSES/ELMGR5/L5/RW/L5RW04.swf,,,c5a58743d58f55d4ac8d51819be93e8554f439108c828b5b3d98c70608b88711,DefineShape3,,,none; machine census only; no renderer export,machine-extracted-definition-candidate,owner-provided SWF,container=root; definitionDepth=0; tagOrdinal=5565; payloadBytes=3160; rawTagPayloadSha256=c5a58743d58f55d4ac8d51819be93e8554f439108c828b5b3d98c70608b88711; exactTagIdentitySha256=d493887c6426e89743b6e367b7527facd745460c9aa75a8e98a59174349ff0a8; runtime reachability unresolved; placement and bounds unresolved; renderer suitability unresolved
swf-definition-05566,403,,shape,source-assets/flash/HELP MATH_ORIGINAL FILES/HELP_COURSES/ELMGR5/L5/RW/L5RW04.swf,,,8aef9e3af6e558e1ec86dc8e44f460c44db23b771ab0a1182600c11b9477a2a3,DefineShape3,,,none; machine census only; no renderer export,machine-extracted-definition-candidate,owner-provided SWF,container=root; definitionDepth=0; tagOrdinal=5566; payloadBytes=797; rawTagPayloadSha256=8aef9e3af6e558e1ec86dc8e44f460c44db23b771ab0a1182600c11b9477a2a3; exactTagIdentitySha256=69f9812b00fc12384acbe8c9e3df7f7a0bdc89f895229e90b8e2759ba6a6440c; runtime reachability unresolved; placement and bounds unresolved; renderer suitability unresolved
swf-definition-05567,404,,shape,source-assets/flash/HELP MATH_ORIGINAL FILES/HELP_COURSES/ELMGR5/L5/RW/L5RW04.swf,,,b3d88b8143eecd8b7d050bbfdbfb90176b36b1685eaf148215fbc4d4ab914937,DefineShape3,,,none; machine census only; no renderer export,machine-extracted-definition-candidate,owner-provided SWF,container=root; definitionDepth=0; tagOrdinal=5567; payloadBytes=345; rawTagPayloadSha256=b3d88b8143eecd8b7d050bbfdbfb90176b36b1685eaf148215fbc4d4ab914937; exactTagIdentitySha256=fcbfae05b34a3efbc5151e826fc49c352288747907a7c964c676da45b56affd1; runtime reachability unresolved; placement and bounds unresolved; renderer suitability unresolved
swf-definition-05568,405,,shape,source-assets/flash/HELP MATH_ORIGINAL FILES/HELP_COURSES/ELMGR5/L5/RW/L5RW04.swf,,,756119b1108c2fe3d1a6800efa817d533e872407562f8e2b3b17c0890dbd9675,DefineShape,,,none; machine census only; no renderer export,machine-extracted-definition-candidate,owner-provided SWF,container=root; definitionDepth=0; tagOrdinal=5568; payloadBytes=220; rawTagPayloadSha256=756119b1108c2fe3d1a6800efa817d533e872407562f8e2b3b17c0890dbd9675; exactTagIdentitySha256=affc5bb0e69796e053d2549392340c39726ab62e54db7e691d82f6ff6cd65a83; runtime reachability unresolved; placement and bounds unresolved; renderer suitability unresolved
swf-definition-05569,406,,shape,source-assets/flash/HELP MATH_ORIGINAL FILES/HELP_COURSES/ELMGR5/L5/RW/L5RW04.swf,,,7766d1c18c25c14d5b7f99f509698e599f2cd1dc6202471404fa03ab181376d3,DefineShape3,,,none; machine census only; no renderer export,machine-extracted-definition-candidate,owner-provided SWF,container=root; definitionDepth=0; tagOrdinal=5569; payloadBytes=656; rawTagPayloadSha256=7766d1c18c25c14d5b7f99f509698e599f2cd1dc6202471404fa03ab181376d3; exactTagIdentitySha256=c3fa18b0748b6eed13b4aeda46808a0a5bba205eab4aa59a8330b34059da29fd; runtime reachability unresolved; placement and bounds unresolved; renderer suitability unresolved
swf-definition-05570,407,,shape,source-assets/flash/HELP MATH_ORIGINAL FILES/HELP_COURSES/ELMGR5/L5/RW/L5RW04.swf,,,a0b2f795a24e2d3bd9a9ee6933545d560c619068d80c7c8f24a8b0d807e75f44,DefineShape3,,,none; machine census only; no renderer export,machine-extracted-definition-candidate,owner-provided SWF,container=root; definitionDepth=0; tagOrdinal=5570; payloadBytes=3499; rawTagPayloadSha256=a0b2f795a24e2d3bd9a9ee6933545d560c619068d80c7c8f24a8b0d807e75f44; exactTagIdentitySha256=18098a1eb224d553e8569fc5f3f49f97017162e899e8e28b799ff68cd41d89b5; runtime reachability unresolved; placement and bounds unresolved; renderer suitability unresolved
swf-definition-05571,408,,shape,source-assets/flash/HELP MATH_ORIGINAL FILES/HELP_COURSES/ELMGR5/L5/RW/L5RW04.swf,,,93666758979b332eb62345bccf61353452f0e20e9b1b298277f76f79847d6dd4,DefineShape3,,,none; machine census only; no renderer export,machine-extracted-definition-candidate,owner-provided SWF,container=root; definitionDepth=0; tagOrdinal=5571; payloadBytes=751; rawTagPayloadSha256=93666758979b332eb62345bccf61353452f0e20e9b1b298277f76f79847d6dd4; exactTagIdentitySha256=214dd54cab2c60778d242981b75828eb5f680de2aff317b51d3daa7d3b179306; runtime reachability unresolved; placement and bounds unresolved; renderer suitability unresolved
swf-definition-05572,409,,morph,source-assets/flash/HELP MATH_ORIGINAL FILES/HELP_COURSES/ELMGR5/L5/RW/L5RW04.swf,,,191daffb82e550b8b2a874aec333483bff7a9a687afcfd599ae241e637d8f591,DefineMorphShape,,,none; machine census only; no renderer export,machine-extracted-definition-candidate,owner-provided SWF,container=root; definitionDepth=0; tagOrdinal=5572; payloadBytes=88; rawTagPayloadSha256=191daffb82e550b8b2a874aec333483bff7a9a687afcfd599ae241e637d8f591; exactTagIdentitySha256=5ad22e4deb8699b08ab2ede634f28241b5480e2798ad1401f8969e953a4b40c6; runtime reachability unresolved; placement and bounds unresolved; renderer suitability unresolved
swf-definition-05573,410,,morph,source-assets/flash/HELP MATH_ORIGINAL FILES/HELP_COURSES/ELMGR5/L5/RW/L5RW04.swf,,,4c59365e6eb1fefd18d98b602d7e2ae46f4b011651060d77bde3bee140eb4bf2,DefineMorphShape,,,none; machine census only; no renderer export,machine-extracted-definition-candidate,owner-provided SWF,container=root; definitionDepth=0; tagOrdinal=5573; payloadBytes=88; rawTagPayloadSha256=4c59365e6eb1fefd18d98b602d7e2ae46f4b011651060d77bde3bee140eb4bf2; exactTagIdentitySha256=4b82a7a7c14a0b6ee79fa3b5f61dcc7de59fab57d52d4afafd206b76be3c264c; runtime reachability unresolved; placement and bounds unresolved; renderer suitability unresolved
swf-definition-05574,411,,morph,source-assets/flash/HELP MATH_ORIGINAL FILES/HELP_COURSES/ELMGR5/L5/RW/L5RW04.swf,,,0b40614bb40b2bbc2c515465d290d17dbd113fe3e010c08212ceff5bdb2eb4bf,DefineMorphShape,,,none; machine census only; no renderer export,machine-extracted-definition-candidate,owner-provided SWF,container=root; definitionDepth=0; tagOrdinal=5574; payloadBytes=88; rawTagPayloadSha256=0b40614bb40b2bbc2c515465d290d17dbd113fe3e010c08212ceff5bdb2eb4bf; exactTagIdentitySha256=7f4589e5dba1ec33753c7766fa337e934c600fb23eb98caa0fa24eb1d34a15a0; runtime reachability unresolved; placement and bounds unresolved; renderer suitability unresolved
swf-definition-05575,412,,morph,source-assets/flash/HELP MATH_ORIGINAL FILES/HELP_COURSES/ELMGR5/L5/RW/L5RW04.swf,,,b950803457a7908274905e6a6edae3df3900efe3a1ab65ef6c8566a3b382063a,DefineMorphShape,,,none; machine census only; no renderer export,machine-extracted-definition-candidate,owner-provided SWF,container=root; definitionDepth=0; tagOrdinal=5575; payloadBytes=88; rawTagPayloadSha256=b950803457a7908274905e6a6edae3df3900efe3a1ab65ef6c8566a3b382063a; exactTagIdentitySha256=d3aee284d2617346a4f43c6312c02cae0957029a5c08d88b8d6071909784b266; runtime reachability unresolved; placement and bounds unresolved; renderer suitability unresolved
swf-definition-05576,413,,shape,source-assets/flash/HELP MATH_ORIGINAL FILES/HELP_COURSES/ELMGR5/L5/RW/L5RW04.swf,,,a462e0d9a018a1a727b69d9246d3ac47244ac8e690fcaedb9f679ec2ba9bfcc8,DefineShape3,,,none; machine census only; no renderer export,machine-extracted-definition-candidate,owner-provided SWF,container=root; definitionDepth=0; tagOrdinal=5576; payloadBytes=70; rawTagPayloadSha256=a462e0d9a018a1a727b69d9246d3ac47244ac8e690fcaedb9f679ec2ba9bfcc8; exactTagIdentitySha256=d008a7b4ae67aca555e22b4a00eee5f04149b312a52869644e360d5a517e389f; runtime reachability unresolved; placement and bounds unresolved; renderer suitability unresolved
swf-definition-05577,414,,morph,source-assets/flash/HELP MATH_ORIGINAL FILES/HELP_COURSES/ELMGR5/L5/RW/L5RW04.swf,,,3c6c77118f869dc8c0eb87958a532e9b43c4cd6906f1d279ca7545a88afe8389,DefineMorphShape,,,none; machine census only; no renderer export,machine-extracted-definition-candidate,owner-provided SWF,container=root; definitionDepth=0; tagOrdinal=5577; payloadBytes=88; rawTagPayloadSha256=3c6c77118f869dc8c0eb87958a532e9b43c4cd6906f1d279ca7545a88afe8389; exactTagIdentitySha256=8cd125ab92de5a205ab88d43522b87a6176e645d728f4536492ecd3d16d29909; runtime reachability unresolved; placement and bounds unresolved; renderer suitability unresolved
swf-definition-05578,415,,shape,source-assets/flash/HELP MATH_ORIGINAL FILES/HELP_COURSES/ELMGR5/L5/RW/L5RW04.swf,,,c60fe18d3593f51769478d32b45d0c1f70f221f1845a4afba4b66169c7797ec4,DefineShape3,,,none; machine census only; no renderer export,machine-extracted-definition-candidate,owner-provided SWF,container=root; definitionDepth=0; tagOrdinal=5578; payloadBytes=71; rawTagPayloadSha256=c60fe18d3593f51769478d32b45d0c1f70f221f1845a4afba4b66169c7797ec4; exactTagIdentitySha256=6dc73f182014450d4644a496a6cda8159dd4c45432d7f78dcf06598646e81036; runtime reachability unresolved; placement and bounds unresolved; renderer suitability unresolved
swf-definition-05579,416,,morph,source-assets/flash/HELP MATH_ORIGINAL FILES/HELP_COURSES/ELMGR5/L5/RW/L5RW04.swf,,,883af4dd0539987e158d132fbce251ac7fe748dbfb876a90922c48178248cef0,DefineMorphShape,,,none; machine census only; no renderer export,machine-extracted-definition-candidate,owner-provided SWF,container=root; definitionDepth=0; tagOrdinal=5579; payloadBytes=88; rawTagPayloadSha256=883af4dd0539987e158d132fbce251ac7fe748dbfb876a90922c48178248cef0; exactTagIdentitySha256=3dd8636d94a7a22d97c0f47c9e9e6e422bc72a3e53eff9d6294e7f0638c720d5; runtime reachability unresolved; placement and bounds unresolved; renderer suitability unresolved
swf-definition-05580,417,,shape,source-assets/flash/HELP MATH_ORIGINAL FILES/HELP_COURSES/ELMGR5/L5/RW/L5RW04.swf,,,d42aef39fb383c787622b664fe32b9e74a9e9c5acef3a35cda8ab75e54c94511,DefineShape,,,none; machine census only; no renderer export,machine-extracted-definition-candidate,owner-provided SWF,container=root; definitionDepth=0; tagOrdinal=5580; payloadBytes=4741; rawTagPayloadSha256=d42aef39fb383c787622b664fe32b9e74a9e9c5acef3a35cda8ab75e54c94511; exactTagIdentitySha256=a26f47291c016cd410257fb031d73becf289ca1a167c9923c70f97db4975db7d; runtime reachability unresolved; placement and bounds unresolved; renderer suitability unresolved
swf-definition-05581,418,,shape,source-assets/flash/HELP MATH_ORIGINAL FILES/HELP_COURSES/ELMGR5/L5/RW/L5RW04.swf,,,a73e343f261318f71ff5553137ed1db86f84a068f48fde17058b93353a77f122,DefineShape,,,none; machine census only; no renderer export,machine-extracted-definition-candidate,owner-provided SWF,container=root; definitionDepth=0; tagOrdinal=5581; payloadBytes=653; rawTagPayloadSha256=a73e343f261318f71ff5553137ed1db86f84a068f48fde17058b93353a77f122; exactTagIdentitySha256=30d848a9a6d3ab247ee2d37df5811bdb8952fbf1cfa0bcf8e1f75eb3dfc65bf9; runtime reachability unresolved; placement and bounds unresolved; renderer suitability unresolved
swf-definition-05582,419,,shape,source-assets/flash/HELP MATH_ORIGINAL FILES/HELP_COURSES/ELMGR5/L5/RW/L5RW04.swf,,,baa90ad5c6a12d4b64c38a40cc05496af4cfaee8282277df15e22a41ceb16909,DefineShape,,,none; machine census only; no renderer export,machine-extracted-definition-candidate,owner-provided SWF,container=root; definitionDepth=0; tagOrdinal=5582; payloadBytes=2060; rawTagPayloadSha256=baa90ad5c6a12d4b64c38a40cc05496af4cfaee8282277df15e22a41ceb16909; exactTagIdentitySha256=7444cbb6bdede11d00061bb0f5a6acee335659fadcfb90ce7d47b9f8efd82929; runtime reachability unresolved; placement and bounds unresolved; renderer suitability unresolved
swf-definition-05583,420,,morph,source-assets/flash/HELP MATH_ORIGINAL FILES/HELP_COURSES/ELMGR5/L5/RW/L5RW04.swf,,,fb096f08bce304fe6a43f90ef531ea1ba8ae290e516c7aad164e12c5a4584e86,DefineMorphShape,,,none; machine census only; no renderer export,machine-extracted-definition-candidate,owner-provided SWF,container=root; definitionDepth=0; tagOrdinal=5583; payloadBytes=88; rawTagPayloadSha256=fb096f08bce304fe6a43f90ef531ea1ba8ae290e516c7aad164e12c5a4584e86; exactTagIdentitySha256=d804d2064f9db0c6474f24e1986831e6eab9631054d5004e547cc7cbb1e22661; runtime reachability unresolved; placement and bounds unresolved; renderer suitability unresolved
swf-definition-05584,421,,morph,source-assets/flash/HELP MATH_ORIGINAL FILES/HELP_COURSES/ELMGR5/L5/RW/L5RW04.swf,,,68e627421d899d1ab4c78290fd3a25dac23ab5808acf9c92325fa7d8071f33b6,DefineMorphShape,,,none; machine census only; no renderer export,machine-extracted-definition-candidate,owner-provided SWF,container=root; definitionDepth=0; tagOrdinal=5584; payloadBytes=88; rawTagPayloadSha256=68e627421d899d1ab4c78290fd3a25dac23ab5808acf9c92325fa7d8071f33b6; exactTagIdentitySha256=1081481a361a4ac4b92ee628247235abd608f5efede27744c440df12ca6e9bbc; runtime reachability unresolved; placement and bounds unresolved; renderer suitability unresolved
swf-definition-05585,422,,shape,source-assets/flash/HELP MATH_ORIGINAL FILES/HELP_COURSES/ELMGR5/L5/RW/L5RW04.swf,,,9c38bad53ac7c310bfe288ae08ded419736aeb6ce0be027931a4746273fc7cd9,DefineShape,,,none; machine census only; no renderer export,machine-extracted-definition-candidate,owner-provided SWF,container=root; definitionDepth=0; tagOrdinal=5585; payloadBytes=144; rawTagPayloadSha256=9c38bad53ac7c310bfe288ae08ded419736aeb6ce0be027931a4746273fc7cd9; exactTagIdentitySha256=2807f3f74a3eab3a93604c9b1acd76b5ff02c5c29f47bef25e6129dfae00884d; runtime reachability unresolved; placement and bounds unresolved; renderer suitability unresolved
swf-definition-05586,423,,shape,source-assets/flash/HELP MATH_ORIGINAL FILES/HELP_COURSES/ELMGR5/L5/RW/L5RW04.swf,,,8ae58458ecaef8c2556d1b8a82a027dd2b1afe884c8f8dec942fe9fd53bcff24,DefineShape,,,none; machine census only; no renderer export,machine-extracted-definition-candidate,owner-provided SWF,container=root; definitionDepth=0; tagOrdinal=5586; payloadBytes=145; rawTagPayloadSha256=8ae58458ecaef8c2556d1b8a82a027dd2b1afe884c8f8dec942fe9fd53bcff24; exactTagIdentitySha256=c8ce8191df45e84c37b79c6b22a11891f6842bc8ce196ca18b114d22180babb6; runtime reachability unresolved; placement and bounds unresolved; renderer suitability unresolved
swf-definition-05587,424,,shape,source-assets/flash/HELP MATH_ORIGINAL FILES/HELP_COURSES/ELMGR5/L5/RW/L5RW04.swf,,,e132945a8080f753fd394551c743d336725510afdd769ff57f3204dbea7ecfd2,DefineShape,,,none; machine census only; no renderer export,machine-extracted-definition-candidate,owner-provided SWF,container=root; definitionDepth=0; tagOrdinal=5587; payloadBytes=151; rawTagPayloadSha256=e132945a8080f753fd394551c743d336725510afdd769ff57f3204dbea7ecfd2; exactTagIdentitySha256=6fad1c47e5dcaa3f54e5a1f130dcc2dfee07524c1bd63fc369a1387dc69108d5; runtime reachability unresolved; placement and bounds unresolved; renderer suitability unresolved
swf-definition-05588,425,,shape,source-assets/flash/HELP MATH_ORIGINAL FILES/HELP_COURSES/ELMGR5/L5/RW/L5RW04.swf,,,46d36e51c5e4b518a70563f8fa882149d45030e5b9808eff47d154be357bc1d1,DefineShape3,,,none; machine census only; no renderer export,machine-extracted-definition-candidate,owner-provided SWF,container=root; definitionDepth=0; tagOrdinal=5588; payloadBytes=124; rawTagPayloadSha256=46d36e51c5e4b518a70563f8fa882149d45030e5b9808eff47d154be357bc1d1; exactTagIdentitySha256=f9494a59074c3852bad1051fdc29cbb9562c93efc9df0662cb1447c98c2bf826; runtime reachability unresolved; placement and bounds unresolved; renderer suitability unresolved
swf-definition-05589,426,,shape,source-assets/flash/HELP MATH_ORIGINAL FILES/HELP_COURSES/ELMGR5/L5/RW/L5RW04.swf,,,9537951e9e108538c42c0c1c478a735bfa7bca817c5ae9f2bcaad106a8da7fc6,DefineShape,,,none; machine census only; no renderer export,machine-extracted-definition-candidate,owner-provided SWF,container=root; definitionDepth=0; tagOrdinal=5589; payloadBytes=148; rawTagPayloadSha256=9537951e9e108538c42c0c1c478a735bfa7bca817c5ae9f2bcaad106a8da7fc6; exactTagIdentitySha256=356af35ab46fe361725bb81d4d56ea94f87570fa9349ebf9046a60a7b2968412; runtime reachability unresolved; placement and bounds unresolved; renderer suitability unresolved
swf-definition-05590,427,,shape,source-assets/flash/HELP MATH_ORIGINAL FILES/HELP_COURSES/ELMGR5/L5/RW/L5RW04.swf,,,5a7d1fe36d62f965828424566ec34b600883920e865c235f6b447de2262644fd,DefineShape3,,,none; machine census only; no renderer export,machine-extracted-definition-candidate,owner-provided SWF,container=root; definitionDepth=0; tagOrdinal=5590; payloadBytes=421; rawTagPayloadSha256=5a7d1fe36d62f965828424566ec34b600883920e865c235f6b447de2262644fd; exactTagIdentitySha256=3f83dabba9938505516c4de9b8156727bf555d7824c736b8e025e620f78c2cfa; runtime reachability unresolved; placement and bounds unresolved; renderer suitability unresolved
swf-definition-05591,428,,shape,source-assets/flash/HELP MATH_ORIGINAL FILES/HELP_COURSES/ELMGR5/L5/RW/L5RW04.swf,,,620d714d4f441a88f225c263929761e4232cf1ec37b230ffe3eb737916b8c7ae,DefineShape3,,,none; machine census only; no renderer export,machine-extracted-definition-candidate,owner-provided SWF,container=root; definitionDepth=0; tagOrdinal=5591; payloadBytes=71; rawTagPayloadSha256=620d714d4f441a88f225c263929761e4232cf1ec37b230ffe3eb737916b8c7ae; exactTagIdentitySha256=e295e67b5a4b9fc1f3fd90533c69781f7126e3f66d0cdb192ef749b370af9140; runtime reachability unresolved; placement and bounds unresolved; renderer suitability unresolved
swf-definition-05592,429,,shape,source-assets/flash/HELP MATH_ORIGINAL FILES/HELP_COURSES/ELMGR5/L5/RW/L5RW04.swf,,,a1161188a4de26c3631400310cb1c4966fc60a72730a3bb86e2d873ec2a45657,DefineShape,,,none; machine census only; no renderer export,machine-extracted-definition-candidate,owner-provided SWF,container=root; definitionDepth=0; tagOrdinal=5592; payloadBytes=234; rawTagPayloadSha256=a1161188a4de26c3631400310cb1c4966fc60a72730a3bb86e2d873ec2a45657; exactTagIdentitySha256=58f2a40626ccd1e873a257d7d5eb64e2256f6d457b90223280c52425a0bcb839; runtime reachability unresolved; placement and bounds unresolved; renderer suitability unresolved
swf-definition-05593,430,,shape,source-assets/flash/HELP MATH_ORIGINAL FILES/HELP_COURSES/ELMGR5/L5/RW/L5RW04.swf,,,8b20e148cf0485fd224f97a0c6cee22e078bd19550af67e307bca6032cc4e3e9,DefineShape3,,,none; machine census only; no renderer export,machine-extracted-definition-candidate,owner-provided SWF,container=root; definitionDepth=0; tagOrdinal=5593; payloadBytes=141; rawTagPayloadSha256=8b20e148cf0485fd224f97a0c6cee22e078bd19550af67e307bca6032cc4e3e9; exactTagIdentitySha256=ada893ed13e69a8fb52c6628a09ee4ab565cba90fe481a7732291a1ebb767aef; runtime reachability unresolved; placement and bounds unresolved; renderer suitability unresolved
swf-definition-05594,431,,shape,source-assets/flash/HELP MATH_ORIGINAL FILES/HELP_COURSES/ELMGR5/L5/RW/L5RW04.swf,,,17723a79ab4e9ab8e2c2082ddea0ecd4a3eacf0736993a641534a55f3dd61861,DefineShape,,,none; machine census only; no renderer export,machine-extracted-definition-candidate,owner-provided SWF,container=root; definitionDepth=0; tagOrdinal=5594; payloadBytes=321; rawTagPayloadSha256=17723a79ab4e9ab8e2c2082ddea0ecd4a3eacf0736993a641534a55f3dd61861; exactTagIdentitySha256=327f5c01d7175996c908a61fe77b22b27fc98fa697997402e393554db233f601; runtime reachability unresolved; placement and bounds unresolved; renderer suitability unresolved
swf-definition-05595,432,,shape,source-assets/flash/HELP MATH_ORIGINAL FILES/HELP_COURSES/ELMGR5/L5/RW/L5RW04.swf,,,a095b791c08b9d5a4452042b46944425c7a9e4449a5ea0f3c5dbb631888d421c,DefineShape,,,none; machine census only; no renderer export,machine-extracted-definition-candidate,owner-provided SWF,container=root; definitionDepth=0; tagOrdinal=5595; payloadBytes=157; rawTagPayloadSha256=a095b791c08b9d5a4452042b46944425c7a9e4449a5ea0f3c5dbb631888d421c; exactTagIdentitySha256=75150afe7cef365ff319777f3de72855a6a1d727f9d0c34f20c0292cbb70f62f; runtime reachability unresolved; placement and bounds unresolved; renderer suitability unresolved
swf-definition-05596,433,,shape,source-assets/flash/HELP MATH_ORIGINAL FILES/HELP_COURSES/ELMGR5/L5/RW/L5RW04.swf,,,49f275d74bae7e6296320c3d43d9ee3734c5f884137fc3fd07da6c5ff94dbc3c,DefineShape,,,none; machine census only; no renderer export,machine-extracted-definition-candidate,owner-provided SWF,container=root; definitionDepth=0; tagOrdinal=5596; payloadBytes=267; rawTagPayloadSha256=49f275d74bae7e6296320c3d43d9ee3734c5f884137fc3fd07da6c5ff94dbc3c; exactTagIdentitySha256=b37da5a1401890ee6141ab5fc0e98f01776f7d1442fdd2da5c3c818fa9323954; runtime reachability unresolved; placement and bounds unresolved; renderer suitability unresolved
swf-definition-05597,434,,shape,source-assets/flash/HELP MATH_ORIGINAL FILES/HELP_COURSES/ELMGR5/L5/RW/L5RW04.swf,,,46850726f2c9a28e58b062dab4175b23473fe75da1faa29af11041a1d0518ed7,DefineShape3,,,none; machine census only; no renderer export,machine-extracted-definition-candidate,owner-provided SWF,container=root; definitionDepth=0; tagOrdinal=5597; payloadBytes=236; rawTagPayloadSha256=46850726f2c9a28e58b062dab4175b23473fe75da1faa29af11041a1d0518ed7; exactTagIdentitySha256=bbf5b145484b715d61f4a2ec93b0488829b322353193a92fb4c5696c73f58b57; runtime reachability unresolved; placement and bounds unresolved; renderer suitability unresolved
swf-definition-05598,435,,shape,source-assets/flash/HELP MATH_ORIGINAL FILES/HELP_COURSES/ELMGR5/L5/RW/L5RW04.swf,,,4a924f5685f957db476243d77935084aa6ff58c5ba1dbc030e3d18b48e520b83,DefineShape,,,none; machine census only; no renderer export,machine-extracted-definition-candidate,owner-provided SWF,container=root; definitionDepth=0; tagOrdinal=5598; payloadBytes=145; rawTagPayloadSha256=4a924f5685f957db476243d77935084aa6ff58c5ba1dbc030e3d18b48e520b83; exactTagIdentitySha256=788cdec6183a708bf1fcff4fc780def602d79516d02dc83eb2d2a1cca052c295; runtime reachability unresolved; placement and bounds unresolved; renderer suitability unresolved
swf-definition-05599,436,,shape,source-assets/flash/HELP MATH_ORIGINAL FILES/HELP_COURSES/ELMGR5/L5/RW/L5RW04.swf,,,a7d956131bceb6767528ac2b16f0bdf0c2a43966704cc7a8dad72d098330211b,DefineShape,,,none; machine census only; no renderer export,machine-extracted-definition-candidate,owner-provided SWF,container=root; definitionDepth=0; tagOrdinal=5599; payloadBytes=148; rawTagPayloadSha256=a7d956131bceb6767528ac2b16f0bdf0c2a43966704cc7a8dad72d098330211b; exactTagIdentitySha256=c20ed1af1a147cd54786cdfc94c562fdeb2893572163bf950e1d7a9dcee4737b; runtime reachability unresolved; placement and bounds unresolved; renderer suitability unresolved
swf-definition-05600,437,,shape,source-assets/flash/HELP MATH_ORIGINAL FILES/HELP_COURSES/ELMGR5/L5/RW/L5RW04.swf,,,3f957355a40a246a402dc6e86c02ff56c7683c706f933d5a0f29c56c43dd4d11,DefineShape,,,none; machine census only; no renderer export,machine-extracted-definition-candidate,owner-provided SWF,container=root; definitionDepth=0; tagOrdinal=5600; payloadBytes=140; rawTagPayloadSha256=3f957355a40a246a402dc6e86c02ff56c7683c706f933d5a0f29c56c43dd4d11; exactTagIdentitySha256=7f8ca204966536e78596e5bb362e43fcecd9345d7926c877a8f1c859788005c9; runtime reachability unresolved; placement and bounds unresolved; renderer suitability unresolved
swf-definition-05601,438,,shape,source-assets/flash/HELP MATH_ORIGINAL FILES/HELP_COURSES/ELMGR5/L5/RW/L5RW04.swf,,,8c063d7535b17ac4bbe8297d52c3fc05c398425530cbef67af52b215764abfec,DefineShape,,,none; machine census only; no renderer export,machine-extracted-definition-candidate,owner-provided SWF,container=root; definitionDepth=0; tagOrdinal=5601; payloadBytes=221; rawTagPayloadSha256=8c063d7535b17ac4bbe8297d52c3fc05c398425530cbef67af52b215764abfec; exactTagIdentitySha256=5bd5f9f44af612f99edef638ad5717d338412c6a0fc456d863d1c726f6eb0bdf; runtime reachability unresolved; placement and bounds unresolved; renderer suitability unresolved
swf-definition-05602,439,,shape,source-assets/flash/HELP MATH_ORIGINAL FILES/HELP_COURSES/ELMGR5/L5/RW/L5RW04.swf,,,a661782961fbf8f65d72809bd79433b828208508858601316c7623938099acda,DefineShape3,,,none; machine census only; no renderer export,machine-extracted-definition-candidate,owner-provided SWF,container=root; definitionDepth=0; tagOrdinal=5602; payloadBytes=166; rawTagPayloadSha256=a661782961fbf8f65d72809bd79433b828208508858601316c7623938099acda; exactTagIdentitySha256=4ff1d099e74b9d02fd10cdacbf2a10a05b82494ffdc6e965a94f6e8c9d41bd17; runtime reachability unresolved; placement and bounds unresolved; renderer suitability unresolved
swf-definition-05603,440,,morph,source-assets/flash/HELP MATH_ORIGINAL FILES/HELP_COURSES/ELMGR5/L5/RW/L5RW04.swf,,,3d6e9460c2d94c4ab3ea6d34cf26711d75ce5b9b9cea27d8c83707ad75c94f78,DefineMorphShape,,,none; machine census only; no renderer export,machine-extracted-definition-candidate,owner-provided SWF,container=root; definitionDepth=0; tagOrdinal=5603; payloadBytes=472; rawTagPayloadSha256=3d6e9460c2d94c4ab3ea6d34cf26711d75ce5b9b9cea27d8c83707ad75c94f78; exactTagIdentitySha256=f0d090a10bc0083a2d7882981d4bd53b772bf28894ec007a0aa6de5d3a7b14c3; runtime reachability unresolved; placement and bounds unresolved; renderer suitability unresolved
swf-definition-05604,441,,shape,source-assets/flash/HELP MATH_ORIGINAL FILES/HELP_COURSES/ELMGR5/L5/RW/L5RW04.swf,,,29e6eea0b438c7cdf223fc15e30537466ade4797e4ee7e6d273edcefd3b8d48c,DefineShape3,,,none; machine census only; no renderer export,machine-extracted-definition-candidate,owner-provided SWF,container=root; definitionDepth=0; tagOrdinal=5604; payloadBytes=245; rawTagPayloadSha256=29e6eea0b438c7cdf223fc15e30537466ade4797e4ee7e6d273edcefd3b8d48c; exactTagIdentitySha256=8a944ff5eb43add0728bf824e40180c22ae0a7642e838f57fc6e6a63715b1a11; runtime reachability unresolved; placement and bounds unresolved; renderer suitability unresolved
swf-definition-05605,442,,shape,source-assets/flash/HELP MATH_ORIGINAL FILES/HELP_COURSES/ELMGR5/L5/RW/L5RW04.swf,,,92e30e0f06b9311f4954f1e85ddb422d32b840b5453f8b0f931c99039ef3d0f9,DefineShape3,,,none; machine census only; no renderer export,machine-extracted-definition-candidate,owner-provided SWF,container=root; definitionDepth=0; tagOrdinal=5605; payloadBytes=184; rawTagPayloadSha256=92e30e0f06b9311f4954f1e85ddb422d32b840b5453f8b0f931c99039ef3d0f9; exactTagIdentitySha256=fc916451b4610816629c9af5fdfad20a3318a6acca149016efed4a2726a653e3; runtime reachability unresolved; placement and bounds unresolved; renderer suitability unresolved
swf-definition-05606,443,,morph,source-assets/flash/HELP MATH_ORIGINAL FILES/HELP_COURSES/ELMGR5/L5/RW/L5RW04.swf,,,5a803e5456293a2d2650462ee16075debddc2bb0c9e261513df112d8cb9ed9c7,DefineMorphShape,,,none; machine census only; no renderer export,machine-extracted-definition-candidate,owner-provided SWF,container=root; definitionDepth=0; tagOrdinal=5606; payloadBytes=381; rawTagPayloadSha256=5a803e5456293a2d2650462ee16075debddc2bb0c9e261513df112d8cb9ed9c7; exactTagIdentitySha256=43f360e456092192b7369ead7012eb453543cb753f74c56042c0c6bd3e51512f; runtime reachability unresolved; placement and bounds unresolved; renderer suitability unresolved
swf-definition-05607,444,,shape,source-assets/flash/HELP MATH_ORIGINAL FILES/HELP_COURSES/ELMGR5/L5/RW/L5RW04.swf,,,7de2c8e5f76467746dbf7e23d0de7432ee557a76e1289958d69657e0b7114cab,DefineShape3,,,none; machine census only; no renderer export,machine-extracted-definition-candidate,owner-provided SWF,container=root; definitionDepth=0; tagOrdinal=5607; payloadBytes=283; rawTagPayloadSha256=7de2c8e5f76467746dbf7e23d0de7432ee557a76e1289958d69657e0b7114cab; exactTagIdentitySha256=e820cbc47ca8714894f088e6ed31030b2d4e1d97493003a37e04a40ed9162f96; runtime reachability unresolved; placement and bounds unresolved; renderer suitability unresolved
swf-definition-05608,445,,shape,source-assets/flash/HELP MATH_ORIGINAL FILES/HELP_COURSES/ELMGR5/L5/RW/L5RW04.swf,,,99dc69b58cc25d4f8e196c6f62ff4ed8ac538af7cc39f9b35dd08e9b2db89c9c,DefineShape,,,none; machine census only; no renderer export,machine-extracted-definition-candidate,owner-provided SWF,container=root; definitionDepth=0; tagOrdinal=5608; payloadBytes=333; rawTagPayloadSha256=99dc69b58cc25d4f8e196c6f62ff4ed8ac538af7cc39f9b35dd08e9b2db89c9c; exactTagIdentitySha256=7fdc86fe00c3c3126c3c2631824c5185ade6e70f8f90e95057dd38181aacea7f; runtime reachability unresolved; placement and bounds unresolved; renderer suitability unresolved
swf-definition-05609,446,,shape,source-assets/flash/HELP MATH_ORIGINAL FILES/HELP_COURSES/ELMGR5/L5/RW/L5RW04.swf,,,93946084c2b3c63b51c6d0a7c9ebf018d7f577cd11881badbe2f4752515bb1b6,DefineShape,,,none; machine census only; no renderer export,machine-extracted-definition-candidate,owner-provided SWF,container=root; definitionDepth=0; tagOrdinal=5609; payloadBytes=161; rawTagPayloadSha256=93946084c2b3c63b51c6d0a7c9ebf018d7f577cd11881badbe2f4752515bb1b6; exactTagIdentitySha256=621d4dbab80a7b78c300ba2f6c7d0539b799f4b1384e4ab2e5eac593f4b3f356; runtime reachability unresolved; placement and bounds unresolved; renderer suitability unresolved
swf-definition-05610,447,,shape,source-assets/flash/HELP MATH_ORIGINAL FILES/HELP_COURSES/ELMGR5/L5/RW/L5RW04.swf,,,9eda68029bba53689f4c5092e1512efef2877005099a2d2ffd3b6ccbed8e76c7,DefineShape3,,,none; machine census only; no renderer export,machine-extracted-definition-candidate,owner-provided SWF,container=root; definitionDepth=0; tagOrdinal=5610; payloadBytes=66; rawTagPayloadSha256=9eda68029bba53689f4c5092e1512efef2877005099a2d2ffd3b6ccbed8e76c7; exactTagIdentitySha256=da1d97e4fb9eec557b420195154c3324a0c8d76c959d920624f36cd5005a1d75; runtime reachability unresolved; placement and bounds unresolved; renderer suitability unresolved
swf-definition-05611,448,,morph,source-assets/flash/HELP MATH_ORIGINAL FILES/HELP_COURSES/ELMGR5/L5/RW/L5RW04.swf,,,970c4398258696811f93c5e0faa576491b8e6ed67dc62ae23aa907cd0788bad4,DefineMorphShape,,,none; machine census only; no renderer export,machine-extracted-definition-candidate,owner-provided SWF,container=root; definitionDepth=0; tagOrdinal=5611; payloadBytes=411; rawTagPayloadSha256=970c4398258696811f93c5e0faa576491b8e6ed67dc62ae23aa907cd0788bad4; exactTagIdentitySha256=df2024dd7ea6b7f84d264ab2ba4e1ba7683b8161c7485f630e473520f08dd4b0; runtime reachability unresolved; placement and bounds unresolved; renderer suitability unresolved
swf-definition-05612,449,,morph,source-assets/flash/HELP MATH_ORIGINAL FILES/HELP_COURSES/ELMGR5/L5/RW/L5RW04.swf,,,f461839ddc8437ddf5c22c83faafabc55f52dd829b4c22d76302bf0e55a38500,DefineMorphShape,,,none; machine census only; no renderer export,machine-extracted-definition-candidate,owner-provided SWF,container=root; definitionDepth=0; tagOrdinal=5612; payloadBytes=341; rawTagPayloadSha256=f461839ddc8437ddf5c22c83faafabc55f52dd829b4c22d76302bf0e55a38500; exactTagIdentitySha256=de097a8f318602936d5c0bfaf46377ebaab82bf5c82a227aa8dd0e718e66f1f9; runtime reachability unresolved; placement and bounds unresolved; renderer suitability unresolved
swf-definition-05613,450,,morph,source-assets/flash/HELP MATH_ORIGINAL FILES/HELP_COURSES/ELMGR5/L5/RW/L5RW04.swf,,,7454e3d52463edb79ca40fc2aaef8b359584f938d85752d37b42846902d022f3,DefineMorphShape,,,none; machine census only; no renderer export,machine-extracted-definition-candidate,owner-provided SWF,container=root; definitionDepth=0; tagOrdinal=5613; payloadBytes=95; rawTagPayloadSha256=7454e3d52463edb79ca40fc2aaef8b359584f938d85752d37b42846902d022f3; exactTagIdentitySha256=35c7099a4369385af9e81eacfba217c83d8df1ec5f083ce7ddf8406442458fe6; runtime reachability unresolved; placement and bounds unresolved; renderer suitability unresolved
swf-definition-05614,451,,shape,source-assets/flash/HELP MATH_ORIGINAL FILES/HELP_COURSES/ELMGR5/L5/RW/L5RW04.swf,,,182c03c217253f7df9d844559fbed9d3c66c09b46552cdc423c956f2e118e7cd,DefineShape,,,none; machine census only; no renderer export,machine-extracted-definition-candidate,owner-provided SWF,container=root; definitionDepth=0; tagOrdinal=5614; payloadBytes=43; rawTagPayloadSha256=182c03c217253f7df9d844559fbed9d3c66c09b46552cdc423c956f2e118e7cd; exactTagIdentitySha256=87f809bdb7965f93938fc725537af4e0c21f50382e0dcfc8266cf4074e23eda7; runtime reachability unresolved; placement and bounds unresolved; renderer suitability unresolved
swf-definition-05615,452,,morph,source-assets/flash/HELP MATH_ORIGINAL FILES/HELP_COURSES/ELMGR5/L5/RW/L5RW04.swf,,,265263c119a6265c963c4f4ce45a3b409141d758f8923c0a86fb5946ada7d054,DefineMorphShape,,,none; machine census only; no renderer export,machine-extracted-definition-candidate,owner-provided SWF,container=root; definitionDepth=0; tagOrdinal=5615; payloadBytes=92; rawTagPayloadSha256=265263c119a6265c963c4f4ce45a3b409141d758f8923c0a86fb5946ada7d054; exactTagIdentitySha256=ba8043d5d2325b3f74f1e5000be76cfe7693e8a3387a4e3d4ecb8246730005aa; runtime reachability unresolved; placement and bounds unresolved; renderer suitability unresolved
swf-definition-05616,453,,shape,source-assets/flash/HELP MATH_ORIGINAL FILES/HELP_COURSES/ELMGR5/L5/RW/L5RW04.swf,,,d6ca2d3ba643d59ed7795d8e447ec6723788f474eacb60aa0c5015f7bf20cf14,DefineShape,,,none; machine census only; no renderer export,machine-extracted-definition-candidate,owner-provided SWF,container=root; definitionDepth=0; tagOrdinal=5616; payloadBytes=123; rawTagPayloadSha256=d6ca2d3ba643d59ed7795d8e447ec6723788f474eacb60aa0c5015f7bf20cf14; exactTagIdentitySha256=aa34da8a233e9e20f6fb88abc00789e3267e11a3c6601230e339bee4a76d20c6; runtime reachability unresolved; placement and bounds unresolved; renderer suitability unresolved
swf-definition-05617,454,,shape,source-assets/flash/HELP MATH_ORIGINAL FILES/HELP_COURSES/ELMGR5/L5/RW/L5RW04.swf,,,68e927a0a7824cd7a39cba0db0ab7003b1ade7b7f5583cd4d5e09a8be8b85f7c,DefineShape,,,none; machine census only; no renderer export,machine-extracted-definition-candidate,owner-provided SWF,container=root; definitionDepth=0; tagOrdinal=5617; payloadBytes=66; rawTagPayloadSha256=68e927a0a7824cd7a39cba0db0ab7003b1ade7b7f5583cd4d5e09a8be8b85f7c; exactTagIdentitySha256=feeae695060b92dd6953ac997b7083f258dd437aa5e4a6b3bf441047adbe2ca9; runtime reachability unresolved; placement and bounds unresolved; renderer suitability unresolved
swf-definition-05618,455,,morph,source-assets/flash/HELP MATH_ORIGINAL FILES/HELP_COURSES/ELMGR5/L5/RW/L5RW04.swf,,,0b47c1dab63ded2624e5e38aa0e3d33546483d444545a009524cab5359b2a027,DefineMorphShape,,,none; machine census only; no renderer export,machine-extracted-definition-candidate,owner-provided SWF,container=root; definitionDepth=0; tagOrdinal=5618; payloadBytes=93; rawTagPayloadSha256=0b47c1dab63ded2624e5e38aa0e3d33546483d444545a009524cab5359b2a027; exactTagIdentitySha256=09fe743befbcc61a4d2632ec849cb9a56ceccf8ff2bf25db5be7248872779148; runtime reachability unresolved; placement and bounds unresolved; renderer suitability unresolved
swf-definition-05619,456,,shape,source-assets/flash/HELP MATH_ORIGINAL FILES/HELP_COURSES/ELMGR5/L5/RW/L5RW04.swf,,,97ce0b308377612c06dc3a495fd33336afb09afc7149bc67125e64cab44c4d39,DefineShape,,,none; machine census only; no renderer export,machine-extracted-definition-candidate,owner-provided SWF,container=root; definitionDepth=0; tagOrdinal=5619; payloadBytes=156; rawTagPayloadSha256=97ce0b308377612c06dc3a495fd33336afb09afc7149bc67125e64cab44c4d39; exactTagIdentitySha256=450d7e68df8a01e72890426e9272f5cadb87c47dfa70be2f01698817f5d3c135; runtime reachability unresolved; placement and bounds unresolved; renderer suitability unresolved
swf-definition-05620,457,,shape,source-assets/flash/HELP MATH_ORIGINAL FILES/HELP_COURSES/ELMGR5/L5/RW/L5RW04.swf,,,dd61dcd171d47e9de87a573ed3bc246ec43793eed052580dafbe066ab80e64fa,DefineShape,,,none; machine census only; no renderer export,machine-extracted-definition-candidate,owner-provided SWF,container=root; definitionDepth=0; tagOrdinal=5620; payloadBytes=238; rawTagPayloadSha256=dd61dcd171d47e9de87a573ed3bc246ec43793eed052580dafbe066ab80e64fa; exactTagIdentitySha256=7ddb98845bcedfbc7b9ce2962544589804f223fc2f069d4c5c21e20a063bc06d; runtime reachability unresolved; placement and bounds unresolved; renderer suitability unresolved
swf-definition-05621,458,,shape,source-assets/flash/HELP MATH_ORIGINAL FILES/HELP_COURSES/ELMGR5/L5/RW/L5RW04.swf,,,a114a819f40d109f73435675317127201917ed89cceab6900bbd6499793275e6,DefineShape,,,none; machine census only; no renderer export,machine-extracted-definition-candidate,owner-provided SWF,container=root; definitionDepth=0; tagOrdinal=5621; payloadBytes=283; rawTagPayloadSha256=a114a819f40d109f73435675317127201917ed89cceab6900bbd6499793275e6; exactTagIdentitySha256=a313d668927098b5bc945f0dc231ee21c77b33badbe775b1fac221bb31413c51; runtime reachability unresolved; placement and bounds unresolved; renderer suitability unresolved
swf-definition-05622,459,,shape,source-assets/flash/HELP MATH_ORIGINAL FILES/HELP_COURSES/ELMGR5/L5/RW/L5RW04.swf,,,5dc3c4e420c6124ff1e8b602cd9d6b046a1971495aa2eb68bf8126c9f2a96cc1,DefineShape,,,none; machine census only; no renderer export,machine-extracted-definition-candidate,owner-provided SWF,container=root; definitionDepth=0; tagOrdinal=5622; payloadBytes=340; rawTagPayloadSha256=5dc3c4e420c6124ff1e8b602cd9d6b046a1971495aa2eb68bf8126c9f2a96cc1; exactTagIdentitySha256=8a0199e278d1d478538d746ebf97f1b13a75a6389c5e3913bb123b46ece6a47f; runtime reachability unresolved; placement and bounds unresolved; renderer suitability unresolved
swf-definition-05623,460,,shape,source-assets/flash/HELP MATH_ORIGINAL FILES/HELP_COURSES/ELMGR5/L5/RW/L5RW04.swf,,,36ee8869ab3dfe6f9019631002ffc3f0e5eb3196beb88fa52769670a9b9c2953,DefineShape,,,none; machine census only; no renderer export,machine-extracted-definition-candidate,owner-provided SWF,container=root; definitionDepth=0; tagOrdinal=5623; payloadBytes=1155; rawTagPayloadSha256=36ee8869ab3dfe6f9019631002ffc3f0e5eb3196beb88fa52769670a9b9c2953; exactTagIdentitySha256=ff84e983ff29d2d789cbda960afda52194a1946ba46b22bcd6fe6f79cdc4f39e; runtime reachability unresolved; placement and bounds unresolved; renderer suitability unresolved
swf-definition-05624,461,,shape,source-assets/flash/HELP MATH_ORIGINAL FILES/HELP_COURSES/ELMGR5/L5/RW/L5RW04.swf,,,f4051aa96959ff62154814b2b6b6443fff8b23590c9e7cffd8090741b55ca76c,DefineShape,,,none; machine census only; no renderer export,machine-extracted-definition-candidate,owner-provided SWF,container=root; definitionDepth=0; tagOrdinal=5624; payloadBytes=109; rawTagPayloadSha256=f4051aa96959ff62154814b2b6b6443fff8b23590c9e7cffd8090741b55ca76c; exactTagIdentitySha256=5180b9f8ffaa5619fd71d95578ab5b5bcaa65b00cd0dc7a42c94117e257e225e; runtime reachability unresolved; placement and bounds unresolved; renderer suitability unresolved
swf-definition-05625,462,,shape,source-assets/flash/HELP MATH_ORIGINAL FILES/HELP_COURSES/ELMGR5/L5/RW/L5RW04.swf,,,80b095a55a30cbc93f0944c44c353f5966ba532e4cca593240c75e380c51bc61,DefineShape,,,none; machine census only; no renderer export,machine-extracted-definition-candidate,owner-provided SWF,container=root; definitionDepth=0; tagOrdinal=5625; payloadBytes=1130; rawTagPayloadSha256=80b095a55a30cbc93f0944c44c353f5966ba532e4cca593240c75e380c51bc61; exactTagIdentitySha256=f888015240bf7b2517e3547b950b898185e2238c17e112dce584e40ba351e254; runtime reachability unresolved; placement and bounds unresolved; renderer suitability unresolved
swf-definition-05626,463,,sprite,source-assets/flash/HELP MATH_ORIGINAL FILES/HELP_COURSES/ELMGR5/L5/RW/L5RW04.swf,,,d298dfb5ea5213db2f745aafc51fe06cf9efb285a78411205a2d90f711f3b79a,DefineSprite,,,none; machine census only; no renderer export,machine-extracted-definition-candidate,owner-provided SWF,container=root; definitionDepth=0; tagOrdinal=5626; payloadBytes=42; rawTagPayloadSha256=d298dfb5ea5213db2f745aafc51fe06cf9efb285a78411205a2d90f711f3b79a; exactTagIdentitySha256=eff1d59c85fc341b361b223a41df615ad5720bc7337be7be5f24976ba03b6475; declaredFrameCount=2; runtime reachability unresolved; placement and bounds unresolved; renderer suitability unresolved
swf-definition-05634,464,,morph,source-assets/flash/HELP MATH_ORIGINAL FILES/HELP_COURSES/ELMGR5/L5/RW/L5RW04.swf,,,290f6d8ed3a365059e85ccf3b0de67030414eb32415996076e9779f3d2e85268,DefineMorphShape,,,none; machine census only; no renderer export,machine-extracted-definition-candidate,owner-provided SWF,container=root; definitionDepth=0; tagOrdinal=5634; payloadBytes=346; rawTagPayloadSha256=290f6d8ed3a365059e85ccf3b0de67030414eb32415996076e9779f3d2e85268; exactTagIdentitySha256=bf09f0a863420231cb7226acc3a62315c07bd3a4c29dc1781123e2de0dffc8ee; runtime reachability unresolved; placement and bounds unresolved; renderer suitability unresolved
swf-definition-05635,465,,shape,source-assets/flash/HELP MATH_ORIGINAL FILES/HELP_COURSES/ELMGR5/L5/RW/L5RW04.swf,,,6ae07b74c88a566ba40c4da9bdc4fe39d8aa5398afabe3a6a42dbcc9dcc7387f,DefineShape,,,none; machine census only; no renderer export,machine-extracted-definition-candidate,owner-provided SWF,container=root; definitionDepth=0; tagOrdinal=5635; payloadBytes=149; rawTagPayloadSha256=6ae07b74c88a566ba40c4da9bdc4fe39d8aa5398afabe3a6a42dbcc9dcc7387f; exactTagIdentitySha256=4e73f02f83b4db48edfd300d7ed34511c15150adc38407013dd7a412b10b80a9; runtime reachability unresolved; placement and bounds unresolved; renderer suitability unresolved
swf-definition-05636,466,,morph,source-assets/flash/HELP MATH_ORIGINAL FILES/HELP_COURSES/ELMGR5/L5/RW/L5RW04.swf,,,083a497b0e8fa5ea732f146d5ad944d6753480499d5d08296e0a8405db7d7dc2,DefineMorphShape,,,none; machine census only; no renderer export,machine-extracted-definition-candidate,owner-provided SWF,container=root; definitionDepth=0; tagOrdinal=5636; payloadBytes=563; rawTagPayloadSha256=083a497b0e8fa5ea732f146d5ad944d6753480499d5d08296e0a8405db7d7dc2; exactTagIdentitySha256=8d2c40a9c17bb50081eda50113834b66acb3c3aaa9161b96a3427cc3848eb5ae; runtime reachability unresolved; placement and bounds unresolved; renderer suitability unresolved
swf-definition-05637,467,,morph,source-assets/flash/HELP MATH_ORIGINAL FILES/HELP_COURSES/ELMGR5/L5/RW/L5RW04.swf,,,56d93e1c42ce768f475c6d175f1f0944f0434219e1145f0a583b3a319349ee87,DefineMorphShape,,,none; machine census only; no renderer export,machine-extracted-definition-candidate,owner-provided SWF,container=root; definitionDepth=0; tagOrdinal=5637; payloadBytes=90; rawTagPayloadSha256=56d93e1c42ce768f475c6d175f1f0944f0434219e1145f0a583b3a319349ee87; exactTagIdentitySha256=d72f1555a95be6bbcf15a9ad537c98e7efbb5e696da694b5586cfd41aaa701cd; runtime reachability unresolved; placement and bounds unresolved; renderer suitability unresolved
swf-definition-05638,468,,shape,source-assets/flash/HELP MATH_ORIGINAL FILES/HELP_COURSES/ELMGR5/L5/RW/L5RW04.swf,,,7b0d30e5454126857989c5db3f31dc1e0282923d8f81ce6102888476e61a2fa6,DefineShape2,,,none; machine census only; no renderer export,machine-extracted-definition-candidate,owner-provided SWF,container=root; definitionDepth=0; tagOrdinal=5638; payloadBytes=61; rawTagPayloadSha256=7b0d30e5454126857989c5db3f31dc1e0282923d8f81ce6102888476e61a2fa6; exactTagIdentitySha256=f447219231c26590d6b41f3b53005cab144daf182dc50cd6d6e9fa29c9203aeb; runtime reachability unresolved; placement and bounds unresolved; renderer suitability unresolved
swf-definition-05639,469,,morph,source-assets/flash/HELP MATH_ORIGINAL FILES/HELP_COURSES/ELMGR5/L5/RW/L5RW04.swf,,,af8db981e3b65e167427197a6a36b060ca3d1d2ccbaf0375870c35017d9592d4,DefineMorphShape,,,none; machine census only; no renderer export,machine-extracted-definition-candidate,owner-provided SWF,container=root; definitionDepth=0; tagOrdinal=5639; payloadBytes=516; rawTagPayloadSha256=af8db981e3b65e167427197a6a36b060ca3d1d2ccbaf0375870c35017d9592d4; exactTagIdentitySha256=e00a1b3a36669feca01ae13b28963c50dd46356a52372ca42b10ef9c2ba76b87; runtime reachability unresolved; placement and bounds unresolved; renderer suitability unresolved
swf-definition-05640,470,,morph,source-assets/flash/HELP MATH_ORIGINAL FILES/HELP_COURSES/ELMGR5/L5/RW/L5RW04.swf,,,b67376a5ecce64e14f7549eb761dc5fc574f4d09d74a2beb4c8e2dca8f494cba,DefineMorphShape,,,none; machine census only; no renderer export,machine-extracted-definition-candidate,owner-provided SWF,container=root; definitionDepth=0; tagOrdinal=5640; payloadBytes=564; rawTagPayloadSha256=b67376a5ecce64e14f7549eb761dc5fc574f4d09d74a2beb4c8e2dca8f494cba; exactTagIdentitySha256=f2dda69b4d876133168d800afa4d987a7f3d6abb385198b132d2cf1ee6f3e15a; runtime reachability unresolved; placement and bounds unresolved; renderer suitability unresolved
swf-definition-05641,471,,shape,source-assets/flash/HELP MATH_ORIGINAL FILES/HELP_COURSES/ELMGR5/L5/RW/L5RW04.swf,,,a133e5a68d8447bdf8b14825b5f5f0bb81b6cccba21ebc041acbaa992e62b569,DefineShape,,,none; machine census only; no renderer export,machine-extracted-definition-candidate,owner-provided SWF,container=root; definitionDepth=0; tagOrdinal=5641; payloadBytes=166; rawTagPayloadSha256=a133e5a68d8447bdf8b14825b5f5f0bb81b6cccba21ebc041acbaa992e62b569; exactTagIdentitySha256=aab55e59aa3c0a0904273da2cfa6a2f708870f1b08ce5adcddd063a9dcc331ac; runtime reachability unresolved; placement and bounds unresolved; renderer suitability unresolved
swf-definition-05642,472,,shape,source-assets/flash/HELP MATH_ORIGINAL FILES/HELP_COURSES/ELMGR5/L5/RW/L5RW04.swf,,,81590db70796428fd33a443bd82c79b91868adffe8d8ccf4e073762e11dc7f6d,DefineShape,,,none; machine census only; no renderer export,machine-extracted-definition-candidate,owner-provided SWF,container=root; definitionDepth=0; tagOrdinal=5642; payloadBytes=299; rawTagPayloadSha256=81590db70796428fd33a443bd82c79b91868adffe8d8ccf4e073762e11dc7f6d; exactTagIdentitySha256=1db2b6c15c02cf146d8125ee3b268bb29951aad953db6b22afe7438fa4d5248f; runtime reachability unresolved; placement and bounds unresolved; renderer suitability unresolved
swf-definition-05643,473,,shape,source-assets/flash/HELP MATH_ORIGINAL FILES/HELP_COURSES/ELMGR5/L5/RW/L5RW04.swf,,,2cbdd109b253862f7a7355d3c628798ab2b32595ecf2a2ec96700752e3a83db0,DefineShape,,,none; machine census only; no renderer export,machine-extracted-definition-candidate,owner-provided SWF,container=root; definitionDepth=0; tagOrdinal=5643; payloadBytes=267; rawTagPayloadSha256=2cbdd109b253862f7a7355d3c628798ab2b32595ecf2a2ec96700752e3a83db0; exactTagIdentitySha256=d31118ef2ed592adb3fefba9df6ebab58bf8fd071ecf315f4bd2919bd08b0a86; runtime reachability unresolved; placement and bounds unresolved; renderer suitability unresolved
swf-definition-05644,474,,morph,source-assets/flash/HELP MATH_ORIGINAL FILES/HELP_COURSES/ELMGR5/L5/RW/L5RW04.swf,,,48bb119a031fff2701881216da663de10d3d461417652ea351c120a214b8ea17,DefineMorphShape,,,none; machine census only; no renderer export,machine-extracted-definition-candidate,owner-provided SWF,container=root; definitionDepth=0; tagOrdinal=5644; payloadBytes=439; rawTagPayloadSha256=48bb119a031fff2701881216da663de10d3d461417652ea351c120a214b8ea17; exactTagIdentitySha256=2fc1ca43b4eb6b0d10a39c498281ff4b49b97ef1ac19adc44e6bef1099c52411; runtime reachability unresolved; placement and bounds unresolved; renderer suitability unresolved
swf-definition-05645,475,,shape,source-assets/flash/HELP MATH_ORIGINAL FILES/HELP_COURSES/ELMGR5/L5/RW/L5RW04.swf,,,d386ee77733f9f5ead612194e9ac6aafea05d4b9a86a3c340b93f08674d5500b,DefineShape,,,none; machine census only; no renderer export,machine-extracted-definition-candidate,owner-provided SWF,container=root; definitionDepth=0; tagOrdinal=5645; payloadBytes=181; rawTagPayloadSha256=d386ee77733f9f5ead612194e9ac6aafea05d4b9a86a3c340b93f08674d5500b; exactTagIdentitySha256=ee93db89fccc0514246eb2c6810a7b1f1367815709cda4f463748e855af5a414; runtime reachability unresolved; placement and bounds unresolved; renderer suitability unresolved
swf-definition-05646,476,,morph,source-assets/flash/HELP MATH_ORIGINAL FILES/HELP_COURSES/ELMGR5/L5/RW/L5RW04.swf,,,5685f46d45124b303b411f306c7d7120b8e1ef2fa5aede4d5dd04541e198c6e4,DefineMorphShape,,,none; machine census only; no renderer export,machine-extracted-definition-candidate,owner-provided SWF,container=root; definitionDepth=0; tagOrdinal=5646; payloadBytes=88; rawTagPayloadSha256=5685f46d45124b303b411f306c7d7120b8e1ef2fa5aede4d5dd04541e198c6e4; exactTagIdentitySha256=c803d205a51223921db28bcdd5449c4b2ecbd3f2dd9098effa213d177ef2eb0c; runtime reachability unresolved; placement and bounds unresolved; renderer suitability unresolved
swf-definition-05647,477,,morph,source-assets/flash/HELP MATH_ORIGINAL FILES/HELP_COURSES/ELMGR5/L5/RW/L5RW04.swf,,,47350134484fd9bec4af01584fd6ba2c80adbf3abd0ffbc2771a9b608e1bf17d,DefineMorphShape,,,none; machine census only; no renderer export,machine-extracted-definition-candidate,owner-provided SWF,container=root; definitionDepth=0; tagOrdinal=5647; payloadBytes=83; rawTagPayloadSha256=47350134484fd9bec4af01584fd6ba2c80adbf3abd0ffbc2771a9b608e1bf17d; exactTagIdentitySha256=acc51e92525a60a4148ace2e5ec27ec96d89e45054f36b4d0fa99ddbe40e731c; runtime reachability unresolved; placement and bounds unresolved; renderer suitability unresolved
swf-definition-05648,478,,morph,source-assets/flash/HELP MATH_ORIGINAL FILES/HELP_COURSES/ELMGR5/L5/RW/L5RW04.swf,,,a8aa8825677db24a4037c01d9dbed79b4bafebf3434818e1cefc82a4f0d18f91,DefineMorphShape,,,none; machine census only; no renderer export,machine-extracted-definition-candidate,owner-provided SWF,container=root; definitionDepth=0; tagOrdinal=5648; payloadBytes=276; rawTagPayloadSha256=a8aa8825677db24a4037c01d9dbed79b4bafebf3434818e1cefc82a4f0d18f91; exactTagIdentitySha256=3548f29e8e8a2f574c64377ca4340d2bce0e1c124279d25003e7d13e526264f4; runtime reachability unresolved; placement and bounds unresolved; renderer suitability unresolved
swf-definition-05649,479,,shape,source-assets/flash/HELP MATH_ORIGINAL FILES/HELP_COURSES/ELMGR5/L5/RW/L5RW04.swf,,,04e8d27657e07838870bd8dd82f17c2cbd1f1633ebaca69104e4231d2a9735d6,DefineShape3,,,none; machine census only; no renderer export,machine-extracted-definition-candidate,owner-provided SWF,container=root; definitionDepth=0; tagOrdinal=5649; payloadBytes=36; rawTagPayloadSha256=04e8d27657e07838870bd8dd82f17c2cbd1f1633ebaca69104e4231d2a9735d6; exactTagIdentitySha256=eb67fd12d2d5569f445984e59b69391a9b719c328bf8b889c76c12d19a9340f4; runtime reachability unresolved; placement and bounds unresolved; renderer suitability unresolved
swf-definition-05650,480,,shape,source-assets/flash/HELP MATH_ORIGINAL FILES/HELP_COURSES/ELMGR5/L5/RW/L5RW04.swf,,,d859a702f9678102892c6028d749b478355b5910ae20dac042ab88fcc663b899,DefineShape3,,,none; machine census only; no renderer export,machine-extracted-definition-candidate,owner-provided SWF,container=root; definitionDepth=0; tagOrdinal=5650; payloadBytes=85; rawTagPayloadSha256=d859a702f9678102892c6028d749b478355b5910ae20dac042ab88fcc663b899; exactTagIdentitySha256=3a46a9b040e5f0b2402ad795c309bdac661ce59d3bd6762956f86fb2863337cd; runtime reachability unresolved; placement and bounds unresolved; renderer suitability unresolved
swf-definition-05651,481,,morph,source-assets/flash/HELP MATH_ORIGINAL FILES/HELP_COURSES/ELMGR5/L5/RW/L5RW04.swf,,,c12ae267b8a827a914a9f14bb376a6f2b246404a754ee8d4d8d3d49347717f95,DefineMorphShape,,,none; machine census only; no renderer export,machine-extracted-definition-candidate,owner-provided SWF,container=root; definitionDepth=0; tagOrdinal=5651; payloadBytes=83; rawTagPayloadSha256=c12ae267b8a827a914a9f14bb376a6f2b246404a754ee8d4d8d3d49347717f95; exactTagIdentitySha256=907538dddfc7ca7ea8243c88aec562519197a097c0eeec3d880f200570e3d096; runtime reachability unresolved; placement and bounds unresolved; renderer suitability unresolved
swf-definition-05652,482,,shape,source-assets/flash/HELP MATH_ORIGINAL FILES/HELP_COURSES/ELMGR5/L5/RW/L5RW04.swf,,,0e5e17e3c7f3ebc028d66b0bde15b61dd401bacf0bc392929be9b17e111461fc,DefineShape,,,none; machine census only; no renderer export,machine-extracted-definition-candidate,owner-provided SWF,container=root; definitionDepth=0; tagOrdinal=5652; payloadBytes=51; rawTagPayloadSha256=0e5e17e3c7f3ebc028d66b0bde15b61dd401bacf0bc392929be9b17e111461fc; exactTagIdentitySha256=843a1aeb6fed438a8cb118ffb72c6478a08bc1d202b763d2295b5be7a1746a92; runtime reachability unresolved; placement and bounds unresolved; renderer suitability unresolved
swf-definition-05653,483,Bauhaus Md BT,font,source-assets/flash/HELP MATH_ORIGINAL FILES/HELP_COURSES/ELMGR5/L5/RW/L5RW04.swf,,,e8b3e04b0a60025cc68e7aa49e0a45588c3efca46a640582a938e2bded1bf2a3,DefineFont2,,30,none; machine census only; no renderer export,machine-extracted-definition-candidate,owner-provided SWF,container=root; definitionDepth=0; tagOrdinal=5653; payloadBytes=2402; rawTagPayloadSha256=e8b3e04b0a60025cc68e7aa49e0a45588c3efca46a640582a938e2bded1bf2a3; exactTagIdentitySha256=265f9aa6453d9ed1f9b636506046bf9e657aabce0cba7ec5e423d0a564ca7925; runtime reachability unresolved; placement and bounds unresolved; renderer suitability unresolved
swf-definition-05655,484,,text,source-assets/flash/HELP MATH_ORIGINAL FILES/HELP_COURSES/ELMGR5/L5/RW/L5RW04.swf,,,4182937c6ff863b2c247555e3eb08878b45bb08a1356ccf95520125205faa3e8,DefineText,,,none; machine census only; no renderer export,machine-extracted-definition-candidate,owner-provided SWF,container=root; definitionDepth=0; tagOrdinal=5655; payloadBytes=183; rawTagPayloadSha256=4182937c6ff863b2c247555e3eb08878b45bb08a1356ccf95520125205faa3e8; exactTagIdentitySha256=03e570939ac509c832586c1a13e146cf067650b186c3a86fe234b1652e12ca4b; runtime reachability unresolved; placement and bounds unresolved; renderer suitability unresolved
swf-definition-05656,485,,shape,source-assets/flash/HELP MATH_ORIGINAL FILES/HELP_COURSES/ELMGR5/L5/RW/L5RW04.swf,,,3e76baaae5b90c70e9f90e891b3cccf71be4d5082e3a085ab3f25e568c40fb24,DefineShape,,,none; machine census only; no renderer export,machine-extracted-definition-candidate,owner-provided SWF,container=root; definitionDepth=0; tagOrdinal=5656; payloadBytes=31; rawTagPayloadSha256=3e76baaae5b90c70e9f90e891b3cccf71be4d5082e3a085ab3f25e568c40fb24; exactTagIdentitySha256=41e6d03070e757f71bbf9a0e3adb3f720f5c19e4845dbccd671f89beba1a93a6; runtime reachability unresolved; placement and bounds unresolved; renderer suitability unresolved
swf-definition-05657,486,,button,source-assets/flash/HELP MATH_ORIGINAL FILES/HELP_COURSES/ELMGR5/L5/RW/L5RW04.swf,,,e47ba6dd027544cf73a043696612aa0b2c049a624910dc1d2b3c51a514b8acc9,DefineButton2,,,none; machine census only; no renderer export,machine-extracted-definition-candidate,owner-provided SWF,container=root; definitionDepth=0; tagOrdinal=5657; payloadBytes=174; rawTagPayloadSha256=e47ba6dd027544cf73a043696612aa0b2c049a624910dc1d2b3c51a514b8acc9; exactTagIdentitySha256=a9f45368d5ebce3faceb49f9486553d12bc68a02be7244c9657ac76153918bd2; runtime reachability unresolved; placement and bounds unresolved; renderer suitability unresolved
swf-definition-05658,487,,button,source-assets/flash/HELP MATH_ORIGINAL FILES/HELP_COURSES/ELMGR5/L5/RW/L5RW04.swf,,,b0b21a8717ce7d6cd7c1cbaa53eedf08238f5e6474e14858b51aefede2906dee,DefineButton2,,,none; machine census only; no renderer export,machine-extracted-definition-candidate,owner-provided SWF,container=root; definitionDepth=0; tagOrdinal=5658; payloadBytes=179; rawTagPayloadSha256=b0b21a8717ce7d6cd7c1cbaa53eedf08238f5e6474e14858b51aefede2906dee; exactTagIdentitySha256=e92b34738c7c223655d053b03f4b319595770db5416e6d08a141fdb87aa840ec; runtime reachability unresolved; placement and bounds unresolved; renderer suitability unresolved
swf-definition-05659,488,,button,source-assets/flash/HELP MATH_ORIGINAL FILES/HELP_COURSES/ELMGR5/L5/RW/L5RW04.swf,,,8bfdaec27dc8a6e6b1034de3a82b68e9fdee75221a11cb8b1e69292f9ec0a493,DefineButton2,,,none; machine census only; no renderer export,machine-extracted-definition-candidate,owner-provided SWF,container=root; definitionDepth=0; tagOrdinal=5659; payloadBytes=179; rawTagPayloadSha256=8bfdaec27dc8a6e6b1034de3a82b68e9fdee75221a11cb8b1e69292f9ec0a493; exactTagIdentitySha256=00e58811e0541b8f3587ac74c412cdbb86dc137bde1d70179ff93db865b48311; runtime reachability unresolved; placement and bounds unresolved; renderer suitability unresolved
swf-definition-05660,489,,button,source-assets/flash/HELP MATH_ORIGINAL FILES/HELP_COURSES/ELMGR5/L5/RW/L5RW04.swf,,,6a61eada3056756f1a39fe8d1857e15b0d346b1b5d88181ce115d2089095fcc7,DefineButton2,,,none; machine census only; no renderer export,machine-extracted-definition-candidate,owner-provided SWF,container=root; definitionDepth=0; tagOrdinal=5660; payloadBytes=177; rawTagPayloadSha256=6a61eada3056756f1a39fe8d1857e15b0d346b1b5d88181ce115d2089095fcc7; exactTagIdentitySha256=919fc9706d6c3d9d323b8b7927755dfad952ed0a5822187795ebad69452ebbcb; runtime reachability unresolved; placement and bounds unresolved; renderer suitability unresolved
swf-definition-05661,490,,morph,source-assets/flash/HELP MATH_ORIGINAL FILES/HELP_COURSES/ELMGR5/L5/RW/L5RW04.swf,,,b3e364521a1c3d475bdbdb415b8bbd67b32a6263840a4b74e8880668c75e3475,DefineMorphShape,,,none; machine census only; no renderer export,machine-extracted-definition-candidate,owner-provided SWF,container=root; definitionDepth=0; tagOrdinal=5661; payloadBytes=85; rawTagPayloadSha256=b3e364521a1c3d475bdbdb415b8bbd67b32a6263840a4b74e8880668c75e3475; exactTagIdentitySha256=a3fe35f263aa628bbbb220e9f97ba9cefc53c582df315a8858d7bfe719ce8b92; runtime reachability unresolved; placement and bounds unresolved; renderer suitability unresolved
swf-definition-05662,491,,morph,source-assets/flash/HELP MATH_ORIGINAL FILES/HELP_COURSES/ELMGR5/L5/RW/L5RW04.swf,,,c9f9936a898b48173c223b38fc1ace2fae0ca49907cbaada0d1db14842ca3e56,DefineMorphShape,,,none; machine census only; no renderer export,machine-extracted-definition-candidate,owner-provided SWF,container=root; definitionDepth=0; tagOrdinal=5662; payloadBytes=85; rawTagPayloadSha256=c9f9936a898b48173c223b38fc1ace2fae0ca49907cbaada0d1db14842ca3e56; exactTagIdentitySha256=1d9d40bad5d5f4bf989473fdc0b50c1cdc705a9f74e0d23af09221ec0345f799; runtime reachability unresolved; placement and bounds unresolved; renderer suitability unresolved
swf-definition-05663,492,,shape,source-assets/flash/HELP MATH_ORIGINAL FILES/HELP_COURSES/ELMGR5/L5/RW/L5RW04.swf,,,00e5f79d8396b2ac37f19e86496de3fad23ec69fd3e4f72f818cdfef5b58e33e,DefineShape3,,,none; machine census only; no renderer export,machine-extracted-definition-candidate,owner-provided SWF,container=root; definitionDepth=0; tagOrdinal=5663; payloadBytes=37; rawTagPayloadSha256=00e5f79d8396b2ac37f19e86496de3fad23ec69fd3e4f72f818cdfef5b58e33e; exactTagIdentitySha256=def064a47931c453312e03594cd96120acffd6649ad44dd23285d32fd0be295c; runtime reachability unresolved; placement and bounds unresolved; renderer suitability unresolved
swf-definition-05664,493,,sprite,source-assets/flash/HELP MATH_ORIGINAL FILES/HELP_COURSES/ELMGR5/L5/RW/L5RW04.swf,,,ea1d4352300bcfef8983db11239e28f2b76699456db90e3399ef2170217d9c68,DefineSprite,,,none; machine census only; no renderer export,machine-extracted-definition-candidate,owner-provided SWF,container=root; definitionDepth=0; tagOrdinal=5664; payloadBytes=780076; rawTagPayloadSha256=ea1d4352300bcfef8983db11239e28f2b76699456db90e3399ef2170217d9c68; exactTagIdentitySha256=b6ffc91e19e88ee9087c1d6b54ce6c4bc83c83e742f5c2cc74bb319650e3c9e0; declaredFrameCount=1214; runtime reachability unresolved; placement and bounds unresolved; renderer suitability unresolved
swf-definition-26518,494,,text,source-assets/flash/HELP MATH_ORIGINAL FILES/HELP_COURSES/ELMGR5/L5/RW/L5RW04.swf,,,44ab105903e4aaba10af53758e3489a59bf787c2346984d428ae99455a20227b,DefineText,,,none; machine census only; no renderer export,machine-extracted-definition-candidate,owner-provided SWF,container=root; definitionDepth=0; tagOrdinal=26518; payloadBytes=111; rawTagPayloadSha256=44ab105903e4aaba10af53758e3489a59bf787c2346984d428ae99455a20227b; exactTagIdentitySha256=fd04dc286f481f4d93a9beba9f26d5ecc86d1fec9e0e50469e60f770270716da; runtime reachability unresolved; placement and bounds unresolved; renderer suitability unresolved
swf-definition-26520,495,,shape,source-assets/flash/HELP MATH_ORIGINAL FILES/HELP_COURSES/ELMGR5/L5/RW/L5RW04.swf,,,4777e79660f54e9a540c1e683ed11a26548ffd52889811a67e0c76a098b32024,DefineShape2,,,none; machine census only; no renderer export,machine-extracted-definition-candidate,owner-provided SWF,container=root; definitionDepth=0; tagOrdinal=26520; payloadBytes=2593; rawTagPayloadSha256=4777e79660f54e9a540c1e683ed11a26548ffd52889811a67e0c76a098b32024; exactTagIdentitySha256=89991ad84cbfb940aaff729c4937b107f592fc2d595c23e7493be63a5dfb6110; runtime reachability unresolved; placement and bounds unresolved; renderer suitability unresolved
