asset_id,swf_character_id,library_symbol,type,source_file,source_frame,exported_file,sha256,format,dimensions_or_bounds,font_glyphs,transformation,confidence,license_or_provenance,notes
swf-definition-00003,1,,structural-shape-definition-candidate,source-assets/flash/HELP MATH_ORIGINAL FILES/HELP_COURSES/ELMGR5/L4/TI/L4TI09.swf,,migrations/course-g05-l04-ti-009/audit/machine/g5-l4-pre-runtime-swf-definition-inventory.csv,351f6c1eb075a37062d7bd82fa5556a412a5f08ce216bc22739dcb2a6d6a85e2,CSV definition-index record for DefineShape2,,,"projection only; no asset bytes exported, transformed, redrawn, or generated",machine-extracted-structural-candidate,owner-provided SWF,"container=root; definitionDepth=0; tagOrdinal=3; payloadBytes=170; rawTagPayloadSha256=8c0efa2b3a0c18dc0a282237e4ef6bb9fb2d22fa2cc38aaddf6003fce9f08b41; exactTagIdentitySha256=2346e97604b854909529cf96d082f4416db16a54f3b30e9c4a6c8a4c9a552de8; runtime reachability unresolved; placement and bounds unresolved; renderer suitability unresolved; machineDefinitionIndexSha256=351f6c1eb075a37062d7bd82fa5556a412a5f08ce216bc22739dcb2a6d6a85e2; Structural/static source-derived candidate only. The exported_file is the shared machine definition-index evidence, not a visual or renderer asset export. It is not an authoritative original-runtime baseline and establishes no runtime reachability, placement, asset usage, visual appearance, renderer suitability, human or owner acceptance, strict completion, or publication."
swf-definition-00004,2,,structural-shape-definition-candidate,source-assets/flash/HELP MATH_ORIGINAL FILES/HELP_COURSES/ELMGR5/L4/TI/L4TI09.swf,,migrations/course-g05-l04-ti-009/audit/machine/g5-l4-pre-runtime-swf-definition-inventory.csv,351f6c1eb075a37062d7bd82fa5556a412a5f08ce216bc22739dcb2a6d6a85e2,CSV definition-index record for DefineShape3,,,"projection only; no asset bytes exported, transformed, redrawn, or generated",machine-extracted-structural-candidate,owner-provided SWF,"container=root; definitionDepth=0; tagOrdinal=4; payloadBytes=97; rawTagPayloadSha256=83e92ccb6979d665e3a5686e523e18847c6c8ca6d4c2a9345199e0d0825177ca; exactTagIdentitySha256=0f6aaab1017272e0ccfb4634fc98f80e9318ea4e72a42555948b06ce9c77f617; runtime reachability unresolved; placement and bounds unresolved; renderer suitability unresolved; machineDefinitionIndexSha256=351f6c1eb075a37062d7bd82fa5556a412a5f08ce216bc22739dcb2a6d6a85e2; Structural/static source-derived candidate only. The exported_file is the shared machine definition-index evidence, not a visual or renderer asset export. It is not an authoritative original-runtime baseline and establishes no runtime reachability, placement, asset usage, visual appearance, renderer suitability, human or owner acceptance, strict completion, or publication."
swf-definition-00005,3,,structural-font-definition-candidate,source-assets/flash/HELP MATH_ORIGINAL FILES/HELP_COURSES/ELMGR5/L4/TI/L4TI09.swf,,migrations/course-g05-l04-ti-009/audit/machine/g5-l4-pre-runtime-swf-definition-inventory.csv,351f6c1eb075a37062d7bd82fa5556a412a5f08ce216bc22739dcb2a6d6a85e2,CSV definition-index record for DefineFont2,,54,"projection only; no asset bytes exported, transformed, redrawn, or generated",machine-extracted-structural-candidate,owner-provided SWF,"swfEmbeddedFontName=Bauhaus Md BT; container=root; definitionDepth=0; tagOrdinal=5; payloadBytes=3703; rawTagPayloadSha256=c4e2f99f50b577f9d6691eddb6c08da81309927c7ff207f2b3e44cf5f12e462d; exactTagIdentitySha256=499f12a82779f50349102d3e1c889f8cacc2a90b944d67a70f0e2bd633534e36; runtime reachability unresolved; placement and bounds unresolved; renderer suitability unresolved; machineDefinitionIndexSha256=351f6c1eb075a37062d7bd82fa5556a412a5f08ce216bc22739dcb2a6d6a85e2; Structural/static source-derived candidate only. The exported_file is the shared machine definition-index evidence, not a visual or renderer asset export. It is not an authoritative original-runtime baseline and establishes no runtime reachability, placement, asset usage, visual appearance, renderer suitability, human or owner acceptance, strict completion, or publication."
swf-definition-00006,4,,structural-text-definition-candidate,source-assets/flash/HELP MATH_ORIGINAL FILES/HELP_COURSES/ELMGR5/L4/TI/L4TI09.swf,,migrations/course-g05-l04-ti-009/audit/machine/g5-l4-pre-runtime-swf-definition-inventory.csv,351f6c1eb075a37062d7bd82fa5556a412a5f08ce216bc22739dcb2a6d6a85e2,CSV definition-index record for DefineText,,,"projection only; no asset bytes exported, transformed, redrawn, or generated",machine-extracted-structural-candidate,owner-provided SWF,"container=root; definitionDepth=0; tagOrdinal=6; payloadBytes=53; rawTagPayloadSha256=2f419452acd313da737b493fd9011235369afc6956fd09e5aca70b1cbc1c6bf6; exactTagIdentitySha256=42a5fb6898823f732f6d5d632c79ace26e12ab7c58d053b86954c097a6257f7e; runtime reachability unresolved; placement and bounds unresolved; renderer suitability unresolved; machineDefinitionIndexSha256=351f6c1eb075a37062d7bd82fa5556a412a5f08ce216bc22739dcb2a6d6a85e2; Structural/static source-derived candidate only. The exported_file is the shared machine definition-index evidence, not a visual or renderer asset export. It is not an authoritative original-runtime baseline and establishes no runtime reachability, placement, asset usage, visual appearance, renderer suitability, human or owner acceptance, strict completion, or publication."
swf-definition-00007,5,,structural-text-definition-candidate,source-assets/flash/HELP MATH_ORIGINAL FILES/HELP_COURSES/ELMGR5/L4/TI/L4TI09.swf,,migrations/course-g05-l04-ti-009/audit/machine/g5-l4-pre-runtime-swf-definition-inventory.csv,351f6c1eb075a37062d7bd82fa5556a412a5f08ce216bc22739dcb2a6d6a85e2,CSV definition-index record for DefineText,,,"projection only; no asset bytes exported, transformed, redrawn, or generated",machine-extracted-structural-candidate,owner-provided SWF,"container=root; definitionDepth=0; tagOrdinal=7; payloadBytes=53; rawTagPayloadSha256=90e721f31231c9cc69eaac1f058479bd00bc0814f2419ff4c6a46058eb67fd27; exactTagIdentitySha256=95a857ac90d39f78b4202e3154f747d863f7a72e7856b7d9da9c6eed2517dd2b; runtime reachability unresolved; placement and bounds unresolved; renderer suitability unresolved; machineDefinitionIndexSha256=351f6c1eb075a37062d7bd82fa5556a412a5f08ce216bc22739dcb2a6d6a85e2; Structural/static source-derived candidate only. The exported_file is the shared machine definition-index evidence, not a visual or renderer asset export. It is not an authoritative original-runtime baseline and establishes no runtime reachability, placement, asset usage, visual appearance, renderer suitability, human or owner acceptance, strict completion, or publication."
swf-definition-00008,6,,structural-shape-definition-candidate,source-assets/flash/HELP MATH_ORIGINAL FILES/HELP_COURSES/ELMGR5/L4/TI/L4TI09.swf,,migrations/course-g05-l04-ti-009/audit/machine/g5-l4-pre-runtime-swf-definition-inventory.csv,351f6c1eb075a37062d7bd82fa5556a412a5f08ce216bc22739dcb2a6d6a85e2,CSV definition-index record for DefineShape3,,,"projection only; no asset bytes exported, transformed, redrawn, or generated",machine-extracted-structural-candidate,owner-provided SWF,"container=root; definitionDepth=0; tagOrdinal=8; payloadBytes=96; rawTagPayloadSha256=9fc3e7de03b7c2617832f45c4cdb070597b7ddfa93e377f06198a26062521d15; exactTagIdentitySha256=8e6bf1f4c74573ebc72f81a3c3e6b4099a49d5f8a7b969b7e8421280a5b1242c; runtime reachability unresolved; placement and bounds unresolved; renderer suitability unresolved; machineDefinitionIndexSha256=351f6c1eb075a37062d7bd82fa5556a412a5f08ce216bc22739dcb2a6d6a85e2; Structural/static source-derived candidate only. The exported_file is the shared machine definition-index evidence, not a visual or renderer asset export. It is not an authoritative original-runtime baseline and establishes no runtime reachability, placement, asset usage, visual appearance, renderer suitability, human or owner acceptance, strict completion, or publication."
swf-definition-00009,7,,structural-shape-definition-candidate,source-assets/flash/HELP MATH_ORIGINAL FILES/HELP_COURSES/ELMGR5/L4/TI/L4TI09.swf,,migrations/course-g05-l04-ti-009/audit/machine/g5-l4-pre-runtime-swf-definition-inventory.csv,351f6c1eb075a37062d7bd82fa5556a412a5f08ce216bc22739dcb2a6d6a85e2,CSV definition-index record for DefineShape,,,"projection only; no asset bytes exported, transformed, redrawn, or generated",machine-extracted-structural-candidate,owner-provided SWF,"container=root; definitionDepth=0; tagOrdinal=9; payloadBytes=34; rawTagPayloadSha256=a16c43d83eecb4cef71c6cfaf078b3da18f184af53fbd599164f1c832744d185; exactTagIdentitySha256=bff3ccca7ea34ece8addb651d5beb9c113c2a4b8042dfcb442d0e4e8c5625901; runtime reachability unresolved; placement and bounds unresolved; renderer suitability unresolved; machineDefinitionIndexSha256=351f6c1eb075a37062d7bd82fa5556a412a5f08ce216bc22739dcb2a6d6a85e2; Structural/static source-derived candidate only. The exported_file is the shared machine definition-index evidence, not a visual or renderer asset export. It is not an authoritative original-runtime baseline and establishes no runtime reachability, placement, asset usage, visual appearance, renderer suitability, human or owner acceptance, strict completion, or publication."
swf-definition-00010,8,,structural-sprite-definition-candidate,source-assets/flash/HELP MATH_ORIGINAL FILES/HELP_COURSES/ELMGR5/L4/TI/L4TI09.swf,,migrations/course-g05-l04-ti-009/audit/machine/g5-l4-pre-runtime-swf-definition-inventory.csv,351f6c1eb075a37062d7bd82fa5556a412a5f08ce216bc22739dcb2a6d6a85e2,CSV definition-index record for DefineSprite,,,"projection only; no asset bytes exported, transformed, redrawn, or generated",machine-extracted-structural-candidate,owner-provided SWF,"container=root; definitionDepth=0; tagOrdinal=10; payloadBytes=2040; rawTagPayloadSha256=9b22d50d37d5222007c39487f14f1247058ef4b510fae4579095d52718851382; exactTagIdentitySha256=02f12522eef4233d7d78c58a30d5270a4d3f641ace5e223eed88e5c781f450a6; declaredFrameCount=5; runtime reachability unresolved; placement and bounds unresolved; renderer suitability unresolved; machineDefinitionIndexSha256=351f6c1eb075a37062d7bd82fa5556a412a5f08ce216bc22739dcb2a6d6a85e2; Structural/static source-derived candidate only. The exported_file is the shared machine definition-index evidence, not a visual or renderer asset export. It is not an authoritative original-runtime baseline and establishes no runtime reachability, placement, asset usage, visual appearance, renderer suitability, human or owner acceptance, strict completion, or publication."
swf-definition-00025,9,,structural-button-definition-candidate,source-assets/flash/HELP MATH_ORIGINAL FILES/HELP_COURSES/ELMGR5/L4/TI/L4TI09.swf,,migrations/course-g05-l04-ti-009/audit/machine/g5-l4-pre-runtime-swf-definition-inventory.csv,351f6c1eb075a37062d7bd82fa5556a412a5f08ce216bc22739dcb2a6d6a85e2,CSV definition-index record for DefineButton2,,,"projection only; no asset bytes exported, transformed, redrawn, or generated",machine-extracted-structural-candidate,owner-provided SWF,"container=root; definitionDepth=0; tagOrdinal=25; payloadBytes=58; rawTagPayloadSha256=9d9b338cbc22e9e7d462de1433253a84d839d807130eada67abf3d326e9ccf92; exactTagIdentitySha256=f67431549fae5e60f14bf3d52dbe60448115b40231c64da979444f05351dbe76; runtime reachability unresolved; placement and bounds unresolved; renderer suitability unresolved; machineDefinitionIndexSha256=351f6c1eb075a37062d7bd82fa5556a412a5f08ce216bc22739dcb2a6d6a85e2; Structural/static source-derived candidate only. The exported_file is the shared machine definition-index evidence, not a visual or renderer asset export. It is not an authoritative original-runtime baseline and establishes no runtime reachability, placement, asset usage, visual appearance, renderer suitability, human or owner acceptance, strict completion, or publication."
swf-definition-00027,10,,structural-shape-definition-candidate,source-assets/flash/HELP MATH_ORIGINAL FILES/HELP_COURSES/ELMGR5/L4/TI/L4TI09.swf,,migrations/course-g05-l04-ti-009/audit/machine/g5-l4-pre-runtime-swf-definition-inventory.csv,351f6c1eb075a37062d7bd82fa5556a412a5f08ce216bc22739dcb2a6d6a85e2,CSV definition-index record for DefineShape2,,,"projection only; no asset bytes exported, transformed, redrawn, or generated",machine-extracted-structural-candidate,owner-provided SWF,"container=root; definitionDepth=0; tagOrdinal=27; payloadBytes=170; rawTagPayloadSha256=77c3df8956abcc6fab6184879564cd112cbe23825e29e4fb59fa3ba6a258429a; exactTagIdentitySha256=410b4929bab97307aeda99d89686ba2df37ebdb8c571fd9ab104e736e66bc631; runtime reachability unresolved; placement and bounds unresolved; renderer suitability unresolved; machineDefinitionIndexSha256=351f6c1eb075a37062d7bd82fa5556a412a5f08ce216bc22739dcb2a6d6a85e2; Structural/static source-derived candidate only. The exported_file is the shared machine definition-index evidence, not a visual or renderer asset export. It is not an authoritative original-runtime baseline and establishes no runtime reachability, placement, asset usage, visual appearance, renderer suitability, human or owner acceptance, strict completion, or publication."
swf-definition-00028,11,,structural-button-definition-candidate,source-assets/flash/HELP MATH_ORIGINAL FILES/HELP_COURSES/ELMGR5/L4/TI/L4TI09.swf,,migrations/course-g05-l04-ti-009/audit/machine/g5-l4-pre-runtime-swf-definition-inventory.csv,351f6c1eb075a37062d7bd82fa5556a412a5f08ce216bc22739dcb2a6d6a85e2,CSV definition-index record for DefineButton2,,,"projection only; no asset bytes exported, transformed, redrawn, or generated",machine-extracted-structural-candidate,owner-provided SWF,"container=root; definitionDepth=0; tagOrdinal=28; payloadBytes=47; rawTagPayloadSha256=37f6b6f76b61b6d75568bd4392d938f92c586c79d670af2d4535d024330a35b7; exactTagIdentitySha256=85d06167ae367c8a2839a87e61e0f756171c90a0199bf1f50d23b77c51ccecbd; runtime reachability unresolved; placement and bounds unresolved; renderer suitability unresolved; machineDefinitionIndexSha256=351f6c1eb075a37062d7bd82fa5556a412a5f08ce216bc22739dcb2a6d6a85e2; Structural/static source-derived candidate only. The exported_file is the shared machine definition-index evidence, not a visual or renderer asset export. It is not an authoritative original-runtime baseline and establishes no runtime reachability, placement, asset usage, visual appearance, renderer suitability, human or owner acceptance, strict completion, or publication."
swf-definition-00030,12,,structural-button-definition-candidate,source-assets/flash/HELP MATH_ORIGINAL FILES/HELP_COURSES/ELMGR5/L4/TI/L4TI09.swf,,migrations/course-g05-l04-ti-009/audit/machine/g5-l4-pre-runtime-swf-definition-inventory.csv,351f6c1eb075a37062d7bd82fa5556a412a5f08ce216bc22739dcb2a6d6a85e2,CSV definition-index record for DefineButton2,,,"projection only; no asset bytes exported, transformed, redrawn, or generated",machine-extracted-structural-candidate,owner-provided SWF,"container=root; definitionDepth=0; tagOrdinal=30; payloadBytes=47; rawTagPayloadSha256=ff0a7a8b3841215268392e260ba10b5af2758eceb597f5207ed8d9e97fa25315; exactTagIdentitySha256=b2680485e20a1f6b040f137742950b4f8ab00c9bdd072c8bf7ba9261e34ac7cf; runtime reachability unresolved; placement and bounds unresolved; renderer suitability unresolved; machineDefinitionIndexSha256=351f6c1eb075a37062d7bd82fa5556a412a5f08ce216bc22739dcb2a6d6a85e2; Structural/static source-derived candidate only. The exported_file is the shared machine definition-index evidence, not a visual or renderer asset export. It is not an authoritative original-runtime baseline and establishes no runtime reachability, placement, asset usage, visual appearance, renderer suitability, human or owner acceptance, strict completion, or publication."
swf-definition-00032,13,,structural-shape-definition-candidate,source-assets/flash/HELP MATH_ORIGINAL FILES/HELP_COURSES/ELMGR5/L4/TI/L4TI09.swf,,migrations/course-g05-l04-ti-009/audit/machine/g5-l4-pre-runtime-swf-definition-inventory.csv,351f6c1eb075a37062d7bd82fa5556a412a5f08ce216bc22739dcb2a6d6a85e2,CSV definition-index record for DefineShape3,,,"projection only; no asset bytes exported, transformed, redrawn, or generated",machine-extracted-structural-candidate,owner-provided SWF,"container=root; definitionDepth=0; tagOrdinal=32; payloadBytes=418; rawTagPayloadSha256=36e2f5ebcad83251c5112a0d66246c4b63fc2e6895c7d2cf1bf9bcff1d48e4d9; exactTagIdentitySha256=7e9d12f8ff1f59e4ff453394f921a6aa6011c16f69038b03a2622fabaf5c4cbc; runtime reachability unresolved; placement and bounds unresolved; renderer suitability unresolved; machineDefinitionIndexSha256=351f6c1eb075a37062d7bd82fa5556a412a5f08ce216bc22739dcb2a6d6a85e2; Structural/static source-derived candidate only. The exported_file is the shared machine definition-index evidence, not a visual or renderer asset export. It is not an authoritative original-runtime baseline and establishes no runtime reachability, placement, asset usage, visual appearance, renderer suitability, human or owner acceptance, strict completion, or publication."
swf-definition-00033,14,,structural-sprite-definition-candidate,source-assets/flash/HELP MATH_ORIGINAL FILES/HELP_COURSES/ELMGR5/L4/TI/L4TI09.swf,,migrations/course-g05-l04-ti-009/audit/machine/g5-l4-pre-runtime-swf-definition-inventory.csv,351f6c1eb075a37062d7bd82fa5556a412a5f08ce216bc22739dcb2a6d6a85e2,CSV definition-index record for DefineSprite,,,"projection only; no asset bytes exported, transformed, redrawn, or generated",machine-extracted-structural-candidate,owner-provided SWF,"container=root; definitionDepth=0; tagOrdinal=33; payloadBytes=16; rawTagPayloadSha256=2a60c0c3af87caeeebd0a212f4ccdcd2d04202b54f57f60f0e33244875b9cccd; exactTagIdentitySha256=3e7025278afe17a8fbae8f9db613d728534ac8dbdefb6009fda073118f85393a; declaredFrameCount=1; runtime reachability unresolved; placement and bounds unresolved; renderer suitability unresolved; machineDefinitionIndexSha256=351f6c1eb075a37062d7bd82fa5556a412a5f08ce216bc22739dcb2a6d6a85e2; Structural/static source-derived candidate only. The exported_file is the shared machine definition-index evidence, not a visual or renderer asset export. It is not an authoritative original-runtime baseline and establishes no runtime reachability, placement, asset usage, visual appearance, renderer suitability, human or owner acceptance, strict completion, or publication."
swf-definition-00038,15,,structural-shape-definition-candidate,source-assets/flash/HELP MATH_ORIGINAL FILES/HELP_COURSES/ELMGR5/L4/TI/L4TI09.swf,,migrations/course-g05-l04-ti-009/audit/machine/g5-l4-pre-runtime-swf-definition-inventory.csv,351f6c1eb075a37062d7bd82fa5556a412a5f08ce216bc22739dcb2a6d6a85e2,CSV definition-index record for DefineShape3,,,"projection only; no asset bytes exported, transformed, redrawn, or generated",machine-extracted-structural-candidate,owner-provided SWF,"container=root; definitionDepth=0; tagOrdinal=38; payloadBytes=83; rawTagPayloadSha256=dfbd69811c49978ffe6a7d4edaa8c029635f80e3b028452296fa5111a57db9f2; exactTagIdentitySha256=4e45b26e35a63196a1d971526a154b0c038d143d007687569377f93f02bd4962; runtime reachability unresolved; placement and bounds unresolved; renderer suitability unresolved; machineDefinitionIndexSha256=351f6c1eb075a37062d7bd82fa5556a412a5f08ce216bc22739dcb2a6d6a85e2; Structural/static source-derived candidate only. The exported_file is the shared machine definition-index evidence, not a visual or renderer asset export. It is not an authoritative original-runtime baseline and establishes no runtime reachability, placement, asset usage, visual appearance, renderer suitability, human or owner acceptance, strict completion, or publication."
swf-definition-00040,16,,structural-shape-definition-candidate,source-assets/flash/HELP MATH_ORIGINAL FILES/HELP_COURSES/ELMGR5/L4/TI/L4TI09.swf,,migrations/course-g05-l04-ti-009/audit/machine/g5-l4-pre-runtime-swf-definition-inventory.csv,351f6c1eb075a37062d7bd82fa5556a412a5f08ce216bc22739dcb2a6d6a85e2,CSV definition-index record for DefineShape3,,,"projection only; no asset bytes exported, transformed, redrawn, or generated",machine-extracted-structural-candidate,owner-provided SWF,"container=root; definitionDepth=0; tagOrdinal=40; payloadBytes=68; rawTagPayloadSha256=d45b7c72fc7019d74464d366729f640b77144b12804ef1c99c68c734c464fc5b; exactTagIdentitySha256=e8cc31568e6f97c794644f32f647d66685bd7f548060a11b6cca2c2e8fdbdbc5; runtime reachability unresolved; placement and bounds unresolved; renderer suitability unresolved; machineDefinitionIndexSha256=351f6c1eb075a37062d7bd82fa5556a412a5f08ce216bc22739dcb2a6d6a85e2; Structural/static source-derived candidate only. The exported_file is the shared machine definition-index evidence, not a visual or renderer asset export. It is not an authoritative original-runtime baseline and establishes no runtime reachability, placement, asset usage, visual appearance, renderer suitability, human or owner acceptance, strict completion, or publication."
swf-definition-00042,17,,structural-shape-definition-candidate,source-assets/flash/HELP MATH_ORIGINAL FILES/HELP_COURSES/ELMGR5/L4/TI/L4TI09.swf,,migrations/course-g05-l04-ti-009/audit/machine/g5-l4-pre-runtime-swf-definition-inventory.csv,351f6c1eb075a37062d7bd82fa5556a412a5f08ce216bc22739dcb2a6d6a85e2,CSV definition-index record for DefineShape3,,,"projection only; no asset bytes exported, transformed, redrawn, or generated",machine-extracted-structural-candidate,owner-provided SWF,"container=root; definitionDepth=0; tagOrdinal=42; payloadBytes=90; rawTagPayloadSha256=567b56240e16e55b5fde6159b84adc5c1498ba5a3f1821a610962a26e5a5d8bf; exactTagIdentitySha256=0032a261c712087deb2e39a85addb3700c2a7ef61e8c483e6cde57bc94bcf28a; runtime reachability unresolved; placement and bounds unresolved; renderer suitability unresolved; machineDefinitionIndexSha256=351f6c1eb075a37062d7bd82fa5556a412a5f08ce216bc22739dcb2a6d6a85e2; Structural/static source-derived candidate only. The exported_file is the shared machine definition-index evidence, not a visual or renderer asset export. It is not an authoritative original-runtime baseline and establishes no runtime reachability, placement, asset usage, visual appearance, renderer suitability, human or owner acceptance, strict completion, or publication."
swf-definition-00044,18,,structural-shape-definition-candidate,source-assets/flash/HELP MATH_ORIGINAL FILES/HELP_COURSES/ELMGR5/L4/TI/L4TI09.swf,,migrations/course-g05-l04-ti-009/audit/machine/g5-l4-pre-runtime-swf-definition-inventory.csv,351f6c1eb075a37062d7bd82fa5556a412a5f08ce216bc22739dcb2a6d6a85e2,CSV definition-index record for DefineShape3,,,"projection only; no asset bytes exported, transformed, redrawn, or generated",machine-extracted-structural-candidate,owner-provided SWF,"container=root; definitionDepth=0; tagOrdinal=44; payloadBytes=83; rawTagPayloadSha256=f0be4a9343277916f8a0a599e6f24c9b78e36004b9147a833d90b7e70ecbe6ac; exactTagIdentitySha256=fa88f17d29986cf3f29de4e556758f4e927512cbe1fb80274f98211be4f6f6d0; runtime reachability unresolved; placement and bounds unresolved; renderer suitability unresolved; machineDefinitionIndexSha256=351f6c1eb075a37062d7bd82fa5556a412a5f08ce216bc22739dcb2a6d6a85e2; Structural/static source-derived candidate only. The exported_file is the shared machine definition-index evidence, not a visual or renderer asset export. It is not an authoritative original-runtime baseline and establishes no runtime reachability, placement, asset usage, visual appearance, renderer suitability, human or owner acceptance, strict completion, or publication."
swf-definition-00046,19,,structural-shape-definition-candidate,source-assets/flash/HELP MATH_ORIGINAL FILES/HELP_COURSES/ELMGR5/L4/TI/L4TI09.swf,,migrations/course-g05-l04-ti-009/audit/machine/g5-l4-pre-runtime-swf-definition-inventory.csv,351f6c1eb075a37062d7bd82fa5556a412a5f08ce216bc22739dcb2a6d6a85e2,CSV definition-index record for DefineShape3,,,"projection only; no asset bytes exported, transformed, redrawn, or generated",machine-extracted-structural-candidate,owner-provided SWF,"container=root; definitionDepth=0; tagOrdinal=46; payloadBytes=85; rawTagPayloadSha256=2b43983c6bbd034c2f0813de3b1ee04ecec83674eb620c3bde5ca5b2d4f453b5; exactTagIdentitySha256=c1d1b85bc7f251072bce6447c3cb753058847fdbe657e7174ed9dacafd1b7c4b; runtime reachability unresolved; placement and bounds unresolved; renderer suitability unresolved; machineDefinitionIndexSha256=351f6c1eb075a37062d7bd82fa5556a412a5f08ce216bc22739dcb2a6d6a85e2; Structural/static source-derived candidate only. The exported_file is the shared machine definition-index evidence, not a visual or renderer asset export. It is not an authoritative original-runtime baseline and establishes no runtime reachability, placement, asset usage, visual appearance, renderer suitability, human or owner acceptance, strict completion, or publication."
swf-definition-00048,20,,structural-shape-definition-candidate,source-assets/flash/HELP MATH_ORIGINAL FILES/HELP_COURSES/ELMGR5/L4/TI/L4TI09.swf,,migrations/course-g05-l04-ti-009/audit/machine/g5-l4-pre-runtime-swf-definition-inventory.csv,351f6c1eb075a37062d7bd82fa5556a412a5f08ce216bc22739dcb2a6d6a85e2,CSV definition-index record for DefineShape,,,"projection only; no asset bytes exported, transformed, redrawn, or generated",machine-extracted-structural-candidate,owner-provided SWF,"container=root; definitionDepth=0; tagOrdinal=48; payloadBytes=65; rawTagPayloadSha256=6c84230866e091cdbb498fb09aab5b2d91f8e4a649cf33438f747247251b256a; exactTagIdentitySha256=fc5b7784548151bb4f331f605d3e6db201e45da5e7e60e645bec8d5e25d89e4f; runtime reachability unresolved; placement and bounds unresolved; renderer suitability unresolved; machineDefinitionIndexSha256=351f6c1eb075a37062d7bd82fa5556a412a5f08ce216bc22739dcb2a6d6a85e2; Structural/static source-derived candidate only. The exported_file is the shared machine definition-index evidence, not a visual or renderer asset export. It is not an authoritative original-runtime baseline and establishes no runtime reachability, placement, asset usage, visual appearance, renderer suitability, human or owner acceptance, strict completion, or publication."
swf-definition-00050,21,,structural-shape-definition-candidate,source-assets/flash/HELP MATH_ORIGINAL FILES/HELP_COURSES/ELMGR5/L4/TI/L4TI09.swf,,migrations/course-g05-l04-ti-009/audit/machine/g5-l4-pre-runtime-swf-definition-inventory.csv,351f6c1eb075a37062d7bd82fa5556a412a5f08ce216bc22739dcb2a6d6a85e2,CSV definition-index record for DefineShape,,,"projection only; no asset bytes exported, transformed, redrawn, or generated",machine-extracted-structural-candidate,owner-provided SWF,"container=root; definitionDepth=0; tagOrdinal=50; payloadBytes=65; rawTagPayloadSha256=3ddee2928e98ab6e7feacc9fc06bcb0c48911bf8f5069dd73cc49f236a9a699b; exactTagIdentitySha256=bd5d11aea0e036f9531eb4f6fa692189151d810481abba91dcdb21b52cac875a; runtime reachability unresolved; placement and bounds unresolved; renderer suitability unresolved; machineDefinitionIndexSha256=351f6c1eb075a37062d7bd82fa5556a412a5f08ce216bc22739dcb2a6d6a85e2; Structural/static source-derived candidate only. The exported_file is the shared machine definition-index evidence, not a visual or renderer asset export. It is not an authoritative original-runtime baseline and establishes no runtime reachability, placement, asset usage, visual appearance, renderer suitability, human or owner acceptance, strict completion, or publication."
swf-definition-00052,22,,structural-shape-definition-candidate,source-assets/flash/HELP MATH_ORIGINAL FILES/HELP_COURSES/ELMGR5/L4/TI/L4TI09.swf,,migrations/course-g05-l04-ti-009/audit/machine/g5-l4-pre-runtime-swf-definition-inventory.csv,351f6c1eb075a37062d7bd82fa5556a412a5f08ce216bc22739dcb2a6d6a85e2,CSV definition-index record for DefineShape,,,"projection only; no asset bytes exported, transformed, redrawn, or generated",machine-extracted-structural-candidate,owner-provided SWF,"container=root; definitionDepth=0; tagOrdinal=52; payloadBytes=45; rawTagPayloadSha256=47f99248c96124dfe6a227a863b7732760a0328a059bc28bea867b0a31faecf5; exactTagIdentitySha256=82c1a43e659965d7bbb24231698edbf8298724208ecdf5135f1edbe7c4fc06b0; runtime reachability unresolved; placement and bounds unresolved; renderer suitability unresolved; machineDefinitionIndexSha256=351f6c1eb075a37062d7bd82fa5556a412a5f08ce216bc22739dcb2a6d6a85e2; Structural/static source-derived candidate only. The exported_file is the shared machine definition-index evidence, not a visual or renderer asset export. It is not an authoritative original-runtime baseline and establishes no runtime reachability, placement, asset usage, visual appearance, renderer suitability, human or owner acceptance, strict completion, or publication."
swf-definition-00054,23,,structural-shape-definition-candidate,source-assets/flash/HELP MATH_ORIGINAL FILES/HELP_COURSES/ELMGR5/L4/TI/L4TI09.swf,,migrations/course-g05-l04-ti-009/audit/machine/g5-l4-pre-runtime-swf-definition-inventory.csv,351f6c1eb075a37062d7bd82fa5556a412a5f08ce216bc22739dcb2a6d6a85e2,CSV definition-index record for DefineShape,,,"projection only; no asset bytes exported, transformed, redrawn, or generated",machine-extracted-structural-candidate,owner-provided SWF,"container=root; definitionDepth=0; tagOrdinal=54; payloadBytes=44; rawTagPayloadSha256=0ba65514ea049c974da1b4c458a9e27e362d1e8f17f77ae31b6381488238cc86; exactTagIdentitySha256=2935b1aaf85c4659f2df98f8e8de8f533cef6ed872f0481de971a0fb7fe8f510; runtime reachability unresolved; placement and bounds unresolved; renderer suitability unresolved; machineDefinitionIndexSha256=351f6c1eb075a37062d7bd82fa5556a412a5f08ce216bc22739dcb2a6d6a85e2; Structural/static source-derived candidate only. The exported_file is the shared machine definition-index evidence, not a visual or renderer asset export. It is not an authoritative original-runtime baseline and establishes no runtime reachability, placement, asset usage, visual appearance, renderer suitability, human or owner acceptance, strict completion, or publication."
swf-definition-00056,24,,structural-shape-definition-candidate,source-assets/flash/HELP MATH_ORIGINAL FILES/HELP_COURSES/ELMGR5/L4/TI/L4TI09.swf,,migrations/course-g05-l04-ti-009/audit/machine/g5-l4-pre-runtime-swf-definition-inventory.csv,351f6c1eb075a37062d7bd82fa5556a412a5f08ce216bc22739dcb2a6d6a85e2,CSV definition-index record for DefineShape,,,"projection only; no asset bytes exported, transformed, redrawn, or generated",machine-extracted-structural-candidate,owner-provided SWF,"container=root; definitionDepth=0; tagOrdinal=56; payloadBytes=57; rawTagPayloadSha256=50297bdc127ac5f00591acc5421d610cc302ea8b0e1d9698874b9c694009cd5c; exactTagIdentitySha256=9f6392ebca92df7ef3f5de41af44cb8564cae9173911bf5973b733b51e4b9543; runtime reachability unresolved; placement and bounds unresolved; renderer suitability unresolved; machineDefinitionIndexSha256=351f6c1eb075a37062d7bd82fa5556a412a5f08ce216bc22739dcb2a6d6a85e2; Structural/static source-derived candidate only. The exported_file is the shared machine definition-index evidence, not a visual or renderer asset export. It is not an authoritative original-runtime baseline and establishes no runtime reachability, placement, asset usage, visual appearance, renderer suitability, human or owner acceptance, strict completion, or publication."
swf-definition-00058,25,,structural-shape-definition-candidate,source-assets/flash/HELP MATH_ORIGINAL FILES/HELP_COURSES/ELMGR5/L4/TI/L4TI09.swf,,migrations/course-g05-l04-ti-009/audit/machine/g5-l4-pre-runtime-swf-definition-inventory.csv,351f6c1eb075a37062d7bd82fa5556a412a5f08ce216bc22739dcb2a6d6a85e2,CSV definition-index record for DefineShape,,,"projection only; no asset bytes exported, transformed, redrawn, or generated",machine-extracted-structural-candidate,owner-provided SWF,"container=root; definitionDepth=0; tagOrdinal=58; payloadBytes=44; rawTagPayloadSha256=ff1be1476b7ebc8bc20534c31bb87f6cd4f6866a6064737fc0912acd72396d6b; exactTagIdentitySha256=d5a79bcccd89c2bd52c18e1359768ab5a2c21ec91a995fe96c23ffa799ba0169; runtime reachability unresolved; placement and bounds unresolved; renderer suitability unresolved; machineDefinitionIndexSha256=351f6c1eb075a37062d7bd82fa5556a412a5f08ce216bc22739dcb2a6d6a85e2; Structural/static source-derived candidate only. The exported_file is the shared machine definition-index evidence, not a visual or renderer asset export. It is not an authoritative original-runtime baseline and establishes no runtime reachability, placement, asset usage, visual appearance, renderer suitability, human or owner acceptance, strict completion, or publication."
swf-definition-00060,26,,structural-shape-definition-candidate,source-assets/flash/HELP MATH_ORIGINAL FILES/HELP_COURSES/ELMGR5/L4/TI/L4TI09.swf,,migrations/course-g05-l04-ti-009/audit/machine/g5-l4-pre-runtime-swf-definition-inventory.csv,351f6c1eb075a37062d7bd82fa5556a412a5f08ce216bc22739dcb2a6d6a85e2,CSV definition-index record for DefineShape,,,"projection only; no asset bytes exported, transformed, redrawn, or generated",machine-extracted-structural-candidate,owner-provided SWF,"container=root; definitionDepth=0; tagOrdinal=60; payloadBytes=404; rawTagPayloadSha256=f76464b41972d20fad697eb76f4b8514da1ecda4e176af76ee42e6c7dc426702; exactTagIdentitySha256=3e28cac6570dcb5d79f8b69264b08a7e666fc6c865a8e19a2c283080f02587e9; runtime reachability unresolved; placement and bounds unresolved; renderer suitability unresolved; machineDefinitionIndexSha256=351f6c1eb075a37062d7bd82fa5556a412a5f08ce216bc22739dcb2a6d6a85e2; Structural/static source-derived candidate only. The exported_file is the shared machine definition-index evidence, not a visual or renderer asset export. It is not an authoritative original-runtime baseline and establishes no runtime reachability, placement, asset usage, visual appearance, renderer suitability, human or owner acceptance, strict completion, or publication."
swf-definition-00063,27,,structural-font-definition-candidate,source-assets/flash/HELP MATH_ORIGINAL FILES/HELP_COURSES/ELMGR5/L4/TI/L4TI09.swf,,migrations/course-g05-l04-ti-009/audit/machine/g5-l4-pre-runtime-swf-definition-inventory.csv,351f6c1eb075a37062d7bd82fa5556a412a5f08ce216bc22739dcb2a6d6a85e2,CSV definition-index record for DefineFont2,,19,"projection only; no asset bytes exported, transformed, redrawn, or generated",machine-extracted-structural-candidate,owner-provided SWF,"swfEmbeddedFontName=Arial; container=root; definitionDepth=0; tagOrdinal=63; payloadBytes=1461; rawTagPayloadSha256=c5e31164ba32dd45c66eb1685deb4ec344616dc8454fdee1f4100ac3f2f53b06; exactTagIdentitySha256=023f03562fef0ce2cf721a132882ef243d6c1e5c3b68b652fca37d05d1a161ad; runtime reachability unresolved; placement and bounds unresolved; renderer suitability unresolved; machineDefinitionIndexSha256=351f6c1eb075a37062d7bd82fa5556a412a5f08ce216bc22739dcb2a6d6a85e2; Structural/static source-derived candidate only. The exported_file is the shared machine definition-index evidence, not a visual or renderer asset export. It is not an authoritative original-runtime baseline and establishes no runtime reachability, placement, asset usage, visual appearance, renderer suitability, human or owner acceptance, strict completion, or publication."
swf-definition-00064,28,,structural-text-definition-candidate,source-assets/flash/HELP MATH_ORIGINAL FILES/HELP_COURSES/ELMGR5/L4/TI/L4TI09.swf,,migrations/course-g05-l04-ti-009/audit/machine/g5-l4-pre-runtime-swf-definition-inventory.csv,351f6c1eb075a37062d7bd82fa5556a412a5f08ce216bc22739dcb2a6d6a85e2,CSV definition-index record for DefineText,,,"projection only; no asset bytes exported, transformed, redrawn, or generated",machine-extracted-structural-candidate,owner-provided SWF,"container=root; definitionDepth=0; tagOrdinal=64; payloadBytes=35; rawTagPayloadSha256=0ac74894e4033a31a4bbf85347f2f7fe71e91ca7994f461ebf18397847ba87f0; exactTagIdentitySha256=ab1defca3f84e0e58139fb7030efa1f4426ffce2607619b3cf406d84421232da; runtime reachability unresolved; placement and bounds unresolved; renderer suitability unresolved; machineDefinitionIndexSha256=351f6c1eb075a37062d7bd82fa5556a412a5f08ce216bc22739dcb2a6d6a85e2; Structural/static source-derived candidate only. The exported_file is the shared machine definition-index evidence, not a visual or renderer asset export. It is not an authoritative original-runtime baseline and establishes no runtime reachability, placement, asset usage, visual appearance, renderer suitability, human or owner acceptance, strict completion, or publication."
swf-definition-00065,29,,structural-text-definition-candidate,source-assets/flash/HELP MATH_ORIGINAL FILES/HELP_COURSES/ELMGR5/L4/TI/L4TI09.swf,,migrations/course-g05-l04-ti-009/audit/machine/g5-l4-pre-runtime-swf-definition-inventory.csv,351f6c1eb075a37062d7bd82fa5556a412a5f08ce216bc22739dcb2a6d6a85e2,CSV definition-index record for DefineText,,,"projection only; no asset bytes exported, transformed, redrawn, or generated",machine-extracted-structural-candidate,owner-provided SWF,"container=root; definitionDepth=0; tagOrdinal=65; payloadBytes=85; rawTagPayloadSha256=722f15e2d5f85ba55b8d36ca78f8ddf4dd4dc5343c3694b5f491921785c50e8b; exactTagIdentitySha256=ad3eed461a0ea96f8dfc9708c9289b546d946d450c2655679dcea34a2c3e5bfe; runtime reachability unresolved; placement and bounds unresolved; renderer suitability unresolved; machineDefinitionIndexSha256=351f6c1eb075a37062d7bd82fa5556a412a5f08ce216bc22739dcb2a6d6a85e2; Structural/static source-derived candidate only. The exported_file is the shared machine definition-index evidence, not a visual or renderer asset export. It is not an authoritative original-runtime baseline and establishes no runtime reachability, placement, asset usage, visual appearance, renderer suitability, human or owner acceptance, strict completion, or publication."
swf-definition-00066,30,,structural-text-definition-candidate,source-assets/flash/HELP MATH_ORIGINAL FILES/HELP_COURSES/ELMGR5/L4/TI/L4TI09.swf,,migrations/course-g05-l04-ti-009/audit/machine/g5-l4-pre-runtime-swf-definition-inventory.csv,351f6c1eb075a37062d7bd82fa5556a412a5f08ce216bc22739dcb2a6d6a85e2,CSV definition-index record for DefineText,,,"projection only; no asset bytes exported, transformed, redrawn, or generated",machine-extracted-structural-candidate,owner-provided SWF,"container=root; definitionDepth=0; tagOrdinal=66; payloadBytes=44; rawTagPayloadSha256=2b9bb1779a05799d254c9ba557cb4f97a1f766fce5646849938b8e6fb227511b; exactTagIdentitySha256=7bfaccd9d80e7ed4943d044418229b929da741d3b4243a6b02c0167bc99409d8; runtime reachability unresolved; placement and bounds unresolved; renderer suitability unresolved; machineDefinitionIndexSha256=351f6c1eb075a37062d7bd82fa5556a412a5f08ce216bc22739dcb2a6d6a85e2; Structural/static source-derived candidate only. The exported_file is the shared machine definition-index evidence, not a visual or renderer asset export. It is not an authoritative original-runtime baseline and establishes no runtime reachability, placement, asset usage, visual appearance, renderer suitability, human or owner acceptance, strict completion, or publication."
swf-definition-00067,31,,structural-font-definition-candidate,source-assets/flash/HELP MATH_ORIGINAL FILES/HELP_COURSES/ELMGR5/L4/TI/L4TI09.swf,,migrations/course-g05-l04-ti-009/audit/machine/g5-l4-pre-runtime-swf-definition-inventory.csv,351f6c1eb075a37062d7bd82fa5556a412a5f08ce216bc22739dcb2a6d6a85e2,CSV definition-index record for DefineFont2,,10,"projection only; no asset bytes exported, transformed, redrawn, or generated",machine-extracted-structural-candidate,owner-provided SWF,"swfEmbeddedFontName=Arial; container=root; definitionDepth=0; tagOrdinal=67; payloadBytes=938; rawTagPayloadSha256=1b698aae3b9f1bcc688cade336ff9bb1a74a74f4a4bd16c284d2ccaf989125ee; exactTagIdentitySha256=c9a83648f8355bb0b928e71bebfe4d5f9c2a4f821466c8df03d474e2e9e11faa; runtime reachability unresolved; placement and bounds unresolved; renderer suitability unresolved; machineDefinitionIndexSha256=351f6c1eb075a37062d7bd82fa5556a412a5f08ce216bc22739dcb2a6d6a85e2; Structural/static source-derived candidate only. The exported_file is the shared machine definition-index evidence, not a visual or renderer asset export. It is not an authoritative original-runtime baseline and establishes no runtime reachability, placement, asset usage, visual appearance, renderer suitability, human or owner acceptance, strict completion, or publication."
swf-definition-00068,32,,structural-text-definition-candidate,source-assets/flash/HELP MATH_ORIGINAL FILES/HELP_COURSES/ELMGR5/L4/TI/L4TI09.swf,,migrations/course-g05-l04-ti-009/audit/machine/g5-l4-pre-runtime-swf-definition-inventory.csv,351f6c1eb075a37062d7bd82fa5556a412a5f08ce216bc22739dcb2a6d6a85e2,CSV definition-index record for DefineText,,,"projection only; no asset bytes exported, transformed, redrawn, or generated",machine-extracted-structural-candidate,owner-provided SWF,"container=root; definitionDepth=0; tagOrdinal=68; payloadBytes=26; rawTagPayloadSha256=5cd416ffbe67728fc8ddb83034670a23fe0f03f67c144cdf029477c0302f7014; exactTagIdentitySha256=e8d7d42e96ac2d96f4657d36617dfcc87c00e166530ab202d03bd465525ea1ec; runtime reachability unresolved; placement and bounds unresolved; renderer suitability unresolved; machineDefinitionIndexSha256=351f6c1eb075a37062d7bd82fa5556a412a5f08ce216bc22739dcb2a6d6a85e2; Structural/static source-derived candidate only. The exported_file is the shared machine definition-index evidence, not a visual or renderer asset export. It is not an authoritative original-runtime baseline and establishes no runtime reachability, placement, asset usage, visual appearance, renderer suitability, human or owner acceptance, strict completion, or publication."
swf-definition-00069,33,,structural-text-definition-candidate,source-assets/flash/HELP MATH_ORIGINAL FILES/HELP_COURSES/ELMGR5/L4/TI/L4TI09.swf,,migrations/course-g05-l04-ti-009/audit/machine/g5-l4-pre-runtime-swf-definition-inventory.csv,351f6c1eb075a37062d7bd82fa5556a412a5f08ce216bc22739dcb2a6d6a85e2,CSV definition-index record for DefineText,,,"projection only; no asset bytes exported, transformed, redrawn, or generated",machine-extracted-structural-candidate,owner-provided SWF,"container=root; definitionDepth=0; tagOrdinal=69; payloadBytes=27; rawTagPayloadSha256=c94369145d37bde5a890e5fa7ccf512a377246239f633d4af6c1b3daf90c53a3; exactTagIdentitySha256=fd6ba08c50048833217db19791cbb66015f570ece356eaf09cab046f2e2c32ed; runtime reachability unresolved; placement and bounds unresolved; renderer suitability unresolved; machineDefinitionIndexSha256=351f6c1eb075a37062d7bd82fa5556a412a5f08ce216bc22739dcb2a6d6a85e2; Structural/static source-derived candidate only. The exported_file is the shared machine definition-index evidence, not a visual or renderer asset export. It is not an authoritative original-runtime baseline and establishes no runtime reachability, placement, asset usage, visual appearance, renderer suitability, human or owner acceptance, strict completion, or publication."
swf-definition-00070,34,,structural-text-definition-candidate,source-assets/flash/HELP MATH_ORIGINAL FILES/HELP_COURSES/ELMGR5/L4/TI/L4TI09.swf,,migrations/course-g05-l04-ti-009/audit/machine/g5-l4-pre-runtime-swf-definition-inventory.csv,351f6c1eb075a37062d7bd82fa5556a412a5f08ce216bc22739dcb2a6d6a85e2,CSV definition-index record for DefineText,,,"projection only; no asset bytes exported, transformed, redrawn, or generated",machine-extracted-structural-candidate,owner-provided SWF,"container=root; definitionDepth=0; tagOrdinal=70; payloadBytes=26; rawTagPayloadSha256=1d40a43e4f00b2654738a3ffa653718f1dbc899535ae9ebd70297fccbf21d5b8; exactTagIdentitySha256=06fdd2f4b442d0e4617c3bcac5efd920926532f6377b6ce9cbaa6bd321ee724a; runtime reachability unresolved; placement and bounds unresolved; renderer suitability unresolved; machineDefinitionIndexSha256=351f6c1eb075a37062d7bd82fa5556a412a5f08ce216bc22739dcb2a6d6a85e2; Structural/static source-derived candidate only. The exported_file is the shared machine definition-index evidence, not a visual or renderer asset export. It is not an authoritative original-runtime baseline and establishes no runtime reachability, placement, asset usage, visual appearance, renderer suitability, human or owner acceptance, strict completion, or publication."
swf-definition-00071,35,,structural-text-definition-candidate,source-assets/flash/HELP MATH_ORIGINAL FILES/HELP_COURSES/ELMGR5/L4/TI/L4TI09.swf,,migrations/course-g05-l04-ti-009/audit/machine/g5-l4-pre-runtime-swf-definition-inventory.csv,351f6c1eb075a37062d7bd82fa5556a412a5f08ce216bc22739dcb2a6d6a85e2,CSV definition-index record for DefineText,,,"projection only; no asset bytes exported, transformed, redrawn, or generated",machine-extracted-structural-candidate,owner-provided SWF,"container=root; definitionDepth=0; tagOrdinal=71; payloadBytes=26; rawTagPayloadSha256=a24fd99d778770d62751e520fa7fc077289444c25b5dd496ff902625f572582e; exactTagIdentitySha256=5c48f6c394691db92bec96683c060f7e10188f0ff46f41c396e89f518f5fbd48; runtime reachability unresolved; placement and bounds unresolved; renderer suitability unresolved; machineDefinitionIndexSha256=351f6c1eb075a37062d7bd82fa5556a412a5f08ce216bc22739dcb2a6d6a85e2; Structural/static source-derived candidate only. The exported_file is the shared machine definition-index evidence, not a visual or renderer asset export. It is not an authoritative original-runtime baseline and establishes no runtime reachability, placement, asset usage, visual appearance, renderer suitability, human or owner acceptance, strict completion, or publication."
swf-definition-00072,36,,structural-text-definition-candidate,source-assets/flash/HELP MATH_ORIGINAL FILES/HELP_COURSES/ELMGR5/L4/TI/L4TI09.swf,,migrations/course-g05-l04-ti-009/audit/machine/g5-l4-pre-runtime-swf-definition-inventory.csv,351f6c1eb075a37062d7bd82fa5556a412a5f08ce216bc22739dcb2a6d6a85e2,CSV definition-index record for DefineText,,,"projection only; no asset bytes exported, transformed, redrawn, or generated",machine-extracted-structural-candidate,owner-provided SWF,"container=root; definitionDepth=0; tagOrdinal=72; payloadBytes=26; rawTagPayloadSha256=b2eae9fe7e776d5dbfe6179ca442f64d336e3b9cc9f7631c633bb0720a8d66a2; exactTagIdentitySha256=7465e5517bfe0815642833b8dcd7027531f3a3f7d34447c1f87dd80b9433093c; runtime reachability unresolved; placement and bounds unresolved; renderer suitability unresolved; machineDefinitionIndexSha256=351f6c1eb075a37062d7bd82fa5556a412a5f08ce216bc22739dcb2a6d6a85e2; Structural/static source-derived candidate only. The exported_file is the shared machine definition-index evidence, not a visual or renderer asset export. It is not an authoritative original-runtime baseline and establishes no runtime reachability, placement, asset usage, visual appearance, renderer suitability, human or owner acceptance, strict completion, or publication."
swf-definition-00073,37,,structural-text-definition-candidate,source-assets/flash/HELP MATH_ORIGINAL FILES/HELP_COURSES/ELMGR5/L4/TI/L4TI09.swf,,migrations/course-g05-l04-ti-009/audit/machine/g5-l4-pre-runtime-swf-definition-inventory.csv,351f6c1eb075a37062d7bd82fa5556a412a5f08ce216bc22739dcb2a6d6a85e2,CSV definition-index record for DefineText,,,"projection only; no asset bytes exported, transformed, redrawn, or generated",machine-extracted-structural-candidate,owner-provided SWF,"container=root; definitionDepth=0; tagOrdinal=73; payloadBytes=26; rawTagPayloadSha256=e748270ec15e39e681b80ca78e416803b3c4448ddb82170b33b4a330f1dacdb6; exactTagIdentitySha256=d1f4b024b5b6710e837e243203028d875c715a96e3610c9ad8032c276538e88f; runtime reachability unresolved; placement and bounds unresolved; renderer suitability unresolved; machineDefinitionIndexSha256=351f6c1eb075a37062d7bd82fa5556a412a5f08ce216bc22739dcb2a6d6a85e2; Structural/static source-derived candidate only. The exported_file is the shared machine definition-index evidence, not a visual or renderer asset export. It is not an authoritative original-runtime baseline and establishes no runtime reachability, placement, asset usage, visual appearance, renderer suitability, human or owner acceptance, strict completion, or publication."
swf-definition-00074,38,,structural-text-definition-candidate,source-assets/flash/HELP MATH_ORIGINAL FILES/HELP_COURSES/ELMGR5/L4/TI/L4TI09.swf,,migrations/course-g05-l04-ti-009/audit/machine/g5-l4-pre-runtime-swf-definition-inventory.csv,351f6c1eb075a37062d7bd82fa5556a412a5f08ce216bc22739dcb2a6d6a85e2,CSV definition-index record for DefineText,,,"projection only; no asset bytes exported, transformed, redrawn, or generated",machine-extracted-structural-candidate,owner-provided SWF,"container=root; definitionDepth=0; tagOrdinal=74; payloadBytes=25; rawTagPayloadSha256=e9db7635c95c52d40bab55c120502b8ee1337c89ad37076ca8263fbc785f72eb; exactTagIdentitySha256=2ad84cf033fb09f935819aff46170fd85a941b77660cacff9fe0be3e6dd8990d; runtime reachability unresolved; placement and bounds unresolved; renderer suitability unresolved; machineDefinitionIndexSha256=351f6c1eb075a37062d7bd82fa5556a412a5f08ce216bc22739dcb2a6d6a85e2; Structural/static source-derived candidate only. The exported_file is the shared machine definition-index evidence, not a visual or renderer asset export. It is not an authoritative original-runtime baseline and establishes no runtime reachability, placement, asset usage, visual appearance, renderer suitability, human or owner acceptance, strict completion, or publication."
swf-definition-00075,39,,structural-text-definition-candidate,source-assets/flash/HELP MATH_ORIGINAL FILES/HELP_COURSES/ELMGR5/L4/TI/L4TI09.swf,,migrations/course-g05-l04-ti-009/audit/machine/g5-l4-pre-runtime-swf-definition-inventory.csv,351f6c1eb075a37062d7bd82fa5556a412a5f08ce216bc22739dcb2a6d6a85e2,CSV definition-index record for DefineText,,,"projection only; no asset bytes exported, transformed, redrawn, or generated",machine-extracted-structural-candidate,owner-provided SWF,"container=root; definitionDepth=0; tagOrdinal=75; payloadBytes=25; rawTagPayloadSha256=753efbd39b90b653e12691e632b3716730ce3e8ae40e3d906a5d292a2c6937c2; exactTagIdentitySha256=0c74748fa92cc77029dd877356936e6988908db967c885b45f241117012fd3ee; runtime reachability unresolved; placement and bounds unresolved; renderer suitability unresolved; machineDefinitionIndexSha256=351f6c1eb075a37062d7bd82fa5556a412a5f08ce216bc22739dcb2a6d6a85e2; Structural/static source-derived candidate only. The exported_file is the shared machine definition-index evidence, not a visual or renderer asset export. It is not an authoritative original-runtime baseline and establishes no runtime reachability, placement, asset usage, visual appearance, renderer suitability, human or owner acceptance, strict completion, or publication."
swf-definition-00076,40,,structural-text-definition-candidate,source-assets/flash/HELP MATH_ORIGINAL FILES/HELP_COURSES/ELMGR5/L4/TI/L4TI09.swf,,migrations/course-g05-l04-ti-009/audit/machine/g5-l4-pre-runtime-swf-definition-inventory.csv,351f6c1eb075a37062d7bd82fa5556a412a5f08ce216bc22739dcb2a6d6a85e2,CSV definition-index record for DefineText,,,"projection only; no asset bytes exported, transformed, redrawn, or generated",machine-extracted-structural-candidate,owner-provided SWF,"container=root; definitionDepth=0; tagOrdinal=76; payloadBytes=33; rawTagPayloadSha256=dc4220d35c67ad7465f84d3d87f8d60d048bb612916f317f0a61ed0d5c9e1c82; exactTagIdentitySha256=67178d197f04a595643bec6d7fb5a2958be4dc979cf87fc8c76c1efb1658c87b; runtime reachability unresolved; placement and bounds unresolved; renderer suitability unresolved; machineDefinitionIndexSha256=351f6c1eb075a37062d7bd82fa5556a412a5f08ce216bc22739dcb2a6d6a85e2; Structural/static source-derived candidate only. The exported_file is the shared machine definition-index evidence, not a visual or renderer asset export. It is not an authoritative original-runtime baseline and establishes no runtime reachability, placement, asset usage, visual appearance, renderer suitability, human or owner acceptance, strict completion, or publication."
swf-definition-00077,41,,structural-text-definition-candidate,source-assets/flash/HELP MATH_ORIGINAL FILES/HELP_COURSES/ELMGR5/L4/TI/L4TI09.swf,,migrations/course-g05-l04-ti-009/audit/machine/g5-l4-pre-runtime-swf-definition-inventory.csv,351f6c1eb075a37062d7bd82fa5556a412a5f08ce216bc22739dcb2a6d6a85e2,CSV definition-index record for DefineText,,,"projection only; no asset bytes exported, transformed, redrawn, or generated",machine-extracted-structural-candidate,owner-provided SWF,"container=root; definitionDepth=0; tagOrdinal=77; payloadBytes=25; rawTagPayloadSha256=516f3cd2f9e2fe60adb187b4371edae5eee73067bfb50b790db012c912421d80; exactTagIdentitySha256=8df0cfc029f86b67fb294621792aa74f221a459e147a932ffc2d964febe760b2; runtime reachability unresolved; placement and bounds unresolved; renderer suitability unresolved; machineDefinitionIndexSha256=351f6c1eb075a37062d7bd82fa5556a412a5f08ce216bc22739dcb2a6d6a85e2; Structural/static source-derived candidate only. The exported_file is the shared machine definition-index evidence, not a visual or renderer asset export. It is not an authoritative original-runtime baseline and establishes no runtime reachability, placement, asset usage, visual appearance, renderer suitability, human or owner acceptance, strict completion, or publication."
swf-definition-00078,42,,structural-text-definition-candidate,source-assets/flash/HELP MATH_ORIGINAL FILES/HELP_COURSES/ELMGR5/L4/TI/L4TI09.swf,,migrations/course-g05-l04-ti-009/audit/machine/g5-l4-pre-runtime-swf-definition-inventory.csv,351f6c1eb075a37062d7bd82fa5556a412a5f08ce216bc22739dcb2a6d6a85e2,CSV definition-index record for DefineText,,,"projection only; no asset bytes exported, transformed, redrawn, or generated",machine-extracted-structural-candidate,owner-provided SWF,"container=root; definitionDepth=0; tagOrdinal=78; payloadBytes=25; rawTagPayloadSha256=84571f5f8e0e3ce9ee6ea6c0f75c068121af3371e885a6c2176bb9dd80bd182b; exactTagIdentitySha256=362fdcf45e20274b6bbd7ae8f84bb6a56f71f56a80c614651f4ab3d921772a3a; runtime reachability unresolved; placement and bounds unresolved; renderer suitability unresolved; machineDefinitionIndexSha256=351f6c1eb075a37062d7bd82fa5556a412a5f08ce216bc22739dcb2a6d6a85e2; Structural/static source-derived candidate only. The exported_file is the shared machine definition-index evidence, not a visual or renderer asset export. It is not an authoritative original-runtime baseline and establishes no runtime reachability, placement, asset usage, visual appearance, renderer suitability, human or owner acceptance, strict completion, or publication."
swf-definition-00079,43,,structural-text-definition-candidate,source-assets/flash/HELP MATH_ORIGINAL FILES/HELP_COURSES/ELMGR5/L4/TI/L4TI09.swf,,migrations/course-g05-l04-ti-009/audit/machine/g5-l4-pre-runtime-swf-definition-inventory.csv,351f6c1eb075a37062d7bd82fa5556a412a5f08ce216bc22739dcb2a6d6a85e2,CSV definition-index record for DefineText,,,"projection only; no asset bytes exported, transformed, redrawn, or generated",machine-extracted-structural-candidate,owner-provided SWF,"container=root; definitionDepth=0; tagOrdinal=79; payloadBytes=25; rawTagPayloadSha256=0b2f7d55f6c820d8b29a4d40abe9aa2612363bd1013b4693b142474dc7b76fb6; exactTagIdentitySha256=527b4f9becfbc0b9b0e8c1e424381dd3e6c687e0fe6fab9387ab558d514853a9; runtime reachability unresolved; placement and bounds unresolved; renderer suitability unresolved; machineDefinitionIndexSha256=351f6c1eb075a37062d7bd82fa5556a412a5f08ce216bc22739dcb2a6d6a85e2; Structural/static source-derived candidate only. The exported_file is the shared machine definition-index evidence, not a visual or renderer asset export. It is not an authoritative original-runtime baseline and establishes no runtime reachability, placement, asset usage, visual appearance, renderer suitability, human or owner acceptance, strict completion, or publication."
swf-definition-00080,44,,structural-text-definition-candidate,source-assets/flash/HELP MATH_ORIGINAL FILES/HELP_COURSES/ELMGR5/L4/TI/L4TI09.swf,,migrations/course-g05-l04-ti-009/audit/machine/g5-l4-pre-runtime-swf-definition-inventory.csv,351f6c1eb075a37062d7bd82fa5556a412a5f08ce216bc22739dcb2a6d6a85e2,CSV definition-index record for DefineText,,,"projection only; no asset bytes exported, transformed, redrawn, or generated",machine-extracted-structural-candidate,owner-provided SWF,"container=root; definitionDepth=0; tagOrdinal=80; payloadBytes=31; rawTagPayloadSha256=3cf77988e94773ec363bf92da601793ca36b1b1aeb59d4b21b418b937a08d336; exactTagIdentitySha256=781a0d3e4e5a6051769bcc19b5fd664d6a9289fd448704b80ad67a05848ac339; runtime reachability unresolved; placement and bounds unresolved; renderer suitability unresolved; machineDefinitionIndexSha256=351f6c1eb075a37062d7bd82fa5556a412a5f08ce216bc22739dcb2a6d6a85e2; Structural/static source-derived candidate only. The exported_file is the shared machine definition-index evidence, not a visual or renderer asset export. It is not an authoritative original-runtime baseline and establishes no runtime reachability, placement, asset usage, visual appearance, renderer suitability, human or owner acceptance, strict completion, or publication."
swf-definition-00081,45,,structural-text-definition-candidate,source-assets/flash/HELP MATH_ORIGINAL FILES/HELP_COURSES/ELMGR5/L4/TI/L4TI09.swf,,migrations/course-g05-l04-ti-009/audit/machine/g5-l4-pre-runtime-swf-definition-inventory.csv,351f6c1eb075a37062d7bd82fa5556a412a5f08ce216bc22739dcb2a6d6a85e2,CSV definition-index record for DefineText,,,"projection only; no asset bytes exported, transformed, redrawn, or generated",machine-extracted-structural-candidate,owner-provided SWF,"container=root; definitionDepth=0; tagOrdinal=81; payloadBytes=33; rawTagPayloadSha256=4af3ee1fad6b6e3c45edadd7dd31fe6fe2b92362e6ffc010ff46a672a27bf7a1; exactTagIdentitySha256=7471f9b4cb67e53cd122471899fc98e6e100b3b161bcac3168b09beab51b555d; runtime reachability unresolved; placement and bounds unresolved; renderer suitability unresolved; machineDefinitionIndexSha256=351f6c1eb075a37062d7bd82fa5556a412a5f08ce216bc22739dcb2a6d6a85e2; Structural/static source-derived candidate only. The exported_file is the shared machine definition-index evidence, not a visual or renderer asset export. It is not an authoritative original-runtime baseline and establishes no runtime reachability, placement, asset usage, visual appearance, renderer suitability, human or owner acceptance, strict completion, or publication."
swf-definition-00082,46,,structural-text-definition-candidate,source-assets/flash/HELP MATH_ORIGINAL FILES/HELP_COURSES/ELMGR5/L4/TI/L4TI09.swf,,migrations/course-g05-l04-ti-009/audit/machine/g5-l4-pre-runtime-swf-definition-inventory.csv,351f6c1eb075a37062d7bd82fa5556a412a5f08ce216bc22739dcb2a6d6a85e2,CSV definition-index record for DefineText,,,"projection only; no asset bytes exported, transformed, redrawn, or generated",machine-extracted-structural-candidate,owner-provided SWF,"container=root; definitionDepth=0; tagOrdinal=82; payloadBytes=31; rawTagPayloadSha256=d8c7490914d1c1583c5e1f4ac6328d615032582c64896e86ac25107573326202; exactTagIdentitySha256=9647075c6d815e37b59312861f06b6c3a212f66c88b1193897d1a19b7e3e0805; runtime reachability unresolved; placement and bounds unresolved; renderer suitability unresolved; machineDefinitionIndexSha256=351f6c1eb075a37062d7bd82fa5556a412a5f08ce216bc22739dcb2a6d6a85e2; Structural/static source-derived candidate only. The exported_file is the shared machine definition-index evidence, not a visual or renderer asset export. It is not an authoritative original-runtime baseline and establishes no runtime reachability, placement, asset usage, visual appearance, renderer suitability, human or owner acceptance, strict completion, or publication."
swf-definition-00083,47,,structural-text-definition-candidate,source-assets/flash/HELP MATH_ORIGINAL FILES/HELP_COURSES/ELMGR5/L4/TI/L4TI09.swf,,migrations/course-g05-l04-ti-009/audit/machine/g5-l4-pre-runtime-swf-definition-inventory.csv,351f6c1eb075a37062d7bd82fa5556a412a5f08ce216bc22739dcb2a6d6a85e2,CSV definition-index record for DefineText,,,"projection only; no asset bytes exported, transformed, redrawn, or generated",machine-extracted-structural-candidate,owner-provided SWF,"container=root; definitionDepth=0; tagOrdinal=83; payloadBytes=33; rawTagPayloadSha256=91046aa4ae46cd211dda41f81ced4bbe600b3690c1435a9ccce18578b76edf37; exactTagIdentitySha256=ece0e90ec6cbd10097d6756f61bbb614d8325f61c549e4a9aee94667fa1fc835; runtime reachability unresolved; placement and bounds unresolved; renderer suitability unresolved; machineDefinitionIndexSha256=351f6c1eb075a37062d7bd82fa5556a412a5f08ce216bc22739dcb2a6d6a85e2; Structural/static source-derived candidate only. The exported_file is the shared machine definition-index evidence, not a visual or renderer asset export. It is not an authoritative original-runtime baseline and establishes no runtime reachability, placement, asset usage, visual appearance, renderer suitability, human or owner acceptance, strict completion, or publication."
swf-definition-00084,48,,structural-text-definition-candidate,source-assets/flash/HELP MATH_ORIGINAL FILES/HELP_COURSES/ELMGR5/L4/TI/L4TI09.swf,,migrations/course-g05-l04-ti-009/audit/machine/g5-l4-pre-runtime-swf-definition-inventory.csv,351f6c1eb075a37062d7bd82fa5556a412a5f08ce216bc22739dcb2a6d6a85e2,CSV definition-index record for DefineText,,,"projection only; no asset bytes exported, transformed, redrawn, or generated",machine-extracted-structural-candidate,owner-provided SWF,"container=root; definitionDepth=0; tagOrdinal=84; payloadBytes=31; rawTagPayloadSha256=eedb01eba13ad6b68e161ade73bb64978c416c72320e57c7238b1effee4ebe6a; exactTagIdentitySha256=fe86f5658cf19022b1954c9e38ba7d95ba65b7aaeb2495f7457d1f13c5aabee9; runtime reachability unresolved; placement and bounds unresolved; renderer suitability unresolved; machineDefinitionIndexSha256=351f6c1eb075a37062d7bd82fa5556a412a5f08ce216bc22739dcb2a6d6a85e2; Structural/static source-derived candidate only. The exported_file is the shared machine definition-index evidence, not a visual or renderer asset export. It is not an authoritative original-runtime baseline and establishes no runtime reachability, placement, asset usage, visual appearance, renderer suitability, human or owner acceptance, strict completion, or publication."
swf-definition-00085,49,,structural-text-definition-candidate,source-assets/flash/HELP MATH_ORIGINAL FILES/HELP_COURSES/ELMGR5/L4/TI/L4TI09.swf,,migrations/course-g05-l04-ti-009/audit/machine/g5-l4-pre-runtime-swf-definition-inventory.csv,351f6c1eb075a37062d7bd82fa5556a412a5f08ce216bc22739dcb2a6d6a85e2,CSV definition-index record for DefineText,,,"projection only; no asset bytes exported, transformed, redrawn, or generated",machine-extracted-structural-candidate,owner-provided SWF,"container=root; definitionDepth=0; tagOrdinal=85; payloadBytes=33; rawTagPayloadSha256=d414f7a7dd02f41e816462b816bc22b36c1c6931e566e837d1df15b14616ff83; exactTagIdentitySha256=e626a630b9a177ddf8610850132d64b9503f4c5f1b73b93b6dc743b71b36bb44; runtime reachability unresolved; placement and bounds unresolved; renderer suitability unresolved; machineDefinitionIndexSha256=351f6c1eb075a37062d7bd82fa5556a412a5f08ce216bc22739dcb2a6d6a85e2; Structural/static source-derived candidate only. The exported_file is the shared machine definition-index evidence, not a visual or renderer asset export. It is not an authoritative original-runtime baseline and establishes no runtime reachability, placement, asset usage, visual appearance, renderer suitability, human or owner acceptance, strict completion, or publication."
swf-definition-00086,50,,structural-text-definition-candidate,source-assets/flash/HELP MATH_ORIGINAL FILES/HELP_COURSES/ELMGR5/L4/TI/L4TI09.swf,,migrations/course-g05-l04-ti-009/audit/machine/g5-l4-pre-runtime-swf-definition-inventory.csv,351f6c1eb075a37062d7bd82fa5556a412a5f08ce216bc22739dcb2a6d6a85e2,CSV definition-index record for DefineText,,,"projection only; no asset bytes exported, transformed, redrawn, or generated",machine-extracted-structural-candidate,owner-provided SWF,"container=root; definitionDepth=0; tagOrdinal=86; payloadBytes=31; rawTagPayloadSha256=93a78b55c8d44452eb9556953f01206fee62e0c49a595e8c101974b457659045; exactTagIdentitySha256=533419d3a0e8fc83d47209a2be8618c3d5e3b9671f80214e4d1a550626cd4dc6; runtime reachability unresolved; placement and bounds unresolved; renderer suitability unresolved; machineDefinitionIndexSha256=351f6c1eb075a37062d7bd82fa5556a412a5f08ce216bc22739dcb2a6d6a85e2; Structural/static source-derived candidate only. The exported_file is the shared machine definition-index evidence, not a visual or renderer asset export. It is not an authoritative original-runtime baseline and establishes no runtime reachability, placement, asset usage, visual appearance, renderer suitability, human or owner acceptance, strict completion, or publication."
swf-definition-00087,51,,structural-text-definition-candidate,source-assets/flash/HELP MATH_ORIGINAL FILES/HELP_COURSES/ELMGR5/L4/TI/L4TI09.swf,,migrations/course-g05-l04-ti-009/audit/machine/g5-l4-pre-runtime-swf-definition-inventory.csv,351f6c1eb075a37062d7bd82fa5556a412a5f08ce216bc22739dcb2a6d6a85e2,CSV definition-index record for DefineText,,,"projection only; no asset bytes exported, transformed, redrawn, or generated",machine-extracted-structural-candidate,owner-provided SWF,"container=root; definitionDepth=0; tagOrdinal=87; payloadBytes=33; rawTagPayloadSha256=f276fccc16b40f1709c2a9d9a23f2c68cdebf80474b4f4aa24955468bc3559c9; exactTagIdentitySha256=c287ea46d9f13ccb2db503d97d7df68f5026095c9b2a596efc5c179853e15334; runtime reachability unresolved; placement and bounds unresolved; renderer suitability unresolved; machineDefinitionIndexSha256=351f6c1eb075a37062d7bd82fa5556a412a5f08ce216bc22739dcb2a6d6a85e2; Structural/static source-derived candidate only. The exported_file is the shared machine definition-index evidence, not a visual or renderer asset export. It is not an authoritative original-runtime baseline and establishes no runtime reachability, placement, asset usage, visual appearance, renderer suitability, human or owner acceptance, strict completion, or publication."
swf-definition-00088,52,,structural-text-definition-candidate,source-assets/flash/HELP MATH_ORIGINAL FILES/HELP_COURSES/ELMGR5/L4/TI/L4TI09.swf,,migrations/course-g05-l04-ti-009/audit/machine/g5-l4-pre-runtime-swf-definition-inventory.csv,351f6c1eb075a37062d7bd82fa5556a412a5f08ce216bc22739dcb2a6d6a85e2,CSV definition-index record for DefineText,,,"projection only; no asset bytes exported, transformed, redrawn, or generated",machine-extracted-structural-candidate,owner-provided SWF,"container=root; definitionDepth=0; tagOrdinal=88; payloadBytes=30; rawTagPayloadSha256=217356384a5fcd4689d9ae2a65e17cf04d110db9337481c14da24fc0505f247c; exactTagIdentitySha256=5fcf6dd3664cc76958272b1fd0427af4b781c26018684fbf40c964468730f347; runtime reachability unresolved; placement and bounds unresolved; renderer suitability unresolved; machineDefinitionIndexSha256=351f6c1eb075a37062d7bd82fa5556a412a5f08ce216bc22739dcb2a6d6a85e2; Structural/static source-derived candidate only. The exported_file is the shared machine definition-index evidence, not a visual or renderer asset export. It is not an authoritative original-runtime baseline and establishes no runtime reachability, placement, asset usage, visual appearance, renderer suitability, human or owner acceptance, strict completion, or publication."
swf-definition-00100,53,,structural-text-definition-candidate,source-assets/flash/HELP MATH_ORIGINAL FILES/HELP_COURSES/ELMGR5/L4/TI/L4TI09.swf,,migrations/course-g05-l04-ti-009/audit/machine/g5-l4-pre-runtime-swf-definition-inventory.csv,351f6c1eb075a37062d7bd82fa5556a412a5f08ce216bc22739dcb2a6d6a85e2,CSV definition-index record for DefineText,,,"projection only; no asset bytes exported, transformed, redrawn, or generated",machine-extracted-structural-candidate,owner-provided SWF,"container=root; definitionDepth=0; tagOrdinal=100; payloadBytes=25; rawTagPayloadSha256=e89086f6af5f43d9865569564629312b962c047e5c0104611ea08d4cea55f5b8; exactTagIdentitySha256=63b9c201e7569e15e73e30927fba337ff59277a9c39e8362047856b8ef729d07; runtime reachability unresolved; placement and bounds unresolved; renderer suitability unresolved; machineDefinitionIndexSha256=351f6c1eb075a37062d7bd82fa5556a412a5f08ce216bc22739dcb2a6d6a85e2; Structural/static source-derived candidate only. The exported_file is the shared machine definition-index evidence, not a visual or renderer asset export. It is not an authoritative original-runtime baseline and establishes no runtime reachability, placement, asset usage, visual appearance, renderer suitability, human or owner acceptance, strict completion, or publication."
swf-definition-00101,54,,structural-sprite-definition-candidate,source-assets/flash/HELP MATH_ORIGINAL FILES/HELP_COURSES/ELMGR5/L4/TI/L4TI09.swf,,migrations/course-g05-l04-ti-009/audit/machine/g5-l4-pre-runtime-swf-definition-inventory.csv,351f6c1eb075a37062d7bd82fa5556a412a5f08ce216bc22739dcb2a6d6a85e2,CSV definition-index record for DefineSprite,,,"projection only; no asset bytes exported, transformed, redrawn, or generated",machine-extracted-structural-candidate,owner-provided SWF,"container=root; definitionDepth=0; tagOrdinal=101; payloadBytes=506; rawTagPayloadSha256=b8d69747beed06faf36d24db48794d35235237a0b00e034f67399edde4035882; exactTagIdentitySha256=0801f1b756ccd938edbcde409fa4964c4fddecb96001fd138a4bdb45aa8cc1d6; declaredFrameCount=1; runtime reachability unresolved; placement and bounds unresolved; renderer suitability unresolved; machineDefinitionIndexSha256=351f6c1eb075a37062d7bd82fa5556a412a5f08ce216bc22739dcb2a6d6a85e2; Structural/static source-derived candidate only. The exported_file is the shared machine definition-index evidence, not a visual or renderer asset export. It is not an authoritative original-runtime baseline and establishes no runtime reachability, placement, asset usage, visual appearance, renderer suitability, human or owner acceptance, strict completion, or publication."
swf-definition-00142,55,,structural-sprite-definition-candidate,source-assets/flash/HELP MATH_ORIGINAL FILES/HELP_COURSES/ELMGR5/L4/TI/L4TI09.swf,,migrations/course-g05-l04-ti-009/audit/machine/g5-l4-pre-runtime-swf-definition-inventory.csv,351f6c1eb075a37062d7bd82fa5556a412a5f08ce216bc22739dcb2a6d6a85e2,CSV definition-index record for DefineSprite,,,"projection only; no asset bytes exported, transformed, redrawn, or generated",machine-extracted-structural-candidate,owner-provided SWF,"container=root; definitionDepth=0; tagOrdinal=142; payloadBytes=68; rawTagPayloadSha256=ffc43f3e194915bd9a0dbbe333fefb6b2a002255e580dd03cc0d102ed8a8d577; exactTagIdentitySha256=f49c81b751008b54639c6bba2956a5a572a78da1850b24be339b36ca25b74345; declaredFrameCount=31; runtime reachability unresolved; placement and bounds unresolved; renderer suitability unresolved; machineDefinitionIndexSha256=351f6c1eb075a37062d7bd82fa5556a412a5f08ce216bc22739dcb2a6d6a85e2; Structural/static source-derived candidate only. The exported_file is the shared machine definition-index evidence, not a visual or renderer asset export. It is not an authoritative original-runtime baseline and establishes no runtime reachability, placement, asset usage, visual appearance, renderer suitability, human or owner acceptance, strict completion, or publication."
swf-definition-00176,56,,structural-button-definition-candidate,source-assets/flash/HELP MATH_ORIGINAL FILES/HELP_COURSES/ELMGR5/L4/TI/L4TI09.swf,,migrations/course-g05-l04-ti-009/audit/machine/g5-l4-pre-runtime-swf-definition-inventory.csv,351f6c1eb075a37062d7bd82fa5556a412a5f08ce216bc22739dcb2a6d6a85e2,CSV definition-index record for DefineButton2,,,"projection only; no asset bytes exported, transformed, redrawn, or generated",machine-extracted-structural-candidate,owner-provided SWF,"container=root; definitionDepth=0; tagOrdinal=176; payloadBytes=149; rawTagPayloadSha256=34e70493d183c5383b8da220133eac00e76157569b31bbef100d6bc85ff83ca5; exactTagIdentitySha256=30f8424e02b5ad81c55a560ac4f0a69be3d2c094b61ed78c9b20ec33f589d7c3; runtime reachability unresolved; placement and bounds unresolved; renderer suitability unresolved; machineDefinitionIndexSha256=351f6c1eb075a37062d7bd82fa5556a412a5f08ce216bc22739dcb2a6d6a85e2; Structural/static source-derived candidate only. The exported_file is the shared machine definition-index evidence, not a visual or renderer asset export. It is not an authoritative original-runtime baseline and establishes no runtime reachability, placement, asset usage, visual appearance, renderer suitability, human or owner acceptance, strict completion, or publication."
swf-definition-00186,57,,structural-shape-definition-candidate,source-assets/flash/HELP MATH_ORIGINAL FILES/HELP_COURSES/ELMGR5/L4/TI/L4TI09.swf,,migrations/course-g05-l04-ti-009/audit/machine/g5-l4-pre-runtime-swf-definition-inventory.csv,351f6c1eb075a37062d7bd82fa5556a412a5f08ce216bc22739dcb2a6d6a85e2,CSV definition-index record for DefineShape,,,"projection only; no asset bytes exported, transformed, redrawn, or generated",machine-extracted-structural-candidate,owner-provided SWF,"container=root; definitionDepth=0; tagOrdinal=186; payloadBytes=967; rawTagPayloadSha256=90e9cc907ec4414724132956b0095949c10a2667bc4092d61fcda2c5f803090b; exactTagIdentitySha256=70904da18efcbbfb19ef38f833212dc4d693afaee2323fa0278c76e95edcadf9; runtime reachability unresolved; placement and bounds unresolved; renderer suitability unresolved; machineDefinitionIndexSha256=351f6c1eb075a37062d7bd82fa5556a412a5f08ce216bc22739dcb2a6d6a85e2; Structural/static source-derived candidate only. The exported_file is the shared machine definition-index evidence, not a visual or renderer asset export. It is not an authoritative original-runtime baseline and establishes no runtime reachability, placement, asset usage, visual appearance, renderer suitability, human or owner acceptance, strict completion, or publication."
swf-definition-00188,58,,structural-text-definition-candidate,source-assets/flash/HELP MATH_ORIGINAL FILES/HELP_COURSES/ELMGR5/L4/TI/L4TI09.swf,,migrations/course-g05-l04-ti-009/audit/machine/g5-l4-pre-runtime-swf-definition-inventory.csv,351f6c1eb075a37062d7bd82fa5556a412a5f08ce216bc22739dcb2a6d6a85e2,CSV definition-index record for DefineText,,,"projection only; no asset bytes exported, transformed, redrawn, or generated",machine-extracted-structural-candidate,owner-provided SWF,"container=root; definitionDepth=0; tagOrdinal=188; payloadBytes=70; rawTagPayloadSha256=1750c45ea7ce5796388606eacf9238e09886808fd982502e58b58a17476a2232; exactTagIdentitySha256=75c3962f3e389cf13898f792576ee93c5800d3193f89660e5a54d39d0e3d4685; runtime reachability unresolved; placement and bounds unresolved; renderer suitability unresolved; machineDefinitionIndexSha256=351f6c1eb075a37062d7bd82fa5556a412a5f08ce216bc22739dcb2a6d6a85e2; Structural/static source-derived candidate only. The exported_file is the shared machine definition-index evidence, not a visual or renderer asset export. It is not an authoritative original-runtime baseline and establishes no runtime reachability, placement, asset usage, visual appearance, renderer suitability, human or owner acceptance, strict completion, or publication."
swf-definition-00190,59,,structural-shape-definition-candidate,source-assets/flash/HELP MATH_ORIGINAL FILES/HELP_COURSES/ELMGR5/L4/TI/L4TI09.swf,,migrations/course-g05-l04-ti-009/audit/machine/g5-l4-pre-runtime-swf-definition-inventory.csv,351f6c1eb075a37062d7bd82fa5556a412a5f08ce216bc22739dcb2a6d6a85e2,CSV definition-index record for DefineShape,,,"projection only; no asset bytes exported, transformed, redrawn, or generated",machine-extracted-structural-candidate,owner-provided SWF,"container=root; definitionDepth=0; tagOrdinal=190; payloadBytes=31; rawTagPayloadSha256=42695f99a6b317d459649be8c7d5067172728259bb752e4c23558b54dd5b1e57; exactTagIdentitySha256=9fe37902f963c6bfc33454e4cb54e66657bfd907e6c9ee66eff496b61f71eb1c; runtime reachability unresolved; placement and bounds unresolved; renderer suitability unresolved; machineDefinitionIndexSha256=351f6c1eb075a37062d7bd82fa5556a412a5f08ce216bc22739dcb2a6d6a85e2; Structural/static source-derived candidate only. The exported_file is the shared machine definition-index evidence, not a visual or renderer asset export. It is not an authoritative original-runtime baseline and establishes no runtime reachability, placement, asset usage, visual appearance, renderer suitability, human or owner acceptance, strict completion, or publication."
swf-definition-00191,60,,structural-shape-definition-candidate,source-assets/flash/HELP MATH_ORIGINAL FILES/HELP_COURSES/ELMGR5/L4/TI/L4TI09.swf,,migrations/course-g05-l04-ti-009/audit/machine/g5-l4-pre-runtime-swf-definition-inventory.csv,351f6c1eb075a37062d7bd82fa5556a412a5f08ce216bc22739dcb2a6d6a85e2,CSV definition-index record for DefineShape2,,,"projection only; no asset bytes exported, transformed, redrawn, or generated",machine-extracted-structural-candidate,owner-provided SWF,"container=root; definitionDepth=0; tagOrdinal=191; payloadBytes=97; rawTagPayloadSha256=9acb8c3d85ad7d716863f209f360d61303ed034d8b56371886ca1a62c4fdc18d; exactTagIdentitySha256=d935fdc4571cad7cbc9c95d45bd0de26d1bc40015e18a30b763d314e2845ae9d; runtime reachability unresolved; placement and bounds unresolved; renderer suitability unresolved; machineDefinitionIndexSha256=351f6c1eb075a37062d7bd82fa5556a412a5f08ce216bc22739dcb2a6d6a85e2; Structural/static source-derived candidate only. The exported_file is the shared machine definition-index evidence, not a visual or renderer asset export. It is not an authoritative original-runtime baseline and establishes no runtime reachability, placement, asset usage, visual appearance, renderer suitability, human or owner acceptance, strict completion, or publication."
swf-definition-00192,61,,structural-font-definition-candidate,source-assets/flash/HELP MATH_ORIGINAL FILES/HELP_COURSES/ELMGR5/L4/TI/L4TI09.swf,,migrations/course-g05-l04-ti-009/audit/machine/g5-l4-pre-runtime-swf-definition-inventory.csv,351f6c1eb075a37062d7bd82fa5556a412a5f08ce216bc22739dcb2a6d6a85e2,CSV definition-index record for DefineFont2,,1,"projection only; no asset bytes exported, transformed, redrawn, or generated",machine-extracted-structural-candidate,owner-provided SWF,"swfEmbeddedFontName=Bauhaus Md BT; container=root; definitionDepth=0; tagOrdinal=192; payloadBytes=186; rawTagPayloadSha256=088944834645ca904ae3ec0055a8d4238a47296e1afa2290cf5a9a3a84e0b622; exactTagIdentitySha256=c16eb7ac9f650fa01f8bbf4fcac7ae7d2fb08ac34b33ed46025a1ce7ada46da0; runtime reachability unresolved; placement and bounds unresolved; renderer suitability unresolved; machineDefinitionIndexSha256=351f6c1eb075a37062d7bd82fa5556a412a5f08ce216bc22739dcb2a6d6a85e2; Structural/static source-derived candidate only. The exported_file is the shared machine definition-index evidence, not a visual or renderer asset export. It is not an authoritative original-runtime baseline and establishes no runtime reachability, placement, asset usage, visual appearance, renderer suitability, human or owner acceptance, strict completion, or publication."
swf-definition-00193,62,,structural-text-definition-candidate,source-assets/flash/HELP MATH_ORIGINAL FILES/HELP_COURSES/ELMGR5/L4/TI/L4TI09.swf,,migrations/course-g05-l04-ti-009/audit/machine/g5-l4-pre-runtime-swf-definition-inventory.csv,351f6c1eb075a37062d7bd82fa5556a412a5f08ce216bc22739dcb2a6d6a85e2,CSV definition-index record for DefineText,,,"projection only; no asset bytes exported, transformed, redrawn, or generated",machine-extracted-structural-candidate,owner-provided SWF,"container=root; definitionDepth=0; tagOrdinal=193; payloadBytes=25; rawTagPayloadSha256=2d7cf72651744cf8a37709e7ac93fe0896bc161c8ab9cce6babedee3bfe5428d; exactTagIdentitySha256=ccdd7fc39065d9edcc5d0f1ac0d5473a0015762d823be0344a671c6de1f349e8; runtime reachability unresolved; placement and bounds unresolved; renderer suitability unresolved; machineDefinitionIndexSha256=351f6c1eb075a37062d7bd82fa5556a412a5f08ce216bc22739dcb2a6d6a85e2; Structural/static source-derived candidate only. The exported_file is the shared machine definition-index evidence, not a visual or renderer asset export. It is not an authoritative original-runtime baseline and establishes no runtime reachability, placement, asset usage, visual appearance, renderer suitability, human or owner acceptance, strict completion, or publication."
swf-definition-00194,63,,structural-text-definition-candidate,source-assets/flash/HELP MATH_ORIGINAL FILES/HELP_COURSES/ELMGR5/L4/TI/L4TI09.swf,,migrations/course-g05-l04-ti-009/audit/machine/g5-l4-pre-runtime-swf-definition-inventory.csv,351f6c1eb075a37062d7bd82fa5556a412a5f08ce216bc22739dcb2a6d6a85e2,CSV definition-index record for DefineText,,,"projection only; no asset bytes exported, transformed, redrawn, or generated",machine-extracted-structural-candidate,owner-provided SWF,"container=root; definitionDepth=0; tagOrdinal=194; payloadBytes=206; rawTagPayloadSha256=713793aa8d06965f725fc4840fd8f6cf1f41bb54f5e56f8f4356bd176c946e22; exactTagIdentitySha256=c350c51ec8609c873dd48e241f78add0a862f2587a52b0b59ec1a1a11a544c48; runtime reachability unresolved; placement and bounds unresolved; renderer suitability unresolved; machineDefinitionIndexSha256=351f6c1eb075a37062d7bd82fa5556a412a5f08ce216bc22739dcb2a6d6a85e2; Structural/static source-derived candidate only. The exported_file is the shared machine definition-index evidence, not a visual or renderer asset export. It is not an authoritative original-runtime baseline and establishes no runtime reachability, placement, asset usage, visual appearance, renderer suitability, human or owner acceptance, strict completion, or publication."
swf-definition-00195,64,,structural-button-definition-candidate,source-assets/flash/HELP MATH_ORIGINAL FILES/HELP_COURSES/ELMGR5/L4/TI/L4TI09.swf,,migrations/course-g05-l04-ti-009/audit/machine/g5-l4-pre-runtime-swf-definition-inventory.csv,351f6c1eb075a37062d7bd82fa5556a412a5f08ce216bc22739dcb2a6d6a85e2,CSV definition-index record for DefineButton2,,,"projection only; no asset bytes exported, transformed, redrawn, or generated",machine-extracted-structural-candidate,owner-provided SWF,"container=root; definitionDepth=0; tagOrdinal=195; payloadBytes=167; rawTagPayloadSha256=79ab2288fb191631b2d7b80552e6dc290fdf521e1243e51281acd13004cbbbef; exactTagIdentitySha256=b3f87da88cfdc0edaebaeb9667de803c5b8fe190fc545ad01ac17e4bbf993025; runtime reachability unresolved; placement and bounds unresolved; renderer suitability unresolved; machineDefinitionIndexSha256=351f6c1eb075a37062d7bd82fa5556a412a5f08ce216bc22739dcb2a6d6a85e2; Structural/static source-derived candidate only. The exported_file is the shared machine definition-index evidence, not a visual or renderer asset export. It is not an authoritative original-runtime baseline and establishes no runtime reachability, placement, asset usage, visual appearance, renderer suitability, human or owner acceptance, strict completion, or publication."
swf-definition-00196,65,,structural-button-definition-candidate,source-assets/flash/HELP MATH_ORIGINAL FILES/HELP_COURSES/ELMGR5/L4/TI/L4TI09.swf,,migrations/course-g05-l04-ti-009/audit/machine/g5-l4-pre-runtime-swf-definition-inventory.csv,351f6c1eb075a37062d7bd82fa5556a412a5f08ce216bc22739dcb2a6d6a85e2,CSV definition-index record for DefineButton2,,,"projection only; no asset bytes exported, transformed, redrawn, or generated",machine-extracted-structural-candidate,owner-provided SWF,"container=root; definitionDepth=0; tagOrdinal=196; payloadBytes=170; rawTagPayloadSha256=8392849d87948d5047660604b2e9cb1ac350308f6eece26a4768d699326694bc; exactTagIdentitySha256=2de569d06377677e22ab04c07759715b9bdae35306f39fdabdcbe5b464e871a3; runtime reachability unresolved; placement and bounds unresolved; renderer suitability unresolved; machineDefinitionIndexSha256=351f6c1eb075a37062d7bd82fa5556a412a5f08ce216bc22739dcb2a6d6a85e2; Structural/static source-derived candidate only. The exported_file is the shared machine definition-index evidence, not a visual or renderer asset export. It is not an authoritative original-runtime baseline and establishes no runtime reachability, placement, asset usage, visual appearance, renderer suitability, human or owner acceptance, strict completion, or publication."
swf-definition-00197,66,,structural-button-definition-candidate,source-assets/flash/HELP MATH_ORIGINAL FILES/HELP_COURSES/ELMGR5/L4/TI/L4TI09.swf,,migrations/course-g05-l04-ti-009/audit/machine/g5-l4-pre-runtime-swf-definition-inventory.csv,351f6c1eb075a37062d7bd82fa5556a412a5f08ce216bc22739dcb2a6d6a85e2,CSV definition-index record for DefineButton2,,,"projection only; no asset bytes exported, transformed, redrawn, or generated",machine-extracted-structural-candidate,owner-provided SWF,"container=root; definitionDepth=0; tagOrdinal=197; payloadBytes=173; rawTagPayloadSha256=e3ef3b6ad3b14a65b3bdf7eb1777375300b3bd220f48c126f03507c211d25cc3; exactTagIdentitySha256=d964234177de3350a5981c5e526eea86711c209d2550e991534ef90daa9cdd38; runtime reachability unresolved; placement and bounds unresolved; renderer suitability unresolved; machineDefinitionIndexSha256=351f6c1eb075a37062d7bd82fa5556a412a5f08ce216bc22739dcb2a6d6a85e2; Structural/static source-derived candidate only. The exported_file is the shared machine definition-index evidence, not a visual or renderer asset export. It is not an authoritative original-runtime baseline and establishes no runtime reachability, placement, asset usage, visual appearance, renderer suitability, human or owner acceptance, strict completion, or publication."
swf-definition-00198,67,,structural-shape-definition-candidate,source-assets/flash/HELP MATH_ORIGINAL FILES/HELP_COURSES/ELMGR5/L4/TI/L4TI09.swf,,migrations/course-g05-l04-ti-009/audit/machine/g5-l4-pre-runtime-swf-definition-inventory.csv,351f6c1eb075a37062d7bd82fa5556a412a5f08ce216bc22739dcb2a6d6a85e2,CSV definition-index record for DefineShape,,,"projection only; no asset bytes exported, transformed, redrawn, or generated",machine-extracted-structural-candidate,owner-provided SWF,"container=root; definitionDepth=0; tagOrdinal=198; payloadBytes=66; rawTagPayloadSha256=a6c6c9c4913c21f77c82e624a8afa69dd3e811bed9f67b9202ae798fb712e2c8; exactTagIdentitySha256=ccf93e23dee1d437ff360caca5888c6ac9e500a1004e9e4346698d69d0c564ad; runtime reachability unresolved; placement and bounds unresolved; renderer suitability unresolved; machineDefinitionIndexSha256=351f6c1eb075a37062d7bd82fa5556a412a5f08ce216bc22739dcb2a6d6a85e2; Structural/static source-derived candidate only. The exported_file is the shared machine definition-index evidence, not a visual or renderer asset export. It is not an authoritative original-runtime baseline and establishes no runtime reachability, placement, asset usage, visual appearance, renderer suitability, human or owner acceptance, strict completion, or publication."
swf-definition-00199,68,,structural-shape-definition-candidate,source-assets/flash/HELP MATH_ORIGINAL FILES/HELP_COURSES/ELMGR5/L4/TI/L4TI09.swf,,migrations/course-g05-l04-ti-009/audit/machine/g5-l4-pre-runtime-swf-definition-inventory.csv,351f6c1eb075a37062d7bd82fa5556a412a5f08ce216bc22739dcb2a6d6a85e2,CSV definition-index record for DefineShape2,,,"projection only; no asset bytes exported, transformed, redrawn, or generated",machine-extracted-structural-candidate,owner-provided SWF,"container=root; definitionDepth=0; tagOrdinal=199; payloadBytes=51; rawTagPayloadSha256=b897e3c6eb2ff97421cfca3d373ac11498d159c90692b4636f70f92c000957a9; exactTagIdentitySha256=f58d1bd9a857f154d65aab3c94b09cbf38b842d2ccfaca6e77076aaea6946333; runtime reachability unresolved; placement and bounds unresolved; renderer suitability unresolved; machineDefinitionIndexSha256=351f6c1eb075a37062d7bd82fa5556a412a5f08ce216bc22739dcb2a6d6a85e2; Structural/static source-derived candidate only. The exported_file is the shared machine definition-index evidence, not a visual or renderer asset export. It is not an authoritative original-runtime baseline and establishes no runtime reachability, placement, asset usage, visual appearance, renderer suitability, human or owner acceptance, strict completion, or publication."
swf-definition-00200,69,,structural-text-definition-candidate,source-assets/flash/HELP MATH_ORIGINAL FILES/HELP_COURSES/ELMGR5/L4/TI/L4TI09.swf,,migrations/course-g05-l04-ti-009/audit/machine/g5-l4-pre-runtime-swf-definition-inventory.csv,351f6c1eb075a37062d7bd82fa5556a412a5f08ce216bc22739dcb2a6d6a85e2,CSV definition-index record for DefineText,,,"projection only; no asset bytes exported, transformed, redrawn, or generated",machine-extracted-structural-candidate,owner-provided SWF,"container=root; definitionDepth=0; tagOrdinal=200; payloadBytes=37; rawTagPayloadSha256=21d822d07ee3e993d55c35dc95a845d273bf12622c90129eac2dd270d9257fe8; exactTagIdentitySha256=efefde69f8e49560444eaf4e63010f251009287111bb8ed212827eeedecf3efb; runtime reachability unresolved; placement and bounds unresolved; renderer suitability unresolved; machineDefinitionIndexSha256=351f6c1eb075a37062d7bd82fa5556a412a5f08ce216bc22739dcb2a6d6a85e2; Structural/static source-derived candidate only. The exported_file is the shared machine definition-index evidence, not a visual or renderer asset export. It is not an authoritative original-runtime baseline and establishes no runtime reachability, placement, asset usage, visual appearance, renderer suitability, human or owner acceptance, strict completion, or publication."
swf-definition-00201,70,,structural-shape-definition-candidate,source-assets/flash/HELP MATH_ORIGINAL FILES/HELP_COURSES/ELMGR5/L4/TI/L4TI09.swf,,migrations/course-g05-l04-ti-009/audit/machine/g5-l4-pre-runtime-swf-definition-inventory.csv,351f6c1eb075a37062d7bd82fa5556a412a5f08ce216bc22739dcb2a6d6a85e2,CSV definition-index record for DefineShape2,,,"projection only; no asset bytes exported, transformed, redrawn, or generated",machine-extracted-structural-candidate,owner-provided SWF,"container=root; definitionDepth=0; tagOrdinal=201; payloadBytes=51; rawTagPayloadSha256=1669036caa338a5977da012ec45ca7eea8b34df34c70eae83da047dbe70b9dd6; exactTagIdentitySha256=afd251ef4e9fecfda1edb7bc20e894548435b8f65e2901ed659261d4d6e987ba; runtime reachability unresolved; placement and bounds unresolved; renderer suitability unresolved; machineDefinitionIndexSha256=351f6c1eb075a37062d7bd82fa5556a412a5f08ce216bc22739dcb2a6d6a85e2; Structural/static source-derived candidate only. The exported_file is the shared machine definition-index evidence, not a visual or renderer asset export. It is not an authoritative original-runtime baseline and establishes no runtime reachability, placement, asset usage, visual appearance, renderer suitability, human or owner acceptance, strict completion, or publication."
swf-definition-00202,71,,structural-text-definition-candidate,source-assets/flash/HELP MATH_ORIGINAL FILES/HELP_COURSES/ELMGR5/L4/TI/L4TI09.swf,,migrations/course-g05-l04-ti-009/audit/machine/g5-l4-pre-runtime-swf-definition-inventory.csv,351f6c1eb075a37062d7bd82fa5556a412a5f08ce216bc22739dcb2a6d6a85e2,CSV definition-index record for DefineText,,,"projection only; no asset bytes exported, transformed, redrawn, or generated",machine-extracted-structural-candidate,owner-provided SWF,"container=root; definitionDepth=0; tagOrdinal=202; payloadBytes=42; rawTagPayloadSha256=b18b7075dab8d71f70e907cc32fc3a102a9aa2399cc0534ab724ef0f8bf62746; exactTagIdentitySha256=4fb8a0d88a53f9863e8fd234396514ca2ccddb48fe8db94b21db79286bccbb53; runtime reachability unresolved; placement and bounds unresolved; renderer suitability unresolved; machineDefinitionIndexSha256=351f6c1eb075a37062d7bd82fa5556a412a5f08ce216bc22739dcb2a6d6a85e2; Structural/static source-derived candidate only. The exported_file is the shared machine definition-index evidence, not a visual or renderer asset export. It is not an authoritative original-runtime baseline and establishes no runtime reachability, placement, asset usage, visual appearance, renderer suitability, human or owner acceptance, strict completion, or publication."
swf-definition-00203,72,,structural-text-definition-candidate,source-assets/flash/HELP MATH_ORIGINAL FILES/HELP_COURSES/ELMGR5/L4/TI/L4TI09.swf,,migrations/course-g05-l04-ti-009/audit/machine/g5-l4-pre-runtime-swf-definition-inventory.csv,351f6c1eb075a37062d7bd82fa5556a412a5f08ce216bc22739dcb2a6d6a85e2,CSV definition-index record for DefineText,,,"projection only; no asset bytes exported, transformed, redrawn, or generated",machine-extracted-structural-candidate,owner-provided SWF,"container=root; definitionDepth=0; tagOrdinal=203; payloadBytes=27; rawTagPayloadSha256=be3f7815e41ef15192d25cf44b5390a435a1f3facbd9aef83db87ce1aebbb657; exactTagIdentitySha256=e07c403092d54be3eeecf0f37912d8a6ed9088dbcad10e7c4fe32e5b11e9ea0a; runtime reachability unresolved; placement and bounds unresolved; renderer suitability unresolved; machineDefinitionIndexSha256=351f6c1eb075a37062d7bd82fa5556a412a5f08ce216bc22739dcb2a6d6a85e2; Structural/static source-derived candidate only. The exported_file is the shared machine definition-index evidence, not a visual or renderer asset export. It is not an authoritative original-runtime baseline and establishes no runtime reachability, placement, asset usage, visual appearance, renderer suitability, human or owner acceptance, strict completion, or publication."
swf-definition-00204,73,,structural-shape-definition-candidate,source-assets/flash/HELP MATH_ORIGINAL FILES/HELP_COURSES/ELMGR5/L4/TI/L4TI09.swf,,migrations/course-g05-l04-ti-009/audit/machine/g5-l4-pre-runtime-swf-definition-inventory.csv,351f6c1eb075a37062d7bd82fa5556a412a5f08ce216bc22739dcb2a6d6a85e2,CSV definition-index record for DefineShape,,,"projection only; no asset bytes exported, transformed, redrawn, or generated",machine-extracted-structural-candidate,owner-provided SWF,"container=root; definitionDepth=0; tagOrdinal=204; payloadBytes=35; rawTagPayloadSha256=cff7e148937374e710d9fb7fd208caee2ef3780796be5d27f8f6ce523cf0fd2b; exactTagIdentitySha256=241533e21a9e314bbf8cbec9737e7c16095c7ec4f6002b968176b17314380d6f; runtime reachability unresolved; placement and bounds unresolved; renderer suitability unresolved; machineDefinitionIndexSha256=351f6c1eb075a37062d7bd82fa5556a412a5f08ce216bc22739dcb2a6d6a85e2; Structural/static source-derived candidate only. The exported_file is the shared machine definition-index evidence, not a visual or renderer asset export. It is not an authoritative original-runtime baseline and establishes no runtime reachability, placement, asset usage, visual appearance, renderer suitability, human or owner acceptance, strict completion, or publication."
swf-definition-00205,74,,structural-text-definition-candidate,source-assets/flash/HELP MATH_ORIGINAL FILES/HELP_COURSES/ELMGR5/L4/TI/L4TI09.swf,,migrations/course-g05-l04-ti-009/audit/machine/g5-l4-pre-runtime-swf-definition-inventory.csv,351f6c1eb075a37062d7bd82fa5556a412a5f08ce216bc22739dcb2a6d6a85e2,CSV definition-index record for DefineText,,,"projection only; no asset bytes exported, transformed, redrawn, or generated",machine-extracted-structural-candidate,owner-provided SWF,"container=root; definitionDepth=0; tagOrdinal=205; payloadBytes=28; rawTagPayloadSha256=c0de3fd665e90f49e0dc84135289af38e76ce81f87be2bd7deb4db89931d93ea; exactTagIdentitySha256=ba838dd097c02d2adf2d7b828c1d30b5bfcafaf333b01da2b5c6c5da507410ae; runtime reachability unresolved; placement and bounds unresolved; renderer suitability unresolved; machineDefinitionIndexSha256=351f6c1eb075a37062d7bd82fa5556a412a5f08ce216bc22739dcb2a6d6a85e2; Structural/static source-derived candidate only. The exported_file is the shared machine definition-index evidence, not a visual or renderer asset export. It is not an authoritative original-runtime baseline and establishes no runtime reachability, placement, asset usage, visual appearance, renderer suitability, human or owner acceptance, strict completion, or publication."
swf-definition-00206,75,,structural-shape-definition-candidate,source-assets/flash/HELP MATH_ORIGINAL FILES/HELP_COURSES/ELMGR5/L4/TI/L4TI09.swf,,migrations/course-g05-l04-ti-009/audit/machine/g5-l4-pre-runtime-swf-definition-inventory.csv,351f6c1eb075a37062d7bd82fa5556a412a5f08ce216bc22739dcb2a6d6a85e2,CSV definition-index record for DefineShape2,,,"projection only; no asset bytes exported, transformed, redrawn, or generated",machine-extracted-structural-candidate,owner-provided SWF,"container=root; definitionDepth=0; tagOrdinal=206; payloadBytes=51; rawTagPayloadSha256=03d1ea56108b0944bd7704565ec64c3e8ec88dc766cbc7dfae8c00f08ef2f814; exactTagIdentitySha256=0de9c475e40f25189a436d586d5be2a5ea185575c1cff8ef2714eeef6c33caa5; runtime reachability unresolved; placement and bounds unresolved; renderer suitability unresolved; machineDefinitionIndexSha256=351f6c1eb075a37062d7bd82fa5556a412a5f08ce216bc22739dcb2a6d6a85e2; Structural/static source-derived candidate only. The exported_file is the shared machine definition-index evidence, not a visual or renderer asset export. It is not an authoritative original-runtime baseline and establishes no runtime reachability, placement, asset usage, visual appearance, renderer suitability, human or owner acceptance, strict completion, or publication."
swf-definition-00207,76,,structural-text-definition-candidate,source-assets/flash/HELP MATH_ORIGINAL FILES/HELP_COURSES/ELMGR5/L4/TI/L4TI09.swf,,migrations/course-g05-l04-ti-009/audit/machine/g5-l4-pre-runtime-swf-definition-inventory.csv,351f6c1eb075a37062d7bd82fa5556a412a5f08ce216bc22739dcb2a6d6a85e2,CSV definition-index record for DefineText,,,"projection only; no asset bytes exported, transformed, redrawn, or generated",machine-extracted-structural-candidate,owner-provided SWF,"container=root; definitionDepth=0; tagOrdinal=207; payloadBytes=40; rawTagPayloadSha256=517649b9ee044dda794ad8a5ea0f75b3e087c6261d49f49e78fad66c70511c3c; exactTagIdentitySha256=cd7b2afa30caf41254fb08d648fcf1085dcca68f121e2e8fdf58a0493a942586; runtime reachability unresolved; placement and bounds unresolved; renderer suitability unresolved; machineDefinitionIndexSha256=351f6c1eb075a37062d7bd82fa5556a412a5f08ce216bc22739dcb2a6d6a85e2; Structural/static source-derived candidate only. The exported_file is the shared machine definition-index evidence, not a visual or renderer asset export. It is not an authoritative original-runtime baseline and establishes no runtime reachability, placement, asset usage, visual appearance, renderer suitability, human or owner acceptance, strict completion, or publication."
swf-definition-00208,77,,structural-text-definition-candidate,source-assets/flash/HELP MATH_ORIGINAL FILES/HELP_COURSES/ELMGR5/L4/TI/L4TI09.swf,,migrations/course-g05-l04-ti-009/audit/machine/g5-l4-pre-runtime-swf-definition-inventory.csv,351f6c1eb075a37062d7bd82fa5556a412a5f08ce216bc22739dcb2a6d6a85e2,CSV definition-index record for DefineText,,,"projection only; no asset bytes exported, transformed, redrawn, or generated",machine-extracted-structural-candidate,owner-provided SWF,"container=root; definitionDepth=0; tagOrdinal=208; payloadBytes=25; rawTagPayloadSha256=7bd7abc99f81361baf8399bde482a1d650fb6b814168979584fd3819f0aa01ce; exactTagIdentitySha256=4235bcd1535326cfdbab699eee93348115abf880465177bc34615a62e1b83c3e; runtime reachability unresolved; placement and bounds unresolved; renderer suitability unresolved; machineDefinitionIndexSha256=351f6c1eb075a37062d7bd82fa5556a412a5f08ce216bc22739dcb2a6d6a85e2; Structural/static source-derived candidate only. The exported_file is the shared machine definition-index evidence, not a visual or renderer asset export. It is not an authoritative original-runtime baseline and establishes no runtime reachability, placement, asset usage, visual appearance, renderer suitability, human or owner acceptance, strict completion, or publication."
swf-definition-00209,78,,structural-text-definition-candidate,source-assets/flash/HELP MATH_ORIGINAL FILES/HELP_COURSES/ELMGR5/L4/TI/L4TI09.swf,,migrations/course-g05-l04-ti-009/audit/machine/g5-l4-pre-runtime-swf-definition-inventory.csv,351f6c1eb075a37062d7bd82fa5556a412a5f08ce216bc22739dcb2a6d6a85e2,CSV definition-index record for DefineText,,,"projection only; no asset bytes exported, transformed, redrawn, or generated",machine-extracted-structural-candidate,owner-provided SWF,"container=root; definitionDepth=0; tagOrdinal=209; payloadBytes=28; rawTagPayloadSha256=31934eb8ef3ff97241f04d4662f23fce280dc23bfdd4da103b824112f366cc46; exactTagIdentitySha256=6b2c494c606c96d8f3f344e11a9039a10ba6067a9d87a532755b45f5fc5bcbe6; runtime reachability unresolved; placement and bounds unresolved; renderer suitability unresolved; machineDefinitionIndexSha256=351f6c1eb075a37062d7bd82fa5556a412a5f08ce216bc22739dcb2a6d6a85e2; Structural/static source-derived candidate only. The exported_file is the shared machine definition-index evidence, not a visual or renderer asset export. It is not an authoritative original-runtime baseline and establishes no runtime reachability, placement, asset usage, visual appearance, renderer suitability, human or owner acceptance, strict completion, or publication."
swf-definition-00210,79,,structural-shape-definition-candidate,source-assets/flash/HELP MATH_ORIGINAL FILES/HELP_COURSES/ELMGR5/L4/TI/L4TI09.swf,,migrations/course-g05-l04-ti-009/audit/machine/g5-l4-pre-runtime-swf-definition-inventory.csv,351f6c1eb075a37062d7bd82fa5556a412a5f08ce216bc22739dcb2a6d6a85e2,CSV definition-index record for DefineShape,,,"projection only; no asset bytes exported, transformed, redrawn, or generated",machine-extracted-structural-candidate,owner-provided SWF,"container=root; definitionDepth=0; tagOrdinal=210; payloadBytes=35; rawTagPayloadSha256=0ba3fc0ba97a5b406727aa4ceb6db168b08c5c097eae80a2c322664286f7039d; exactTagIdentitySha256=f8f6860ed0abc70171e0f08b1b3cee0ad0622db775f782caaf5cce6a4eb16938; runtime reachability unresolved; placement and bounds unresolved; renderer suitability unresolved; machineDefinitionIndexSha256=351f6c1eb075a37062d7bd82fa5556a412a5f08ce216bc22739dcb2a6d6a85e2; Structural/static source-derived candidate only. The exported_file is the shared machine definition-index evidence, not a visual or renderer asset export. It is not an authoritative original-runtime baseline and establishes no runtime reachability, placement, asset usage, visual appearance, renderer suitability, human or owner acceptance, strict completion, or publication."
swf-definition-00211,80,,structural-shape-definition-candidate,source-assets/flash/HELP MATH_ORIGINAL FILES/HELP_COURSES/ELMGR5/L4/TI/L4TI09.swf,,migrations/course-g05-l04-ti-009/audit/machine/g5-l4-pre-runtime-swf-definition-inventory.csv,351f6c1eb075a37062d7bd82fa5556a412a5f08ce216bc22739dcb2a6d6a85e2,CSV definition-index record for DefineShape2,,,"projection only; no asset bytes exported, transformed, redrawn, or generated",machine-extracted-structural-candidate,owner-provided SWF,"container=root; definitionDepth=0; tagOrdinal=211; payloadBytes=280; rawTagPayloadSha256=c4aff5e51dade977dad72a49f9a53ca82b88d92d02c715b2696d162955292019; exactTagIdentitySha256=501eaf319e35dfd24c39b723c49935c50dee8751982cd41ed951542c5435c2e5; runtime reachability unresolved; placement and bounds unresolved; renderer suitability unresolved; machineDefinitionIndexSha256=351f6c1eb075a37062d7bd82fa5556a412a5f08ce216bc22739dcb2a6d6a85e2; Structural/static source-derived candidate only. The exported_file is the shared machine definition-index evidence, not a visual or renderer asset export. It is not an authoritative original-runtime baseline and establishes no runtime reachability, placement, asset usage, visual appearance, renderer suitability, human or owner acceptance, strict completion, or publication."
swf-definition-00212,81,,structural-text-definition-candidate,source-assets/flash/HELP MATH_ORIGINAL FILES/HELP_COURSES/ELMGR5/L4/TI/L4TI09.swf,,migrations/course-g05-l04-ti-009/audit/machine/g5-l4-pre-runtime-swf-definition-inventory.csv,351f6c1eb075a37062d7bd82fa5556a412a5f08ce216bc22739dcb2a6d6a85e2,CSV definition-index record for DefineText,,,"projection only; no asset bytes exported, transformed, redrawn, or generated",machine-extracted-structural-candidate,owner-provided SWF,"container=root; definitionDepth=0; tagOrdinal=212; payloadBytes=25; rawTagPayloadSha256=2d5ac8bbb2e895ec8f4aa27a83adf59148faf33df341311616ed9deb19993cee; exactTagIdentitySha256=c252da639ea65ea5ae87750da383b26769c099048bdf80b5c925365736fff62a; runtime reachability unresolved; placement and bounds unresolved; renderer suitability unresolved; machineDefinitionIndexSha256=351f6c1eb075a37062d7bd82fa5556a412a5f08ce216bc22739dcb2a6d6a85e2; Structural/static source-derived candidate only. The exported_file is the shared machine definition-index evidence, not a visual or renderer asset export. It is not an authoritative original-runtime baseline and establishes no runtime reachability, placement, asset usage, visual appearance, renderer suitability, human or owner acceptance, strict completion, or publication."
swf-definition-00213,82,,structural-text-definition-candidate,source-assets/flash/HELP MATH_ORIGINAL FILES/HELP_COURSES/ELMGR5/L4/TI/L4TI09.swf,,migrations/course-g05-l04-ti-009/audit/machine/g5-l4-pre-runtime-swf-definition-inventory.csv,351f6c1eb075a37062d7bd82fa5556a412a5f08ce216bc22739dcb2a6d6a85e2,CSV definition-index record for DefineText,,,"projection only; no asset bytes exported, transformed, redrawn, or generated",machine-extracted-structural-candidate,owner-provided SWF,"container=root; definitionDepth=0; tagOrdinal=213; payloadBytes=25; rawTagPayloadSha256=a0da475ce32e971e35378f4eecc4a7ba7c20abc767b4cb312ec272ae1266e51e; exactTagIdentitySha256=551f8ddd1090c11e27fee1e15c2dd321267c281a3c1ae300c1f0ac4f5d4603aa; runtime reachability unresolved; placement and bounds unresolved; renderer suitability unresolved; machineDefinitionIndexSha256=351f6c1eb075a37062d7bd82fa5556a412a5f08ce216bc22739dcb2a6d6a85e2; Structural/static source-derived candidate only. The exported_file is the shared machine definition-index evidence, not a visual or renderer asset export. It is not an authoritative original-runtime baseline and establishes no runtime reachability, placement, asset usage, visual appearance, renderer suitability, human or owner acceptance, strict completion, or publication."
swf-definition-00214,83,,structural-text-definition-candidate,source-assets/flash/HELP MATH_ORIGINAL FILES/HELP_COURSES/ELMGR5/L4/TI/L4TI09.swf,,migrations/course-g05-l04-ti-009/audit/machine/g5-l4-pre-runtime-swf-definition-inventory.csv,351f6c1eb075a37062d7bd82fa5556a412a5f08ce216bc22739dcb2a6d6a85e2,CSV definition-index record for DefineText,,,"projection only; no asset bytes exported, transformed, redrawn, or generated",machine-extracted-structural-candidate,owner-provided SWF,"container=root; definitionDepth=0; tagOrdinal=214; payloadBytes=33; rawTagPayloadSha256=496a91b66bf7d43004c12823523e60bc214e55e618d329c504e6f600497f04a3; exactTagIdentitySha256=fbe7bee344a9dca70045d15fc99fc2f41170c240c4aeb18fc99e49369223a0d0; runtime reachability unresolved; placement and bounds unresolved; renderer suitability unresolved; machineDefinitionIndexSha256=351f6c1eb075a37062d7bd82fa5556a412a5f08ce216bc22739dcb2a6d6a85e2; Structural/static source-derived candidate only. The exported_file is the shared machine definition-index evidence, not a visual or renderer asset export. It is not an authoritative original-runtime baseline and establishes no runtime reachability, placement, asset usage, visual appearance, renderer suitability, human or owner acceptance, strict completion, or publication."
swf-definition-00215,84,,structural-text-definition-candidate,source-assets/flash/HELP MATH_ORIGINAL FILES/HELP_COURSES/ELMGR5/L4/TI/L4TI09.swf,,migrations/course-g05-l04-ti-009/audit/machine/g5-l4-pre-runtime-swf-definition-inventory.csv,351f6c1eb075a37062d7bd82fa5556a412a5f08ce216bc22739dcb2a6d6a85e2,CSV definition-index record for DefineText,,,"projection only; no asset bytes exported, transformed, redrawn, or generated",machine-extracted-structural-candidate,owner-provided SWF,"container=root; definitionDepth=0; tagOrdinal=215; payloadBytes=31; rawTagPayloadSha256=e447630449951b14eba193167060c6a4e26b310075f22b064a6c9f1043c1c3ad; exactTagIdentitySha256=6c6f180b117d6ea9cf761fbdc439e2680745a1b8479558f06e7bf797dcee26c9; runtime reachability unresolved; placement and bounds unresolved; renderer suitability unresolved; machineDefinitionIndexSha256=351f6c1eb075a37062d7bd82fa5556a412a5f08ce216bc22739dcb2a6d6a85e2; Structural/static source-derived candidate only. The exported_file is the shared machine definition-index evidence, not a visual or renderer asset export. It is not an authoritative original-runtime baseline and establishes no runtime reachability, placement, asset usage, visual appearance, renderer suitability, human or owner acceptance, strict completion, or publication."
swf-definition-00216,85,,structural-shape-definition-candidate,source-assets/flash/HELP MATH_ORIGINAL FILES/HELP_COURSES/ELMGR5/L4/TI/L4TI09.swf,,migrations/course-g05-l04-ti-009/audit/machine/g5-l4-pre-runtime-swf-definition-inventory.csv,351f6c1eb075a37062d7bd82fa5556a412a5f08ce216bc22739dcb2a6d6a85e2,CSV definition-index record for DefineShape2,,,"projection only; no asset bytes exported, transformed, redrawn, or generated",machine-extracted-structural-candidate,owner-provided SWF,"container=root; definitionDepth=0; tagOrdinal=216; payloadBytes=145; rawTagPayloadSha256=179e00ff87cd4c61e4cdb01bf6e51abe3d2e0abc25ac5f9e6456b3262fdc24b7; exactTagIdentitySha256=522926cb3a613c249b903fe96b1b1f32dd11253c48650020b3f34fc204da55ee; runtime reachability unresolved; placement and bounds unresolved; renderer suitability unresolved; machineDefinitionIndexSha256=351f6c1eb075a37062d7bd82fa5556a412a5f08ce216bc22739dcb2a6d6a85e2; Structural/static source-derived candidate only. The exported_file is the shared machine definition-index evidence, not a visual or renderer asset export. It is not an authoritative original-runtime baseline and establishes no runtime reachability, placement, asset usage, visual appearance, renderer suitability, human or owner acceptance, strict completion, or publication."
swf-definition-00217,86,,structural-text-definition-candidate,source-assets/flash/HELP MATH_ORIGINAL FILES/HELP_COURSES/ELMGR5/L4/TI/L4TI09.swf,,migrations/course-g05-l04-ti-009/audit/machine/g5-l4-pre-runtime-swf-definition-inventory.csv,351f6c1eb075a37062d7bd82fa5556a412a5f08ce216bc22739dcb2a6d6a85e2,CSV definition-index record for DefineText,,,"projection only; no asset bytes exported, transformed, redrawn, or generated",machine-extracted-structural-candidate,owner-provided SWF,"container=root; definitionDepth=0; tagOrdinal=217; payloadBytes=29; rawTagPayloadSha256=d4df4994231c4c58186a1556c46272a101c4d5bcc80b99531ff0f7b3b1d72786; exactTagIdentitySha256=914950461c703cc85d939fb8bbedd026711efe740a19997f4ceb815be4f7e931; runtime reachability unresolved; placement and bounds unresolved; renderer suitability unresolved; machineDefinitionIndexSha256=351f6c1eb075a37062d7bd82fa5556a412a5f08ce216bc22739dcb2a6d6a85e2; Structural/static source-derived candidate only. The exported_file is the shared machine definition-index evidence, not a visual or renderer asset export. It is not an authoritative original-runtime baseline and establishes no runtime reachability, placement, asset usage, visual appearance, renderer suitability, human or owner acceptance, strict completion, or publication."
swf-definition-00218,87,,structural-text-definition-candidate,source-assets/flash/HELP MATH_ORIGINAL FILES/HELP_COURSES/ELMGR5/L4/TI/L4TI09.swf,,migrations/course-g05-l04-ti-009/audit/machine/g5-l4-pre-runtime-swf-definition-inventory.csv,351f6c1eb075a37062d7bd82fa5556a412a5f08ce216bc22739dcb2a6d6a85e2,CSV definition-index record for DefineText,,,"projection only; no asset bytes exported, transformed, redrawn, or generated",machine-extracted-structural-candidate,owner-provided SWF,"container=root; definitionDepth=0; tagOrdinal=218; payloadBytes=97; rawTagPayloadSha256=1b85eabac9e5a3f56684bebde0ec79aff920b9ef1386f4aaa2b387504c258c3a; exactTagIdentitySha256=a70cc02febef2dfc6a7a65e20de81b48989406388cad798f64f48006ac28ecc8; runtime reachability unresolved; placement and bounds unresolved; renderer suitability unresolved; machineDefinitionIndexSha256=351f6c1eb075a37062d7bd82fa5556a412a5f08ce216bc22739dcb2a6d6a85e2; Structural/static source-derived candidate only. The exported_file is the shared machine definition-index evidence, not a visual or renderer asset export. It is not an authoritative original-runtime baseline and establishes no runtime reachability, placement, asset usage, visual appearance, renderer suitability, human or owner acceptance, strict completion, or publication."
swf-definition-00219,88,,structural-shape-definition-candidate,source-assets/flash/HELP MATH_ORIGINAL FILES/HELP_COURSES/ELMGR5/L4/TI/L4TI09.swf,,migrations/course-g05-l04-ti-009/audit/machine/g5-l4-pre-runtime-swf-definition-inventory.csv,351f6c1eb075a37062d7bd82fa5556a412a5f08ce216bc22739dcb2a6d6a85e2,CSV definition-index record for DefineShape2,,,"projection only; no asset bytes exported, transformed, redrawn, or generated",machine-extracted-structural-candidate,owner-provided SWF,"container=root; definitionDepth=0; tagOrdinal=219; payloadBytes=280; rawTagPayloadSha256=e41dee0ed8c6b5b4f6eedeaa5fe112bd0741ca84d66bef447526789b06e8bb69; exactTagIdentitySha256=aa90de5126c7a04e549d7cc2bd8013bd8767a411d3638b173edf9f10cf234228; runtime reachability unresolved; placement and bounds unresolved; renderer suitability unresolved; machineDefinitionIndexSha256=351f6c1eb075a37062d7bd82fa5556a412a5f08ce216bc22739dcb2a6d6a85e2; Structural/static source-derived candidate only. The exported_file is the shared machine definition-index evidence, not a visual or renderer asset export. It is not an authoritative original-runtime baseline and establishes no runtime reachability, placement, asset usage, visual appearance, renderer suitability, human or owner acceptance, strict completion, or publication."
swf-definition-00220,89,,structural-shape-definition-candidate,source-assets/flash/HELP MATH_ORIGINAL FILES/HELP_COURSES/ELMGR5/L4/TI/L4TI09.swf,,migrations/course-g05-l04-ti-009/audit/machine/g5-l4-pre-runtime-swf-definition-inventory.csv,351f6c1eb075a37062d7bd82fa5556a412a5f08ce216bc22739dcb2a6d6a85e2,CSV definition-index record for DefineShape2,,,"projection only; no asset bytes exported, transformed, redrawn, or generated",machine-extracted-structural-candidate,owner-provided SWF,"container=root; definitionDepth=0; tagOrdinal=220; payloadBytes=145; rawTagPayloadSha256=2390770b2e28082f232c2833b84cb9c082f0057f25b87a8802c7204bd5fc6252; exactTagIdentitySha256=5e5418a56128bc05d89d8f9f40236b49461ade0951f18fcf4ae6965e2c44fd68; runtime reachability unresolved; placement and bounds unresolved; renderer suitability unresolved; machineDefinitionIndexSha256=351f6c1eb075a37062d7bd82fa5556a412a5f08ce216bc22739dcb2a6d6a85e2; Structural/static source-derived candidate only. The exported_file is the shared machine definition-index evidence, not a visual or renderer asset export. It is not an authoritative original-runtime baseline and establishes no runtime reachability, placement, asset usage, visual appearance, renderer suitability, human or owner acceptance, strict completion, or publication."
swf-definition-00221,90,,structural-shape-definition-candidate,source-assets/flash/HELP MATH_ORIGINAL FILES/HELP_COURSES/ELMGR5/L4/TI/L4TI09.swf,,migrations/course-g05-l04-ti-009/audit/machine/g5-l4-pre-runtime-swf-definition-inventory.csv,351f6c1eb075a37062d7bd82fa5556a412a5f08ce216bc22739dcb2a6d6a85e2,CSV definition-index record for DefineShape3,,,"projection only; no asset bytes exported, transformed, redrawn, or generated",machine-extracted-structural-candidate,owner-provided SWF,"container=root; definitionDepth=0; tagOrdinal=221; payloadBytes=31; rawTagPayloadSha256=65424cde88374029ae1f4c21958b876c47513d9602b82217b8e0c99bd1e92665; exactTagIdentitySha256=ba4b93af320f26eec9be5a2e91a7b20616249ff56638e87bc097e7efcec86d21; runtime reachability unresolved; placement and bounds unresolved; renderer suitability unresolved; machineDefinitionIndexSha256=351f6c1eb075a37062d7bd82fa5556a412a5f08ce216bc22739dcb2a6d6a85e2; Structural/static source-derived candidate only. The exported_file is the shared machine definition-index evidence, not a visual or renderer asset export. It is not an authoritative original-runtime baseline and establishes no runtime reachability, placement, asset usage, visual appearance, renderer suitability, human or owner acceptance, strict completion, or publication."
swf-definition-00222,91,,structural-sprite-definition-candidate,source-assets/flash/HELP MATH_ORIGINAL FILES/HELP_COURSES/ELMGR5/L4/TI/L4TI09.swf,,migrations/course-g05-l04-ti-009/audit/machine/g5-l4-pre-runtime-swf-definition-inventory.csv,351f6c1eb075a37062d7bd82fa5556a412a5f08ce216bc22739dcb2a6d6a85e2,CSV definition-index record for DefineSprite,,,"projection only; no asset bytes exported, transformed, redrawn, or generated",machine-extracted-structural-candidate,owner-provided SWF,"container=root; definitionDepth=0; tagOrdinal=222; payloadBytes=27; rawTagPayloadSha256=88a9d3649cb1238be8e9a1e78ba2f552775b2c0ae8dff2d5ace492a672fc7cdd; exactTagIdentitySha256=312f1ac4fbc6888279365881187fe99e6973a98bdc7101cea85376a75346f726; declaredFrameCount=1; runtime reachability unresolved; placement and bounds unresolved; renderer suitability unresolved; machineDefinitionIndexSha256=351f6c1eb075a37062d7bd82fa5556a412a5f08ce216bc22739dcb2a6d6a85e2; Structural/static source-derived candidate only. The exported_file is the shared machine definition-index evidence, not a visual or renderer asset export. It is not an authoritative original-runtime baseline and establishes no runtime reachability, placement, asset usage, visual appearance, renderer suitability, human or owner acceptance, strict completion, or publication."
swf-definition-00227,92,,structural-sprite-definition-candidate,source-assets/flash/HELP MATH_ORIGINAL FILES/HELP_COURSES/ELMGR5/L4/TI/L4TI09.swf,,migrations/course-g05-l04-ti-009/audit/machine/g5-l4-pre-runtime-swf-definition-inventory.csv,351f6c1eb075a37062d7bd82fa5556a412a5f08ce216bc22739dcb2a6d6a85e2,CSV definition-index record for DefineSprite,,,"projection only; no asset bytes exported, transformed, redrawn, or generated",machine-extracted-structural-candidate,owner-provided SWF,"container=root; definitionDepth=0; tagOrdinal=227; payloadBytes=27; rawTagPayloadSha256=77d152f81c0de3ef03b5c2e06bd1eda75aaceae8bd3dd3065cb0c983f58544da; exactTagIdentitySha256=7d2b8cd103534285ef7959fd983e2a0ceb6f2e41b4a75d20553930e0c213cdfa; declaredFrameCount=1; runtime reachability unresolved; placement and bounds unresolved; renderer suitability unresolved; machineDefinitionIndexSha256=351f6c1eb075a37062d7bd82fa5556a412a5f08ce216bc22739dcb2a6d6a85e2; Structural/static source-derived candidate only. The exported_file is the shared machine definition-index evidence, not a visual or renderer asset export. It is not an authoritative original-runtime baseline and establishes no runtime reachability, placement, asset usage, visual appearance, renderer suitability, human or owner acceptance, strict completion, or publication."
swf-definition-00232,93,,structural-shape-definition-candidate,source-assets/flash/HELP MATH_ORIGINAL FILES/HELP_COURSES/ELMGR5/L4/TI/L4TI09.swf,,migrations/course-g05-l04-ti-009/audit/machine/g5-l4-pre-runtime-swf-definition-inventory.csv,351f6c1eb075a37062d7bd82fa5556a412a5f08ce216bc22739dcb2a6d6a85e2,CSV definition-index record for DefineShape3,,,"projection only; no asset bytes exported, transformed, redrawn, or generated",machine-extracted-structural-candidate,owner-provided SWF,"container=root; definitionDepth=0; tagOrdinal=232; payloadBytes=48; rawTagPayloadSha256=624dae868037772a09daa0113c1e8eb8ce4ed26079625e2ff3f5d2936c18747e; exactTagIdentitySha256=f999a735c24f526672dba98be875b745c32a3aae97e07f5d5059be4efef3ca57; runtime reachability unresolved; placement and bounds unresolved; renderer suitability unresolved; machineDefinitionIndexSha256=351f6c1eb075a37062d7bd82fa5556a412a5f08ce216bc22739dcb2a6d6a85e2; Structural/static source-derived candidate only. The exported_file is the shared machine definition-index evidence, not a visual or renderer asset export. It is not an authoritative original-runtime baseline and establishes no runtime reachability, placement, asset usage, visual appearance, renderer suitability, human or owner acceptance, strict completion, or publication."
swf-definition-00233,94,,structural-sprite-definition-candidate,source-assets/flash/HELP MATH_ORIGINAL FILES/HELP_COURSES/ELMGR5/L4/TI/L4TI09.swf,,migrations/course-g05-l04-ti-009/audit/machine/g5-l4-pre-runtime-swf-definition-inventory.csv,351f6c1eb075a37062d7bd82fa5556a412a5f08ce216bc22739dcb2a6d6a85e2,CSV definition-index record for DefineSprite,,,"projection only; no asset bytes exported, transformed, redrawn, or generated",machine-extracted-structural-candidate,owner-provided SWF,"container=root; definitionDepth=0; tagOrdinal=233; payloadBytes=27; rawTagPayloadSha256=61e16b96cae94e932f9bb5d6849e0679f56de51356a9886b9a519a5371bdf725; exactTagIdentitySha256=a9dc75748517d6161c42552a7e5a0e5fb26879f615fe05044f1634ac06f47a47; declaredFrameCount=1; runtime reachability unresolved; placement and bounds unresolved; renderer suitability unresolved; machineDefinitionIndexSha256=351f6c1eb075a37062d7bd82fa5556a412a5f08ce216bc22739dcb2a6d6a85e2; Structural/static source-derived candidate only. The exported_file is the shared machine definition-index evidence, not a visual or renderer asset export. It is not an authoritative original-runtime baseline and establishes no runtime reachability, placement, asset usage, visual appearance, renderer suitability, human or owner acceptance, strict completion, or publication."
swf-definition-00238,95,,structural-sprite-definition-candidate,source-assets/flash/HELP MATH_ORIGINAL FILES/HELP_COURSES/ELMGR5/L4/TI/L4TI09.swf,,migrations/course-g05-l04-ti-009/audit/machine/g5-l4-pre-runtime-swf-definition-inventory.csv,351f6c1eb075a37062d7bd82fa5556a412a5f08ce216bc22739dcb2a6d6a85e2,CSV definition-index record for DefineSprite,,,"projection only; no asset bytes exported, transformed, redrawn, or generated",machine-extracted-structural-candidate,owner-provided SWF,"container=root; definitionDepth=0; tagOrdinal=238; payloadBytes=27; rawTagPayloadSha256=953a1b9325b2f68f4c17fe9ee4a8deafd655084b384e2925892abe43524839b1; exactTagIdentitySha256=3e587584c914243ffc387ed8c3132126f97c1634503cc70d0d862abaeea65f6c; declaredFrameCount=1; runtime reachability unresolved; placement and bounds unresolved; renderer suitability unresolved; machineDefinitionIndexSha256=351f6c1eb075a37062d7bd82fa5556a412a5f08ce216bc22739dcb2a6d6a85e2; Structural/static source-derived candidate only. The exported_file is the shared machine definition-index evidence, not a visual or renderer asset export. It is not an authoritative original-runtime baseline and establishes no runtime reachability, placement, asset usage, visual appearance, renderer suitability, human or owner acceptance, strict completion, or publication."
swf-definition-00243,96,,structural-shape-definition-candidate,source-assets/flash/HELP MATH_ORIGINAL FILES/HELP_COURSES/ELMGR5/L4/TI/L4TI09.swf,,migrations/course-g05-l04-ti-009/audit/machine/g5-l4-pre-runtime-swf-definition-inventory.csv,351f6c1eb075a37062d7bd82fa5556a412a5f08ce216bc22739dcb2a6d6a85e2,CSV definition-index record for DefineShape3,,,"projection only; no asset bytes exported, transformed, redrawn, or generated",machine-extracted-structural-candidate,owner-provided SWF,"container=root; definitionDepth=0; tagOrdinal=243; payloadBytes=48; rawTagPayloadSha256=d01680e49b584216ebf6ad2e988f1828343079addddfa3ae1ee9fc670aa80a5f; exactTagIdentitySha256=be33f22d43391e2c91ae8a1615359f92986f8f076f8cf3584b6c3467e227b666; runtime reachability unresolved; placement and bounds unresolved; renderer suitability unresolved; machineDefinitionIndexSha256=351f6c1eb075a37062d7bd82fa5556a412a5f08ce216bc22739dcb2a6d6a85e2; Structural/static source-derived candidate only. The exported_file is the shared machine definition-index evidence, not a visual or renderer asset export. It is not an authoritative original-runtime baseline and establishes no runtime reachability, placement, asset usage, visual appearance, renderer suitability, human or owner acceptance, strict completion, or publication."
swf-definition-00244,97,,structural-sprite-definition-candidate,source-assets/flash/HELP MATH_ORIGINAL FILES/HELP_COURSES/ELMGR5/L4/TI/L4TI09.swf,,migrations/course-g05-l04-ti-009/audit/machine/g5-l4-pre-runtime-swf-definition-inventory.csv,351f6c1eb075a37062d7bd82fa5556a412a5f08ce216bc22739dcb2a6d6a85e2,CSV definition-index record for DefineSprite,,,"projection only; no asset bytes exported, transformed, redrawn, or generated",machine-extracted-structural-candidate,owner-provided SWF,"container=root; definitionDepth=0; tagOrdinal=244; payloadBytes=38; rawTagPayloadSha256=461430bea6cc8ff2ead977e6b059fb826d6b6ff6d582c7554c0fc970d9a551e2; exactTagIdentitySha256=017b69446267822f3e0f4dcab286a09fab75cbcbffc356a072523927731aa7be; declaredFrameCount=1; runtime reachability unresolved; placement and bounds unresolved; renderer suitability unresolved; machineDefinitionIndexSha256=351f6c1eb075a37062d7bd82fa5556a412a5f08ce216bc22739dcb2a6d6a85e2; Structural/static source-derived candidate only. The exported_file is the shared machine definition-index evidence, not a visual or renderer asset export. It is not an authoritative original-runtime baseline and establishes no runtime reachability, placement, asset usage, visual appearance, renderer suitability, human or owner acceptance, strict completion, or publication."
swf-definition-00250,98,,structural-shape-definition-candidate,source-assets/flash/HELP MATH_ORIGINAL FILES/HELP_COURSES/ELMGR5/L4/TI/L4TI09.swf,,migrations/course-g05-l04-ti-009/audit/machine/g5-l4-pre-runtime-swf-definition-inventory.csv,351f6c1eb075a37062d7bd82fa5556a412a5f08ce216bc22739dcb2a6d6a85e2,CSV definition-index record for DefineShape3,,,"projection only; no asset bytes exported, transformed, redrawn, or generated",machine-extracted-structural-candidate,owner-provided SWF,"container=root; definitionDepth=0; tagOrdinal=250; payloadBytes=48; rawTagPayloadSha256=63a625059047ecdc2ebd6e0c59d6f96ef161c905d2a534af1133519e5a2abbdc; exactTagIdentitySha256=4254ba07924a123e77924f6b0a4881e63d1eab31babc4002f470e427104c67c2; runtime reachability unresolved; placement and bounds unresolved; renderer suitability unresolved; machineDefinitionIndexSha256=351f6c1eb075a37062d7bd82fa5556a412a5f08ce216bc22739dcb2a6d6a85e2; Structural/static source-derived candidate only. The exported_file is the shared machine definition-index evidence, not a visual or renderer asset export. It is not an authoritative original-runtime baseline and establishes no runtime reachability, placement, asset usage, visual appearance, renderer suitability, human or owner acceptance, strict completion, or publication."
swf-definition-00251,99,,structural-sprite-definition-candidate,source-assets/flash/HELP MATH_ORIGINAL FILES/HELP_COURSES/ELMGR5/L4/TI/L4TI09.swf,,migrations/course-g05-l04-ti-009/audit/machine/g5-l4-pre-runtime-swf-definition-inventory.csv,351f6c1eb075a37062d7bd82fa5556a412a5f08ce216bc22739dcb2a6d6a85e2,CSV definition-index record for DefineSprite,,,"projection only; no asset bytes exported, transformed, redrawn, or generated",machine-extracted-structural-candidate,owner-provided SWF,"container=root; definitionDepth=0; tagOrdinal=251; payloadBytes=38; rawTagPayloadSha256=afcaf3c29193d52c9a638e1a3d07a447501805126cc5d8d954c41633bdfa90d1; exactTagIdentitySha256=051f6f68166658d3af100809201095fea6edc89b10a9e70c4ef0ac4282054068; declaredFrameCount=1; runtime reachability unresolved; placement and bounds unresolved; renderer suitability unresolved; machineDefinitionIndexSha256=351f6c1eb075a37062d7bd82fa5556a412a5f08ce216bc22739dcb2a6d6a85e2; Structural/static source-derived candidate only. The exported_file is the shared machine definition-index evidence, not a visual or renderer asset export. It is not an authoritative original-runtime baseline and establishes no runtime reachability, placement, asset usage, visual appearance, renderer suitability, human or owner acceptance, strict completion, or publication."
swf-definition-00257,100,,structural-shape-definition-candidate,source-assets/flash/HELP MATH_ORIGINAL FILES/HELP_COURSES/ELMGR5/L4/TI/L4TI09.swf,,migrations/course-g05-l04-ti-009/audit/machine/g5-l4-pre-runtime-swf-definition-inventory.csv,351f6c1eb075a37062d7bd82fa5556a412a5f08ce216bc22739dcb2a6d6a85e2,CSV definition-index record for DefineShape2,,,"projection only; no asset bytes exported, transformed, redrawn, or generated",machine-extracted-structural-candidate,owner-provided SWF,"container=root; definitionDepth=0; tagOrdinal=257; payloadBytes=60; rawTagPayloadSha256=fcbe306225a7db74cc3096e4ecff4c8d86231680d811f07d38896817f90e6ed5; exactTagIdentitySha256=d9d88a135ea26aa9be9c7cca64ebed33429598ba54b94649dd9e07337655c35d; runtime reachability unresolved; placement and bounds unresolved; renderer suitability unresolved; machineDefinitionIndexSha256=351f6c1eb075a37062d7bd82fa5556a412a5f08ce216bc22739dcb2a6d6a85e2; Structural/static source-derived candidate only. The exported_file is the shared machine definition-index evidence, not a visual or renderer asset export. It is not an authoritative original-runtime baseline and establishes no runtime reachability, placement, asset usage, visual appearance, renderer suitability, human or owner acceptance, strict completion, or publication."
swf-definition-00258,101,,structural-shape-definition-candidate,source-assets/flash/HELP MATH_ORIGINAL FILES/HELP_COURSES/ELMGR5/L4/TI/L4TI09.swf,,migrations/course-g05-l04-ti-009/audit/machine/g5-l4-pre-runtime-swf-definition-inventory.csv,351f6c1eb075a37062d7bd82fa5556a412a5f08ce216bc22739dcb2a6d6a85e2,CSV definition-index record for DefineShape3,,,"projection only; no asset bytes exported, transformed, redrawn, or generated",machine-extracted-structural-candidate,owner-provided SWF,"container=root; definitionDepth=0; tagOrdinal=258; payloadBytes=31; rawTagPayloadSha256=6f86460cc45e36cce3727e5c30fb88abf281d3340e40bca2aff45c7dbd7c76ab; exactTagIdentitySha256=3b9cfa92480ebb180b3ecc3f1262f8b5ba8043e36814c3d90d917cc436df4d13; runtime reachability unresolved; placement and bounds unresolved; renderer suitability unresolved; machineDefinitionIndexSha256=351f6c1eb075a37062d7bd82fa5556a412a5f08ce216bc22739dcb2a6d6a85e2; Structural/static source-derived candidate only. The exported_file is the shared machine definition-index evidence, not a visual or renderer asset export. It is not an authoritative original-runtime baseline and establishes no runtime reachability, placement, asset usage, visual appearance, renderer suitability, human or owner acceptance, strict completion, or publication."
swf-definition-00259,102,,structural-sprite-definition-candidate,source-assets/flash/HELP MATH_ORIGINAL FILES/HELP_COURSES/ELMGR5/L4/TI/L4TI09.swf,,migrations/course-g05-l04-ti-009/audit/machine/g5-l4-pre-runtime-swf-definition-inventory.csv,351f6c1eb075a37062d7bd82fa5556a412a5f08ce216bc22739dcb2a6d6a85e2,CSV definition-index record for DefineSprite,,,"projection only; no asset bytes exported, transformed, redrawn, or generated",machine-extracted-structural-candidate,owner-provided SWF,"container=root; definitionDepth=0; tagOrdinal=259; payloadBytes=27; rawTagPayloadSha256=cecb5813cb76529b03a382a44151acbc2a93cdabef18ff6777b62536fea57159; exactTagIdentitySha256=bde1603d2290e0cbde5cd4c7f364638ad8362371d895b25c9c33d0c57c46b264; declaredFrameCount=1; runtime reachability unresolved; placement and bounds unresolved; renderer suitability unresolved; machineDefinitionIndexSha256=351f6c1eb075a37062d7bd82fa5556a412a5f08ce216bc22739dcb2a6d6a85e2; Structural/static source-derived candidate only. The exported_file is the shared machine definition-index evidence, not a visual or renderer asset export. It is not an authoritative original-runtime baseline and establishes no runtime reachability, placement, asset usage, visual appearance, renderer suitability, human or owner acceptance, strict completion, or publication."
swf-definition-00264,103,,structural-sprite-definition-candidate,source-assets/flash/HELP MATH_ORIGINAL FILES/HELP_COURSES/ELMGR5/L4/TI/L4TI09.swf,,migrations/course-g05-l04-ti-009/audit/machine/g5-l4-pre-runtime-swf-definition-inventory.csv,351f6c1eb075a37062d7bd82fa5556a412a5f08ce216bc22739dcb2a6d6a85e2,CSV definition-index record for DefineSprite,,,"projection only; no asset bytes exported, transformed, redrawn, or generated",machine-extracted-structural-candidate,owner-provided SWF,"container=root; definitionDepth=0; tagOrdinal=264; payloadBytes=27; rawTagPayloadSha256=c8e1ea6b07f5e66114c073a525b7b2933658dd01ccff6f7bc73c27f8a73034d0; exactTagIdentitySha256=bbc4d731f1425abfac49648d271970e5993dc76de558a1083a60f378ab8edb83; declaredFrameCount=1; runtime reachability unresolved; placement and bounds unresolved; renderer suitability unresolved; machineDefinitionIndexSha256=351f6c1eb075a37062d7bd82fa5556a412a5f08ce216bc22739dcb2a6d6a85e2; Structural/static source-derived candidate only. The exported_file is the shared machine definition-index evidence, not a visual or renderer asset export. It is not an authoritative original-runtime baseline and establishes no runtime reachability, placement, asset usage, visual appearance, renderer suitability, human or owner acceptance, strict completion, or publication."
swf-definition-00269,104,,structural-sprite-definition-candidate,source-assets/flash/HELP MATH_ORIGINAL FILES/HELP_COURSES/ELMGR5/L4/TI/L4TI09.swf,,migrations/course-g05-l04-ti-009/audit/machine/g5-l4-pre-runtime-swf-definition-inventory.csv,351f6c1eb075a37062d7bd82fa5556a412a5f08ce216bc22739dcb2a6d6a85e2,CSV definition-index record for DefineSprite,,,"projection only; no asset bytes exported, transformed, redrawn, or generated",machine-extracted-structural-candidate,owner-provided SWF,"container=root; definitionDepth=0; tagOrdinal=269; payloadBytes=38; rawTagPayloadSha256=09a61c025b3cb3b7d42feeb81a726889edf8cbf5fd01fcfe6679ac0db53a5fdc; exactTagIdentitySha256=3ae869e08df3860a9d12b6e8c8295758c608329615dfb11fdd32401d1ab2e8bb; declaredFrameCount=1; runtime reachability unresolved; placement and bounds unresolved; renderer suitability unresolved; machineDefinitionIndexSha256=351f6c1eb075a37062d7bd82fa5556a412a5f08ce216bc22739dcb2a6d6a85e2; Structural/static source-derived candidate only. The exported_file is the shared machine definition-index evidence, not a visual or renderer asset export. It is not an authoritative original-runtime baseline and establishes no runtime reachability, placement, asset usage, visual appearance, renderer suitability, human or owner acceptance, strict completion, or publication."
swf-definition-00275,105,,structural-sprite-definition-candidate,source-assets/flash/HELP MATH_ORIGINAL FILES/HELP_COURSES/ELMGR5/L4/TI/L4TI09.swf,,migrations/course-g05-l04-ti-009/audit/machine/g5-l4-pre-runtime-swf-definition-inventory.csv,351f6c1eb075a37062d7bd82fa5556a412a5f08ce216bc22739dcb2a6d6a85e2,CSV definition-index record for DefineSprite,,,"projection only; no asset bytes exported, transformed, redrawn, or generated",machine-extracted-structural-candidate,owner-provided SWF,"container=root; definitionDepth=0; tagOrdinal=275; payloadBytes=27; rawTagPayloadSha256=bb8a288bef3b7c770d891c80598f98373597f05ede8047d84c36a01898042ee0; exactTagIdentitySha256=af40eb6b6c73d1a91d8330f14f7b3ffd2fdeebbda20cbc6c18bddbd4a6316395; declaredFrameCount=1; runtime reachability unresolved; placement and bounds unresolved; renderer suitability unresolved; machineDefinitionIndexSha256=351f6c1eb075a37062d7bd82fa5556a412a5f08ce216bc22739dcb2a6d6a85e2; Structural/static source-derived candidate only. The exported_file is the shared machine definition-index evidence, not a visual or renderer asset export. It is not an authoritative original-runtime baseline and establishes no runtime reachability, placement, asset usage, visual appearance, renderer suitability, human or owner acceptance, strict completion, or publication."
swf-definition-00280,106,,structural-sprite-definition-candidate,source-assets/flash/HELP MATH_ORIGINAL FILES/HELP_COURSES/ELMGR5/L4/TI/L4TI09.swf,,migrations/course-g05-l04-ti-009/audit/machine/g5-l4-pre-runtime-swf-definition-inventory.csv,351f6c1eb075a37062d7bd82fa5556a412a5f08ce216bc22739dcb2a6d6a85e2,CSV definition-index record for DefineSprite,,,"projection only; no asset bytes exported, transformed, redrawn, or generated",machine-extracted-structural-candidate,owner-provided SWF,"container=root; definitionDepth=0; tagOrdinal=280; payloadBytes=38; rawTagPayloadSha256=2e8fecb9f03a5146903e3d76fac44d207f30b33662931a8ae64af6960bbc4bcd; exactTagIdentitySha256=8ee2a6f351b0cd85cecab559b82248842abc18cb32a70ef6949e994958c7ac13; declaredFrameCount=1; runtime reachability unresolved; placement and bounds unresolved; renderer suitability unresolved; machineDefinitionIndexSha256=351f6c1eb075a37062d7bd82fa5556a412a5f08ce216bc22739dcb2a6d6a85e2; Structural/static source-derived candidate only. The exported_file is the shared machine definition-index evidence, not a visual or renderer asset export. It is not an authoritative original-runtime baseline and establishes no runtime reachability, placement, asset usage, visual appearance, renderer suitability, human or owner acceptance, strict completion, or publication."
swf-definition-00286,107,,structural-sprite-definition-candidate,source-assets/flash/HELP MATH_ORIGINAL FILES/HELP_COURSES/ELMGR5/L4/TI/L4TI09.swf,,migrations/course-g05-l04-ti-009/audit/machine/g5-l4-pre-runtime-swf-definition-inventory.csv,351f6c1eb075a37062d7bd82fa5556a412a5f08ce216bc22739dcb2a6d6a85e2,CSV definition-index record for DefineSprite,,,"projection only; no asset bytes exported, transformed, redrawn, or generated",machine-extracted-structural-candidate,owner-provided SWF,"container=root; definitionDepth=0; tagOrdinal=286; payloadBytes=27; rawTagPayloadSha256=1c9b706579850437a502f88db6a358da3cd3cce0f64064932110b3707ddf115d; exactTagIdentitySha256=b4f4f9d9a1f2348ab88a139555121335658cdc89a6ae5d4b93463c8716362e07; declaredFrameCount=1; runtime reachability unresolved; placement and bounds unresolved; renderer suitability unresolved; machineDefinitionIndexSha256=351f6c1eb075a37062d7bd82fa5556a412a5f08ce216bc22739dcb2a6d6a85e2; Structural/static source-derived candidate only. The exported_file is the shared machine definition-index evidence, not a visual or renderer asset export. It is not an authoritative original-runtime baseline and establishes no runtime reachability, placement, asset usage, visual appearance, renderer suitability, human or owner acceptance, strict completion, or publication."
swf-definition-00291,108,,structural-sprite-definition-candidate,source-assets/flash/HELP MATH_ORIGINAL FILES/HELP_COURSES/ELMGR5/L4/TI/L4TI09.swf,,migrations/course-g05-l04-ti-009/audit/machine/g5-l4-pre-runtime-swf-definition-inventory.csv,351f6c1eb075a37062d7bd82fa5556a412a5f08ce216bc22739dcb2a6d6a85e2,CSV definition-index record for DefineSprite,,,"projection only; no asset bytes exported, transformed, redrawn, or generated",machine-extracted-structural-candidate,owner-provided SWF,"container=root; definitionDepth=0; tagOrdinal=291; payloadBytes=27; rawTagPayloadSha256=8283c33ad7916282b1878645dc9c0a1920b6b3f01b9e5e843fd634e80adb50b2; exactTagIdentitySha256=d416c7f8cbe364c286e1511d368e7f5f46b44603c16d841bce30a2dce5586a66; declaredFrameCount=1; runtime reachability unresolved; placement and bounds unresolved; renderer suitability unresolved; machineDefinitionIndexSha256=351f6c1eb075a37062d7bd82fa5556a412a5f08ce216bc22739dcb2a6d6a85e2; Structural/static source-derived candidate only. The exported_file is the shared machine definition-index evidence, not a visual or renderer asset export. It is not an authoritative original-runtime baseline and establishes no runtime reachability, placement, asset usage, visual appearance, renderer suitability, human or owner acceptance, strict completion, or publication."
swf-definition-00296,109,,structural-sprite-definition-candidate,source-assets/flash/HELP MATH_ORIGINAL FILES/HELP_COURSES/ELMGR5/L4/TI/L4TI09.swf,,migrations/course-g05-l04-ti-009/audit/machine/g5-l4-pre-runtime-swf-definition-inventory.csv,351f6c1eb075a37062d7bd82fa5556a412a5f08ce216bc22739dcb2a6d6a85e2,CSV definition-index record for DefineSprite,,,"projection only; no asset bytes exported, transformed, redrawn, or generated",machine-extracted-structural-candidate,owner-provided SWF,"container=root; definitionDepth=0; tagOrdinal=296; payloadBytes=27; rawTagPayloadSha256=29fad87ee008b9c8f7907904d6060a38a18f139d1eee3290c329f282fb8be968; exactTagIdentitySha256=b134b7ee317732a72b3224f794d8e71dd29457611a7b99afec9865e8c5d37572; declaredFrameCount=1; runtime reachability unresolved; placement and bounds unresolved; renderer suitability unresolved; machineDefinitionIndexSha256=351f6c1eb075a37062d7bd82fa5556a412a5f08ce216bc22739dcb2a6d6a85e2; Structural/static source-derived candidate only. The exported_file is the shared machine definition-index evidence, not a visual or renderer asset export. It is not an authoritative original-runtime baseline and establishes no runtime reachability, placement, asset usage, visual appearance, renderer suitability, human or owner acceptance, strict completion, or publication."
swf-definition-00302,110,,structural-shape-definition-candidate,source-assets/flash/HELP MATH_ORIGINAL FILES/HELP_COURSES/ELMGR5/L4/TI/L4TI09.swf,,migrations/course-g05-l04-ti-009/audit/machine/g5-l4-pre-runtime-swf-definition-inventory.csv,351f6c1eb075a37062d7bd82fa5556a412a5f08ce216bc22739dcb2a6d6a85e2,CSV definition-index record for DefineShape,,,"projection only; no asset bytes exported, transformed, redrawn, or generated",machine-extracted-structural-candidate,owner-provided SWF,"container=root; definitionDepth=0; tagOrdinal=302; payloadBytes=75; rawTagPayloadSha256=4394777af809c0cb385ea5438b4e0b506e02afcef4018b2d355b6e945f2fa96a; exactTagIdentitySha256=b36ae9fd0b906b96e0b782c987b9d24d37c70aea8b57abe7ba3951f7de8067bd; runtime reachability unresolved; placement and bounds unresolved; renderer suitability unresolved; machineDefinitionIndexSha256=351f6c1eb075a37062d7bd82fa5556a412a5f08ce216bc22739dcb2a6d6a85e2; Structural/static source-derived candidate only. The exported_file is the shared machine definition-index evidence, not a visual or renderer asset export. It is not an authoritative original-runtime baseline and establishes no runtime reachability, placement, asset usage, visual appearance, renderer suitability, human or owner acceptance, strict completion, or publication."
swf-definition-00303,111,,structural-sprite-definition-candidate,source-assets/flash/HELP MATH_ORIGINAL FILES/HELP_COURSES/ELMGR5/L4/TI/L4TI09.swf,,migrations/course-g05-l04-ti-009/audit/machine/g5-l4-pre-runtime-swf-definition-inventory.csv,351f6c1eb075a37062d7bd82fa5556a412a5f08ce216bc22739dcb2a6d6a85e2,CSV definition-index record for DefineSprite,,,"projection only; no asset bytes exported, transformed, redrawn, or generated",machine-extracted-structural-candidate,owner-provided SWF,"container=root; definitionDepth=0; tagOrdinal=303; payloadBytes=58; rawTagPayloadSha256=9eff7988198e51fbf0daa997c12dbd5499ff82f3029b2d9aad5023fc4e7080e9; exactTagIdentitySha256=7ef0350b50f96c8035eb86d4dd06469c8d5c8706c6b9089817b36b8c982e0e5f; declaredFrameCount=6; runtime reachability unresolved; placement and bounds unresolved; renderer suitability unresolved; machineDefinitionIndexSha256=351f6c1eb075a37062d7bd82fa5556a412a5f08ce216bc22739dcb2a6d6a85e2; Structural/static source-derived candidate only. The exported_file is the shared machine definition-index evidence, not a visual or renderer asset export. It is not an authoritative original-runtime baseline and establishes no runtime reachability, placement, asset usage, visual appearance, renderer suitability, human or owner acceptance, strict completion, or publication."
swf-definition-00317,112,,structural-shape-definition-candidate,source-assets/flash/HELP MATH_ORIGINAL FILES/HELP_COURSES/ELMGR5/L4/TI/L4TI09.swf,,migrations/course-g05-l04-ti-009/audit/machine/g5-l4-pre-runtime-swf-definition-inventory.csv,351f6c1eb075a37062d7bd82fa5556a412a5f08ce216bc22739dcb2a6d6a85e2,CSV definition-index record for DefineShape2,,,"projection only; no asset bytes exported, transformed, redrawn, or generated",machine-extracted-structural-candidate,owner-provided SWF,"container=root; definitionDepth=0; tagOrdinal=317; payloadBytes=55; rawTagPayloadSha256=25eeefee3775f68da49a31ba2f7d28f60b5fbba77de40eb0d95a1b8717de2635; exactTagIdentitySha256=0578182ff44d74b98b79bdc0dc7b86b262860363a3fae313f08edc1f5379eb07; runtime reachability unresolved; placement and bounds unresolved; renderer suitability unresolved; machineDefinitionIndexSha256=351f6c1eb075a37062d7bd82fa5556a412a5f08ce216bc22739dcb2a6d6a85e2; Structural/static source-derived candidate only. The exported_file is the shared machine definition-index evidence, not a visual or renderer asset export. It is not an authoritative original-runtime baseline and establishes no runtime reachability, placement, asset usage, visual appearance, renderer suitability, human or owner acceptance, strict completion, or publication."
swf-definition-00318,113,,structural-text-definition-candidate,source-assets/flash/HELP MATH_ORIGINAL FILES/HELP_COURSES/ELMGR5/L4/TI/L4TI09.swf,,migrations/course-g05-l04-ti-009/audit/machine/g5-l4-pre-runtime-swf-definition-inventory.csv,351f6c1eb075a37062d7bd82fa5556a412a5f08ce216bc22739dcb2a6d6a85e2,CSV definition-index record for DefineText,,,"projection only; no asset bytes exported, transformed, redrawn, or generated",machine-extracted-structural-candidate,owner-provided SWF,"container=root; definitionDepth=0; tagOrdinal=318; payloadBytes=37; rawTagPayloadSha256=a1ced6c48e47cdbaa9b71c16d1d93e044e7b6dc005b4bbbef20392da42c4c746; exactTagIdentitySha256=93fffdea79f3698278da2c2f65e468187b2c015ec056d5a971d254c2537d02a7; runtime reachability unresolved; placement and bounds unresolved; renderer suitability unresolved; machineDefinitionIndexSha256=351f6c1eb075a37062d7bd82fa5556a412a5f08ce216bc22739dcb2a6d6a85e2; Structural/static source-derived candidate only. The exported_file is the shared machine definition-index evidence, not a visual or renderer asset export. It is not an authoritative original-runtime baseline and establishes no runtime reachability, placement, asset usage, visual appearance, renderer suitability, human or owner acceptance, strict completion, or publication."
swf-definition-00319,114,,structural-shape-definition-candidate,source-assets/flash/HELP MATH_ORIGINAL FILES/HELP_COURSES/ELMGR5/L4/TI/L4TI09.swf,,migrations/course-g05-l04-ti-009/audit/machine/g5-l4-pre-runtime-swf-definition-inventory.csv,351f6c1eb075a37062d7bd82fa5556a412a5f08ce216bc22739dcb2a6d6a85e2,CSV definition-index record for DefineShape,,,"projection only; no asset bytes exported, transformed, redrawn, or generated",machine-extracted-structural-candidate,owner-provided SWF,"container=root; definitionDepth=0; tagOrdinal=319; payloadBytes=64; rawTagPayloadSha256=912ac8d31f991c7c0c23b424b0a86f610b79013b548df42529dac387532fe913; exactTagIdentitySha256=35c554e0c735a24a70934b6369963c275e3dcc3560ee9dae883cef543bb65236; runtime reachability unresolved; placement and bounds unresolved; renderer suitability unresolved; machineDefinitionIndexSha256=351f6c1eb075a37062d7bd82fa5556a412a5f08ce216bc22739dcb2a6d6a85e2; Structural/static source-derived candidate only. The exported_file is the shared machine definition-index evidence, not a visual or renderer asset export. It is not an authoritative original-runtime baseline and establishes no runtime reachability, placement, asset usage, visual appearance, renderer suitability, human or owner acceptance, strict completion, or publication."
swf-definition-00320,115,,structural-shape-definition-candidate,source-assets/flash/HELP MATH_ORIGINAL FILES/HELP_COURSES/ELMGR5/L4/TI/L4TI09.swf,,migrations/course-g05-l04-ti-009/audit/machine/g5-l4-pre-runtime-swf-definition-inventory.csv,351f6c1eb075a37062d7bd82fa5556a412a5f08ce216bc22739dcb2a6d6a85e2,CSV definition-index record for DefineShape2,,,"projection only; no asset bytes exported, transformed, redrawn, or generated",machine-extracted-structural-candidate,owner-provided SWF,"container=root; definitionDepth=0; tagOrdinal=320; payloadBytes=285; rawTagPayloadSha256=471fab845de7fb3c76d0d682be8fd3d4409f2959a29315542af86b96c4f46888; exactTagIdentitySha256=42654fe1f6912f01ee5e55bc5d1ba1bc036984792cff985281de95b18f57a3da; runtime reachability unresolved; placement and bounds unresolved; renderer suitability unresolved; machineDefinitionIndexSha256=351f6c1eb075a37062d7bd82fa5556a412a5f08ce216bc22739dcb2a6d6a85e2; Structural/static source-derived candidate only. The exported_file is the shared machine definition-index evidence, not a visual or renderer asset export. It is not an authoritative original-runtime baseline and establishes no runtime reachability, placement, asset usage, visual appearance, renderer suitability, human or owner acceptance, strict completion, or publication."
swf-definition-00321,116,,structural-shape-definition-candidate,source-assets/flash/HELP MATH_ORIGINAL FILES/HELP_COURSES/ELMGR5/L4/TI/L4TI09.swf,,migrations/course-g05-l04-ti-009/audit/machine/g5-l4-pre-runtime-swf-definition-inventory.csv,351f6c1eb075a37062d7bd82fa5556a412a5f08ce216bc22739dcb2a6d6a85e2,CSV definition-index record for DefineShape2,,,"projection only; no asset bytes exported, transformed, redrawn, or generated",machine-extracted-structural-candidate,owner-provided SWF,"container=root; definitionDepth=0; tagOrdinal=321; payloadBytes=55; rawTagPayloadSha256=20ecd8758e793c7bed22fe09fbc4f1e0832dd34e3c369d02dc420d0811ce4f18; exactTagIdentitySha256=37d11f49c1608ea3c379223dfe785ef558c5c99194299cdc1e95bdb0461f4b85; runtime reachability unresolved; placement and bounds unresolved; renderer suitability unresolved; machineDefinitionIndexSha256=351f6c1eb075a37062d7bd82fa5556a412a5f08ce216bc22739dcb2a6d6a85e2; Structural/static source-derived candidate only. The exported_file is the shared machine definition-index evidence, not a visual or renderer asset export. It is not an authoritative original-runtime baseline and establishes no runtime reachability, placement, asset usage, visual appearance, renderer suitability, human or owner acceptance, strict completion, or publication."
swf-definition-00322,117,,structural-shape-definition-candidate,source-assets/flash/HELP MATH_ORIGINAL FILES/HELP_COURSES/ELMGR5/L4/TI/L4TI09.swf,,migrations/course-g05-l04-ti-009/audit/machine/g5-l4-pre-runtime-swf-definition-inventory.csv,351f6c1eb075a37062d7bd82fa5556a412a5f08ce216bc22739dcb2a6d6a85e2,CSV definition-index record for DefineShape2,,,"projection only; no asset bytes exported, transformed, redrawn, or generated",machine-extracted-structural-candidate,owner-provided SWF,"container=root; definitionDepth=0; tagOrdinal=322; payloadBytes=289; rawTagPayloadSha256=5c3a70fc92449cf1ef273d72c7104c3ddf744a998bb1e288a1b85061243ac80c; exactTagIdentitySha256=1ae030de081d62201186d50115546a321f71a58504e885160f36d134852a8733; runtime reachability unresolved; placement and bounds unresolved; renderer suitability unresolved; machineDefinitionIndexSha256=351f6c1eb075a37062d7bd82fa5556a412a5f08ce216bc22739dcb2a6d6a85e2; Structural/static source-derived candidate only. The exported_file is the shared machine definition-index evidence, not a visual or renderer asset export. It is not an authoritative original-runtime baseline and establishes no runtime reachability, placement, asset usage, visual appearance, renderer suitability, human or owner acceptance, strict completion, or publication."
swf-definition-00323,118,,structural-shape-definition-candidate,source-assets/flash/HELP MATH_ORIGINAL FILES/HELP_COURSES/ELMGR5/L4/TI/L4TI09.swf,,migrations/course-g05-l04-ti-009/audit/machine/g5-l4-pre-runtime-swf-definition-inventory.csv,351f6c1eb075a37062d7bd82fa5556a412a5f08ce216bc22739dcb2a6d6a85e2,CSV definition-index record for DefineShape2,,,"projection only; no asset bytes exported, transformed, redrawn, or generated",machine-extracted-structural-candidate,owner-provided SWF,"container=root; definitionDepth=0; tagOrdinal=323; payloadBytes=336; rawTagPayloadSha256=797cd4d7af433c7621b862c6bac36928b011d28997e68741b25d46837e8b1a9d; exactTagIdentitySha256=81bae6efcc7a52c963c08998186e799b4519f3568815fa0e35b6d57846a2769c; runtime reachability unresolved; placement and bounds unresolved; renderer suitability unresolved; machineDefinitionIndexSha256=351f6c1eb075a37062d7bd82fa5556a412a5f08ce216bc22739dcb2a6d6a85e2; Structural/static source-derived candidate only. The exported_file is the shared machine definition-index evidence, not a visual or renderer asset export. It is not an authoritative original-runtime baseline and establishes no runtime reachability, placement, asset usage, visual appearance, renderer suitability, human or owner acceptance, strict completion, or publication."
swf-definition-00324,119,,structural-sprite-definition-candidate,source-assets/flash/HELP MATH_ORIGINAL FILES/HELP_COURSES/ELMGR5/L4/TI/L4TI09.swf,,migrations/course-g05-l04-ti-009/audit/machine/g5-l4-pre-runtime-swf-definition-inventory.csv,351f6c1eb075a37062d7bd82fa5556a412a5f08ce216bc22739dcb2a6d6a85e2,CSV definition-index record for DefineSprite,,,"projection only; no asset bytes exported, transformed, redrawn, or generated",machine-extracted-structural-candidate,owner-provided SWF,"container=root; definitionDepth=0; tagOrdinal=324; payloadBytes=2040; rawTagPayloadSha256=9db590be1d0a1b3b6a25f2e2580cb758401e8abb469d679f115fd4f50b118374; exactTagIdentitySha256=be8243a080d2895a70ee4e04c5c0883ad4989a421a71726f8c55d4029745bd3a; declaredFrameCount=5; runtime reachability unresolved; placement and bounds unresolved; renderer suitability unresolved; machineDefinitionIndexSha256=351f6c1eb075a37062d7bd82fa5556a412a5f08ce216bc22739dcb2a6d6a85e2; Structural/static source-derived candidate only. The exported_file is the shared machine definition-index evidence, not a visual or renderer asset export. It is not an authoritative original-runtime baseline and establishes no runtime reachability, placement, asset usage, visual appearance, renderer suitability, human or owner acceptance, strict completion, or publication."
swf-definition-00339,120,,structural-button-definition-candidate,source-assets/flash/HELP MATH_ORIGINAL FILES/HELP_COURSES/ELMGR5/L4/TI/L4TI09.swf,,migrations/course-g05-l04-ti-009/audit/machine/g5-l4-pre-runtime-swf-definition-inventory.csv,351f6c1eb075a37062d7bd82fa5556a412a5f08ce216bc22739dcb2a6d6a85e2,CSV definition-index record for DefineButton2,,,"projection only; no asset bytes exported, transformed, redrawn, or generated",machine-extracted-structural-candidate,owner-provided SWF,"container=root; definitionDepth=0; tagOrdinal=339; payloadBytes=223; rawTagPayloadSha256=590bde42fd8dd85dfe554623f42efb4768a193d2b4c9245c044c032fd8143bdf; exactTagIdentitySha256=f91416851db7c407f90d6f7fcd3c30f670702f36e7334930d3608e77db89ce42; runtime reachability unresolved; placement and bounds unresolved; renderer suitability unresolved; machineDefinitionIndexSha256=351f6c1eb075a37062d7bd82fa5556a412a5f08ce216bc22739dcb2a6d6a85e2; Structural/static source-derived candidate only. The exported_file is the shared machine definition-index evidence, not a visual or renderer asset export. It is not an authoritative original-runtime baseline and establishes no runtime reachability, placement, asset usage, visual appearance, renderer suitability, human or owner acceptance, strict completion, or publication."
swf-definition-00340,121,,structural-shape-definition-candidate,source-assets/flash/HELP MATH_ORIGINAL FILES/HELP_COURSES/ELMGR5/L4/TI/L4TI09.swf,,migrations/course-g05-l04-ti-009/audit/machine/g5-l4-pre-runtime-swf-definition-inventory.csv,351f6c1eb075a37062d7bd82fa5556a412a5f08ce216bc22739dcb2a6d6a85e2,CSV definition-index record for DefineShape,,,"projection only; no asset bytes exported, transformed, redrawn, or generated",machine-extracted-structural-candidate,owner-provided SWF,"container=root; definitionDepth=0; tagOrdinal=340; payloadBytes=64; rawTagPayloadSha256=c99a225d0f7d011ff87debf6d44a9618e3cb76e1b03f6d5035b099845ac6fbe6; exactTagIdentitySha256=ea82ce4a1d9704ecf066ad588ef6be20735495ae87af61a68e9ae0087ee19c81; runtime reachability unresolved; placement and bounds unresolved; renderer suitability unresolved; machineDefinitionIndexSha256=351f6c1eb075a37062d7bd82fa5556a412a5f08ce216bc22739dcb2a6d6a85e2; Structural/static source-derived candidate only. The exported_file is the shared machine definition-index evidence, not a visual or renderer asset export. It is not an authoritative original-runtime baseline and establishes no runtime reachability, placement, asset usage, visual appearance, renderer suitability, human or owner acceptance, strict completion, or publication."
swf-definition-00341,122,,structural-text-definition-candidate,source-assets/flash/HELP MATH_ORIGINAL FILES/HELP_COURSES/ELMGR5/L4/TI/L4TI09.swf,,migrations/course-g05-l04-ti-009/audit/machine/g5-l4-pre-runtime-swf-definition-inventory.csv,351f6c1eb075a37062d7bd82fa5556a412a5f08ce216bc22739dcb2a6d6a85e2,CSV definition-index record for DefineText,,,"projection only; no asset bytes exported, transformed, redrawn, or generated",machine-extracted-structural-candidate,owner-provided SWF,"container=root; definitionDepth=0; tagOrdinal=341; payloadBytes=57; rawTagPayloadSha256=febc5aa28988a010208c2263500d7f7f3263df6aabeec7537add08651ae3e662; exactTagIdentitySha256=21769499dd5344a2f242139e18771d7680421b59117239df4f4bcf56e48598c9; runtime reachability unresolved; placement and bounds unresolved; renderer suitability unresolved; machineDefinitionIndexSha256=351f6c1eb075a37062d7bd82fa5556a412a5f08ce216bc22739dcb2a6d6a85e2; Structural/static source-derived candidate only. The exported_file is the shared machine definition-index evidence, not a visual or renderer asset export. It is not an authoritative original-runtime baseline and establishes no runtime reachability, placement, asset usage, visual appearance, renderer suitability, human or owner acceptance, strict completion, or publication."
swf-definition-00342,123,,structural-sprite-definition-candidate,source-assets/flash/HELP MATH_ORIGINAL FILES/HELP_COURSES/ELMGR5/L4/TI/L4TI09.swf,,migrations/course-g05-l04-ti-009/audit/machine/g5-l4-pre-runtime-swf-definition-inventory.csv,351f6c1eb075a37062d7bd82fa5556a412a5f08ce216bc22739dcb2a6d6a85e2,CSV definition-index record for DefineSprite,,,"projection only; no asset bytes exported, transformed, redrawn, or generated",machine-extracted-structural-candidate,owner-provided SWF,"container=root; definitionDepth=0; tagOrdinal=342; payloadBytes=6413; rawTagPayloadSha256=d39ddda30cc0123f8f79089ea4e6be693422a89edbdbeb171204143c61e81a29; exactTagIdentitySha256=32c8007a27d952fed69b706e6ba323d25422ead5f0fe562db23fd0e13e1ba82b; declaredFrameCount=15; runtime reachability unresolved; placement and bounds unresolved; renderer suitability unresolved; machineDefinitionIndexSha256=351f6c1eb075a37062d7bd82fa5556a412a5f08ce216bc22739dcb2a6d6a85e2; Structural/static source-derived candidate only. The exported_file is the shared machine definition-index evidence, not a visual or renderer asset export. It is not an authoritative original-runtime baseline and establishes no runtime reachability, placement, asset usage, visual appearance, renderer suitability, human or owner acceptance, strict completion, or publication."
swf-definition-00380,124,,structural-shape-definition-candidate,source-assets/flash/HELP MATH_ORIGINAL FILES/HELP_COURSES/ELMGR5/L4/TI/L4TI09.swf,,migrations/course-g05-l04-ti-009/audit/machine/g5-l4-pre-runtime-swf-definition-inventory.csv,351f6c1eb075a37062d7bd82fa5556a412a5f08ce216bc22739dcb2a6d6a85e2,CSV definition-index record for DefineShape,,,"projection only; no asset bytes exported, transformed, redrawn, or generated",machine-extracted-structural-candidate,owner-provided SWF,"container=root; definitionDepth=0; tagOrdinal=380; payloadBytes=34; rawTagPayloadSha256=d8030746d1ab84c40c0cb61aed9dd54c0a4df8637b1a5237637ed26b5d4724e9; exactTagIdentitySha256=2001a33aad9114fdb5d728a0c6cac44a9564260efdf0386d19389d44377b942e; runtime reachability unresolved; placement and bounds unresolved; renderer suitability unresolved; machineDefinitionIndexSha256=351f6c1eb075a37062d7bd82fa5556a412a5f08ce216bc22739dcb2a6d6a85e2; Structural/static source-derived candidate only. The exported_file is the shared machine definition-index evidence, not a visual or renderer asset export. It is not an authoritative original-runtime baseline and establishes no runtime reachability, placement, asset usage, visual appearance, renderer suitability, human or owner acceptance, strict completion, or publication."
swf-definition-00381,125,,structural-sprite-definition-candidate,source-assets/flash/HELP MATH_ORIGINAL FILES/HELP_COURSES/ELMGR5/L4/TI/L4TI09.swf,,migrations/course-g05-l04-ti-009/audit/machine/g5-l4-pre-runtime-swf-definition-inventory.csv,351f6c1eb075a37062d7bd82fa5556a412a5f08ce216bc22739dcb2a6d6a85e2,CSV definition-index record for DefineSprite,,,"projection only; no asset bytes exported, transformed, redrawn, or generated",machine-extracted-structural-candidate,owner-provided SWF,"container=root; definitionDepth=0; tagOrdinal=381; payloadBytes=179; rawTagPayloadSha256=2a8959f750814e6c8eb0b769bb3e46ce89334a0c5247f991b19c0bfc326b102d; exactTagIdentitySha256=b3f92b84f52f3fe2770013a67179c3c79ec73eeedc0d58292aee3fcce77c1145; declaredFrameCount=35; runtime reachability unresolved; placement and bounds unresolved; renderer suitability unresolved; machineDefinitionIndexSha256=351f6c1eb075a37062d7bd82fa5556a412a5f08ce216bc22739dcb2a6d6a85e2; Structural/static source-derived candidate only. The exported_file is the shared machine definition-index evidence, not a visual or renderer asset export. It is not an authoritative original-runtime baseline and establishes no runtime reachability, placement, asset usage, visual appearance, renderer suitability, human or owner acceptance, strict completion, or publication."
swf-definition-00421,126,,structural-text-definition-candidate,source-assets/flash/HELP MATH_ORIGINAL FILES/HELP_COURSES/ELMGR5/L4/TI/L4TI09.swf,,migrations/course-g05-l04-ti-009/audit/machine/g5-l4-pre-runtime-swf-definition-inventory.csv,351f6c1eb075a37062d7bd82fa5556a412a5f08ce216bc22739dcb2a6d6a85e2,CSV definition-index record for DefineText,,,"projection only; no asset bytes exported, transformed, redrawn, or generated",machine-extracted-structural-candidate,owner-provided SWF,"container=root; definitionDepth=0; tagOrdinal=421; payloadBytes=50; rawTagPayloadSha256=0db1bc82254e21103eb82fbda91bf330f129c07360fec7fa62880f2b549ac003; exactTagIdentitySha256=64c4859ce1f8d05353d7f7bf3ce99d5ce33b6b9acee90a70dbafa87dea01bc5c; runtime reachability unresolved; placement and bounds unresolved; renderer suitability unresolved; machineDefinitionIndexSha256=351f6c1eb075a37062d7bd82fa5556a412a5f08ce216bc22739dcb2a6d6a85e2; Structural/static source-derived candidate only. The exported_file is the shared machine definition-index evidence, not a visual or renderer asset export. It is not an authoritative original-runtime baseline and establishes no runtime reachability, placement, asset usage, visual appearance, renderer suitability, human or owner acceptance, strict completion, or publication."
swf-definition-00422,127,,structural-sprite-definition-candidate,source-assets/flash/HELP MATH_ORIGINAL FILES/HELP_COURSES/ELMGR5/L4/TI/L4TI09.swf,,migrations/course-g05-l04-ti-009/audit/machine/g5-l4-pre-runtime-swf-definition-inventory.csv,351f6c1eb075a37062d7bd82fa5556a412a5f08ce216bc22739dcb2a6d6a85e2,CSV definition-index record for DefineSprite,,,"projection only; no asset bytes exported, transformed, redrawn, or generated",machine-extracted-structural-candidate,owner-provided SWF,"container=root; definitionDepth=0; tagOrdinal=422; payloadBytes=22847; rawTagPayloadSha256=828c37ce335e52b8697ad8f976f155ff964f65196ba06036e767896b81849b64; exactTagIdentitySha256=10cac71e211971dfbe92ecb08accbea8b7d3dabede19f80487dc67a8d01f00f6; declaredFrameCount=55; runtime reachability unresolved; placement and bounds unresolved; renderer suitability unresolved; machineDefinitionIndexSha256=351f6c1eb075a37062d7bd82fa5556a412a5f08ce216bc22739dcb2a6d6a85e2; Structural/static source-derived candidate only. The exported_file is the shared machine definition-index evidence, not a visual or renderer asset export. It is not an authoritative original-runtime baseline and establishes no runtime reachability, placement, asset usage, visual appearance, renderer suitability, human or owner acceptance, strict completion, or publication."
swf-definition-00545,128,,structural-text-definition-candidate,source-assets/flash/HELP MATH_ORIGINAL FILES/HELP_COURSES/ELMGR5/L4/TI/L4TI09.swf,,migrations/course-g05-l04-ti-009/audit/machine/g5-l4-pre-runtime-swf-definition-inventory.csv,351f6c1eb075a37062d7bd82fa5556a412a5f08ce216bc22739dcb2a6d6a85e2,CSV definition-index record for DefineText,,,"projection only; no asset bytes exported, transformed, redrawn, or generated",machine-extracted-structural-candidate,owner-provided SWF,"container=root; definitionDepth=0; tagOrdinal=545; payloadBytes=50; rawTagPayloadSha256=893e1e8bf1d10e67efb126a642f034f3ccfd84f807d8ffb90d55cdafef14d76e; exactTagIdentitySha256=8765d55271fc6a4032bc1ff10d6943a6e8452908364d3834899fd3e546a1f333; runtime reachability unresolved; placement and bounds unresolved; renderer suitability unresolved; machineDefinitionIndexSha256=351f6c1eb075a37062d7bd82fa5556a412a5f08ce216bc22739dcb2a6d6a85e2; Structural/static source-derived candidate only. The exported_file is the shared machine definition-index evidence, not a visual or renderer asset export. It is not an authoritative original-runtime baseline and establishes no runtime reachability, placement, asset usage, visual appearance, renderer suitability, human or owner acceptance, strict completion, or publication."
swf-definition-00546,129,,structural-sprite-definition-candidate,source-assets/flash/HELP MATH_ORIGINAL FILES/HELP_COURSES/ELMGR5/L4/TI/L4TI09.swf,,migrations/course-g05-l04-ti-009/audit/machine/g5-l4-pre-runtime-swf-definition-inventory.csv,351f6c1eb075a37062d7bd82fa5556a412a5f08ce216bc22739dcb2a6d6a85e2,CSV definition-index record for DefineSprite,,,"projection only; no asset bytes exported, transformed, redrawn, or generated",machine-extracted-structural-candidate,owner-provided SWF,"container=root; definitionDepth=0; tagOrdinal=546; payloadBytes=8348; rawTagPayloadSha256=f58ea9d0abe95d356e037ec523f31a0f8bacef87ca70a5ad79c0f48bc92be899; exactTagIdentitySha256=9db108ecce06424f790ed6f7c8468e96ddf1bd4b7a1e913e422dc898bf9483ef; declaredFrameCount=20; runtime reachability unresolved; placement and bounds unresolved; renderer suitability unresolved; machineDefinitionIndexSha256=351f6c1eb075a37062d7bd82fa5556a412a5f08ce216bc22739dcb2a6d6a85e2; Structural/static source-derived candidate only. The exported_file is the shared machine definition-index evidence, not a visual or renderer asset export. It is not an authoritative original-runtime baseline and establishes no runtime reachability, placement, asset usage, visual appearance, renderer suitability, human or owner acceptance, strict completion, or publication."
swf-definition-00592,130,,structural-shape-definition-candidate,source-assets/flash/HELP MATH_ORIGINAL FILES/HELP_COURSES/ELMGR5/L4/TI/L4TI09.swf,,migrations/course-g05-l04-ti-009/audit/machine/g5-l4-pre-runtime-swf-definition-inventory.csv,351f6c1eb075a37062d7bd82fa5556a412a5f08ce216bc22739dcb2a6d6a85e2,CSV definition-index record for DefineShape3,,,"projection only; no asset bytes exported, transformed, redrawn, or generated",machine-extracted-structural-candidate,owner-provided SWF,"container=root; definitionDepth=0; tagOrdinal=592; payloadBytes=140; rawTagPayloadSha256=3e5eb86475775840a0f27fc5256e50dbdf312ca455126d6b1cf45e754032a140; exactTagIdentitySha256=edadd626baf81ee1aefb18b1dcd82127d5219c7308460df91f5172c218c319d7; runtime reachability unresolved; placement and bounds unresolved; renderer suitability unresolved; machineDefinitionIndexSha256=351f6c1eb075a37062d7bd82fa5556a412a5f08ce216bc22739dcb2a6d6a85e2; Structural/static source-derived candidate only. The exported_file is the shared machine definition-index evidence, not a visual or renderer asset export. It is not an authoritative original-runtime baseline and establishes no runtime reachability, placement, asset usage, visual appearance, renderer suitability, human or owner acceptance, strict completion, or publication."
swf-definition-00593,131,,structural-text-definition-candidate,source-assets/flash/HELP MATH_ORIGINAL FILES/HELP_COURSES/ELMGR5/L4/TI/L4TI09.swf,,migrations/course-g05-l04-ti-009/audit/machine/g5-l4-pre-runtime-swf-definition-inventory.csv,351f6c1eb075a37062d7bd82fa5556a412a5f08ce216bc22739dcb2a6d6a85e2,CSV definition-index record for DefineText,,,"projection only; no asset bytes exported, transformed, redrawn, or generated",machine-extracted-structural-candidate,owner-provided SWF,"container=root; definitionDepth=0; tagOrdinal=593; payloadBytes=234; rawTagPayloadSha256=1909664aec92fe66c6bde319e38bdca335bca040344762021bb645c24eb7d824; exactTagIdentitySha256=7a1675d7863779f326cd47af8560e625db2edac61cd85d66f827f37c142a4f15; runtime reachability unresolved; placement and bounds unresolved; renderer suitability unresolved; machineDefinitionIndexSha256=351f6c1eb075a37062d7bd82fa5556a412a5f08ce216bc22739dcb2a6d6a85e2; Structural/static source-derived candidate only. The exported_file is the shared machine definition-index evidence, not a visual or renderer asset export. It is not an authoritative original-runtime baseline and establishes no runtime reachability, placement, asset usage, visual appearance, renderer suitability, human or owner acceptance, strict completion, or publication."
swf-definition-00594,132,,structural-text-definition-candidate,source-assets/flash/HELP MATH_ORIGINAL FILES/HELP_COURSES/ELMGR5/L4/TI/L4TI09.swf,,migrations/course-g05-l04-ti-009/audit/machine/g5-l4-pre-runtime-swf-definition-inventory.csv,351f6c1eb075a37062d7bd82fa5556a412a5f08ce216bc22739dcb2a6d6a85e2,CSV definition-index record for DefineText,,,"projection only; no asset bytes exported, transformed, redrawn, or generated",machine-extracted-structural-candidate,owner-provided SWF,"container=root; definitionDepth=0; tagOrdinal=594; payloadBytes=156; rawTagPayloadSha256=3b278121277e9a6cdf145703d7252721b1d7c66e8de254f0c6e320271e549aaa; exactTagIdentitySha256=12e8bcd286cea00b53add76d1462c82ae3ecb0a0f4e1b606c583595ad8152aaa; runtime reachability unresolved; placement and bounds unresolved; renderer suitability unresolved; machineDefinitionIndexSha256=351f6c1eb075a37062d7bd82fa5556a412a5f08ce216bc22739dcb2a6d6a85e2; Structural/static source-derived candidate only. The exported_file is the shared machine definition-index evidence, not a visual or renderer asset export. It is not an authoritative original-runtime baseline and establishes no runtime reachability, placement, asset usage, visual appearance, renderer suitability, human or owner acceptance, strict completion, or publication."
swf-definition-00595,133,,structural-text-definition-candidate,source-assets/flash/HELP MATH_ORIGINAL FILES/HELP_COURSES/ELMGR5/L4/TI/L4TI09.swf,,migrations/course-g05-l04-ti-009/audit/machine/g5-l4-pre-runtime-swf-definition-inventory.csv,351f6c1eb075a37062d7bd82fa5556a412a5f08ce216bc22739dcb2a6d6a85e2,CSV definition-index record for DefineText,,,"projection only; no asset bytes exported, transformed, redrawn, or generated",machine-extracted-structural-candidate,owner-provided SWF,"container=root; definitionDepth=0; tagOrdinal=595; payloadBytes=129; rawTagPayloadSha256=fbb826ac2562c4f5e7cd5d975e28c5738de778df0ae9ceb8a2178e3f7e3b75af; exactTagIdentitySha256=e7cd3863581ada786a25dd47e133e860fd4d97fe4be5c657ad0f4295e26b59eb; runtime reachability unresolved; placement and bounds unresolved; renderer suitability unresolved; machineDefinitionIndexSha256=351f6c1eb075a37062d7bd82fa5556a412a5f08ce216bc22739dcb2a6d6a85e2; Structural/static source-derived candidate only. The exported_file is the shared machine definition-index evidence, not a visual or renderer asset export. It is not an authoritative original-runtime baseline and establishes no runtime reachability, placement, asset usage, visual appearance, renderer suitability, human or owner acceptance, strict completion, or publication."
swf-definition-00596,134,,structural-shape-definition-candidate,source-assets/flash/HELP MATH_ORIGINAL FILES/HELP_COURSES/ELMGR5/L4/TI/L4TI09.swf,,migrations/course-g05-l04-ti-009/audit/machine/g5-l4-pre-runtime-swf-definition-inventory.csv,351f6c1eb075a37062d7bd82fa5556a412a5f08ce216bc22739dcb2a6d6a85e2,CSV definition-index record for DefineShape,,,"projection only; no asset bytes exported, transformed, redrawn, or generated",machine-extracted-structural-candidate,owner-provided SWF,"container=root; definitionDepth=0; tagOrdinal=596; payloadBytes=28; rawTagPayloadSha256=1ba5d51fb70baa0bff3e1dd6789281b9954bc04d8903e05d2c4679361dc0aca3; exactTagIdentitySha256=599e86d38527a4faac1386710b754911dc6f05fe2746008968fa9759c7223241; runtime reachability unresolved; placement and bounds unresolved; renderer suitability unresolved; machineDefinitionIndexSha256=351f6c1eb075a37062d7bd82fa5556a412a5f08ce216bc22739dcb2a6d6a85e2; Structural/static source-derived candidate only. The exported_file is the shared machine definition-index evidence, not a visual or renderer asset export. It is not an authoritative original-runtime baseline and establishes no runtime reachability, placement, asset usage, visual appearance, renderer suitability, human or owner acceptance, strict completion, or publication."
swf-definition-00597,135,,structural-text-definition-candidate,source-assets/flash/HELP MATH_ORIGINAL FILES/HELP_COURSES/ELMGR5/L4/TI/L4TI09.swf,,migrations/course-g05-l04-ti-009/audit/machine/g5-l4-pre-runtime-swf-definition-inventory.csv,351f6c1eb075a37062d7bd82fa5556a412a5f08ce216bc22739dcb2a6d6a85e2,CSV definition-index record for DefineText,,,"projection only; no asset bytes exported, transformed, redrawn, or generated",machine-extracted-structural-candidate,owner-provided SWF,"container=root; definitionDepth=0; tagOrdinal=597; payloadBytes=34; rawTagPayloadSha256=da971e9f8ecbcc69c98b23eb4173158586a0267c269e07f4419b17b401a4e9a5; exactTagIdentitySha256=e13406ec47e9770a3d2b6736c0beb9137af5d841778ced6eb853918e915a2bf3; runtime reachability unresolved; placement and bounds unresolved; renderer suitability unresolved; machineDefinitionIndexSha256=351f6c1eb075a37062d7bd82fa5556a412a5f08ce216bc22739dcb2a6d6a85e2; Structural/static source-derived candidate only. The exported_file is the shared machine definition-index evidence, not a visual or renderer asset export. It is not an authoritative original-runtime baseline and establishes no runtime reachability, placement, asset usage, visual appearance, renderer suitability, human or owner acceptance, strict completion, or publication."
swf-definition-00598,136,,structural-shape-definition-candidate,source-assets/flash/HELP MATH_ORIGINAL FILES/HELP_COURSES/ELMGR5/L4/TI/L4TI09.swf,,migrations/course-g05-l04-ti-009/audit/machine/g5-l4-pre-runtime-swf-definition-inventory.csv,351f6c1eb075a37062d7bd82fa5556a412a5f08ce216bc22739dcb2a6d6a85e2,CSV definition-index record for DefineShape,,,"projection only; no asset bytes exported, transformed, redrawn, or generated",machine-extracted-structural-candidate,owner-provided SWF,"container=root; definitionDepth=0; tagOrdinal=598; payloadBytes=28; rawTagPayloadSha256=80a3336fba82a7bd000293f69acffdbd12901edfe5a3aff2987ff383be77e4f8; exactTagIdentitySha256=e9efcdaf5b373c46920c328242f55625b6e88b1e866226169592f97b1c308cf4; runtime reachability unresolved; placement and bounds unresolved; renderer suitability unresolved; machineDefinitionIndexSha256=351f6c1eb075a37062d7bd82fa5556a412a5f08ce216bc22739dcb2a6d6a85e2; Structural/static source-derived candidate only. The exported_file is the shared machine definition-index evidence, not a visual or renderer asset export. It is not an authoritative original-runtime baseline and establishes no runtime reachability, placement, asset usage, visual appearance, renderer suitability, human or owner acceptance, strict completion, or publication."
swf-definition-00599,137,,structural-text-definition-candidate,source-assets/flash/HELP MATH_ORIGINAL FILES/HELP_COURSES/ELMGR5/L4/TI/L4TI09.swf,,migrations/course-g05-l04-ti-009/audit/machine/g5-l4-pre-runtime-swf-definition-inventory.csv,351f6c1eb075a37062d7bd82fa5556a412a5f08ce216bc22739dcb2a6d6a85e2,CSV definition-index record for DefineText,,,"projection only; no asset bytes exported, transformed, redrawn, or generated",machine-extracted-structural-candidate,owner-provided SWF,"container=root; definitionDepth=0; tagOrdinal=599; payloadBytes=40; rawTagPayloadSha256=a003aeab758c05e5e53291a68e283d261eee90c5b048f74db06a71ed6ced4047; exactTagIdentitySha256=3c5de2d3986c8cac29299944fbf05dfc07333a60bc606b41376c5029ba26bd4f; runtime reachability unresolved; placement and bounds unresolved; renderer suitability unresolved; machineDefinitionIndexSha256=351f6c1eb075a37062d7bd82fa5556a412a5f08ce216bc22739dcb2a6d6a85e2; Structural/static source-derived candidate only. The exported_file is the shared machine definition-index evidence, not a visual or renderer asset export. It is not an authoritative original-runtime baseline and establishes no runtime reachability, placement, asset usage, visual appearance, renderer suitability, human or owner acceptance, strict completion, or publication."
swf-definition-00600,138,,structural-shape-definition-candidate,source-assets/flash/HELP MATH_ORIGINAL FILES/HELP_COURSES/ELMGR5/L4/TI/L4TI09.swf,,migrations/course-g05-l04-ti-009/audit/machine/g5-l4-pre-runtime-swf-definition-inventory.csv,351f6c1eb075a37062d7bd82fa5556a412a5f08ce216bc22739dcb2a6d6a85e2,CSV definition-index record for DefineShape,,,"projection only; no asset bytes exported, transformed, redrawn, or generated",machine-extracted-structural-candidate,owner-provided SWF,"container=root; definitionDepth=0; tagOrdinal=600; payloadBytes=27; rawTagPayloadSha256=79f21db973e9534048270d9fa87eab5e7b3f526d9ce50b0c410441cccc9cbe6c; exactTagIdentitySha256=f87aefe8591ba858486ee60506e3361197494a9cb3b3548cbfa536b36f4ded55; runtime reachability unresolved; placement and bounds unresolved; renderer suitability unresolved; machineDefinitionIndexSha256=351f6c1eb075a37062d7bd82fa5556a412a5f08ce216bc22739dcb2a6d6a85e2; Structural/static source-derived candidate only. The exported_file is the shared machine definition-index evidence, not a visual or renderer asset export. It is not an authoritative original-runtime baseline and establishes no runtime reachability, placement, asset usage, visual appearance, renderer suitability, human or owner acceptance, strict completion, or publication."
swf-definition-00601,139,,structural-text-definition-candidate,source-assets/flash/HELP MATH_ORIGINAL FILES/HELP_COURSES/ELMGR5/L4/TI/L4TI09.swf,,migrations/course-g05-l04-ti-009/audit/machine/g5-l4-pre-runtime-swf-definition-inventory.csv,351f6c1eb075a37062d7bd82fa5556a412a5f08ce216bc22739dcb2a6d6a85e2,CSV definition-index record for DefineText,,,"projection only; no asset bytes exported, transformed, redrawn, or generated",machine-extracted-structural-candidate,owner-provided SWF,"container=root; definitionDepth=0; tagOrdinal=601; payloadBytes=44; rawTagPayloadSha256=1008707da5115b485b783040298299cbf119e79ad71dfcf78b4224ba33feb53b; exactTagIdentitySha256=14f5c5ad490abff6eadfc6c0567e7ae66050ecb59b938123974bd96fcb7c494b; runtime reachability unresolved; placement and bounds unresolved; renderer suitability unresolved; machineDefinitionIndexSha256=351f6c1eb075a37062d7bd82fa5556a412a5f08ce216bc22739dcb2a6d6a85e2; Structural/static source-derived candidate only. The exported_file is the shared machine definition-index evidence, not a visual or renderer asset export. It is not an authoritative original-runtime baseline and establishes no runtime reachability, placement, asset usage, visual appearance, renderer suitability, human or owner acceptance, strict completion, or publication."
swf-definition-00602,140,,structural-shape-definition-candidate,source-assets/flash/HELP MATH_ORIGINAL FILES/HELP_COURSES/ELMGR5/L4/TI/L4TI09.swf,,migrations/course-g05-l04-ti-009/audit/machine/g5-l4-pre-runtime-swf-definition-inventory.csv,351f6c1eb075a37062d7bd82fa5556a412a5f08ce216bc22739dcb2a6d6a85e2,CSV definition-index record for DefineShape2,,,"projection only; no asset bytes exported, transformed, redrawn, or generated",machine-extracted-structural-candidate,owner-provided SWF,"container=root; definitionDepth=0; tagOrdinal=602; payloadBytes=116; rawTagPayloadSha256=64fd6b13f2c44946bf949f71dcfc65c74ad638d5a9c7acc78e0d7c42df18ef61; exactTagIdentitySha256=df744c22156ac06a704b9ac55f50142a76f7229214e2804dfd4b69071e7120e2; runtime reachability unresolved; placement and bounds unresolved; renderer suitability unresolved; machineDefinitionIndexSha256=351f6c1eb075a37062d7bd82fa5556a412a5f08ce216bc22739dcb2a6d6a85e2; Structural/static source-derived candidate only. The exported_file is the shared machine definition-index evidence, not a visual or renderer asset export. It is not an authoritative original-runtime baseline and establishes no runtime reachability, placement, asset usage, visual appearance, renderer suitability, human or owner acceptance, strict completion, or publication."
swf-definition-00603,141,,structural-text-definition-candidate,source-assets/flash/HELP MATH_ORIGINAL FILES/HELP_COURSES/ELMGR5/L4/TI/L4TI09.swf,,migrations/course-g05-l04-ti-009/audit/machine/g5-l4-pre-runtime-swf-definition-inventory.csv,351f6c1eb075a37062d7bd82fa5556a412a5f08ce216bc22739dcb2a6d6a85e2,CSV definition-index record for DefineText,,,"projection only; no asset bytes exported, transformed, redrawn, or generated",machine-extracted-structural-candidate,owner-provided SWF,"container=root; definitionDepth=0; tagOrdinal=603; payloadBytes=25; rawTagPayloadSha256=a7f08142eee3ff16fdb7bb19dc48cfb3c422840bcb04db14983f900038b131af; exactTagIdentitySha256=b0da678493df0dd46febd0c19e40e172c9dc2fe1394af0f7c1563e7d02d2c774; runtime reachability unresolved; placement and bounds unresolved; renderer suitability unresolved; machineDefinitionIndexSha256=351f6c1eb075a37062d7bd82fa5556a412a5f08ce216bc22739dcb2a6d6a85e2; Structural/static source-derived candidate only. The exported_file is the shared machine definition-index evidence, not a visual or renderer asset export. It is not an authoritative original-runtime baseline and establishes no runtime reachability, placement, asset usage, visual appearance, renderer suitability, human or owner acceptance, strict completion, or publication."
swf-definition-00604,142,,structural-text-definition-candidate,source-assets/flash/HELP MATH_ORIGINAL FILES/HELP_COURSES/ELMGR5/L4/TI/L4TI09.swf,,migrations/course-g05-l04-ti-009/audit/machine/g5-l4-pre-runtime-swf-definition-inventory.csv,351f6c1eb075a37062d7bd82fa5556a412a5f08ce216bc22739dcb2a6d6a85e2,CSV definition-index record for DefineText,,,"projection only; no asset bytes exported, transformed, redrawn, or generated",machine-extracted-structural-candidate,owner-provided SWF,"container=root; definitionDepth=0; tagOrdinal=604; payloadBytes=25; rawTagPayloadSha256=bae472443831c6cafd8d44616eec50e0d7de652e27bc9a61cf4ace3d76f5e39b; exactTagIdentitySha256=0e41dce926910d5e80b324b077ab84698e8123ccc6c46716604770ec0e48eb04; runtime reachability unresolved; placement and bounds unresolved; renderer suitability unresolved; machineDefinitionIndexSha256=351f6c1eb075a37062d7bd82fa5556a412a5f08ce216bc22739dcb2a6d6a85e2; Structural/static source-derived candidate only. The exported_file is the shared machine definition-index evidence, not a visual or renderer asset export. It is not an authoritative original-runtime baseline and establishes no runtime reachability, placement, asset usage, visual appearance, renderer suitability, human or owner acceptance, strict completion, or publication."
swf-definition-00605,143,,structural-shape-definition-candidate,source-assets/flash/HELP MATH_ORIGINAL FILES/HELP_COURSES/ELMGR5/L4/TI/L4TI09.swf,,migrations/course-g05-l04-ti-009/audit/machine/g5-l4-pre-runtime-swf-definition-inventory.csv,351f6c1eb075a37062d7bd82fa5556a412a5f08ce216bc22739dcb2a6d6a85e2,CSV definition-index record for DefineShape,,,"projection only; no asset bytes exported, transformed, redrawn, or generated",machine-extracted-structural-candidate,owner-provided SWF,"container=root; definitionDepth=0; tagOrdinal=605; payloadBytes=54; rawTagPayloadSha256=051da47df72286912ab5e8e4430e9390969f0b75b9af001bd5ce2fd0e4dcd812; exactTagIdentitySha256=7116adb1774ee8107efaa6e61825d46477e1030aa21518af59945d87230f9a74; runtime reachability unresolved; placement and bounds unresolved; renderer suitability unresolved; machineDefinitionIndexSha256=351f6c1eb075a37062d7bd82fa5556a412a5f08ce216bc22739dcb2a6d6a85e2; Structural/static source-derived candidate only. The exported_file is the shared machine definition-index evidence, not a visual or renderer asset export. It is not an authoritative original-runtime baseline and establishes no runtime reachability, placement, asset usage, visual appearance, renderer suitability, human or owner acceptance, strict completion, or publication."
swf-definition-00606,144,,structural-text-definition-candidate,source-assets/flash/HELP MATH_ORIGINAL FILES/HELP_COURSES/ELMGR5/L4/TI/L4TI09.swf,,migrations/course-g05-l04-ti-009/audit/machine/g5-l4-pre-runtime-swf-definition-inventory.csv,351f6c1eb075a37062d7bd82fa5556a412a5f08ce216bc22739dcb2a6d6a85e2,CSV definition-index record for DefineText,,,"projection only; no asset bytes exported, transformed, redrawn, or generated",machine-extracted-structural-candidate,owner-provided SWF,"container=root; definitionDepth=0; tagOrdinal=606; payloadBytes=82; rawTagPayloadSha256=923531fb245507e17a7a335d6e1bbf40f6f836605d351d9dd93a657d146c5b25; exactTagIdentitySha256=34e857a3287799fefb77c6ce2b870753ad77e8e7417b051fa20637f4710516bb; runtime reachability unresolved; placement and bounds unresolved; renderer suitability unresolved; machineDefinitionIndexSha256=351f6c1eb075a37062d7bd82fa5556a412a5f08ce216bc22739dcb2a6d6a85e2; Structural/static source-derived candidate only. The exported_file is the shared machine definition-index evidence, not a visual or renderer asset export. It is not an authoritative original-runtime baseline and establishes no runtime reachability, placement, asset usage, visual appearance, renderer suitability, human or owner acceptance, strict completion, or publication."
swf-definition-00607,145,,structural-text-definition-candidate,source-assets/flash/HELP MATH_ORIGINAL FILES/HELP_COURSES/ELMGR5/L4/TI/L4TI09.swf,,migrations/course-g05-l04-ti-009/audit/machine/g5-l4-pre-runtime-swf-definition-inventory.csv,351f6c1eb075a37062d7bd82fa5556a412a5f08ce216bc22739dcb2a6d6a85e2,CSV definition-index record for DefineText,,,"projection only; no asset bytes exported, transformed, redrawn, or generated",machine-extracted-structural-candidate,owner-provided SWF,"container=root; definitionDepth=0; tagOrdinal=607; payloadBytes=73; rawTagPayloadSha256=6396868f96af277580e930ba496715fe76fce5decd2fda53b2b1bc397bfb2b7b; exactTagIdentitySha256=1a5e5bd494ebe5f1d2694b8738df119d346c53078d1847738ded7d7123f25f37; runtime reachability unresolved; placement and bounds unresolved; renderer suitability unresolved; machineDefinitionIndexSha256=351f6c1eb075a37062d7bd82fa5556a412a5f08ce216bc22739dcb2a6d6a85e2; Structural/static source-derived candidate only. The exported_file is the shared machine definition-index evidence, not a visual or renderer asset export. It is not an authoritative original-runtime baseline and establishes no runtime reachability, placement, asset usage, visual appearance, renderer suitability, human or owner acceptance, strict completion, or publication."
swf-definition-00608,146,,structural-shape-definition-candidate,source-assets/flash/HELP MATH_ORIGINAL FILES/HELP_COURSES/ELMGR5/L4/TI/L4TI09.swf,,migrations/course-g05-l04-ti-009/audit/machine/g5-l4-pre-runtime-swf-definition-inventory.csv,351f6c1eb075a37062d7bd82fa5556a412a5f08ce216bc22739dcb2a6d6a85e2,CSV definition-index record for DefineShape2,,,"projection only; no asset bytes exported, transformed, redrawn, or generated",machine-extracted-structural-candidate,owner-provided SWF,"container=root; definitionDepth=0; tagOrdinal=608; payloadBytes=150; rawTagPayloadSha256=4e7b973a1f8d0c43a1e35ce64d5105731a09fb7b2e067e0858a49db1265eb30d; exactTagIdentitySha256=6aec4588350e21bcceb6979c65a77dddc49f0af362603f6b22fdd6928a958663; runtime reachability unresolved; placement and bounds unresolved; renderer suitability unresolved; machineDefinitionIndexSha256=351f6c1eb075a37062d7bd82fa5556a412a5f08ce216bc22739dcb2a6d6a85e2; Structural/static source-derived candidate only. The exported_file is the shared machine definition-index evidence, not a visual or renderer asset export. It is not an authoritative original-runtime baseline and establishes no runtime reachability, placement, asset usage, visual appearance, renderer suitability, human or owner acceptance, strict completion, or publication."
swf-definition-00609,147,,structural-text-definition-candidate,source-assets/flash/HELP MATH_ORIGINAL FILES/HELP_COURSES/ELMGR5/L4/TI/L4TI09.swf,,migrations/course-g05-l04-ti-009/audit/machine/g5-l4-pre-runtime-swf-definition-inventory.csv,351f6c1eb075a37062d7bd82fa5556a412a5f08ce216bc22739dcb2a6d6a85e2,CSV definition-index record for DefineText,,,"projection only; no asset bytes exported, transformed, redrawn, or generated",machine-extracted-structural-candidate,owner-provided SWF,"container=root; definitionDepth=0; tagOrdinal=609; payloadBytes=29; rawTagPayloadSha256=fcaae561a141cd41ec2502c0ab2965170706f34e6ccd776d8db83e38ea501e9b; exactTagIdentitySha256=bd903acd46c47da04050eaafbe84e681e34c1fa140bfbdf39630aa79d867842d; runtime reachability unresolved; placement and bounds unresolved; renderer suitability unresolved; machineDefinitionIndexSha256=351f6c1eb075a37062d7bd82fa5556a412a5f08ce216bc22739dcb2a6d6a85e2; Structural/static source-derived candidate only. The exported_file is the shared machine definition-index evidence, not a visual or renderer asset export. It is not an authoritative original-runtime baseline and establishes no runtime reachability, placement, asset usage, visual appearance, renderer suitability, human or owner acceptance, strict completion, or publication."
swf-definition-00610,148,,structural-text-definition-candidate,source-assets/flash/HELP MATH_ORIGINAL FILES/HELP_COURSES/ELMGR5/L4/TI/L4TI09.swf,,migrations/course-g05-l04-ti-009/audit/machine/g5-l4-pre-runtime-swf-definition-inventory.csv,351f6c1eb075a37062d7bd82fa5556a412a5f08ce216bc22739dcb2a6d6a85e2,CSV definition-index record for DefineText,,,"projection only; no asset bytes exported, transformed, redrawn, or generated",machine-extracted-structural-candidate,owner-provided SWF,"container=root; definitionDepth=0; tagOrdinal=610; payloadBytes=111; rawTagPayloadSha256=880b2f5fc600cec39b442818149ad5f2b40531a82c06b88025833d1bbd0fb989; exactTagIdentitySha256=b855156bdf5eb547556e3768329e6ef98a5674e5e8be44c18c6b2203e86f4aa6; runtime reachability unresolved; placement and bounds unresolved; renderer suitability unresolved; machineDefinitionIndexSha256=351f6c1eb075a37062d7bd82fa5556a412a5f08ce216bc22739dcb2a6d6a85e2; Structural/static source-derived candidate only. The exported_file is the shared machine definition-index evidence, not a visual or renderer asset export. It is not an authoritative original-runtime baseline and establishes no runtime reachability, placement, asset usage, visual appearance, renderer suitability, human or owner acceptance, strict completion, or publication."
swf-definition-00611,149,,structural-shape-definition-candidate,source-assets/flash/HELP MATH_ORIGINAL FILES/HELP_COURSES/ELMGR5/L4/TI/L4TI09.swf,,migrations/course-g05-l04-ti-009/audit/machine/g5-l4-pre-runtime-swf-definition-inventory.csv,351f6c1eb075a37062d7bd82fa5556a412a5f08ce216bc22739dcb2a6d6a85e2,CSV definition-index record for DefineShape,,,"projection only; no asset bytes exported, transformed, redrawn, or generated",machine-extracted-structural-candidate,owner-provided SWF,"container=root; definitionDepth=0; tagOrdinal=611; payloadBytes=28; rawTagPayloadSha256=f774eeeae80d9e41da5d52118cd95fa98726b014d6a162bbe98db26b9735c117; exactTagIdentitySha256=e39a45bca64c4ea89c374361a5cea8beaeec55fba5be12e10927887bda6f3355; runtime reachability unresolved; placement and bounds unresolved; renderer suitability unresolved; machineDefinitionIndexSha256=351f6c1eb075a37062d7bd82fa5556a412a5f08ce216bc22739dcb2a6d6a85e2; Structural/static source-derived candidate only. The exported_file is the shared machine definition-index evidence, not a visual or renderer asset export. It is not an authoritative original-runtime baseline and establishes no runtime reachability, placement, asset usage, visual appearance, renderer suitability, human or owner acceptance, strict completion, or publication."
swf-definition-00612,150,,structural-text-definition-candidate,source-assets/flash/HELP MATH_ORIGINAL FILES/HELP_COURSES/ELMGR5/L4/TI/L4TI09.swf,,migrations/course-g05-l04-ti-009/audit/machine/g5-l4-pre-runtime-swf-definition-inventory.csv,351f6c1eb075a37062d7bd82fa5556a412a5f08ce216bc22739dcb2a6d6a85e2,CSV definition-index record for DefineText,,,"projection only; no asset bytes exported, transformed, redrawn, or generated",machine-extracted-structural-candidate,owner-provided SWF,"container=root; definitionDepth=0; tagOrdinal=612; payloadBytes=34; rawTagPayloadSha256=3269ddd6be7a859aa381238b8cb8af61615f6ed330ba2348fcc459996ae97e9f; exactTagIdentitySha256=b0522a94df7a8c53c63ac774fdef92e7e80958fbbe305c4abec37206087fe282; runtime reachability unresolved; placement and bounds unresolved; renderer suitability unresolved; machineDefinitionIndexSha256=351f6c1eb075a37062d7bd82fa5556a412a5f08ce216bc22739dcb2a6d6a85e2; Structural/static source-derived candidate only. The exported_file is the shared machine definition-index evidence, not a visual or renderer asset export. It is not an authoritative original-runtime baseline and establishes no runtime reachability, placement, asset usage, visual appearance, renderer suitability, human or owner acceptance, strict completion, or publication."
swf-definition-00613,151,,structural-shape-definition-candidate,source-assets/flash/HELP MATH_ORIGINAL FILES/HELP_COURSES/ELMGR5/L4/TI/L4TI09.swf,,migrations/course-g05-l04-ti-009/audit/machine/g5-l4-pre-runtime-swf-definition-inventory.csv,351f6c1eb075a37062d7bd82fa5556a412a5f08ce216bc22739dcb2a6d6a85e2,CSV definition-index record for DefineShape,,,"projection only; no asset bytes exported, transformed, redrawn, or generated",machine-extracted-structural-candidate,owner-provided SWF,"container=root; definitionDepth=0; tagOrdinal=613; payloadBytes=28; rawTagPayloadSha256=ca3d983674b9fb982e0bcee214769425292ad540bd9a2023ca1f5271f5fb31f8; exactTagIdentitySha256=00e8cd42caa893e5781939c6cc1b9d778a1ab10ee89b370f02637652b56a96dd; runtime reachability unresolved; placement and bounds unresolved; renderer suitability unresolved; machineDefinitionIndexSha256=351f6c1eb075a37062d7bd82fa5556a412a5f08ce216bc22739dcb2a6d6a85e2; Structural/static source-derived candidate only. The exported_file is the shared machine definition-index evidence, not a visual or renderer asset export. It is not an authoritative original-runtime baseline and establishes no runtime reachability, placement, asset usage, visual appearance, renderer suitability, human or owner acceptance, strict completion, or publication."
swf-definition-00614,152,,structural-text-definition-candidate,source-assets/flash/HELP MATH_ORIGINAL FILES/HELP_COURSES/ELMGR5/L4/TI/L4TI09.swf,,migrations/course-g05-l04-ti-009/audit/machine/g5-l4-pre-runtime-swf-definition-inventory.csv,351f6c1eb075a37062d7bd82fa5556a412a5f08ce216bc22739dcb2a6d6a85e2,CSV definition-index record for DefineText,,,"projection only; no asset bytes exported, transformed, redrawn, or generated",machine-extracted-structural-candidate,owner-provided SWF,"container=root; definitionDepth=0; tagOrdinal=614; payloadBytes=40; rawTagPayloadSha256=d9b50526c0f611ee97b50923c7a7e1bd7e44eb1c0ebecb998d0823f247e53484; exactTagIdentitySha256=3fe1b5730fd838d770fc8326c99ee1164cda42af39b5d02c50fdc6ba0c467d6d; runtime reachability unresolved; placement and bounds unresolved; renderer suitability unresolved; machineDefinitionIndexSha256=351f6c1eb075a37062d7bd82fa5556a412a5f08ce216bc22739dcb2a6d6a85e2; Structural/static source-derived candidate only. The exported_file is the shared machine definition-index evidence, not a visual or renderer asset export. It is not an authoritative original-runtime baseline and establishes no runtime reachability, placement, asset usage, visual appearance, renderer suitability, human or owner acceptance, strict completion, or publication."
swf-definition-00615,153,,structural-shape-definition-candidate,source-assets/flash/HELP MATH_ORIGINAL FILES/HELP_COURSES/ELMGR5/L4/TI/L4TI09.swf,,migrations/course-g05-l04-ti-009/audit/machine/g5-l4-pre-runtime-swf-definition-inventory.csv,351f6c1eb075a37062d7bd82fa5556a412a5f08ce216bc22739dcb2a6d6a85e2,CSV definition-index record for DefineShape,,,"projection only; no asset bytes exported, transformed, redrawn, or generated",machine-extracted-structural-candidate,owner-provided SWF,"container=root; definitionDepth=0; tagOrdinal=615; payloadBytes=27; rawTagPayloadSha256=d6f67777cdd7a3cd69445fa479df3930b177e96fc09eadb99f3d652fefe5ca84; exactTagIdentitySha256=a8f096ed5b76ab4505dc2c455af5eaf0d68a00bd40f095a0b9fe9761e0c0e9c6; runtime reachability unresolved; placement and bounds unresolved; renderer suitability unresolved; machineDefinitionIndexSha256=351f6c1eb075a37062d7bd82fa5556a412a5f08ce216bc22739dcb2a6d6a85e2; Structural/static source-derived candidate only. The exported_file is the shared machine definition-index evidence, not a visual or renderer asset export. It is not an authoritative original-runtime baseline and establishes no runtime reachability, placement, asset usage, visual appearance, renderer suitability, human or owner acceptance, strict completion, or publication."
swf-definition-00616,154,,structural-text-definition-candidate,source-assets/flash/HELP MATH_ORIGINAL FILES/HELP_COURSES/ELMGR5/L4/TI/L4TI09.swf,,migrations/course-g05-l04-ti-009/audit/machine/g5-l4-pre-runtime-swf-definition-inventory.csv,351f6c1eb075a37062d7bd82fa5556a412a5f08ce216bc22739dcb2a6d6a85e2,CSV definition-index record for DefineText,,,"projection only; no asset bytes exported, transformed, redrawn, or generated",machine-extracted-structural-candidate,owner-provided SWF,"container=root; definitionDepth=0; tagOrdinal=616; payloadBytes=44; rawTagPayloadSha256=5f6260edb427721f5613401f11e229bdfb32025d772498848b14ab5caeae2384; exactTagIdentitySha256=2cd3a30f3e6237cb345b054af5cf5b1b869232c1005da8b6e8a46b9dc77febf9; runtime reachability unresolved; placement and bounds unresolved; renderer suitability unresolved; machineDefinitionIndexSha256=351f6c1eb075a37062d7bd82fa5556a412a5f08ce216bc22739dcb2a6d6a85e2; Structural/static source-derived candidate only. The exported_file is the shared machine definition-index evidence, not a visual or renderer asset export. It is not an authoritative original-runtime baseline and establishes no runtime reachability, placement, asset usage, visual appearance, renderer suitability, human or owner acceptance, strict completion, or publication."
swf-definition-00617,155,,structural-shape-definition-candidate,source-assets/flash/HELP MATH_ORIGINAL FILES/HELP_COURSES/ELMGR5/L4/TI/L4TI09.swf,,migrations/course-g05-l04-ti-009/audit/machine/g5-l4-pre-runtime-swf-definition-inventory.csv,351f6c1eb075a37062d7bd82fa5556a412a5f08ce216bc22739dcb2a6d6a85e2,CSV definition-index record for DefineShape,,,"projection only; no asset bytes exported, transformed, redrawn, or generated",machine-extracted-structural-candidate,owner-provided SWF,"container=root; definitionDepth=0; tagOrdinal=617; payloadBytes=28; rawTagPayloadSha256=c8c4fb04bdef90a1383d7c141d79dc300d20f6c90dff6287f47978e1f823c368; exactTagIdentitySha256=eeab4370494eaa08f65dcd890ce6e0e223feac1602748fa82c7e0609072e7b60; runtime reachability unresolved; placement and bounds unresolved; renderer suitability unresolved; machineDefinitionIndexSha256=351f6c1eb075a37062d7bd82fa5556a412a5f08ce216bc22739dcb2a6d6a85e2; Structural/static source-derived candidate only. The exported_file is the shared machine definition-index evidence, not a visual or renderer asset export. It is not an authoritative original-runtime baseline and establishes no runtime reachability, placement, asset usage, visual appearance, renderer suitability, human or owner acceptance, strict completion, or publication."
swf-definition-00618,156,,structural-text-definition-candidate,source-assets/flash/HELP MATH_ORIGINAL FILES/HELP_COURSES/ELMGR5/L4/TI/L4TI09.swf,,migrations/course-g05-l04-ti-009/audit/machine/g5-l4-pre-runtime-swf-definition-inventory.csv,351f6c1eb075a37062d7bd82fa5556a412a5f08ce216bc22739dcb2a6d6a85e2,CSV definition-index record for DefineText,,,"projection only; no asset bytes exported, transformed, redrawn, or generated",machine-extracted-structural-candidate,owner-provided SWF,"container=root; definitionDepth=0; tagOrdinal=618; payloadBytes=43; rawTagPayloadSha256=c0f6c4fce0a85a04e8093ef641aba363842043af826af09ed12186ceba549c73; exactTagIdentitySha256=d8320f293b35b2877b0511d81ce2b21b0672c6933c4d302089279e72615310a8; runtime reachability unresolved; placement and bounds unresolved; renderer suitability unresolved; machineDefinitionIndexSha256=351f6c1eb075a37062d7bd82fa5556a412a5f08ce216bc22739dcb2a6d6a85e2; Structural/static source-derived candidate only. The exported_file is the shared machine definition-index evidence, not a visual or renderer asset export. It is not an authoritative original-runtime baseline and establishes no runtime reachability, placement, asset usage, visual appearance, renderer suitability, human or owner acceptance, strict completion, or publication."
swf-definition-00619,157,,structural-shape-definition-candidate,source-assets/flash/HELP MATH_ORIGINAL FILES/HELP_COURSES/ELMGR5/L4/TI/L4TI09.swf,,migrations/course-g05-l04-ti-009/audit/machine/g5-l4-pre-runtime-swf-definition-inventory.csv,351f6c1eb075a37062d7bd82fa5556a412a5f08ce216bc22739dcb2a6d6a85e2,CSV definition-index record for DefineShape,,,"projection only; no asset bytes exported, transformed, redrawn, or generated",machine-extracted-structural-candidate,owner-provided SWF,"container=root; definitionDepth=0; tagOrdinal=619; payloadBytes=28; rawTagPayloadSha256=a7298c30c89b9b608eba17704ad665a879a7bdb734c30d3476632f02d3b34488; exactTagIdentitySha256=ba11d60c55c42638aea0674503782980912769020490dbafa9e222d28d375f60; runtime reachability unresolved; placement and bounds unresolved; renderer suitability unresolved; machineDefinitionIndexSha256=351f6c1eb075a37062d7bd82fa5556a412a5f08ce216bc22739dcb2a6d6a85e2; Structural/static source-derived candidate only. The exported_file is the shared machine definition-index evidence, not a visual or renderer asset export. It is not an authoritative original-runtime baseline and establishes no runtime reachability, placement, asset usage, visual appearance, renderer suitability, human or owner acceptance, strict completion, or publication."
swf-definition-00620,158,,structural-text-definition-candidate,source-assets/flash/HELP MATH_ORIGINAL FILES/HELP_COURSES/ELMGR5/L4/TI/L4TI09.swf,,migrations/course-g05-l04-ti-009/audit/machine/g5-l4-pre-runtime-swf-definition-inventory.csv,351f6c1eb075a37062d7bd82fa5556a412a5f08ce216bc22739dcb2a6d6a85e2,CSV definition-index record for DefineText,,,"projection only; no asset bytes exported, transformed, redrawn, or generated",machine-extracted-structural-candidate,owner-provided SWF,"container=root; definitionDepth=0; tagOrdinal=620; payloadBytes=44; rawTagPayloadSha256=563328d1cf273f7429e95ee3697b2095a6845587e32fbd72de276735dc5c3e10; exactTagIdentitySha256=122d044d4ebaaa62a502099f055b3a287fe160f3893795e8d0bba4f0cf664471; runtime reachability unresolved; placement and bounds unresolved; renderer suitability unresolved; machineDefinitionIndexSha256=351f6c1eb075a37062d7bd82fa5556a412a5f08ce216bc22739dcb2a6d6a85e2; Structural/static source-derived candidate only. The exported_file is the shared machine definition-index evidence, not a visual or renderer asset export. It is not an authoritative original-runtime baseline and establishes no runtime reachability, placement, asset usage, visual appearance, renderer suitability, human or owner acceptance, strict completion, or publication."
swf-definition-00621,159,,structural-shape-definition-candidate,source-assets/flash/HELP MATH_ORIGINAL FILES/HELP_COURSES/ELMGR5/L4/TI/L4TI09.swf,,migrations/course-g05-l04-ti-009/audit/machine/g5-l4-pre-runtime-swf-definition-inventory.csv,351f6c1eb075a37062d7bd82fa5556a412a5f08ce216bc22739dcb2a6d6a85e2,CSV definition-index record for DefineShape,,,"projection only; no asset bytes exported, transformed, redrawn, or generated",machine-extracted-structural-candidate,owner-provided SWF,"container=root; definitionDepth=0; tagOrdinal=621; payloadBytes=28; rawTagPayloadSha256=4160700cfc01572930a11ab700ddd64c0292203c3f63ed4f3d331d07bc817bab; exactTagIdentitySha256=ea35df0d3ef16b55d7b96b0bdc52582710816aa9b7ce068cd52868d454fe0fb3; runtime reachability unresolved; placement and bounds unresolved; renderer suitability unresolved; machineDefinitionIndexSha256=351f6c1eb075a37062d7bd82fa5556a412a5f08ce216bc22739dcb2a6d6a85e2; Structural/static source-derived candidate only. The exported_file is the shared machine definition-index evidence, not a visual or renderer asset export. It is not an authoritative original-runtime baseline and establishes no runtime reachability, placement, asset usage, visual appearance, renderer suitability, human or owner acceptance, strict completion, or publication."
swf-definition-00622,160,,structural-text-definition-candidate,source-assets/flash/HELP MATH_ORIGINAL FILES/HELP_COURSES/ELMGR5/L4/TI/L4TI09.swf,,migrations/course-g05-l04-ti-009/audit/machine/g5-l4-pre-runtime-swf-definition-inventory.csv,351f6c1eb075a37062d7bd82fa5556a412a5f08ce216bc22739dcb2a6d6a85e2,CSV definition-index record for DefineText,,,"projection only; no asset bytes exported, transformed, redrawn, or generated",machine-extracted-structural-candidate,owner-provided SWF,"container=root; definitionDepth=0; tagOrdinal=622; payloadBytes=44; rawTagPayloadSha256=b589b046479c68bed438b0a9b79f324375520ead10567d4c625d6bd3146432b4; exactTagIdentitySha256=27854b6a6d4ae1751ea5af1615987fbefe247c4d685df8e924c9a6bf5c09776b; runtime reachability unresolved; placement and bounds unresolved; renderer suitability unresolved; machineDefinitionIndexSha256=351f6c1eb075a37062d7bd82fa5556a412a5f08ce216bc22739dcb2a6d6a85e2; Structural/static source-derived candidate only. The exported_file is the shared machine definition-index evidence, not a visual or renderer asset export. It is not an authoritative original-runtime baseline and establishes no runtime reachability, placement, asset usage, visual appearance, renderer suitability, human or owner acceptance, strict completion, or publication."
swf-definition-00623,161,,structural-shape-definition-candidate,source-assets/flash/HELP MATH_ORIGINAL FILES/HELP_COURSES/ELMGR5/L4/TI/L4TI09.swf,,migrations/course-g05-l04-ti-009/audit/machine/g5-l4-pre-runtime-swf-definition-inventory.csv,351f6c1eb075a37062d7bd82fa5556a412a5f08ce216bc22739dcb2a6d6a85e2,CSV definition-index record for DefineShape,,,"projection only; no asset bytes exported, transformed, redrawn, or generated",machine-extracted-structural-candidate,owner-provided SWF,"container=root; definitionDepth=0; tagOrdinal=623; payloadBytes=31; rawTagPayloadSha256=767c08da7755e92986a0b46cbaf4dcb136af7b7e31ff7ddcf36bdf6b1749ca4f; exactTagIdentitySha256=675c1139c6873df1316a7081916cf560d25ed821fbf83e953c3fc0aee1cb95bf; runtime reachability unresolved; placement and bounds unresolved; renderer suitability unresolved; machineDefinitionIndexSha256=351f6c1eb075a37062d7bd82fa5556a412a5f08ce216bc22739dcb2a6d6a85e2; Structural/static source-derived candidate only. The exported_file is the shared machine definition-index evidence, not a visual or renderer asset export. It is not an authoritative original-runtime baseline and establishes no runtime reachability, placement, asset usage, visual appearance, renderer suitability, human or owner acceptance, strict completion, or publication."
swf-definition-00624,162,,structural-button-definition-candidate,source-assets/flash/HELP MATH_ORIGINAL FILES/HELP_COURSES/ELMGR5/L4/TI/L4TI09.swf,,migrations/course-g05-l04-ti-009/audit/machine/g5-l4-pre-runtime-swf-definition-inventory.csv,351f6c1eb075a37062d7bd82fa5556a412a5f08ce216bc22739dcb2a6d6a85e2,CSV definition-index record for DefineButton2,,,"projection only; no asset bytes exported, transformed, redrawn, or generated",machine-extracted-structural-candidate,owner-provided SWF,"container=root; definitionDepth=0; tagOrdinal=624; payloadBytes=171; rawTagPayloadSha256=67021dce31d2f8f37e9f106efcc1ea4ec49755a86b2f09ac3108493f213a60df; exactTagIdentitySha256=93506a3c96dd8cea1992268fe97482d26766c6038e6e510a5a517751fb3ae978; runtime reachability unresolved; placement and bounds unresolved; renderer suitability unresolved; machineDefinitionIndexSha256=351f6c1eb075a37062d7bd82fa5556a412a5f08ce216bc22739dcb2a6d6a85e2; Structural/static source-derived candidate only. The exported_file is the shared machine definition-index evidence, not a visual or renderer asset export. It is not an authoritative original-runtime baseline and establishes no runtime reachability, placement, asset usage, visual appearance, renderer suitability, human or owner acceptance, strict completion, or publication."
swf-definition-00625,163,,structural-button-definition-candidate,source-assets/flash/HELP MATH_ORIGINAL FILES/HELP_COURSES/ELMGR5/L4/TI/L4TI09.swf,,migrations/course-g05-l04-ti-009/audit/machine/g5-l4-pre-runtime-swf-definition-inventory.csv,351f6c1eb075a37062d7bd82fa5556a412a5f08ce216bc22739dcb2a6d6a85e2,CSV definition-index record for DefineButton2,,,"projection only; no asset bytes exported, transformed, redrawn, or generated",machine-extracted-structural-candidate,owner-provided SWF,"container=root; definitionDepth=0; tagOrdinal=625; payloadBytes=166; rawTagPayloadSha256=4577cd2282f8798d2e268767d3f564357e64b996b70b189b087fe39f3fab010e; exactTagIdentitySha256=b4abf9b75e9f1c2575b666d9aff69126dda9f6cbe94735fb219bf153078f0e97; runtime reachability unresolved; placement and bounds unresolved; renderer suitability unresolved; machineDefinitionIndexSha256=351f6c1eb075a37062d7bd82fa5556a412a5f08ce216bc22739dcb2a6d6a85e2; Structural/static source-derived candidate only. The exported_file is the shared machine definition-index evidence, not a visual or renderer asset export. It is not an authoritative original-runtime baseline and establishes no runtime reachability, placement, asset usage, visual appearance, renderer suitability, human or owner acceptance, strict completion, or publication."
swf-definition-00626,164,,structural-button-definition-candidate,source-assets/flash/HELP MATH_ORIGINAL FILES/HELP_COURSES/ELMGR5/L4/TI/L4TI09.swf,,migrations/course-g05-l04-ti-009/audit/machine/g5-l4-pre-runtime-swf-definition-inventory.csv,351f6c1eb075a37062d7bd82fa5556a412a5f08ce216bc22739dcb2a6d6a85e2,CSV definition-index record for DefineButton2,,,"projection only; no asset bytes exported, transformed, redrawn, or generated",machine-extracted-structural-candidate,owner-provided SWF,"container=root; definitionDepth=0; tagOrdinal=626; payloadBytes=168; rawTagPayloadSha256=8c05e2e292d2ff1cf0f9cfafeeb3d6689866d3001ce53b177f6ebb655504cb2c; exactTagIdentitySha256=7ebab37c2ec32e534562e3516cb85092d8741f28ae9dbb6b7254f2aa46fe8bf3; runtime reachability unresolved; placement and bounds unresolved; renderer suitability unresolved; machineDefinitionIndexSha256=351f6c1eb075a37062d7bd82fa5556a412a5f08ce216bc22739dcb2a6d6a85e2; Structural/static source-derived candidate only. The exported_file is the shared machine definition-index evidence, not a visual or renderer asset export. It is not an authoritative original-runtime baseline and establishes no runtime reachability, placement, asset usage, visual appearance, renderer suitability, human or owner acceptance, strict completion, or publication."
swf-definition-00627,165,,structural-button-definition-candidate,source-assets/flash/HELP MATH_ORIGINAL FILES/HELP_COURSES/ELMGR5/L4/TI/L4TI09.swf,,migrations/course-g05-l04-ti-009/audit/machine/g5-l4-pre-runtime-swf-definition-inventory.csv,351f6c1eb075a37062d7bd82fa5556a412a5f08ce216bc22739dcb2a6d6a85e2,CSV definition-index record for DefineButton2,,,"projection only; no asset bytes exported, transformed, redrawn, or generated",machine-extracted-structural-candidate,owner-provided SWF,"container=root; definitionDepth=0; tagOrdinal=627; payloadBytes=173; rawTagPayloadSha256=7f8c27408e9d73fbb77df02d733385fa597e72f9358637b35b31a379f6ae6db8; exactTagIdentitySha256=cda618f89e2dc38c11dac4815fce6e08aedc50a536408e647af876278781590b; runtime reachability unresolved; placement and bounds unresolved; renderer suitability unresolved; machineDefinitionIndexSha256=351f6c1eb075a37062d7bd82fa5556a412a5f08ce216bc22739dcb2a6d6a85e2; Structural/static source-derived candidate only. The exported_file is the shared machine definition-index evidence, not a visual or renderer asset export. It is not an authoritative original-runtime baseline and establishes no runtime reachability, placement, asset usage, visual appearance, renderer suitability, human or owner acceptance, strict completion, or publication."
swf-definition-00628,166,,structural-sprite-definition-candidate,source-assets/flash/HELP MATH_ORIGINAL FILES/HELP_COURSES/ELMGR5/L4/TI/L4TI09.swf,,migrations/course-g05-l04-ti-009/audit/machine/g5-l4-pre-runtime-swf-definition-inventory.csv,351f6c1eb075a37062d7bd82fa5556a412a5f08ce216bc22739dcb2a6d6a85e2,CSV definition-index record for DefineSprite,,,"projection only; no asset bytes exported, transformed, redrawn, or generated",machine-extracted-structural-candidate,owner-provided SWF,"container=root; definitionDepth=0; tagOrdinal=628; payloadBytes=457; rawTagPayloadSha256=39c13232eb0badde58dfec784fe8f98c06967ba0fa1335df4fed935cba64cfae; exactTagIdentitySha256=2cdfc06c81785cbfcad1abcb8019561b7dbfbad001f2ab8fd22e135310df8e11; declaredFrameCount=1; runtime reachability unresolved; placement and bounds unresolved; renderer suitability unresolved; machineDefinitionIndexSha256=351f6c1eb075a37062d7bd82fa5556a412a5f08ce216bc22739dcb2a6d6a85e2; Structural/static source-derived candidate only. The exported_file is the shared machine definition-index evidence, not a visual or renderer asset export. It is not an authoritative original-runtime baseline and establishes no runtime reachability, placement, asset usage, visual appearance, renderer suitability, human or owner acceptance, strict completion, or publication."
swf-definition-00670,167,,structural-shape-definition-candidate,source-assets/flash/HELP MATH_ORIGINAL FILES/HELP_COURSES/ELMGR5/L4/TI/L4TI09.swf,,migrations/course-g05-l04-ti-009/audit/machine/g5-l4-pre-runtime-swf-definition-inventory.csv,351f6c1eb075a37062d7bd82fa5556a412a5f08ce216bc22739dcb2a6d6a85e2,CSV definition-index record for DefineShape,,,"projection only; no asset bytes exported, transformed, redrawn, or generated",machine-extracted-structural-candidate,owner-provided SWF,"container=root; definitionDepth=0; tagOrdinal=670; payloadBytes=81; rawTagPayloadSha256=bc30e82a018b68f49659085222fca315831cf41a6d6c81dda7bde1b1d555457c; exactTagIdentitySha256=7323dc0ae4d2040e650f4a3683e03bb4179287aefbf782e51e6b044c381e260a; runtime reachability unresolved; placement and bounds unresolved; renderer suitability unresolved; machineDefinitionIndexSha256=351f6c1eb075a37062d7bd82fa5556a412a5f08ce216bc22739dcb2a6d6a85e2; Structural/static source-derived candidate only. The exported_file is the shared machine definition-index evidence, not a visual or renderer asset export. It is not an authoritative original-runtime baseline and establishes no runtime reachability, placement, asset usage, visual appearance, renderer suitability, human or owner acceptance, strict completion, or publication."
swf-definition-00671,168,,structural-font-definition-candidate,source-assets/flash/HELP MATH_ORIGINAL FILES/HELP_COURSES/ELMGR5/L4/TI/L4TI09.swf,,migrations/course-g05-l04-ti-009/audit/machine/g5-l4-pre-runtime-swf-definition-inventory.csv,351f6c1eb075a37062d7bd82fa5556a412a5f08ce216bc22739dcb2a6d6a85e2,CSV definition-index record for DefineFont2,,7,"projection only; no asset bytes exported, transformed, redrawn, or generated",machine-extracted-structural-candidate,owner-provided SWF,"swfEmbeddedFontName=Bertram LET; container=root; definitionDepth=0; tagOrdinal=671; payloadBytes=969; rawTagPayloadSha256=25ffc1dc97e2e786572613dda56c0e9f1e72e0fcab971245a37441182306f177; exactTagIdentitySha256=082bf4e379bbddc304f81821b3b88fcbedd67e4744487c17400edf32045998cc; runtime reachability unresolved; placement and bounds unresolved; renderer suitability unresolved; machineDefinitionIndexSha256=351f6c1eb075a37062d7bd82fa5556a412a5f08ce216bc22739dcb2a6d6a85e2; Structural/static source-derived candidate only. The exported_file is the shared machine definition-index evidence, not a visual or renderer asset export. It is not an authoritative original-runtime baseline and establishes no runtime reachability, placement, asset usage, visual appearance, renderer suitability, human or owner acceptance, strict completion, or publication."
swf-definition-00672,169,,structural-text-definition-candidate,source-assets/flash/HELP MATH_ORIGINAL FILES/HELP_COURSES/ELMGR5/L4/TI/L4TI09.swf,,migrations/course-g05-l04-ti-009/audit/machine/g5-l4-pre-runtime-swf-definition-inventory.csv,351f6c1eb075a37062d7bd82fa5556a412a5f08ce216bc22739dcb2a6d6a85e2,CSV definition-index record for DefineText,,,"projection only; no asset bytes exported, transformed, redrawn, or generated",machine-extracted-structural-candidate,owner-provided SWF,"container=root; definitionDepth=0; tagOrdinal=672; payloadBytes=43; rawTagPayloadSha256=da3f29d34f598e7e4fa7111554490890072cd5e82a94bc480eef9cc3485c1b4e; exactTagIdentitySha256=29f357e9ed51aaaf0df054a2c0119891a12851f226dc8ab3fbb0f34cbfc6c240; runtime reachability unresolved; placement and bounds unresolved; renderer suitability unresolved; machineDefinitionIndexSha256=351f6c1eb075a37062d7bd82fa5556a412a5f08ce216bc22739dcb2a6d6a85e2; Structural/static source-derived candidate only. The exported_file is the shared machine definition-index evidence, not a visual or renderer asset export. It is not an authoritative original-runtime baseline and establishes no runtime reachability, placement, asset usage, visual appearance, renderer suitability, human or owner acceptance, strict completion, or publication."
swf-definition-00673,170,,structural-sprite-definition-candidate,source-assets/flash/HELP MATH_ORIGINAL FILES/HELP_COURSES/ELMGR5/L4/TI/L4TI09.swf,,migrations/course-g05-l04-ti-009/audit/machine/g5-l4-pre-runtime-swf-definition-inventory.csv,351f6c1eb075a37062d7bd82fa5556a412a5f08ce216bc22739dcb2a6d6a85e2,CSV definition-index record for DefineSprite,,,"projection only; no asset bytes exported, transformed, redrawn, or generated",machine-extracted-structural-candidate,owner-provided SWF,"container=root; definitionDepth=0; tagOrdinal=673; payloadBytes=162; rawTagPayloadSha256=bc1ea75ac30a7ddea700886575e66f2b2eefb386007e0b596ae9f74222bf0ba2; exactTagIdentitySha256=c4605e9bac4eaa83232b8a244272a29b32fef0b5f74a7828ce02fee752bf5468; declaredFrameCount=25; runtime reachability unresolved; placement and bounds unresolved; renderer suitability unresolved; machineDefinitionIndexSha256=351f6c1eb075a37062d7bd82fa5556a412a5f08ce216bc22739dcb2a6d6a85e2; Structural/static source-derived candidate only. The exported_file is the shared machine definition-index evidence, not a visual or renderer asset export. It is not an authoritative original-runtime baseline and establishes no runtime reachability, placement, asset usage, visual appearance, renderer suitability, human or owner acceptance, strict completion, or publication."
swf-definition-00704,171,,structural-sprite-definition-candidate,source-assets/flash/HELP MATH_ORIGINAL FILES/HELP_COURSES/ELMGR5/L4/TI/L4TI09.swf,,migrations/course-g05-l04-ti-009/audit/machine/g5-l4-pre-runtime-swf-definition-inventory.csv,351f6c1eb075a37062d7bd82fa5556a412a5f08ce216bc22739dcb2a6d6a85e2,CSV definition-index record for DefineSprite,,,"projection only; no asset bytes exported, transformed, redrawn, or generated",machine-extracted-structural-candidate,owner-provided SWF,"container=root; definitionDepth=0; tagOrdinal=704; payloadBytes=53707; rawTagPayloadSha256=eacec8aab29b53119a625cb65752a20f60c93a2208fcf9fc221b498d3b8ddb3f; exactTagIdentitySha256=4164c2205b29333305a573afcdf7ce5dc5cc40594c92f67f05141b8f4ad9e78f; declaredFrameCount=114; runtime reachability unresolved; placement and bounds unresolved; renderer suitability unresolved; machineDefinitionIndexSha256=351f6c1eb075a37062d7bd82fa5556a412a5f08ce216bc22739dcb2a6d6a85e2; Structural/static source-derived candidate only. The exported_file is the shared machine definition-index evidence, not a visual or renderer asset export. It is not an authoritative original-runtime baseline and establishes no runtime reachability, placement, asset usage, visual appearance, renderer suitability, human or owner acceptance, strict completion, or publication."
