asset_id,swf_character_id,library_symbol,type,source_file,source_frame,exported_file,sha256,format,dimensions_or_bounds,font_glyphs,transformation,confidence,license_or_provenance,notes
swf-definition-00003,1,,structural-shape-definition-candidate,source-assets/flash/HELP MATH_ORIGINAL FILES/HELP_COURSES/ELMGR5/L4/VB/L4VB03.swf,,migrations/course-g05-l04-vb-003/audit/machine/g5-l4-pre-runtime-swf-definition-inventory.csv,7a2642a296274546c6a348d77c29f3c30d8992f5e7aeb4bab610514c4fbf64eb,CSV definition-index record for DefineShape3,,,"projection only; no asset bytes exported, transformed, redrawn, or generated",machine-extracted-structural-candidate,owner-provided SWF,"container=root; definitionDepth=0; tagOrdinal=3; payloadBytes=133; rawTagPayloadSha256=0d2a1f2e0c51789b3749aa04e08719081cc47d28f4e24f1e4ca12d209c14456a; exactTagIdentitySha256=115bd458c36a6c41d677511de42587500fedd6a6ef432c177b193050993045ad; runtime reachability unresolved; placement and bounds unresolved; renderer suitability unresolved; machineDefinitionIndexSha256=7a2642a296274546c6a348d77c29f3c30d8992f5e7aeb4bab610514c4fbf64eb; Structural/static source-derived candidate only. The exported_file is the shared machine definition-index evidence, not a visual or renderer asset export. It is not an authoritative original-runtime baseline and establishes no runtime reachability, placement, asset usage, visual appearance, renderer suitability, human or owner acceptance, strict completion, or publication."
swf-definition-00004,2,,structural-font-definition-candidate,source-assets/flash/HELP MATH_ORIGINAL FILES/HELP_COURSES/ELMGR5/L4/VB/L4VB03.swf,,migrations/course-g05-l04-vb-003/audit/machine/g5-l4-pre-runtime-swf-definition-inventory.csv,7a2642a296274546c6a348d77c29f3c30d8992f5e7aeb4bab610514c4fbf64eb,CSV definition-index record for DefineFont2,,29,"projection only; no asset bytes exported, transformed, redrawn, or generated",machine-extracted-structural-candidate,owner-provided SWF,"swfEmbeddedFontName=Bauhaus Md BT; container=root; definitionDepth=0; tagOrdinal=4; payloadBytes=2235; rawTagPayloadSha256=cfe698f23451d8ae9f6c7023b53f8511efc3d9f0c1922f8986c93a1fba2c4c03; exactTagIdentitySha256=8b2fcc7a522f6c8add71c215e8c50552f5c45d1b627488f95795fcce91967f47; runtime reachability unresolved; placement and bounds unresolved; renderer suitability unresolved; machineDefinitionIndexSha256=7a2642a296274546c6a348d77c29f3c30d8992f5e7aeb4bab610514c4fbf64eb; Structural/static source-derived candidate only. The exported_file is the shared machine definition-index evidence, not a visual or renderer asset export. It is not an authoritative original-runtime baseline and establishes no runtime reachability, placement, asset usage, visual appearance, renderer suitability, human or owner acceptance, strict completion, or publication."
swf-definition-00005,3,,structural-text-definition-candidate,source-assets/flash/HELP MATH_ORIGINAL FILES/HELP_COURSES/ELMGR5/L4/VB/L4VB03.swf,,migrations/course-g05-l04-vb-003/audit/machine/g5-l4-pre-runtime-swf-definition-inventory.csv,7a2642a296274546c6a348d77c29f3c30d8992f5e7aeb4bab610514c4fbf64eb,CSV definition-index record for DefineText,,,"projection only; no asset bytes exported, transformed, redrawn, or generated",machine-extracted-structural-candidate,owner-provided SWF,"container=root; definitionDepth=0; tagOrdinal=5; payloadBytes=86; rawTagPayloadSha256=3cd635d4db04b85e40041802726b87328d94d799e5a30dd825746fc6a2c1ddf9; exactTagIdentitySha256=aa2b0203789567403e4a8781b83f38a6ca203a5328124cfc65ccba7a39b9e4f3; runtime reachability unresolved; placement and bounds unresolved; renderer suitability unresolved; machineDefinitionIndexSha256=7a2642a296274546c6a348d77c29f3c30d8992f5e7aeb4bab610514c4fbf64eb; Structural/static source-derived candidate only. The exported_file is the shared machine definition-index evidence, not a visual or renderer asset export. It is not an authoritative original-runtime baseline and establishes no runtime reachability, placement, asset usage, visual appearance, renderer suitability, human or owner acceptance, strict completion, or publication."
swf-definition-00006,4,,structural-shape-definition-candidate,source-assets/flash/HELP MATH_ORIGINAL FILES/HELP_COURSES/ELMGR5/L4/VB/L4VB03.swf,,migrations/course-g05-l04-vb-003/audit/machine/g5-l4-pre-runtime-swf-definition-inventory.csv,7a2642a296274546c6a348d77c29f3c30d8992f5e7aeb4bab610514c4fbf64eb,CSV definition-index record for DefineShape,,,"projection only; no asset bytes exported, transformed, redrawn, or generated",machine-extracted-structural-candidate,owner-provided SWF,"container=root; definitionDepth=0; tagOrdinal=6; payloadBytes=31; rawTagPayloadSha256=6df74854b8ce0d982ee04a1687ea367b36e5cb30c64038617d6b3bcae3824c46; exactTagIdentitySha256=a482f880b4a30e972516d71e6d4a401cf0a1079ddf675ff2e75eec915b509e8b; runtime reachability unresolved; placement and bounds unresolved; renderer suitability unresolved; machineDefinitionIndexSha256=7a2642a296274546c6a348d77c29f3c30d8992f5e7aeb4bab610514c4fbf64eb; Structural/static source-derived candidate only. The exported_file is the shared machine definition-index evidence, not a visual or renderer asset export. It is not an authoritative original-runtime baseline and establishes no runtime reachability, placement, asset usage, visual appearance, renderer suitability, human or owner acceptance, strict completion, or publication."
swf-definition-00007,5,,structural-button-definition-candidate,source-assets/flash/HELP MATH_ORIGINAL FILES/HELP_COURSES/ELMGR5/L4/VB/L4VB03.swf,,migrations/course-g05-l04-vb-003/audit/machine/g5-l4-pre-runtime-swf-definition-inventory.csv,7a2642a296274546c6a348d77c29f3c30d8992f5e7aeb4bab610514c4fbf64eb,CSV definition-index record for DefineButton2,,,"projection only; no asset bytes exported, transformed, redrawn, or generated",machine-extracted-structural-candidate,owner-provided SWF,"container=root; definitionDepth=0; tagOrdinal=7; payloadBytes=185; rawTagPayloadSha256=d84eefa48ce9f87a28adc27be05f46e872d93097eaf4f10689d54af664e70728; exactTagIdentitySha256=ca1187b9d3ffcd9be40a1b5902bdf3e4725a1de3193d7e8d7fbc851a4f7f451f; runtime reachability unresolved; placement and bounds unresolved; renderer suitability unresolved; machineDefinitionIndexSha256=7a2642a296274546c6a348d77c29f3c30d8992f5e7aeb4bab610514c4fbf64eb; Structural/static source-derived candidate only. The exported_file is the shared machine definition-index evidence, not a visual or renderer asset export. It is not an authoritative original-runtime baseline and establishes no runtime reachability, placement, asset usage, visual appearance, renderer suitability, human or owner acceptance, strict completion, or publication."
swf-definition-00008,6,,structural-font-definition-candidate,source-assets/flash/HELP MATH_ORIGINAL FILES/HELP_COURSES/ELMGR5/L4/VB/L4VB03.swf,,migrations/course-g05-l04-vb-003/audit/machine/g5-l4-pre-runtime-swf-definition-inventory.csv,7a2642a296274546c6a348d77c29f3c30d8992f5e7aeb4bab610514c4fbf64eb,CSV definition-index record for DefineFont2,,45,"projection only; no asset bytes exported, transformed, redrawn, or generated",machine-extracted-structural-candidate,owner-provided SWF,"swfEmbeddedFontName=Bauhaus Md BT; container=root; definitionDepth=0; tagOrdinal=8; payloadBytes=3114; rawTagPayloadSha256=16e93be3a36a3a0be4a28d97a24c4386fc3efabbe5dea5010afe3d3088315b5d; exactTagIdentitySha256=5d344762d10e7edfee0deed18a6c8d5c6a089a8dbd271f22f909471504225abe; runtime reachability unresolved; placement and bounds unresolved; renderer suitability unresolved; machineDefinitionIndexSha256=7a2642a296274546c6a348d77c29f3c30d8992f5e7aeb4bab610514c4fbf64eb; Structural/static source-derived candidate only. The exported_file is the shared machine definition-index evidence, not a visual or renderer asset export. It is not an authoritative original-runtime baseline and establishes no runtime reachability, placement, asset usage, visual appearance, renderer suitability, human or owner acceptance, strict completion, or publication."
swf-definition-00009,7,,structural-font-definition-candidate,source-assets/flash/HELP MATH_ORIGINAL FILES/HELP_COURSES/ELMGR5/L4/VB/L4VB03.swf,,migrations/course-g05-l04-vb-003/audit/machine/g5-l4-pre-runtime-swf-definition-inventory.csv,7a2642a296274546c6a348d77c29f3c30d8992f5e7aeb4bab610514c4fbf64eb,CSV definition-index record for DefineFont2,,10,"projection only; no asset bytes exported, transformed, redrawn, or generated",machine-extracted-structural-candidate,owner-provided SWF,"swfEmbeddedFontName=Arial; container=root; definitionDepth=0; tagOrdinal=9; payloadBytes=851; rawTagPayloadSha256=b1eec906779bc06c5868eb3fc3c3d5f261d24fe084578a54c9aa91655ace3316; exactTagIdentitySha256=8cd85d67a5e632e413dfd13977e4afc394adb72519ae15df33c3ac1bf04aad10; runtime reachability unresolved; placement and bounds unresolved; renderer suitability unresolved; machineDefinitionIndexSha256=7a2642a296274546c6a348d77c29f3c30d8992f5e7aeb4bab610514c4fbf64eb; Structural/static source-derived candidate only. The exported_file is the shared machine definition-index evidence, not a visual or renderer asset export. It is not an authoritative original-runtime baseline and establishes no runtime reachability, placement, asset usage, visual appearance, renderer suitability, human or owner acceptance, strict completion, or publication."
swf-definition-00010,8,,structural-text-definition-candidate,source-assets/flash/HELP MATH_ORIGINAL FILES/HELP_COURSES/ELMGR5/L4/VB/L4VB03.swf,,migrations/course-g05-l04-vb-003/audit/machine/g5-l4-pre-runtime-swf-definition-inventory.csv,7a2642a296274546c6a348d77c29f3c30d8992f5e7aeb4bab610514c4fbf64eb,CSV definition-index record for DefineText,,,"projection only; no asset bytes exported, transformed, redrawn, or generated",machine-extracted-structural-candidate,owner-provided SWF,"container=root; definitionDepth=0; tagOrdinal=10; payloadBytes=82; rawTagPayloadSha256=92f2e0aa0ad4c9b30759985969969f03e6d67f27344b9f4369d2e34aa7eb971e; exactTagIdentitySha256=38afa82ca35e7e48cab7522770e43710cf68a2e94ea416bea727542a5e240bd6; runtime reachability unresolved; placement and bounds unresolved; renderer suitability unresolved; machineDefinitionIndexSha256=7a2642a296274546c6a348d77c29f3c30d8992f5e7aeb4bab610514c4fbf64eb; Structural/static source-derived candidate only. The exported_file is the shared machine definition-index evidence, not a visual or renderer asset export. It is not an authoritative original-runtime baseline and establishes no runtime reachability, placement, asset usage, visual appearance, renderer suitability, human or owner acceptance, strict completion, or publication."
swf-definition-00011,9,,structural-button-definition-candidate,source-assets/flash/HELP MATH_ORIGINAL FILES/HELP_COURSES/ELMGR5/L4/VB/L4VB03.swf,,migrations/course-g05-l04-vb-003/audit/machine/g5-l4-pre-runtime-swf-definition-inventory.csv,7a2642a296274546c6a348d77c29f3c30d8992f5e7aeb4bab610514c4fbf64eb,CSV definition-index record for DefineButton2,,,"projection only; no asset bytes exported, transformed, redrawn, or generated",machine-extracted-structural-candidate,owner-provided SWF,"container=root; definitionDepth=0; tagOrdinal=11; payloadBytes=178; rawTagPayloadSha256=ab282317d911c6222e713fccf857eee57dc8d6ace9d32ff3e8acb8032c32afa9; exactTagIdentitySha256=666de3045bb768e757e2f410288fed0797e76440adb8b165bcccfc5cdb052397; runtime reachability unresolved; placement and bounds unresolved; renderer suitability unresolved; machineDefinitionIndexSha256=7a2642a296274546c6a348d77c29f3c30d8992f5e7aeb4bab610514c4fbf64eb; Structural/static source-derived candidate only. The exported_file is the shared machine definition-index evidence, not a visual or renderer asset export. It is not an authoritative original-runtime baseline and establishes no runtime reachability, placement, asset usage, visual appearance, renderer suitability, human or owner acceptance, strict completion, or publication."
swf-definition-00012,10,,structural-text-definition-candidate,source-assets/flash/HELP MATH_ORIGINAL FILES/HELP_COURSES/ELMGR5/L4/VB/L4VB03.swf,,migrations/course-g05-l04-vb-003/audit/machine/g5-l4-pre-runtime-swf-definition-inventory.csv,7a2642a296274546c6a348d77c29f3c30d8992f5e7aeb4bab610514c4fbf64eb,CSV definition-index record for DefineText,,,"projection only; no asset bytes exported, transformed, redrawn, or generated",machine-extracted-structural-candidate,owner-provided SWF,"container=root; definitionDepth=0; tagOrdinal=12; payloadBytes=81; rawTagPayloadSha256=ba4e2bf00f98b54fdc4b86e9a9d10f661755fe9d159a506530ea4511dbb62c30; exactTagIdentitySha256=a892fa67efd311e72bd00cbf7836d500df352a31fc3e6f0e1f46c3e8e319b23c; runtime reachability unresolved; placement and bounds unresolved; renderer suitability unresolved; machineDefinitionIndexSha256=7a2642a296274546c6a348d77c29f3c30d8992f5e7aeb4bab610514c4fbf64eb; Structural/static source-derived candidate only. The exported_file is the shared machine definition-index evidence, not a visual or renderer asset export. It is not an authoritative original-runtime baseline and establishes no runtime reachability, placement, asset usage, visual appearance, renderer suitability, human or owner acceptance, strict completion, or publication."
swf-definition-00013,11,,structural-text-definition-candidate,source-assets/flash/HELP MATH_ORIGINAL FILES/HELP_COURSES/ELMGR5/L4/VB/L4VB03.swf,,migrations/course-g05-l04-vb-003/audit/machine/g5-l4-pre-runtime-swf-definition-inventory.csv,7a2642a296274546c6a348d77c29f3c30d8992f5e7aeb4bab610514c4fbf64eb,CSV definition-index record for DefineText,,,"projection only; no asset bytes exported, transformed, redrawn, or generated",machine-extracted-structural-candidate,owner-provided SWF,"container=root; definitionDepth=0; tagOrdinal=13; payloadBytes=192; rawTagPayloadSha256=5c4dbe532538f18491b5008ffa263ad432dd1ec1e0368ea41c7d3e186b8ef147; exactTagIdentitySha256=e0a962a791dd175138bc48b8e2583242405bc4787684e6b9bd142fa810d5a728; runtime reachability unresolved; placement and bounds unresolved; renderer suitability unresolved; machineDefinitionIndexSha256=7a2642a296274546c6a348d77c29f3c30d8992f5e7aeb4bab610514c4fbf64eb; Structural/static source-derived candidate only. The exported_file is the shared machine definition-index evidence, not a visual or renderer asset export. It is not an authoritative original-runtime baseline and establishes no runtime reachability, placement, asset usage, visual appearance, renderer suitability, human or owner acceptance, strict completion, or publication."
swf-definition-00014,12,,structural-text-definition-candidate,source-assets/flash/HELP MATH_ORIGINAL FILES/HELP_COURSES/ELMGR5/L4/VB/L4VB03.swf,,migrations/course-g05-l04-vb-003/audit/machine/g5-l4-pre-runtime-swf-definition-inventory.csv,7a2642a296274546c6a348d77c29f3c30d8992f5e7aeb4bab610514c4fbf64eb,CSV definition-index record for DefineText,,,"projection only; no asset bytes exported, transformed, redrawn, or generated",machine-extracted-structural-candidate,owner-provided SWF,"container=root; definitionDepth=0; tagOrdinal=14; payloadBytes=88; rawTagPayloadSha256=871a86ccc5a80310e98d57a8ac8dd92e334e9464514d0866b4c081b786fc1f8d; exactTagIdentitySha256=1a45769641ee148a0cdd4d9026d7bf5cafccd63a0d489505adde6016a0de7e61; runtime reachability unresolved; placement and bounds unresolved; renderer suitability unresolved; machineDefinitionIndexSha256=7a2642a296274546c6a348d77c29f3c30d8992f5e7aeb4bab610514c4fbf64eb; Structural/static source-derived candidate only. The exported_file is the shared machine definition-index evidence, not a visual or renderer asset export. It is not an authoritative original-runtime baseline and establishes no runtime reachability, placement, asset usage, visual appearance, renderer suitability, human or owner acceptance, strict completion, or publication."
swf-definition-00015,13,,structural-text-definition-candidate,source-assets/flash/HELP MATH_ORIGINAL FILES/HELP_COURSES/ELMGR5/L4/VB/L4VB03.swf,,migrations/course-g05-l04-vb-003/audit/machine/g5-l4-pre-runtime-swf-definition-inventory.csv,7a2642a296274546c6a348d77c29f3c30d8992f5e7aeb4bab610514c4fbf64eb,CSV definition-index record for DefineText,,,"projection only; no asset bytes exported, transformed, redrawn, or generated",machine-extracted-structural-candidate,owner-provided SWF,"container=root; definitionDepth=0; tagOrdinal=15; payloadBytes=184; rawTagPayloadSha256=9b29101c9cc06c17cdb496438c9b48fe048aba7be92c5d594127199e2fc1850a; exactTagIdentitySha256=321f446704a961a9bd6313fe6381dfd53ab3991313634df84a74eef58c525d81; runtime reachability unresolved; placement and bounds unresolved; renderer suitability unresolved; machineDefinitionIndexSha256=7a2642a296274546c6a348d77c29f3c30d8992f5e7aeb4bab610514c4fbf64eb; Structural/static source-derived candidate only. The exported_file is the shared machine definition-index evidence, not a visual or renderer asset export. It is not an authoritative original-runtime baseline and establishes no runtime reachability, placement, asset usage, visual appearance, renderer suitability, human or owner acceptance, strict completion, or publication."
swf-definition-00016,14,,structural-text-definition-candidate,source-assets/flash/HELP MATH_ORIGINAL FILES/HELP_COURSES/ELMGR5/L4/VB/L4VB03.swf,,migrations/course-g05-l04-vb-003/audit/machine/g5-l4-pre-runtime-swf-definition-inventory.csv,7a2642a296274546c6a348d77c29f3c30d8992f5e7aeb4bab610514c4fbf64eb,CSV definition-index record for DefineText,,,"projection only; no asset bytes exported, transformed, redrawn, or generated",machine-extracted-structural-candidate,owner-provided SWF,"container=root; definitionDepth=0; tagOrdinal=16; payloadBytes=146; rawTagPayloadSha256=d79441f2de726ee97fb4f914cb70f338eccf94a6321996ef49107b68c980a4eb; exactTagIdentitySha256=26507c9cdfd0e24fa62185555f044deca19d4c9d82669183cd559da232449dde; runtime reachability unresolved; placement and bounds unresolved; renderer suitability unresolved; machineDefinitionIndexSha256=7a2642a296274546c6a348d77c29f3c30d8992f5e7aeb4bab610514c4fbf64eb; Structural/static source-derived candidate only. The exported_file is the shared machine definition-index evidence, not a visual or renderer asset export. It is not an authoritative original-runtime baseline and establishes no runtime reachability, placement, asset usage, visual appearance, renderer suitability, human or owner acceptance, strict completion, or publication."
swf-definition-00017,15,,structural-shape-definition-candidate,source-assets/flash/HELP MATH_ORIGINAL FILES/HELP_COURSES/ELMGR5/L4/VB/L4VB03.swf,,migrations/course-g05-l04-vb-003/audit/machine/g5-l4-pre-runtime-swf-definition-inventory.csv,7a2642a296274546c6a348d77c29f3c30d8992f5e7aeb4bab610514c4fbf64eb,CSV definition-index record for DefineShape,,,"projection only; no asset bytes exported, transformed, redrawn, or generated",machine-extracted-structural-candidate,owner-provided SWF,"container=root; definitionDepth=0; tagOrdinal=17; payloadBytes=28; rawTagPayloadSha256=df70bebd09408686e27a5b3ea8c38148810ba6360e1759b2f141bb3d0391a3b1; exactTagIdentitySha256=2d4089be9c5ffa00e81f81dee5a71e4a5f15397a998d7fd6f4ee36c3b30014e1; runtime reachability unresolved; placement and bounds unresolved; renderer suitability unresolved; machineDefinitionIndexSha256=7a2642a296274546c6a348d77c29f3c30d8992f5e7aeb4bab610514c4fbf64eb; Structural/static source-derived candidate only. The exported_file is the shared machine definition-index evidence, not a visual or renderer asset export. It is not an authoritative original-runtime baseline and establishes no runtime reachability, placement, asset usage, visual appearance, renderer suitability, human or owner acceptance, strict completion, or publication."
swf-definition-00018,16,,structural-text-definition-candidate,source-assets/flash/HELP MATH_ORIGINAL FILES/HELP_COURSES/ELMGR5/L4/VB/L4VB03.swf,,migrations/course-g05-l04-vb-003/audit/machine/g5-l4-pre-runtime-swf-definition-inventory.csv,7a2642a296274546c6a348d77c29f3c30d8992f5e7aeb4bab610514c4fbf64eb,CSV definition-index record for DefineText,,,"projection only; no asset bytes exported, transformed, redrawn, or generated",machine-extracted-structural-candidate,owner-provided SWF,"container=root; definitionDepth=0; tagOrdinal=18; payloadBytes=162; rawTagPayloadSha256=cb673fa19c0180887b0ea14d6a899f659a4cfcb176415c96f6f767e64c4af8ec; exactTagIdentitySha256=31665ba29e8ffa7bcf1daa6e8bb969b4068a82c1b1b21edec37a6ee2c1ccfcd5; runtime reachability unresolved; placement and bounds unresolved; renderer suitability unresolved; machineDefinitionIndexSha256=7a2642a296274546c6a348d77c29f3c30d8992f5e7aeb4bab610514c4fbf64eb; Structural/static source-derived candidate only. The exported_file is the shared machine definition-index evidence, not a visual or renderer asset export. It is not an authoritative original-runtime baseline and establishes no runtime reachability, placement, asset usage, visual appearance, renderer suitability, human or owner acceptance, strict completion, or publication."
swf-definition-00019,17,,structural-button-definition-candidate,source-assets/flash/HELP MATH_ORIGINAL FILES/HELP_COURSES/ELMGR5/L4/VB/L4VB03.swf,,migrations/course-g05-l04-vb-003/audit/machine/g5-l4-pre-runtime-swf-definition-inventory.csv,7a2642a296274546c6a348d77c29f3c30d8992f5e7aeb4bab610514c4fbf64eb,CSV definition-index record for DefineButton2,,,"projection only; no asset bytes exported, transformed, redrawn, or generated",machine-extracted-structural-candidate,owner-provided SWF,"container=root; definitionDepth=0; tagOrdinal=19; payloadBytes=174; rawTagPayloadSha256=c5ef503b2b63e9fa944f1a3f5a42435aff2b55eff4abf50d5f0433aec86830d6; exactTagIdentitySha256=e090ee32260a32210e67a1f10343b79b66aa992054601b2f6929f531141e9807; runtime reachability unresolved; placement and bounds unresolved; renderer suitability unresolved; machineDefinitionIndexSha256=7a2642a296274546c6a348d77c29f3c30d8992f5e7aeb4bab610514c4fbf64eb; Structural/static source-derived candidate only. The exported_file is the shared machine definition-index evidence, not a visual or renderer asset export. It is not an authoritative original-runtime baseline and establishes no runtime reachability, placement, asset usage, visual appearance, renderer suitability, human or owner acceptance, strict completion, or publication."
swf-definition-00020,18,,structural-sprite-definition-candidate,source-assets/flash/HELP MATH_ORIGINAL FILES/HELP_COURSES/ELMGR5/L4/VB/L4VB03.swf,,migrations/course-g05-l04-vb-003/audit/machine/g5-l4-pre-runtime-swf-definition-inventory.csv,7a2642a296274546c6a348d77c29f3c30d8992f5e7aeb4bab610514c4fbf64eb,CSV definition-index record for DefineSprite,,,"projection only; no asset bytes exported, transformed, redrawn, or generated",machine-extracted-structural-candidate,owner-provided SWF,"container=root; definitionDepth=0; tagOrdinal=20; payloadBytes=171; rawTagPayloadSha256=be52deabca9bdee85551efc00639dd78a2a66743d482926be349753bb36e36da; exactTagIdentitySha256=5747832a358288b5fac2e9ef15dab43dddba3efd8d0dd95c529065c2779ca0b9; declaredFrameCount=1; runtime reachability unresolved; placement and bounds unresolved; renderer suitability unresolved; machineDefinitionIndexSha256=7a2642a296274546c6a348d77c29f3c30d8992f5e7aeb4bab610514c4fbf64eb; Structural/static source-derived candidate only. The exported_file is the shared machine definition-index evidence, not a visual or renderer asset export. It is not an authoritative original-runtime baseline and establishes no runtime reachability, placement, asset usage, visual appearance, renderer suitability, human or owner acceptance, strict completion, or publication."
swf-definition-00037,19,,structural-shape-definition-candidate,source-assets/flash/HELP MATH_ORIGINAL FILES/HELP_COURSES/ELMGR5/L4/VB/L4VB03.swf,,migrations/course-g05-l04-vb-003/audit/machine/g5-l4-pre-runtime-swf-definition-inventory.csv,7a2642a296274546c6a348d77c29f3c30d8992f5e7aeb4bab610514c4fbf64eb,CSV definition-index record for DefineShape2,,,"projection only; no asset bytes exported, transformed, redrawn, or generated",machine-extracted-structural-candidate,owner-provided SWF,"container=root; definitionDepth=0; tagOrdinal=37; payloadBytes=170; rawTagPayloadSha256=5adf845b88e9020085effa81f5febdfd8a92bfe1b83f453a33c068dd53de5265; exactTagIdentitySha256=a264b1e02142a6eab9ce46d9b28ba5424e1ce11d4d173c8ee96f025b13fb629e; runtime reachability unresolved; placement and bounds unresolved; renderer suitability unresolved; machineDefinitionIndexSha256=7a2642a296274546c6a348d77c29f3c30d8992f5e7aeb4bab610514c4fbf64eb; Structural/static source-derived candidate only. The exported_file is the shared machine definition-index evidence, not a visual or renderer asset export. It is not an authoritative original-runtime baseline and establishes no runtime reachability, placement, asset usage, visual appearance, renderer suitability, human or owner acceptance, strict completion, or publication."
swf-definition-00038,20,,structural-shape-definition-candidate,source-assets/flash/HELP MATH_ORIGINAL FILES/HELP_COURSES/ELMGR5/L4/VB/L4VB03.swf,,migrations/course-g05-l04-vb-003/audit/machine/g5-l4-pre-runtime-swf-definition-inventory.csv,7a2642a296274546c6a348d77c29f3c30d8992f5e7aeb4bab610514c4fbf64eb,CSV definition-index record for DefineShape3,,,"projection only; no asset bytes exported, transformed, redrawn, or generated",machine-extracted-structural-candidate,owner-provided SWF,"container=root; definitionDepth=0; tagOrdinal=38; payloadBytes=97; rawTagPayloadSha256=c156652197ac6bc1a9cb7f057ae9416ccb12e72abdf8dc3909e8836981c70420; exactTagIdentitySha256=45e103219ca7a8de554ac271a55bad4d27e602843be29297c97ba257746966ce; runtime reachability unresolved; placement and bounds unresolved; renderer suitability unresolved; machineDefinitionIndexSha256=7a2642a296274546c6a348d77c29f3c30d8992f5e7aeb4bab610514c4fbf64eb; Structural/static source-derived candidate only. The exported_file is the shared machine definition-index evidence, not a visual or renderer asset export. It is not an authoritative original-runtime baseline and establishes no runtime reachability, placement, asset usage, visual appearance, renderer suitability, human or owner acceptance, strict completion, or publication."
swf-definition-00039,21,,structural-text-definition-candidate,source-assets/flash/HELP MATH_ORIGINAL FILES/HELP_COURSES/ELMGR5/L4/VB/L4VB03.swf,,migrations/course-g05-l04-vb-003/audit/machine/g5-l4-pre-runtime-swf-definition-inventory.csv,7a2642a296274546c6a348d77c29f3c30d8992f5e7aeb4bab610514c4fbf64eb,CSV definition-index record for DefineText,,,"projection only; no asset bytes exported, transformed, redrawn, or generated",machine-extracted-structural-candidate,owner-provided SWF,"container=root; definitionDepth=0; tagOrdinal=39; payloadBytes=53; rawTagPayloadSha256=a3d9fef7a423c108b583df55f4ef5273f784a7ceb771ac1bcf6d4ccc951873a4; exactTagIdentitySha256=ddb077fce56c286a58822434d8914b5dc142cf703e72d5f7699bb0364b60d7bc; runtime reachability unresolved; placement and bounds unresolved; renderer suitability unresolved; machineDefinitionIndexSha256=7a2642a296274546c6a348d77c29f3c30d8992f5e7aeb4bab610514c4fbf64eb; Structural/static source-derived candidate only. The exported_file is the shared machine definition-index evidence, not a visual or renderer asset export. It is not an authoritative original-runtime baseline and establishes no runtime reachability, placement, asset usage, visual appearance, renderer suitability, human or owner acceptance, strict completion, or publication."
swf-definition-00040,22,,structural-text-definition-candidate,source-assets/flash/HELP MATH_ORIGINAL FILES/HELP_COURSES/ELMGR5/L4/VB/L4VB03.swf,,migrations/course-g05-l04-vb-003/audit/machine/g5-l4-pre-runtime-swf-definition-inventory.csv,7a2642a296274546c6a348d77c29f3c30d8992f5e7aeb4bab610514c4fbf64eb,CSV definition-index record for DefineText,,,"projection only; no asset bytes exported, transformed, redrawn, or generated",machine-extracted-structural-candidate,owner-provided SWF,"container=root; definitionDepth=0; tagOrdinal=40; payloadBytes=53; rawTagPayloadSha256=263256285942569f8fc11d479fde5dbdf161f9f2de8a9505843bb5993f9951ae; exactTagIdentitySha256=1b937be9f6946526fc24db37d31ca915fc9371549cc7ed8ada558df421e0b9ed; runtime reachability unresolved; placement and bounds unresolved; renderer suitability unresolved; machineDefinitionIndexSha256=7a2642a296274546c6a348d77c29f3c30d8992f5e7aeb4bab610514c4fbf64eb; Structural/static source-derived candidate only. The exported_file is the shared machine definition-index evidence, not a visual or renderer asset export. It is not an authoritative original-runtime baseline and establishes no runtime reachability, placement, asset usage, visual appearance, renderer suitability, human or owner acceptance, strict completion, or publication."
swf-definition-00041,23,,structural-shape-definition-candidate,source-assets/flash/HELP MATH_ORIGINAL FILES/HELP_COURSES/ELMGR5/L4/VB/L4VB03.swf,,migrations/course-g05-l04-vb-003/audit/machine/g5-l4-pre-runtime-swf-definition-inventory.csv,7a2642a296274546c6a348d77c29f3c30d8992f5e7aeb4bab610514c4fbf64eb,CSV definition-index record for DefineShape3,,,"projection only; no asset bytes exported, transformed, redrawn, or generated",machine-extracted-structural-candidate,owner-provided SWF,"container=root; definitionDepth=0; tagOrdinal=41; payloadBytes=96; rawTagPayloadSha256=b0670f905d4f640424d22a0481a2e3a728e9410a9288bed40b3558a2106f4957; exactTagIdentitySha256=2d431ca75584856e393e74da6092900b4c4315d0bf2b091f9c590b3da81bb8e2; runtime reachability unresolved; placement and bounds unresolved; renderer suitability unresolved; machineDefinitionIndexSha256=7a2642a296274546c6a348d77c29f3c30d8992f5e7aeb4bab610514c4fbf64eb; Structural/static source-derived candidate only. The exported_file is the shared machine definition-index evidence, not a visual or renderer asset export. It is not an authoritative original-runtime baseline and establishes no runtime reachability, placement, asset usage, visual appearance, renderer suitability, human or owner acceptance, strict completion, or publication."
swf-definition-00042,24,,structural-button-definition-candidate,source-assets/flash/HELP MATH_ORIGINAL FILES/HELP_COURSES/ELMGR5/L4/VB/L4VB03.swf,,migrations/course-g05-l04-vb-003/audit/machine/g5-l4-pre-runtime-swf-definition-inventory.csv,7a2642a296274546c6a348d77c29f3c30d8992f5e7aeb4bab610514c4fbf64eb,CSV definition-index record for DefineButton2,,,"projection only; no asset bytes exported, transformed, redrawn, or generated",machine-extracted-structural-candidate,owner-provided SWF,"container=root; definitionDepth=0; tagOrdinal=42; payloadBytes=47; rawTagPayloadSha256=722d9b86a15cca0942ddda6f2d7d24dd7f208c9731ff4d9eddb04be739db0d8c; exactTagIdentitySha256=32e54db89cc061aed2d5240f9193a873c35515337ea4edc058ccfee6d6856bf8; runtime reachability unresolved; placement and bounds unresolved; renderer suitability unresolved; machineDefinitionIndexSha256=7a2642a296274546c6a348d77c29f3c30d8992f5e7aeb4bab610514c4fbf64eb; Structural/static source-derived candidate only. The exported_file is the shared machine definition-index evidence, not a visual or renderer asset export. It is not an authoritative original-runtime baseline and establishes no runtime reachability, placement, asset usage, visual appearance, renderer suitability, human or owner acceptance, strict completion, or publication."
swf-definition-00052,25,,structural-text-definition-candidate,source-assets/flash/HELP MATH_ORIGINAL FILES/HELP_COURSES/ELMGR5/L4/VB/L4VB03.swf,,migrations/course-g05-l04-vb-003/audit/machine/g5-l4-pre-runtime-swf-definition-inventory.csv,7a2642a296274546c6a348d77c29f3c30d8992f5e7aeb4bab610514c4fbf64eb,CSV definition-index record for DefineText,,,"projection only; no asset bytes exported, transformed, redrawn, or generated",machine-extracted-structural-candidate,owner-provided SWF,"container=root; definitionDepth=0; tagOrdinal=52; payloadBytes=83; rawTagPayloadSha256=13dce50c242d8c23fd7e3619f793174fcbede7ef987190c4be29a174dd81b6c5; exactTagIdentitySha256=b4b88abcd511859d8aa52f38eec6479a839d51b055e08679ad3094544c4034fd; runtime reachability unresolved; placement and bounds unresolved; renderer suitability unresolved; machineDefinitionIndexSha256=7a2642a296274546c6a348d77c29f3c30d8992f5e7aeb4bab610514c4fbf64eb; Structural/static source-derived candidate only. The exported_file is the shared machine definition-index evidence, not a visual or renderer asset export. It is not an authoritative original-runtime baseline and establishes no runtime reachability, placement, asset usage, visual appearance, renderer suitability, human or owner acceptance, strict completion, or publication."
swf-definition-00054,26,,structural-shape-definition-candidate,source-assets/flash/HELP MATH_ORIGINAL FILES/HELP_COURSES/ELMGR5/L4/VB/L4VB03.swf,,migrations/course-g05-l04-vb-003/audit/machine/g5-l4-pre-runtime-swf-definition-inventory.csv,7a2642a296274546c6a348d77c29f3c30d8992f5e7aeb4bab610514c4fbf64eb,CSV definition-index record for DefineShape,,,"projection only; no asset bytes exported, transformed, redrawn, or generated",machine-extracted-structural-candidate,owner-provided SWF,"container=root; definitionDepth=0; tagOrdinal=54; payloadBytes=1696; rawTagPayloadSha256=284d380213042b6380add6826d195d0f38cf82c74c474bfcd59069cacb779b44; exactTagIdentitySha256=0eb6dcad06b251c636d9384c3694892dee31e4ea7822fa81844cf76d8e16b2cd; runtime reachability unresolved; placement and bounds unresolved; renderer suitability unresolved; machineDefinitionIndexSha256=7a2642a296274546c6a348d77c29f3c30d8992f5e7aeb4bab610514c4fbf64eb; Structural/static source-derived candidate only. The exported_file is the shared machine definition-index evidence, not a visual or renderer asset export. It is not an authoritative original-runtime baseline and establishes no runtime reachability, placement, asset usage, visual appearance, renderer suitability, human or owner acceptance, strict completion, or publication."
swf-definition-00056,27,,structural-shape-definition-candidate,source-assets/flash/HELP MATH_ORIGINAL FILES/HELP_COURSES/ELMGR5/L4/VB/L4VB03.swf,,migrations/course-g05-l04-vb-003/audit/machine/g5-l4-pre-runtime-swf-definition-inventory.csv,7a2642a296274546c6a348d77c29f3c30d8992f5e7aeb4bab610514c4fbf64eb,CSV definition-index record for DefineShape2,,,"projection only; no asset bytes exported, transformed, redrawn, or generated",machine-extracted-structural-candidate,owner-provided SWF,"container=root; definitionDepth=0; tagOrdinal=56; payloadBytes=219; rawTagPayloadSha256=0456ba8e0b5348ce72a20ac24fea97a13e662549cf83db39f64e6430d70d9a3c; exactTagIdentitySha256=1670be0ae38da6e2d5d99e06e25d488db722f74ced4705e7fe825c83baf8a734; runtime reachability unresolved; placement and bounds unresolved; renderer suitability unresolved; machineDefinitionIndexSha256=7a2642a296274546c6a348d77c29f3c30d8992f5e7aeb4bab610514c4fbf64eb; Structural/static source-derived candidate only. The exported_file is the shared machine definition-index evidence, not a visual or renderer asset export. It is not an authoritative original-runtime baseline and establishes no runtime reachability, placement, asset usage, visual appearance, renderer suitability, human or owner acceptance, strict completion, or publication."
swf-definition-00057,28,,structural-text-definition-candidate,source-assets/flash/HELP MATH_ORIGINAL FILES/HELP_COURSES/ELMGR5/L4/VB/L4VB03.swf,,migrations/course-g05-l04-vb-003/audit/machine/g5-l4-pre-runtime-swf-definition-inventory.csv,7a2642a296274546c6a348d77c29f3c30d8992f5e7aeb4bab610514c4fbf64eb,CSV definition-index record for DefineText,,,"projection only; no asset bytes exported, transformed, redrawn, or generated",machine-extracted-structural-candidate,owner-provided SWF,"container=root; definitionDepth=0; tagOrdinal=57; payloadBytes=25; rawTagPayloadSha256=7d49e984ba3ae0b4c768c4e66bd9f0b008310f83ec9af030d181058ae43e3079; exactTagIdentitySha256=a6016036113350085908a88a5ed90858ff0476ae90843bb4a509aa36642aa434; runtime reachability unresolved; placement and bounds unresolved; renderer suitability unresolved; machineDefinitionIndexSha256=7a2642a296274546c6a348d77c29f3c30d8992f5e7aeb4bab610514c4fbf64eb; Structural/static source-derived candidate only. The exported_file is the shared machine definition-index evidence, not a visual or renderer asset export. It is not an authoritative original-runtime baseline and establishes no runtime reachability, placement, asset usage, visual appearance, renderer suitability, human or owner acceptance, strict completion, or publication."
swf-definition-00058,29,,structural-text-definition-candidate,source-assets/flash/HELP MATH_ORIGINAL FILES/HELP_COURSES/ELMGR5/L4/VB/L4VB03.swf,,migrations/course-g05-l04-vb-003/audit/machine/g5-l4-pre-runtime-swf-definition-inventory.csv,7a2642a296274546c6a348d77c29f3c30d8992f5e7aeb4bab610514c4fbf64eb,CSV definition-index record for DefineText,,,"projection only; no asset bytes exported, transformed, redrawn, or generated",machine-extracted-structural-candidate,owner-provided SWF,"container=root; definitionDepth=0; tagOrdinal=58; payloadBytes=25; rawTagPayloadSha256=fbd24acc9a36920a6db58e2bfd2a27c0b826ab5319b8536d60a5172f9ced92aa; exactTagIdentitySha256=33d3dc680035a5d1a3c74402f9ac247d0bb22eb979e5da73fb8afc2120d273de; runtime reachability unresolved; placement and bounds unresolved; renderer suitability unresolved; machineDefinitionIndexSha256=7a2642a296274546c6a348d77c29f3c30d8992f5e7aeb4bab610514c4fbf64eb; Structural/static source-derived candidate only. The exported_file is the shared machine definition-index evidence, not a visual or renderer asset export. It is not an authoritative original-runtime baseline and establishes no runtime reachability, placement, asset usage, visual appearance, renderer suitability, human or owner acceptance, strict completion, or publication."
swf-definition-00059,30,,structural-text-definition-candidate,source-assets/flash/HELP MATH_ORIGINAL FILES/HELP_COURSES/ELMGR5/L4/VB/L4VB03.swf,,migrations/course-g05-l04-vb-003/audit/machine/g5-l4-pre-runtime-swf-definition-inventory.csv,7a2642a296274546c6a348d77c29f3c30d8992f5e7aeb4bab610514c4fbf64eb,CSV definition-index record for DefineText,,,"projection only; no asset bytes exported, transformed, redrawn, or generated",machine-extracted-structural-candidate,owner-provided SWF,"container=root; definitionDepth=0; tagOrdinal=59; payloadBytes=25; rawTagPayloadSha256=583db0883cef1b021323a5e2f20b0e767649a7c07421837227677b908d5f6b59; exactTagIdentitySha256=45fe7a1af657d709205d98e919f0981a46b82d8c23748d8b70ec2c74364a292c; runtime reachability unresolved; placement and bounds unresolved; renderer suitability unresolved; machineDefinitionIndexSha256=7a2642a296274546c6a348d77c29f3c30d8992f5e7aeb4bab610514c4fbf64eb; Structural/static source-derived candidate only. The exported_file is the shared machine definition-index evidence, not a visual or renderer asset export. It is not an authoritative original-runtime baseline and establishes no runtime reachability, placement, asset usage, visual appearance, renderer suitability, human or owner acceptance, strict completion, or publication."
swf-definition-00060,31,,structural-text-definition-candidate,source-assets/flash/HELP MATH_ORIGINAL FILES/HELP_COURSES/ELMGR5/L4/VB/L4VB03.swf,,migrations/course-g05-l04-vb-003/audit/machine/g5-l4-pre-runtime-swf-definition-inventory.csv,7a2642a296274546c6a348d77c29f3c30d8992f5e7aeb4bab610514c4fbf64eb,CSV definition-index record for DefineText,,,"projection only; no asset bytes exported, transformed, redrawn, or generated",machine-extracted-structural-candidate,owner-provided SWF,"container=root; definitionDepth=0; tagOrdinal=60; payloadBytes=25; rawTagPayloadSha256=ef4db50d281ee3b0665926c19e9b9edb9a7f0834e3bc04f6400f6c6160bd6c2c; exactTagIdentitySha256=9b1fa99e11f0a706c32517418afd84d06a2cc49aced8c0a70b678f0e9320c9b0; runtime reachability unresolved; placement and bounds unresolved; renderer suitability unresolved; machineDefinitionIndexSha256=7a2642a296274546c6a348d77c29f3c30d8992f5e7aeb4bab610514c4fbf64eb; Structural/static source-derived candidate only. The exported_file is the shared machine definition-index evidence, not a visual or renderer asset export. It is not an authoritative original-runtime baseline and establishes no runtime reachability, placement, asset usage, visual appearance, renderer suitability, human or owner acceptance, strict completion, or publication."
swf-definition-00061,32,,structural-text-definition-candidate,source-assets/flash/HELP MATH_ORIGINAL FILES/HELP_COURSES/ELMGR5/L4/VB/L4VB03.swf,,migrations/course-g05-l04-vb-003/audit/machine/g5-l4-pre-runtime-swf-definition-inventory.csv,7a2642a296274546c6a348d77c29f3c30d8992f5e7aeb4bab610514c4fbf64eb,CSV definition-index record for DefineText,,,"projection only; no asset bytes exported, transformed, redrawn, or generated",machine-extracted-structural-candidate,owner-provided SWF,"container=root; definitionDepth=0; tagOrdinal=61; payloadBytes=25; rawTagPayloadSha256=f299cacd958044a6bd7115ff963b23ebd86cf4a487cb8303723814cab474cc0b; exactTagIdentitySha256=336fdcb62da67adee85051464f6de557ab7c06aa10eaf35ebfd7844537695741; runtime reachability unresolved; placement and bounds unresolved; renderer suitability unresolved; machineDefinitionIndexSha256=7a2642a296274546c6a348d77c29f3c30d8992f5e7aeb4bab610514c4fbf64eb; Structural/static source-derived candidate only. The exported_file is the shared machine definition-index evidence, not a visual or renderer asset export. It is not an authoritative original-runtime baseline and establishes no runtime reachability, placement, asset usage, visual appearance, renderer suitability, human or owner acceptance, strict completion, or publication."
swf-definition-00062,33,,structural-text-definition-candidate,source-assets/flash/HELP MATH_ORIGINAL FILES/HELP_COURSES/ELMGR5/L4/VB/L4VB03.swf,,migrations/course-g05-l04-vb-003/audit/machine/g5-l4-pre-runtime-swf-definition-inventory.csv,7a2642a296274546c6a348d77c29f3c30d8992f5e7aeb4bab610514c4fbf64eb,CSV definition-index record for DefineText,,,"projection only; no asset bytes exported, transformed, redrawn, or generated",machine-extracted-structural-candidate,owner-provided SWF,"container=root; definitionDepth=0; tagOrdinal=62; payloadBytes=25; rawTagPayloadSha256=7877fb30fd2f1971596bd353b48f4c3bde215b68ee70e729746b438a5f19963c; exactTagIdentitySha256=68018150ddd4800183b204631fb6246e01be4e509f47e93d6bf0b3b870356b1e; runtime reachability unresolved; placement and bounds unresolved; renderer suitability unresolved; machineDefinitionIndexSha256=7a2642a296274546c6a348d77c29f3c30d8992f5e7aeb4bab610514c4fbf64eb; Structural/static source-derived candidate only. The exported_file is the shared machine definition-index evidence, not a visual or renderer asset export. It is not an authoritative original-runtime baseline and establishes no runtime reachability, placement, asset usage, visual appearance, renderer suitability, human or owner acceptance, strict completion, or publication."
swf-definition-00063,34,,structural-text-definition-candidate,source-assets/flash/HELP MATH_ORIGINAL FILES/HELP_COURSES/ELMGR5/L4/VB/L4VB03.swf,,migrations/course-g05-l04-vb-003/audit/machine/g5-l4-pre-runtime-swf-definition-inventory.csv,7a2642a296274546c6a348d77c29f3c30d8992f5e7aeb4bab610514c4fbf64eb,CSV definition-index record for DefineText,,,"projection only; no asset bytes exported, transformed, redrawn, or generated",machine-extracted-structural-candidate,owner-provided SWF,"container=root; definitionDepth=0; tagOrdinal=63; payloadBytes=25; rawTagPayloadSha256=3fa23bc4a5b0bbcb9df7a88a88034d8509a1f92eb118c2300856896d34d8b6ee; exactTagIdentitySha256=e9430e5d7b42bec2c59637ad8b4ede52ffb7cc954dd36bff8baa7615feca08ca; runtime reachability unresolved; placement and bounds unresolved; renderer suitability unresolved; machineDefinitionIndexSha256=7a2642a296274546c6a348d77c29f3c30d8992f5e7aeb4bab610514c4fbf64eb; Structural/static source-derived candidate only. The exported_file is the shared machine definition-index evidence, not a visual or renderer asset export. It is not an authoritative original-runtime baseline and establishes no runtime reachability, placement, asset usage, visual appearance, renderer suitability, human or owner acceptance, strict completion, or publication."
swf-definition-00064,35,,structural-text-definition-candidate,source-assets/flash/HELP MATH_ORIGINAL FILES/HELP_COURSES/ELMGR5/L4/VB/L4VB03.swf,,migrations/course-g05-l04-vb-003/audit/machine/g5-l4-pre-runtime-swf-definition-inventory.csv,7a2642a296274546c6a348d77c29f3c30d8992f5e7aeb4bab610514c4fbf64eb,CSV definition-index record for DefineText,,,"projection only; no asset bytes exported, transformed, redrawn, or generated",machine-extracted-structural-candidate,owner-provided SWF,"container=root; definitionDepth=0; tagOrdinal=64; payloadBytes=25; rawTagPayloadSha256=5f9f38d8d8c31c429ad91d4ddf3741d4eb2388f7036b2bbcfaefb6ffbed398e0; exactTagIdentitySha256=6ba4c6730311edd8094e080206d4a25a00c3ac6d9e3254366a754851be160a8b; runtime reachability unresolved; placement and bounds unresolved; renderer suitability unresolved; machineDefinitionIndexSha256=7a2642a296274546c6a348d77c29f3c30d8992f5e7aeb4bab610514c4fbf64eb; Structural/static source-derived candidate only. The exported_file is the shared machine definition-index evidence, not a visual or renderer asset export. It is not an authoritative original-runtime baseline and establishes no runtime reachability, placement, asset usage, visual appearance, renderer suitability, human or owner acceptance, strict completion, or publication."
swf-definition-00065,36,,structural-text-definition-candidate,source-assets/flash/HELP MATH_ORIGINAL FILES/HELP_COURSES/ELMGR5/L4/VB/L4VB03.swf,,migrations/course-g05-l04-vb-003/audit/machine/g5-l4-pre-runtime-swf-definition-inventory.csv,7a2642a296274546c6a348d77c29f3c30d8992f5e7aeb4bab610514c4fbf64eb,CSV definition-index record for DefineText,,,"projection only; no asset bytes exported, transformed, redrawn, or generated",machine-extracted-structural-candidate,owner-provided SWF,"container=root; definitionDepth=0; tagOrdinal=65; payloadBytes=25; rawTagPayloadSha256=c14d3f913db69d09d83c9c056401c8befebb3c9b6d712f738da1ce04135a2573; exactTagIdentitySha256=2cd8c44242914123b8557e2819bf50a7202414714c48d37cc76f96bb60ad5809; runtime reachability unresolved; placement and bounds unresolved; renderer suitability unresolved; machineDefinitionIndexSha256=7a2642a296274546c6a348d77c29f3c30d8992f5e7aeb4bab610514c4fbf64eb; Structural/static source-derived candidate only. The exported_file is the shared machine definition-index evidence, not a visual or renderer asset export. It is not an authoritative original-runtime baseline and establishes no runtime reachability, placement, asset usage, visual appearance, renderer suitability, human or owner acceptance, strict completion, or publication."
swf-definition-00066,37,,structural-text-definition-candidate,source-assets/flash/HELP MATH_ORIGINAL FILES/HELP_COURSES/ELMGR5/L4/VB/L4VB03.swf,,migrations/course-g05-l04-vb-003/audit/machine/g5-l4-pre-runtime-swf-definition-inventory.csv,7a2642a296274546c6a348d77c29f3c30d8992f5e7aeb4bab610514c4fbf64eb,CSV definition-index record for DefineText,,,"projection only; no asset bytes exported, transformed, redrawn, or generated",machine-extracted-structural-candidate,owner-provided SWF,"container=root; definitionDepth=0; tagOrdinal=66; payloadBytes=34; rawTagPayloadSha256=98730836d37f70f648af0c61ca0ca36d4dc709b8f0f6d42ea2648df45b97c7b1; exactTagIdentitySha256=72a19cefc447db62cd56c975bd5f1b0e44de96a0b241839727f097a872040af6; runtime reachability unresolved; placement and bounds unresolved; renderer suitability unresolved; machineDefinitionIndexSha256=7a2642a296274546c6a348d77c29f3c30d8992f5e7aeb4bab610514c4fbf64eb; Structural/static source-derived candidate only. The exported_file is the shared machine definition-index evidence, not a visual or renderer asset export. It is not an authoritative original-runtime baseline and establishes no runtime reachability, placement, asset usage, visual appearance, renderer suitability, human or owner acceptance, strict completion, or publication."
swf-definition-00067,38,,structural-text-definition-candidate,source-assets/flash/HELP MATH_ORIGINAL FILES/HELP_COURSES/ELMGR5/L4/VB/L4VB03.swf,,migrations/course-g05-l04-vb-003/audit/machine/g5-l4-pre-runtime-swf-definition-inventory.csv,7a2642a296274546c6a348d77c29f3c30d8992f5e7aeb4bab610514c4fbf64eb,CSV definition-index record for DefineText,,,"projection only; no asset bytes exported, transformed, redrawn, or generated",machine-extracted-structural-candidate,owner-provided SWF,"container=root; definitionDepth=0; tagOrdinal=67; payloadBytes=34; rawTagPayloadSha256=f27cca3ed583bd515f05ac38dbcd15d91a1a9be9dc0213663ba9eebcdf2a9685; exactTagIdentitySha256=410a4d14474e146ef2e90c9cd2f9bb6377c09a454f0a3d733eec3c9f9163c09e; runtime reachability unresolved; placement and bounds unresolved; renderer suitability unresolved; machineDefinitionIndexSha256=7a2642a296274546c6a348d77c29f3c30d8992f5e7aeb4bab610514c4fbf64eb; Structural/static source-derived candidate only. The exported_file is the shared machine definition-index evidence, not a visual or renderer asset export. It is not an authoritative original-runtime baseline and establishes no runtime reachability, placement, asset usage, visual appearance, renderer suitability, human or owner acceptance, strict completion, or publication."
swf-definition-00068,39,,structural-text-definition-candidate,source-assets/flash/HELP MATH_ORIGINAL FILES/HELP_COURSES/ELMGR5/L4/VB/L4VB03.swf,,migrations/course-g05-l04-vb-003/audit/machine/g5-l4-pre-runtime-swf-definition-inventory.csv,7a2642a296274546c6a348d77c29f3c30d8992f5e7aeb4bab610514c4fbf64eb,CSV definition-index record for DefineText,,,"projection only; no asset bytes exported, transformed, redrawn, or generated",machine-extracted-structural-candidate,owner-provided SWF,"container=root; definitionDepth=0; tagOrdinal=68; payloadBytes=34; rawTagPayloadSha256=2a8df4664ce73aad06e367e8bfb6255073a868e623ce9dc0978b6b848f07f6ba; exactTagIdentitySha256=86b3e6ebaeec39d1ecc961e9a4b6d264d574b289a9e05244a52321b3c61ff307; runtime reachability unresolved; placement and bounds unresolved; renderer suitability unresolved; machineDefinitionIndexSha256=7a2642a296274546c6a348d77c29f3c30d8992f5e7aeb4bab610514c4fbf64eb; Structural/static source-derived candidate only. The exported_file is the shared machine definition-index evidence, not a visual or renderer asset export. It is not an authoritative original-runtime baseline and establishes no runtime reachability, placement, asset usage, visual appearance, renderer suitability, human or owner acceptance, strict completion, or publication."
swf-definition-00069,40,,structural-text-definition-candidate,source-assets/flash/HELP MATH_ORIGINAL FILES/HELP_COURSES/ELMGR5/L4/VB/L4VB03.swf,,migrations/course-g05-l04-vb-003/audit/machine/g5-l4-pre-runtime-swf-definition-inventory.csv,7a2642a296274546c6a348d77c29f3c30d8992f5e7aeb4bab610514c4fbf64eb,CSV definition-index record for DefineText,,,"projection only; no asset bytes exported, transformed, redrawn, or generated",machine-extracted-structural-candidate,owner-provided SWF,"container=root; definitionDepth=0; tagOrdinal=69; payloadBytes=34; rawTagPayloadSha256=0b52014665bf5fe9817bb6a2d5259bc480d427aece1e2ac19a668a0659bc7fd3; exactTagIdentitySha256=12b34c323e0d6a79e21d633d565e8be6925be522e930a79aa22b5aed18df1ad5; runtime reachability unresolved; placement and bounds unresolved; renderer suitability unresolved; machineDefinitionIndexSha256=7a2642a296274546c6a348d77c29f3c30d8992f5e7aeb4bab610514c4fbf64eb; Structural/static source-derived candidate only. The exported_file is the shared machine definition-index evidence, not a visual or renderer asset export. It is not an authoritative original-runtime baseline and establishes no runtime reachability, placement, asset usage, visual appearance, renderer suitability, human or owner acceptance, strict completion, or publication."
swf-definition-00070,41,,structural-text-definition-candidate,source-assets/flash/HELP MATH_ORIGINAL FILES/HELP_COURSES/ELMGR5/L4/VB/L4VB03.swf,,migrations/course-g05-l04-vb-003/audit/machine/g5-l4-pre-runtime-swf-definition-inventory.csv,7a2642a296274546c6a348d77c29f3c30d8992f5e7aeb4bab610514c4fbf64eb,CSV definition-index record for DefineText,,,"projection only; no asset bytes exported, transformed, redrawn, or generated",machine-extracted-structural-candidate,owner-provided SWF,"container=root; definitionDepth=0; tagOrdinal=70; payloadBytes=34; rawTagPayloadSha256=64395587cc2bd1f987a297bde109cadbdac30a5e7dac7807196e86ce077a9fe7; exactTagIdentitySha256=a55e4c22041e9006d5d6337e1b3a431161bdc1e8b470c7995b17742269eaec63; runtime reachability unresolved; placement and bounds unresolved; renderer suitability unresolved; machineDefinitionIndexSha256=7a2642a296274546c6a348d77c29f3c30d8992f5e7aeb4bab610514c4fbf64eb; Structural/static source-derived candidate only. The exported_file is the shared machine definition-index evidence, not a visual or renderer asset export. It is not an authoritative original-runtime baseline and establishes no runtime reachability, placement, asset usage, visual appearance, renderer suitability, human or owner acceptance, strict completion, or publication."
swf-definition-00071,42,,structural-text-definition-candidate,source-assets/flash/HELP MATH_ORIGINAL FILES/HELP_COURSES/ELMGR5/L4/VB/L4VB03.swf,,migrations/course-g05-l04-vb-003/audit/machine/g5-l4-pre-runtime-swf-definition-inventory.csv,7a2642a296274546c6a348d77c29f3c30d8992f5e7aeb4bab610514c4fbf64eb,CSV definition-index record for DefineText,,,"projection only; no asset bytes exported, transformed, redrawn, or generated",machine-extracted-structural-candidate,owner-provided SWF,"container=root; definitionDepth=0; tagOrdinal=71; payloadBytes=34; rawTagPayloadSha256=9e166f80cc128d9d632be906a961747331992e9ecbdb96a44905f7f44cf33cdc; exactTagIdentitySha256=489978eba0c6317853f9ca10cd653ec338825f1762f80444c4ba8b1368a873b0; runtime reachability unresolved; placement and bounds unresolved; renderer suitability unresolved; machineDefinitionIndexSha256=7a2642a296274546c6a348d77c29f3c30d8992f5e7aeb4bab610514c4fbf64eb; Structural/static source-derived candidate only. The exported_file is the shared machine definition-index evidence, not a visual or renderer asset export. It is not an authoritative original-runtime baseline and establishes no runtime reachability, placement, asset usage, visual appearance, renderer suitability, human or owner acceptance, strict completion, or publication."
swf-definition-00072,43,,structural-text-definition-candidate,source-assets/flash/HELP MATH_ORIGINAL FILES/HELP_COURSES/ELMGR5/L4/VB/L4VB03.swf,,migrations/course-g05-l04-vb-003/audit/machine/g5-l4-pre-runtime-swf-definition-inventory.csv,7a2642a296274546c6a348d77c29f3c30d8992f5e7aeb4bab610514c4fbf64eb,CSV definition-index record for DefineText,,,"projection only; no asset bytes exported, transformed, redrawn, or generated",machine-extracted-structural-candidate,owner-provided SWF,"container=root; definitionDepth=0; tagOrdinal=72; payloadBytes=34; rawTagPayloadSha256=14ca8ec4b7bf730b4ddd08329461d216e349bf9b95f67b32d57f346bee18b9ec; exactTagIdentitySha256=bbee8e5c8e0a112a9dcd34ef976d5d32b885a60b6b08e8e47ebbe4cd71036d5a; runtime reachability unresolved; placement and bounds unresolved; renderer suitability unresolved; machineDefinitionIndexSha256=7a2642a296274546c6a348d77c29f3c30d8992f5e7aeb4bab610514c4fbf64eb; Structural/static source-derived candidate only. The exported_file is the shared machine definition-index evidence, not a visual or renderer asset export. It is not an authoritative original-runtime baseline and establishes no runtime reachability, placement, asset usage, visual appearance, renderer suitability, human or owner acceptance, strict completion, or publication."
swf-definition-00073,44,,structural-text-definition-candidate,source-assets/flash/HELP MATH_ORIGINAL FILES/HELP_COURSES/ELMGR5/L4/VB/L4VB03.swf,,migrations/course-g05-l04-vb-003/audit/machine/g5-l4-pre-runtime-swf-definition-inventory.csv,7a2642a296274546c6a348d77c29f3c30d8992f5e7aeb4bab610514c4fbf64eb,CSV definition-index record for DefineText,,,"projection only; no asset bytes exported, transformed, redrawn, or generated",machine-extracted-structural-candidate,owner-provided SWF,"container=root; definitionDepth=0; tagOrdinal=73; payloadBytes=34; rawTagPayloadSha256=b9d4c937cf8278bd627a386abdc2bbd43719ee0eadfd78d9b26283161caf0218; exactTagIdentitySha256=201962a9772897b81db9d30ded8ebfc1ba1cbaf982e7bb13489ee8a86b1f0c09; runtime reachability unresolved; placement and bounds unresolved; renderer suitability unresolved; machineDefinitionIndexSha256=7a2642a296274546c6a348d77c29f3c30d8992f5e7aeb4bab610514c4fbf64eb; Structural/static source-derived candidate only. The exported_file is the shared machine definition-index evidence, not a visual or renderer asset export. It is not an authoritative original-runtime baseline and establishes no runtime reachability, placement, asset usage, visual appearance, renderer suitability, human or owner acceptance, strict completion, or publication."
swf-definition-00074,45,,structural-shape-definition-candidate,source-assets/flash/HELP MATH_ORIGINAL FILES/HELP_COURSES/ELMGR5/L4/VB/L4VB03.swf,,migrations/course-g05-l04-vb-003/audit/machine/g5-l4-pre-runtime-swf-definition-inventory.csv,7a2642a296274546c6a348d77c29f3c30d8992f5e7aeb4bab610514c4fbf64eb,CSV definition-index record for DefineShape2,,,"projection only; no asset bytes exported, transformed, redrawn, or generated",machine-extracted-structural-candidate,owner-provided SWF,"container=root; definitionDepth=0; tagOrdinal=74; payloadBytes=471; rawTagPayloadSha256=4974616a37f7d9cbd323e137100545e9fac9f46d3a1a77a6e5f1d86f1214ff1d; exactTagIdentitySha256=81915d30aaea5d838c10033de10dfd178e508ac226b362cd3b190e37fd212608; runtime reachability unresolved; placement and bounds unresolved; renderer suitability unresolved; machineDefinitionIndexSha256=7a2642a296274546c6a348d77c29f3c30d8992f5e7aeb4bab610514c4fbf64eb; Structural/static source-derived candidate only. The exported_file is the shared machine definition-index evidence, not a visual or renderer asset export. It is not an authoritative original-runtime baseline and establishes no runtime reachability, placement, asset usage, visual appearance, renderer suitability, human or owner acceptance, strict completion, or publication."
swf-definition-00075,46,,structural-shape-definition-candidate,source-assets/flash/HELP MATH_ORIGINAL FILES/HELP_COURSES/ELMGR5/L4/VB/L4VB03.swf,,migrations/course-g05-l04-vb-003/audit/machine/g5-l4-pre-runtime-swf-definition-inventory.csv,7a2642a296274546c6a348d77c29f3c30d8992f5e7aeb4bab610514c4fbf64eb,CSV definition-index record for DefineShape,,,"projection only; no asset bytes exported, transformed, redrawn, or generated",machine-extracted-structural-candidate,owner-provided SWF,"container=root; definitionDepth=0; tagOrdinal=75; payloadBytes=36; rawTagPayloadSha256=a7964b507aa8443e597d3df1539994d97dfcdaeaf988893733a24ab4625265c6; exactTagIdentitySha256=7d3ee9b9d88c8875196d34f102bcddc729bd30ede2fb89e3a8914c98c725f0a8; runtime reachability unresolved; placement and bounds unresolved; renderer suitability unresolved; machineDefinitionIndexSha256=7a2642a296274546c6a348d77c29f3c30d8992f5e7aeb4bab610514c4fbf64eb; Structural/static source-derived candidate only. The exported_file is the shared machine definition-index evidence, not a visual or renderer asset export. It is not an authoritative original-runtime baseline and establishes no runtime reachability, placement, asset usage, visual appearance, renderer suitability, human or owner acceptance, strict completion, or publication."
swf-definition-00076,47,,structural-text-definition-candidate,source-assets/flash/HELP MATH_ORIGINAL FILES/HELP_COURSES/ELMGR5/L4/VB/L4VB03.swf,,migrations/course-g05-l04-vb-003/audit/machine/g5-l4-pre-runtime-swf-definition-inventory.csv,7a2642a296274546c6a348d77c29f3c30d8992f5e7aeb4bab610514c4fbf64eb,CSV definition-index record for DefineText,,,"projection only; no asset bytes exported, transformed, redrawn, or generated",machine-extracted-structural-candidate,owner-provided SWF,"container=root; definitionDepth=0; tagOrdinal=76; payloadBytes=30; rawTagPayloadSha256=2afee4d4c0877e40d2a1fabeb731db5505ecc6452e8fc12f5d84c3735103994e; exactTagIdentitySha256=891594d4acaca0fd0ed5ac2dcec9a18e4d130064de2a6ae6092b7d7024a4a0e1; runtime reachability unresolved; placement and bounds unresolved; renderer suitability unresolved; machineDefinitionIndexSha256=7a2642a296274546c6a348d77c29f3c30d8992f5e7aeb4bab610514c4fbf64eb; Structural/static source-derived candidate only. The exported_file is the shared machine definition-index evidence, not a visual or renderer asset export. It is not an authoritative original-runtime baseline and establishes no runtime reachability, placement, asset usage, visual appearance, renderer suitability, human or owner acceptance, strict completion, or publication."
swf-definition-00077,48,,structural-text-definition-candidate,source-assets/flash/HELP MATH_ORIGINAL FILES/HELP_COURSES/ELMGR5/L4/VB/L4VB03.swf,,migrations/course-g05-l04-vb-003/audit/machine/g5-l4-pre-runtime-swf-definition-inventory.csv,7a2642a296274546c6a348d77c29f3c30d8992f5e7aeb4bab610514c4fbf64eb,CSV definition-index record for DefineText,,,"projection only; no asset bytes exported, transformed, redrawn, or generated",machine-extracted-structural-candidate,owner-provided SWF,"container=root; definitionDepth=0; tagOrdinal=77; payloadBytes=25; rawTagPayloadSha256=210c64afb07adfe4bcfdbfa221ea5249491b9c3e6c7ea75ba571092998170673; exactTagIdentitySha256=2e392591bc657e0b8edf33d9a2190c1d8a8f53d9ab96f436f55d1212459f2218; runtime reachability unresolved; placement and bounds unresolved; renderer suitability unresolved; machineDefinitionIndexSha256=7a2642a296274546c6a348d77c29f3c30d8992f5e7aeb4bab610514c4fbf64eb; Structural/static source-derived candidate only. The exported_file is the shared machine definition-index evidence, not a visual or renderer asset export. It is not an authoritative original-runtime baseline and establishes no runtime reachability, placement, asset usage, visual appearance, renderer suitability, human or owner acceptance, strict completion, or publication."
swf-definition-00078,49,,structural-text-definition-candidate,source-assets/flash/HELP MATH_ORIGINAL FILES/HELP_COURSES/ELMGR5/L4/VB/L4VB03.swf,,migrations/course-g05-l04-vb-003/audit/machine/g5-l4-pre-runtime-swf-definition-inventory.csv,7a2642a296274546c6a348d77c29f3c30d8992f5e7aeb4bab610514c4fbf64eb,CSV definition-index record for DefineText,,,"projection only; no asset bytes exported, transformed, redrawn, or generated",machine-extracted-structural-candidate,owner-provided SWF,"container=root; definitionDepth=0; tagOrdinal=78; payloadBytes=25; rawTagPayloadSha256=52644dc180c7381804a5b7b2dd287026105dc6bdb6bf46d433507bdd329d0e78; exactTagIdentitySha256=bf4bf3344a664902cb8987891ee43f52cbf67be18a8f4ffbd51254c8798c5fb2; runtime reachability unresolved; placement and bounds unresolved; renderer suitability unresolved; machineDefinitionIndexSha256=7a2642a296274546c6a348d77c29f3c30d8992f5e7aeb4bab610514c4fbf64eb; Structural/static source-derived candidate only. The exported_file is the shared machine definition-index evidence, not a visual or renderer asset export. It is not an authoritative original-runtime baseline and establishes no runtime reachability, placement, asset usage, visual appearance, renderer suitability, human or owner acceptance, strict completion, or publication."
swf-definition-00079,50,,structural-text-definition-candidate,source-assets/flash/HELP MATH_ORIGINAL FILES/HELP_COURSES/ELMGR5/L4/VB/L4VB03.swf,,migrations/course-g05-l04-vb-003/audit/machine/g5-l4-pre-runtime-swf-definition-inventory.csv,7a2642a296274546c6a348d77c29f3c30d8992f5e7aeb4bab610514c4fbf64eb,CSV definition-index record for DefineText,,,"projection only; no asset bytes exported, transformed, redrawn, or generated",machine-extracted-structural-candidate,owner-provided SWF,"container=root; definitionDepth=0; tagOrdinal=79; payloadBytes=31; rawTagPayloadSha256=788d887f0bcf425df1f31e1159e41c32d8e870a5a809b1429a003c6abb1eb7fe; exactTagIdentitySha256=98e884d0b4e6de46ae7d0893ebc79729bba9048e6fd923dce3448f7c16b181e8; runtime reachability unresolved; placement and bounds unresolved; renderer suitability unresolved; machineDefinitionIndexSha256=7a2642a296274546c6a348d77c29f3c30d8992f5e7aeb4bab610514c4fbf64eb; Structural/static source-derived candidate only. The exported_file is the shared machine definition-index evidence, not a visual or renderer asset export. It is not an authoritative original-runtime baseline and establishes no runtime reachability, placement, asset usage, visual appearance, renderer suitability, human or owner acceptance, strict completion, or publication."
swf-definition-00080,51,,structural-text-definition-candidate,source-assets/flash/HELP MATH_ORIGINAL FILES/HELP_COURSES/ELMGR5/L4/VB/L4VB03.swf,,migrations/course-g05-l04-vb-003/audit/machine/g5-l4-pre-runtime-swf-definition-inventory.csv,7a2642a296274546c6a348d77c29f3c30d8992f5e7aeb4bab610514c4fbf64eb,CSV definition-index record for DefineText,,,"projection only; no asset bytes exported, transformed, redrawn, or generated",machine-extracted-structural-candidate,owner-provided SWF,"container=root; definitionDepth=0; tagOrdinal=80; payloadBytes=25; rawTagPayloadSha256=e68660a3c886f26441f7aa76995497e8fb56590fbfea019ea676bfd97bef4eb2; exactTagIdentitySha256=8a6aa7acb2df2b5f69c53e5ee5080ee5edfbb220af26adf8be3d3aa145a5a69e; runtime reachability unresolved; placement and bounds unresolved; renderer suitability unresolved; machineDefinitionIndexSha256=7a2642a296274546c6a348d77c29f3c30d8992f5e7aeb4bab610514c4fbf64eb; Structural/static source-derived candidate only. The exported_file is the shared machine definition-index evidence, not a visual or renderer asset export. It is not an authoritative original-runtime baseline and establishes no runtime reachability, placement, asset usage, visual appearance, renderer suitability, human or owner acceptance, strict completion, or publication."
swf-definition-00081,52,,structural-text-definition-candidate,source-assets/flash/HELP MATH_ORIGINAL FILES/HELP_COURSES/ELMGR5/L4/VB/L4VB03.swf,,migrations/course-g05-l04-vb-003/audit/machine/g5-l4-pre-runtime-swf-definition-inventory.csv,7a2642a296274546c6a348d77c29f3c30d8992f5e7aeb4bab610514c4fbf64eb,CSV definition-index record for DefineText,,,"projection only; no asset bytes exported, transformed, redrawn, or generated",machine-extracted-structural-candidate,owner-provided SWF,"container=root; definitionDepth=0; tagOrdinal=81; payloadBytes=25; rawTagPayloadSha256=439e08e6d5ecb9b264d0e3b6c508f3ea317176551516c891b347424270c3a6b9; exactTagIdentitySha256=80dfd20127c1032ced4593c086cdb1e78eed6ba500c1f4137b57935fcb86736d; runtime reachability unresolved; placement and bounds unresolved; renderer suitability unresolved; machineDefinitionIndexSha256=7a2642a296274546c6a348d77c29f3c30d8992f5e7aeb4bab610514c4fbf64eb; Structural/static source-derived candidate only. The exported_file is the shared machine definition-index evidence, not a visual or renderer asset export. It is not an authoritative original-runtime baseline and establishes no runtime reachability, placement, asset usage, visual appearance, renderer suitability, human or owner acceptance, strict completion, or publication."
swf-definition-00082,53,,structural-text-definition-candidate,source-assets/flash/HELP MATH_ORIGINAL FILES/HELP_COURSES/ELMGR5/L4/VB/L4VB03.swf,,migrations/course-g05-l04-vb-003/audit/machine/g5-l4-pre-runtime-swf-definition-inventory.csv,7a2642a296274546c6a348d77c29f3c30d8992f5e7aeb4bab610514c4fbf64eb,CSV definition-index record for DefineText,,,"projection only; no asset bytes exported, transformed, redrawn, or generated",machine-extracted-structural-candidate,owner-provided SWF,"container=root; definitionDepth=0; tagOrdinal=82; payloadBytes=25; rawTagPayloadSha256=b7922c0c68d879082743cdf8f1fc0675d17887df3d93c1956fd3693a869ea3f4; exactTagIdentitySha256=abb5a5879a864b4c435529abe601cec2f6ad26d922210bc082971fbaa517de35; runtime reachability unresolved; placement and bounds unresolved; renderer suitability unresolved; machineDefinitionIndexSha256=7a2642a296274546c6a348d77c29f3c30d8992f5e7aeb4bab610514c4fbf64eb; Structural/static source-derived candidate only. The exported_file is the shared machine definition-index evidence, not a visual or renderer asset export. It is not an authoritative original-runtime baseline and establishes no runtime reachability, placement, asset usage, visual appearance, renderer suitability, human or owner acceptance, strict completion, or publication."
swf-definition-00083,54,,structural-shape-definition-candidate,source-assets/flash/HELP MATH_ORIGINAL FILES/HELP_COURSES/ELMGR5/L4/VB/L4VB03.swf,,migrations/course-g05-l04-vb-003/audit/machine/g5-l4-pre-runtime-swf-definition-inventory.csv,7a2642a296274546c6a348d77c29f3c30d8992f5e7aeb4bab610514c4fbf64eb,CSV definition-index record for DefineShape2,,,"projection only; no asset bytes exported, transformed, redrawn, or generated",machine-extracted-structural-candidate,owner-provided SWF,"container=root; definitionDepth=0; tagOrdinal=83; payloadBytes=60; rawTagPayloadSha256=6aa5b05e04d91f3479ee5cdbe6bcbb4d83865d389612e3fe62fa8704640f9e17; exactTagIdentitySha256=98c8dfd20df57d4b5782cfda56d38e6d68366a83bce366287bf3b0da80ca9b75; runtime reachability unresolved; placement and bounds unresolved; renderer suitability unresolved; machineDefinitionIndexSha256=7a2642a296274546c6a348d77c29f3c30d8992f5e7aeb4bab610514c4fbf64eb; Structural/static source-derived candidate only. The exported_file is the shared machine definition-index evidence, not a visual or renderer asset export. It is not an authoritative original-runtime baseline and establishes no runtime reachability, placement, asset usage, visual appearance, renderer suitability, human or owner acceptance, strict completion, or publication."
swf-definition-00084,55,,structural-text-definition-candidate,source-assets/flash/HELP MATH_ORIGINAL FILES/HELP_COURSES/ELMGR5/L4/VB/L4VB03.swf,,migrations/course-g05-l04-vb-003/audit/machine/g5-l4-pre-runtime-swf-definition-inventory.csv,7a2642a296274546c6a348d77c29f3c30d8992f5e7aeb4bab610514c4fbf64eb,CSV definition-index record for DefineText,,,"projection only; no asset bytes exported, transformed, redrawn, or generated",machine-extracted-structural-candidate,owner-provided SWF,"container=root; definitionDepth=0; tagOrdinal=84; payloadBytes=31; rawTagPayloadSha256=b088d8e34bf52b4f44b23f5c336b93c4ecc2c3d50254b2ac96e2eba5b3e8ee37; exactTagIdentitySha256=0c8a1c26580de97b9807f1ccb1fc750fe9851ed5687efd66006f34695ea6a587; runtime reachability unresolved; placement and bounds unresolved; renderer suitability unresolved; machineDefinitionIndexSha256=7a2642a296274546c6a348d77c29f3c30d8992f5e7aeb4bab610514c4fbf64eb; Structural/static source-derived candidate only. The exported_file is the shared machine definition-index evidence, not a visual or renderer asset export. It is not an authoritative original-runtime baseline and establishes no runtime reachability, placement, asset usage, visual appearance, renderer suitability, human or owner acceptance, strict completion, or publication."
swf-definition-00085,56,,structural-text-definition-candidate,source-assets/flash/HELP MATH_ORIGINAL FILES/HELP_COURSES/ELMGR5/L4/VB/L4VB03.swf,,migrations/course-g05-l04-vb-003/audit/machine/g5-l4-pre-runtime-swf-definition-inventory.csv,7a2642a296274546c6a348d77c29f3c30d8992f5e7aeb4bab610514c4fbf64eb,CSV definition-index record for DefineText,,,"projection only; no asset bytes exported, transformed, redrawn, or generated",machine-extracted-structural-candidate,owner-provided SWF,"container=root; definitionDepth=0; tagOrdinal=85; payloadBytes=174; rawTagPayloadSha256=469ddb4c0189027016fa60939bb7980e97ba6edff06e3409001361c85841b7df; exactTagIdentitySha256=ddca7f44e6d5e26c4a4b20bbc56f574803732171461d9c9f9216958e1900f3f1; runtime reachability unresolved; placement and bounds unresolved; renderer suitability unresolved; machineDefinitionIndexSha256=7a2642a296274546c6a348d77c29f3c30d8992f5e7aeb4bab610514c4fbf64eb; Structural/static source-derived candidate only. The exported_file is the shared machine definition-index evidence, not a visual or renderer asset export. It is not an authoritative original-runtime baseline and establishes no runtime reachability, placement, asset usage, visual appearance, renderer suitability, human or owner acceptance, strict completion, or publication."
swf-definition-00086,57,,structural-shape-definition-candidate,source-assets/flash/HELP MATH_ORIGINAL FILES/HELP_COURSES/ELMGR5/L4/VB/L4VB03.swf,,migrations/course-g05-l04-vb-003/audit/machine/g5-l4-pre-runtime-swf-definition-inventory.csv,7a2642a296274546c6a348d77c29f3c30d8992f5e7aeb4bab610514c4fbf64eb,CSV definition-index record for DefineShape,,,"projection only; no asset bytes exported, transformed, redrawn, or generated",machine-extracted-structural-candidate,owner-provided SWF,"container=root; definitionDepth=0; tagOrdinal=86; payloadBytes=31; rawTagPayloadSha256=c416b4568b08cb3532a4ddb3d58940aa6895749578b7ea147d313ba9bcbdefb3; exactTagIdentitySha256=a152b50fe8a2d256246750c4564f471f710a4be944e1801fac9ac547029dbc87; runtime reachability unresolved; placement and bounds unresolved; renderer suitability unresolved; machineDefinitionIndexSha256=7a2642a296274546c6a348d77c29f3c30d8992f5e7aeb4bab610514c4fbf64eb; Structural/static source-derived candidate only. The exported_file is the shared machine definition-index evidence, not a visual or renderer asset export. It is not an authoritative original-runtime baseline and establishes no runtime reachability, placement, asset usage, visual appearance, renderer suitability, human or owner acceptance, strict completion, or publication."
swf-definition-00087,58,,structural-button-definition-candidate,source-assets/flash/HELP MATH_ORIGINAL FILES/HELP_COURSES/ELMGR5/L4/VB/L4VB03.swf,,migrations/course-g05-l04-vb-003/audit/machine/g5-l4-pre-runtime-swf-definition-inventory.csv,7a2642a296274546c6a348d77c29f3c30d8992f5e7aeb4bab610514c4fbf64eb,CSV definition-index record for DefineButton2,,,"projection only; no asset bytes exported, transformed, redrawn, or generated",machine-extracted-structural-candidate,owner-provided SWF,"container=root; definitionDepth=0; tagOrdinal=87; payloadBytes=173; rawTagPayloadSha256=9a62fc061c9e5b07ed4f667a23a37f22f8873a207ee035415609cf9b974b389a; exactTagIdentitySha256=ac48d975e90505bf12ea3539fcfbec42a314f783031a65da529398cf636101c1; runtime reachability unresolved; placement and bounds unresolved; renderer suitability unresolved; machineDefinitionIndexSha256=7a2642a296274546c6a348d77c29f3c30d8992f5e7aeb4bab610514c4fbf64eb; Structural/static source-derived candidate only. The exported_file is the shared machine definition-index evidence, not a visual or renderer asset export. It is not an authoritative original-runtime baseline and establishes no runtime reachability, placement, asset usage, visual appearance, renderer suitability, human or owner acceptance, strict completion, or publication."
swf-definition-00088,59,,structural-shape-definition-candidate,source-assets/flash/HELP MATH_ORIGINAL FILES/HELP_COURSES/ELMGR5/L4/VB/L4VB03.swf,,migrations/course-g05-l04-vb-003/audit/machine/g5-l4-pre-runtime-swf-definition-inventory.csv,7a2642a296274546c6a348d77c29f3c30d8992f5e7aeb4bab610514c4fbf64eb,CSV definition-index record for DefineShape,,,"projection only; no asset bytes exported, transformed, redrawn, or generated",machine-extracted-structural-candidate,owner-provided SWF,"container=root; definitionDepth=0; tagOrdinal=88; payloadBytes=202; rawTagPayloadSha256=283b2b1158ad5bff3acde2fa7bfe3977d91f0c23a8b2dcd0c75e486fa231282f; exactTagIdentitySha256=417a263086bb12f4cfa93731a33dc84cc1dcb1439c60cda29a588ab925b38f67; runtime reachability unresolved; placement and bounds unresolved; renderer suitability unresolved; machineDefinitionIndexSha256=7a2642a296274546c6a348d77c29f3c30d8992f5e7aeb4bab610514c4fbf64eb; Structural/static source-derived candidate only. The exported_file is the shared machine definition-index evidence, not a visual or renderer asset export. It is not an authoritative original-runtime baseline and establishes no runtime reachability, placement, asset usage, visual appearance, renderer suitability, human or owner acceptance, strict completion, or publication."
swf-definition-00089,60,,structural-shape-definition-candidate,source-assets/flash/HELP MATH_ORIGINAL FILES/HELP_COURSES/ELMGR5/L4/VB/L4VB03.swf,,migrations/course-g05-l04-vb-003/audit/machine/g5-l4-pre-runtime-swf-definition-inventory.csv,7a2642a296274546c6a348d77c29f3c30d8992f5e7aeb4bab610514c4fbf64eb,CSV definition-index record for DefineShape3,,,"projection only; no asset bytes exported, transformed, redrawn, or generated",machine-extracted-structural-candidate,owner-provided SWF,"container=root; definitionDepth=0; tagOrdinal=89; payloadBytes=523; rawTagPayloadSha256=79e4bbaa65ffcc26b871bf67913e386cb60b10acbc67e1fef2d0736383362dc9; exactTagIdentitySha256=0f6e41a2fea04dc775134d145b10f3a1599ec681c4032e22ef1791d27b52a4c6; runtime reachability unresolved; placement and bounds unresolved; renderer suitability unresolved; machineDefinitionIndexSha256=7a2642a296274546c6a348d77c29f3c30d8992f5e7aeb4bab610514c4fbf64eb; Structural/static source-derived candidate only. The exported_file is the shared machine definition-index evidence, not a visual or renderer asset export. It is not an authoritative original-runtime baseline and establishes no runtime reachability, placement, asset usage, visual appearance, renderer suitability, human or owner acceptance, strict completion, or publication."
swf-definition-00090,61,,structural-bitmap-definition-candidate,source-assets/flash/HELP MATH_ORIGINAL FILES/HELP_COURSES/ELMGR5/L4/VB/L4VB03.swf,,migrations/course-g05-l04-vb-003/audit/machine/g5-l4-pre-runtime-swf-definition-inventory.csv,7a2642a296274546c6a348d77c29f3c30d8992f5e7aeb4bab610514c4fbf64eb,CSV definition-index record for DefineBitsLossless2,,,"projection only; no asset bytes exported, transformed, redrawn, or generated",machine-extracted-structural-candidate,owner-provided SWF,"container=root; definitionDepth=0; tagOrdinal=90; payloadBytes=535; rawTagPayloadSha256=cab13116be18d7acd1185cfc70955c4095021aedac7091e2557c27da4ea8a17f; exactTagIdentitySha256=8761c1b1d91748ee81de401201dc47377dc253b940578d3943ad38b5ba361c32; runtime reachability unresolved; placement and bounds unresolved; renderer suitability unresolved; machineDefinitionIndexSha256=7a2642a296274546c6a348d77c29f3c30d8992f5e7aeb4bab610514c4fbf64eb; Structural/static source-derived candidate only. The exported_file is the shared machine definition-index evidence, not a visual or renderer asset export. It is not an authoritative original-runtime baseline and establishes no runtime reachability, placement, asset usage, visual appearance, renderer suitability, human or owner acceptance, strict completion, or publication."
swf-definition-00091,62,,structural-shape-definition-candidate,source-assets/flash/HELP MATH_ORIGINAL FILES/HELP_COURSES/ELMGR5/L4/VB/L4VB03.swf,,migrations/course-g05-l04-vb-003/audit/machine/g5-l4-pre-runtime-swf-definition-inventory.csv,7a2642a296274546c6a348d77c29f3c30d8992f5e7aeb4bab610514c4fbf64eb,CSV definition-index record for DefineShape,,,"projection only; no asset bytes exported, transformed, redrawn, or generated",machine-extracted-structural-candidate,owner-provided SWF,"container=root; definitionDepth=0; tagOrdinal=91; payloadBytes=49; rawTagPayloadSha256=1ef086543a0b732e6d159c336d4ee037927557b0db943f5a295b29360db1f84f; exactTagIdentitySha256=ab468af4d7a005e6c75f29b2a90acc6f213d6df1aa08a826a3670086ce7a904a; runtime reachability unresolved; placement and bounds unresolved; renderer suitability unresolved; machineDefinitionIndexSha256=7a2642a296274546c6a348d77c29f3c30d8992f5e7aeb4bab610514c4fbf64eb; Structural/static source-derived candidate only. The exported_file is the shared machine definition-index evidence, not a visual or renderer asset export. It is not an authoritative original-runtime baseline and establishes no runtime reachability, placement, asset usage, visual appearance, renderer suitability, human or owner acceptance, strict completion, or publication."
swf-definition-00092,63,,structural-text-definition-candidate,source-assets/flash/HELP MATH_ORIGINAL FILES/HELP_COURSES/ELMGR5/L4/VB/L4VB03.swf,,migrations/course-g05-l04-vb-003/audit/machine/g5-l4-pre-runtime-swf-definition-inventory.csv,7a2642a296274546c6a348d77c29f3c30d8992f5e7aeb4bab610514c4fbf64eb,CSV definition-index record for DefineText,,,"projection only; no asset bytes exported, transformed, redrawn, or generated",machine-extracted-structural-candidate,owner-provided SWF,"container=root; definitionDepth=0; tagOrdinal=92; payloadBytes=47; rawTagPayloadSha256=03331b4a42dd94efcd9f512d9af766e1ee8f1f26f72ea4be47ea6e83c075bc19; exactTagIdentitySha256=dba0a409925e136fe424b4d8b9537c4ad83c0da13bd276f08ed2c136def0aa2c; runtime reachability unresolved; placement and bounds unresolved; renderer suitability unresolved; machineDefinitionIndexSha256=7a2642a296274546c6a348d77c29f3c30d8992f5e7aeb4bab610514c4fbf64eb; Structural/static source-derived candidate only. The exported_file is the shared machine definition-index evidence, not a visual or renderer asset export. It is not an authoritative original-runtime baseline and establishes no runtime reachability, placement, asset usage, visual appearance, renderer suitability, human or owner acceptance, strict completion, or publication."
swf-definition-00093,64,,structural-shape-definition-candidate,source-assets/flash/HELP MATH_ORIGINAL FILES/HELP_COURSES/ELMGR5/L4/VB/L4VB03.swf,,migrations/course-g05-l04-vb-003/audit/machine/g5-l4-pre-runtime-swf-definition-inventory.csv,7a2642a296274546c6a348d77c29f3c30d8992f5e7aeb4bab610514c4fbf64eb,CSV definition-index record for DefineShape3,,,"projection only; no asset bytes exported, transformed, redrawn, or generated",machine-extracted-structural-candidate,owner-provided SWF,"container=root; definitionDepth=0; tagOrdinal=93; payloadBytes=471; rawTagPayloadSha256=a79360bdc1d536e00064ac45ef556255e91d6fda820dc139feec555ec251ec42; exactTagIdentitySha256=5414619e3a2dedeb018010a22f53fe324520eb0010ce8121ef3fc7a9544a194b; runtime reachability unresolved; placement and bounds unresolved; renderer suitability unresolved; machineDefinitionIndexSha256=7a2642a296274546c6a348d77c29f3c30d8992f5e7aeb4bab610514c4fbf64eb; Structural/static source-derived candidate only. The exported_file is the shared machine definition-index evidence, not a visual or renderer asset export. It is not an authoritative original-runtime baseline and establishes no runtime reachability, placement, asset usage, visual appearance, renderer suitability, human or owner acceptance, strict completion, or publication."
swf-definition-00094,65,,structural-shape-definition-candidate,source-assets/flash/HELP MATH_ORIGINAL FILES/HELP_COURSES/ELMGR5/L4/VB/L4VB03.swf,,migrations/course-g05-l04-vb-003/audit/machine/g5-l4-pre-runtime-swf-definition-inventory.csv,7a2642a296274546c6a348d77c29f3c30d8992f5e7aeb4bab610514c4fbf64eb,CSV definition-index record for DefineShape,,,"projection only; no asset bytes exported, transformed, redrawn, or generated",machine-extracted-structural-candidate,owner-provided SWF,"container=root; definitionDepth=0; tagOrdinal=94; payloadBytes=184; rawTagPayloadSha256=f5c97e621150528f11844d5b68d9a6d2c772692c150c30b93078e8f2d85c70cf; exactTagIdentitySha256=8f5cd36786c0a4dcf75ec15b4d304677765c97b7636f1abb1ede3f7bfd482a9b; runtime reachability unresolved; placement and bounds unresolved; renderer suitability unresolved; machineDefinitionIndexSha256=7a2642a296274546c6a348d77c29f3c30d8992f5e7aeb4bab610514c4fbf64eb; Structural/static source-derived candidate only. The exported_file is the shared machine definition-index evidence, not a visual or renderer asset export. It is not an authoritative original-runtime baseline and establishes no runtime reachability, placement, asset usage, visual appearance, renderer suitability, human or owner acceptance, strict completion, or publication."
swf-definition-00095,66,,structural-sprite-definition-candidate,source-assets/flash/HELP MATH_ORIGINAL FILES/HELP_COURSES/ELMGR5/L4/VB/L4VB03.swf,,migrations/course-g05-l04-vb-003/audit/machine/g5-l4-pre-runtime-swf-definition-inventory.csv,7a2642a296274546c6a348d77c29f3c30d8992f5e7aeb4bab610514c4fbf64eb,CSV definition-index record for DefineSprite,,,"projection only; no asset bytes exported, transformed, redrawn, or generated",machine-extracted-structural-candidate,owner-provided SWF,"container=root; definitionDepth=0; tagOrdinal=95; payloadBytes=43; rawTagPayloadSha256=2265107783a0cc43cfad81c87d765894eaa8d3ff64a64bb6b09ca85b2249207b; exactTagIdentitySha256=0cf57c7eca0d54ae048906ba1e422d2f3da92144b4dd92c802d34309c75a21f2; declaredFrameCount=1; runtime reachability unresolved; placement and bounds unresolved; renderer suitability unresolved; machineDefinitionIndexSha256=7a2642a296274546c6a348d77c29f3c30d8992f5e7aeb4bab610514c4fbf64eb; Structural/static source-derived candidate only. The exported_file is the shared machine definition-index evidence, not a visual or renderer asset export. It is not an authoritative original-runtime baseline and establishes no runtime reachability, placement, asset usage, visual appearance, renderer suitability, human or owner acceptance, strict completion, or publication."
swf-definition-00101,67,,structural-sprite-definition-candidate,source-assets/flash/HELP MATH_ORIGINAL FILES/HELP_COURSES/ELMGR5/L4/VB/L4VB03.swf,,migrations/course-g05-l04-vb-003/audit/machine/g5-l4-pre-runtime-swf-definition-inventory.csv,7a2642a296274546c6a348d77c29f3c30d8992f5e7aeb4bab610514c4fbf64eb,CSV definition-index record for DefineSprite,,,"projection only; no asset bytes exported, transformed, redrawn, or generated",machine-extracted-structural-candidate,owner-provided SWF,"container=root; definitionDepth=0; tagOrdinal=101; payloadBytes=32; rawTagPayloadSha256=196ea18253dcbb426c5a90f123104a0e2bbad11b397b329d912588e577435ee0; exactTagIdentitySha256=384cee167b085ab13e74d3bfbe0fc2e20610af3a8d3e8e553202b8dbc033e80b; declaredFrameCount=1; runtime reachability unresolved; placement and bounds unresolved; renderer suitability unresolved; machineDefinitionIndexSha256=7a2642a296274546c6a348d77c29f3c30d8992f5e7aeb4bab610514c4fbf64eb; Structural/static source-derived candidate only. The exported_file is the shared machine definition-index evidence, not a visual or renderer asset export. It is not an authoritative original-runtime baseline and establishes no runtime reachability, placement, asset usage, visual appearance, renderer suitability, human or owner acceptance, strict completion, or publication."
swf-definition-00106,68,,structural-sprite-definition-candidate,source-assets/flash/HELP MATH_ORIGINAL FILES/HELP_COURSES/ELMGR5/L4/VB/L4VB03.swf,,migrations/course-g05-l04-vb-003/audit/machine/g5-l4-pre-runtime-swf-definition-inventory.csv,7a2642a296274546c6a348d77c29f3c30d8992f5e7aeb4bab610514c4fbf64eb,CSV definition-index record for DefineSprite,,,"projection only; no asset bytes exported, transformed, redrawn, or generated",machine-extracted-structural-candidate,owner-provided SWF,"container=root; definitionDepth=0; tagOrdinal=106; payloadBytes=32; rawTagPayloadSha256=25bbd2afc925c17b2b7502bd6600bd2698a40815909d79d849dc45517fb54a6a; exactTagIdentitySha256=f7e4ca65b8d3f5526f18a1edb5d33abcbad96b957aea33cbbd9e6b8194b87d59; declaredFrameCount=1; runtime reachability unresolved; placement and bounds unresolved; renderer suitability unresolved; machineDefinitionIndexSha256=7a2642a296274546c6a348d77c29f3c30d8992f5e7aeb4bab610514c4fbf64eb; Structural/static source-derived candidate only. The exported_file is the shared machine definition-index evidence, not a visual or renderer asset export. It is not an authoritative original-runtime baseline and establishes no runtime reachability, placement, asset usage, visual appearance, renderer suitability, human or owner acceptance, strict completion, or publication."
swf-definition-00111,69,,structural-sprite-definition-candidate,source-assets/flash/HELP MATH_ORIGINAL FILES/HELP_COURSES/ELMGR5/L4/VB/L4VB03.swf,,migrations/course-g05-l04-vb-003/audit/machine/g5-l4-pre-runtime-swf-definition-inventory.csv,7a2642a296274546c6a348d77c29f3c30d8992f5e7aeb4bab610514c4fbf64eb,CSV definition-index record for DefineSprite,,,"projection only; no asset bytes exported, transformed, redrawn, or generated",machine-extracted-structural-candidate,owner-provided SWF,"container=root; definitionDepth=0; tagOrdinal=111; payloadBytes=70; rawTagPayloadSha256=c183ef4824943a70f764acb5fe43dc30f29b141b02122d835c92ca84140ea95e; exactTagIdentitySha256=0194086de597230a5cd55144ac0d42f6ad34c0c64d9e02cab7cee415c6027993; declaredFrameCount=1; runtime reachability unresolved; placement and bounds unresolved; renderer suitability unresolved; machineDefinitionIndexSha256=7a2642a296274546c6a348d77c29f3c30d8992f5e7aeb4bab610514c4fbf64eb; Structural/static source-derived candidate only. The exported_file is the shared machine definition-index evidence, not a visual or renderer asset export. It is not an authoritative original-runtime baseline and establishes no runtime reachability, placement, asset usage, visual appearance, renderer suitability, human or owner acceptance, strict completion, or publication."
swf-definition-00119,70,,structural-sprite-definition-candidate,source-assets/flash/HELP MATH_ORIGINAL FILES/HELP_COURSES/ELMGR5/L4/VB/L4VB03.swf,,migrations/course-g05-l04-vb-003/audit/machine/g5-l4-pre-runtime-swf-definition-inventory.csv,7a2642a296274546c6a348d77c29f3c30d8992f5e7aeb4bab610514c4fbf64eb,CSV definition-index record for DefineSprite,,,"projection only; no asset bytes exported, transformed, redrawn, or generated",machine-extracted-structural-candidate,owner-provided SWF,"container=root; definitionDepth=0; tagOrdinal=119; payloadBytes=27; rawTagPayloadSha256=0e20a5550e07a27da0dded79ac93b1e11491450d57e996764bdd3983d0a5f24a; exactTagIdentitySha256=9f29d2c5b8d509d279994a130eb66a7d96b27d45601cbf0129fbb2e674ceb98c; declaredFrameCount=1; runtime reachability unresolved; placement and bounds unresolved; renderer suitability unresolved; machineDefinitionIndexSha256=7a2642a296274546c6a348d77c29f3c30d8992f5e7aeb4bab610514c4fbf64eb; Structural/static source-derived candidate only. The exported_file is the shared machine definition-index evidence, not a visual or renderer asset export. It is not an authoritative original-runtime baseline and establishes no runtime reachability, placement, asset usage, visual appearance, renderer suitability, human or owner acceptance, strict completion, or publication."
swf-definition-00124,71,,structural-sprite-definition-candidate,source-assets/flash/HELP MATH_ORIGINAL FILES/HELP_COURSES/ELMGR5/L4/VB/L4VB03.swf,,migrations/course-g05-l04-vb-003/audit/machine/g5-l4-pre-runtime-swf-definition-inventory.csv,7a2642a296274546c6a348d77c29f3c30d8992f5e7aeb4bab610514c4fbf64eb,CSV definition-index record for DefineSprite,,,"projection only; no asset bytes exported, transformed, redrawn, or generated",machine-extracted-structural-candidate,owner-provided SWF,"container=root; definitionDepth=0; tagOrdinal=124; payloadBytes=27; rawTagPayloadSha256=8558a215e8a283f05700b0cf7bbea2f7e7beabcf762dda2a889cdf1b46e36089; exactTagIdentitySha256=b3eee406bd1133914927cab7279d385efd421762869f1b9587a3bd2afcfea165; declaredFrameCount=1; runtime reachability unresolved; placement and bounds unresolved; renderer suitability unresolved; machineDefinitionIndexSha256=7a2642a296274546c6a348d77c29f3c30d8992f5e7aeb4bab610514c4fbf64eb; Structural/static source-derived candidate only. The exported_file is the shared machine definition-index evidence, not a visual or renderer asset export. It is not an authoritative original-runtime baseline and establishes no runtime reachability, placement, asset usage, visual appearance, renderer suitability, human or owner acceptance, strict completion, or publication."
swf-definition-00129,72,,structural-sprite-definition-candidate,source-assets/flash/HELP MATH_ORIGINAL FILES/HELP_COURSES/ELMGR5/L4/VB/L4VB03.swf,,migrations/course-g05-l04-vb-003/audit/machine/g5-l4-pre-runtime-swf-definition-inventory.csv,7a2642a296274546c6a348d77c29f3c30d8992f5e7aeb4bab610514c4fbf64eb,CSV definition-index record for DefineSprite,,,"projection only; no asset bytes exported, transformed, redrawn, or generated",machine-extracted-structural-candidate,owner-provided SWF,"container=root; definitionDepth=0; tagOrdinal=129; payloadBytes=32; rawTagPayloadSha256=1241a31736d1b4bc771aa1eb4d57de5542c027685190f0bbd2ad0e38a8d9ab80; exactTagIdentitySha256=36a547dc9da1878bf87cac75f0f3ddaa153b42362024899ac89cc61826cc0715; declaredFrameCount=1; runtime reachability unresolved; placement and bounds unresolved; renderer suitability unresolved; machineDefinitionIndexSha256=7a2642a296274546c6a348d77c29f3c30d8992f5e7aeb4bab610514c4fbf64eb; Structural/static source-derived candidate only. The exported_file is the shared machine definition-index evidence, not a visual or renderer asset export. It is not an authoritative original-runtime baseline and establishes no runtime reachability, placement, asset usage, visual appearance, renderer suitability, human or owner acceptance, strict completion, or publication."
swf-definition-00134,73,,structural-sprite-definition-candidate,source-assets/flash/HELP MATH_ORIGINAL FILES/HELP_COURSES/ELMGR5/L4/VB/L4VB03.swf,,migrations/course-g05-l04-vb-003/audit/machine/g5-l4-pre-runtime-swf-definition-inventory.csv,7a2642a296274546c6a348d77c29f3c30d8992f5e7aeb4bab610514c4fbf64eb,CSV definition-index record for DefineSprite,,,"projection only; no asset bytes exported, transformed, redrawn, or generated",machine-extracted-structural-candidate,owner-provided SWF,"container=root; definitionDepth=0; tagOrdinal=134; payloadBytes=43; rawTagPayloadSha256=6ce3dcf24e6afbaad55675fea9474363c04070e29518370cb968276f27994485; exactTagIdentitySha256=2fcbd411287f8a828391ba677a86b244baaa27876ccf4985a09331350c950c62; declaredFrameCount=1; runtime reachability unresolved; placement and bounds unresolved; renderer suitability unresolved; machineDefinitionIndexSha256=7a2642a296274546c6a348d77c29f3c30d8992f5e7aeb4bab610514c4fbf64eb; Structural/static source-derived candidate only. The exported_file is the shared machine definition-index evidence, not a visual or renderer asset export. It is not an authoritative original-runtime baseline and establishes no runtime reachability, placement, asset usage, visual appearance, renderer suitability, human or owner acceptance, strict completion, or publication."
swf-definition-00140,74,,structural-sprite-definition-candidate,source-assets/flash/HELP MATH_ORIGINAL FILES/HELP_COURSES/ELMGR5/L4/VB/L4VB03.swf,,migrations/course-g05-l04-vb-003/audit/machine/g5-l4-pre-runtime-swf-definition-inventory.csv,7a2642a296274546c6a348d77c29f3c30d8992f5e7aeb4bab610514c4fbf64eb,CSV definition-index record for DefineSprite,,,"projection only; no asset bytes exported, transformed, redrawn, or generated",machine-extracted-structural-candidate,owner-provided SWF,"container=root; definitionDepth=0; tagOrdinal=140; payloadBytes=27; rawTagPayloadSha256=0ad450d11cc8dfa3e184628e1b78b627cf77a4472021960126a36bf29874bacf; exactTagIdentitySha256=90ff822e219b36a293c6a2870994f6aca9d8b4622e9aeca714873b82b15f53d6; declaredFrameCount=1; runtime reachability unresolved; placement and bounds unresolved; renderer suitability unresolved; machineDefinitionIndexSha256=7a2642a296274546c6a348d77c29f3c30d8992f5e7aeb4bab610514c4fbf64eb; Structural/static source-derived candidate only. The exported_file is the shared machine definition-index evidence, not a visual or renderer asset export. It is not an authoritative original-runtime baseline and establishes no runtime reachability, placement, asset usage, visual appearance, renderer suitability, human or owner acceptance, strict completion, or publication."
swf-definition-00145,75,,structural-sprite-definition-candidate,source-assets/flash/HELP MATH_ORIGINAL FILES/HELP_COURSES/ELMGR5/L4/VB/L4VB03.swf,,migrations/course-g05-l04-vb-003/audit/machine/g5-l4-pre-runtime-swf-definition-inventory.csv,7a2642a296274546c6a348d77c29f3c30d8992f5e7aeb4bab610514c4fbf64eb,CSV definition-index record for DefineSprite,,,"projection only; no asset bytes exported, transformed, redrawn, or generated",machine-extracted-structural-candidate,owner-provided SWF,"container=root; definitionDepth=0; tagOrdinal=145; payloadBytes=70; rawTagPayloadSha256=7d24c43d36d18443a3c4a293084e43ba3c771a9d58d2825a0433946aa2388972; exactTagIdentitySha256=224f0220221e9b9b73eea1bd42bda0079ba4c8c51dde2dbe2407f48c8a7ffc61; declaredFrameCount=1; runtime reachability unresolved; placement and bounds unresolved; renderer suitability unresolved; machineDefinitionIndexSha256=7a2642a296274546c6a348d77c29f3c30d8992f5e7aeb4bab610514c4fbf64eb; Structural/static source-derived candidate only. The exported_file is the shared machine definition-index evidence, not a visual or renderer asset export. It is not an authoritative original-runtime baseline and establishes no runtime reachability, placement, asset usage, visual appearance, renderer suitability, human or owner acceptance, strict completion, or publication."
swf-definition-00153,76,,structural-sprite-definition-candidate,source-assets/flash/HELP MATH_ORIGINAL FILES/HELP_COURSES/ELMGR5/L4/VB/L4VB03.swf,,migrations/course-g05-l04-vb-003/audit/machine/g5-l4-pre-runtime-swf-definition-inventory.csv,7a2642a296274546c6a348d77c29f3c30d8992f5e7aeb4bab610514c4fbf64eb,CSV definition-index record for DefineSprite,,,"projection only; no asset bytes exported, transformed, redrawn, or generated",machine-extracted-structural-candidate,owner-provided SWF,"container=root; definitionDepth=0; tagOrdinal=153; payloadBytes=27; rawTagPayloadSha256=c86efc76ecba3dc0bca88ae6134be15adf2947b1ea65181a6629cf40c23c4ed3; exactTagIdentitySha256=c84df6e6f72d643100ee1de7894a95e5a7e2988d46912f663cfad03f1e1c4776; declaredFrameCount=1; runtime reachability unresolved; placement and bounds unresolved; renderer suitability unresolved; machineDefinitionIndexSha256=7a2642a296274546c6a348d77c29f3c30d8992f5e7aeb4bab610514c4fbf64eb; Structural/static source-derived candidate only. The exported_file is the shared machine definition-index evidence, not a visual or renderer asset export. It is not an authoritative original-runtime baseline and establishes no runtime reachability, placement, asset usage, visual appearance, renderer suitability, human or owner acceptance, strict completion, or publication."
swf-definition-00158,77,,structural-shape-definition-candidate,source-assets/flash/HELP MATH_ORIGINAL FILES/HELP_COURSES/ELMGR5/L4/VB/L4VB03.swf,,migrations/course-g05-l04-vb-003/audit/machine/g5-l4-pre-runtime-swf-definition-inventory.csv,7a2642a296274546c6a348d77c29f3c30d8992f5e7aeb4bab610514c4fbf64eb,CSV definition-index record for DefineShape2,,,"projection only; no asset bytes exported, transformed, redrawn, or generated",machine-extracted-structural-candidate,owner-provided SWF,"container=root; definitionDepth=0; tagOrdinal=158; payloadBytes=55; rawTagPayloadSha256=a9b588c730d19fc462826b9f818b0858c4cca5cc5549ac37390634b953e4549b; exactTagIdentitySha256=d8c5e661fd88d0006bdb12001d45559490efa1d1a2b43dbd2bc7860ac40259a7; runtime reachability unresolved; placement and bounds unresolved; renderer suitability unresolved; machineDefinitionIndexSha256=7a2642a296274546c6a348d77c29f3c30d8992f5e7aeb4bab610514c4fbf64eb; Structural/static source-derived candidate only. The exported_file is the shared machine definition-index evidence, not a visual or renderer asset export. It is not an authoritative original-runtime baseline and establishes no runtime reachability, placement, asset usage, visual appearance, renderer suitability, human or owner acceptance, strict completion, or publication."
swf-definition-00159,78,,structural-text-definition-candidate,source-assets/flash/HELP MATH_ORIGINAL FILES/HELP_COURSES/ELMGR5/L4/VB/L4VB03.swf,,migrations/course-g05-l04-vb-003/audit/machine/g5-l4-pre-runtime-swf-definition-inventory.csv,7a2642a296274546c6a348d77c29f3c30d8992f5e7aeb4bab610514c4fbf64eb,CSV definition-index record for DefineText,,,"projection only; no asset bytes exported, transformed, redrawn, or generated",machine-extracted-structural-candidate,owner-provided SWF,"container=root; definitionDepth=0; tagOrdinal=159; payloadBytes=37; rawTagPayloadSha256=5931f94e208db06a7755915e48df26dfb0ba6c7847154e669043893e8ae79fb0; exactTagIdentitySha256=ef4899171185e996c45a2e35c4df606470f222f3d19e399ca821749c6fbc9f94; runtime reachability unresolved; placement and bounds unresolved; renderer suitability unresolved; machineDefinitionIndexSha256=7a2642a296274546c6a348d77c29f3c30d8992f5e7aeb4bab610514c4fbf64eb; Structural/static source-derived candidate only. The exported_file is the shared machine definition-index evidence, not a visual or renderer asset export. It is not an authoritative original-runtime baseline and establishes no runtime reachability, placement, asset usage, visual appearance, renderer suitability, human or owner acceptance, strict completion, or publication."
swf-definition-00160,79,,structural-shape-definition-candidate,source-assets/flash/HELP MATH_ORIGINAL FILES/HELP_COURSES/ELMGR5/L4/VB/L4VB03.swf,,migrations/course-g05-l04-vb-003/audit/machine/g5-l4-pre-runtime-swf-definition-inventory.csv,7a2642a296274546c6a348d77c29f3c30d8992f5e7aeb4bab610514c4fbf64eb,CSV definition-index record for DefineShape,,,"projection only; no asset bytes exported, transformed, redrawn, or generated",machine-extracted-structural-candidate,owner-provided SWF,"container=root; definitionDepth=0; tagOrdinal=160; payloadBytes=64; rawTagPayloadSha256=faf2c0b152a47de09ce268b9c19e802e813a0924d69c26de7750eb02c40b5257; exactTagIdentitySha256=7328f69b922e235304ea340c2ed4299ba1a6f0b0a9499e655fd48e9f97166da5; runtime reachability unresolved; placement and bounds unresolved; renderer suitability unresolved; machineDefinitionIndexSha256=7a2642a296274546c6a348d77c29f3c30d8992f5e7aeb4bab610514c4fbf64eb; Structural/static source-derived candidate only. The exported_file is the shared machine definition-index evidence, not a visual or renderer asset export. It is not an authoritative original-runtime baseline and establishes no runtime reachability, placement, asset usage, visual appearance, renderer suitability, human or owner acceptance, strict completion, or publication."
swf-definition-00161,80,,structural-shape-definition-candidate,source-assets/flash/HELP MATH_ORIGINAL FILES/HELP_COURSES/ELMGR5/L4/VB/L4VB03.swf,,migrations/course-g05-l04-vb-003/audit/machine/g5-l4-pre-runtime-swf-definition-inventory.csv,7a2642a296274546c6a348d77c29f3c30d8992f5e7aeb4bab610514c4fbf64eb,CSV definition-index record for DefineShape2,,,"projection only; no asset bytes exported, transformed, redrawn, or generated",machine-extracted-structural-candidate,owner-provided SWF,"container=root; definitionDepth=0; tagOrdinal=161; payloadBytes=286; rawTagPayloadSha256=f891632bd04a532efbe22b3df0ae69cb052ad5ca957343ee31dcf14fd3d1bac3; exactTagIdentitySha256=a2720c4c02eb9be77d196ccfb9b449e34737bfc5c6e1d929d06c9cf3dfe568e6; runtime reachability unresolved; placement and bounds unresolved; renderer suitability unresolved; machineDefinitionIndexSha256=7a2642a296274546c6a348d77c29f3c30d8992f5e7aeb4bab610514c4fbf64eb; Structural/static source-derived candidate only. The exported_file is the shared machine definition-index evidence, not a visual or renderer asset export. It is not an authoritative original-runtime baseline and establishes no runtime reachability, placement, asset usage, visual appearance, renderer suitability, human or owner acceptance, strict completion, or publication."
swf-definition-00162,81,,structural-shape-definition-candidate,source-assets/flash/HELP MATH_ORIGINAL FILES/HELP_COURSES/ELMGR5/L4/VB/L4VB03.swf,,migrations/course-g05-l04-vb-003/audit/machine/g5-l4-pre-runtime-swf-definition-inventory.csv,7a2642a296274546c6a348d77c29f3c30d8992f5e7aeb4bab610514c4fbf64eb,CSV definition-index record for DefineShape2,,,"projection only; no asset bytes exported, transformed, redrawn, or generated",machine-extracted-structural-candidate,owner-provided SWF,"container=root; definitionDepth=0; tagOrdinal=162; payloadBytes=292; rawTagPayloadSha256=60baf4de493fde95237a3ee54cdd7e2536fb3b6d2893bf181cc30019e7495a95; exactTagIdentitySha256=f6d03525c17d37126b5c420f659d867427432304bfee1b4d871ad4dc2f6ad9c9; runtime reachability unresolved; placement and bounds unresolved; renderer suitability unresolved; machineDefinitionIndexSha256=7a2642a296274546c6a348d77c29f3c30d8992f5e7aeb4bab610514c4fbf64eb; Structural/static source-derived candidate only. The exported_file is the shared machine definition-index evidence, not a visual or renderer asset export. It is not an authoritative original-runtime baseline and establishes no runtime reachability, placement, asset usage, visual appearance, renderer suitability, human or owner acceptance, strict completion, or publication."
swf-definition-00163,82,,structural-shape-definition-candidate,source-assets/flash/HELP MATH_ORIGINAL FILES/HELP_COURSES/ELMGR5/L4/VB/L4VB03.swf,,migrations/course-g05-l04-vb-003/audit/machine/g5-l4-pre-runtime-swf-definition-inventory.csv,7a2642a296274546c6a348d77c29f3c30d8992f5e7aeb4bab610514c4fbf64eb,CSV definition-index record for DefineShape2,,,"projection only; no asset bytes exported, transformed, redrawn, or generated",machine-extracted-structural-candidate,owner-provided SWF,"container=root; definitionDepth=0; tagOrdinal=163; payloadBytes=336; rawTagPayloadSha256=bff2e1c3f9130dca8a7add2d6cf3218993a7dc4d2880108bf057e3db8f014491; exactTagIdentitySha256=017f1bd4ee79110706f7228f9d7af5c070dc58642f1748e0f9f090f9241737ee; runtime reachability unresolved; placement and bounds unresolved; renderer suitability unresolved; machineDefinitionIndexSha256=7a2642a296274546c6a348d77c29f3c30d8992f5e7aeb4bab610514c4fbf64eb; Structural/static source-derived candidate only. The exported_file is the shared machine definition-index evidence, not a visual or renderer asset export. It is not an authoritative original-runtime baseline and establishes no runtime reachability, placement, asset usage, visual appearance, renderer suitability, human or owner acceptance, strict completion, or publication."
swf-definition-00164,83,,structural-shape-definition-candidate,source-assets/flash/HELP MATH_ORIGINAL FILES/HELP_COURSES/ELMGR5/L4/VB/L4VB03.swf,,migrations/course-g05-l04-vb-003/audit/machine/g5-l4-pre-runtime-swf-definition-inventory.csv,7a2642a296274546c6a348d77c29f3c30d8992f5e7aeb4bab610514c4fbf64eb,CSV definition-index record for DefineShape,,,"projection only; no asset bytes exported, transformed, redrawn, or generated",machine-extracted-structural-candidate,owner-provided SWF,"container=root; definitionDepth=0; tagOrdinal=164; payloadBytes=34; rawTagPayloadSha256=f9225e4a161904b80d5769eb1f95e8c8be283af3c690ecf81439b3123dd20050; exactTagIdentitySha256=c78d0538b63c18e6e3ce8bfb7ec707cd4d36df131623d6455575f9f6557dbb9b; runtime reachability unresolved; placement and bounds unresolved; renderer suitability unresolved; machineDefinitionIndexSha256=7a2642a296274546c6a348d77c29f3c30d8992f5e7aeb4bab610514c4fbf64eb; Structural/static source-derived candidate only. The exported_file is the shared machine definition-index evidence, not a visual or renderer asset export. It is not an authoritative original-runtime baseline and establishes no runtime reachability, placement, asset usage, visual appearance, renderer suitability, human or owner acceptance, strict completion, or publication."
swf-definition-00165,84,,structural-sprite-definition-candidate,source-assets/flash/HELP MATH_ORIGINAL FILES/HELP_COURSES/ELMGR5/L4/VB/L4VB03.swf,,migrations/course-g05-l04-vb-003/audit/machine/g5-l4-pre-runtime-swf-definition-inventory.csv,7a2642a296274546c6a348d77c29f3c30d8992f5e7aeb4bab610514c4fbf64eb,CSV definition-index record for DefineSprite,,,"projection only; no asset bytes exported, transformed, redrawn, or generated",machine-extracted-structural-candidate,owner-provided SWF,"container=root; definitionDepth=0; tagOrdinal=165; payloadBytes=2040; rawTagPayloadSha256=ff1beac0b71f68cb4069b1f9fa75435095686e5db486a3acab9b9785cd3231be; exactTagIdentitySha256=9d145be125749c4851c8941a427cdc9dfc5634b066f069a109b38ee91df46d32; declaredFrameCount=5; runtime reachability unresolved; placement and bounds unresolved; renderer suitability unresolved; machineDefinitionIndexSha256=7a2642a296274546c6a348d77c29f3c30d8992f5e7aeb4bab610514c4fbf64eb; Structural/static source-derived candidate only. The exported_file is the shared machine definition-index evidence, not a visual or renderer asset export. It is not an authoritative original-runtime baseline and establishes no runtime reachability, placement, asset usage, visual appearance, renderer suitability, human or owner acceptance, strict completion, or publication."
swf-definition-00180,85,,structural-button-definition-candidate,source-assets/flash/HELP MATH_ORIGINAL FILES/HELP_COURSES/ELMGR5/L4/VB/L4VB03.swf,,migrations/course-g05-l04-vb-003/audit/machine/g5-l4-pre-runtime-swf-definition-inventory.csv,7a2642a296274546c6a348d77c29f3c30d8992f5e7aeb4bab610514c4fbf64eb,CSV definition-index record for DefineButton2,,,"projection only; no asset bytes exported, transformed, redrawn, or generated",machine-extracted-structural-candidate,owner-provided SWF,"container=root; definitionDepth=0; tagOrdinal=180; payloadBytes=219; rawTagPayloadSha256=2cdf452e725f5caa8011e858697e5616adc239e9e7ffec11889a0de54cb69445; exactTagIdentitySha256=e26d0286d148414275324784672742b204cb6656c777c7c3172d48f81a9ee3ca; runtime reachability unresolved; placement and bounds unresolved; renderer suitability unresolved; machineDefinitionIndexSha256=7a2642a296274546c6a348d77c29f3c30d8992f5e7aeb4bab610514c4fbf64eb; Structural/static source-derived candidate only. The exported_file is the shared machine definition-index evidence, not a visual or renderer asset export. It is not an authoritative original-runtime baseline and establishes no runtime reachability, placement, asset usage, visual appearance, renderer suitability, human or owner acceptance, strict completion, or publication."
swf-definition-00181,86,,structural-shape-definition-candidate,source-assets/flash/HELP MATH_ORIGINAL FILES/HELP_COURSES/ELMGR5/L4/VB/L4VB03.swf,,migrations/course-g05-l04-vb-003/audit/machine/g5-l4-pre-runtime-swf-definition-inventory.csv,7a2642a296274546c6a348d77c29f3c30d8992f5e7aeb4bab610514c4fbf64eb,CSV definition-index record for DefineShape,,,"projection only; no asset bytes exported, transformed, redrawn, or generated",machine-extracted-structural-candidate,owner-provided SWF,"container=root; definitionDepth=0; tagOrdinal=181; payloadBytes=44; rawTagPayloadSha256=071258303380b0e12ff81bd5cf89cf6d93b58341db5fb1eae93440a237260a06; exactTagIdentitySha256=a33522f83a7cccffab669ad4ce69d5e49c46bcb4cb5b5f21faf4a6a1ee2dcbb8; runtime reachability unresolved; placement and bounds unresolved; renderer suitability unresolved; machineDefinitionIndexSha256=7a2642a296274546c6a348d77c29f3c30d8992f5e7aeb4bab610514c4fbf64eb; Structural/static source-derived candidate only. The exported_file is the shared machine definition-index evidence, not a visual or renderer asset export. It is not an authoritative original-runtime baseline and establishes no runtime reachability, placement, asset usage, visual appearance, renderer suitability, human or owner acceptance, strict completion, or publication."
swf-definition-00182,87,,structural-text-definition-candidate,source-assets/flash/HELP MATH_ORIGINAL FILES/HELP_COURSES/ELMGR5/L4/VB/L4VB03.swf,,migrations/course-g05-l04-vb-003/audit/machine/g5-l4-pre-runtime-swf-definition-inventory.csv,7a2642a296274546c6a348d77c29f3c30d8992f5e7aeb4bab610514c4fbf64eb,CSV definition-index record for DefineText,,,"projection only; no asset bytes exported, transformed, redrawn, or generated",machine-extracted-structural-candidate,owner-provided SWF,"container=root; definitionDepth=0; tagOrdinal=182; payloadBytes=116; rawTagPayloadSha256=dcc821964d8a421d4824d2abba94c4661f9600f8b0f316ec59e28123740d8da9; exactTagIdentitySha256=99baddb854e72b6398024ef7495fa85280a031dd5696702b1bec3414cdb8143a; runtime reachability unresolved; placement and bounds unresolved; renderer suitability unresolved; machineDefinitionIndexSha256=7a2642a296274546c6a348d77c29f3c30d8992f5e7aeb4bab610514c4fbf64eb; Structural/static source-derived candidate only. The exported_file is the shared machine definition-index evidence, not a visual or renderer asset export. It is not an authoritative original-runtime baseline and establishes no runtime reachability, placement, asset usage, visual appearance, renderer suitability, human or owner acceptance, strict completion, or publication."
swf-definition-00183,88,,structural-sprite-definition-candidate,source-assets/flash/HELP MATH_ORIGINAL FILES/HELP_COURSES/ELMGR5/L4/VB/L4VB03.swf,,migrations/course-g05-l04-vb-003/audit/machine/g5-l4-pre-runtime-swf-definition-inventory.csv,7a2642a296274546c6a348d77c29f3c30d8992f5e7aeb4bab610514c4fbf64eb,CSV definition-index record for DefineSprite,,,"projection only; no asset bytes exported, transformed, redrawn, or generated",machine-extracted-structural-candidate,owner-provided SWF,"container=root; definitionDepth=0; tagOrdinal=183; payloadBytes=6766; rawTagPayloadSha256=2d733480dfc1887bf033fc42a4d5a26118ba3239cfddc18c46bad3a24ed0c63c; exactTagIdentitySha256=1fc5eaa625e9cf133cb01aa80dd529780e2192efd071290187f55bf5480f1fdc; declaredFrameCount=16; runtime reachability unresolved; placement and bounds unresolved; renderer suitability unresolved; machineDefinitionIndexSha256=7a2642a296274546c6a348d77c29f3c30d8992f5e7aeb4bab610514c4fbf64eb; Structural/static source-derived candidate only. The exported_file is the shared machine definition-index evidence, not a visual or renderer asset export. It is not an authoritative original-runtime baseline and establishes no runtime reachability, placement, asset usage, visual appearance, renderer suitability, human or owner acceptance, strict completion, or publication."
swf-definition-00223,89,,structural-text-definition-candidate,source-assets/flash/HELP MATH_ORIGINAL FILES/HELP_COURSES/ELMGR5/L4/VB/L4VB03.swf,,migrations/course-g05-l04-vb-003/audit/machine/g5-l4-pre-runtime-swf-definition-inventory.csv,7a2642a296274546c6a348d77c29f3c30d8992f5e7aeb4bab610514c4fbf64eb,CSV definition-index record for DefineText,,,"projection only; no asset bytes exported, transformed, redrawn, or generated",machine-extracted-structural-candidate,owner-provided SWF,"container=root; definitionDepth=0; tagOrdinal=223; payloadBytes=50; rawTagPayloadSha256=9a32e36cc00114886a61c0db5bbe74a6c3ae4a83f03c3fb4c3a0b80b38f8a78b; exactTagIdentitySha256=0800f52131e712fa914673d24a7e87651149c111fb56a1da7355e8ebe0aae4a6; runtime reachability unresolved; placement and bounds unresolved; renderer suitability unresolved; machineDefinitionIndexSha256=7a2642a296274546c6a348d77c29f3c30d8992f5e7aeb4bab610514c4fbf64eb; Structural/static source-derived candidate only. The exported_file is the shared machine definition-index evidence, not a visual or renderer asset export. It is not an authoritative original-runtime baseline and establishes no runtime reachability, placement, asset usage, visual appearance, renderer suitability, human or owner acceptance, strict completion, or publication."
swf-definition-00224,90,,structural-sprite-definition-candidate,source-assets/flash/HELP MATH_ORIGINAL FILES/HELP_COURSES/ELMGR5/L4/VB/L4VB03.swf,,migrations/course-g05-l04-vb-003/audit/machine/g5-l4-pre-runtime-swf-definition-inventory.csv,7a2642a296274546c6a348d77c29f3c30d8992f5e7aeb4bab610514c4fbf64eb,CSV definition-index record for DefineSprite,,,"projection only; no asset bytes exported, transformed, redrawn, or generated",machine-extracted-structural-candidate,owner-provided SWF,"container=root; definitionDepth=0; tagOrdinal=224; payloadBytes=8250; rawTagPayloadSha256=b458b6442548a4344de594817384f984e84350cae804961048610ecba94ae91a; exactTagIdentitySha256=320f7b290133b20c96dc581d16275b1beea565097a3bb0b93693b0c130d0e4da; declaredFrameCount=20; runtime reachability unresolved; placement and bounds unresolved; renderer suitability unresolved; machineDefinitionIndexSha256=7a2642a296274546c6a348d77c29f3c30d8992f5e7aeb4bab610514c4fbf64eb; Structural/static source-derived candidate only. The exported_file is the shared machine definition-index evidence, not a visual or renderer asset export. It is not an authoritative original-runtime baseline and establishes no runtime reachability, placement, asset usage, visual appearance, renderer suitability, human or owner acceptance, strict completion, or publication."
swf-definition-00270,91,,structural-shape-definition-candidate,source-assets/flash/HELP MATH_ORIGINAL FILES/HELP_COURSES/ELMGR5/L4/VB/L4VB03.swf,,migrations/course-g05-l04-vb-003/audit/machine/g5-l4-pre-runtime-swf-definition-inventory.csv,7a2642a296274546c6a348d77c29f3c30d8992f5e7aeb4bab610514c4fbf64eb,CSV definition-index record for DefineShape,,,"projection only; no asset bytes exported, transformed, redrawn, or generated",machine-extracted-structural-candidate,owner-provided SWF,"container=root; definitionDepth=0; tagOrdinal=270; payloadBytes=81; rawTagPayloadSha256=79bcd52b4465db9eccb324ba1526fd804e8af8f16ac63f65927c9627b973a724; exactTagIdentitySha256=6868d0c5f0bb4b715e9ad1be74b255032927c4b96918952463ade2a40ba40910; runtime reachability unresolved; placement and bounds unresolved; renderer suitability unresolved; machineDefinitionIndexSha256=7a2642a296274546c6a348d77c29f3c30d8992f5e7aeb4bab610514c4fbf64eb; Structural/static source-derived candidate only. The exported_file is the shared machine definition-index evidence, not a visual or renderer asset export. It is not an authoritative original-runtime baseline and establishes no runtime reachability, placement, asset usage, visual appearance, renderer suitability, human or owner acceptance, strict completion, or publication."
swf-definition-00271,92,,structural-font-definition-candidate,source-assets/flash/HELP MATH_ORIGINAL FILES/HELP_COURSES/ELMGR5/L4/VB/L4VB03.swf,,migrations/course-g05-l04-vb-003/audit/machine/g5-l4-pre-runtime-swf-definition-inventory.csv,7a2642a296274546c6a348d77c29f3c30d8992f5e7aeb4bab610514c4fbf64eb,CSV definition-index record for DefineFont2,,8,"projection only; no asset bytes exported, transformed, redrawn, or generated",machine-extracted-structural-candidate,owner-provided SWF,"swfEmbeddedFontName=Bertram LET; container=root; definitionDepth=0; tagOrdinal=271; payloadBytes=975; rawTagPayloadSha256=71579424cc5fdd44b2d216eae814c2fad4fcea1c1c576801f0414869d25eb253; exactTagIdentitySha256=ed32b301684a5c9b46cbce30485e7b84024d7d8a409bd66d83752f5002c1b7bd; runtime reachability unresolved; placement and bounds unresolved; renderer suitability unresolved; machineDefinitionIndexSha256=7a2642a296274546c6a348d77c29f3c30d8992f5e7aeb4bab610514c4fbf64eb; Structural/static source-derived candidate only. The exported_file is the shared machine definition-index evidence, not a visual or renderer asset export. It is not an authoritative original-runtime baseline and establishes no runtime reachability, placement, asset usage, visual appearance, renderer suitability, human or owner acceptance, strict completion, or publication."
swf-definition-00272,93,,structural-text-definition-candidate,source-assets/flash/HELP MATH_ORIGINAL FILES/HELP_COURSES/ELMGR5/L4/VB/L4VB03.swf,,migrations/course-g05-l04-vb-003/audit/machine/g5-l4-pre-runtime-swf-definition-inventory.csv,7a2642a296274546c6a348d77c29f3c30d8992f5e7aeb4bab610514c4fbf64eb,CSV definition-index record for DefineText,,,"projection only; no asset bytes exported, transformed, redrawn, or generated",machine-extracted-structural-candidate,owner-provided SWF,"container=root; definitionDepth=0; tagOrdinal=272; payloadBytes=45; rawTagPayloadSha256=0a9fc0dfef35704a27d1c5eae83f18392edc5de844f0b462eb4177d3ccf006d5; exactTagIdentitySha256=82e1c4a68f70f9e5af21e0c63ead7919a7db263c515cf8bc7d5d6a4ffcf7e797; runtime reachability unresolved; placement and bounds unresolved; renderer suitability unresolved; machineDefinitionIndexSha256=7a2642a296274546c6a348d77c29f3c30d8992f5e7aeb4bab610514c4fbf64eb; Structural/static source-derived candidate only. The exported_file is the shared machine definition-index evidence, not a visual or renderer asset export. It is not an authoritative original-runtime baseline and establishes no runtime reachability, placement, asset usage, visual appearance, renderer suitability, human or owner acceptance, strict completion, or publication."
swf-definition-00273,94,,structural-sprite-definition-candidate,source-assets/flash/HELP MATH_ORIGINAL FILES/HELP_COURSES/ELMGR5/L4/VB/L4VB03.swf,,migrations/course-g05-l04-vb-003/audit/machine/g5-l4-pre-runtime-swf-definition-inventory.csv,7a2642a296274546c6a348d77c29f3c30d8992f5e7aeb4bab610514c4fbf64eb,CSV definition-index record for DefineSprite,,,"projection only; no asset bytes exported, transformed, redrawn, or generated",machine-extracted-structural-candidate,owner-provided SWF,"container=root; definitionDepth=0; tagOrdinal=273; payloadBytes=10298; rawTagPayloadSha256=8132e2648e9a04c0cf08f3aa93416c9bc778c17ba177ebf8630ca198da309b82; exactTagIdentitySha256=730a53cbcef80ea5fccbb6d9e048f714ce7196856252a87e666695b7e967fcb5; declaredFrameCount=29; runtime reachability unresolved; placement and bounds unresolved; renderer suitability unresolved; machineDefinitionIndexSha256=7a2642a296274546c6a348d77c29f3c30d8992f5e7aeb4bab610514c4fbf64eb; Structural/static source-derived candidate only. The exported_file is the shared machine definition-index evidence, not a visual or renderer asset export. It is not an authoritative original-runtime baseline and establishes no runtime reachability, placement, asset usage, visual appearance, renderer suitability, human or owner acceptance, strict completion, or publication."
swf-definition-00333,95,,structural-sprite-definition-candidate,source-assets/flash/HELP MATH_ORIGINAL FILES/HELP_COURSES/ELMGR5/L4/VB/L4VB03.swf,,migrations/course-g05-l04-vb-003/audit/machine/g5-l4-pre-runtime-swf-definition-inventory.csv,7a2642a296274546c6a348d77c29f3c30d8992f5e7aeb4bab610514c4fbf64eb,CSV definition-index record for DefineSprite,,,"projection only; no asset bytes exported, transformed, redrawn, or generated",machine-extracted-structural-candidate,owner-provided SWF,"container=root; definitionDepth=0; tagOrdinal=333; payloadBytes=79926; rawTagPayloadSha256=90e6eda6acd1be6871bb5f16b20f6c879e2450256e8d4197df9bd0b9e6a7d039; exactTagIdentitySha256=7c25fa680569222dc6fa512aacf8cff8cede4963fec44891363b4460dcb6a9d3; declaredFrameCount=175; runtime reachability unresolved; placement and bounds unresolved; renderer suitability unresolved; machineDefinitionIndexSha256=7a2642a296274546c6a348d77c29f3c30d8992f5e7aeb4bab610514c4fbf64eb; Structural/static source-derived candidate only. The exported_file is the shared machine definition-index evidence, not a visual or renderer asset export. It is not an authoritative original-runtime baseline and establishes no runtime reachability, placement, asset usage, visual appearance, renderer suitability, human or owner acceptance, strict completion, or publication."
