asset_id,swf_character_id,library_symbol,type,source_file,source_frame,exported_file,sha256,format,dimensions_or_bounds,font_glyphs,transformation,confidence,license_or_provenance,notes
swf-definition-00003,1,,shape,source-assets/flash/HELP MATH_ORIGINAL FILES/HELP_COURSES/ELMGR5/L5/TI/L5TI02.swf,,,8c0efa2b3a0c18dc0a282237e4ef6bb9fb2d22fa2cc38aaddf6003fce9f08b41,DefineShape2,,,none; machine census only; no renderer export,machine-extracted-definition-candidate,owner-provided SWF,container=root; definitionDepth=0; tagOrdinal=3; payloadBytes=170; rawTagPayloadSha256=8c0efa2b3a0c18dc0a282237e4ef6bb9fb2d22fa2cc38aaddf6003fce9f08b41; exactTagIdentitySha256=2346e97604b854909529cf96d082f4416db16a54f3b30e9c4a6c8a4c9a552de8; runtime reachability unresolved; placement and bounds unresolved; renderer suitability unresolved
swf-definition-00004,2,,shape,source-assets/flash/HELP MATH_ORIGINAL FILES/HELP_COURSES/ELMGR5/L5/TI/L5TI02.swf,,,83e92ccb6979d665e3a5686e523e18847c6c8ca6d4c2a9345199e0d0825177ca,DefineShape3,,,none; machine census only; no renderer export,machine-extracted-definition-candidate,owner-provided SWF,container=root; definitionDepth=0; tagOrdinal=4; payloadBytes=97; rawTagPayloadSha256=83e92ccb6979d665e3a5686e523e18847c6c8ca6d4c2a9345199e0d0825177ca; exactTagIdentitySha256=0f6aaab1017272e0ccfb4634fc98f80e9318ea4e72a42555948b06ce9c77f617; runtime reachability unresolved; placement and bounds unresolved; renderer suitability unresolved
swf-definition-00005,3,Bauhaus Md BT,font,source-assets/flash/HELP MATH_ORIGINAL FILES/HELP_COURSES/ELMGR5/L5/TI/L5TI02.swf,,,571fa87c3b7440d83f554793239bcefc4f3306f9063bf9dbee98112d370543e0,DefineFont2,,58,none; machine census only; no renderer export,machine-extracted-definition-candidate,owner-provided SWF,container=root; definitionDepth=0; tagOrdinal=5; payloadBytes=4233; rawTagPayloadSha256=571fa87c3b7440d83f554793239bcefc4f3306f9063bf9dbee98112d370543e0; exactTagIdentitySha256=40c2f671a7fe06c2f02df028cac8ce8076af45e71fa518cbd1563d54d82baee2; runtime reachability unresolved; placement and bounds unresolved; renderer suitability unresolved
swf-definition-00007,4,,text,source-assets/flash/HELP MATH_ORIGINAL FILES/HELP_COURSES/ELMGR5/L5/TI/L5TI02.swf,,,e3c480c65e805ef0a0739ba30490824e4b11c2951c92f9c86d2ab1b13d45f1e4,DefineText,,,none; machine census only; no renderer export,machine-extracted-definition-candidate,owner-provided SWF,container=root; definitionDepth=0; tagOrdinal=7; payloadBytes=53; rawTagPayloadSha256=e3c480c65e805ef0a0739ba30490824e4b11c2951c92f9c86d2ab1b13d45f1e4; exactTagIdentitySha256=6bcddab9bdc25273c1b3d76a0eaf982711476ad9692af5337921b58f53752dc4; runtime reachability unresolved; placement and bounds unresolved; renderer suitability unresolved
swf-definition-00008,5,,text,source-assets/flash/HELP MATH_ORIGINAL FILES/HELP_COURSES/ELMGR5/L5/TI/L5TI02.swf,,,126a60a4991d8972c64dbf9dcbdc8d4c4ae824cbc041bc7ab3c2c71b5cdbd51d,DefineText,,,none; machine census only; no renderer export,machine-extracted-definition-candidate,owner-provided SWF,container=root; definitionDepth=0; tagOrdinal=8; payloadBytes=53; rawTagPayloadSha256=126a60a4991d8972c64dbf9dcbdc8d4c4ae824cbc041bc7ab3c2c71b5cdbd51d; exactTagIdentitySha256=c12da0b068424cf898959685c67c625dc7c33381b5b7d197db66795e54143916; runtime reachability unresolved; placement and bounds unresolved; renderer suitability unresolved
swf-definition-00009,6,,shape,source-assets/flash/HELP MATH_ORIGINAL FILES/HELP_COURSES/ELMGR5/L5/TI/L5TI02.swf,,,9fc3e7de03b7c2617832f45c4cdb070597b7ddfa93e377f06198a26062521d15,DefineShape3,,,none; machine census only; no renderer export,machine-extracted-definition-candidate,owner-provided SWF,container=root; definitionDepth=0; tagOrdinal=9; payloadBytes=96; rawTagPayloadSha256=9fc3e7de03b7c2617832f45c4cdb070597b7ddfa93e377f06198a26062521d15; exactTagIdentitySha256=8e6bf1f4c74573ebc72f81a3c3e6b4099a49d5f8a7b969b7e8421280a5b1242c; runtime reachability unresolved; placement and bounds unresolved; renderer suitability unresolved
swf-definition-00010,7,,button,source-assets/flash/HELP MATH_ORIGINAL FILES/HELP_COURSES/ELMGR5/L5/TI/L5TI02.swf,,,fbe822a1f061ec87b2cf7d8ac3d97e81d2c0e7b72f59ee48fcd7e2011bc50097,DefineButton2,,,none; machine census only; no renderer export,machine-extracted-definition-candidate,owner-provided SWF,container=root; definitionDepth=0; tagOrdinal=10; payloadBytes=47; rawTagPayloadSha256=fbe822a1f061ec87b2cf7d8ac3d97e81d2c0e7b72f59ee48fcd7e2011bc50097; exactTagIdentitySha256=477ade20d040b98ca98cdc4a08cfa109c6eadb0d3fd2b5da73b69b81a0567d2a; runtime reachability unresolved; placement and bounds unresolved; renderer suitability unresolved
swf-definition-00012,8,,button,source-assets/flash/HELP MATH_ORIGINAL FILES/HELP_COURSES/ELMGR5/L5/TI/L5TI02.swf,,,d587db37f0c85a26ecba3c1acaece5631bc66c4458e17886398d839ff7fa301e,DefineButton2,,,none; machine census only; no renderer export,machine-extracted-definition-candidate,owner-provided SWF,container=root; definitionDepth=0; tagOrdinal=12; payloadBytes=47; rawTagPayloadSha256=d587db37f0c85a26ecba3c1acaece5631bc66c4458e17886398d839ff7fa301e; exactTagIdentitySha256=ecc278918ac49cd2c362e1617e997c9be297ab5a7264c93cba1850c73b14611d; runtime reachability unresolved; placement and bounds unresolved; renderer suitability unresolved
swf-definition-00014,9,,shape,source-assets/flash/HELP MATH_ORIGINAL FILES/HELP_COURSES/ELMGR5/L5/TI/L5TI02.swf,,,0c2cfd85d13d0e4d5dfeb627bd1ffaec0c51197ce9d718023b15bdfc19267ced,DefineShape3,,,none; machine census only; no renderer export,machine-extracted-definition-candidate,owner-provided SWF,container=root; definitionDepth=0; tagOrdinal=14; payloadBytes=418; rawTagPayloadSha256=0c2cfd85d13d0e4d5dfeb627bd1ffaec0c51197ce9d718023b15bdfc19267ced; exactTagIdentitySha256=0a8be621653f2733f9775b84e176db2fb99ac47bb9e01309706c86c968346ae5; runtime reachability unresolved; placement and bounds unresolved; renderer suitability unresolved
swf-definition-00015,10,,sprite,source-assets/flash/HELP MATH_ORIGINAL FILES/HELP_COURSES/ELMGR5/L5/TI/L5TI02.swf,,,61c2008a48fbf5c766c63ec084fb236519804759f7d5d4b9e5d99b262efed4d1,DefineSprite,,,none; machine census only; no renderer export,machine-extracted-definition-candidate,owner-provided SWF,container=root; definitionDepth=0; tagOrdinal=15; payloadBytes=16; rawTagPayloadSha256=61c2008a48fbf5c766c63ec084fb236519804759f7d5d4b9e5d99b262efed4d1; exactTagIdentitySha256=eeb8c0cedcc5d94fd715491e9db4cc31d45f9675776daed23347aeffed85281c; declaredFrameCount=1; runtime reachability unresolved; placement and bounds unresolved; renderer suitability unresolved
swf-definition-00020,11,,button,source-assets/flash/HELP MATH_ORIGINAL FILES/HELP_COURSES/ELMGR5/L5/TI/L5TI02.swf,,,a3645c549d6caced138b9b26e05b2b2a065c250599931f231ad054f079611cf9,DefineButton2,,,none; machine census only; no renderer export,machine-extracted-definition-candidate,owner-provided SWF,container=root; definitionDepth=0; tagOrdinal=20; payloadBytes=47; rawTagPayloadSha256=a3645c549d6caced138b9b26e05b2b2a065c250599931f231ad054f079611cf9; exactTagIdentitySha256=c72b064294f114b8ae0059f6834c7013218a478ce228c8aec17869913429fc95; runtime reachability unresolved; placement and bounds unresolved; renderer suitability unresolved
swf-definition-00022,12,,text,source-assets/flash/HELP MATH_ORIGINAL FILES/HELP_COURSES/ELMGR5/L5/TI/L5TI02.swf,,,408b190b83383a32ff51803cac9f86b92674a357f583a365ff5696683b9ec10c,DefineText,,,none; machine census only; no renderer export,machine-extracted-definition-candidate,owner-provided SWF,container=root; definitionDepth=0; tagOrdinal=22; payloadBytes=25; rawTagPayloadSha256=408b190b83383a32ff51803cac9f86b92674a357f583a365ff5696683b9ec10c; exactTagIdentitySha256=468142a9b553bf15565a39d3abb644ace45b272b24533479c7288feaaaf11529; runtime reachability unresolved; placement and bounds unresolved; renderer suitability unresolved
swf-definition-00024,13,,shape,source-assets/flash/HELP MATH_ORIGINAL FILES/HELP_COURSES/ELMGR5/L5/TI/L5TI02.swf,,,7f1fdff1c3023299cb3b25ceb313aed0c05313cd336b35a08c66d76af2a8792b,DefineShape3,,,none; machine census only; no renderer export,machine-extracted-definition-candidate,owner-provided SWF,container=root; definitionDepth=0; tagOrdinal=24; payloadBytes=83; rawTagPayloadSha256=7f1fdff1c3023299cb3b25ceb313aed0c05313cd336b35a08c66d76af2a8792b; exactTagIdentitySha256=61e607cbb1c1f0d9af04fdfb770fddb0b8da5346849e21a280c9c0fe7d169505; runtime reachability unresolved; placement and bounds unresolved; renderer suitability unresolved
swf-definition-00025,14,,shape,source-assets/flash/HELP MATH_ORIGINAL FILES/HELP_COURSES/ELMGR5/L5/TI/L5TI02.swf,,,5b6b49e20bbe069e77eb1b8a68de45385d73cc2cf2f20eff3663b1df3cb70f89,DefineShape3,,,none; machine census only; no renderer export,machine-extracted-definition-candidate,owner-provided SWF,container=root; definitionDepth=0; tagOrdinal=25; payloadBytes=68; rawTagPayloadSha256=5b6b49e20bbe069e77eb1b8a68de45385d73cc2cf2f20eff3663b1df3cb70f89; exactTagIdentitySha256=cd50c542d3cd34f57881f8ad67feb2d3c8dc54ed154146f1433cdf9f4352c09f; runtime reachability unresolved; placement and bounds unresolved; renderer suitability unresolved
swf-definition-00026,15,,shape,source-assets/flash/HELP MATH_ORIGINAL FILES/HELP_COURSES/ELMGR5/L5/TI/L5TI02.swf,,,6a4aa9455ca78af3c3b626e4f765b644d489eb194a3485bc1a54b97739dfba54,DefineShape3,,,none; machine census only; no renderer export,machine-extracted-definition-candidate,owner-provided SWF,container=root; definitionDepth=0; tagOrdinal=26; payloadBytes=90; rawTagPayloadSha256=6a4aa9455ca78af3c3b626e4f765b644d489eb194a3485bc1a54b97739dfba54; exactTagIdentitySha256=8262a3e6e9e3648cc3032fdf09f10a7860e4c2153567d0e1a50c8973f99870a3; runtime reachability unresolved; placement and bounds unresolved; renderer suitability unresolved
swf-definition-00027,16,,shape,source-assets/flash/HELP MATH_ORIGINAL FILES/HELP_COURSES/ELMGR5/L5/TI/L5TI02.swf,,,57cb95b0cf299e78c2f5479c218867a331427a4aebfec753f9f2c7ed17c365a8,DefineShape3,,,none; machine census only; no renderer export,machine-extracted-definition-candidate,owner-provided SWF,container=root; definitionDepth=0; tagOrdinal=27; payloadBytes=83; rawTagPayloadSha256=57cb95b0cf299e78c2f5479c218867a331427a4aebfec753f9f2c7ed17c365a8; exactTagIdentitySha256=e8af40987014b14cba8190f5e7f05d130c02bd13796090e76b6ccac9d4f04f2f; runtime reachability unresolved; placement and bounds unresolved; renderer suitability unresolved
swf-definition-00028,17,,shape,source-assets/flash/HELP MATH_ORIGINAL FILES/HELP_COURSES/ELMGR5/L5/TI/L5TI02.swf,,,a6c28c88ceca259b944ecaa7b701fc56ee7b847949619d5943bc32a4893b68f6,DefineShape3,,,none; machine census only; no renderer export,machine-extracted-definition-candidate,owner-provided SWF,container=root; definitionDepth=0; tagOrdinal=28; payloadBytes=85; rawTagPayloadSha256=a6c28c88ceca259b944ecaa7b701fc56ee7b847949619d5943bc32a4893b68f6; exactTagIdentitySha256=a2c685752db197e153f11dcac16b6330df0d2fc3945d4cff0c0715a69272b479; runtime reachability unresolved; placement and bounds unresolved; renderer suitability unresolved
swf-definition-00029,18,,shape,source-assets/flash/HELP MATH_ORIGINAL FILES/HELP_COURSES/ELMGR5/L5/TI/L5TI02.swf,,,eeb4c30ae2e7a22c997d26dc40d8cb611dedb6865d53ae8ae2434bd1e170a1ca,DefineShape,,,none; machine census only; no renderer export,machine-extracted-definition-candidate,owner-provided SWF,container=root; definitionDepth=0; tagOrdinal=29; payloadBytes=65; rawTagPayloadSha256=eeb4c30ae2e7a22c997d26dc40d8cb611dedb6865d53ae8ae2434bd1e170a1ca; exactTagIdentitySha256=b37d57a264c1af2c6b29cc61e3300a383742e6a51d75374eb69ecb86bd2b700a; runtime reachability unresolved; placement and bounds unresolved; renderer suitability unresolved
swf-definition-00030,19,,shape,source-assets/flash/HELP MATH_ORIGINAL FILES/HELP_COURSES/ELMGR5/L5/TI/L5TI02.swf,,,3f7e05cf3d88d83ad2957a4e0401ea2d37f6ab80c3b1b4de7d828c688d328f35,DefineShape,,,none; machine census only; no renderer export,machine-extracted-definition-candidate,owner-provided SWF,container=root; definitionDepth=0; tagOrdinal=30; payloadBytes=65; rawTagPayloadSha256=3f7e05cf3d88d83ad2957a4e0401ea2d37f6ab80c3b1b4de7d828c688d328f35; exactTagIdentitySha256=8287fa9c28d163883e0e7184678d6de816cd762eb0c790b9d80869be102a71d5; runtime reachability unresolved; placement and bounds unresolved; renderer suitability unresolved
swf-definition-00031,20,,shape,source-assets/flash/HELP MATH_ORIGINAL FILES/HELP_COURSES/ELMGR5/L5/TI/L5TI02.swf,,,d72963bafedb07b41b1348c394bf123bc65dca7e3c455a44a5b37d21a65032bd,DefineShape,,,none; machine census only; no renderer export,machine-extracted-definition-candidate,owner-provided SWF,container=root; definitionDepth=0; tagOrdinal=31; payloadBytes=45; rawTagPayloadSha256=d72963bafedb07b41b1348c394bf123bc65dca7e3c455a44a5b37d21a65032bd; exactTagIdentitySha256=df427a922374516534e9424ccae24ae57bad5cc0ec8f993a9acf5e84d8b558e1; runtime reachability unresolved; placement and bounds unresolved; renderer suitability unresolved
swf-definition-00032,21,,shape,source-assets/flash/HELP MATH_ORIGINAL FILES/HELP_COURSES/ELMGR5/L5/TI/L5TI02.swf,,,9ce6228c33844dba28f12a1a749f39685684cbeba20ce4e2b8650e80af837ec8,DefineShape,,,none; machine census only; no renderer export,machine-extracted-definition-candidate,owner-provided SWF,container=root; definitionDepth=0; tagOrdinal=32; payloadBytes=44; rawTagPayloadSha256=9ce6228c33844dba28f12a1a749f39685684cbeba20ce4e2b8650e80af837ec8; exactTagIdentitySha256=4d5bd017802a249915488043951f762cdc9aed3e058c79caa91b8bed8dafcfbc; runtime reachability unresolved; placement and bounds unresolved; renderer suitability unresolved
swf-definition-00033,22,,shape,source-assets/flash/HELP MATH_ORIGINAL FILES/HELP_COURSES/ELMGR5/L5/TI/L5TI02.swf,,,6bed8a755a659b92cd93cec0109941d95c40fed05e4dd969ba92f1c74a64258a,DefineShape,,,none; machine census only; no renderer export,machine-extracted-definition-candidate,owner-provided SWF,container=root; definitionDepth=0; tagOrdinal=33; payloadBytes=57; rawTagPayloadSha256=6bed8a755a659b92cd93cec0109941d95c40fed05e4dd969ba92f1c74a64258a; exactTagIdentitySha256=0bc6fcb2cc4e5233177c066134ecc62f72bce32f142cc6a9670c32caa11d7b40; runtime reachability unresolved; placement and bounds unresolved; renderer suitability unresolved
swf-definition-00034,23,,shape,source-assets/flash/HELP MATH_ORIGINAL FILES/HELP_COURSES/ELMGR5/L5/TI/L5TI02.swf,,,8dfe9524253e24580a5c07f54317ca8640adcbd9ebbe5efb2f6616a42ce89629,DefineShape,,,none; machine census only; no renderer export,machine-extracted-definition-candidate,owner-provided SWF,container=root; definitionDepth=0; tagOrdinal=34; payloadBytes=44; rawTagPayloadSha256=8dfe9524253e24580a5c07f54317ca8640adcbd9ebbe5efb2f6616a42ce89629; exactTagIdentitySha256=a8a85e0d638fcece54f921ff1498ac1913f7882c776f67228cca23c492e7a425; runtime reachability unresolved; placement and bounds unresolved; renderer suitability unresolved
swf-definition-00035,24,Arial,font,source-assets/flash/HELP MATH_ORIGINAL FILES/HELP_COURSES/ELMGR5/L5/TI/L5TI02.swf,,,fd65e3baebe0bc285dfbf36308a91afb16b8a6b87d171aa0c19a90469bddbaa6,DefineFont2,,10,none; machine census only; no renderer export,machine-extracted-definition-candidate,owner-provided SWF,container=root; definitionDepth=0; tagOrdinal=35; payloadBytes=938; rawTagPayloadSha256=fd65e3baebe0bc285dfbf36308a91afb16b8a6b87d171aa0c19a90469bddbaa6; exactTagIdentitySha256=5af46b6c46938ec127320e56f9dbcbb296aa6c80ea4e3c186be049e601d5f8ad; runtime reachability unresolved; placement and bounds unresolved; renderer suitability unresolved
swf-definition-00037,25,,text,source-assets/flash/HELP MATH_ORIGINAL FILES/HELP_COURSES/ELMGR5/L5/TI/L5TI02.swf,,,7be432d330859fc68d913c41ccba37da1f79b5d93e334ca96e0caefa8c1a6426,DefineText,,,none; machine census only; no renderer export,machine-extracted-definition-candidate,owner-provided SWF,container=root; definitionDepth=0; tagOrdinal=37; payloadBytes=30; rawTagPayloadSha256=7be432d330859fc68d913c41ccba37da1f79b5d93e334ca96e0caefa8c1a6426; exactTagIdentitySha256=59613ccde1ac09f041aa4e140a3f28a78375cc7816b6507c6f9e7c4d875abc08; runtime reachability unresolved; placement and bounds unresolved; renderer suitability unresolved
swf-definition-00039,26,,text,source-assets/flash/HELP MATH_ORIGINAL FILES/HELP_COURSES/ELMGR5/L5/TI/L5TI02.swf,,,13ce173eb7d978cc47059171e624e8c29a9b72a102f964545d37fb0ba7d5eb5e,DefineText,,,none; machine census only; no renderer export,machine-extracted-definition-candidate,owner-provided SWF,container=root; definitionDepth=0; tagOrdinal=39; payloadBytes=33; rawTagPayloadSha256=13ce173eb7d978cc47059171e624e8c29a9b72a102f964545d37fb0ba7d5eb5e; exactTagIdentitySha256=7baf26b58dcbbb2bf878ce1200982ce447a670073df33615e939104a36c1771b; runtime reachability unresolved; placement and bounds unresolved; renderer suitability unresolved
swf-definition-00041,27,,text,source-assets/flash/HELP MATH_ORIGINAL FILES/HELP_COURSES/ELMGR5/L5/TI/L5TI02.swf,,,26850732c70f2deeeee61dfdb699ac31b88bb20e700df4b179efbb830e198fab,DefineText,,,none; machine census only; no renderer export,machine-extracted-definition-candidate,owner-provided SWF,container=root; definitionDepth=0; tagOrdinal=41; payloadBytes=31; rawTagPayloadSha256=26850732c70f2deeeee61dfdb699ac31b88bb20e700df4b179efbb830e198fab; exactTagIdentitySha256=038a6556a94e2cec32b162148e3d8dfb0b0a7a18aeb5de4dfe3855a34b897a46; runtime reachability unresolved; placement and bounds unresolved; renderer suitability unresolved
swf-definition-00043,28,,text,source-assets/flash/HELP MATH_ORIGINAL FILES/HELP_COURSES/ELMGR5/L5/TI/L5TI02.swf,,,12cbc442652c50b0fac5a7b870472beaa3377f4834b7e2ea36b8c77ed8186db2,DefineText,,,none; machine census only; no renderer export,machine-extracted-definition-candidate,owner-provided SWF,container=root; definitionDepth=0; tagOrdinal=43; payloadBytes=33; rawTagPayloadSha256=12cbc442652c50b0fac5a7b870472beaa3377f4834b7e2ea36b8c77ed8186db2; exactTagIdentitySha256=59b73b2f4c824440cbd751ad23502a67586cd28f696b8b2768e6e6a56f78b8bc; runtime reachability unresolved; placement and bounds unresolved; renderer suitability unresolved
swf-definition-00045,29,,text,source-assets/flash/HELP MATH_ORIGINAL FILES/HELP_COURSES/ELMGR5/L5/TI/L5TI02.swf,,,09707477ced7d5357d299bb3bd63a4deb63eb14c8c44a11a49270e7cae32de58,DefineText,,,none; machine census only; no renderer export,machine-extracted-definition-candidate,owner-provided SWF,container=root; definitionDepth=0; tagOrdinal=45; payloadBytes=31; rawTagPayloadSha256=09707477ced7d5357d299bb3bd63a4deb63eb14c8c44a11a49270e7cae32de58; exactTagIdentitySha256=3cad00782ae69b344df099d7ab20888b3cc9796a6c45e1e8b34899db90132a8a; runtime reachability unresolved; placement and bounds unresolved; renderer suitability unresolved
swf-definition-00047,30,,text,source-assets/flash/HELP MATH_ORIGINAL FILES/HELP_COURSES/ELMGR5/L5/TI/L5TI02.swf,,,1ffcd5d174d336ae5ff483db1601a136c08b50b3470aaa5681b40af75bab7627,DefineText,,,none; machine census only; no renderer export,machine-extracted-definition-candidate,owner-provided SWF,container=root; definitionDepth=0; tagOrdinal=47; payloadBytes=33; rawTagPayloadSha256=1ffcd5d174d336ae5ff483db1601a136c08b50b3470aaa5681b40af75bab7627; exactTagIdentitySha256=bc6857b683ec056813291338c4a36949d9e473523c60c85da6c3e29faeb44bbe; runtime reachability unresolved; placement and bounds unresolved; renderer suitability unresolved
swf-definition-00049,31,,text,source-assets/flash/HELP MATH_ORIGINAL FILES/HELP_COURSES/ELMGR5/L5/TI/L5TI02.swf,,,404ae9ec6bd225a0a99264a3e6eaeec6125a9c5426e807ae308da38c24860075,DefineText,,,none; machine census only; no renderer export,machine-extracted-definition-candidate,owner-provided SWF,container=root; definitionDepth=0; tagOrdinal=49; payloadBytes=31; rawTagPayloadSha256=404ae9ec6bd225a0a99264a3e6eaeec6125a9c5426e807ae308da38c24860075; exactTagIdentitySha256=6d7644db28d34d75077fab2f5e657d64823b3d259344850a17f50e38b546097b; runtime reachability unresolved; placement and bounds unresolved; renderer suitability unresolved
swf-definition-00051,32,,text,source-assets/flash/HELP MATH_ORIGINAL FILES/HELP_COURSES/ELMGR5/L5/TI/L5TI02.swf,,,11f6903a997183b033a771d652c1ef738d4e426b1cd357a69d99776bb62d660c,DefineText,,,none; machine census only; no renderer export,machine-extracted-definition-candidate,owner-provided SWF,container=root; definitionDepth=0; tagOrdinal=51; payloadBytes=33; rawTagPayloadSha256=11f6903a997183b033a771d652c1ef738d4e426b1cd357a69d99776bb62d660c; exactTagIdentitySha256=770f9308cbd5fbfee155a33b3e549fcc5d5892f61b50084a074d59295b1061c2; runtime reachability unresolved; placement and bounds unresolved; renderer suitability unresolved
swf-definition-00053,33,,text,source-assets/flash/HELP MATH_ORIGINAL FILES/HELP_COURSES/ELMGR5/L5/TI/L5TI02.swf,,,8818189623092a6e61dd23781721833a418556150ab77859cd0e33fa6e8e460f,DefineText,,,none; machine census only; no renderer export,machine-extracted-definition-candidate,owner-provided SWF,container=root; definitionDepth=0; tagOrdinal=53; payloadBytes=31; rawTagPayloadSha256=8818189623092a6e61dd23781721833a418556150ab77859cd0e33fa6e8e460f; exactTagIdentitySha256=d4a30d936f57816ddb2d1914717a78d69a4b8670f363a482869e590623b6725d; runtime reachability unresolved; placement and bounds unresolved; renderer suitability unresolved
swf-definition-00055,34,,text,source-assets/flash/HELP MATH_ORIGINAL FILES/HELP_COURSES/ELMGR5/L5/TI/L5TI02.swf,,,0ced893d9e0f773b8337513ce52bf042fcd5f8db2da240a1743fe0c46fc0f42a,DefineText,,,none; machine census only; no renderer export,machine-extracted-definition-candidate,owner-provided SWF,container=root; definitionDepth=0; tagOrdinal=55; payloadBytes=25; rawTagPayloadSha256=0ced893d9e0f773b8337513ce52bf042fcd5f8db2da240a1743fe0c46fc0f42a; exactTagIdentitySha256=9447eb827f484bad5463acd5197f237dfc78897319ae54836041979194c0a2c9; runtime reachability unresolved; placement and bounds unresolved; renderer suitability unresolved
swf-definition-00057,35,,text,source-assets/flash/HELP MATH_ORIGINAL FILES/HELP_COURSES/ELMGR5/L5/TI/L5TI02.swf,,,5fdd1caa00ac809897761353b84d3b72f956cd73abc137b72f38837738d1a9dc,DefineText,,,none; machine census only; no renderer export,machine-extracted-definition-candidate,owner-provided SWF,container=root; definitionDepth=0; tagOrdinal=57; payloadBytes=25; rawTagPayloadSha256=5fdd1caa00ac809897761353b84d3b72f956cd73abc137b72f38837738d1a9dc; exactTagIdentitySha256=f3f6780367d9eeefb00275ecadf306508c07f125d2012889782ccbba6a78d3f9; runtime reachability unresolved; placement and bounds unresolved; renderer suitability unresolved
swf-definition-00059,36,,text,source-assets/flash/HELP MATH_ORIGINAL FILES/HELP_COURSES/ELMGR5/L5/TI/L5TI02.swf,,,7f4027828e0366e293ba912367dd52ead2b4a495428f853260c6a38f29b1211e,DefineText,,,none; machine census only; no renderer export,machine-extracted-definition-candidate,owner-provided SWF,container=root; definitionDepth=0; tagOrdinal=59; payloadBytes=25; rawTagPayloadSha256=7f4027828e0366e293ba912367dd52ead2b4a495428f853260c6a38f29b1211e; exactTagIdentitySha256=1238a3fa72d6d0eb7e802b2fa67deddb2afae4e05d50f196b15f0af54752bf74; runtime reachability unresolved; placement and bounds unresolved; renderer suitability unresolved
swf-definition-00061,37,,text,source-assets/flash/HELP MATH_ORIGINAL FILES/HELP_COURSES/ELMGR5/L5/TI/L5TI02.swf,,,5fc10137ba3ecb869a8f4e919d8ab7791ce4aa0d4922b127c590834c3f75d432,DefineText,,,none; machine census only; no renderer export,machine-extracted-definition-candidate,owner-provided SWF,container=root; definitionDepth=0; tagOrdinal=61; payloadBytes=33; rawTagPayloadSha256=5fc10137ba3ecb869a8f4e919d8ab7791ce4aa0d4922b127c590834c3f75d432; exactTagIdentitySha256=ae3d8e95480a8f2b96cddbdced89250870dc86fab9adb1f978a61c2344148193; runtime reachability unresolved; placement and bounds unresolved; renderer suitability unresolved
swf-definition-00063,38,,text,source-assets/flash/HELP MATH_ORIGINAL FILES/HELP_COURSES/ELMGR5/L5/TI/L5TI02.swf,,,42a3e1d15bd8eff70b0dcfabe52686ede8bdbd24210f5f6abcd41bb322ba2c23,DefineText,,,none; machine census only; no renderer export,machine-extracted-definition-candidate,owner-provided SWF,container=root; definitionDepth=0; tagOrdinal=63; payloadBytes=25; rawTagPayloadSha256=42a3e1d15bd8eff70b0dcfabe52686ede8bdbd24210f5f6abcd41bb322ba2c23; exactTagIdentitySha256=ab12392c5d89102ca9e75751ab57a91e5237d2a77be17f49b8bb201640eca1d7; runtime reachability unresolved; placement and bounds unresolved; renderer suitability unresolved
swf-definition-00065,39,,text,source-assets/flash/HELP MATH_ORIGINAL FILES/HELP_COURSES/ELMGR5/L5/TI/L5TI02.swf,,,e889b251a69ec6aab6b80e7db9823fe256334d3b23934ba0134d1435a32920b6,DefineText,,,none; machine census only; no renderer export,machine-extracted-definition-candidate,owner-provided SWF,container=root; definitionDepth=0; tagOrdinal=65; payloadBytes=25; rawTagPayloadSha256=e889b251a69ec6aab6b80e7db9823fe256334d3b23934ba0134d1435a32920b6; exactTagIdentitySha256=be01a0548bae60db765e354adf47b8fe258331996c90d43b23871f3a8572d2fb; runtime reachability unresolved; placement and bounds unresolved; renderer suitability unresolved
swf-definition-00067,40,,text,source-assets/flash/HELP MATH_ORIGINAL FILES/HELP_COURSES/ELMGR5/L5/TI/L5TI02.swf,,,5a04efa350e868c1b9704108842a0c131f95464d244a51aaf8568cf824f083f0,DefineText,,,none; machine census only; no renderer export,machine-extracted-definition-candidate,owner-provided SWF,container=root; definitionDepth=0; tagOrdinal=67; payloadBytes=26; rawTagPayloadSha256=5a04efa350e868c1b9704108842a0c131f95464d244a51aaf8568cf824f083f0; exactTagIdentitySha256=f8d2f667540b2271cfe499fd5c80fce321ebd57934ae34864e774b2a60b9a001; runtime reachability unresolved; placement and bounds unresolved; renderer suitability unresolved
swf-definition-00069,41,,text,source-assets/flash/HELP MATH_ORIGINAL FILES/HELP_COURSES/ELMGR5/L5/TI/L5TI02.swf,,,61805fd45d972fd0f5c89a00408a55ace30a34dc5c035d34c61a9f180e47801f,DefineText,,,none; machine census only; no renderer export,machine-extracted-definition-candidate,owner-provided SWF,container=root; definitionDepth=0; tagOrdinal=69; payloadBytes=26; rawTagPayloadSha256=61805fd45d972fd0f5c89a00408a55ace30a34dc5c035d34c61a9f180e47801f; exactTagIdentitySha256=fcfe340644f7bed133d86279fd2d749b7597df9321a17a66c34b1ee20ef5be46; runtime reachability unresolved; placement and bounds unresolved; renderer suitability unresolved
swf-definition-00071,42,,text,source-assets/flash/HELP MATH_ORIGINAL FILES/HELP_COURSES/ELMGR5/L5/TI/L5TI02.swf,,,a1e441b4e0fcb5346f634eeb0305cf9c2bb430550235377c8bee981c61cf3262,DefineText,,,none; machine census only; no renderer export,machine-extracted-definition-candidate,owner-provided SWF,container=root; definitionDepth=0; tagOrdinal=71; payloadBytes=26; rawTagPayloadSha256=a1e441b4e0fcb5346f634eeb0305cf9c2bb430550235377c8bee981c61cf3262; exactTagIdentitySha256=b66d804e511a090d7586c6ac74c5f5df73fb023819be8730ebd655388d5a11d5; runtime reachability unresolved; placement and bounds unresolved; renderer suitability unresolved
swf-definition-00073,43,,text,source-assets/flash/HELP MATH_ORIGINAL FILES/HELP_COURSES/ELMGR5/L5/TI/L5TI02.swf,,,10e75fd6216c28d621c00f4246330816c3c0819e0c98511f2be5f5b064850521,DefineText,,,none; machine census only; no renderer export,machine-extracted-definition-candidate,owner-provided SWF,container=root; definitionDepth=0; tagOrdinal=73; payloadBytes=26; rawTagPayloadSha256=10e75fd6216c28d621c00f4246330816c3c0819e0c98511f2be5f5b064850521; exactTagIdentitySha256=6453152f496832e99fda9db26d2a94c84785327d409623630ce608f870cb09fd; runtime reachability unresolved; placement and bounds unresolved; renderer suitability unresolved
swf-definition-00075,44,,text,source-assets/flash/HELP MATH_ORIGINAL FILES/HELP_COURSES/ELMGR5/L5/TI/L5TI02.swf,,,68c9c18f6d9645d3d59216d08ed2065947f93e51e79bfc94fd858a3d930e5e73,DefineText,,,none; machine census only; no renderer export,machine-extracted-definition-candidate,owner-provided SWF,container=root; definitionDepth=0; tagOrdinal=75; payloadBytes=27; rawTagPayloadSha256=68c9c18f6d9645d3d59216d08ed2065947f93e51e79bfc94fd858a3d930e5e73; exactTagIdentitySha256=1336221f1b93aca950b0b763ff8fb21495e0e3e5a968eeb80aa4110745496982; runtime reachability unresolved; placement and bounds unresolved; renderer suitability unresolved
swf-definition-00077,45,,text,source-assets/flash/HELP MATH_ORIGINAL FILES/HELP_COURSES/ELMGR5/L5/TI/L5TI02.swf,,,d38fad84d32c06a7a765881ddc31f37cbd897234a65830ab2344711b5bf352a5,DefineText,,,none; machine census only; no renderer export,machine-extracted-definition-candidate,owner-provided SWF,container=root; definitionDepth=0; tagOrdinal=77; payloadBytes=26; rawTagPayloadSha256=d38fad84d32c06a7a765881ddc31f37cbd897234a65830ab2344711b5bf352a5; exactTagIdentitySha256=a7e97a0c585f0626a764501eece9b363fd9eb4cd386697700890ab16deb6d61e; runtime reachability unresolved; placement and bounds unresolved; renderer suitability unresolved
swf-definition-00079,46,Arial,font,source-assets/flash/HELP MATH_ORIGINAL FILES/HELP_COURSES/ELMGR5/L5/TI/L5TI02.swf,,,bdc03444d364aaeaf77d59f31d7e7a0f0f79be7ee8d70b40c8b4265489e52cd6,DefineFont2,,19,none; machine census only; no renderer export,machine-extracted-definition-candidate,owner-provided SWF,container=root; definitionDepth=0; tagOrdinal=79; payloadBytes=1461; rawTagPayloadSha256=bdc03444d364aaeaf77d59f31d7e7a0f0f79be7ee8d70b40c8b4265489e52cd6; exactTagIdentitySha256=f5b7dcbc774306100a5fbe00c5ca450f41b3e22a7e2dd00aa95d5505bd53779f; runtime reachability unresolved; placement and bounds unresolved; renderer suitability unresolved
swf-definition-00081,47,,text,source-assets/flash/HELP MATH_ORIGINAL FILES/HELP_COURSES/ELMGR5/L5/TI/L5TI02.swf,,,a6607c6531b669821f27f92224a5b9d59870b67f7539287824d9cb759b08bab0,DefineText,,,none; machine census only; no renderer export,machine-extracted-definition-candidate,owner-provided SWF,container=root; definitionDepth=0; tagOrdinal=81; payloadBytes=44; rawTagPayloadSha256=a6607c6531b669821f27f92224a5b9d59870b67f7539287824d9cb759b08bab0; exactTagIdentitySha256=f2c9673ffdbb10add8ad4592e8735bfeb0fb13e3c1a61b30c02b8171845b4340; runtime reachability unresolved; placement and bounds unresolved; renderer suitability unresolved
swf-definition-00083,48,,text,source-assets/flash/HELP MATH_ORIGINAL FILES/HELP_COURSES/ELMGR5/L5/TI/L5TI02.swf,,,5813b2d278816f4ae7d58f086229867d7a29d9a5ca27e1f724a05f4fe71037d4,DefineText,,,none; machine census only; no renderer export,machine-extracted-definition-candidate,owner-provided SWF,container=root; definitionDepth=0; tagOrdinal=83; payloadBytes=85; rawTagPayloadSha256=5813b2d278816f4ae7d58f086229867d7a29d9a5ca27e1f724a05f4fe71037d4; exactTagIdentitySha256=cd5e34436f14a7fbbb00807b96ae574fa6951f3bb988c2156342ff96359e7171; runtime reachability unresolved; placement and bounds unresolved; renderer suitability unresolved
swf-definition-00085,49,,text,source-assets/flash/HELP MATH_ORIGINAL FILES/HELP_COURSES/ELMGR5/L5/TI/L5TI02.swf,,,2800250d6e6e887cedbe9b68db88eb9671e4f67ddda6744f3a59d87dd24fe56d,DefineText,,,none; machine census only; no renderer export,machine-extracted-definition-candidate,owner-provided SWF,container=root; definitionDepth=0; tagOrdinal=85; payloadBytes=35; rawTagPayloadSha256=2800250d6e6e887cedbe9b68db88eb9671e4f67ddda6744f3a59d87dd24fe56d; exactTagIdentitySha256=8298a0d86e3bac969579629a1826a321bc86074684a022655989e450ddee28d8; runtime reachability unresolved; placement and bounds unresolved; renderer suitability unresolved
swf-definition-00087,50,,shape,source-assets/flash/HELP MATH_ORIGINAL FILES/HELP_COURSES/ELMGR5/L5/TI/L5TI02.swf,,,53722ffd480e8a7ebe09aa163759c8dd20589a622403d3a7610a4655bfebf2d7,DefineShape,,,none; machine census only; no renderer export,machine-extracted-definition-candidate,owner-provided SWF,container=root; definitionDepth=0; tagOrdinal=87; payloadBytes=404; rawTagPayloadSha256=53722ffd480e8a7ebe09aa163759c8dd20589a622403d3a7610a4655bfebf2d7; exactTagIdentitySha256=fe8410566f14f9f6d404b360982cfcdd6e97c43e73a91aaf901b0ad029f3e180; runtime reachability unresolved; placement and bounds unresolved; renderer suitability unresolved
swf-definition-00113,51,,sprite,source-assets/flash/HELP MATH_ORIGINAL FILES/HELP_COURSES/ELMGR5/L5/TI/L5TI02.swf,,,2517b5a2fd46852d3e32f42ce312aeef37de9cc5a06be132207124077e38a34f,DefineSprite,,,none; machine census only; no renderer export,machine-extracted-definition-candidate,owner-provided SWF,container=root; definitionDepth=0; tagOrdinal=113; payloadBytes=506; rawTagPayloadSha256=2517b5a2fd46852d3e32f42ce312aeef37de9cc5a06be132207124077e38a34f; exactTagIdentitySha256=adc195eb054e81cb5eb39fd7a17f553d0fe51d866c44c42a6cb3f3d743323475; declaredFrameCount=1; runtime reachability unresolved; placement and bounds unresolved; renderer suitability unresolved
swf-definition-00154,52,,sprite,source-assets/flash/HELP MATH_ORIGINAL FILES/HELP_COURSES/ELMGR5/L5/TI/L5TI02.swf,,,b92c92c17b246acfbecc1735dd4c75508facbc4df0f251e564980b7c756d1d84,DefineSprite,,,none; machine census only; no renderer export,machine-extracted-definition-candidate,owner-provided SWF,container=root; definitionDepth=0; tagOrdinal=154; payloadBytes=68; rawTagPayloadSha256=b92c92c17b246acfbecc1735dd4c75508facbc4df0f251e564980b7c756d1d84; exactTagIdentitySha256=f2709ae31c3238f51fce074d01acbc8b3de6286efa66bcbcafd5acaeb7eb7c32; declaredFrameCount=31; runtime reachability unresolved; placement and bounds unresolved; renderer suitability unresolved
swf-definition-00196,53,,text,source-assets/flash/HELP MATH_ORIGINAL FILES/HELP_COURSES/ELMGR5/L5/TI/L5TI02.swf,,,653f2f18c371d250944b308ec211c94b454a4fa978c0e9214a2b425243439f4d,DefineText,,,none; machine census only; no renderer export,machine-extracted-definition-candidate,owner-provided SWF,container=root; definitionDepth=0; tagOrdinal=196; payloadBytes=108; rawTagPayloadSha256=653f2f18c371d250944b308ec211c94b454a4fa978c0e9214a2b425243439f4d; exactTagIdentitySha256=8d37b0eaef57f273f0733867e55ec9c184e2584d1839d0ee011292ba57373cd3; runtime reachability unresolved; placement and bounds unresolved; renderer suitability unresolved
swf-definition-00198,54,,shape,source-assets/flash/HELP MATH_ORIGINAL FILES/HELP_COURSES/ELMGR5/L5/TI/L5TI02.swf,,,28cd9d6b333478c5c7cc988146b25c0909e1ee4f52dd43c07bb30d94ff1718a4,DefineShape,,,none; machine census only; no renderer export,machine-extracted-definition-candidate,owner-provided SWF,container=root; definitionDepth=0; tagOrdinal=198; payloadBytes=2091; rawTagPayloadSha256=28cd9d6b333478c5c7cc988146b25c0909e1ee4f52dd43c07bb30d94ff1718a4; exactTagIdentitySha256=0d5c708c6daf02ba77c7bc05b62ba3707b34012d87894f1996c8d3faaaf04769; runtime reachability unresolved; placement and bounds unresolved; renderer suitability unresolved
swf-definition-00200,55,,text,source-assets/flash/HELP MATH_ORIGINAL FILES/HELP_COURSES/ELMGR5/L5/TI/L5TI02.swf,,,ec14499b2b2634a168c447ade6e0316ad502d15dc66f6db4fe89884d1301f704,DefineText,,,none; machine census only; no renderer export,machine-extracted-definition-candidate,owner-provided SWF,container=root; definitionDepth=0; tagOrdinal=200; payloadBytes=282; rawTagPayloadSha256=ec14499b2b2634a168c447ade6e0316ad502d15dc66f6db4fe89884d1301f704; exactTagIdentitySha256=b8da399fdabc73f45d003c8c470bc73a7d6bc245bb7931f7a57267dacf829f7e; runtime reachability unresolved; placement and bounds unresolved; renderer suitability unresolved
swf-definition-00201,56,,shape,source-assets/flash/HELP MATH_ORIGINAL FILES/HELP_COURSES/ELMGR5/L5/TI/L5TI02.swf,,,0aa0b1ab88ac39a6812bfe0e1ad3e04ad3fee539dfd5fc41a54c79fe8620fef8,DefineShape,,,none; machine census only; no renderer export,machine-extracted-definition-candidate,owner-provided SWF,container=root; definitionDepth=0; tagOrdinal=201; payloadBytes=61; rawTagPayloadSha256=0aa0b1ab88ac39a6812bfe0e1ad3e04ad3fee539dfd5fc41a54c79fe8620fef8; exactTagIdentitySha256=ec7758aed1fb56317bee60e682f9e709de080a2e7d7d9a0efbb83cdd9b7f6015; runtime reachability unresolved; placement and bounds unresolved; renderer suitability unresolved
swf-definition-00202,57,Bauhaus Md BT,font,source-assets/flash/HELP MATH_ORIGINAL FILES/HELP_COURSES/ELMGR5/L5/TI/L5TI02.swf,,,58baa515ccc4e0c949b945b15075ace26e4c598915e3a8f4f16906eec8e311a4,DefineFont2,,2,none; machine census only; no renderer export,machine-extracted-definition-candidate,owner-provided SWF,container=root; definitionDepth=0; tagOrdinal=202; payloadBytes=83; rawTagPayloadSha256=58baa515ccc4e0c949b945b15075ace26e4c598915e3a8f4f16906eec8e311a4; exactTagIdentitySha256=f923f040aeb69591e15c37beb59b332e4b9fe298ac8b390c82520d07ccd2fed2; runtime reachability unresolved; placement and bounds unresolved; renderer suitability unresolved
swf-definition-00204,58,,text,source-assets/flash/HELP MATH_ORIGINAL FILES/HELP_COURSES/ELMGR5/L5/TI/L5TI02.swf,,,4d8263aa195e7d458422df7276f5e031ef6955501225bd9f52ff3a0ee7abed26,DefineText,,,none; machine census only; no renderer export,machine-extracted-definition-candidate,owner-provided SWF,container=root; definitionDepth=0; tagOrdinal=204; payloadBytes=25; rawTagPayloadSha256=4d8263aa195e7d458422df7276f5e031ef6955501225bd9f52ff3a0ee7abed26; exactTagIdentitySha256=47e00cb877fb0254c3aff8d0df046506d150c86d17ed3882c27b98f531b8edb6; runtime reachability unresolved; placement and bounds unresolved; renderer suitability unresolved
swf-definition-00205,59,,shape,source-assets/flash/HELP MATH_ORIGINAL FILES/HELP_COURSES/ELMGR5/L5/TI/L5TI02.swf,,,f5219ea729a98722997ee4ca9506ab867cffeb0cd5e2c36df97b64855ce05493,DefineShape2,,,none; machine census only; no renderer export,machine-extracted-definition-candidate,owner-provided SWF,container=root; definitionDepth=0; tagOrdinal=205; payloadBytes=1769; rawTagPayloadSha256=f5219ea729a98722997ee4ca9506ab867cffeb0cd5e2c36df97b64855ce05493; exactTagIdentitySha256=b3e399e0d019082874b2acf5af6ed56a8b7d33aa42cc7a208a9e032f225b05bf; runtime reachability unresolved; placement and bounds unresolved; renderer suitability unresolved
swf-definition-00206,60,,text,source-assets/flash/HELP MATH_ORIGINAL FILES/HELP_COURSES/ELMGR5/L5/TI/L5TI02.swf,,,9a40ed806d2b1d2920642ad4d084fe2928e535b133c5b623f97975fb3599d389,DefineText,,,none; machine census only; no renderer export,machine-extracted-definition-candidate,owner-provided SWF,container=root; definitionDepth=0; tagOrdinal=206; payloadBytes=40; rawTagPayloadSha256=9a40ed806d2b1d2920642ad4d084fe2928e535b133c5b623f97975fb3599d389; exactTagIdentitySha256=380326d8a7b3c568f524fad4037c9ce534221189d0da64bbe81d6eccd2fe975f; runtime reachability unresolved; placement and bounds unresolved; renderer suitability unresolved
swf-definition-00207,61,,text,source-assets/flash/HELP MATH_ORIGINAL FILES/HELP_COURSES/ELMGR5/L5/TI/L5TI02.swf,,,b1d02273edc8ccffd05dd8ea57005b9024a6b53c6b2374ae07a012ffb30c5b60,DefineText,,,none; machine census only; no renderer export,machine-extracted-definition-candidate,owner-provided SWF,container=root; definitionDepth=0; tagOrdinal=207; payloadBytes=43; rawTagPayloadSha256=b1d02273edc8ccffd05dd8ea57005b9024a6b53c6b2374ae07a012ffb30c5b60; exactTagIdentitySha256=b94505f23096893e4edf83f6ec2177fe51736a1cda0f13de17a9f40978ad21e5; runtime reachability unresolved; placement and bounds unresolved; renderer suitability unresolved
swf-definition-00208,62,,text,source-assets/flash/HELP MATH_ORIGINAL FILES/HELP_COURSES/ELMGR5/L5/TI/L5TI02.swf,,,d61ea65a2e4a12e9738a000a1432047f330186a4503f592efd60a584d888f6af,DefineText,,,none; machine census only; no renderer export,machine-extracted-definition-candidate,owner-provided SWF,container=root; definitionDepth=0; tagOrdinal=208; payloadBytes=74; rawTagPayloadSha256=d61ea65a2e4a12e9738a000a1432047f330186a4503f592efd60a584d888f6af; exactTagIdentitySha256=711217938ab5c538ac817e86975d678666517566b5ec751fed5b6f32bdf83dc5; runtime reachability unresolved; placement and bounds unresolved; renderer suitability unresolved
swf-definition-00209,63,,shape,source-assets/flash/HELP MATH_ORIGINAL FILES/HELP_COURSES/ELMGR5/L5/TI/L5TI02.swf,,,555e75f47fbd74ae3752ca3cd0a0eb1725c8dec159f9ea4fc406a0e8ec095bde,DefineShape,,,none; machine census only; no renderer export,machine-extracted-definition-candidate,owner-provided SWF,container=root; definitionDepth=0; tagOrdinal=209; payloadBytes=27; rawTagPayloadSha256=555e75f47fbd74ae3752ca3cd0a0eb1725c8dec159f9ea4fc406a0e8ec095bde; exactTagIdentitySha256=42431e5a6270343256d2bf05bdd93eb286ba8ea30819dbd8a455fac07752c61a; runtime reachability unresolved; placement and bounds unresolved; renderer suitability unresolved
swf-definition-00210,64,,shape,source-assets/flash/HELP MATH_ORIGINAL FILES/HELP_COURSES/ELMGR5/L5/TI/L5TI02.swf,,,92867fbff4168d85e94de7ef2e566874f857fdba45cb7f6f1f3de3aea72c8733,DefineShape,,,none; machine census only; no renderer export,machine-extracted-definition-candidate,owner-provided SWF,container=root; definitionDepth=0; tagOrdinal=210; payloadBytes=54; rawTagPayloadSha256=92867fbff4168d85e94de7ef2e566874f857fdba45cb7f6f1f3de3aea72c8733; exactTagIdentitySha256=35007218a91f622f30022907872ea4d3b2f7bb5f8bad5200acd60b9b143518ea; runtime reachability unresolved; placement and bounds unresolved; renderer suitability unresolved
swf-definition-00211,65,,text,source-assets/flash/HELP MATH_ORIGINAL FILES/HELP_COURSES/ELMGR5/L5/TI/L5TI02.swf,,,bac093b70659f28799c00a56262b4fcf5b5c3b2feb15e5ed3b4721d8f31eb2b0,DefineText,,,none; machine census only; no renderer export,machine-extracted-definition-candidate,owner-provided SWF,container=root; definitionDepth=0; tagOrdinal=211; payloadBytes=287; rawTagPayloadSha256=bac093b70659f28799c00a56262b4fcf5b5c3b2feb15e5ed3b4721d8f31eb2b0; exactTagIdentitySha256=75646acde6f05c64fafbf541220888273699bbe0d4ddaad5f9339939c8cc6b1e; runtime reachability unresolved; placement and bounds unresolved; renderer suitability unresolved
swf-definition-00212,66,,shape,source-assets/flash/HELP MATH_ORIGINAL FILES/HELP_COURSES/ELMGR5/L5/TI/L5TI02.swf,,,bc7bd0a295548732c0ee05471d483c6488d7f9f50a64d47504964e6ae4684907,DefineShape,,,none; machine census only; no renderer export,machine-extracted-definition-candidate,owner-provided SWF,container=root; definitionDepth=0; tagOrdinal=212; payloadBytes=31; rawTagPayloadSha256=bc7bd0a295548732c0ee05471d483c6488d7f9f50a64d47504964e6ae4684907; exactTagIdentitySha256=afb036eb7e98b56e9ff27e07ae8a9d415e39b81563234f6b01c613e4a9a9a0e6; runtime reachability unresolved; placement and bounds unresolved; renderer suitability unresolved
swf-definition-00213,67,,button,source-assets/flash/HELP MATH_ORIGINAL FILES/HELP_COURSES/ELMGR5/L5/TI/L5TI02.swf,,,561da08f94c73171f9952288052638da8329e5be86cb98a286032a6755b59d3c,DefineButton2,,,none; machine census only; no renderer export,machine-extracted-definition-candidate,owner-provided SWF,container=root; definitionDepth=0; tagOrdinal=213; payloadBytes=168; rawTagPayloadSha256=561da08f94c73171f9952288052638da8329e5be86cb98a286032a6755b59d3c; exactTagIdentitySha256=3b611ed92dbbaf1252002098c0840cea85c57d220e88be6b1ab4e62a68b0ae65; runtime reachability unresolved; placement and bounds unresolved; renderer suitability unresolved
swf-definition-00214,68,,button,source-assets/flash/HELP MATH_ORIGINAL FILES/HELP_COURSES/ELMGR5/L5/TI/L5TI02.swf,,,01d8703aa2dd5716fab69d626ae2b1e9f8f8caeb45cf65befff8841e452ac35b,DefineButton2,,,none; machine census only; no renderer export,machine-extracted-definition-candidate,owner-provided SWF,container=root; definitionDepth=0; tagOrdinal=214; payloadBytes=171; rawTagPayloadSha256=01d8703aa2dd5716fab69d626ae2b1e9f8f8caeb45cf65befff8841e452ac35b; exactTagIdentitySha256=cb650493331ad64058bc71d7557ee488bd7c2dde151c8374f84b28366a469d1d; runtime reachability unresolved; placement and bounds unresolved; renderer suitability unresolved
swf-definition-00215,69,,button,source-assets/flash/HELP MATH_ORIGINAL FILES/HELP_COURSES/ELMGR5/L5/TI/L5TI02.swf,,,0a625e4a464ea7c113e1132d6f4f58c2fd68e86368ad55896a58b667ef61a0ae,DefineButton2,,,none; machine census only; no renderer export,machine-extracted-definition-candidate,owner-provided SWF,container=root; definitionDepth=0; tagOrdinal=215; payloadBytes=167; rawTagPayloadSha256=0a625e4a464ea7c113e1132d6f4f58c2fd68e86368ad55896a58b667ef61a0ae; exactTagIdentitySha256=190e79182e4ccf478e873f84bd9581e0392943257133bf6b47ad1a1b59f0a5d5; runtime reachability unresolved; placement and bounds unresolved; renderer suitability unresolved
swf-definition-00216,70,,button,source-assets/flash/HELP MATH_ORIGINAL FILES/HELP_COURSES/ELMGR5/L5/TI/L5TI02.swf,,,79f702c5a337f5feaa619988a3e0d7db3faf8361c8a78cee4800dd2496876768,DefineButton2,,,none; machine census only; no renderer export,machine-extracted-definition-candidate,owner-provided SWF,container=root; definitionDepth=0; tagOrdinal=216; payloadBytes=166; rawTagPayloadSha256=79f702c5a337f5feaa619988a3e0d7db3faf8361c8a78cee4800dd2496876768; exactTagIdentitySha256=6ba23b2242b14010746f0b3190886fc36dcb6597bb51493adbbe36ca85267f84; runtime reachability unresolved; placement and bounds unresolved; renderer suitability unresolved
swf-definition-00217,71,,button,source-assets/flash/HELP MATH_ORIGINAL FILES/HELP_COURSES/ELMGR5/L5/TI/L5TI02.swf,,,8872a7a67e74ca96fe1295e8e33c765f01e1a954fb98023cd724520f60933265,DefineButton2,,,none; machine census only; no renderer export,machine-extracted-definition-candidate,owner-provided SWF,container=root; definitionDepth=0; tagOrdinal=217; payloadBytes=173; rawTagPayloadSha256=8872a7a67e74ca96fe1295e8e33c765f01e1a954fb98023cd724520f60933265; exactTagIdentitySha256=d1e4b097fff49e44f93f99833693bd4ae5d63e31a4b0e4b60054e472a7edc3c8; runtime reachability unresolved; placement and bounds unresolved; renderer suitability unresolved
swf-definition-00218,72,,sprite,source-assets/flash/HELP MATH_ORIGINAL FILES/HELP_COURSES/ELMGR5/L5/TI/L5TI02.swf,,,0080875ffffd7e575ca4ce724aed494a008e75104b2b2318b05110a3cbdfb4a1,DefineSprite,,,none; machine census only; no renderer export,machine-extracted-definition-candidate,owner-provided SWF,container=root; definitionDepth=0; tagOrdinal=218; payloadBytes=108; rawTagPayloadSha256=0080875ffffd7e575ca4ce724aed494a008e75104b2b2318b05110a3cbdfb4a1; exactTagIdentitySha256=1ff27f6d611616cd75d7e0ebd505d9a6fa042e5772d823f85bfc4323bf6a8759; declaredFrameCount=1; runtime reachability unresolved; placement and bounds unresolved; renderer suitability unresolved
swf-definition-00228,73,,shape,source-assets/flash/HELP MATH_ORIGINAL FILES/HELP_COURSES/ELMGR5/L5/TI/L5TI02.swf,,,041977defc1bca6a1461232fd43f9cfdf39c149168798df63327903baf49511f,DefineShape,,,none; machine census only; no renderer export,machine-extracted-definition-candidate,owner-provided SWF,container=root; definitionDepth=0; tagOrdinal=228; payloadBytes=52; rawTagPayloadSha256=041977defc1bca6a1461232fd43f9cfdf39c149168798df63327903baf49511f; exactTagIdentitySha256=7183ecf51a7ca21f77242e420a7260dc2ad4c6867aa11e9a7da1c6a21b476f41; runtime reachability unresolved; placement and bounds unresolved; renderer suitability unresolved
swf-definition-00229,74,,text,source-assets/flash/HELP MATH_ORIGINAL FILES/HELP_COURSES/ELMGR5/L5/TI/L5TI02.swf,,,3d1db8bde73906415d9af2a0731f92d483d7688a3e14de7eb7cba97b57d91b8b,DefineText,,,none; machine census only; no renderer export,machine-extracted-definition-candidate,owner-provided SWF,container=root; definitionDepth=0; tagOrdinal=229; payloadBytes=155; rawTagPayloadSha256=3d1db8bde73906415d9af2a0731f92d483d7688a3e14de7eb7cba97b57d91b8b; exactTagIdentitySha256=2731cb80b63d3f9435dda65f4dfe47328397658f5a688052ccc99d14f941af98; runtime reachability unresolved; placement and bounds unresolved; renderer suitability unresolved
swf-definition-00230,75,,button,source-assets/flash/HELP MATH_ORIGINAL FILES/HELP_COURSES/ELMGR5/L5/TI/L5TI02.swf,,,56963defca6d9ce30ded827b73a65b7e5caa3fee32231a9fb801d57993f57d66,DefineButton2,,,none; machine census only; no renderer export,machine-extracted-definition-candidate,owner-provided SWF,container=root; definitionDepth=0; tagOrdinal=230; payloadBytes=166; rawTagPayloadSha256=56963defca6d9ce30ded827b73a65b7e5caa3fee32231a9fb801d57993f57d66; exactTagIdentitySha256=e37aeab1d4a42aa85f5ab5389713030a40cc1d6db70f805a9f2d42f835030b5c; runtime reachability unresolved; placement and bounds unresolved; renderer suitability unresolved
swf-definition-00231,76,,button,source-assets/flash/HELP MATH_ORIGINAL FILES/HELP_COURSES/ELMGR5/L5/TI/L5TI02.swf,,,af9321e2e44110f95805d03915301326b4c273e833368aa98776c5cbf1598c06,DefineButton2,,,none; machine census only; no renderer export,machine-extracted-definition-candidate,owner-provided SWF,container=root; definitionDepth=0; tagOrdinal=231; payloadBytes=167; rawTagPayloadSha256=af9321e2e44110f95805d03915301326b4c273e833368aa98776c5cbf1598c06; exactTagIdentitySha256=7e9be1ace5dc0ec27734baea08bac0e7c04c9637928e05f81e4bed6a9288b082; runtime reachability unresolved; placement and bounds unresolved; renderer suitability unresolved
swf-definition-00232,77,,button,source-assets/flash/HELP MATH_ORIGINAL FILES/HELP_COURSES/ELMGR5/L5/TI/L5TI02.swf,,,789cc2360c9dd13c4d92fdb533e46205589ca3d1726882cea1176d598474868e,DefineButton2,,,none; machine census only; no renderer export,machine-extracted-definition-candidate,owner-provided SWF,container=root; definitionDepth=0; tagOrdinal=232; payloadBytes=168; rawTagPayloadSha256=789cc2360c9dd13c4d92fdb533e46205589ca3d1726882cea1176d598474868e; exactTagIdentitySha256=f240e7c0d1ddf4eba8a2fecf5094773ab0689dad5cb4e0ee887edbc06fc82f1e; runtime reachability unresolved; placement and bounds unresolved; renderer suitability unresolved
swf-definition-00233,78,,sprite,source-assets/flash/HELP MATH_ORIGINAL FILES/HELP_COURSES/ELMGR5/L5/TI/L5TI02.swf,,,b0ca9af4c4cc51bf94f9fda12e9b4a6fa13a2bfacd4bc8ccb99cdd56b52a4609,DefineSprite,,,none; machine census only; no renderer export,machine-extracted-definition-candidate,owner-provided SWF,container=root; definitionDepth=0; tagOrdinal=233; payloadBytes=92; rawTagPayloadSha256=b0ca9af4c4cc51bf94f9fda12e9b4a6fa13a2bfacd4bc8ccb99cdd56b52a4609; exactTagIdentitySha256=8f4e5140a6730a551640743583d9d34bb43bb5234bc4f252fda1dbe96e6416dd; declaredFrameCount=1; runtime reachability unresolved; placement and bounds unresolved; renderer suitability unresolved
swf-definition-00242,79,,shape,source-assets/flash/HELP MATH_ORIGINAL FILES/HELP_COURSES/ELMGR5/L5/TI/L5TI02.swf,,,71faf4732256809967da2b9d21b041b40624e4feb61da369c936c84991c17775,DefineShape,,,none; machine census only; no renderer export,machine-extracted-definition-candidate,owner-provided SWF,container=root; definitionDepth=0; tagOrdinal=242; payloadBytes=38; rawTagPayloadSha256=71faf4732256809967da2b9d21b041b40624e4feb61da369c936c84991c17775; exactTagIdentitySha256=815b3aea865b80329d92d88643059893fff7e42ba41b05519ceaa6215e3f4774; runtime reachability unresolved; placement and bounds unresolved; renderer suitability unresolved
swf-definition-00243,80,,text,source-assets/flash/HELP MATH_ORIGINAL FILES/HELP_COURSES/ELMGR5/L5/TI/L5TI02.swf,,,660ed1dd6d66ea1f605553d5ae15b01de321786710f9f9c5a88208992e593ea0,DefineText,,,none; machine census only; no renderer export,machine-extracted-definition-candidate,owner-provided SWF,container=root; definitionDepth=0; tagOrdinal=243; payloadBytes=191; rawTagPayloadSha256=660ed1dd6d66ea1f605553d5ae15b01de321786710f9f9c5a88208992e593ea0; exactTagIdentitySha256=5a1c09944fbf482c632dd4cebda97bddfea850b571355aad1cc8c252a907c9a3; runtime reachability unresolved; placement and bounds unresolved; renderer suitability unresolved
swf-definition-00244,81,,button,source-assets/flash/HELP MATH_ORIGINAL FILES/HELP_COURSES/ELMGR5/L5/TI/L5TI02.swf,,,8d42da7cdf16a80e204f510086b3baf154a4b59d3106d3b647f21a542223b06c,DefineButton2,,,none; machine census only; no renderer export,machine-extracted-definition-candidate,owner-provided SWF,container=root; definitionDepth=0; tagOrdinal=244; payloadBytes=170; rawTagPayloadSha256=8d42da7cdf16a80e204f510086b3baf154a4b59d3106d3b647f21a542223b06c; exactTagIdentitySha256=a79c3ddac807a439306af948c5663cdcce1a86c300de27914af7c119f2537996; runtime reachability unresolved; placement and bounds unresolved; renderer suitability unresolved
swf-definition-00245,82,,button,source-assets/flash/HELP MATH_ORIGINAL FILES/HELP_COURSES/ELMGR5/L5/TI/L5TI02.swf,,,833376d246c555d39123fd73f6c7e2368d024f6f93336e27abaa574eaf8ff082,DefineButton2,,,none; machine census only; no renderer export,machine-extracted-definition-candidate,owner-provided SWF,container=root; definitionDepth=0; tagOrdinal=245; payloadBytes=171; rawTagPayloadSha256=833376d246c555d39123fd73f6c7e2368d024f6f93336e27abaa574eaf8ff082; exactTagIdentitySha256=b6c574d0199f102a055be13078995d9b7f6e64e5554a778e19a4e5da61424b3e; runtime reachability unresolved; placement and bounds unresolved; renderer suitability unresolved
swf-definition-00246,83,,sprite,source-assets/flash/HELP MATH_ORIGINAL FILES/HELP_COURSES/ELMGR5/L5/TI/L5TI02.swf,,,15c7b36c5f94c4aae1004076630cd81f41d0fbfb861abb434f119b3b7637dafa,DefineSprite,,,none; machine census only; no renderer export,machine-extracted-definition-candidate,owner-provided SWF,container=root; definitionDepth=0; tagOrdinal=246; payloadBytes=60; rawTagPayloadSha256=15c7b36c5f94c4aae1004076630cd81f41d0fbfb861abb434f119b3b7637dafa; exactTagIdentitySha256=37cdb90eb87df1ef4f5655104618f9eb4e624c688c3bb83f6e90997cf6d45415; declaredFrameCount=1; runtime reachability unresolved; placement and bounds unresolved; renderer suitability unresolved
swf-definition-00253,84,,shape,source-assets/flash/HELP MATH_ORIGINAL FILES/HELP_COURSES/ELMGR5/L5/TI/L5TI02.swf,,,f53a58f23c999be59ee5a46c32d5a322a1dfcaf2e5011a4368da65b60f8f0433,DefineShape,,,none; machine census only; no renderer export,machine-extracted-definition-candidate,owner-provided SWF,container=root; definitionDepth=0; tagOrdinal=253; payloadBytes=80; rawTagPayloadSha256=f53a58f23c999be59ee5a46c32d5a322a1dfcaf2e5011a4368da65b60f8f0433; exactTagIdentitySha256=25ddaa7a70c2cfd19374c694db08b74e3cde11d902f9a678f5b127041a318e15; runtime reachability unresolved; placement and bounds unresolved; renderer suitability unresolved
swf-definition-00254,85,,text,source-assets/flash/HELP MATH_ORIGINAL FILES/HELP_COURSES/ELMGR5/L5/TI/L5TI02.swf,,,fed927dd32e8b450f5b31346808492b098c7ef4f0054329e5cf7abe3e36cb5ab,DefineText,,,none; machine census only; no renderer export,machine-extracted-definition-candidate,owner-provided SWF,container=root; definitionDepth=0; tagOrdinal=254; payloadBytes=421; rawTagPayloadSha256=fed927dd32e8b450f5b31346808492b098c7ef4f0054329e5cf7abe3e36cb5ab; exactTagIdentitySha256=1927974e9a748e811a33290b8213b1f0bd5d06e2921d72aa29ab608680bb956c; runtime reachability unresolved; placement and bounds unresolved; renderer suitability unresolved
swf-definition-00255,86,,button,source-assets/flash/HELP MATH_ORIGINAL FILES/HELP_COURSES/ELMGR5/L5/TI/L5TI02.swf,,,60a44e48a95b98cf736ed46191a4f78990b3fcd77fcc0ac0b5b61caae140a738,DefineButton2,,,none; machine census only; no renderer export,machine-extracted-definition-candidate,owner-provided SWF,container=root; definitionDepth=0; tagOrdinal=255; payloadBytes=166; rawTagPayloadSha256=60a44e48a95b98cf736ed46191a4f78990b3fcd77fcc0ac0b5b61caae140a738; exactTagIdentitySha256=d850b3484eaf0fea3010c06b6f573153f41585e852bcc3dae1e5a9af336e5e4b; runtime reachability unresolved; placement and bounds unresolved; renderer suitability unresolved
swf-definition-00256,87,,button,source-assets/flash/HELP MATH_ORIGINAL FILES/HELP_COURSES/ELMGR5/L5/TI/L5TI02.swf,,,f5d014f78b51b26c2fc0474be2751bacae4badc407c743c2dc1d6fdc7be0da88,DefineButton2,,,none; machine census only; no renderer export,machine-extracted-definition-candidate,owner-provided SWF,container=root; definitionDepth=0; tagOrdinal=256; payloadBytes=170; rawTagPayloadSha256=f5d014f78b51b26c2fc0474be2751bacae4badc407c743c2dc1d6fdc7be0da88; exactTagIdentitySha256=0acc8f45224bbcdf531292c54eb097c1614dc9e34a3430525b3b8ecffdc13ebb; runtime reachability unresolved; placement and bounds unresolved; renderer suitability unresolved
swf-definition-00257,88,,button,source-assets/flash/HELP MATH_ORIGINAL FILES/HELP_COURSES/ELMGR5/L5/TI/L5TI02.swf,,,ef73eed830844f8a9f4456de80c2d7c7a826dd8bc368879b7fdb2d88eb7cdae9,DefineButton2,,,none; machine census only; no renderer export,machine-extracted-definition-candidate,owner-provided SWF,container=root; definitionDepth=0; tagOrdinal=257; payloadBytes=174; rawTagPayloadSha256=ef73eed830844f8a9f4456de80c2d7c7a826dd8bc368879b7fdb2d88eb7cdae9; exactTagIdentitySha256=9cabab39b120ed7df273884f9971971b33a45b06a553a905fc47a01c0da78a3d; runtime reachability unresolved; placement and bounds unresolved; renderer suitability unresolved
swf-definition-00258,89,,button,source-assets/flash/HELP MATH_ORIGINAL FILES/HELP_COURSES/ELMGR5/L5/TI/L5TI02.swf,,,3f3ac985198754d2750b68d94e59ddc7a3cdb5fcfeecad8ea96286b37cb930ec,DefineButton2,,,none; machine census only; no renderer export,machine-extracted-definition-candidate,owner-provided SWF,container=root; definitionDepth=0; tagOrdinal=258; payloadBytes=168; rawTagPayloadSha256=3f3ac985198754d2750b68d94e59ddc7a3cdb5fcfeecad8ea96286b37cb930ec; exactTagIdentitySha256=c6181a4292b515ce0091c3c345dd1e5ae811ef5e7997a796002227f9a8ab6d6c; runtime reachability unresolved; placement and bounds unresolved; renderer suitability unresolved
swf-definition-00259,90,,sprite,source-assets/flash/HELP MATH_ORIGINAL FILES/HELP_COURSES/ELMGR5/L5/TI/L5TI02.swf,,,b07cc91d604d07008c6fb1da0ed42553fe88c6d380ea8928bd65f26303e962d6,DefineSprite,,,none; machine census only; no renderer export,machine-extracted-definition-candidate,owner-provided SWF,container=root; definitionDepth=0; tagOrdinal=259; payloadBytes=172; rawTagPayloadSha256=b07cc91d604d07008c6fb1da0ed42553fe88c6d380ea8928bd65f26303e962d6; exactTagIdentitySha256=a1c0871b44421dc72ff355e0744396db06b7fb2f4382296ef3f2f8dca643cd4f; declaredFrameCount=1; runtime reachability unresolved; placement and bounds unresolved; renderer suitability unresolved
swf-definition-00273,91,,shape,source-assets/flash/HELP MATH_ORIGINAL FILES/HELP_COURSES/ELMGR5/L5/TI/L5TI02.swf,,,88eb4ba147acd323e2306b41dd6309885ee06eecae75a71c3eaa7d3c2c407709,DefineShape,,,none; machine census only; no renderer export,machine-extracted-definition-candidate,owner-provided SWF,container=root; definitionDepth=0; tagOrdinal=273; payloadBytes=39; rawTagPayloadSha256=88eb4ba147acd323e2306b41dd6309885ee06eecae75a71c3eaa7d3c2c407709; exactTagIdentitySha256=4b8d8bea78b25892ee1c16d7745a3c45265c52e47db85e39b634c48fdc99d98e; runtime reachability unresolved; placement and bounds unresolved; renderer suitability unresolved
swf-definition-00274,92,,text,source-assets/flash/HELP MATH_ORIGINAL FILES/HELP_COURSES/ELMGR5/L5/TI/L5TI02.swf,,,4abeba3cc16bad4760792b4dd9bb5eae6d61b1f439b1eda9a93ec5071786f364,DefineText,,,none; machine census only; no renderer export,machine-extracted-definition-candidate,owner-provided SWF,container=root; definitionDepth=0; tagOrdinal=274; payloadBytes=273; rawTagPayloadSha256=4abeba3cc16bad4760792b4dd9bb5eae6d61b1f439b1eda9a93ec5071786f364; exactTagIdentitySha256=0e89ece14c6fe681eff4e8ee711546e51c9263de787b8ce57818e42578a4175f; runtime reachability unresolved; placement and bounds unresolved; renderer suitability unresolved
swf-definition-00275,93,,button,source-assets/flash/HELP MATH_ORIGINAL FILES/HELP_COURSES/ELMGR5/L5/TI/L5TI02.swf,,,692e3a8120b2cec5c858ce2b5f0799ebbcadad39a305f20633d67419949a1574,DefineButton2,,,none; machine census only; no renderer export,machine-extracted-definition-candidate,owner-provided SWF,container=root; definitionDepth=0; tagOrdinal=275; payloadBytes=168; rawTagPayloadSha256=692e3a8120b2cec5c858ce2b5f0799ebbcadad39a305f20633d67419949a1574; exactTagIdentitySha256=7cf214649becf7ff57c9de24ac570ee57f81528f96d0269bd9e8dcf2cae88ca4; runtime reachability unresolved; placement and bounds unresolved; renderer suitability unresolved
swf-definition-00276,94,,button,source-assets/flash/HELP MATH_ORIGINAL FILES/HELP_COURSES/ELMGR5/L5/TI/L5TI02.swf,,,a563d0026831b1f80344198fa31ee3953239c758568cf3ae4822c86acfa6978b,DefineButton2,,,none; machine census only; no renderer export,machine-extracted-definition-candidate,owner-provided SWF,container=root; definitionDepth=0; tagOrdinal=276; payloadBytes=166; rawTagPayloadSha256=a563d0026831b1f80344198fa31ee3953239c758568cf3ae4822c86acfa6978b; exactTagIdentitySha256=e6b7341a4d6bea276c30d54444733030c10318c429617351c30d25fae92fcbb6; runtime reachability unresolved; placement and bounds unresolved; renderer suitability unresolved
swf-definition-00277,95,,sprite,source-assets/flash/HELP MATH_ORIGINAL FILES/HELP_COURSES/ELMGR5/L5/TI/L5TI02.swf,,,a653b0f0089ce9ef753bb5a25b35334ca5740bb93367b655cdb8eea273346b28,DefineSprite,,,none; machine census only; no renderer export,machine-extracted-definition-candidate,owner-provided SWF,container=root; definitionDepth=0; tagOrdinal=277; payloadBytes=76; rawTagPayloadSha256=a653b0f0089ce9ef753bb5a25b35334ca5740bb93367b655cdb8eea273346b28; exactTagIdentitySha256=f44831f5f6e441c27633c1bf68e5bf835bcd97892d4136594089ed45072c70a7; declaredFrameCount=1; runtime reachability unresolved; placement and bounds unresolved; renderer suitability unresolved
swf-definition-00285,96,,shape,source-assets/flash/HELP MATH_ORIGINAL FILES/HELP_COURSES/ELMGR5/L5/TI/L5TI02.swf,,,7491950b072253f52c4381525a237a4fe0e34371b951eadee205939102a93821,DefineShape3,,,none; machine census only; no renderer export,machine-extracted-definition-candidate,owner-provided SWF,container=root; definitionDepth=0; tagOrdinal=285; payloadBytes=33; rawTagPayloadSha256=7491950b072253f52c4381525a237a4fe0e34371b951eadee205939102a93821; exactTagIdentitySha256=6aaf70e0fec143e3137c7b0ea23868257599e6cfbd7387e188fdd5c6c85a1976; runtime reachability unresolved; placement and bounds unresolved; renderer suitability unresolved
swf-definition-00286,97,,text,source-assets/flash/HELP MATH_ORIGINAL FILES/HELP_COURSES/ELMGR5/L5/TI/L5TI02.swf,,,d8f007a237de1f5602ee928735e0402b1d45f67a24ccb5c2e0481f5165cbb256,DefineText,,,none; machine census only; no renderer export,machine-extracted-definition-candidate,owner-provided SWF,container=root; definitionDepth=0; tagOrdinal=286; payloadBytes=41; rawTagPayloadSha256=d8f007a237de1f5602ee928735e0402b1d45f67a24ccb5c2e0481f5165cbb256; exactTagIdentitySha256=717e80b1de951d569ae5e39db08d0d30f40cf63aa032fc9fd7f822a80a9bd890; runtime reachability unresolved; placement and bounds unresolved; renderer suitability unresolved
swf-definition-00287,98,,sprite,source-assets/flash/HELP MATH_ORIGINAL FILES/HELP_COURSES/ELMGR5/L5/TI/L5TI02.swf,,,86c4b839cfac95e618d9b5fd62baa1a8d75d45cbb09690ca48cc1e77c80be5b2,DefineSprite,,,none; machine census only; no renderer export,machine-extracted-definition-candidate,owner-provided SWF,container=root; definitionDepth=0; tagOrdinal=287; payloadBytes=33; rawTagPayloadSha256=86c4b839cfac95e618d9b5fd62baa1a8d75d45cbb09690ca48cc1e77c80be5b2; exactTagIdentitySha256=d650d4aa7ef5bef2f52fbd8716d5590cd1a623eacd9f343fa33fa6084d8b28cf; declaredFrameCount=1; runtime reachability unresolved; placement and bounds unresolved; renderer suitability unresolved
swf-definition-00292,99,,text,source-assets/flash/HELP MATH_ORIGINAL FILES/HELP_COURSES/ELMGR5/L5/TI/L5TI02.swf,,,554259f970c4d62ae8934560e4cec4b8aaf9b9f33121d24446921adb28a737b1,DefineText,,,none; machine census only; no renderer export,machine-extracted-definition-candidate,owner-provided SWF,container=root; definitionDepth=0; tagOrdinal=292; payloadBytes=52; rawTagPayloadSha256=554259f970c4d62ae8934560e4cec4b8aaf9b9f33121d24446921adb28a737b1; exactTagIdentitySha256=475c79cb985cbeee63c3eb58e2c7f197398fece756d033f5f9071f88c06a0a05; runtime reachability unresolved; placement and bounds unresolved; renderer suitability unresolved
swf-definition-00293,100,,sprite,source-assets/flash/HELP MATH_ORIGINAL FILES/HELP_COURSES/ELMGR5/L5/TI/L5TI02.swf,,,0ff6495606e897104ee800834d8deed6f50d9bd7149ed56a3ec180a55e6c32d6,DefineSprite,,,none; machine census only; no renderer export,machine-extracted-definition-candidate,owner-provided SWF,container=root; definitionDepth=0; tagOrdinal=293; payloadBytes=33; rawTagPayloadSha256=0ff6495606e897104ee800834d8deed6f50d9bd7149ed56a3ec180a55e6c32d6; exactTagIdentitySha256=b11603df1749a948a5b7e4421f159fb064c78af7fc42f9e4e24bd1e4fe179ac5; declaredFrameCount=1; runtime reachability unresolved; placement and bounds unresolved; renderer suitability unresolved
swf-definition-00298,101,,text,source-assets/flash/HELP MATH_ORIGINAL FILES/HELP_COURSES/ELMGR5/L5/TI/L5TI02.swf,,,1a34c7cbc4e84aedb39abfc1052c29b0cf823f7510d74e49715e0032635e6c8e,DefineText,,,none; machine census only; no renderer export,machine-extracted-definition-candidate,owner-provided SWF,container=root; definitionDepth=0; tagOrdinal=298; payloadBytes=96; rawTagPayloadSha256=1a34c7cbc4e84aedb39abfc1052c29b0cf823f7510d74e49715e0032635e6c8e; exactTagIdentitySha256=7ca53054c93bd632dc348ba021352c08b4211f41260150c66e05a38db2550745; runtime reachability unresolved; placement and bounds unresolved; renderer suitability unresolved
swf-definition-00299,102,,sprite,source-assets/flash/HELP MATH_ORIGINAL FILES/HELP_COURSES/ELMGR5/L5/TI/L5TI02.swf,,,0b1835fd2f7faa9f3d68423946e206558d3932a2d120f0d8ca910e63d7bc230a,DefineSprite,,,none; machine census only; no renderer export,machine-extracted-definition-candidate,owner-provided SWF,container=root; definitionDepth=0; tagOrdinal=299; payloadBytes=33; rawTagPayloadSha256=0b1835fd2f7faa9f3d68423946e206558d3932a2d120f0d8ca910e63d7bc230a; exactTagIdentitySha256=c2dc99abd0601b4cf7eb2319b4a2785531f1fb99f2ffc0c8a6c4cb666ba337f7; declaredFrameCount=1; runtime reachability unresolved; placement and bounds unresolved; renderer suitability unresolved
swf-definition-00304,103,,text,source-assets/flash/HELP MATH_ORIGINAL FILES/HELP_COURSES/ELMGR5/L5/TI/L5TI02.swf,,,498eb48b4e12d3b0b6de5c21ad4308318468c558078de1d60b21fa9255470912,DefineText,,,none; machine census only; no renderer export,machine-extracted-definition-candidate,owner-provided SWF,container=root; definitionDepth=0; tagOrdinal=304; payloadBytes=49; rawTagPayloadSha256=498eb48b4e12d3b0b6de5c21ad4308318468c558078de1d60b21fa9255470912; exactTagIdentitySha256=dbc28239f2ab1be19fa2ae7024609deeb4eebca8428113cfec28255ba5aed21a; runtime reachability unresolved; placement and bounds unresolved; renderer suitability unresolved
swf-definition-00305,104,,sprite,source-assets/flash/HELP MATH_ORIGINAL FILES/HELP_COURSES/ELMGR5/L5/TI/L5TI02.swf,,,bc3e791a9ad7bfbe273be33a336445d12b11deee5d75f596a5dc9968aaf7351c,DefineSprite,,,none; machine census only; no renderer export,machine-extracted-definition-candidate,owner-provided SWF,container=root; definitionDepth=0; tagOrdinal=305; payloadBytes=33; rawTagPayloadSha256=bc3e791a9ad7bfbe273be33a336445d12b11deee5d75f596a5dc9968aaf7351c; exactTagIdentitySha256=bbbd4aed64fcc7baa495367d77872bd5caa71fd0158e4499c3295c94cee16acb; declaredFrameCount=1; runtime reachability unresolved; placement and bounds unresolved; renderer suitability unresolved
swf-definition-00310,105,,text,source-assets/flash/HELP MATH_ORIGINAL FILES/HELP_COURSES/ELMGR5/L5/TI/L5TI02.swf,,,c5584137c1b6b26cf79a38ab2b68dbcada422ed9db129c4c0ba720d08b16bc9e,DefineText,,,none; machine census only; no renderer export,machine-extracted-definition-candidate,owner-provided SWF,container=root; definitionDepth=0; tagOrdinal=310; payloadBytes=52; rawTagPayloadSha256=c5584137c1b6b26cf79a38ab2b68dbcada422ed9db129c4c0ba720d08b16bc9e; exactTagIdentitySha256=67a98301b62f363bccd909a6e0c6bd3a44536c0aae321c071f7acc7e00c146b7; runtime reachability unresolved; placement and bounds unresolved; renderer suitability unresolved
swf-definition-00311,106,,sprite,source-assets/flash/HELP MATH_ORIGINAL FILES/HELP_COURSES/ELMGR5/L5/TI/L5TI02.swf,,,9ef8daa59352a65624987684e30709ee5df95edcf5d344e61e615e08bd3d92e3,DefineSprite,,,none; machine census only; no renderer export,machine-extracted-definition-candidate,owner-provided SWF,container=root; definitionDepth=0; tagOrdinal=311; payloadBytes=33; rawTagPayloadSha256=9ef8daa59352a65624987684e30709ee5df95edcf5d344e61e615e08bd3d92e3; exactTagIdentitySha256=296a94f60433c373078804ec28a6941a5e696c2a787c1a2578f6e1f6fde15ff7; declaredFrameCount=1; runtime reachability unresolved; placement and bounds unresolved; renderer suitability unresolved
swf-definition-00316,107,,shape,source-assets/flash/HELP MATH_ORIGINAL FILES/HELP_COURSES/ELMGR5/L5/TI/L5TI02.swf,,,af48fd8f8990c3aa73bcba43e00a847b920748436f74677e948454fa745d450a,DefineShape2,,,none; machine census only; no renderer export,machine-extracted-definition-candidate,owner-provided SWF,container=root; definitionDepth=0; tagOrdinal=316; payloadBytes=88; rawTagPayloadSha256=af48fd8f8990c3aa73bcba43e00a847b920748436f74677e948454fa745d450a; exactTagIdentitySha256=5f5506a74f438203fb7c7cbfef29ce87dd692b2e63546864fb0ee898dd42dee1; runtime reachability unresolved; placement and bounds unresolved; renderer suitability unresolved
swf-definition-00317,108,,text,source-assets/flash/HELP MATH_ORIGINAL FILES/HELP_COURSES/ELMGR5/L5/TI/L5TI02.swf,,,803ab439af4f4fce50ecd90a991777b4238c1becf6e8152ad2fc57c199e6c2c5,DefineText,,,none; machine census only; no renderer export,machine-extracted-definition-candidate,owner-provided SWF,container=root; definitionDepth=0; tagOrdinal=317; payloadBytes=81; rawTagPayloadSha256=803ab439af4f4fce50ecd90a991777b4238c1becf6e8152ad2fc57c199e6c2c5; exactTagIdentitySha256=98db09305ab657d5c71e9b0b318e4fd925c8f5e580a6e50feb392c97e89400eb; runtime reachability unresolved; placement and bounds unresolved; renderer suitability unresolved
swf-definition-00318,109,,text,source-assets/flash/HELP MATH_ORIGINAL FILES/HELP_COURSES/ELMGR5/L5/TI/L5TI02.swf,,,a5f1523891a2b516e41b9d6deb9b2072fa0d27a3101565eeb5dfd56e4c836c70,DefineText,,,none; machine census only; no renderer export,machine-extracted-definition-candidate,owner-provided SWF,container=root; definitionDepth=0; tagOrdinal=318; payloadBytes=78; rawTagPayloadSha256=a5f1523891a2b516e41b9d6deb9b2072fa0d27a3101565eeb5dfd56e4c836c70; exactTagIdentitySha256=1f5516d9da48c491b64c8e6170667235a74786a60c31ca744db6925076cdfada; runtime reachability unresolved; placement and bounds unresolved; renderer suitability unresolved
swf-definition-00319,110,,text,source-assets/flash/HELP MATH_ORIGINAL FILES/HELP_COURSES/ELMGR5/L5/TI/L5TI02.swf,,,3121fdb62f0647966b9a6b81ac69facb9f52fa116057fdfff8d010f2e3fe8425,DefineText,,,none; machine census only; no renderer export,machine-extracted-definition-candidate,owner-provided SWF,container=root; definitionDepth=0; tagOrdinal=319; payloadBytes=107; rawTagPayloadSha256=3121fdb62f0647966b9a6b81ac69facb9f52fa116057fdfff8d010f2e3fe8425; exactTagIdentitySha256=5d6d4c660780ffa832203f16f90aba72602ee6f0c0b159d6b0fde1119dbcde32; runtime reachability unresolved; placement and bounds unresolved; renderer suitability unresolved
swf-definition-00320,111,,shape,source-assets/flash/HELP MATH_ORIGINAL FILES/HELP_COURSES/ELMGR5/L5/TI/L5TI02.swf,,,f0a4c5f761302ffc8f685265c85d8b4927801f17f433610b4714b9a6f0646d04,DefineShape2,,,none; machine census only; no renderer export,machine-extracted-definition-candidate,owner-provided SWF,container=root; definitionDepth=0; tagOrdinal=320; payloadBytes=84; rawTagPayloadSha256=f0a4c5f761302ffc8f685265c85d8b4927801f17f433610b4714b9a6f0646d04; exactTagIdentitySha256=8e4eceefc82274162bec42bd1a4dc7900f82519d8a93f15094d720fe225f0630; runtime reachability unresolved; placement and bounds unresolved; renderer suitability unresolved
swf-definition-00321,112,,text,source-assets/flash/HELP MATH_ORIGINAL FILES/HELP_COURSES/ELMGR5/L5/TI/L5TI02.swf,,,503b1529a8682a171262d823a9b2e59eb69205f3feef992834dbd6ae06dfcaf5,DefineText,,,none; machine census only; no renderer export,machine-extracted-definition-candidate,owner-provided SWF,container=root; definitionDepth=0; tagOrdinal=321; payloadBytes=26; rawTagPayloadSha256=503b1529a8682a171262d823a9b2e59eb69205f3feef992834dbd6ae06dfcaf5; exactTagIdentitySha256=ba3938a0d668317018fd74cbb658e3e1943be55d2259c24f0944792b6c198a5e; runtime reachability unresolved; placement and bounds unresolved; renderer suitability unresolved
swf-definition-00322,113,,shape,source-assets/flash/HELP MATH_ORIGINAL FILES/HELP_COURSES/ELMGR5/L5/TI/L5TI02.swf,,,bd8cbf983862054a17c90926b626f8304d30dabe6e35faf669f64c714095c3a6,DefineShape2,,,none; machine census only; no renderer export,machine-extracted-definition-candidate,owner-provided SWF,container=root; definitionDepth=0; tagOrdinal=322; payloadBytes=87; rawTagPayloadSha256=bd8cbf983862054a17c90926b626f8304d30dabe6e35faf669f64c714095c3a6; exactTagIdentitySha256=db9f36fb63d499bb412cbb55ee4f6c1bef82f61bf7217c513eeb3e9692ec59b3; runtime reachability unresolved; placement and bounds unresolved; renderer suitability unresolved
swf-definition-00323,114,,shape,source-assets/flash/HELP MATH_ORIGINAL FILES/HELP_COURSES/ELMGR5/L5/TI/L5TI02.swf,,,9444c65c86d7e51f023c49d62aa9849b02d1c8ee22ac461816fffc11fedc3f15,DefineShape,,,none; machine census only; no renderer export,machine-extracted-definition-candidate,owner-provided SWF,container=root; definitionDepth=0; tagOrdinal=323; payloadBytes=66; rawTagPayloadSha256=9444c65c86d7e51f023c49d62aa9849b02d1c8ee22ac461816fffc11fedc3f15; exactTagIdentitySha256=cc815a2b031c99f215090c25c13131bd3481dce2132da53a87b8f76efb2bf795; runtime reachability unresolved; placement and bounds unresolved; renderer suitability unresolved
swf-definition-00324,115,,text,source-assets/flash/HELP MATH_ORIGINAL FILES/HELP_COURSES/ELMGR5/L5/TI/L5TI02.swf,,,ab8fd5201fa4d81abec1985ada98a6fee3654820538013f0065d2daa55ab06a6,DefineText,,,none; machine census only; no renderer export,machine-extracted-definition-candidate,owner-provided SWF,container=root; definitionDepth=0; tagOrdinal=324; payloadBytes=26; rawTagPayloadSha256=ab8fd5201fa4d81abec1985ada98a6fee3654820538013f0065d2daa55ab06a6; exactTagIdentitySha256=abec672fb8f02a99f856132a9d178ef518259a6e47bf296f4fe12afd8d5cc3c3; runtime reachability unresolved; placement and bounds unresolved; renderer suitability unresolved
swf-definition-00325,116,,shape,source-assets/flash/HELP MATH_ORIGINAL FILES/HELP_COURSES/ELMGR5/L5/TI/L5TI02.swf,,,497a08cce0811a6c3dcedd4f43fac2846fd6cc44e9fefd34a30072931a303937,DefineShape2,,,none; machine census only; no renderer export,machine-extracted-definition-candidate,owner-provided SWF,container=root; definitionDepth=0; tagOrdinal=325; payloadBytes=88; rawTagPayloadSha256=497a08cce0811a6c3dcedd4f43fac2846fd6cc44e9fefd34a30072931a303937; exactTagIdentitySha256=6c15bfc90d7052c3987471c2f57885c83883810e217268af6fc99d36f189e230; runtime reachability unresolved; placement and bounds unresolved; renderer suitability unresolved
swf-definition-00326,117,,shape,source-assets/flash/HELP MATH_ORIGINAL FILES/HELP_COURSES/ELMGR5/L5/TI/L5TI02.swf,,,2e8b7d1841ea5501e1ab543c805ce01c8124d41be8b7ad82cd89a088e9a1fc51,DefineShape2,,,none; machine census only; no renderer export,machine-extracted-definition-candidate,owner-provided SWF,container=root; definitionDepth=0; tagOrdinal=326; payloadBytes=312; rawTagPayloadSha256=2e8b7d1841ea5501e1ab543c805ce01c8124d41be8b7ad82cd89a088e9a1fc51; exactTagIdentitySha256=2bade87fca0242cc35e264faba372cfc3e709a60d92c98c3cea8fbea507f42db; runtime reachability unresolved; placement and bounds unresolved; renderer suitability unresolved
swf-definition-00327,118,,text,source-assets/flash/HELP MATH_ORIGINAL FILES/HELP_COURSES/ELMGR5/L5/TI/L5TI02.swf,,,8bf8a29792f068bd423504293461e55b474032667ed32f5b9cd65a9ede3e3734,DefineText,,,none; machine census only; no renderer export,machine-extracted-definition-candidate,owner-provided SWF,container=root; definitionDepth=0; tagOrdinal=327; payloadBytes=25; rawTagPayloadSha256=8bf8a29792f068bd423504293461e55b474032667ed32f5b9cd65a9ede3e3734; exactTagIdentitySha256=3efecd4651ada3de37349e5b8215539fa4ae7406ca6f7bd97e0c5d4576616fdd; runtime reachability unresolved; placement and bounds unresolved; renderer suitability unresolved
swf-definition-00328,119,,text,source-assets/flash/HELP MATH_ORIGINAL FILES/HELP_COURSES/ELMGR5/L5/TI/L5TI02.swf,,,1a165d961ad848bb5abf65a797c0ef6ee9318cbd90fca6d713e4e848a39190a2,DefineText,,,none; machine census only; no renderer export,machine-extracted-definition-candidate,owner-provided SWF,container=root; definitionDepth=0; tagOrdinal=328; payloadBytes=25; rawTagPayloadSha256=1a165d961ad848bb5abf65a797c0ef6ee9318cbd90fca6d713e4e848a39190a2; exactTagIdentitySha256=cb96eb1e5f93565bafe71eb961c86d88bcc5447536bcbb8870e58bfa26cac63a; runtime reachability unresolved; placement and bounds unresolved; renderer suitability unresolved
swf-definition-00329,120,,text,source-assets/flash/HELP MATH_ORIGINAL FILES/HELP_COURSES/ELMGR5/L5/TI/L5TI02.swf,,,7e501a61c6be6ab50ede3b741eaebfc9074255d4dc3e335971e6f5d1dc043150,DefineText,,,none; machine census only; no renderer export,machine-extracted-definition-candidate,owner-provided SWF,container=root; definitionDepth=0; tagOrdinal=329; payloadBytes=25; rawTagPayloadSha256=7e501a61c6be6ab50ede3b741eaebfc9074255d4dc3e335971e6f5d1dc043150; exactTagIdentitySha256=4a6f3c2757382f5253c1e92a6e660b9640ace49ac44efa8f165f44c856783a81; runtime reachability unresolved; placement and bounds unresolved; renderer suitability unresolved
swf-definition-00330,121,,text,source-assets/flash/HELP MATH_ORIGINAL FILES/HELP_COURSES/ELMGR5/L5/TI/L5TI02.swf,,,9970c9ff9297903b9c62f086ab71a9177e9a4eed8faa3e36e3584ca1002616cd,DefineText,,,none; machine census only; no renderer export,machine-extracted-definition-candidate,owner-provided SWF,container=root; definitionDepth=0; tagOrdinal=330; payloadBytes=25; rawTagPayloadSha256=9970c9ff9297903b9c62f086ab71a9177e9a4eed8faa3e36e3584ca1002616cd; exactTagIdentitySha256=8ad10933a7de4384d23982af49f21a4900c28e66e14fb86a6b5d908b8f7bd342; runtime reachability unresolved; placement and bounds unresolved; renderer suitability unresolved
swf-definition-00331,122,,text,source-assets/flash/HELP MATH_ORIGINAL FILES/HELP_COURSES/ELMGR5/L5/TI/L5TI02.swf,,,90458d5cf693033d89f0f09bf714841dfb362fb34937c56caed1c131a85e2cbc,DefineText,,,none; machine census only; no renderer export,machine-extracted-definition-candidate,owner-provided SWF,container=root; definitionDepth=0; tagOrdinal=331; payloadBytes=25; rawTagPayloadSha256=90458d5cf693033d89f0f09bf714841dfb362fb34937c56caed1c131a85e2cbc; exactTagIdentitySha256=b8b908d706ca3707956e46a5328afbdac3f33da462864f0f148dc49c06e3ee6f; runtime reachability unresolved; placement and bounds unresolved; renderer suitability unresolved
swf-definition-00332,123,,text,source-assets/flash/HELP MATH_ORIGINAL FILES/HELP_COURSES/ELMGR5/L5/TI/L5TI02.swf,,,4aec45da8ce04130e92327d084c2ef43cc02aaa0d3bc116a6b9d539a04b2620f,DefineText,,,none; machine census only; no renderer export,machine-extracted-definition-candidate,owner-provided SWF,container=root; definitionDepth=0; tagOrdinal=332; payloadBytes=25; rawTagPayloadSha256=4aec45da8ce04130e92327d084c2ef43cc02aaa0d3bc116a6b9d539a04b2620f; exactTagIdentitySha256=ba9368f3325747a666498d6fab2b8d77e7f871c58562cb5864c2f9510ee074b7; runtime reachability unresolved; placement and bounds unresolved; renderer suitability unresolved
swf-definition-00333,124,,text,source-assets/flash/HELP MATH_ORIGINAL FILES/HELP_COURSES/ELMGR5/L5/TI/L5TI02.swf,,,b9f182ac202f08348fa2493a94bb8f996c5e12b7850e0993b486ec0507bb6b2d,DefineText,,,none; machine census only; no renderer export,machine-extracted-definition-candidate,owner-provided SWF,container=root; definitionDepth=0; tagOrdinal=333; payloadBytes=25; rawTagPayloadSha256=b9f182ac202f08348fa2493a94bb8f996c5e12b7850e0993b486ec0507bb6b2d; exactTagIdentitySha256=6834dc776ead24e9a75ad33cdac6219e9f0ba7d78bbdb0e7b507efb5f1224215; runtime reachability unresolved; placement and bounds unresolved; renderer suitability unresolved
swf-definition-00334,125,,text,source-assets/flash/HELP MATH_ORIGINAL FILES/HELP_COURSES/ELMGR5/L5/TI/L5TI02.swf,,,c49004c44c48a754ebd67d25c815eb778b8da2ddacb433361fda2560b32a54bb,DefineText,,,none; machine census only; no renderer export,machine-extracted-definition-candidate,owner-provided SWF,container=root; definitionDepth=0; tagOrdinal=334; payloadBytes=25; rawTagPayloadSha256=c49004c44c48a754ebd67d25c815eb778b8da2ddacb433361fda2560b32a54bb; exactTagIdentitySha256=58cfb1411ce1a1b12b6dc7df5c7057169a8089f28ca27cc777fe7ebd29acade5; runtime reachability unresolved; placement and bounds unresolved; renderer suitability unresolved
swf-definition-00335,126,,text,source-assets/flash/HELP MATH_ORIGINAL FILES/HELP_COURSES/ELMGR5/L5/TI/L5TI02.swf,,,457c0f44778026d30f30081848c41e17d6ba170171b963d905fbe59d3dfb9677,DefineText,,,none; machine census only; no renderer export,machine-extracted-definition-candidate,owner-provided SWF,container=root; definitionDepth=0; tagOrdinal=335; payloadBytes=25; rawTagPayloadSha256=457c0f44778026d30f30081848c41e17d6ba170171b963d905fbe59d3dfb9677; exactTagIdentitySha256=06d2d24f34ba420c42369e6abfc75f1f48f8112765d27bfa4e06d31ce54f238a; runtime reachability unresolved; placement and bounds unresolved; renderer suitability unresolved
swf-definition-00336,127,,text,source-assets/flash/HELP MATH_ORIGINAL FILES/HELP_COURSES/ELMGR5/L5/TI/L5TI02.swf,,,54dd033bc37e4359a2d3fd9f4f29ffa2049c72278cc902045359de80b4c62a63,DefineText,,,none; machine census only; no renderer export,machine-extracted-definition-candidate,owner-provided SWF,container=root; definitionDepth=0; tagOrdinal=336; payloadBytes=29; rawTagPayloadSha256=54dd033bc37e4359a2d3fd9f4f29ffa2049c72278cc902045359de80b4c62a63; exactTagIdentitySha256=331a2fa9384e07b01f3c30462ee0e92484162186a5269d2718ecaf602e30cf10; runtime reachability unresolved; placement and bounds unresolved; renderer suitability unresolved
swf-definition-00337,128,,text,source-assets/flash/HELP MATH_ORIGINAL FILES/HELP_COURSES/ELMGR5/L5/TI/L5TI02.swf,,,2a3adbd17db317c195869bfd4de1cbf9049e75f2c8620433411cfe9c8fa9b620,DefineText,,,none; machine census only; no renderer export,machine-extracted-definition-candidate,owner-provided SWF,container=root; definitionDepth=0; tagOrdinal=337; payloadBytes=29; rawTagPayloadSha256=2a3adbd17db317c195869bfd4de1cbf9049e75f2c8620433411cfe9c8fa9b620; exactTagIdentitySha256=1ad296b0f0c859dbb6ad3c8452f1a29e3b51f269c6ed9e647f2f844c86a1d11b; runtime reachability unresolved; placement and bounds unresolved; renderer suitability unresolved
swf-definition-00338,129,,text,source-assets/flash/HELP MATH_ORIGINAL FILES/HELP_COURSES/ELMGR5/L5/TI/L5TI02.swf,,,8860257af5e1aaff1b158985e03c1984f990c447b613e58d616d6657ff141be8,DefineText,,,none; machine census only; no renderer export,machine-extracted-definition-candidate,owner-provided SWF,container=root; definitionDepth=0; tagOrdinal=338; payloadBytes=29; rawTagPayloadSha256=8860257af5e1aaff1b158985e03c1984f990c447b613e58d616d6657ff141be8; exactTagIdentitySha256=28dbdc85cfc213752c27c85dee100be51df453321b6d8f229af5c4fa0db36c74; runtime reachability unresolved; placement and bounds unresolved; renderer suitability unresolved
swf-definition-00339,130,,text,source-assets/flash/HELP MATH_ORIGINAL FILES/HELP_COURSES/ELMGR5/L5/TI/L5TI02.swf,,,5f09e9ef067dcde86549fa57a423b515c99fd32dcbc2e20dd55ddc94e36fac70,DefineText,,,none; machine census only; no renderer export,machine-extracted-definition-candidate,owner-provided SWF,container=root; definitionDepth=0; tagOrdinal=339; payloadBytes=29; rawTagPayloadSha256=5f09e9ef067dcde86549fa57a423b515c99fd32dcbc2e20dd55ddc94e36fac70; exactTagIdentitySha256=da0d5dcbdf4634f256f90fe37b41640e9f070f70e0ac51868a2c41b8985c5685; runtime reachability unresolved; placement and bounds unresolved; renderer suitability unresolved
swf-definition-00340,131,,text,source-assets/flash/HELP MATH_ORIGINAL FILES/HELP_COURSES/ELMGR5/L5/TI/L5TI02.swf,,,ec7de34f3f8a9116b9a841b07d8d281d0b96737ad2d6b75c774467544ebd3352,DefineText,,,none; machine census only; no renderer export,machine-extracted-definition-candidate,owner-provided SWF,container=root; definitionDepth=0; tagOrdinal=340; payloadBytes=29; rawTagPayloadSha256=ec7de34f3f8a9116b9a841b07d8d281d0b96737ad2d6b75c774467544ebd3352; exactTagIdentitySha256=f8d8d794be9c4fe04f14ca99a5e4decbb8a84c078d6148737d030028c5370553; runtime reachability unresolved; placement and bounds unresolved; renderer suitability unresolved
swf-definition-00341,132,,text,source-assets/flash/HELP MATH_ORIGINAL FILES/HELP_COURSES/ELMGR5/L5/TI/L5TI02.swf,,,b2eb3750cafcdccf6f4332920a42613cd5e475560e51785b0290d244de54f6a9,DefineText,,,none; machine census only; no renderer export,machine-extracted-definition-candidate,owner-provided SWF,container=root; definitionDepth=0; tagOrdinal=341; payloadBytes=27; rawTagPayloadSha256=b2eb3750cafcdccf6f4332920a42613cd5e475560e51785b0290d244de54f6a9; exactTagIdentitySha256=fa6255c6aaf2c1535b76f1cd8dd444b754b808ab91f1133599a3aa5fc9285cce; runtime reachability unresolved; placement and bounds unresolved; renderer suitability unresolved
swf-definition-00342,133,,text,source-assets/flash/HELP MATH_ORIGINAL FILES/HELP_COURSES/ELMGR5/L5/TI/L5TI02.swf,,,33fe44cf637f4453eaeb05cffaaf90636eb701f2585320f9f25795f0a5b127ee,DefineText,,,none; machine census only; no renderer export,machine-extracted-definition-candidate,owner-provided SWF,container=root; definitionDepth=0; tagOrdinal=342; payloadBytes=29; rawTagPayloadSha256=33fe44cf637f4453eaeb05cffaaf90636eb701f2585320f9f25795f0a5b127ee; exactTagIdentitySha256=ad46e3c484184c8d838b388eeb952d9a2531cef65a6066015eae27e3b87aacd6; runtime reachability unresolved; placement and bounds unresolved; renderer suitability unresolved
swf-definition-00343,134,,text,source-assets/flash/HELP MATH_ORIGINAL FILES/HELP_COURSES/ELMGR5/L5/TI/L5TI02.swf,,,6d068c1406dc9830db5d3f5bee00e9f23288002dd1e7147964878c0ed69307c3,DefineText,,,none; machine census only; no renderer export,machine-extracted-definition-candidate,owner-provided SWF,container=root; definitionDepth=0; tagOrdinal=343; payloadBytes=29; rawTagPayloadSha256=6d068c1406dc9830db5d3f5bee00e9f23288002dd1e7147964878c0ed69307c3; exactTagIdentitySha256=294e21880b746d3e04b62729c1e5581501053735923dd518ae96ff47edaf4d56; runtime reachability unresolved; placement and bounds unresolved; renderer suitability unresolved
swf-definition-00344,135,,text,source-assets/flash/HELP MATH_ORIGINAL FILES/HELP_COURSES/ELMGR5/L5/TI/L5TI02.swf,,,ec5e67568d86f723e45ce2ba4b341f8d87f72fca60a525a72b6d2a7bbdb8cdcc,DefineText,,,none; machine census only; no renderer export,machine-extracted-definition-candidate,owner-provided SWF,container=root; definitionDepth=0; tagOrdinal=344; payloadBytes=29; rawTagPayloadSha256=ec5e67568d86f723e45ce2ba4b341f8d87f72fca60a525a72b6d2a7bbdb8cdcc; exactTagIdentitySha256=ecd1c91cccbfb6049a3034bbb99d63c3b3397d75cd4bde1c46329f865ade80f6; runtime reachability unresolved; placement and bounds unresolved; renderer suitability unresolved
swf-definition-00345,136,,shape,source-assets/flash/HELP MATH_ORIGINAL FILES/HELP_COURSES/ELMGR5/L5/TI/L5TI02.swf,,,9b7a01fa61c587443d3fa1103fb63cd9112d23742b8aca7c2de9909f0cc642b6,DefineShape2,,,none; machine census only; no renderer export,machine-extracted-definition-candidate,owner-provided SWF,container=root; definitionDepth=0; tagOrdinal=345; payloadBytes=309; rawTagPayloadSha256=9b7a01fa61c587443d3fa1103fb63cd9112d23742b8aca7c2de9909f0cc642b6; exactTagIdentitySha256=ab4dd8eaa9accf21f277dba4f5d63c9bc85b734a51322ffd5fca831e86468ed6; runtime reachability unresolved; placement and bounds unresolved; renderer suitability unresolved
swf-definition-00346,137,,text,source-assets/flash/HELP MATH_ORIGINAL FILES/HELP_COURSES/ELMGR5/L5/TI/L5TI02.swf,,,ac61de948a5543f29715cf140ab7737b2da8bda4e7f4aaea3af64e7a9e45b15f,DefineText,,,none; machine census only; no renderer export,machine-extracted-definition-candidate,owner-provided SWF,container=root; definitionDepth=0; tagOrdinal=346; payloadBytes=27; rawTagPayloadSha256=ac61de948a5543f29715cf140ab7737b2da8bda4e7f4aaea3af64e7a9e45b15f; exactTagIdentitySha256=81046d87ee3e832679bcb3bc24de636b077ea8eae49a9d1934868f9b86c7f556; runtime reachability unresolved; placement and bounds unresolved; renderer suitability unresolved
swf-definition-00347,138,,text,source-assets/flash/HELP MATH_ORIGINAL FILES/HELP_COURSES/ELMGR5/L5/TI/L5TI02.swf,,,dc729af98018e70cc766643dc43dabfe227071aba0e6dd33cba1fa62c68ea30d,DefineText,,,none; machine census only; no renderer export,machine-extracted-definition-candidate,owner-provided SWF,container=root; definitionDepth=0; tagOrdinal=347; payloadBytes=27; rawTagPayloadSha256=dc729af98018e70cc766643dc43dabfe227071aba0e6dd33cba1fa62c68ea30d; exactTagIdentitySha256=dc8e324eb57784614b289a093b104ca92f8aa53a3ffb61daef59bc0e397645a5; runtime reachability unresolved; placement and bounds unresolved; renderer suitability unresolved
swf-definition-00348,139,,text,source-assets/flash/HELP MATH_ORIGINAL FILES/HELP_COURSES/ELMGR5/L5/TI/L5TI02.swf,,,d81d8cc3b4741843b89ff0212641ac645aa0c0e2b21d62795882d31f8447339b,DefineText,,,none; machine census only; no renderer export,machine-extracted-definition-candidate,owner-provided SWF,container=root; definitionDepth=0; tagOrdinal=348; payloadBytes=27; rawTagPayloadSha256=d81d8cc3b4741843b89ff0212641ac645aa0c0e2b21d62795882d31f8447339b; exactTagIdentitySha256=75fc466ee0260a2a5b65353c6db848cac20503c0b927cb2a893002c7e559980a; runtime reachability unresolved; placement and bounds unresolved; renderer suitability unresolved
swf-definition-00349,140,,text,source-assets/flash/HELP MATH_ORIGINAL FILES/HELP_COURSES/ELMGR5/L5/TI/L5TI02.swf,,,717bcf968278fc3c29911a64e484736cc860a2a98d8f527d54f82c3cef3d23f4,DefineText,,,none; machine census only; no renderer export,machine-extracted-definition-candidate,owner-provided SWF,container=root; definitionDepth=0; tagOrdinal=349; payloadBytes=27; rawTagPayloadSha256=717bcf968278fc3c29911a64e484736cc860a2a98d8f527d54f82c3cef3d23f4; exactTagIdentitySha256=bd4ba2a7cfca8cf7a79357e018e152db661f8776b87a12dd507a779fdebb5e98; runtime reachability unresolved; placement and bounds unresolved; renderer suitability unresolved
swf-definition-00350,141,,text,source-assets/flash/HELP MATH_ORIGINAL FILES/HELP_COURSES/ELMGR5/L5/TI/L5TI02.swf,,,90d05f708865b39f0b17a15e959baa934c19d0a733e761a006578c4a60c0d100,DefineText,,,none; machine census only; no renderer export,machine-extracted-definition-candidate,owner-provided SWF,container=root; definitionDepth=0; tagOrdinal=350; payloadBytes=27; rawTagPayloadSha256=90d05f708865b39f0b17a15e959baa934c19d0a733e761a006578c4a60c0d100; exactTagIdentitySha256=08019bb1cf309aa33837ea7808edce1df15aee5dd9cdefc6ac503e827a443b91; runtime reachability unresolved; placement and bounds unresolved; renderer suitability unresolved
swf-definition-00351,142,,text,source-assets/flash/HELP MATH_ORIGINAL FILES/HELP_COURSES/ELMGR5/L5/TI/L5TI02.swf,,,a0d01400c2f4533e1ed34291bbe9284478a318e2baa0c58118a1cf92f6deaaef,DefineText,,,none; machine census only; no renderer export,machine-extracted-definition-candidate,owner-provided SWF,container=root; definitionDepth=0; tagOrdinal=351; payloadBytes=27; rawTagPayloadSha256=a0d01400c2f4533e1ed34291bbe9284478a318e2baa0c58118a1cf92f6deaaef; exactTagIdentitySha256=ccc0e320822b07e1cb8f732402777dc78caf04c834978868ec0f1003eecdad40; runtime reachability unresolved; placement and bounds unresolved; renderer suitability unresolved
swf-definition-00352,143,,text,source-assets/flash/HELP MATH_ORIGINAL FILES/HELP_COURSES/ELMGR5/L5/TI/L5TI02.swf,,,6259773b5d1a98dc94eb75842f73e884ceaf092d4c093ed9d95c93482806ad60,DefineText,,,none; machine census only; no renderer export,machine-extracted-definition-candidate,owner-provided SWF,container=root; definitionDepth=0; tagOrdinal=352; payloadBytes=27; rawTagPayloadSha256=6259773b5d1a98dc94eb75842f73e884ceaf092d4c093ed9d95c93482806ad60; exactTagIdentitySha256=c486957baa7008eb406f238e2fc7c0290dad2419493e311d8a5f372c4a36010a; runtime reachability unresolved; placement and bounds unresolved; renderer suitability unresolved
swf-definition-00353,144,,text,source-assets/flash/HELP MATH_ORIGINAL FILES/HELP_COURSES/ELMGR5/L5/TI/L5TI02.swf,,,18c8d63cc7ba37c7459edfb469d7cfa93b6460b89b1825ad8e146b7c5292f58c,DefineText,,,none; machine census only; no renderer export,machine-extracted-definition-candidate,owner-provided SWF,container=root; definitionDepth=0; tagOrdinal=353; payloadBytes=25; rawTagPayloadSha256=18c8d63cc7ba37c7459edfb469d7cfa93b6460b89b1825ad8e146b7c5292f58c; exactTagIdentitySha256=69ae710d0117c11a2a108553ab20c6bef6618acf0b674a8be66a9f8209cd4989; runtime reachability unresolved; placement and bounds unresolved; renderer suitability unresolved
swf-definition-00354,145,,text,source-assets/flash/HELP MATH_ORIGINAL FILES/HELP_COURSES/ELMGR5/L5/TI/L5TI02.swf,,,84355c0fadc3ef184b26f6ae948a3f4900765f4a37be8f3dcfb70ff5a144086e,DefineText,,,none; machine census only; no renderer export,machine-extracted-definition-candidate,owner-provided SWF,container=root; definitionDepth=0; tagOrdinal=354; payloadBytes=25; rawTagPayloadSha256=84355c0fadc3ef184b26f6ae948a3f4900765f4a37be8f3dcfb70ff5a144086e; exactTagIdentitySha256=e5f9495db7379e618ee48e7fb06e4362af44414267dc552f2802b1b2f1b1ec16; runtime reachability unresolved; placement and bounds unresolved; renderer suitability unresolved
swf-definition-00355,146,,text,source-assets/flash/HELP MATH_ORIGINAL FILES/HELP_COURSES/ELMGR5/L5/TI/L5TI02.swf,,,4acc9c59a4ac6b0ec532c3f8250a9588a53a98a36690d57a427fb48a8c302283,DefineText,,,none; machine census only; no renderer export,machine-extracted-definition-candidate,owner-provided SWF,container=root; definitionDepth=0; tagOrdinal=355; payloadBytes=25; rawTagPayloadSha256=4acc9c59a4ac6b0ec532c3f8250a9588a53a98a36690d57a427fb48a8c302283; exactTagIdentitySha256=36a3f9b5de35231e1c3981026bf75837e7a52d4d9c9f6ff1618fdae42c538e7b; runtime reachability unresolved; placement and bounds unresolved; renderer suitability unresolved
swf-definition-00356,147,,text,source-assets/flash/HELP MATH_ORIGINAL FILES/HELP_COURSES/ELMGR5/L5/TI/L5TI02.swf,,,34827ce893ca698789c66caa53b32f3d5714d4eca66392e11847ca46d56a1cce,DefineText,,,none; machine census only; no renderer export,machine-extracted-definition-candidate,owner-provided SWF,container=root; definitionDepth=0; tagOrdinal=356; payloadBytes=25; rawTagPayloadSha256=34827ce893ca698789c66caa53b32f3d5714d4eca66392e11847ca46d56a1cce; exactTagIdentitySha256=bd3fed3a59d4e3280dc35834059222c035b95a64d299fb082129fc3566cd2fcc; runtime reachability unresolved; placement and bounds unresolved; renderer suitability unresolved
swf-definition-00357,148,,text,source-assets/flash/HELP MATH_ORIGINAL FILES/HELP_COURSES/ELMGR5/L5/TI/L5TI02.swf,,,1e25ede9e2b8c18e51b8488527320a17219eea78ef20077db1c2856d2d4604c5,DefineText,,,none; machine census only; no renderer export,machine-extracted-definition-candidate,owner-provided SWF,container=root; definitionDepth=0; tagOrdinal=357; payloadBytes=25; rawTagPayloadSha256=1e25ede9e2b8c18e51b8488527320a17219eea78ef20077db1c2856d2d4604c5; exactTagIdentitySha256=2900b5bd2c8a6ff7ab32c4d5f7c64a68c5c9b7676b331ff0613d8b649009a6ff; runtime reachability unresolved; placement and bounds unresolved; renderer suitability unresolved
swf-definition-00358,149,,text,source-assets/flash/HELP MATH_ORIGINAL FILES/HELP_COURSES/ELMGR5/L5/TI/L5TI02.swf,,,948852684e8cad9b676f9d4c973aa442cb50aef9a356fa4a214d3a002a397922,DefineText,,,none; machine census only; no renderer export,machine-extracted-definition-candidate,owner-provided SWF,container=root; definitionDepth=0; tagOrdinal=358; payloadBytes=25; rawTagPayloadSha256=948852684e8cad9b676f9d4c973aa442cb50aef9a356fa4a214d3a002a397922; exactTagIdentitySha256=32b931b0e905f9c6db0041d5b63fe406dbb4938cb6e87382d342742b541f362f; runtime reachability unresolved; placement and bounds unresolved; renderer suitability unresolved
swf-definition-00359,150,,text,source-assets/flash/HELP MATH_ORIGINAL FILES/HELP_COURSES/ELMGR5/L5/TI/L5TI02.swf,,,40fa43b5556ea507dbd64f11be3b9b17c6746664f11f5f648e021d17fcc5cc6a,DefineText,,,none; machine census only; no renderer export,machine-extracted-definition-candidate,owner-provided SWF,container=root; definitionDepth=0; tagOrdinal=359; payloadBytes=25; rawTagPayloadSha256=40fa43b5556ea507dbd64f11be3b9b17c6746664f11f5f648e021d17fcc5cc6a; exactTagIdentitySha256=da1f78fdd47b3303b608a0716a643e0fcc444920c16e12ca4db9709296495e90; runtime reachability unresolved; placement and bounds unresolved; renderer suitability unresolved
swf-definition-00360,151,,text,source-assets/flash/HELP MATH_ORIGINAL FILES/HELP_COURSES/ELMGR5/L5/TI/L5TI02.swf,,,00b2d000b262c103829b03fe5ac7fe12b5378db17bfd68f4305757629c1209b3,DefineText,,,none; machine census only; no renderer export,machine-extracted-definition-candidate,owner-provided SWF,container=root; definitionDepth=0; tagOrdinal=360; payloadBytes=25; rawTagPayloadSha256=00b2d000b262c103829b03fe5ac7fe12b5378db17bfd68f4305757629c1209b3; exactTagIdentitySha256=f8d695db571f58b73248752e03e0e40a453cae3b75fc51396cc5d1958ab7ed33; runtime reachability unresolved; placement and bounds unresolved; renderer suitability unresolved
swf-definition-00361,152,,text,source-assets/flash/HELP MATH_ORIGINAL FILES/HELP_COURSES/ELMGR5/L5/TI/L5TI02.swf,,,d2c336e99f536f360507508c8361f9b5d5461ad532e5119366ec710de739dd7f,DefineText,,,none; machine census only; no renderer export,machine-extracted-definition-candidate,owner-provided SWF,container=root; definitionDepth=0; tagOrdinal=361; payloadBytes=39; rawTagPayloadSha256=d2c336e99f536f360507508c8361f9b5d5461ad532e5119366ec710de739dd7f; exactTagIdentitySha256=3e17eaa911f153ee281eb318b6291c55cc8e03cc7dec64fc95c69679e18eb4ee; runtime reachability unresolved; placement and bounds unresolved; renderer suitability unresolved
swf-definition-00362,153,,shape,source-assets/flash/HELP MATH_ORIGINAL FILES/HELP_COURSES/ELMGR5/L5/TI/L5TI02.swf,,,d228ffc7ce27201e9aa88f3343c921e5f599616cfbf56341cbd98835611bb064,DefineShape,,,none; machine census only; no renderer export,machine-extracted-definition-candidate,owner-provided SWF,container=root; definitionDepth=0; tagOrdinal=362; payloadBytes=78; rawTagPayloadSha256=d228ffc7ce27201e9aa88f3343c921e5f599616cfbf56341cbd98835611bb064; exactTagIdentitySha256=a864f80cd2fff738ca8affbc777d94db5d2c4ad4ff5fd8cf0797e95330099fe9; runtime reachability unresolved; placement and bounds unresolved; renderer suitability unresolved
swf-definition-00363,154,,shape,source-assets/flash/HELP MATH_ORIGINAL FILES/HELP_COURSES/ELMGR5/L5/TI/L5TI02.swf,,,4d269b66048e4ea0ee9ba3ba39d664eb1021e1d78a5e8b1a986040cf8974364c,DefineShape,,,none; machine census only; no renderer export,machine-extracted-definition-candidate,owner-provided SWF,container=root; definitionDepth=0; tagOrdinal=363; payloadBytes=93; rawTagPayloadSha256=4d269b66048e4ea0ee9ba3ba39d664eb1021e1d78a5e8b1a986040cf8974364c; exactTagIdentitySha256=2d0f23f768a1952e7d317e60c811e4c0f059fc6a61a3e5d15453e2692aaaf974; runtime reachability unresolved; placement and bounds unresolved; renderer suitability unresolved
swf-definition-00364,155,,sprite,source-assets/flash/HELP MATH_ORIGINAL FILES/HELP_COURSES/ELMGR5/L5/TI/L5TI02.swf,,,acbb92238e0be8ee7d154e314d4f239d97fe2d2c98167c6863d65817d0c8a029,DefineSprite,,,none; machine census only; no renderer export,machine-extracted-definition-candidate,owner-provided SWF,container=root; definitionDepth=0; tagOrdinal=364; payloadBytes=28; rawTagPayloadSha256=acbb92238e0be8ee7d154e314d4f239d97fe2d2c98167c6863d65817d0c8a029; exactTagIdentitySha256=4ddbe3d8aa69bcda5c30f4680f345fa12c78625765a0ecfaf7c47f9902bbdef6; declaredFrameCount=1; runtime reachability unresolved; placement and bounds unresolved; renderer suitability unresolved
swf-definition-00369,156,,sprite,source-assets/flash/HELP MATH_ORIGINAL FILES/HELP_COURSES/ELMGR5/L5/TI/L5TI02.swf,,,5528a4cbf5585493c59a998855731c1ba550b1c7f558a17a98a48dacb60147bb,DefineSprite,,,none; machine census only; no renderer export,machine-extracted-definition-candidate,owner-provided SWF,container=root; definitionDepth=0; tagOrdinal=369; payloadBytes=32; rawTagPayloadSha256=5528a4cbf5585493c59a998855731c1ba550b1c7f558a17a98a48dacb60147bb; exactTagIdentitySha256=ef05defd6a53086fe9d3f64308b1498e6a7446193f06f3f8fd1e108b353ea8bb; declaredFrameCount=1; runtime reachability unresolved; placement and bounds unresolved; renderer suitability unresolved
swf-definition-00374,157,,sprite,source-assets/flash/HELP MATH_ORIGINAL FILES/HELP_COURSES/ELMGR5/L5/TI/L5TI02.swf,,,66767484da3608f0b8f381deb7f5b355a3f968cc4c885f2f63aa4703d2750e16,DefineSprite,,,none; machine census only; no renderer export,machine-extracted-definition-candidate,owner-provided SWF,container=root; definitionDepth=0; tagOrdinal=374; payloadBytes=32; rawTagPayloadSha256=66767484da3608f0b8f381deb7f5b355a3f968cc4c885f2f63aa4703d2750e16; exactTagIdentitySha256=f43306e0b73eaf9a032ac8b3c503fcc0e5e16ceb1d87f6619adb03ce3242b012; declaredFrameCount=1; runtime reachability unresolved; placement and bounds unresolved; renderer suitability unresolved
swf-definition-00379,158,,sprite,source-assets/flash/HELP MATH_ORIGINAL FILES/HELP_COURSES/ELMGR5/L5/TI/L5TI02.swf,,,7371b7a5f879fa7966520a576ba3ed2345f4956685c7dfbd1e326eeb225d52bf,DefineSprite,,,none; machine census only; no renderer export,machine-extracted-definition-candidate,owner-provided SWF,container=root; definitionDepth=0; tagOrdinal=379; payloadBytes=33; rawTagPayloadSha256=7371b7a5f879fa7966520a576ba3ed2345f4956685c7dfbd1e326eeb225d52bf; exactTagIdentitySha256=0cb56bf15c428ae73359e5765f24cb4697f055febd5f70aa901b56089e076c26; declaredFrameCount=1; runtime reachability unresolved; placement and bounds unresolved; renderer suitability unresolved
swf-definition-00384,159,,sprite,source-assets/flash/HELP MATH_ORIGINAL FILES/HELP_COURSES/ELMGR5/L5/TI/L5TI02.swf,,,469689338bde6ae1a6e1821d991eeabf4c82a8b59a6d8cee5e31fe8e4d8210d1,DefineSprite,,,none; machine census only; no renderer export,machine-extracted-definition-candidate,owner-provided SWF,container=root; definitionDepth=0; tagOrdinal=384; payloadBytes=27; rawTagPayloadSha256=469689338bde6ae1a6e1821d991eeabf4c82a8b59a6d8cee5e31fe8e4d8210d1; exactTagIdentitySha256=8a986176910eb000df43df5b70ec067dd93c8461205e1ca8e40681c34f8953b4; declaredFrameCount=1; runtime reachability unresolved; placement and bounds unresolved; renderer suitability unresolved
swf-definition-00389,160,,shape,source-assets/flash/HELP MATH_ORIGINAL FILES/HELP_COURSES/ELMGR5/L5/TI/L5TI02.swf,,,71209ccba778e69f30b5eae65fce373b19148a53b428ec8fb7483f9321b38dad,DefineShape3,,,none; machine census only; no renderer export,machine-extracted-definition-candidate,owner-provided SWF,container=root; definitionDepth=0; tagOrdinal=389; payloadBytes=34; rawTagPayloadSha256=71209ccba778e69f30b5eae65fce373b19148a53b428ec8fb7483f9321b38dad; exactTagIdentitySha256=bcca4f6d5ce4497973fe0590ab27ba3208863fe774d49e26d2baba86e64eb9b8; runtime reachability unresolved; placement and bounds unresolved; renderer suitability unresolved
swf-definition-00390,161,,button,source-assets/flash/HELP MATH_ORIGINAL FILES/HELP_COURSES/ELMGR5/L5/TI/L5TI02.swf,,,fa1aeb4041d59fb3f274427f03dc5210e5e8f8d288247aeec3dd556131206f7a,DefineButton2,,,none; machine census only; no renderer export,machine-extracted-definition-candidate,owner-provided SWF,container=root; definitionDepth=0; tagOrdinal=390; payloadBytes=93; rawTagPayloadSha256=fa1aeb4041d59fb3f274427f03dc5210e5e8f8d288247aeec3dd556131206f7a; exactTagIdentitySha256=b3dac1e25e7a1ce0fbdda429d76986537d121fa3c7b3cb9b6579e329c84d6a40; runtime reachability unresolved; placement and bounds unresolved; renderer suitability unresolved
swf-definition-00391,162,,shape,source-assets/flash/HELP MATH_ORIGINAL FILES/HELP_COURSES/ELMGR5/L5/TI/L5TI02.swf,,,9049a2a7f5393ca328e1f36d7701a4973debbe781ae69a2234d574cc20688683,DefineShape2,,,none; machine census only; no renderer export,machine-extracted-definition-candidate,owner-provided SWF,container=root; definitionDepth=0; tagOrdinal=391; payloadBytes=55; rawTagPayloadSha256=9049a2a7f5393ca328e1f36d7701a4973debbe781ae69a2234d574cc20688683; exactTagIdentitySha256=19bcc40e18f80d30ed78b5e44981643e8274ae5959dfccfa6fbcff9c1babaecb; runtime reachability unresolved; placement and bounds unresolved; renderer suitability unresolved
swf-definition-00392,163,,text,source-assets/flash/HELP MATH_ORIGINAL FILES/HELP_COURSES/ELMGR5/L5/TI/L5TI02.swf,,,afbae035a4827a0bca064bcba494e49c34c62e09d97dbeabe931690b372923f4,DefineText,,,none; machine census only; no renderer export,machine-extracted-definition-candidate,owner-provided SWF,container=root; definitionDepth=0; tagOrdinal=392; payloadBytes=37; rawTagPayloadSha256=afbae035a4827a0bca064bcba494e49c34c62e09d97dbeabe931690b372923f4; exactTagIdentitySha256=b0865713e5c7cf245e6946af10dd60f41fb44e01cc765edc3865c2c654d302f1; runtime reachability unresolved; placement and bounds unresolved; renderer suitability unresolved
swf-definition-00393,164,,shape,source-assets/flash/HELP MATH_ORIGINAL FILES/HELP_COURSES/ELMGR5/L5/TI/L5TI02.swf,,,59ca59c0f2e060cc451d72fc1d0df89acede793be6b8b29a24be1e218538a5c1,DefineShape,,,none; machine census only; no renderer export,machine-extracted-definition-candidate,owner-provided SWF,container=root; definitionDepth=0; tagOrdinal=393; payloadBytes=64; rawTagPayloadSha256=59ca59c0f2e060cc451d72fc1d0df89acede793be6b8b29a24be1e218538a5c1; exactTagIdentitySha256=02f8249404021f2a9aa4b016228113666267dbb81384cda8f52fa9a9672bdc78; runtime reachability unresolved; placement and bounds unresolved; renderer suitability unresolved
swf-definition-00394,165,,shape,source-assets/flash/HELP MATH_ORIGINAL FILES/HELP_COURSES/ELMGR5/L5/TI/L5TI02.swf,,,e13766ef0aa6ec158396c8af979d92a8b1e9efdfde51dc56485dd99263c7d529,DefineShape2,,,none; machine census only; no renderer export,machine-extracted-definition-candidate,owner-provided SWF,container=root; definitionDepth=0; tagOrdinal=394; payloadBytes=282; rawTagPayloadSha256=e13766ef0aa6ec158396c8af979d92a8b1e9efdfde51dc56485dd99263c7d529; exactTagIdentitySha256=6e026a0c440b782dd78ab48e89fa1897f7c36a988ad7747eb7bf6d1bf9797603; runtime reachability unresolved; placement and bounds unresolved; renderer suitability unresolved
swf-definition-00395,166,,shape,source-assets/flash/HELP MATH_ORIGINAL FILES/HELP_COURSES/ELMGR5/L5/TI/L5TI02.swf,,,9f5ae3fe885076265ce5c927f138b8831a62f1802ca4c431e05f6ecf7e867d80,DefineShape2,,,none; machine census only; no renderer export,machine-extracted-definition-candidate,owner-provided SWF,container=root; definitionDepth=0; tagOrdinal=395; payloadBytes=289; rawTagPayloadSha256=9f5ae3fe885076265ce5c927f138b8831a62f1802ca4c431e05f6ecf7e867d80; exactTagIdentitySha256=cb17cf818e0e02520b713930517e5a967d017f52c1f9db3d350574a06d346a97; runtime reachability unresolved; placement and bounds unresolved; renderer suitability unresolved
swf-definition-00396,167,,shape,source-assets/flash/HELP MATH_ORIGINAL FILES/HELP_COURSES/ELMGR5/L5/TI/L5TI02.swf,,,ce6a30e0f2cbe3502bee776b6ccba484660d611fbc2b9da75a383cbc5cfe724d,DefineShape2,,,none; machine census only; no renderer export,machine-extracted-definition-candidate,owner-provided SWF,container=root; definitionDepth=0; tagOrdinal=396; payloadBytes=340; rawTagPayloadSha256=ce6a30e0f2cbe3502bee776b6ccba484660d611fbc2b9da75a383cbc5cfe724d; exactTagIdentitySha256=285b3b2f1f20a3f501896b4ef74c4755c07c1f50321f8aa4a83a72b6a812c900; runtime reachability unresolved; placement and bounds unresolved; renderer suitability unresolved
swf-definition-00397,168,,shape,source-assets/flash/HELP MATH_ORIGINAL FILES/HELP_COURSES/ELMGR5/L5/TI/L5TI02.swf,,,3da473ef53f6421bc0273bf44eac3ba51c9972c034bb34afa65b7246d5d6bd1a,DefineShape,,,none; machine census only; no renderer export,machine-extracted-definition-candidate,owner-provided SWF,container=root; definitionDepth=0; tagOrdinal=397; payloadBytes=34; rawTagPayloadSha256=3da473ef53f6421bc0273bf44eac3ba51c9972c034bb34afa65b7246d5d6bd1a; exactTagIdentitySha256=769a5e93faff16b8b7e8b51377d1b7df23bd14e4b1d9fe71fa8db7eb36d40bc3; runtime reachability unresolved; placement and bounds unresolved; renderer suitability unresolved
swf-definition-00398,169,,sprite,source-assets/flash/HELP MATH_ORIGINAL FILES/HELP_COURSES/ELMGR5/L5/TI/L5TI02.swf,,,a02373aaf65cc8c23c63b0f55ee0e5e70cbe4b118bc47800f016b9041c0b03d0,DefineSprite,,,none; machine census only; no renderer export,machine-extracted-definition-candidate,owner-provided SWF,container=root; definitionDepth=0; tagOrdinal=398; payloadBytes=2040; rawTagPayloadSha256=a02373aaf65cc8c23c63b0f55ee0e5e70cbe4b118bc47800f016b9041c0b03d0; exactTagIdentitySha256=2b4968a056d7ebd04a340ef74eaaf8c4321b8e120efe11b3088e05c2e0fc3009; declaredFrameCount=5; runtime reachability unresolved; placement and bounds unresolved; renderer suitability unresolved
swf-definition-00413,170,,button,source-assets/flash/HELP MATH_ORIGINAL FILES/HELP_COURSES/ELMGR5/L5/TI/L5TI02.swf,,,3606b5803ce268fb8a7fda100b3c82c5e4058d586f8b78d05b7e0d67fcc39766,DefineButton2,,,none; machine census only; no renderer export,machine-extracted-definition-candidate,owner-provided SWF,container=root; definitionDepth=0; tagOrdinal=413; payloadBytes=380; rawTagPayloadSha256=3606b5803ce268fb8a7fda100b3c82c5e4058d586f8b78d05b7e0d67fcc39766; exactTagIdentitySha256=d566e8cbd7e727d4e9fbe14b7cce8160be7062e81d7ec698e0a1980050e38302; runtime reachability unresolved; placement and bounds unresolved; renderer suitability unresolved
swf-definition-00414,171,,shape,source-assets/flash/HELP MATH_ORIGINAL FILES/HELP_COURSES/ELMGR5/L5/TI/L5TI02.swf,,,faf801c362b7c25368a291ed7052fdc22844b5e83a5b11219b134deac2d1e037,DefineShape2,,,none; machine census only; no renderer export,machine-extracted-definition-candidate,owner-provided SWF,container=root; definitionDepth=0; tagOrdinal=414; payloadBytes=333; rawTagPayloadSha256=faf801c362b7c25368a291ed7052fdc22844b5e83a5b11219b134deac2d1e037; exactTagIdentitySha256=66022d77ceab731b24c37e6ef9c5f91a18d855cfee139b28e5cb9d5bbf770056; runtime reachability unresolved; placement and bounds unresolved; renderer suitability unresolved
swf-definition-00415,172,,shape,source-assets/flash/HELP MATH_ORIGINAL FILES/HELP_COURSES/ELMGR5/L5/TI/L5TI02.swf,,,d4d6be20d3f003fcdf425766e8da0f6db93249bf2eb26508969b804bd85b6d17,DefineShape,,,none; machine census only; no renderer export,machine-extracted-definition-candidate,owner-provided SWF,container=root; definitionDepth=0; tagOrdinal=415; payloadBytes=123; rawTagPayloadSha256=d4d6be20d3f003fcdf425766e8da0f6db93249bf2eb26508969b804bd85b6d17; exactTagIdentitySha256=1e06aead1545520a28e08585b7551137fb26752d8f55e35f2d92b64b33d9af2f; runtime reachability unresolved; placement and bounds unresolved; renderer suitability unresolved
swf-definition-00416,173,,sprite,source-assets/flash/HELP MATH_ORIGINAL FILES/HELP_COURSES/ELMGR5/L5/TI/L5TI02.swf,,,613783c21a24f0efe04ac39575093ed518c4ec16a4d68a1729f5f847fe0881e1,DefineSprite,,,none; machine census only; no renderer export,machine-extracted-definition-candidate,owner-provided SWF,container=root; definitionDepth=0; tagOrdinal=416; payloadBytes=371; rawTagPayloadSha256=613783c21a24f0efe04ac39575093ed518c4ec16a4d68a1729f5f847fe0881e1; exactTagIdentitySha256=7fd4f3fee84219fafcaefe666627df55f8bd304beafb3d5d0fffa4316ddf9c3e; declaredFrameCount=2; runtime reachability unresolved; placement and bounds unresolved; renderer suitability unresolved
swf-definition-00442,174,,button,source-assets/flash/HELP MATH_ORIGINAL FILES/HELP_COURSES/ELMGR5/L5/TI/L5TI02.swf,,,dbe1ccef7b17636cc2d449bb81540fc5fe7c30f7d4ea48727931916cd5c51bac,DefineButton2,,,none; machine census only; no renderer export,machine-extracted-definition-candidate,owner-provided SWF,container=root; definitionDepth=0; tagOrdinal=442; payloadBytes=93; rawTagPayloadSha256=dbe1ccef7b17636cc2d449bb81540fc5fe7c30f7d4ea48727931916cd5c51bac; exactTagIdentitySha256=51f1203a35e436514798be455b383aaa4199fff14b9ccc5bfd78b952de401871; runtime reachability unresolved; placement and bounds unresolved; renderer suitability unresolved
swf-definition-00443,175,,shape,source-assets/flash/HELP MATH_ORIGINAL FILES/HELP_COURSES/ELMGR5/L5/TI/L5TI02.swf,,,296ee981be7627fe5514ce0ca0119c09c7640e47c81d7758850bda4b092b5812,DefineShape2,,,none; machine census only; no renderer export,machine-extracted-definition-candidate,owner-provided SWF,container=root; definitionDepth=0; tagOrdinal=443; payloadBytes=260; rawTagPayloadSha256=296ee981be7627fe5514ce0ca0119c09c7640e47c81d7758850bda4b092b5812; exactTagIdentitySha256=8dea3cb2d5335e8be6324564ff1459d9c8a0ce1f368e9842d8368594b9ec03b7; runtime reachability unresolved; placement and bounds unresolved; renderer suitability unresolved
swf-definition-00444,176,,sprite,source-assets/flash/HELP MATH_ORIGINAL FILES/HELP_COURSES/ELMGR5/L5/TI/L5TI02.swf,,,858f6b92d22ce714c2cd73d7418a4a97cb81536eb6f87af738bdc6ff51d1f363,DefineSprite,,,none; machine census only; no renderer export,machine-extracted-definition-candidate,owner-provided SWF,container=root; definitionDepth=0; tagOrdinal=444; payloadBytes=329; rawTagPayloadSha256=858f6b92d22ce714c2cd73d7418a4a97cb81536eb6f87af738bdc6ff51d1f363; exactTagIdentitySha256=ad3d821f92356eaf2aae287db1f35c18611764c84571b2839f8e8bdc061f1c28; declaredFrameCount=2; runtime reachability unresolved; placement and bounds unresolved; renderer suitability unresolved
swf-definition-00467,177,,button,source-assets/flash/HELP MATH_ORIGINAL FILES/HELP_COURSES/ELMGR5/L5/TI/L5TI02.swf,,,2d57ffa609b408be07c5eb8039d106b305b7933cee289044abcbf1cf23d1aa9b,DefineButton2,,,none; machine census only; no renderer export,machine-extracted-definition-candidate,owner-provided SWF,container=root; definitionDepth=0; tagOrdinal=467; payloadBytes=85; rawTagPayloadSha256=2d57ffa609b408be07c5eb8039d106b305b7933cee289044abcbf1cf23d1aa9b; exactTagIdentitySha256=0626f58efdb3b58a8601ae5c45417dc4b3ba9d7a94c02bbd84bfa5d84b3296ac; runtime reachability unresolved; placement and bounds unresolved; renderer suitability unresolved
swf-definition-00468,178,,shape,source-assets/flash/HELP MATH_ORIGINAL FILES/HELP_COURSES/ELMGR5/L5/TI/L5TI02.swf,,,4e15ea906651bacd4665842797667373b2a55bfd11b54319c6888713e1f6d159,DefineShape2,,,none; machine census only; no renderer export,machine-extracted-definition-candidate,owner-provided SWF,container=root; definitionDepth=0; tagOrdinal=468; payloadBytes=111; rawTagPayloadSha256=4e15ea906651bacd4665842797667373b2a55bfd11b54319c6888713e1f6d159; exactTagIdentitySha256=b89e3d10f102a8c3e9ce7d27a4c311941155aa4865ef2f737414dc664c076339; runtime reachability unresolved; placement and bounds unresolved; renderer suitability unresolved
swf-definition-00469,179,,shape,source-assets/flash/HELP MATH_ORIGINAL FILES/HELP_COURSES/ELMGR5/L5/TI/L5TI02.swf,,,0d0bef0c51a95dc04e67425987b29c8f6ca70abad77b2d28e4adb1a3bf62e5c1,DefineShape2,,,none; machine census only; no renderer export,machine-extracted-definition-candidate,owner-provided SWF,container=root; definitionDepth=0; tagOrdinal=469; payloadBytes=90; rawTagPayloadSha256=0d0bef0c51a95dc04e67425987b29c8f6ca70abad77b2d28e4adb1a3bf62e5c1; exactTagIdentitySha256=a0d5e0a9078fcc4ee4e7dd17873d2116d0da770561b18d9b3019a41f76e9a737; runtime reachability unresolved; placement and bounds unresolved; renderer suitability unresolved
swf-definition-00470,180,,shape,source-assets/flash/HELP MATH_ORIGINAL FILES/HELP_COURSES/ELMGR5/L5/TI/L5TI02.swf,,,3fe0e07f11496d364571512504a02457e8095b5aa1f7b649f4b0c663f89c7e74,DefineShape2,,,none; machine census only; no renderer export,machine-extracted-definition-candidate,owner-provided SWF,container=root; definitionDepth=0; tagOrdinal=470; payloadBytes=90; rawTagPayloadSha256=3fe0e07f11496d364571512504a02457e8095b5aa1f7b649f4b0c663f89c7e74; exactTagIdentitySha256=7c885245a0a869cb3dedc4026ea05d4899b9cba5f5f179ff73234d15f71d9c90; runtime reachability unresolved; placement and bounds unresolved; renderer suitability unresolved
swf-definition-00471,181,,sprite,source-assets/flash/HELP MATH_ORIGINAL FILES/HELP_COURSES/ELMGR5/L5/TI/L5TI02.swf,,,16a903f107d3e45f0630452b7e4010b04b6dc19242cd9804310bedbfa10f68a8,DefineSprite,,,none; machine census only; no renderer export,machine-extracted-definition-candidate,owner-provided SWF,container=root; definitionDepth=0; tagOrdinal=471; payloadBytes=133; rawTagPayloadSha256=16a903f107d3e45f0630452b7e4010b04b6dc19242cd9804310bedbfa10f68a8; exactTagIdentitySha256=f6f0cd2abb187b164a4b69dd78a3705a256c6d72b0f67fbe511fca63cfbe71d3; declaredFrameCount=2; runtime reachability unresolved; placement and bounds unresolved; renderer suitability unresolved
swf-definition-00485,182,,morph,source-assets/flash/HELP MATH_ORIGINAL FILES/HELP_COURSES/ELMGR5/L5/TI/L5TI02.swf,,,b3373f3e945a1cafca94b10ced8e071ab541d397cf312c7ca0707a04af156ae1,DefineMorphShape,,,none; machine census only; no renderer export,machine-extracted-definition-candidate,owner-provided SWF,container=root; definitionDepth=0; tagOrdinal=485; payloadBytes=204; rawTagPayloadSha256=b3373f3e945a1cafca94b10ced8e071ab541d397cf312c7ca0707a04af156ae1; exactTagIdentitySha256=f7beb4f47ba9139061b22bf53aeb163da5bd9330d8ebdb155fc9e3f613c3f004; runtime reachability unresolved; placement and bounds unresolved; renderer suitability unresolved
swf-definition-00486,183,,morph,source-assets/flash/HELP MATH_ORIGINAL FILES/HELP_COURSES/ELMGR5/L5/TI/L5TI02.swf,,,0e1f3feef0da2301f2714653209498608726bc68f49150f355278c6eca4dc0cc,DefineMorphShape,,,none; machine census only; no renderer export,machine-extracted-definition-candidate,owner-provided SWF,container=root; definitionDepth=0; tagOrdinal=486; payloadBytes=169; rawTagPayloadSha256=0e1f3feef0da2301f2714653209498608726bc68f49150f355278c6eca4dc0cc; exactTagIdentitySha256=37d7bff85ee3aa3993f3161a123d824f87378768fac32724795072d90eb78004; runtime reachability unresolved; placement and bounds unresolved; renderer suitability unresolved
swf-definition-00487,184,,morph,source-assets/flash/HELP MATH_ORIGINAL FILES/HELP_COURSES/ELMGR5/L5/TI/L5TI02.swf,,,6aafe01b169f64e31d84b9ea3ad7abab6b6de6d3b10b014c6231752f1c4810bf,DefineMorphShape,,,none; machine census only; no renderer export,machine-extracted-definition-candidate,owner-provided SWF,container=root; definitionDepth=0; tagOrdinal=487; payloadBytes=179; rawTagPayloadSha256=6aafe01b169f64e31d84b9ea3ad7abab6b6de6d3b10b014c6231752f1c4810bf; exactTagIdentitySha256=f572ac97f68105e57d703f650650c0a9778a0cdca5ea1804206e3bd38bfdb4f0; runtime reachability unresolved; placement and bounds unresolved; renderer suitability unresolved
swf-definition-00488,185,,morph,source-assets/flash/HELP MATH_ORIGINAL FILES/HELP_COURSES/ELMGR5/L5/TI/L5TI02.swf,,,9892c24a075fc5b126fa36fdee6b69638da0064d89aaf5e4428db7c8496a6528,DefineMorphShape,,,none; machine census only; no renderer export,machine-extracted-definition-candidate,owner-provided SWF,container=root; definitionDepth=0; tagOrdinal=488; payloadBytes=170; rawTagPayloadSha256=9892c24a075fc5b126fa36fdee6b69638da0064d89aaf5e4428db7c8496a6528; exactTagIdentitySha256=54eaab8ae895dc1e375b2748448b702f0792eb0a8bc7e518817b683a8d6b94b1; runtime reachability unresolved; placement and bounds unresolved; renderer suitability unresolved
swf-definition-00489,186,,morph,source-assets/flash/HELP MATH_ORIGINAL FILES/HELP_COURSES/ELMGR5/L5/TI/L5TI02.swf,,,b11c35efa6d31312b79efd1dde352eaaee9ae4b5a5ca0d6919d2db49298608e2,DefineMorphShape,,,none; machine census only; no renderer export,machine-extracted-definition-candidate,owner-provided SWF,container=root; definitionDepth=0; tagOrdinal=489; payloadBytes=172; rawTagPayloadSha256=b11c35efa6d31312b79efd1dde352eaaee9ae4b5a5ca0d6919d2db49298608e2; exactTagIdentitySha256=7a14a922e7505afd1fd0360018278b24568284c0f0519349a904879071dd9826; runtime reachability unresolved; placement and bounds unresolved; renderer suitability unresolved
swf-definition-00490,187,,morph,source-assets/flash/HELP MATH_ORIGINAL FILES/HELP_COURSES/ELMGR5/L5/TI/L5TI02.swf,,,30309e6d7de87654934f84635c6c12cce9c2a09e4eb6d39ab9639ce9e9caa01c,DefineMorphShape,,,none; machine census only; no renderer export,machine-extracted-definition-candidate,owner-provided SWF,container=root; definitionDepth=0; tagOrdinal=490; payloadBytes=187; rawTagPayloadSha256=30309e6d7de87654934f84635c6c12cce9c2a09e4eb6d39ab9639ce9e9caa01c; exactTagIdentitySha256=056f38373c29d3f84e631024e74b5357fc5b4d7e89f0db5e276426313b88c62a; runtime reachability unresolved; placement and bounds unresolved; renderer suitability unresolved
swf-definition-00491,188,,morph,source-assets/flash/HELP MATH_ORIGINAL FILES/HELP_COURSES/ELMGR5/L5/TI/L5TI02.swf,,,a3b25ec975a94d305d9fa34d3e2ab9e52aad92da1c849398985fc10d3ef31a1a,DefineMorphShape,,,none; machine census only; no renderer export,machine-extracted-definition-candidate,owner-provided SWF,container=root; definitionDepth=0; tagOrdinal=491; payloadBytes=315; rawTagPayloadSha256=a3b25ec975a94d305d9fa34d3e2ab9e52aad92da1c849398985fc10d3ef31a1a; exactTagIdentitySha256=e9b89c8458e08681dc29568cbc5bffa8564df4dba1733295324118e186b63939; runtime reachability unresolved; placement and bounds unresolved; renderer suitability unresolved
swf-definition-00492,189,,morph,source-assets/flash/HELP MATH_ORIGINAL FILES/HELP_COURSES/ELMGR5/L5/TI/L5TI02.swf,,,e867cf58af8909cda47e247977ad2b2d65e3d484bbbbf9a14ce0b677eeae1f31,DefineMorphShape,,,none; machine census only; no renderer export,machine-extracted-definition-candidate,owner-provided SWF,container=root; definitionDepth=0; tagOrdinal=492; payloadBytes=315; rawTagPayloadSha256=e867cf58af8909cda47e247977ad2b2d65e3d484bbbbf9a14ce0b677eeae1f31; exactTagIdentitySha256=cb31d3bb3c6de1df2e880c39c72b00238be93be7007eab6fef881ecc7bc9f17d; runtime reachability unresolved; placement and bounds unresolved; renderer suitability unresolved
swf-definition-00493,190,,morph,source-assets/flash/HELP MATH_ORIGINAL FILES/HELP_COURSES/ELMGR5/L5/TI/L5TI02.swf,,,dbb6936cbf327635945c4dba60c955baad6c8a68857be6097ebed9e075cc1c80,DefineMorphShape,,,none; machine census only; no renderer export,machine-extracted-definition-candidate,owner-provided SWF,container=root; definitionDepth=0; tagOrdinal=493; payloadBytes=205; rawTagPayloadSha256=dbb6936cbf327635945c4dba60c955baad6c8a68857be6097ebed9e075cc1c80; exactTagIdentitySha256=6f854f8ffa3c9c7c419e763d3dfa7b23b8668df4c02f9720e7adb48c87d5d0b8; runtime reachability unresolved; placement and bounds unresolved; renderer suitability unresolved
swf-definition-00494,191,,morph,source-assets/flash/HELP MATH_ORIGINAL FILES/HELP_COURSES/ELMGR5/L5/TI/L5TI02.swf,,,002253bb42d12844f566197010a02ee371510fbba4bb5edabb6fa4086c52bc85,DefineMorphShape,,,none; machine census only; no renderer export,machine-extracted-definition-candidate,owner-provided SWF,container=root; definitionDepth=0; tagOrdinal=494; payloadBytes=168; rawTagPayloadSha256=002253bb42d12844f566197010a02ee371510fbba4bb5edabb6fa4086c52bc85; exactTagIdentitySha256=97ff5e702c101569f1077c501e55ec2075e2d056e7988535d83ae4887b3739cf; runtime reachability unresolved; placement and bounds unresolved; renderer suitability unresolved
swf-definition-00495,192,,morph,source-assets/flash/HELP MATH_ORIGINAL FILES/HELP_COURSES/ELMGR5/L5/TI/L5TI02.swf,,,82f3e068d4f3082a3fe15240b24bef0529617a63078db39d5324c0894ed4d7a6,DefineMorphShape,,,none; machine census only; no renderer export,machine-extracted-definition-candidate,owner-provided SWF,container=root; definitionDepth=0; tagOrdinal=495; payloadBytes=170; rawTagPayloadSha256=82f3e068d4f3082a3fe15240b24bef0529617a63078db39d5324c0894ed4d7a6; exactTagIdentitySha256=944a68e858c72374c198b783a1499f00cc6b3b5b4918a31c2e96a9d8138b5529; runtime reachability unresolved; placement and bounds unresolved; renderer suitability unresolved
swf-definition-00496,193,,morph,source-assets/flash/HELP MATH_ORIGINAL FILES/HELP_COURSES/ELMGR5/L5/TI/L5TI02.swf,,,b73cf272d7e87ecd967c4587642d9b8422c9a815e83eaca7cb264c73baa09202,DefineMorphShape,,,none; machine census only; no renderer export,machine-extracted-definition-candidate,owner-provided SWF,container=root; definitionDepth=0; tagOrdinal=496; payloadBytes=326; rawTagPayloadSha256=b73cf272d7e87ecd967c4587642d9b8422c9a815e83eaca7cb264c73baa09202; exactTagIdentitySha256=3197b831dc231956bd5adb53abcbadb7ba65a56d1dd9b3f7d345d15143d9d72e; runtime reachability unresolved; placement and bounds unresolved; renderer suitability unresolved
swf-definition-00497,194,,morph,source-assets/flash/HELP MATH_ORIGINAL FILES/HELP_COURSES/ELMGR5/L5/TI/L5TI02.swf,,,58e9e480c34010aed427708e48c154fa7a3de312fa63d3450c7546a40a75f9f4,DefineMorphShape,,,none; machine census only; no renderer export,machine-extracted-definition-candidate,owner-provided SWF,container=root; definitionDepth=0; tagOrdinal=497; payloadBytes=315; rawTagPayloadSha256=58e9e480c34010aed427708e48c154fa7a3de312fa63d3450c7546a40a75f9f4; exactTagIdentitySha256=2da58d4329125a557cdb6674262265a19d04b53c14ef924c559df0c990a58ba0; runtime reachability unresolved; placement and bounds unresolved; renderer suitability unresolved
swf-definition-00498,195,,morph,source-assets/flash/HELP MATH_ORIGINAL FILES/HELP_COURSES/ELMGR5/L5/TI/L5TI02.swf,,,35294b5180349c114a4e03f10bbb9fc71da59dcd99e56ed84b3280dbbf5f3804,DefineMorphShape,,,none; machine census only; no renderer export,machine-extracted-definition-candidate,owner-provided SWF,container=root; definitionDepth=0; tagOrdinal=498; payloadBytes=168; rawTagPayloadSha256=35294b5180349c114a4e03f10bbb9fc71da59dcd99e56ed84b3280dbbf5f3804; exactTagIdentitySha256=bdb982a15d73b77d064486bf9a15228daba44635a2c322ed09cdac15a9dade7b; runtime reachability unresolved; placement and bounds unresolved; renderer suitability unresolved
swf-definition-00499,196,,morph,source-assets/flash/HELP MATH_ORIGINAL FILES/HELP_COURSES/ELMGR5/L5/TI/L5TI02.swf,,,d0a83f70d3100f2358588cf34b3303b31c2a6daae6497c397841aabe409f1883,DefineMorphShape,,,none; machine census only; no renderer export,machine-extracted-definition-candidate,owner-provided SWF,container=root; definitionDepth=0; tagOrdinal=499; payloadBytes=178; rawTagPayloadSha256=d0a83f70d3100f2358588cf34b3303b31c2a6daae6497c397841aabe409f1883; exactTagIdentitySha256=2f1a7395f51bc5a0f5828080cd06a8fded426ee4e699d295748f5f49cdb39b95; runtime reachability unresolved; placement and bounds unresolved; renderer suitability unresolved
swf-definition-00500,197,,morph,source-assets/flash/HELP MATH_ORIGINAL FILES/HELP_COURSES/ELMGR5/L5/TI/L5TI02.swf,,,526d5d03f2ca2784923a7ad5c0cf8707ec7cf7a34c22b2699b7ba0f0432bc828,DefineMorphShape,,,none; machine census only; no renderer export,machine-extracted-definition-candidate,owner-provided SWF,container=root; definitionDepth=0; tagOrdinal=500; payloadBytes=170; rawTagPayloadSha256=526d5d03f2ca2784923a7ad5c0cf8707ec7cf7a34c22b2699b7ba0f0432bc828; exactTagIdentitySha256=78f29243a6af0376ff35e2f744af72c0bb5e756d7be6ba7142af7a8dd3833f2f; runtime reachability unresolved; placement and bounds unresolved; renderer suitability unresolved
swf-definition-00501,198,,shape,source-assets/flash/HELP MATH_ORIGINAL FILES/HELP_COURSES/ELMGR5/L5/TI/L5TI02.swf,,,af85e7c313c86ed8ba621660235339c4a992df6e13556c44fc2b201db4dd04e4,DefineShape3,,,none; machine census only; no renderer export,machine-extracted-definition-candidate,owner-provided SWF,container=root; definitionDepth=0; tagOrdinal=501; payloadBytes=81; rawTagPayloadSha256=af85e7c313c86ed8ba621660235339c4a992df6e13556c44fc2b201db4dd04e4; exactTagIdentitySha256=4bfa1613d7802d91b0093f93079c8d4e1a61f8aa006fd09cb16980d7b0808cfb; runtime reachability unresolved; placement and bounds unresolved; renderer suitability unresolved
swf-definition-00502,199,,morph,source-assets/flash/HELP MATH_ORIGINAL FILES/HELP_COURSES/ELMGR5/L5/TI/L5TI02.swf,,,150f80eabd548f0b7b0010ae1b4f773d22effed37175e499c26824aefab41aec,DefineMorphShape,,,none; machine census only; no renderer export,machine-extracted-definition-candidate,owner-provided SWF,container=root; definitionDepth=0; tagOrdinal=502; payloadBytes=186; rawTagPayloadSha256=150f80eabd548f0b7b0010ae1b4f773d22effed37175e499c26824aefab41aec; exactTagIdentitySha256=60099546f87786f620c81d94107df401f9b8b0acd6a630edc536714fac6b75fe; runtime reachability unresolved; placement and bounds unresolved; renderer suitability unresolved
swf-definition-00503,200,,shape,source-assets/flash/HELP MATH_ORIGINAL FILES/HELP_COURSES/ELMGR5/L5/TI/L5TI02.swf,,,ebbd2ab6b7915c18ea8ab054da49f8bd688ecab30b9ba23a28dda4a4a86b4f57,DefineShape3,,,none; machine census only; no renderer export,machine-extracted-definition-candidate,owner-provided SWF,container=root; definitionDepth=0; tagOrdinal=503; payloadBytes=152; rawTagPayloadSha256=ebbd2ab6b7915c18ea8ab054da49f8bd688ecab30b9ba23a28dda4a4a86b4f57; exactTagIdentitySha256=caa14c02432b6ac5240a87f1c178ef4534dc4e5fc63694b067844358505086b2; runtime reachability unresolved; placement and bounds unresolved; renderer suitability unresolved
swf-definition-00504,201,,morph,source-assets/flash/HELP MATH_ORIGINAL FILES/HELP_COURSES/ELMGR5/L5/TI/L5TI02.swf,,,3e646897ddada2e28998e52c101aa5a4e00ddd3c63062858af5e6b5fded4979c,DefineMorphShape,,,none; machine census only; no renderer export,machine-extracted-definition-candidate,owner-provided SWF,container=root; definitionDepth=0; tagOrdinal=504; payloadBytes=194; rawTagPayloadSha256=3e646897ddada2e28998e52c101aa5a4e00ddd3c63062858af5e6b5fded4979c; exactTagIdentitySha256=8c394aa3f4b640269d5dca0dbc7f00d48f3995738bafe4c34197d52305fce1e6; runtime reachability unresolved; placement and bounds unresolved; renderer suitability unresolved
swf-definition-00505,202,,morph,source-assets/flash/HELP MATH_ORIGINAL FILES/HELP_COURSES/ELMGR5/L5/TI/L5TI02.swf,,,97690efc99f67e44f11bd135b00d4cb0a831b860621581fa0144893b3abee6ca,DefineMorphShape,,,none; machine census only; no renderer export,machine-extracted-definition-candidate,owner-provided SWF,container=root; definitionDepth=0; tagOrdinal=505; payloadBytes=172; rawTagPayloadSha256=97690efc99f67e44f11bd135b00d4cb0a831b860621581fa0144893b3abee6ca; exactTagIdentitySha256=b719fafb3f21915abd31e4639884cd27023027e06675757f6f960f5fe0ec6f96; runtime reachability unresolved; placement and bounds unresolved; renderer suitability unresolved
swf-definition-00506,203,,morph,source-assets/flash/HELP MATH_ORIGINAL FILES/HELP_COURSES/ELMGR5/L5/TI/L5TI02.swf,,,94dddf1b46ae75a5b1b393d161112f3e832ae56fe4ca42f79daeba1f9b781b42,DefineMorphShape,,,none; machine census only; no renderer export,machine-extracted-definition-candidate,owner-provided SWF,container=root; definitionDepth=0; tagOrdinal=506; payloadBytes=334; rawTagPayloadSha256=94dddf1b46ae75a5b1b393d161112f3e832ae56fe4ca42f79daeba1f9b781b42; exactTagIdentitySha256=c82918eb5b2dfaa27cbcd367887853168a98141d6368663ddd4c359c0c17f81b; runtime reachability unresolved; placement and bounds unresolved; renderer suitability unresolved
swf-definition-00507,204,,morph,source-assets/flash/HELP MATH_ORIGINAL FILES/HELP_COURSES/ELMGR5/L5/TI/L5TI02.swf,,,5963c8f6d3c251cfb32a613128dfa27be9a0e97e7e967c3e3506311ab392d903,DefineMorphShape,,,none; machine census only; no renderer export,machine-extracted-definition-candidate,owner-provided SWF,container=root; definitionDepth=0; tagOrdinal=507; payloadBytes=167; rawTagPayloadSha256=5963c8f6d3c251cfb32a613128dfa27be9a0e97e7e967c3e3506311ab392d903; exactTagIdentitySha256=0b4d3fa2580331c552a45cb9e03340afc5d5c203c8c4a5713ab9b476f77f09ba; runtime reachability unresolved; placement and bounds unresolved; renderer suitability unresolved
swf-definition-00508,205,,morph,source-assets/flash/HELP MATH_ORIGINAL FILES/HELP_COURSES/ELMGR5/L5/TI/L5TI02.swf,,,51b20474dfeafcf781aa80bb9e744a8740398cf24700e35d7bf7f62d6b7f64aa,DefineMorphShape,,,none; machine census only; no renderer export,machine-extracted-definition-candidate,owner-provided SWF,container=root; definitionDepth=0; tagOrdinal=508; payloadBytes=169; rawTagPayloadSha256=51b20474dfeafcf781aa80bb9e744a8740398cf24700e35d7bf7f62d6b7f64aa; exactTagIdentitySha256=3be10d18fe915667f0530909ac95dc361b5533ce2d7775ec758b93fa74454d74; runtime reachability unresolved; placement and bounds unresolved; renderer suitability unresolved
swf-definition-00509,206,,shape,source-assets/flash/HELP MATH_ORIGINAL FILES/HELP_COURSES/ELMGR5/L5/TI/L5TI02.swf,,,0b9b7e1e5c33dd0311119c01c80171812212869a757df1f8aa24f59be6c5d57f,DefineShape3,,,none; machine census only; no renderer export,machine-extracted-definition-candidate,owner-provided SWF,container=root; definitionDepth=0; tagOrdinal=509; payloadBytes=138; rawTagPayloadSha256=0b9b7e1e5c33dd0311119c01c80171812212869a757df1f8aa24f59be6c5d57f; exactTagIdentitySha256=5628d6e773b8b1b536959ff2e0a2aa407dbb2a571d801458445af913922b34e1; runtime reachability unresolved; placement and bounds unresolved; renderer suitability unresolved
swf-definition-00510,207,,shape,source-assets/flash/HELP MATH_ORIGINAL FILES/HELP_COURSES/ELMGR5/L5/TI/L5TI02.swf,,,224e27d285660bc90432359d3f8c858699a9a3011373a1355906ca7b1c015114,DefineShape3,,,none; machine census only; no renderer export,machine-extracted-definition-candidate,owner-provided SWF,container=root; definitionDepth=0; tagOrdinal=510; payloadBytes=142; rawTagPayloadSha256=224e27d285660bc90432359d3f8c858699a9a3011373a1355906ca7b1c015114; exactTagIdentitySha256=995ce19e04cf0a936479bca956aa23791354555dd3f46a3902efd48ab19ecac7; runtime reachability unresolved; placement and bounds unresolved; renderer suitability unresolved
swf-definition-00511,208,Performa Black SSi,font,source-assets/flash/HELP MATH_ORIGINAL FILES/HELP_COURSES/ELMGR5/L5/TI/L5TI02.swf,,,7dea383ee1c83ec429d2a209579479bc6ba9d4488c762f77af6bf83242fbf4cb,DefineFont2,,7,none; machine census only; no renderer export,machine-extracted-definition-candidate,owner-provided SWF,container=root; definitionDepth=0; tagOrdinal=511; payloadBytes=587; rawTagPayloadSha256=7dea383ee1c83ec429d2a209579479bc6ba9d4488c762f77af6bf83242fbf4cb; exactTagIdentitySha256=deb1581021fa30d9e4371df212bc2c1dfdce35cece8819b45e7b81415e44621a; runtime reachability unresolved; placement and bounds unresolved; renderer suitability unresolved
swf-definition-00513,209,,text,source-assets/flash/HELP MATH_ORIGINAL FILES/HELP_COURSES/ELMGR5/L5/TI/L5TI02.swf,,,05df45352d9378b3f2e4533f73b5b84e924606e1c0408a51ed6143c5cc3f0054,DefineText,,,none; machine census only; no renderer export,machine-extracted-definition-candidate,owner-provided SWF,container=root; definitionDepth=0; tagOrdinal=513; payloadBytes=39; rawTagPayloadSha256=05df45352d9378b3f2e4533f73b5b84e924606e1c0408a51ed6143c5cc3f0054; exactTagIdentitySha256=31f3230271de50ec8b020982a503b8f957179547af2bd6fffa1a3bd35805cc6c; runtime reachability unresolved; placement and bounds unresolved; renderer suitability unresolved
swf-definition-00514,210,,text,source-assets/flash/HELP MATH_ORIGINAL FILES/HELP_COURSES/ELMGR5/L5/TI/L5TI02.swf,,,f96894aa36126e443ee3220b6aabf7f9bde66ec36121f6b55a06bd0417bba094,DefineText,,,none; machine census only; no renderer export,machine-extracted-definition-candidate,owner-provided SWF,container=root; definitionDepth=0; tagOrdinal=514; payloadBytes=39; rawTagPayloadSha256=f96894aa36126e443ee3220b6aabf7f9bde66ec36121f6b55a06bd0417bba094; exactTagIdentitySha256=e71e50b362874b1c86a6b57b5734680de7d7b9d27e1fc2e38fa2b7f7e25d31f4; runtime reachability unresolved; placement and bounds unresolved; renderer suitability unresolved
swf-definition-00515,211,,text,source-assets/flash/HELP MATH_ORIGINAL FILES/HELP_COURSES/ELMGR5/L5/TI/L5TI02.swf,,,3488567de79b4681270fd7f89750ac8dd5a7997f4932bc67a599e46df7b3f302,DefineText,,,none; machine census only; no renderer export,machine-extracted-definition-candidate,owner-provided SWF,container=root; definitionDepth=0; tagOrdinal=515; payloadBytes=39; rawTagPayloadSha256=3488567de79b4681270fd7f89750ac8dd5a7997f4932bc67a599e46df7b3f302; exactTagIdentitySha256=34a842fde6f08b3c0a59c806ee47aa4d1b07d00db89241cd43c4c7314a9bfef3; runtime reachability unresolved; placement and bounds unresolved; renderer suitability unresolved
swf-definition-00516,212,,morph,source-assets/flash/HELP MATH_ORIGINAL FILES/HELP_COURSES/ELMGR5/L5/TI/L5TI02.swf,,,7c73dae248833eae88c8adc9ed633999b2a9c4f07333919317b2d67e4ee8ad72,DefineMorphShape,,,none; machine census only; no renderer export,machine-extracted-definition-candidate,owner-provided SWF,container=root; definitionDepth=0; tagOrdinal=516; payloadBytes=95; rawTagPayloadSha256=7c73dae248833eae88c8adc9ed633999b2a9c4f07333919317b2d67e4ee8ad72; exactTagIdentitySha256=ddb295f9c58304b0d30545cc871c9c1ab3c2c000d28727165d043ed05a775a86; runtime reachability unresolved; placement and bounds unresolved; renderer suitability unresolved
swf-definition-00517,213,,morph,source-assets/flash/HELP MATH_ORIGINAL FILES/HELP_COURSES/ELMGR5/L5/TI/L5TI02.swf,,,d43e3de7aee4efdcccba55d8c8f99e9cac8542812aa02c5629b3dc47abd51d77,DefineMorphShape,,,none; machine census only; no renderer export,machine-extracted-definition-candidate,owner-provided SWF,container=root; definitionDepth=0; tagOrdinal=517; payloadBytes=274; rawTagPayloadSha256=d43e3de7aee4efdcccba55d8c8f99e9cac8542812aa02c5629b3dc47abd51d77; exactTagIdentitySha256=a9293b8ce7bd26ceb52f56da4f14a95865817e766d7d862b7c6ded105bdab32e; runtime reachability unresolved; placement and bounds unresolved; renderer suitability unresolved
swf-definition-00518,214,,shape,source-assets/flash/HELP MATH_ORIGINAL FILES/HELP_COURSES/ELMGR5/L5/TI/L5TI02.swf,,,9220db6ea6de1f37a848a862e3ccc47df5305019878337713ecb1a5056a613d7,DefineShape3,,,none; machine census only; no renderer export,machine-extracted-definition-candidate,owner-provided SWF,container=root; definitionDepth=0; tagOrdinal=518; payloadBytes=86; rawTagPayloadSha256=9220db6ea6de1f37a848a862e3ccc47df5305019878337713ecb1a5056a613d7; exactTagIdentitySha256=9fd1ce226545f1236eab93ad805b5a639ed2a0282e154288187c3bc77cb11a06; runtime reachability unresolved; placement and bounds unresolved; renderer suitability unresolved
swf-definition-00519,215,,sprite,source-assets/flash/HELP MATH_ORIGINAL FILES/HELP_COURSES/ELMGR5/L5/TI/L5TI02.swf,,,dcb91576de115ac5a1c2eae9c1faff0a3985317de9df8556dad6da7641f950b0,DefineSprite,,,none; machine census only; no renderer export,machine-extracted-definition-candidate,owner-provided SWF,container=root; definitionDepth=0; tagOrdinal=519; payloadBytes=13207; rawTagPayloadSha256=dcb91576de115ac5a1c2eae9c1faff0a3985317de9df8556dad6da7641f950b0; exactTagIdentitySha256=815b7eadd8cc4f9057fcc1181649820d39f906cafb8faaa7396dd388cdbcd290; declaredFrameCount=27; runtime reachability unresolved; placement and bounds unresolved; renderer suitability unresolved
swf-definition-00692,216,,bitmap,source-assets/flash/HELP MATH_ORIGINAL FILES/HELP_COURSES/ELMGR5/L5/TI/L5TI02.swf,,,a0088eeadb4fa3a4f1eb9b3c7e08c35807a7904045425f6b7e4d86f0e973c65b,DefineBitsJPEG3,,,none; machine census only; no renderer export,machine-extracted-definition-candidate,owner-provided SWF,container=root; definitionDepth=0; tagOrdinal=692; payloadBytes=11547; rawTagPayloadSha256=a0088eeadb4fa3a4f1eb9b3c7e08c35807a7904045425f6b7e4d86f0e973c65b; exactTagIdentitySha256=0746d5c033de3f68b5224605914e6aab502be60504b8249af6297cd9fb6bb65b; runtime reachability unresolved; placement and bounds unresolved; renderer suitability unresolved
swf-definition-00693,217,,shape,source-assets/flash/HELP MATH_ORIGINAL FILES/HELP_COURSES/ELMGR5/L5/TI/L5TI02.swf,,,92385c89f12e30310e9db2e1123baec59465612fadb6de9671e66189992f4188,DefineShape,,,none; machine census only; no renderer export,machine-extracted-definition-candidate,owner-provided SWF,container=root; definitionDepth=0; tagOrdinal=693; payloadBytes=51; rawTagPayloadSha256=92385c89f12e30310e9db2e1123baec59465612fadb6de9671e66189992f4188; exactTagIdentitySha256=7fe3f9fe6d1cb6d947bf607cea277683ef4ee9e7cf35128efd50afe0d2d5cecd; runtime reachability unresolved; placement and bounds unresolved; renderer suitability unresolved
swf-definition-00694,218,,bitmap,source-assets/flash/HELP MATH_ORIGINAL FILES/HELP_COURSES/ELMGR5/L5/TI/L5TI02.swf,,,48c12fe240dd67a8e38e97537e321d91f9c4fd376fd2d988a615714d2a324c07,DefineBitsJPEG3,,,none; machine census only; no renderer export,machine-extracted-definition-candidate,owner-provided SWF,container=root; definitionDepth=0; tagOrdinal=694; payloadBytes=104971; rawTagPayloadSha256=48c12fe240dd67a8e38e97537e321d91f9c4fd376fd2d988a615714d2a324c07; exactTagIdentitySha256=8a93713f91482e8b199d90d231546af4cb5c205bc947c20177c39ae468f383fc; runtime reachability unresolved; placement and bounds unresolved; renderer suitability unresolved
swf-definition-00695,219,,shape,source-assets/flash/HELP MATH_ORIGINAL FILES/HELP_COURSES/ELMGR5/L5/TI/L5TI02.swf,,,05318aa1873e240bffd1660caf236a0ce207decf6946587d409d7f94e809b9ce,DefineShape,,,none; machine census only; no renderer export,machine-extracted-definition-candidate,owner-provided SWF,container=root; definitionDepth=0; tagOrdinal=695; payloadBytes=53; rawTagPayloadSha256=05318aa1873e240bffd1660caf236a0ce207decf6946587d409d7f94e809b9ce; exactTagIdentitySha256=f51f44964c4ba406994821a239e183eb904df3f1851e7bb9828c339a71a60b9c; runtime reachability unresolved; placement and bounds unresolved; renderer suitability unresolved
swf-definition-00696,220,,bitmap,source-assets/flash/HELP MATH_ORIGINAL FILES/HELP_COURSES/ELMGR5/L5/TI/L5TI02.swf,,,43d1692dbc29094e147a4a2f21420d6f311a8e9d166350fd0274dadf9d1e91d9,DefineBitsJPEG3,,,none; machine census only; no renderer export,machine-extracted-definition-candidate,owner-provided SWF,container=root; definitionDepth=0; tagOrdinal=696; payloadBytes=96292; rawTagPayloadSha256=43d1692dbc29094e147a4a2f21420d6f311a8e9d166350fd0274dadf9d1e91d9; exactTagIdentitySha256=6fd082db647576fca7a89f887025ff9a3014e8689685e436b5d64979a881b9b5; runtime reachability unresolved; placement and bounds unresolved; renderer suitability unresolved
swf-definition-00697,221,,shape,source-assets/flash/HELP MATH_ORIGINAL FILES/HELP_COURSES/ELMGR5/L5/TI/L5TI02.swf,,,995710037a1fc023bc0e4079af9e350e384e4dc82af9eda88236f99170fcc5a8,DefineShape,,,none; machine census only; no renderer export,machine-extracted-definition-candidate,owner-provided SWF,container=root; definitionDepth=0; tagOrdinal=697; payloadBytes=53; rawTagPayloadSha256=995710037a1fc023bc0e4079af9e350e384e4dc82af9eda88236f99170fcc5a8; exactTagIdentitySha256=44228cd240c04e559d599cf4fb64083fc451443bea448cf5a5742782eaea8746; runtime reachability unresolved; placement and bounds unresolved; renderer suitability unresolved
swf-definition-00698,222,,shape,source-assets/flash/HELP MATH_ORIGINAL FILES/HELP_COURSES/ELMGR5/L5/TI/L5TI02.swf,,,b66c0920f105142035044b4863b8e454ee97fbd9e27eb8f2a7e418ff9a6a698b,DefineShape3,,,none; machine census only; no renderer export,machine-extracted-definition-candidate,owner-provided SWF,container=root; definitionDepth=0; tagOrdinal=698; payloadBytes=250; rawTagPayloadSha256=b66c0920f105142035044b4863b8e454ee97fbd9e27eb8f2a7e418ff9a6a698b; exactTagIdentitySha256=fa47019cc3bdf8d416efe1b33333b1a7186d20f918b36db2dc124c25dc6e9047; runtime reachability unresolved; placement and bounds unresolved; renderer suitability unresolved
swf-definition-00699,223,MicrogrammaDBolExt,font,source-assets/flash/HELP MATH_ORIGINAL FILES/HELP_COURSES/ELMGR5/L5/TI/L5TI02.swf,,,01412dd519624507cd17d5243958b130bb4d86f47a2b2312789d46f6fc6a67c1,DefineFont2,,8,none; machine census only; no renderer export,machine-extracted-definition-candidate,owner-provided SWF,container=root; definitionDepth=0; tagOrdinal=699; payloadBytes=570; rawTagPayloadSha256=01412dd519624507cd17d5243958b130bb4d86f47a2b2312789d46f6fc6a67c1; exactTagIdentitySha256=34cebae5486d8ca5d1933c3dd72422b7db249d19fb8aa875147efb0425963ced; runtime reachability unresolved; placement and bounds unresolved; renderer suitability unresolved
swf-definition-00701,224,,text,source-assets/flash/HELP MATH_ORIGINAL FILES/HELP_COURSES/ELMGR5/L5/TI/L5TI02.swf,,,9c59087e5d8f7a3d94a814bafe678ed4604eec17a7773a4e4638ed98c81ee691,DefineText,,,none; machine census only; no renderer export,machine-extracted-definition-candidate,owner-provided SWF,container=root; definitionDepth=0; tagOrdinal=701; payloadBytes=46; rawTagPayloadSha256=9c59087e5d8f7a3d94a814bafe678ed4604eec17a7773a4e4638ed98c81ee691; exactTagIdentitySha256=45a186fded79736e2ea3bf1fc0aebc1c0b96757e4b38062561fc7536ff6d4b09; runtime reachability unresolved; placement and bounds unresolved; renderer suitability unresolved
swf-definition-00702,225,,text,source-assets/flash/HELP MATH_ORIGINAL FILES/HELP_COURSES/ELMGR5/L5/TI/L5TI02.swf,,,e53731f69dca35b31933d359580329b0285ddfbeba942e69c6d15f81e0a5d882,DefineText,,,none; machine census only; no renderer export,machine-extracted-definition-candidate,owner-provided SWF,container=root; definitionDepth=0; tagOrdinal=702; payloadBytes=46; rawTagPayloadSha256=e53731f69dca35b31933d359580329b0285ddfbeba942e69c6d15f81e0a5d882; exactTagIdentitySha256=8404e0846b0dfe896a5525e0b6828d3a590efc9a228e41749ceda9ad6438c598; runtime reachability unresolved; placement and bounds unresolved; renderer suitability unresolved
swf-definition-00703,226,,shape,source-assets/flash/HELP MATH_ORIGINAL FILES/HELP_COURSES/ELMGR5/L5/TI/L5TI02.swf,,,ad3c3e5720c77b4b11b5f85cd41b0d6da2ef3526545829a5d25e56db3e2a49e4,DefineShape,,,none; machine census only; no renderer export,machine-extracted-definition-candidate,owner-provided SWF,container=root; definitionDepth=0; tagOrdinal=703; payloadBytes=53; rawTagPayloadSha256=ad3c3e5720c77b4b11b5f85cd41b0d6da2ef3526545829a5d25e56db3e2a49e4; exactTagIdentitySha256=17af225d5d23fe8f108a1f01206ba3a41767d8f18b7a78febc6113c66d7c4b91; runtime reachability unresolved; placement and bounds unresolved; renderer suitability unresolved
swf-definition-00704,227,,sprite,source-assets/flash/HELP MATH_ORIGINAL FILES/HELP_COURSES/ELMGR5/L5/TI/L5TI02.swf,,,f58ba29623bedb88bf77d646df57f31e83a43b31b68753089be4f51381691d46,DefineSprite,,,none; machine census only; no renderer export,machine-extracted-definition-candidate,owner-provided SWF,container=root; definitionDepth=0; tagOrdinal=704; payloadBytes=12062; rawTagPayloadSha256=f58ba29623bedb88bf77d646df57f31e83a43b31b68753089be4f51381691d46; exactTagIdentitySha256=9aa8bed7035d2ae8f4804aa0e2d60a9788b38caae4aa00d59424e5cabd570bd0; declaredFrameCount=27; runtime reachability unresolved; placement and bounds unresolved; renderer suitability unresolved
swf-definition-00808,228,,bitmap,source-assets/flash/HELP MATH_ORIGINAL FILES/HELP_COURSES/ELMGR5/L5/TI/L5TI02.swf,,,a4b31a27dd8e75234246937c363b7f86ca6e6f5181a4642f556efec74b1c53cf,DefineBitsJPEG3,,,none; machine census only; no renderer export,machine-extracted-definition-candidate,owner-provided SWF,container=root; definitionDepth=0; tagOrdinal=808; payloadBytes=5556; rawTagPayloadSha256=a4b31a27dd8e75234246937c363b7f86ca6e6f5181a4642f556efec74b1c53cf; exactTagIdentitySha256=c441cff13cddee2714b03c1bdd074ef08f79b93ccc9ea0b52b6eda09729ebbca; runtime reachability unresolved; placement and bounds unresolved; renderer suitability unresolved
swf-definition-00809,229,,shape,source-assets/flash/HELP MATH_ORIGINAL FILES/HELP_COURSES/ELMGR5/L5/TI/L5TI02.swf,,,ca9bacd7852ca9c3003bfd9d55e10f50b4fe5de4acfeb966f5000e5798cda9c3,DefineShape,,,none; machine census only; no renderer export,machine-extracted-definition-candidate,owner-provided SWF,container=root; definitionDepth=0; tagOrdinal=809; payloadBytes=52; rawTagPayloadSha256=ca9bacd7852ca9c3003bfd9d55e10f50b4fe5de4acfeb966f5000e5798cda9c3; exactTagIdentitySha256=cbb7b68bf325b71ebeaf0846932b3fe68f5b5f554ac97a2ae6dd6c959528bf16; runtime reachability unresolved; placement and bounds unresolved; renderer suitability unresolved
swf-definition-00810,230,,bitmap,source-assets/flash/HELP MATH_ORIGINAL FILES/HELP_COURSES/ELMGR5/L5/TI/L5TI02.swf,,,593af9ade3a09bcd22f00c18fdb93d057b25b3cfd1a230aff1f6af491c9a67ff,DefineBitsJPEG3,,,none; machine census only; no renderer export,machine-extracted-definition-candidate,owner-provided SWF,container=root; definitionDepth=0; tagOrdinal=810; payloadBytes=16430; rawTagPayloadSha256=593af9ade3a09bcd22f00c18fdb93d057b25b3cfd1a230aff1f6af491c9a67ff; exactTagIdentitySha256=017d75aad9e58faa534d0d5c00dba4c2c3c3d3244b902f0df5e88e6619cd0067; runtime reachability unresolved; placement and bounds unresolved; renderer suitability unresolved
swf-definition-00811,231,,shape,source-assets/flash/HELP MATH_ORIGINAL FILES/HELP_COURSES/ELMGR5/L5/TI/L5TI02.swf,,,65782b061e3a05c7d1ce5f1faef611dde89b92598867fa4c3ec4a257aef65dc7,DefineShape,,,none; machine census only; no renderer export,machine-extracted-definition-candidate,owner-provided SWF,container=root; definitionDepth=0; tagOrdinal=811; payloadBytes=52; rawTagPayloadSha256=65782b061e3a05c7d1ce5f1faef611dde89b92598867fa4c3ec4a257aef65dc7; exactTagIdentitySha256=dfbeb2343117db581e88a3b92d51c46576be708d9bd612882db0792b17fef44e; runtime reachability unresolved; placement and bounds unresolved; renderer suitability unresolved
swf-definition-00812,232,,bitmap,source-assets/flash/HELP MATH_ORIGINAL FILES/HELP_COURSES/ELMGR5/L5/TI/L5TI02.swf,,,de2964e65430b645bdd6cc74b9ed7fd2e14c6c416131d8629d12334638b0138c,DefineBitsJPEG3,,,none; machine census only; no renderer export,machine-extracted-definition-candidate,owner-provided SWF,container=root; definitionDepth=0; tagOrdinal=812; payloadBytes=31294; rawTagPayloadSha256=de2964e65430b645bdd6cc74b9ed7fd2e14c6c416131d8629d12334638b0138c; exactTagIdentitySha256=270da7a0b404c4539e2535e855204220741939def2fe5162c8edbfba4811acd4; runtime reachability unresolved; placement and bounds unresolved; renderer suitability unresolved
swf-definition-00813,233,,shape,source-assets/flash/HELP MATH_ORIGINAL FILES/HELP_COURSES/ELMGR5/L5/TI/L5TI02.swf,,,b554ce5faf0d35609bbd8314aae609fad355fb55cb8b4bf95167c78471d47f2d,DefineShape,,,none; machine census only; no renderer export,machine-extracted-definition-candidate,owner-provided SWF,container=root; definitionDepth=0; tagOrdinal=813; payloadBytes=54; rawTagPayloadSha256=b554ce5faf0d35609bbd8314aae609fad355fb55cb8b4bf95167c78471d47f2d; exactTagIdentitySha256=4aac4e3052e59d3ec6c0f981cee238728c9a1a2315b71a4247d60818bdbba455; runtime reachability unresolved; placement and bounds unresolved; renderer suitability unresolved
swf-definition-00814,234,,bitmap,source-assets/flash/HELP MATH_ORIGINAL FILES/HELP_COURSES/ELMGR5/L5/TI/L5TI02.swf,,,4506fb5ff4fba11bde1cdcaab3628e60d0f0c629d4b4d1b81c19c3e78f850fea,DefineBitsJPEG3,,,none; machine census only; no renderer export,machine-extracted-definition-candidate,owner-provided SWF,container=root; definitionDepth=0; tagOrdinal=814; payloadBytes=40576; rawTagPayloadSha256=4506fb5ff4fba11bde1cdcaab3628e60d0f0c629d4b4d1b81c19c3e78f850fea; exactTagIdentitySha256=f2605c0bca5377b59402b846b828f23f9a17dc15487b8aaee475dc3f15585358; runtime reachability unresolved; placement and bounds unresolved; renderer suitability unresolved
swf-definition-00815,235,,shape,source-assets/flash/HELP MATH_ORIGINAL FILES/HELP_COURSES/ELMGR5/L5/TI/L5TI02.swf,,,a12a66b76f0975834a5ac017967c47657dd6596c5fe8be711440b0a139537675,DefineShape,,,none; machine census only; no renderer export,machine-extracted-definition-candidate,owner-provided SWF,container=root; definitionDepth=0; tagOrdinal=815; payloadBytes=54; rawTagPayloadSha256=a12a66b76f0975834a5ac017967c47657dd6596c5fe8be711440b0a139537675; exactTagIdentitySha256=e4e79ef51cdaf5da90da7d55d20c7ea0dc20ed87fdf016a7895ad607f2a3cd27; runtime reachability unresolved; placement and bounds unresolved; renderer suitability unresolved
swf-definition-00816,236,,bitmap,source-assets/flash/HELP MATH_ORIGINAL FILES/HELP_COURSES/ELMGR5/L5/TI/L5TI02.swf,,,5313b2522982ba7d5aaa9c747064942625597485c7df612ed89825c62daaa696,DefineBitsJPEG3,,,none; machine census only; no renderer export,machine-extracted-definition-candidate,owner-provided SWF,container=root; definitionDepth=0; tagOrdinal=816; payloadBytes=38542; rawTagPayloadSha256=5313b2522982ba7d5aaa9c747064942625597485c7df612ed89825c62daaa696; exactTagIdentitySha256=1c37b93ecde9aedcb45fafd31d86d814e89d7f84930d112fcc6b792b9a1554fa; runtime reachability unresolved; placement and bounds unresolved; renderer suitability unresolved
swf-definition-00817,237,,shape,source-assets/flash/HELP MATH_ORIGINAL FILES/HELP_COURSES/ELMGR5/L5/TI/L5TI02.swf,,,de5e2b736d116b77e5a730602fbc75688586b1bcb4d1914953b88f28ae0dd527,DefineShape,,,none; machine census only; no renderer export,machine-extracted-definition-candidate,owner-provided SWF,container=root; definitionDepth=0; tagOrdinal=817; payloadBytes=54; rawTagPayloadSha256=de5e2b736d116b77e5a730602fbc75688586b1bcb4d1914953b88f28ae0dd527; exactTagIdentitySha256=332fa5dee17581d955719abda57f03aec8bea7a20adddd775a204e5c42aea3f0; runtime reachability unresolved; placement and bounds unresolved; renderer suitability unresolved
swf-definition-00818,238,,bitmap,source-assets/flash/HELP MATH_ORIGINAL FILES/HELP_COURSES/ELMGR5/L5/TI/L5TI02.swf,,,56ca29963518d465b2272be647621337015aa5fd73c635d987a1a513e0667359,DefineBitsJPEG3,,,none; machine census only; no renderer export,machine-extracted-definition-candidate,owner-provided SWF,container=root; definitionDepth=0; tagOrdinal=818; payloadBytes=41721; rawTagPayloadSha256=56ca29963518d465b2272be647621337015aa5fd73c635d987a1a513e0667359; exactTagIdentitySha256=7a5d66fc415073df32bf04da41e04b73d3444b1097968b99a60ee3f5645dd88a; runtime reachability unresolved; placement and bounds unresolved; renderer suitability unresolved
swf-definition-00819,239,,shape,source-assets/flash/HELP MATH_ORIGINAL FILES/HELP_COURSES/ELMGR5/L5/TI/L5TI02.swf,,,3b9a2f982c2e727f0e0a074bae9f2161f51ed39be034740a87762665bc0678ba,DefineShape,,,none; machine census only; no renderer export,machine-extracted-definition-candidate,owner-provided SWF,container=root; definitionDepth=0; tagOrdinal=819; payloadBytes=54; rawTagPayloadSha256=3b9a2f982c2e727f0e0a074bae9f2161f51ed39be034740a87762665bc0678ba; exactTagIdentitySha256=2ec59510efeb479c9de38825189b670b604358669a62b53b18fc9151a2975bb2; runtime reachability unresolved; placement and bounds unresolved; renderer suitability unresolved
swf-definition-00820,240,,bitmap,source-assets/flash/HELP MATH_ORIGINAL FILES/HELP_COURSES/ELMGR5/L5/TI/L5TI02.swf,,,537ac98d3998dec277ddc176bb775da25d92994da96946d8d8563facbb86f065,DefineBitsJPEG3,,,none; machine census only; no renderer export,machine-extracted-definition-candidate,owner-provided SWF,container=root; definitionDepth=0; tagOrdinal=820; payloadBytes=64051; rawTagPayloadSha256=537ac98d3998dec277ddc176bb775da25d92994da96946d8d8563facbb86f065; exactTagIdentitySha256=c5bfe1dcc96019c0473c7ca8320d7eae5a0a5f18669db8f9f49246c35dac183e; runtime reachability unresolved; placement and bounds unresolved; renderer suitability unresolved
swf-definition-00821,241,,shape,source-assets/flash/HELP MATH_ORIGINAL FILES/HELP_COURSES/ELMGR5/L5/TI/L5TI02.swf,,,a9cd3a4d5dbb498f50f2f3e90958736fd976cb5f1b6cf9318f10be4bf1b3c549,DefineShape,,,none; machine census only; no renderer export,machine-extracted-definition-candidate,owner-provided SWF,container=root; definitionDepth=0; tagOrdinal=821; payloadBytes=54; rawTagPayloadSha256=a9cd3a4d5dbb498f50f2f3e90958736fd976cb5f1b6cf9318f10be4bf1b3c549; exactTagIdentitySha256=9db1bd95696a37f147ef710fdb2de7c2f186758cb350e77ded1899ef7aa2b021; runtime reachability unresolved; placement and bounds unresolved; renderer suitability unresolved
swf-definition-00822,242,,bitmap,source-assets/flash/HELP MATH_ORIGINAL FILES/HELP_COURSES/ELMGR5/L5/TI/L5TI02.swf,,,ea3d3bdebb3689fb77a18181b41536acd5545c50af45675f0c01b54921c9f70a,DefineBitsJPEG3,,,none; machine census only; no renderer export,machine-extracted-definition-candidate,owner-provided SWF,container=root; definitionDepth=0; tagOrdinal=822; payloadBytes=24379; rawTagPayloadSha256=ea3d3bdebb3689fb77a18181b41536acd5545c50af45675f0c01b54921c9f70a; exactTagIdentitySha256=041b1bf969716359f87fd8cf87363878cdc7c0383c32a53eaf63c6414db8b1ef; runtime reachability unresolved; placement and bounds unresolved; renderer suitability unresolved
swf-definition-00823,243,,bitmap,source-assets/flash/HELP MATH_ORIGINAL FILES/HELP_COURSES/ELMGR5/L5/TI/L5TI02.swf,,,75410c1372dcffd8c95d62cd0db74645da3adbca06b1f5f5ab9ed0aa52d37649,DefineBitsJPEG3,,,none; machine census only; no renderer export,machine-extracted-definition-candidate,owner-provided SWF,container=root; definitionDepth=0; tagOrdinal=823; payloadBytes=68306; rawTagPayloadSha256=75410c1372dcffd8c95d62cd0db74645da3adbca06b1f5f5ab9ed0aa52d37649; exactTagIdentitySha256=aa1b3745d1ec4a33681410bbe444021b62303e17a93cb9b10da1e96b1453523a; runtime reachability unresolved; placement and bounds unresolved; renderer suitability unresolved
swf-definition-00824,244,,shape,source-assets/flash/HELP MATH_ORIGINAL FILES/HELP_COURSES/ELMGR5/L5/TI/L5TI02.swf,,,4797eb5ade52e8c9e9b2b15e4b2cdf8694cfb9367ea417b24e739facf6acf9be,DefineShape2,,,none; machine census only; no renderer export,machine-extracted-definition-candidate,owner-provided SWF,container=root; definitionDepth=0; tagOrdinal=824; payloadBytes=229; rawTagPayloadSha256=4797eb5ade52e8c9e9b2b15e4b2cdf8694cfb9367ea417b24e739facf6acf9be; exactTagIdentitySha256=d77ca950d0771f83dcb097e3ea41daf16db3de54de4a95d5a5a28aa5a3a43ccd; runtime reachability unresolved; placement and bounds unresolved; renderer suitability unresolved
swf-definition-00825,245,,bitmap,source-assets/flash/HELP MATH_ORIGINAL FILES/HELP_COURSES/ELMGR5/L5/TI/L5TI02.swf,,,dcf965edf60b1a40607d0a5cc5b8b84396b85b8d937bd2651dc66c99f07f27c9,DefineBitsJPEG3,,,none; machine census only; no renderer export,machine-extracted-definition-candidate,owner-provided SWF,container=root; definitionDepth=0; tagOrdinal=825; payloadBytes=86546; rawTagPayloadSha256=dcf965edf60b1a40607d0a5cc5b8b84396b85b8d937bd2651dc66c99f07f27c9; exactTagIdentitySha256=79e10113b613995a30b709893311d0753114e9490f564085c124269b72432939; runtime reachability unresolved; placement and bounds unresolved; renderer suitability unresolved
swf-definition-00826,246,,shape,source-assets/flash/HELP MATH_ORIGINAL FILES/HELP_COURSES/ELMGR5/L5/TI/L5TI02.swf,,,b27d5ac25276d11c6316176b2561a05e37582853b5ca2079c1501f944373b6e3,DefineShape2,,,none; machine census only; no renderer export,machine-extracted-definition-candidate,owner-provided SWF,container=root; definitionDepth=0; tagOrdinal=826; payloadBytes=183; rawTagPayloadSha256=b27d5ac25276d11c6316176b2561a05e37582853b5ca2079c1501f944373b6e3; exactTagIdentitySha256=d107f6c2e2a5f084c1c1f18bd4cd40cbc761f460e8fc4531be8fe52e7027c40d; runtime reachability unresolved; placement and bounds unresolved; renderer suitability unresolved
swf-definition-00827,247,,shape,source-assets/flash/HELP MATH_ORIGINAL FILES/HELP_COURSES/ELMGR5/L5/TI/L5TI02.swf,,,96f239333751b86ab5438773d207ccae2285e9bcb7a9ad07ceda5457baf8cf68,DefineShape,,,none; machine census only; no renderer export,machine-extracted-definition-candidate,owner-provided SWF,container=root; definitionDepth=0; tagOrdinal=827; payloadBytes=55; rawTagPayloadSha256=96f239333751b86ab5438773d207ccae2285e9bcb7a9ad07ceda5457baf8cf68; exactTagIdentitySha256=b3c1f875bf2fbe160e391014ae657341944bbb0984624e50461525f92b8f1e2c; runtime reachability unresolved; placement and bounds unresolved; renderer suitability unresolved
swf-definition-00828,248,,morph,source-assets/flash/HELP MATH_ORIGINAL FILES/HELP_COURSES/ELMGR5/L5/TI/L5TI02.swf,,,7eac54dae0ae8bd1704352b6108a634298ce1b8ccbfb4ee00ec3a5cdb0586736,DefineMorphShape,,,none; machine census only; no renderer export,machine-extracted-definition-candidate,owner-provided SWF,container=root; definitionDepth=0; tagOrdinal=828; payloadBytes=220; rawTagPayloadSha256=7eac54dae0ae8bd1704352b6108a634298ce1b8ccbfb4ee00ec3a5cdb0586736; exactTagIdentitySha256=c3b2efb43a91c23d70ea07b65b8ee9723d56a386b060cf86a752662196c3c851; runtime reachability unresolved; placement and bounds unresolved; renderer suitability unresolved
swf-definition-00829,249,,morph,source-assets/flash/HELP MATH_ORIGINAL FILES/HELP_COURSES/ELMGR5/L5/TI/L5TI02.swf,,,d24e6413c386a03615c30afde86db35b9ab4cf33d716c0a257a90dbd9c83a4c9,DefineMorphShape,,,none; machine census only; no renderer export,machine-extracted-definition-candidate,owner-provided SWF,container=root; definitionDepth=0; tagOrdinal=829; payloadBytes=222; rawTagPayloadSha256=d24e6413c386a03615c30afde86db35b9ab4cf33d716c0a257a90dbd9c83a4c9; exactTagIdentitySha256=6f5f624a191555e849d88323864b5256b89b2952109e0f9a3d4492d9ae30d850; runtime reachability unresolved; placement and bounds unresolved; renderer suitability unresolved
swf-definition-00830,250,Revue BT,font,source-assets/flash/HELP MATH_ORIGINAL FILES/HELP_COURSES/ELMGR5/L5/TI/L5TI02.swf,,,e421d9c8e80964f38e4c8b17e6220d8e1eea818014907c34057d46754a71663d,DefineFont2,,7,none; machine census only; no renderer export,machine-extracted-definition-candidate,owner-provided SWF,container=root; definitionDepth=0; tagOrdinal=830; payloadBytes=456; rawTagPayloadSha256=e421d9c8e80964f38e4c8b17e6220d8e1eea818014907c34057d46754a71663d; exactTagIdentitySha256=29c069951b1c1f7c606abd3d98843c5ecc376dd8caf884c19185b43ed92b2e48; runtime reachability unresolved; placement and bounds unresolved; renderer suitability unresolved
swf-definition-00832,251,,text,source-assets/flash/HELP MATH_ORIGINAL FILES/HELP_COURSES/ELMGR5/L5/TI/L5TI02.swf,,,bf1ced6b9fd2f3e5d4357186f8fd96673d901dd748850e473691a9eb91fcd5b3,DefineText,,,none; machine census only; no renderer export,machine-extracted-definition-candidate,owner-provided SWF,container=root; definitionDepth=0; tagOrdinal=832; payloadBytes=43; rawTagPayloadSha256=bf1ced6b9fd2f3e5d4357186f8fd96673d901dd748850e473691a9eb91fcd5b3; exactTagIdentitySha256=c539aa98ad98918a854c7c285cc5793a738cad047f2290b43690c49b67175c3e; runtime reachability unresolved; placement and bounds unresolved; renderer suitability unresolved
swf-definition-00833,252,,text,source-assets/flash/HELP MATH_ORIGINAL FILES/HELP_COURSES/ELMGR5/L5/TI/L5TI02.swf,,,442c6312312678db9ec368ce6c4f542b4fd8ad0635d6ab3ebc5252a014b5db0c,DefineText,,,none; machine census only; no renderer export,machine-extracted-definition-candidate,owner-provided SWF,container=root; definitionDepth=0; tagOrdinal=833; payloadBytes=43; rawTagPayloadSha256=442c6312312678db9ec368ce6c4f542b4fd8ad0635d6ab3ebc5252a014b5db0c; exactTagIdentitySha256=fe2f56a420edb3c710b9aca4f5ca2b16ce235087eb9e48c27e70b1b80742f270; runtime reachability unresolved; placement and bounds unresolved; renderer suitability unresolved
swf-definition-00834,253,,morph,source-assets/flash/HELP MATH_ORIGINAL FILES/HELP_COURSES/ELMGR5/L5/TI/L5TI02.swf,,,9f7eec1d4d5173c00ccc605d854c8c05ceee0819b70f068d78ecebbd5f99e296,DefineMorphShape,,,none; machine census only; no renderer export,machine-extracted-definition-candidate,owner-provided SWF,container=root; definitionDepth=0; tagOrdinal=834; payloadBytes=220; rawTagPayloadSha256=9f7eec1d4d5173c00ccc605d854c8c05ceee0819b70f068d78ecebbd5f99e296; exactTagIdentitySha256=676ce4200c467a3c30742bdebd317153972e31d2c836a745a4f24f8c4bf03af2; runtime reachability unresolved; placement and bounds unresolved; renderer suitability unresolved
swf-definition-00835,254,,shape,source-assets/flash/HELP MATH_ORIGINAL FILES/HELP_COURSES/ELMGR5/L5/TI/L5TI02.swf,,,6344c2b88df4ebece65901f83166a9c522186cf415f75fc1ebf3df10cc170575,DefineShape3,,,none; machine census only; no renderer export,machine-extracted-definition-candidate,owner-provided SWF,container=root; definitionDepth=0; tagOrdinal=835; payloadBytes=104; rawTagPayloadSha256=6344c2b88df4ebece65901f83166a9c522186cf415f75fc1ebf3df10cc170575; exactTagIdentitySha256=3f4e84e55f83b523eb583e83827cb7600e6425de74c450bf5421f351a0c759b1; runtime reachability unresolved; placement and bounds unresolved; renderer suitability unresolved
swf-definition-00836,255,,sprite,source-assets/flash/HELP MATH_ORIGINAL FILES/HELP_COURSES/ELMGR5/L5/TI/L5TI02.swf,,,c7243b4b43c8aadec09e37daa544510bb8f26017e9549db009f15d2bc4256e1d,DefineSprite,,,none; machine census only; no renderer export,machine-extracted-definition-candidate,owner-provided SWF,container=root; definitionDepth=0; tagOrdinal=836; payloadBytes=11977; rawTagPayloadSha256=c7243b4b43c8aadec09e37daa544510bb8f26017e9549db009f15d2bc4256e1d; exactTagIdentitySha256=05bcea4e0b4972ad7046953281fa1e955a87bf11e4ef5abeed0efd9094fddda6; declaredFrameCount=28; runtime reachability unresolved; placement and bounds unresolved; renderer suitability unresolved
swf-definition-00939,256,,shape,source-assets/flash/HELP MATH_ORIGINAL FILES/HELP_COURSES/ELMGR5/L5/TI/L5TI02.swf,,,0b7eb02b34629da015f7d74d881e4cc79a1df8e2fc5fce734575c28e280a9b55,DefineShape3,,,none; machine census only; no renderer export,machine-extracted-definition-candidate,owner-provided SWF,container=root; definitionDepth=0; tagOrdinal=939; payloadBytes=814; rawTagPayloadSha256=0b7eb02b34629da015f7d74d881e4cc79a1df8e2fc5fce734575c28e280a9b55; exactTagIdentitySha256=6bca98d089efc3de2a4685bf35ed9cb32f85de5893ae6c51c6d319cec39fdd16; runtime reachability unresolved; placement and bounds unresolved; renderer suitability unresolved
swf-definition-00940,257,,shape,source-assets/flash/HELP MATH_ORIGINAL FILES/HELP_COURSES/ELMGR5/L5/TI/L5TI02.swf,,,e29f21f020d08dcc7b49b6b8daf2d253af745a1ae3cbfe04c26252c470812483,DefineShape3,,,none; machine census only; no renderer export,machine-extracted-definition-candidate,owner-provided SWF,container=root; definitionDepth=0; tagOrdinal=940; payloadBytes=327; rawTagPayloadSha256=e29f21f020d08dcc7b49b6b8daf2d253af745a1ae3cbfe04c26252c470812483; exactTagIdentitySha256=c437fcde509b2680bd4d43b296fed081e8cf148b1670d55fd7adf3805601704a; runtime reachability unresolved; placement and bounds unresolved; renderer suitability unresolved
swf-definition-00941,258,,morph,source-assets/flash/HELP MATH_ORIGINAL FILES/HELP_COURSES/ELMGR5/L5/TI/L5TI02.swf,,,6e1016954573abf9434ce8dde96df1363b9dfedd2b75d243ae4761570f925729,DefineMorphShape,,,none; machine census only; no renderer export,machine-extracted-definition-candidate,owner-provided SWF,container=root; definitionDepth=0; tagOrdinal=941; payloadBytes=193; rawTagPayloadSha256=6e1016954573abf9434ce8dde96df1363b9dfedd2b75d243ae4761570f925729; exactTagIdentitySha256=2464c12a5b6bcedca86598b7c7a181b6d0ecfce831757cd8591ee10612f10343; runtime reachability unresolved; placement and bounds unresolved; renderer suitability unresolved
swf-definition-00942,259,,morph,source-assets/flash/HELP MATH_ORIGINAL FILES/HELP_COURSES/ELMGR5/L5/TI/L5TI02.swf,,,0b828134eeb81e739e91c820196239bc6b9187a2ef042f608a709ec42d334214,DefineMorphShape,,,none; machine census only; no renderer export,machine-extracted-definition-candidate,owner-provided SWF,container=root; definitionDepth=0; tagOrdinal=942; payloadBytes=197; rawTagPayloadSha256=0b828134eeb81e739e91c820196239bc6b9187a2ef042f608a709ec42d334214; exactTagIdentitySha256=a0e8ba7ee61d3396f976adce75b177b065b252806ea6aac270fee09c3a7044a1; runtime reachability unresolved; placement and bounds unresolved; renderer suitability unresolved
swf-definition-00943,260,,shape,source-assets/flash/HELP MATH_ORIGINAL FILES/HELP_COURSES/ELMGR5/L5/TI/L5TI02.swf,,,2e55b44df1592dbffd3027afe149e65367e78360ec4eb00c6853130aec8042ec,DefineShape3,,,none; machine census only; no renderer export,machine-extracted-definition-candidate,owner-provided SWF,container=root; definitionDepth=0; tagOrdinal=943; payloadBytes=139; rawTagPayloadSha256=2e55b44df1592dbffd3027afe149e65367e78360ec4eb00c6853130aec8042ec; exactTagIdentitySha256=9232ab2618140a4a425cfc5f08f39a0d576119edead54b1d2089f595415594f6; runtime reachability unresolved; placement and bounds unresolved; renderer suitability unresolved
swf-definition-00944,261,Eras Bd BT,font,source-assets/flash/HELP MATH_ORIGINAL FILES/HELP_COURSES/ELMGR5/L5/TI/L5TI02.swf,,,4124bd23e079820e0c8fa35cd018ce1bfd1aa9d8f3aee0627c72686cab5d343e,DefineFont2,,8,none; machine census only; no renderer export,machine-extracted-definition-candidate,owner-provided SWF,container=root; definitionDepth=0; tagOrdinal=944; payloadBytes=601; rawTagPayloadSha256=4124bd23e079820e0c8fa35cd018ce1bfd1aa9d8f3aee0627c72686cab5d343e; exactTagIdentitySha256=b15b6112260ac3b56a2c52b5462340c4c834343afe55778c7cacbea2ada76aaa; runtime reachability unresolved; placement and bounds unresolved; renderer suitability unresolved
swf-definition-00946,262,,text,source-assets/flash/HELP MATH_ORIGINAL FILES/HELP_COURSES/ELMGR5/L5/TI/L5TI02.swf,,,5345e5fec2d52f379e2cffdeedc232b48f4dccca8e36438a7b2d2539d9934cd5,DefineText,,,none; machine census only; no renderer export,machine-extracted-definition-candidate,owner-provided SWF,container=root; definitionDepth=0; tagOrdinal=946; payloadBytes=45; rawTagPayloadSha256=5345e5fec2d52f379e2cffdeedc232b48f4dccca8e36438a7b2d2539d9934cd5; exactTagIdentitySha256=756a1f309634f945bd6173fda92b1caa73e502380e4cd9219d26893719f35012; runtime reachability unresolved; placement and bounds unresolved; renderer suitability unresolved
swf-definition-00947,263,,text,source-assets/flash/HELP MATH_ORIGINAL FILES/HELP_COURSES/ELMGR5/L5/TI/L5TI02.swf,,,6a47c7976c92acf9dfe828a79de539bed25df5e887d422bd534bb434342623d8,DefineText,,,none; machine census only; no renderer export,machine-extracted-definition-candidate,owner-provided SWF,container=root; definitionDepth=0; tagOrdinal=947; payloadBytes=45; rawTagPayloadSha256=6a47c7976c92acf9dfe828a79de539bed25df5e887d422bd534bb434342623d8; exactTagIdentitySha256=ff9170556201920dc37a3e851d27e37512c71bbe1130958a36048ef1efd89129; runtime reachability unresolved; placement and bounds unresolved; renderer suitability unresolved
swf-definition-00948,264,,morph,source-assets/flash/HELP MATH_ORIGINAL FILES/HELP_COURSES/ELMGR5/L5/TI/L5TI02.swf,,,c6c06b9055dd017f3fdb1d864426a0bb5e79af8fa11a82827ec55c717dafe6a6,DefineMorphShape,,,none; machine census only; no renderer export,machine-extracted-definition-candidate,owner-provided SWF,container=root; definitionDepth=0; tagOrdinal=948; payloadBytes=205; rawTagPayloadSha256=c6c06b9055dd017f3fdb1d864426a0bb5e79af8fa11a82827ec55c717dafe6a6; exactTagIdentitySha256=22c69de52385290d0482c2b010f94fb1ba4753816e8790dd58e0f76b9717b482; runtime reachability unresolved; placement and bounds unresolved; renderer suitability unresolved
swf-definition-00949,265,,shape,source-assets/flash/HELP MATH_ORIGINAL FILES/HELP_COURSES/ELMGR5/L5/TI/L5TI02.swf,,,4549aff3f7f3163ee3c6c9c97f75c0dbf0bcc14836528ffa87074228bff850aa,DefineShape3,,,none; machine census only; no renderer export,machine-extracted-definition-candidate,owner-provided SWF,container=root; definitionDepth=0; tagOrdinal=949; payloadBytes=98; rawTagPayloadSha256=4549aff3f7f3163ee3c6c9c97f75c0dbf0bcc14836528ffa87074228bff850aa; exactTagIdentitySha256=5ebffe252db47eb8c2b1d4550b963a107c7b2dd0aed61fa94e328b681f3c3218; runtime reachability unresolved; placement and bounds unresolved; renderer suitability unresolved
swf-definition-00950,266,,morph,source-assets/flash/HELP MATH_ORIGINAL FILES/HELP_COURSES/ELMGR5/L5/TI/L5TI02.swf,,,9caa1bd71d65998ccfde62efda5e14525f15daa4554a9c42ebcf8e1852e821bb,DefineMorphShape,,,none; machine census only; no renderer export,machine-extracted-definition-candidate,owner-provided SWF,container=root; definitionDepth=0; tagOrdinal=950; payloadBytes=214; rawTagPayloadSha256=9caa1bd71d65998ccfde62efda5e14525f15daa4554a9c42ebcf8e1852e821bb; exactTagIdentitySha256=e0efbb6e4601f6afd5562578933f5213160fc5a1aa62f6c1957069126e5a4afb; runtime reachability unresolved; placement and bounds unresolved; renderer suitability unresolved
swf-definition-00951,267,,text,source-assets/flash/HELP MATH_ORIGINAL FILES/HELP_COURSES/ELMGR5/L5/TI/L5TI02.swf,,,69e71babeb6bcf3959622dcf9af07bdcbc970760d3d2429bacfd36dc93b7e108,DefineText,,,none; machine census only; no renderer export,machine-extracted-definition-candidate,owner-provided SWF,container=root; definitionDepth=0; tagOrdinal=951; payloadBytes=45; rawTagPayloadSha256=69e71babeb6bcf3959622dcf9af07bdcbc970760d3d2429bacfd36dc93b7e108; exactTagIdentitySha256=18c0782f546590d2df92c28c1175c4cccccfdca37db443f63f6413bea138b142; runtime reachability unresolved; placement and bounds unresolved; renderer suitability unresolved
swf-definition-00952,268,,shape,source-assets/flash/HELP MATH_ORIGINAL FILES/HELP_COURSES/ELMGR5/L5/TI/L5TI02.swf,,,0f381baad3f6c27ccfb879f4248d21e08e6a65e629d1d3a056ca51d40ef3afc3,DefineShape3,,,none; machine census only; no renderer export,machine-extracted-definition-candidate,owner-provided SWF,container=root; definitionDepth=0; tagOrdinal=952; payloadBytes=102; rawTagPayloadSha256=0f381baad3f6c27ccfb879f4248d21e08e6a65e629d1d3a056ca51d40ef3afc3; exactTagIdentitySha256=8f67f7cb227276a735829b0eed45cd7cf81451d90d4e1b59c07d5b984bb7bc99; runtime reachability unresolved; placement and bounds unresolved; renderer suitability unresolved
swf-definition-00953,269,,sprite,source-assets/flash/HELP MATH_ORIGINAL FILES/HELP_COURSES/ELMGR5/L5/TI/L5TI02.swf,,,90ad58444aa9bb8ca2333d9b6e553beb51f531c8e7430df47eaea874361c5c15,DefineSprite,,,none; machine census only; no renderer export,machine-extracted-definition-candidate,owner-provided SWF,container=root; definitionDepth=0; tagOrdinal=953; payloadBytes=14681; rawTagPayloadSha256=90ad58444aa9bb8ca2333d9b6e553beb51f531c8e7430df47eaea874361c5c15; exactTagIdentitySha256=0306e6042e78e6de0c1d4f6a768bd7661fb6bbbf4cd418e76829c98d6f3a4cb6; declaredFrameCount=32; runtime reachability unresolved; placement and bounds unresolved; renderer suitability unresolved
swf-definition-01128,270,,morph,source-assets/flash/HELP MATH_ORIGINAL FILES/HELP_COURSES/ELMGR5/L5/TI/L5TI02.swf,,,c8feb517ad2fb27c97de1921b14ba88cd7525492bd59e24bd867427a21f2d33d,DefineMorphShape,,,none; machine census only; no renderer export,machine-extracted-definition-candidate,owner-provided SWF,container=root; definitionDepth=0; tagOrdinal=1128; payloadBytes=408; rawTagPayloadSha256=c8feb517ad2fb27c97de1921b14ba88cd7525492bd59e24bd867427a21f2d33d; exactTagIdentitySha256=f587feb95e82c9af826cd138835cfe4f0d4b41d2b4d7b38abe51f69f15f13346; runtime reachability unresolved; placement and bounds unresolved; renderer suitability unresolved
swf-definition-01129,271,,morph,source-assets/flash/HELP MATH_ORIGINAL FILES/HELP_COURSES/ELMGR5/L5/TI/L5TI02.swf,,,d4dc9b61fafae812fbed66961a633a5982e9c258efd2a1dfb2f619c9e8730cd7,DefineMorphShape,,,none; machine census only; no renderer export,machine-extracted-definition-candidate,owner-provided SWF,container=root; definitionDepth=0; tagOrdinal=1129; payloadBytes=537; rawTagPayloadSha256=d4dc9b61fafae812fbed66961a633a5982e9c258efd2a1dfb2f619c9e8730cd7; exactTagIdentitySha256=4368ac74dbf3d67b79bdaf54ef96c2706cce74c7fde55e6a80d90f4f644e3565; runtime reachability unresolved; placement and bounds unresolved; renderer suitability unresolved
swf-definition-01130,272,,morph,source-assets/flash/HELP MATH_ORIGINAL FILES/HELP_COURSES/ELMGR5/L5/TI/L5TI02.swf,,,02dbe12b05a6183e335fa2bf28c31d511f2a3c800420db9fba5c5938d6f1b64e,DefineMorphShape,,,none; machine census only; no renderer export,machine-extracted-definition-candidate,owner-provided SWF,container=root; definitionDepth=0; tagOrdinal=1130; payloadBytes=537; rawTagPayloadSha256=02dbe12b05a6183e335fa2bf28c31d511f2a3c800420db9fba5c5938d6f1b64e; exactTagIdentitySha256=a6fb8d215cc1a496a55f5cd6a8259ba4740d7f4ad491b42baa7a7e5eff075ae1; runtime reachability unresolved; placement and bounds unresolved; renderer suitability unresolved
swf-definition-01131,273,,morph,source-assets/flash/HELP MATH_ORIGINAL FILES/HELP_COURSES/ELMGR5/L5/TI/L5TI02.swf,,,3909fc498bc184d549b75547cf73df787ba8aecae3c233b527f88e4e65c06fa2,DefineMorphShape,,,none; machine census only; no renderer export,machine-extracted-definition-candidate,owner-provided SWF,container=root; definitionDepth=0; tagOrdinal=1131; payloadBytes=409; rawTagPayloadSha256=3909fc498bc184d549b75547cf73df787ba8aecae3c233b527f88e4e65c06fa2; exactTagIdentitySha256=1395b7f696e2288ed21f91a24f058d7c4138694b41c01f75670a9394eba80dfc; runtime reachability unresolved; placement and bounds unresolved; renderer suitability unresolved
swf-definition-01132,274,,shape,source-assets/flash/HELP MATH_ORIGINAL FILES/HELP_COURSES/ELMGR5/L5/TI/L5TI02.swf,,,8ed78f58d37aff0478378e838c4e99f175bec6ffa8e11dc0b91489f894f259ba,DefineShape3,,,none; machine census only; no renderer export,machine-extracted-definition-candidate,owner-provided SWF,container=root; definitionDepth=0; tagOrdinal=1132; payloadBytes=197; rawTagPayloadSha256=8ed78f58d37aff0478378e838c4e99f175bec6ffa8e11dc0b91489f894f259ba; exactTagIdentitySha256=3ebd9433e37836fcfcc2fc9db0d72b62aec796ef184fc7f3f1201d5e2632e9ab; runtime reachability unresolved; placement and bounds unresolved; renderer suitability unresolved
swf-definition-01133,275,,sprite,source-assets/flash/HELP MATH_ORIGINAL FILES/HELP_COURSES/ELMGR5/L5/TI/L5TI02.swf,,,e40af7501f32e9e2e5e01ddc3b8c5c41b04a11378fd3c1fd400520ce05c71131,DefineSprite,,,none; machine census only; no renderer export,machine-extracted-definition-candidate,owner-provided SWF,container=root; definitionDepth=0; tagOrdinal=1133; payloadBytes=216; rawTagPayloadSha256=e40af7501f32e9e2e5e01ddc3b8c5c41b04a11378fd3c1fd400520ce05c71131; exactTagIdentitySha256=76baebf4c96bcbd7e39c2be6bb73705012ff0959b95d25e61ed49b18b4466328; declaredFrameCount=22; runtime reachability unresolved; placement and bounds unresolved; renderer suitability unresolved
swf-definition-01180,276,,bitmap,source-assets/flash/HELP MATH_ORIGINAL FILES/HELP_COURSES/ELMGR5/L5/TI/L5TI02.swf,,,0251308f65dffbb718f42e9462ff7bc12b2e888d08f913846be644a92edd83c2,DefineBitsJPEG3,,,none; machine census only; no renderer export,machine-extracted-definition-candidate,owner-provided SWF,container=root; definitionDepth=0; tagOrdinal=1180; payloadBytes=22183; rawTagPayloadSha256=0251308f65dffbb718f42e9462ff7bc12b2e888d08f913846be644a92edd83c2; exactTagIdentitySha256=f0e8fec0e0f9b9dca42fc1fc4f4a9f07defdb42e5074da4fff1659211f3b8cf7; runtime reachability unresolved; placement and bounds unresolved; renderer suitability unresolved
swf-definition-01181,277,,shape,source-assets/flash/HELP MATH_ORIGINAL FILES/HELP_COURSES/ELMGR5/L5/TI/L5TI02.swf,,,810f4abe6c6bf6bd947f96423e066abb740bba2ec6013b3ce841800576c32513,DefineShape,,,none; machine census only; no renderer export,machine-extracted-definition-candidate,owner-provided SWF,container=root; definitionDepth=0; tagOrdinal=1181; payloadBytes=54; rawTagPayloadSha256=810f4abe6c6bf6bd947f96423e066abb740bba2ec6013b3ce841800576c32513; exactTagIdentitySha256=7d51e86a9c994cbac27ad0ca13c9e04597edf4d3cb7721564fa1ae077c839090; runtime reachability unresolved; placement and bounds unresolved; renderer suitability unresolved
swf-definition-01182,278,,morph,source-assets/flash/HELP MATH_ORIGINAL FILES/HELP_COURSES/ELMGR5/L5/TI/L5TI02.swf,,,0cdb742e75ede26811a96c777045f45fa724fe9c4d43607880a46e675370cd50,DefineMorphShape,,,none; machine census only; no renderer export,machine-extracted-definition-candidate,owner-provided SWF,container=root; definitionDepth=0; tagOrdinal=1182; payloadBytes=236; rawTagPayloadSha256=0cdb742e75ede26811a96c777045f45fa724fe9c4d43607880a46e675370cd50; exactTagIdentitySha256=7ba2fc6ca6015159a4efc76cc5bc6b1f53b281b72c1a44eae2667caa9f62214e; runtime reachability unresolved; placement and bounds unresolved; renderer suitability unresolved
swf-definition-01183,279,,shape,source-assets/flash/HELP MATH_ORIGINAL FILES/HELP_COURSES/ELMGR5/L5/TI/L5TI02.swf,,,0e57c0f16aaf0cf1cf8e67b39debfa7bd7bccbbc9fe14911fdba596e3e80fa26,DefineShape3,,,none; machine census only; no renderer export,machine-extracted-definition-candidate,owner-provided SWF,container=root; definitionDepth=0; tagOrdinal=1183; payloadBytes=1960; rawTagPayloadSha256=0e57c0f16aaf0cf1cf8e67b39debfa7bd7bccbbc9fe14911fdba596e3e80fa26; exactTagIdentitySha256=70ffa3320c2ba93218f7eb374859746085bb0b9478023f3d10c006c72b5ea39b; runtime reachability unresolved; placement and bounds unresolved; renderer suitability unresolved
swf-definition-01184,280,,shape,source-assets/flash/HELP MATH_ORIGINAL FILES/HELP_COURSES/ELMGR5/L5/TI/L5TI02.swf,,,10d513aa3bf81fc2d6f511f57d176fe093f759028a57a7fefdf38f5e32fb9ac2,DefineShape3,,,none; machine census only; no renderer export,machine-extracted-definition-candidate,owner-provided SWF,container=root; definitionDepth=0; tagOrdinal=1184; payloadBytes=777; rawTagPayloadSha256=10d513aa3bf81fc2d6f511f57d176fe093f759028a57a7fefdf38f5e32fb9ac2; exactTagIdentitySha256=c3e7abfdba7f5f9b675a2ad6222ed97ab938a0e94d892bd5d58b65a9e46459e0; runtime reachability unresolved; placement and bounds unresolved; renderer suitability unresolved
swf-definition-01185,281,,shape,source-assets/flash/HELP MATH_ORIGINAL FILES/HELP_COURSES/ELMGR5/L5/TI/L5TI02.swf,,,1e79646257676701893ba0e0a37f64c6ab7b5e898cc6a1236b31e8d5cbd6ee68,DefineShape3,,,none; machine census only; no renderer export,machine-extracted-definition-candidate,owner-provided SWF,container=root; definitionDepth=0; tagOrdinal=1185; payloadBytes=765; rawTagPayloadSha256=1e79646257676701893ba0e0a37f64c6ab7b5e898cc6a1236b31e8d5cbd6ee68; exactTagIdentitySha256=a14ad97dd554cfe5282a75955c44652ba6fcacab7164762252f65e02bda93a97; runtime reachability unresolved; placement and bounds unresolved; renderer suitability unresolved
swf-definition-01186,282,,shape,source-assets/flash/HELP MATH_ORIGINAL FILES/HELP_COURSES/ELMGR5/L5/TI/L5TI02.swf,,,c3fa6b9cd3945ce8a556c57220e0ed900c0c2ce9cac3fcfb4cb82570375fcc95,DefineShape3,,,none; machine census only; no renderer export,machine-extracted-definition-candidate,owner-provided SWF,container=root; definitionDepth=0; tagOrdinal=1186; payloadBytes=835; rawTagPayloadSha256=c3fa6b9cd3945ce8a556c57220e0ed900c0c2ce9cac3fcfb4cb82570375fcc95; exactTagIdentitySha256=cb518704e4fcf5733f71e08f899e11a4b1dc6861920d8765dc50d75b19d4458f; runtime reachability unresolved; placement and bounds unresolved; renderer suitability unresolved
swf-definition-01187,283,,shape,source-assets/flash/HELP MATH_ORIGINAL FILES/HELP_COURSES/ELMGR5/L5/TI/L5TI02.swf,,,d0e7b7134e4d7fb950c8e02d13099382dd109fd62f4eec353638b9ce931cf9c2,DefineShape3,,,none; machine census only; no renderer export,machine-extracted-definition-candidate,owner-provided SWF,container=root; definitionDepth=0; tagOrdinal=1187; payloadBytes=894; rawTagPayloadSha256=d0e7b7134e4d7fb950c8e02d13099382dd109fd62f4eec353638b9ce931cf9c2; exactTagIdentitySha256=e3e28bd155821e8149c4cff69cb59ddcce4e9080dd56a54f3ca738208d6863de; runtime reachability unresolved; placement and bounds unresolved; renderer suitability unresolved
swf-definition-01188,284,,shape,source-assets/flash/HELP MATH_ORIGINAL FILES/HELP_COURSES/ELMGR5/L5/TI/L5TI02.swf,,,8503d08e38925c9995e542dbdb69fa8704649cfbf8e03b9e99c4d8274a7bb4f0,DefineShape3,,,none; machine census only; no renderer export,machine-extracted-definition-candidate,owner-provided SWF,container=root; definitionDepth=0; tagOrdinal=1188; payloadBytes=1026; rawTagPayloadSha256=8503d08e38925c9995e542dbdb69fa8704649cfbf8e03b9e99c4d8274a7bb4f0; exactTagIdentitySha256=551791407c6f53a25f257d5d6f75a9c05d77273964392287e67cac8b0161dd24; runtime reachability unresolved; placement and bounds unresolved; renderer suitability unresolved
swf-definition-01189,285,,shape,source-assets/flash/HELP MATH_ORIGINAL FILES/HELP_COURSES/ELMGR5/L5/TI/L5TI02.swf,,,b788b24c1c7a078c5fe12487137ef9d9ee378ec027cd3e5691b4f8bd1c1cab0c,DefineShape3,,,none; machine census only; no renderer export,machine-extracted-definition-candidate,owner-provided SWF,container=root; definitionDepth=0; tagOrdinal=1189; payloadBytes=1132; rawTagPayloadSha256=b788b24c1c7a078c5fe12487137ef9d9ee378ec027cd3e5691b4f8bd1c1cab0c; exactTagIdentitySha256=0f7275013f25f13db8d445eccb8af7d60a3cf867dbb700e80cc7be4b19cc99ea; runtime reachability unresolved; placement and bounds unresolved; renderer suitability unresolved
swf-definition-01190,286,,shape,source-assets/flash/HELP MATH_ORIGINAL FILES/HELP_COURSES/ELMGR5/L5/TI/L5TI02.swf,,,42f0d52f2c2e2cb952a8b8751106a7c017971bc59c6701dc39ed48449d86a8e3,DefineShape3,,,none; machine census only; no renderer export,machine-extracted-definition-candidate,owner-provided SWF,container=root; definitionDepth=0; tagOrdinal=1190; payloadBytes=1063; rawTagPayloadSha256=42f0d52f2c2e2cb952a8b8751106a7c017971bc59c6701dc39ed48449d86a8e3; exactTagIdentitySha256=50b4255a04e2f7b78ee84135a0a2a3ba30c26f8393548f8c357c24d749947e0c; runtime reachability unresolved; placement and bounds unresolved; renderer suitability unresolved
swf-definition-01191,287,,shape,source-assets/flash/HELP MATH_ORIGINAL FILES/HELP_COURSES/ELMGR5/L5/TI/L5TI02.swf,,,7cb40b6e9dbd85589dec23f33d50182b6b8d02708e9deea998258751ff2766cd,DefineShape3,,,none; machine census only; no renderer export,machine-extracted-definition-candidate,owner-provided SWF,container=root; definitionDepth=0; tagOrdinal=1191; payloadBytes=1207; rawTagPayloadSha256=7cb40b6e9dbd85589dec23f33d50182b6b8d02708e9deea998258751ff2766cd; exactTagIdentitySha256=58aa6c6953fdad97c6b12b759bb3ec9ef6b0345b9f8b85bb163dedc4dae89b50; runtime reachability unresolved; placement and bounds unresolved; renderer suitability unresolved
swf-definition-01192,288,,shape,source-assets/flash/HELP MATH_ORIGINAL FILES/HELP_COURSES/ELMGR5/L5/TI/L5TI02.swf,,,6e1da35797ec413e11b696ad72c3b9343c843611b6ae4f823d9f0bce52787938,DefineShape3,,,none; machine census only; no renderer export,machine-extracted-definition-candidate,owner-provided SWF,container=root; definitionDepth=0; tagOrdinal=1192; payloadBytes=1196; rawTagPayloadSha256=6e1da35797ec413e11b696ad72c3b9343c843611b6ae4f823d9f0bce52787938; exactTagIdentitySha256=9ea508a26de143ab9ed410c8f6fde89f0a3b2951e9a53c91d2721b36a5c3a57b; runtime reachability unresolved; placement and bounds unresolved; renderer suitability unresolved
swf-definition-01193,289,,shape,source-assets/flash/HELP MATH_ORIGINAL FILES/HELP_COURSES/ELMGR5/L5/TI/L5TI02.swf,,,4a560c0664e7ac705b88c4f61a670f5beb40f21aeeb4493de9a941ab0e66bff6,DefineShape3,,,none; machine census only; no renderer export,machine-extracted-definition-candidate,owner-provided SWF,container=root; definitionDepth=0; tagOrdinal=1193; payloadBytes=1367; rawTagPayloadSha256=4a560c0664e7ac705b88c4f61a670f5beb40f21aeeb4493de9a941ab0e66bff6; exactTagIdentitySha256=a649f8005dcc3044d115e335bf93b1d5bafd000da969edc75637b36c37ad0b41; runtime reachability unresolved; placement and bounds unresolved; renderer suitability unresolved
swf-definition-01194,290,,shape,source-assets/flash/HELP MATH_ORIGINAL FILES/HELP_COURSES/ELMGR5/L5/TI/L5TI02.swf,,,bc1b4791ec06be4a2d43131b31a03b41a14ea0d93f267596488a0148dbec3054,DefineShape3,,,none; machine census only; no renderer export,machine-extracted-definition-candidate,owner-provided SWF,container=root; definitionDepth=0; tagOrdinal=1194; payloadBytes=1302; rawTagPayloadSha256=bc1b4791ec06be4a2d43131b31a03b41a14ea0d93f267596488a0148dbec3054; exactTagIdentitySha256=35536dcf93e8cd73beb846c0c092123783ebf932034914d30647af412774d385; runtime reachability unresolved; placement and bounds unresolved; renderer suitability unresolved
swf-definition-01195,291,,shape,source-assets/flash/HELP MATH_ORIGINAL FILES/HELP_COURSES/ELMGR5/L5/TI/L5TI02.swf,,,552111b594fa6bff6ffcf7d61ed70b80d465d722989a9c6c89c0f8f11dfda5b1,DefineShape3,,,none; machine census only; no renderer export,machine-extracted-definition-candidate,owner-provided SWF,container=root; definitionDepth=0; tagOrdinal=1195; payloadBytes=1253; rawTagPayloadSha256=552111b594fa6bff6ffcf7d61ed70b80d465d722989a9c6c89c0f8f11dfda5b1; exactTagIdentitySha256=408e6ccaaf4bddf4baaff4a5b0eb3d2e686009499fb56592ed2ba598e377da47; runtime reachability unresolved; placement and bounds unresolved; renderer suitability unresolved
swf-definition-01196,292,,shape,source-assets/flash/HELP MATH_ORIGINAL FILES/HELP_COURSES/ELMGR5/L5/TI/L5TI02.swf,,,a661ef10a2068ad4c7c4ec595ed06e0fbfb37ac2de63abfa1a7c9f0924b688dc,DefineShape3,,,none; machine census only; no renderer export,machine-extracted-definition-candidate,owner-provided SWF,container=root; definitionDepth=0; tagOrdinal=1196; payloadBytes=991; rawTagPayloadSha256=a661ef10a2068ad4c7c4ec595ed06e0fbfb37ac2de63abfa1a7c9f0924b688dc; exactTagIdentitySha256=befb251dc126118973dac29f26c73cf5c202b304d1728d771dee8e4975870a86; runtime reachability unresolved; placement and bounds unresolved; renderer suitability unresolved
swf-definition-01197,293,,shape,source-assets/flash/HELP MATH_ORIGINAL FILES/HELP_COURSES/ELMGR5/L5/TI/L5TI02.swf,,,fc83915e36b44dab9dee6d659fd2c1b0b010d1231c9759ad304358d5c912dc77,DefineShape3,,,none; machine census only; no renderer export,machine-extracted-definition-candidate,owner-provided SWF,container=root; definitionDepth=0; tagOrdinal=1197; payloadBytes=1106; rawTagPayloadSha256=fc83915e36b44dab9dee6d659fd2c1b0b010d1231c9759ad304358d5c912dc77; exactTagIdentitySha256=5cea24100938177c5a6eeaa5c4eb3122c0b1439b01c5a6dece16c1215397fa4a; runtime reachability unresolved; placement and bounds unresolved; renderer suitability unresolved
swf-definition-01198,294,,shape,source-assets/flash/HELP MATH_ORIGINAL FILES/HELP_COURSES/ELMGR5/L5/TI/L5TI02.swf,,,016fa5493fb057d85f2914500d1a281b8797a331ea8413f048a9d3d58fca9845,DefineShape3,,,none; machine census only; no renderer export,machine-extracted-definition-candidate,owner-provided SWF,container=root; definitionDepth=0; tagOrdinal=1198; payloadBytes=917; rawTagPayloadSha256=016fa5493fb057d85f2914500d1a281b8797a331ea8413f048a9d3d58fca9845; exactTagIdentitySha256=f77037fb1f72f35a552f0ee59cd5b45a046552e1100be4031a42de949e6fce6e; runtime reachability unresolved; placement and bounds unresolved; renderer suitability unresolved
swf-definition-01199,295,,shape,source-assets/flash/HELP MATH_ORIGINAL FILES/HELP_COURSES/ELMGR5/L5/TI/L5TI02.swf,,,06350b08013c3e01b0a89793fd0fd4d8d36d5dc4367bd9e688ee7a4d16a68920,DefineShape3,,,none; machine census only; no renderer export,machine-extracted-definition-candidate,owner-provided SWF,container=root; definitionDepth=0; tagOrdinal=1199; payloadBytes=947; rawTagPayloadSha256=06350b08013c3e01b0a89793fd0fd4d8d36d5dc4367bd9e688ee7a4d16a68920; exactTagIdentitySha256=12a084332cf055f5494385bf6532983c4495200442f04c0755c02fb8f097ecd3; runtime reachability unresolved; placement and bounds unresolved; renderer suitability unresolved
swf-definition-01200,296,,shape,source-assets/flash/HELP MATH_ORIGINAL FILES/HELP_COURSES/ELMGR5/L5/TI/L5TI02.swf,,,0bd119d9f08a46ae64ecad4f67b7009bd9a3f63d57705b2b61bb7f2915b8eece,DefineShape3,,,none; machine census only; no renderer export,machine-extracted-definition-candidate,owner-provided SWF,container=root; definitionDepth=0; tagOrdinal=1200; payloadBytes=826; rawTagPayloadSha256=0bd119d9f08a46ae64ecad4f67b7009bd9a3f63d57705b2b61bb7f2915b8eece; exactTagIdentitySha256=728463a77e0c58ad24ecf32f0772c9d0b6ee0a06fb1e153d284ae62c99b84da2; runtime reachability unresolved; placement and bounds unresolved; renderer suitability unresolved
swf-definition-01201,297,,shape,source-assets/flash/HELP MATH_ORIGINAL FILES/HELP_COURSES/ELMGR5/L5/TI/L5TI02.swf,,,3035a7e1818f8fe586ae5eee50121cb7be24d2fbb2b94f5a1de5fadd10b83171,DefineShape3,,,none; machine census only; no renderer export,machine-extracted-definition-candidate,owner-provided SWF,container=root; definitionDepth=0; tagOrdinal=1201; payloadBytes=938; rawTagPayloadSha256=3035a7e1818f8fe586ae5eee50121cb7be24d2fbb2b94f5a1de5fadd10b83171; exactTagIdentitySha256=208343f10b3b50cd1bad0e016eb6e1582b7ee1223d735d1fe667dd3e2ca4b69e; runtime reachability unresolved; placement and bounds unresolved; renderer suitability unresolved
swf-definition-01202,298,,shape,source-assets/flash/HELP MATH_ORIGINAL FILES/HELP_COURSES/ELMGR5/L5/TI/L5TI02.swf,,,c633c2a7c0699fac2fba875d1e18c10fac01156d26279449ee8c5210bd419ff0,DefineShape3,,,none; machine census only; no renderer export,machine-extracted-definition-candidate,owner-provided SWF,container=root; definitionDepth=0; tagOrdinal=1202; payloadBytes=734; rawTagPayloadSha256=c633c2a7c0699fac2fba875d1e18c10fac01156d26279449ee8c5210bd419ff0; exactTagIdentitySha256=6d020f7e1979a2f2fdeb7b9e28683792ff75ec99fe5e17fb193c84b227b57f82; runtime reachability unresolved; placement and bounds unresolved; renderer suitability unresolved
swf-definition-01203,299,,sprite,source-assets/flash/HELP MATH_ORIGINAL FILES/HELP_COURSES/ELMGR5/L5/TI/L5TI02.swf,,,8fcb0f07bdc275b207e5f83562dfa2839d6b58522b1d4d4c1c0d4233d9b8832e,DefineSprite,,,none; machine census only; no renderer export,machine-extracted-definition-candidate,owner-provided SWF,container=root; definitionDepth=0; tagOrdinal=1203; payloadBytes=246; rawTagPayloadSha256=8fcb0f07bdc275b207e5f83562dfa2839d6b58522b1d4d4c1c0d4233d9b8832e; exactTagIdentitySha256=4b5a974a19af1ac06375929a3a2e154fbf2ac7f039433776d7504939927e1812; declaredFrameCount=19; runtime reachability unresolved; placement and bounds unresolved; renderer suitability unresolved
swf-definition-01256,300,,morph,source-assets/flash/HELP MATH_ORIGINAL FILES/HELP_COURSES/ELMGR5/L5/TI/L5TI02.swf,,,5bdedeeed68b7316edc2a86b1e83b865bd51116f7a04544b70470667a66f2b67,DefineMorphShape,,,none; machine census only; no renderer export,machine-extracted-definition-candidate,owner-provided SWF,container=root; definitionDepth=0; tagOrdinal=1256; payloadBytes=777; rawTagPayloadSha256=5bdedeeed68b7316edc2a86b1e83b865bd51116f7a04544b70470667a66f2b67; exactTagIdentitySha256=d491e28c07bfa8613f90e5cba7370e08fdc45be87fc006edfa1fbd8c30281933; runtime reachability unresolved; placement and bounds unresolved; renderer suitability unresolved
swf-definition-01257,301,,shape,source-assets/flash/HELP MATH_ORIGINAL FILES/HELP_COURSES/ELMGR5/L5/TI/L5TI02.swf,,,040e02a25fe135b35b2f886d241d92d87e9f88a66f8009efeb88914566f621c3,DefineShape3,,,none; machine census only; no renderer export,machine-extracted-definition-candidate,owner-provided SWF,container=root; definitionDepth=0; tagOrdinal=1257; payloadBytes=36; rawTagPayloadSha256=040e02a25fe135b35b2f886d241d92d87e9f88a66f8009efeb88914566f621c3; exactTagIdentitySha256=473035b013f116eed3fc787232dcb29838dc08a73cc8a13a9b7b2a34cb97c2e3; runtime reachability unresolved; placement and bounds unresolved; renderer suitability unresolved
swf-definition-01258,302,,morph,source-assets/flash/HELP MATH_ORIGINAL FILES/HELP_COURSES/ELMGR5/L5/TI/L5TI02.swf,,,5aa49762d1489b805476bc7a6dd73bc86a318524eb18a4f3c3724baddb82a33f,DefineMorphShape,,,none; machine census only; no renderer export,machine-extracted-definition-candidate,owner-provided SWF,container=root; definitionDepth=0; tagOrdinal=1258; payloadBytes=610; rawTagPayloadSha256=5aa49762d1489b805476bc7a6dd73bc86a318524eb18a4f3c3724baddb82a33f; exactTagIdentitySha256=22695c9c7f186594b71e90e4168fa55cb2919d1bdadda44a7e7ffbe60c87440d; runtime reachability unresolved; placement and bounds unresolved; renderer suitability unresolved
swf-definition-01259,303,,text,source-assets/flash/HELP MATH_ORIGINAL FILES/HELP_COURSES/ELMGR5/L5/TI/L5TI02.swf,,,79f14fc389a304fd3aceab90902fcdfca5413aa87a66fc812d7fce65124c87dd,DefineText,,,none; machine census only; no renderer export,machine-extracted-definition-candidate,owner-provided SWF,container=root; definitionDepth=0; tagOrdinal=1259; payloadBytes=43; rawTagPayloadSha256=79f14fc389a304fd3aceab90902fcdfca5413aa87a66fc812d7fce65124c87dd; exactTagIdentitySha256=17c4dd34a3682335d50022efd20774e3d106d24569d53f77f057a221d7e596a6; runtime reachability unresolved; placement and bounds unresolved; renderer suitability unresolved
swf-definition-01260,304,,text,source-assets/flash/HELP MATH_ORIGINAL FILES/HELP_COURSES/ELMGR5/L5/TI/L5TI02.swf,,,5095a45b90f4145ee20aebe9f0d90b899d8fba8da24dff7f608ac51354746ae9,DefineText,,,none; machine census only; no renderer export,machine-extracted-definition-candidate,owner-provided SWF,container=root; definitionDepth=0; tagOrdinal=1260; payloadBytes=43; rawTagPayloadSha256=5095a45b90f4145ee20aebe9f0d90b899d8fba8da24dff7f608ac51354746ae9; exactTagIdentitySha256=52841454acd282404c534956673701668547dd1686f153eeff3e0d89def2b0e0; runtime reachability unresolved; placement and bounds unresolved; renderer suitability unresolved
swf-definition-01261,305,,shape,source-assets/flash/HELP MATH_ORIGINAL FILES/HELP_COURSES/ELMGR5/L5/TI/L5TI02.swf,,,fc5637fd89edde9ed31f2ad27a301c91e32c0dd1ca65082a4e2f6bf14efadf79,DefineShape3,,,none; machine census only; no renderer export,machine-extracted-definition-candidate,owner-provided SWF,container=root; definitionDepth=0; tagOrdinal=1261; payloadBytes=410; rawTagPayloadSha256=fc5637fd89edde9ed31f2ad27a301c91e32c0dd1ca65082a4e2f6bf14efadf79; exactTagIdentitySha256=762147486d6f366ca12473482ca0900c8f5072d3dba7459f8b1d1e1147664347; runtime reachability unresolved; placement and bounds unresolved; renderer suitability unresolved
swf-definition-01262,306,,morph,source-assets/flash/HELP MATH_ORIGINAL FILES/HELP_COURSES/ELMGR5/L5/TI/L5TI02.swf,,,52820abbaae4ac95e79e489dda89a6ed299c53d6d3797ea9afe08d3304e00c5b,DefineMorphShape,,,none; machine census only; no renderer export,machine-extracted-definition-candidate,owner-provided SWF,container=root; definitionDepth=0; tagOrdinal=1262; payloadBytes=610; rawTagPayloadSha256=52820abbaae4ac95e79e489dda89a6ed299c53d6d3797ea9afe08d3304e00c5b; exactTagIdentitySha256=43e9c9eb4eb6977e24ff92907782d71a847a9e0b0c7934a1621862e08f29db77; runtime reachability unresolved; placement and bounds unresolved; renderer suitability unresolved
swf-definition-01263,307,,shape,source-assets/flash/HELP MATH_ORIGINAL FILES/HELP_COURSES/ELMGR5/L5/TI/L5TI02.swf,,,bcc04f2036da071db3cf044b069d6c0a959d9a37d12e501609032a9c247a4629,DefineShape3,,,none; machine census only; no renderer export,machine-extracted-definition-candidate,owner-provided SWF,container=root; definitionDepth=0; tagOrdinal=1263; payloadBytes=219; rawTagPayloadSha256=bcc04f2036da071db3cf044b069d6c0a959d9a37d12e501609032a9c247a4629; exactTagIdentitySha256=e1c5c40ed4bfded3221319c80dbfd7daf2e310db75963c8ef6f9e4c3a464e442; runtime reachability unresolved; placement and bounds unresolved; renderer suitability unresolved
swf-definition-01264,308,,sprite,source-assets/flash/HELP MATH_ORIGINAL FILES/HELP_COURSES/ELMGR5/L5/TI/L5TI02.swf,,,13a321739ae266fef64f34ad0c34e469791a21464383755a722bdd24d06f8c68,DefineSprite,,,none; machine census only; no renderer export,machine-extracted-definition-candidate,owner-provided SWF,container=root; definitionDepth=0; tagOrdinal=1264; payloadBytes=11986; rawTagPayloadSha256=13a321739ae266fef64f34ad0c34e469791a21464383755a722bdd24d06f8c68; exactTagIdentitySha256=447ff1f2a2e143420d281e3e638151dead47f4d90234edd446754f2e30d3b3ed; declaredFrameCount=27; runtime reachability unresolved; placement and bounds unresolved; renderer suitability unresolved
swf-definition-01385,309,,text,source-assets/flash/HELP MATH_ORIGINAL FILES/HELP_COURSES/ELMGR5/L5/TI/L5TI02.swf,,,43129ec221a5f7c020e1a8a7a3be8f0f21dd1602373aef5b830b7936e79a4631,DefineText,,,none; machine census only; no renderer export,machine-extracted-definition-candidate,owner-provided SWF,container=root; definitionDepth=0; tagOrdinal=1385; payloadBytes=50; rawTagPayloadSha256=43129ec221a5f7c020e1a8a7a3be8f0f21dd1602373aef5b830b7936e79a4631; exactTagIdentitySha256=3c4eea439e825c80e96c6bf9f2ca25364876afba697222bb8119de0536934eba; runtime reachability unresolved; placement and bounds unresolved; renderer suitability unresolved
swf-definition-01386,310,,sprite,source-assets/flash/HELP MATH_ORIGINAL FILES/HELP_COURSES/ELMGR5/L5/TI/L5TI02.swf,,,274d0bddd528aa5688ff6358dc7d092f213d77443a1c0ca18c15ec6e61d47d07,DefineSprite,,,none; machine census only; no renderer export,machine-extracted-definition-candidate,owner-provided SWF,container=root; definitionDepth=0; tagOrdinal=1386; payloadBytes=22847; rawTagPayloadSha256=274d0bddd528aa5688ff6358dc7d092f213d77443a1c0ca18c15ec6e61d47d07; exactTagIdentitySha256=889a7c5483bdafa307ccd50b31d6d00cba09ae7942d45068652ded8bbf33fdb2; declaredFrameCount=55; runtime reachability unresolved; placement and bounds unresolved; renderer suitability unresolved
swf-definition-01509,311,,shape,source-assets/flash/HELP MATH_ORIGINAL FILES/HELP_COURSES/ELMGR5/L5/TI/L5TI02.swf,,,70ebb6bb5592b789691b69c9d53be6be4eabd5578bd850829e2fa1a7453ae49a,DefineShape,,,none; machine census only; no renderer export,machine-extracted-definition-candidate,owner-provided SWF,container=root; definitionDepth=0; tagOrdinal=1509; payloadBytes=64; rawTagPayloadSha256=70ebb6bb5592b789691b69c9d53be6be4eabd5578bd850829e2fa1a7453ae49a; exactTagIdentitySha256=643b10bba69444ded727b7fa7a28aec8abda65cb2a741fcaf24e839702e0aacb; runtime reachability unresolved; placement and bounds unresolved; renderer suitability unresolved
swf-definition-01510,312,,shape,source-assets/flash/HELP MATH_ORIGINAL FILES/HELP_COURSES/ELMGR5/L5/TI/L5TI02.swf,,,88a20f5de79eac46c0f6a8a12768ad62be977f2c32b145f459002dbee68d404c,DefineShape2,,,none; machine census only; no renderer export,machine-extracted-definition-candidate,owner-provided SWF,container=root; definitionDepth=0; tagOrdinal=1510; payloadBytes=287; rawTagPayloadSha256=88a20f5de79eac46c0f6a8a12768ad62be977f2c32b145f459002dbee68d404c; exactTagIdentitySha256=459c9be2dde2f3888e26636bdc7421ac4122672028eb5b2f8dd1c73ae025a619; runtime reachability unresolved; placement and bounds unresolved; renderer suitability unresolved
swf-definition-01511,313,,shape,source-assets/flash/HELP MATH_ORIGINAL FILES/HELP_COURSES/ELMGR5/L5/TI/L5TI02.swf,,,2562307528f6ff3fa6c1029947140465752a86e1294dbece88514f9b0548e60e,DefineShape2,,,none; machine census only; no renderer export,machine-extracted-definition-candidate,owner-provided SWF,container=root; definitionDepth=0; tagOrdinal=1511; payloadBytes=292; rawTagPayloadSha256=2562307528f6ff3fa6c1029947140465752a86e1294dbece88514f9b0548e60e; exactTagIdentitySha256=fb183225aaf52dca7a9e95e9786432f24573ae8506e566974f6097321ce5a005; runtime reachability unresolved; placement and bounds unresolved; renderer suitability unresolved
swf-definition-01512,314,,shape,source-assets/flash/HELP MATH_ORIGINAL FILES/HELP_COURSES/ELMGR5/L5/TI/L5TI02.swf,,,80afcf5e50c54c472aff8d248668598652c1a4f7df55e63a0a2beb2ce738dc45,DefineShape2,,,none; machine census only; no renderer export,machine-extracted-definition-candidate,owner-provided SWF,container=root; definitionDepth=0; tagOrdinal=1512; payloadBytes=336; rawTagPayloadSha256=80afcf5e50c54c472aff8d248668598652c1a4f7df55e63a0a2beb2ce738dc45; exactTagIdentitySha256=7851c221de873781c4df2adffd2295849f53ff707fca96d72e822de8c6122367; runtime reachability unresolved; placement and bounds unresolved; renderer suitability unresolved
swf-definition-01513,315,,sprite,source-assets/flash/HELP MATH_ORIGINAL FILES/HELP_COURSES/ELMGR5/L5/TI/L5TI02.swf,,,2093c702164e4f8be26407ead47ea343d0ec4e6d7b47eef0e2498ee6b269c4da,DefineSprite,,,none; machine census only; no renderer export,machine-extracted-definition-candidate,owner-provided SWF,container=root; definitionDepth=0; tagOrdinal=1513; payloadBytes=2040; rawTagPayloadSha256=2093c702164e4f8be26407ead47ea343d0ec4e6d7b47eef0e2498ee6b269c4da; exactTagIdentitySha256=c3481dd69c9afba979d58bd95e68d06ba4f3ee654c3cd4364366f07e2ed72cca; declaredFrameCount=5; runtime reachability unresolved; placement and bounds unresolved; renderer suitability unresolved
swf-definition-01528,316,,button,source-assets/flash/HELP MATH_ORIGINAL FILES/HELP_COURSES/ELMGR5/L5/TI/L5TI02.swf,,,3c41e5dcba7b7301e89f46a620ebab893b610507d337ab7fa0601133652ba4fe,DefineButton2,,,none; machine census only; no renderer export,machine-extracted-definition-candidate,owner-provided SWF,container=root; definitionDepth=0; tagOrdinal=1528; payloadBytes=221; rawTagPayloadSha256=3c41e5dcba7b7301e89f46a620ebab893b610507d337ab7fa0601133652ba4fe; exactTagIdentitySha256=de28887727830b7940744bf7c484781a2ea26b9c4590e19bc77399d0bb64e5f8; runtime reachability unresolved; placement and bounds unresolved; renderer suitability unresolved
swf-definition-01529,317,,shape,source-assets/flash/HELP MATH_ORIGINAL FILES/HELP_COURSES/ELMGR5/L5/TI/L5TI02.swf,,,f5a233b0f9c8fde39f7876121c73c0d0dbacb797c4211a704fbe72763cb9f525,DefineShape,,,none; machine census only; no renderer export,machine-extracted-definition-candidate,owner-provided SWF,container=root; definitionDepth=0; tagOrdinal=1529; payloadBytes=64; rawTagPayloadSha256=f5a233b0f9c8fde39f7876121c73c0d0dbacb797c4211a704fbe72763cb9f525; exactTagIdentitySha256=b1537239b792773b36187dcb163800b51bb7becc63d18f525b751baf6fdce37e; runtime reachability unresolved; placement and bounds unresolved; renderer suitability unresolved
swf-definition-01530,318,,text,source-assets/flash/HELP MATH_ORIGINAL FILES/HELP_COURSES/ELMGR5/L5/TI/L5TI02.swf,,,065aa0781e57dcd792f10c5d8ee54f1ed33d9370f8531a1391516f37ad900c1d,DefineText,,,none; machine census only; no renderer export,machine-extracted-definition-candidate,owner-provided SWF,container=root; definitionDepth=0; tagOrdinal=1530; payloadBytes=45; rawTagPayloadSha256=065aa0781e57dcd792f10c5d8ee54f1ed33d9370f8531a1391516f37ad900c1d; exactTagIdentitySha256=5f75e4038a038f9f0687de3d991c29affc3670a27c73c926db3d95397c4383b6; runtime reachability unresolved; placement and bounds unresolved; renderer suitability unresolved
swf-definition-01531,319,,sprite,source-assets/flash/HELP MATH_ORIGINAL FILES/HELP_COURSES/ELMGR5/L5/TI/L5TI02.swf,,,fa6514110656f85e5b0ddf401a86dd66a20b727369c69d50d8f07f51c641e83f,DefineSprite,,,none; machine census only; no renderer export,machine-extracted-definition-candidate,owner-provided SWF,container=root; definitionDepth=0; tagOrdinal=1531; payloadBytes=61; rawTagPayloadSha256=fa6514110656f85e5b0ddf401a86dd66a20b727369c69d50d8f07f51c641e83f; exactTagIdentitySha256=5593e329fdfede34f28d83868891b9b3d7c2dca2fbb3b688a4dd4daabf139681; declaredFrameCount=1; runtime reachability unresolved; placement and bounds unresolved; renderer suitability unresolved
swf-definition-01538,320,,sprite,source-assets/flash/HELP MATH_ORIGINAL FILES/HELP_COURSES/ELMGR5/L5/TI/L5TI02.swf,,,05df7e291b3551b396bd4a11364f7c77eb0d368105923edc4c2706579fe109cd,DefineSprite,,,none; machine census only; no renderer export,machine-extracted-definition-candidate,owner-provided SWF,container=root; definitionDepth=0; tagOrdinal=1538; payloadBytes=103227; rawTagPayloadSha256=05df7e291b3551b396bd4a11364f7c77eb0d368105923edc4c2706579fe109cd; exactTagIdentitySha256=9b6cb09cc71f0e64225ba7925669e6aab4ccbcaba31d2e01370b3928fed336dd; declaredFrameCount=227; runtime reachability unresolved; placement and bounds unresolved; renderer suitability unresolved
