asset_id,swf_character_id,library_symbol,type,source_file,source_frame,exported_file,sha256,format,dimensions_or_bounds,font_glyphs,transformation,confidence,license_or_provenance,notes
swf-definition-00010,1,,shape,source-assets/flash/HELP MATH_ORIGINAL FILES/HELP_COURSES/ELMGR5/L4/FQ/L4FQ02.swf,,,56a08e5b5804021d81c4eed58e5b3fc9de51f057033be04b6ddb6c772b1d98bf,DefineShape,,,none; machine census only; no renderer export,machine-extracted-definition-candidate,owner-provided SWF,container=root; definitionDepth=0; tagOrdinal=10; payloadBytes=1267; rawTagPayloadSha256=56a08e5b5804021d81c4eed58e5b3fc9de51f057033be04b6ddb6c772b1d98bf; exactTagIdentitySha256=b03926ecbd21bd70e5f463bd2bc3d59bbb63996ba208aea824b9159725a4f561; runtime reachability unresolved; placement and bounds unresolved; renderer suitability unresolved
swf-definition-00012,2,Bauhaus Md BT,font,source-assets/flash/HELP MATH_ORIGINAL FILES/HELP_COURSES/ELMGR5/L4/FQ/L4FQ02.swf,,,3b2bf29ebb7d91a62cc78648122e183a1c0c3e4db7755b5b4c301086dd462d19,DefineFont2,,115,none; machine census only; no renderer export,machine-extracted-definition-candidate,owner-provided SWF,container=root; definitionDepth=0; tagOrdinal=12; payloadBytes=8558; rawTagPayloadSha256=3b2bf29ebb7d91a62cc78648122e183a1c0c3e4db7755b5b4c301086dd462d19; exactTagIdentitySha256=683959d625fa6a7ded6e56a9a62c5b268ea1e253823cd26f2f30a68fd866dd82; runtime reachability unresolved; placement and bounds unresolved; renderer suitability unresolved
swf-definition-00013,3,,text,source-assets/flash/HELP MATH_ORIGINAL FILES/HELP_COURSES/ELMGR5/L4/FQ/L4FQ02.swf,,,f3f64590b41430e785f7df4ae4b14beadf397c4d09d153d934cddc72f51a5bfe,DefineText,,,none; machine census only; no renderer export,machine-extracted-definition-candidate,owner-provided SWF,container=root; definitionDepth=0; tagOrdinal=13; payloadBytes=103; rawTagPayloadSha256=f3f64590b41430e785f7df4ae4b14beadf397c4d09d153d934cddc72f51a5bfe; exactTagIdentitySha256=07ee2af51e410925a6bff9af66d248597332b1b62c83900f9f76cfca56a5f541; runtime reachability unresolved; placement and bounds unresolved; renderer suitability unresolved
swf-definition-00015,4,Verdana,font,source-assets/flash/HELP MATH_ORIGINAL FILES/HELP_COURSES/ELMGR5/L4/FQ/L4FQ02.swf,,,6417e62a26a269f1544097745f2b8aa38542369a9dd4845e826b0bee67a146f9,DefineFont2,,0,none; machine census only; no renderer export,machine-extracted-definition-candidate,owner-provided SWF,container=root; definitionDepth=0; tagOrdinal=15; payloadBytes=17; rawTagPayloadSha256=6417e62a26a269f1544097745f2b8aa38542369a9dd4845e826b0bee67a146f9; exactTagIdentitySha256=ae34f08187575c0910644ae77ec92482d3ac600757770c7486badf12f00b353c; runtime reachability unresolved; placement and bounds unresolved; renderer suitability unresolved
swf-definition-00016,5,,text,source-assets/flash/HELP MATH_ORIGINAL FILES/HELP_COURSES/ELMGR5/L4/FQ/L4FQ02.swf,,,6f30193d4cc0e93ede8234a1a5b74caf2ab62fd81d034a8c96c549aae51772f6,DefineEditText,,,none; machine census only; no renderer export,machine-extracted-definition-candidate,owner-provided SWF,container=root; definitionDepth=0; tagOrdinal=16; payloadBytes=30; rawTagPayloadSha256=6f30193d4cc0e93ede8234a1a5b74caf2ab62fd81d034a8c96c549aae51772f6; exactTagIdentitySha256=624bd2c088037ff6bf249f639a969737f1ff429888ed67740c4f2b14ab3a453a; runtime reachability unresolved; placement and bounds unresolved; renderer suitability unresolved
swf-definition-00017,6,,shape,source-assets/flash/HELP MATH_ORIGINAL FILES/HELP_COURSES/ELMGR5/L4/FQ/L4FQ02.swf,,,f10183bfa53a8e59723fec0147680d52f0dc1e3dc94e2c676275a0bef05951a0,DefineShape3,,,none; machine census only; no renderer export,machine-extracted-definition-candidate,owner-provided SWF,container=root; definitionDepth=0; tagOrdinal=17; payloadBytes=398; rawTagPayloadSha256=f10183bfa53a8e59723fec0147680d52f0dc1e3dc94e2c676275a0bef05951a0; exactTagIdentitySha256=da8ae7ece9b499dec324edb3f6705062ca94494bfee52872cc33f93b5cad8144; runtime reachability unresolved; placement and bounds unresolved; renderer suitability unresolved
swf-definition-00018,7,,shape,source-assets/flash/HELP MATH_ORIGINAL FILES/HELP_COURSES/ELMGR5/L4/FQ/L4FQ02.swf,,,31b822c68778383fb82968f3b7d3713ffb9ccfb1295707f3de65266af6f9b861,DefineShape3,,,none; machine census only; no renderer export,machine-extracted-definition-candidate,owner-provided SWF,container=root; definitionDepth=0; tagOrdinal=18; payloadBytes=93; rawTagPayloadSha256=31b822c68778383fb82968f3b7d3713ffb9ccfb1295707f3de65266af6f9b861; exactTagIdentitySha256=c1a14360a9714865c9054e24afb05ba56422389c88b37c9793c53606a391442b; runtime reachability unresolved; placement and bounds unresolved; renderer suitability unresolved
swf-definition-00019,8,,shape,source-assets/flash/HELP MATH_ORIGINAL FILES/HELP_COURSES/ELMGR5/L4/FQ/L4FQ02.swf,,,8e6ada5e6688456f48808b43eed055d624ade2f422f0b0f158dfbed85f3ca93c,DefineShape3,,,none; machine census only; no renderer export,machine-extracted-definition-candidate,owner-provided SWF,container=root; definitionDepth=0; tagOrdinal=19; payloadBytes=82; rawTagPayloadSha256=8e6ada5e6688456f48808b43eed055d624ade2f422f0b0f158dfbed85f3ca93c; exactTagIdentitySha256=ef448ecc0c477739f42622513e66a4e6193c6b333fff07fb80cf02bf144fd056; runtime reachability unresolved; placement and bounds unresolved; renderer suitability unresolved
swf-definition-00020,9,Arial,font,source-assets/flash/HELP MATH_ORIGINAL FILES/HELP_COURSES/ELMGR5/L4/FQ/L4FQ02.swf,,,1c409a226d95d64c358d5e59790d5a56c8c99528482353e13a16767933ed7ce5,DefineFont2,,7,none; machine census only; no renderer export,machine-extracted-definition-candidate,owner-provided SWF,container=root; definitionDepth=0; tagOrdinal=20; payloadBytes=561; rawTagPayloadSha256=1c409a226d95d64c358d5e59790d5a56c8c99528482353e13a16767933ed7ce5; exactTagIdentitySha256=718a9d0b6610646ec841699b821d3db32166acfdd07b2924034ff2804babf6b9; runtime reachability unresolved; placement and bounds unresolved; renderer suitability unresolved
swf-definition-00021,10,,text,source-assets/flash/HELP MATH_ORIGINAL FILES/HELP_COURSES/ELMGR5/L4/FQ/L4FQ02.swf,,,dc3899ddee90555e7f27ad96399229d141c355bc9d5b4d2af6fdbe04633dc164,DefineText,,,none; machine census only; no renderer export,machine-extracted-definition-candidate,owner-provided SWF,container=root; definitionDepth=0; tagOrdinal=21; payloadBytes=40; rawTagPayloadSha256=dc3899ddee90555e7f27ad96399229d141c355bc9d5b4d2af6fdbe04633dc164; exactTagIdentitySha256=ca536a7016311ebdc60465a58b5e33c8071e73e5665efec503fee6a9d095d134; runtime reachability unresolved; placement and bounds unresolved; renderer suitability unresolved
swf-definition-00022,11,,shape,source-assets/flash/HELP MATH_ORIGINAL FILES/HELP_COURSES/ELMGR5/L4/FQ/L4FQ02.swf,,,c3b7bb748328c187379da8653d5b2c55fbb38fc88298cf6440f6a630bd940a22,DefineShape3,,,none; machine census only; no renderer export,machine-extracted-definition-candidate,owner-provided SWF,container=root; definitionDepth=0; tagOrdinal=22; payloadBytes=93; rawTagPayloadSha256=c3b7bb748328c187379da8653d5b2c55fbb38fc88298cf6440f6a630bd940a22; exactTagIdentitySha256=7489ad90f38cda91225d454e33fd5d85ec43199277d0779346060b57597fe396; runtime reachability unresolved; placement and bounds unresolved; renderer suitability unresolved
swf-definition-00023,12,,button,source-assets/flash/HELP MATH_ORIGINAL FILES/HELP_COURSES/ELMGR5/L4/FQ/L4FQ02.swf,,,95eaedba186672841e19851e7b22b08c73debb75298d4764e8207fd4109d3461,DefineButton2,,,none; machine census only; no renderer export,machine-extracted-definition-candidate,owner-provided SWF,container=root; definitionDepth=0; tagOrdinal=23; payloadBytes=845; rawTagPayloadSha256=95eaedba186672841e19851e7b22b08c73debb75298d4764e8207fd4109d3461; exactTagIdentitySha256=f57f63f4aad8643b5cbfec0ab704b678d40e54df52cc6bf6b15ea1b83c1d7700; runtime reachability unresolved; placement and bounds unresolved; renderer suitability unresolved
swf-definition-00024,13,,text,source-assets/flash/HELP MATH_ORIGINAL FILES/HELP_COURSES/ELMGR5/L4/FQ/L4FQ02.swf,,,8464e13a045c95faa1445c6fd0e9157ec04ee916de002d7371b5995d0de08179,DefineText,,,none; machine census only; no renderer export,machine-extracted-definition-candidate,owner-provided SWF,container=root; definitionDepth=0; tagOrdinal=24; payloadBytes=88; rawTagPayloadSha256=8464e13a045c95faa1445c6fd0e9157ec04ee916de002d7371b5995d0de08179; exactTagIdentitySha256=ece3120e1d9d89881646a493186e80c1f11222c1ff4139d0cd8cd502beeaa9a3; runtime reachability unresolved; placement and bounds unresolved; renderer suitability unresolved
swf-definition-00025,14,,text,source-assets/flash/HELP MATH_ORIGINAL FILES/HELP_COURSES/ELMGR5/L4/FQ/L4FQ02.swf,,,0c43c36a1534e9780f41f2d50ac1aa92a8dc37d07bfc56046b501b9ab71706cb,DefineText,,,none; machine census only; no renderer export,machine-extracted-definition-candidate,owner-provided SWF,container=root; definitionDepth=0; tagOrdinal=25; payloadBytes=54; rawTagPayloadSha256=0c43c36a1534e9780f41f2d50ac1aa92a8dc37d07bfc56046b501b9ab71706cb; exactTagIdentitySha256=a835a2c26d7ca0043823216d7ed3b8646ba52bfdfff40775325cdec09fc6e71e; runtime reachability unresolved; placement and bounds unresolved; renderer suitability unresolved
swf-definition-00026,15,,text,source-assets/flash/HELP MATH_ORIGINAL FILES/HELP_COURSES/ELMGR5/L4/FQ/L4FQ02.swf,,,0548cfb05497ee24540a6ee7e100370d3c63ad67b28814ed2fee940c8166b339,DefineEditText,,,none; machine census only; no renderer export,machine-extracted-definition-candidate,owner-provided SWF,container=root; definitionDepth=0; tagOrdinal=26; payloadBytes=30; rawTagPayloadSha256=0548cfb05497ee24540a6ee7e100370d3c63ad67b28814ed2fee940c8166b339; exactTagIdentitySha256=29ca1923bbf196367321ac00b4f0c60b88a19112d7f090bf8e913961256b9711; runtime reachability unresolved; placement and bounds unresolved; renderer suitability unresolved
swf-definition-00027,16,,sprite,source-assets/flash/HELP MATH_ORIGINAL FILES/HELP_COURSES/ELMGR5/L4/FQ/L4FQ02.swf,,,ed05b95f7ffc0943a1eb19f91f5beb14ee7e8911909b9f1085c144e7d6f69b6e,DefineSprite,,,none; machine census only; no renderer export,machine-extracted-definition-candidate,owner-provided SWF,container=root; definitionDepth=0; tagOrdinal=27; payloadBytes=1475; rawTagPayloadSha256=ed05b95f7ffc0943a1eb19f91f5beb14ee7e8911909b9f1085c144e7d6f69b6e; exactTagIdentitySha256=430b092f9d9a03e4d5999e8d3477bff48dcd59f1397676036762195a79002777; declaredFrameCount=2; runtime reachability unresolved; placement and bounds unresolved; renderer suitability unresolved
swf-definition-00038,17,,shape,source-assets/flash/HELP MATH_ORIGINAL FILES/HELP_COURSES/ELMGR5/L4/FQ/L4FQ02.swf,,,e73b6d5bdf40fbbddf5b590648e28cf0367f858b8155732d8b6090bfab7d77a8,DefineShape,,,none; machine census only; no renderer export,machine-extracted-definition-candidate,owner-provided SWF,container=root; definitionDepth=0; tagOrdinal=38; payloadBytes=101; rawTagPayloadSha256=e73b6d5bdf40fbbddf5b590648e28cf0367f858b8155732d8b6090bfab7d77a8; exactTagIdentitySha256=b78774ef2c6ce699b6b50c15195aeb7539e4f60eaa69c6d3bbfc4372a1593cc8; runtime reachability unresolved; placement and bounds unresolved; renderer suitability unresolved
swf-definition-00039,18,,text,source-assets/flash/HELP MATH_ORIGINAL FILES/HELP_COURSES/ELMGR5/L4/FQ/L4FQ02.swf,,,d68387974fcd393cb0b5ed37453440c20fc84967d45654b8a65b33a1c097a2cf,DefineEditText,,,none; machine census only; no renderer export,machine-extracted-definition-candidate,owner-provided SWF,container=root; definitionDepth=0; tagOrdinal=39; payloadBytes=32; rawTagPayloadSha256=d68387974fcd393cb0b5ed37453440c20fc84967d45654b8a65b33a1c097a2cf; exactTagIdentitySha256=0aadf2cba5b1b61110ce26d449db6215bf35cae0746f2cb3695e3030ad8b3ef0; runtime reachability unresolved; placement and bounds unresolved; renderer suitability unresolved
swf-definition-00040,19,,text,source-assets/flash/HELP MATH_ORIGINAL FILES/HELP_COURSES/ELMGR5/L4/FQ/L4FQ02.swf,,,308b2cf4e675a7e709a4497ee91d153ce7b87c7a09217612767f92bc88bda5e6,DefineEditText,,,none; machine census only; no renderer export,machine-extracted-definition-candidate,owner-provided SWF,container=root; definitionDepth=0; tagOrdinal=40; payloadBytes=37; rawTagPayloadSha256=308b2cf4e675a7e709a4497ee91d153ce7b87c7a09217612767f92bc88bda5e6; exactTagIdentitySha256=52ebf179f6863f5771e42de54535b3343fc610e8450f1f47a7da3cf690fc1889; runtime reachability unresolved; placement and bounds unresolved; renderer suitability unresolved
swf-definition-00041,20,,text,source-assets/flash/HELP MATH_ORIGINAL FILES/HELP_COURSES/ELMGR5/L4/FQ/L4FQ02.swf,,,86c3ab26c6de09240b0e0e92fc413c7c43b84162e54a9cd80c510fda8438cfe0,DefineEditText,,,none; machine census only; no renderer export,machine-extracted-definition-candidate,owner-provided SWF,container=root; definitionDepth=0; tagOrdinal=41; payloadBytes=33; rawTagPayloadSha256=86c3ab26c6de09240b0e0e92fc413c7c43b84162e54a9cd80c510fda8438cfe0; exactTagIdentitySha256=01279e0658e109d22441779f0742785544d4488340e7d3eab9ef1a69c0af8881; runtime reachability unresolved; placement and bounds unresolved; renderer suitability unresolved
swf-definition-00042,21,Bauhaus Md BT,font,source-assets/flash/HELP MATH_ORIGINAL FILES/HELP_COURSES/ELMGR5/L4/FQ/L4FQ02.swf,,,5bc1b943b09cb8e0ce58f90825b74c4fcd379ba418e34fac82c9fdcb58a66d6e,DefineFont2,,27,none; machine census only; no renderer export,machine-extracted-definition-candidate,owner-provided SWF,container=root; definitionDepth=0; tagOrdinal=42; payloadBytes=2290; rawTagPayloadSha256=5bc1b943b09cb8e0ce58f90825b74c4fcd379ba418e34fac82c9fdcb58a66d6e; exactTagIdentitySha256=e479d4e57f309d43251808453d70e22383ef58062ff31b877a31d79e068aa421; runtime reachability unresolved; placement and bounds unresolved; renderer suitability unresolved
swf-definition-00043,22,,text,source-assets/flash/HELP MATH_ORIGINAL FILES/HELP_COURSES/ELMGR5/L4/FQ/L4FQ02.swf,,,9c04f9091e849b40b27d44ba8ff901856cfea72d58cb017e6cdb2eabfe6d6299,DefineText,,,none; machine census only; no renderer export,machine-extracted-definition-candidate,owner-provided SWF,container=root; definitionDepth=0; tagOrdinal=43; payloadBytes=188; rawTagPayloadSha256=9c04f9091e849b40b27d44ba8ff901856cfea72d58cb017e6cdb2eabfe6d6299; exactTagIdentitySha256=b487805daa2f687744ee38a74844cc91cc4dc4333c27a7a18addda57e02567d5; runtime reachability unresolved; placement and bounds unresolved; renderer suitability unresolved
swf-definition-00044,23,,shape,source-assets/flash/HELP MATH_ORIGINAL FILES/HELP_COURSES/ELMGR5/L4/FQ/L4FQ02.swf,,,9fa2b14c886eff19fca016bb8c7cff9102fefcdc2206efcc62fb9f45eec59cac,DefineShape2,,,none; machine census only; no renderer export,machine-extracted-definition-candidate,owner-provided SWF,container=root; definitionDepth=0; tagOrdinal=44; payloadBytes=355; rawTagPayloadSha256=9fa2b14c886eff19fca016bb8c7cff9102fefcdc2206efcc62fb9f45eec59cac; exactTagIdentitySha256=ca083a21f5e6122de2e14a8141eb7f43bbaa79001d579e685f4b5a784e00b94a; runtime reachability unresolved; placement and bounds unresolved; renderer suitability unresolved
swf-definition-00045,24,,text,source-assets/flash/HELP MATH_ORIGINAL FILES/HELP_COURSES/ELMGR5/L4/FQ/L4FQ02.swf,,,381c229cfd2de8839036fdd04c2f2818ae3cf6a0eb039bf8c8b28aab0d8a1d9f,DefineText,,,none; machine census only; no renderer export,machine-extracted-definition-candidate,owner-provided SWF,container=root; definitionDepth=0; tagOrdinal=45; payloadBytes=25; rawTagPayloadSha256=381c229cfd2de8839036fdd04c2f2818ae3cf6a0eb039bf8c8b28aab0d8a1d9f; exactTagIdentitySha256=d3bc4f5801e77a2cde3f307b0c70b84e508d033e6a227c4b246ce8267b35ba72; runtime reachability unresolved; placement and bounds unresolved; renderer suitability unresolved
swf-definition-00046,25,,text,source-assets/flash/HELP MATH_ORIGINAL FILES/HELP_COURSES/ELMGR5/L4/FQ/L4FQ02.swf,,,23170adb852365ea46e986b9085124e5f986352bf681598605dcb6a480545433,DefineText,,,none; machine census only; no renderer export,machine-extracted-definition-candidate,owner-provided SWF,container=root; definitionDepth=0; tagOrdinal=46; payloadBytes=25; rawTagPayloadSha256=23170adb852365ea46e986b9085124e5f986352bf681598605dcb6a480545433; exactTagIdentitySha256=e0337676f0a83b909f27113f0046d477f364947b37241f22b9cfdc8f4554d54f; runtime reachability unresolved; placement and bounds unresolved; renderer suitability unresolved
swf-definition-00047,26,,text,source-assets/flash/HELP MATH_ORIGINAL FILES/HELP_COURSES/ELMGR5/L4/FQ/L4FQ02.swf,,,346b14dcdb613cd8d86aaf9162e3890d0e811e4030176287ac80d428c64daeee,DefineText,,,none; machine census only; no renderer export,machine-extracted-definition-candidate,owner-provided SWF,container=root; definitionDepth=0; tagOrdinal=47; payloadBytes=25; rawTagPayloadSha256=346b14dcdb613cd8d86aaf9162e3890d0e811e4030176287ac80d428c64daeee; exactTagIdentitySha256=0f7f2f632702074fac7f6d97d5843be790616ce82d63e4addc4f11877d0c726a; runtime reachability unresolved; placement and bounds unresolved; renderer suitability unresolved
swf-definition-00048,27,,text,source-assets/flash/HELP MATH_ORIGINAL FILES/HELP_COURSES/ELMGR5/L4/FQ/L4FQ02.swf,,,771079ae2dcc0fd7bfc691d86f56b5ca05891d236f68731a2b0705c49547b914,DefineText,,,none; machine census only; no renderer export,machine-extracted-definition-candidate,owner-provided SWF,container=root; definitionDepth=0; tagOrdinal=48; payloadBytes=25; rawTagPayloadSha256=771079ae2dcc0fd7bfc691d86f56b5ca05891d236f68731a2b0705c49547b914; exactTagIdentitySha256=de7799e03ed2fd71068421ae1e9874b4f849ae66aa167f68d6d8641bd4e0d42c; runtime reachability unresolved; placement and bounds unresolved; renderer suitability unresolved
swf-definition-00049,28,,text,source-assets/flash/HELP MATH_ORIGINAL FILES/HELP_COURSES/ELMGR5/L4/FQ/L4FQ02.swf,,,d1b3297cbf8f9fcf0f50b791b00ee1ddd82142a5c2946bfdb09ec50ca0495dc0,DefineText,,,none; machine census only; no renderer export,machine-extracted-definition-candidate,owner-provided SWF,container=root; definitionDepth=0; tagOrdinal=49; payloadBytes=25; rawTagPayloadSha256=d1b3297cbf8f9fcf0f50b791b00ee1ddd82142a5c2946bfdb09ec50ca0495dc0; exactTagIdentitySha256=7610ec3d0025fefd6ead063ef7fddfc061094b6f7bb7eb0f33996d862d8127a4; runtime reachability unresolved; placement and bounds unresolved; renderer suitability unresolved
swf-definition-00050,29,,text,source-assets/flash/HELP MATH_ORIGINAL FILES/HELP_COURSES/ELMGR5/L4/FQ/L4FQ02.swf,,,857f0a8841ed14ef34adeed6555e7e32131b011148bb50f8e72aa4a4da900868,DefineText,,,none; machine census only; no renderer export,machine-extracted-definition-candidate,owner-provided SWF,container=root; definitionDepth=0; tagOrdinal=50; payloadBytes=26; rawTagPayloadSha256=857f0a8841ed14ef34adeed6555e7e32131b011148bb50f8e72aa4a4da900868; exactTagIdentitySha256=21250231884aea970c7bc19152c4e221aff1b001242b97fee0dcd8fb2a891cba; runtime reachability unresolved; placement and bounds unresolved; renderer suitability unresolved
swf-definition-00051,30,,text,source-assets/flash/HELP MATH_ORIGINAL FILES/HELP_COURSES/ELMGR5/L4/FQ/L4FQ02.swf,,,1b8436b613a3cab5160a84980d3375cd7f9fe1d80f4fd72cd78caf41b4825e30,DefineText,,,none; machine census only; no renderer export,machine-extracted-definition-candidate,owner-provided SWF,container=root; definitionDepth=0; tagOrdinal=51; payloadBytes=25; rawTagPayloadSha256=1b8436b613a3cab5160a84980d3375cd7f9fe1d80f4fd72cd78caf41b4825e30; exactTagIdentitySha256=441279429fed48ae5f9e0893c80fd93092c10ef92b361e48461ec42821ee374d; runtime reachability unresolved; placement and bounds unresolved; renderer suitability unresolved
swf-definition-00052,31,,text,source-assets/flash/HELP MATH_ORIGINAL FILES/HELP_COURSES/ELMGR5/L4/FQ/L4FQ02.swf,,,10c9a340a0d29a024050a9440125a91d56b79dc0cf329a1a2cdb1218a2cdbc87,DefineText,,,none; machine census only; no renderer export,machine-extracted-definition-candidate,owner-provided SWF,container=root; definitionDepth=0; tagOrdinal=52; payloadBytes=26; rawTagPayloadSha256=10c9a340a0d29a024050a9440125a91d56b79dc0cf329a1a2cdb1218a2cdbc87; exactTagIdentitySha256=080677caf2da68fe34d4d47012d3a7632b3e8f58705ef0e73fcd493b1106adcd; runtime reachability unresolved; placement and bounds unresolved; renderer suitability unresolved
swf-definition-00053,32,,text,source-assets/flash/HELP MATH_ORIGINAL FILES/HELP_COURSES/ELMGR5/L4/FQ/L4FQ02.swf,,,6ba5a2a6f548a0bd6753c12fab57e692c77fad8f04caff410838ba79384d91f5,DefineText,,,none; machine census only; no renderer export,machine-extracted-definition-candidate,owner-provided SWF,container=root; definitionDepth=0; tagOrdinal=53; payloadBytes=26; rawTagPayloadSha256=6ba5a2a6f548a0bd6753c12fab57e692c77fad8f04caff410838ba79384d91f5; exactTagIdentitySha256=41dd8fc47618708add00d0269ba258b7bff2c996840f5183fbc626abbd85581e; runtime reachability unresolved; placement and bounds unresolved; renderer suitability unresolved
swf-definition-00054,33,,shape,source-assets/flash/HELP MATH_ORIGINAL FILES/HELP_COURSES/ELMGR5/L4/FQ/L4FQ02.swf,,,91a8df5e7cca2725e184314a0075cc05bcdf9fbcabd5b6525a2326147daa309e,DefineShape3,,,none; machine census only; no renderer export,machine-extracted-definition-candidate,owner-provided SWF,container=root; definitionDepth=0; tagOrdinal=54; payloadBytes=452; rawTagPayloadSha256=91a8df5e7cca2725e184314a0075cc05bcdf9fbcabd5b6525a2326147daa309e; exactTagIdentitySha256=c3431678740b1eac26d228281e8fc9e37331f982a7439bcf7f65ecd383fc8007; runtime reachability unresolved; placement and bounds unresolved; renderer suitability unresolved
swf-definition-00055,34,,text,source-assets/flash/HELP MATH_ORIGINAL FILES/HELP_COURSES/ELMGR5/L4/FQ/L4FQ02.swf,,,6567261a8f840d078f10c5e20f1d72ca51bb4d4e5415c77d64f60c4a06f2f1e5,DefineText,,,none; machine census only; no renderer export,machine-extracted-definition-candidate,owner-provided SWF,container=root; definitionDepth=0; tagOrdinal=55; payloadBytes=25; rawTagPayloadSha256=6567261a8f840d078f10c5e20f1d72ca51bb4d4e5415c77d64f60c4a06f2f1e5; exactTagIdentitySha256=d912a0ecab4adcddc67e114d5fdda945c425b2635c53d7b1f9dbe06e4f450fc6; runtime reachability unresolved; placement and bounds unresolved; renderer suitability unresolved
swf-definition-00056,35,,text,source-assets/flash/HELP MATH_ORIGINAL FILES/HELP_COURSES/ELMGR5/L4/FQ/L4FQ02.swf,,,220630ccfea4f5320d47206d2e85c6f5b5a35dc87e3d6ddc0a592b2819d40202,DefineText,,,none; machine census only; no renderer export,machine-extracted-definition-candidate,owner-provided SWF,container=root; definitionDepth=0; tagOrdinal=56; payloadBytes=30; rawTagPayloadSha256=220630ccfea4f5320d47206d2e85c6f5b5a35dc87e3d6ddc0a592b2819d40202; exactTagIdentitySha256=c3f672ff6e945bc1b8a1bb7337ee5ad6ab3acfc5d8587db6f58f41ca57029992; runtime reachability unresolved; placement and bounds unresolved; renderer suitability unresolved
swf-definition-00057,36,,shape,source-assets/flash/HELP MATH_ORIGINAL FILES/HELP_COURSES/ELMGR5/L4/FQ/L4FQ02.swf,,,2ad8092e0d07d95c956481e5eea31348fea91cec9832008fb1c392501d33b704,DefineShape3,,,none; machine census only; no renderer export,machine-extracted-definition-candidate,owner-provided SWF,container=root; definitionDepth=0; tagOrdinal=57; payloadBytes=32; rawTagPayloadSha256=2ad8092e0d07d95c956481e5eea31348fea91cec9832008fb1c392501d33b704; exactTagIdentitySha256=9e8c7b60f8c1a90aaae6e8a6abd55f5c855a3503a9a91aab4fb239722f82e3e0; runtime reachability unresolved; placement and bounds unresolved; renderer suitability unresolved
swf-definition-00058,37,,button,source-assets/flash/HELP MATH_ORIGINAL FILES/HELP_COURSES/ELMGR5/L4/FQ/L4FQ02.swf,,,4afbf6c8f2f0fc498636bae1f04249c36f33bfda1f5fc62ec686e3fea978ae90,DefineButton2,,,none; machine census only; no renderer export,machine-extracted-definition-candidate,owner-provided SWF,container=root; definitionDepth=0; tagOrdinal=58; payloadBytes=13; rawTagPayloadSha256=4afbf6c8f2f0fc498636bae1f04249c36f33bfda1f5fc62ec686e3fea978ae90; exactTagIdentitySha256=2c1a7a6d71bac66edd2d8a711f6de375f3779a153a405c58e68464f666f9581b; runtime reachability unresolved; placement and bounds unresolved; renderer suitability unresolved
swf-definition-00059,38,,sprite,source-assets/flash/HELP MATH_ORIGINAL FILES/HELP_COURSES/ELMGR5/L4/FQ/L4FQ02.swf,,,6d71b0713f2cc697c1cb4b827032e77b15b7d04b46f8e5008a3cdfabbd39d290,DefineSprite,,,none; machine census only; no renderer export,machine-extracted-definition-candidate,owner-provided SWF,container=root; definitionDepth=0; tagOrdinal=59; payloadBytes=75; rawTagPayloadSha256=6d71b0713f2cc697c1cb4b827032e77b15b7d04b46f8e5008a3cdfabbd39d290; exactTagIdentitySha256=8e52b85cc1f5c2e4ee388eaca7590e679cc79d8b75ababe328e5ec4aaa40d2f7; declaredFrameCount=1; runtime reachability unresolved; placement and bounds unresolved; renderer suitability unresolved
swf-definition-00066,39,,shape,source-assets/flash/HELP MATH_ORIGINAL FILES/HELP_COURSES/ELMGR5/L4/FQ/L4FQ02.swf,,,bc8115e5c8214200d8f22a4e2490d4cda8d30f539ac8360069376972b3bbc609,DefineShape3,,,none; machine census only; no renderer export,machine-extracted-definition-candidate,owner-provided SWF,container=root; definitionDepth=0; tagOrdinal=66; payloadBytes=452; rawTagPayloadSha256=bc8115e5c8214200d8f22a4e2490d4cda8d30f539ac8360069376972b3bbc609; exactTagIdentitySha256=89bed9d949ca686e386d1402f7393ee77d2cb708d792d9f369a518897358c133; runtime reachability unresolved; placement and bounds unresolved; renderer suitability unresolved
swf-definition-00067,40,,text,source-assets/flash/HELP MATH_ORIGINAL FILES/HELP_COURSES/ELMGR5/L4/FQ/L4FQ02.swf,,,0cee5407b8ff992c9c7fd3f740b3b94289b6df9e16ce2f23793178ec6f926281,DefineText,,,none; machine census only; no renderer export,machine-extracted-definition-candidate,owner-provided SWF,container=root; definitionDepth=0; tagOrdinal=67; payloadBytes=25; rawTagPayloadSha256=0cee5407b8ff992c9c7fd3f740b3b94289b6df9e16ce2f23793178ec6f926281; exactTagIdentitySha256=a5c656d9a391415348dd561672630009319a8de2ce2c80ec58638d0b4f64a847; runtime reachability unresolved; placement and bounds unresolved; renderer suitability unresolved
swf-definition-00068,41,,text,source-assets/flash/HELP MATH_ORIGINAL FILES/HELP_COURSES/ELMGR5/L4/FQ/L4FQ02.swf,,,b7b454905e1cdd7cb07332306d33c71f7c0311052c3215f5aaa8da17acb068ea,DefineText,,,none; machine census only; no renderer export,machine-extracted-definition-candidate,owner-provided SWF,container=root; definitionDepth=0; tagOrdinal=68; payloadBytes=31; rawTagPayloadSha256=b7b454905e1cdd7cb07332306d33c71f7c0311052c3215f5aaa8da17acb068ea; exactTagIdentitySha256=5e0527614ab35d0b70c95e3a51546ea88cf9cc2f9d62d4374c66cbaf862938fb; runtime reachability unresolved; placement and bounds unresolved; renderer suitability unresolved
swf-definition-00069,42,,sprite,source-assets/flash/HELP MATH_ORIGINAL FILES/HELP_COURSES/ELMGR5/L4/FQ/L4FQ02.swf,,,6eaad402580f79e4f10b99c711d60c47106ceb82ce8faaf5c4e15f6d81874917,DefineSprite,,,none; machine census only; no renderer export,machine-extracted-definition-candidate,owner-provided SWF,container=root; definitionDepth=0; tagOrdinal=69; payloadBytes=75; rawTagPayloadSha256=6eaad402580f79e4f10b99c711d60c47106ceb82ce8faaf5c4e15f6d81874917; exactTagIdentitySha256=81bf8e53b4039372edbfa0d0e15a79a649ba124b3eb887fa7ad554bddaa9eb34; declaredFrameCount=1; runtime reachability unresolved; placement and bounds unresolved; renderer suitability unresolved
swf-definition-00076,43,,shape,source-assets/flash/HELP MATH_ORIGINAL FILES/HELP_COURSES/ELMGR5/L4/FQ/L4FQ02.swf,,,00b12b5db49418988e4594ad1b841092e52a862256459ea552a19980351f2cad,DefineShape3,,,none; machine census only; no renderer export,machine-extracted-definition-candidate,owner-provided SWF,container=root; definitionDepth=0; tagOrdinal=76; payloadBytes=452; rawTagPayloadSha256=00b12b5db49418988e4594ad1b841092e52a862256459ea552a19980351f2cad; exactTagIdentitySha256=af6edc5b8cb9cb35533b9e0e1a387c045cf4aa411a5324ddd7f11fc62bdb8738; runtime reachability unresolved; placement and bounds unresolved; renderer suitability unresolved
swf-definition-00077,44,,text,source-assets/flash/HELP MATH_ORIGINAL FILES/HELP_COURSES/ELMGR5/L4/FQ/L4FQ02.swf,,,24d2c51e900988899a9b3848c7b388888b39e8e3fe4bd9e3c0b5e5f2a0abe618,DefineText,,,none; machine census only; no renderer export,machine-extracted-definition-candidate,owner-provided SWF,container=root; definitionDepth=0; tagOrdinal=77; payloadBytes=25; rawTagPayloadSha256=24d2c51e900988899a9b3848c7b388888b39e8e3fe4bd9e3c0b5e5f2a0abe618; exactTagIdentitySha256=35ef42b175d5cd81e220e3a116a6d6e3426240a7882243ae10e547d684b31998; runtime reachability unresolved; placement and bounds unresolved; renderer suitability unresolved
swf-definition-00078,45,,text,source-assets/flash/HELP MATH_ORIGINAL FILES/HELP_COURSES/ELMGR5/L4/FQ/L4FQ02.swf,,,cf8b86b6f02b389192eab26d2f5901962a7f62feb60ba7185cf46651a7e1036b,DefineText,,,none; machine census only; no renderer export,machine-extracted-definition-candidate,owner-provided SWF,container=root; definitionDepth=0; tagOrdinal=78; payloadBytes=31; rawTagPayloadSha256=cf8b86b6f02b389192eab26d2f5901962a7f62feb60ba7185cf46651a7e1036b; exactTagIdentitySha256=292b91942cad30ed71cd2bd2f00aca2c3619e7accf5331c5b83f463eed590b0d; runtime reachability unresolved; placement and bounds unresolved; renderer suitability unresolved
swf-definition-00079,46,,sprite,source-assets/flash/HELP MATH_ORIGINAL FILES/HELP_COURSES/ELMGR5/L4/FQ/L4FQ02.swf,,,98dc4a5da80c379433825a5ee2786a850e49f764179ac36a6f410e0135cea71d,DefineSprite,,,none; machine census only; no renderer export,machine-extracted-definition-candidate,owner-provided SWF,container=root; definitionDepth=0; tagOrdinal=79; payloadBytes=75; rawTagPayloadSha256=98dc4a5da80c379433825a5ee2786a850e49f764179ac36a6f410e0135cea71d; exactTagIdentitySha256=dc9ed4ffac34fbf1a94fc67b5ae66fb36d1f07ffda4a8c5ef45a6a1454934644; declaredFrameCount=1; runtime reachability unresolved; placement and bounds unresolved; renderer suitability unresolved
swf-definition-00086,47,,shape,source-assets/flash/HELP MATH_ORIGINAL FILES/HELP_COURSES/ELMGR5/L4/FQ/L4FQ02.swf,,,7d8730c7f34d93b821c4236764a29d3a381c4c710711dba2e40db1e8cce98946,DefineShape3,,,none; machine census only; no renderer export,machine-extracted-definition-candidate,owner-provided SWF,container=root; definitionDepth=0; tagOrdinal=86; payloadBytes=452; rawTagPayloadSha256=7d8730c7f34d93b821c4236764a29d3a381c4c710711dba2e40db1e8cce98946; exactTagIdentitySha256=36dc75b971a73ab273af093bffdb448c222112d3501a2adea72616c979f4d088; runtime reachability unresolved; placement and bounds unresolved; renderer suitability unresolved
swf-definition-00087,48,,text,source-assets/flash/HELP MATH_ORIGINAL FILES/HELP_COURSES/ELMGR5/L4/FQ/L4FQ02.swf,,,83a5d57044fbd15aeabfdfdd5d30ef7fe9881cb3a67fb02f724639a53fb23447,DefineText,,,none; machine census only; no renderer export,machine-extracted-definition-candidate,owner-provided SWF,container=root; definitionDepth=0; tagOrdinal=87; payloadBytes=25; rawTagPayloadSha256=83a5d57044fbd15aeabfdfdd5d30ef7fe9881cb3a67fb02f724639a53fb23447; exactTagIdentitySha256=efe3fc0d55d355f4356a466c099f88f980a95fd4a23a2c9cad7de492b2b02a5a; runtime reachability unresolved; placement and bounds unresolved; renderer suitability unresolved
swf-definition-00088,49,,text,source-assets/flash/HELP MATH_ORIGINAL FILES/HELP_COURSES/ELMGR5/L4/FQ/L4FQ02.swf,,,4d79911dc90ab51b7cdba5c98afff892966c8d23dbb5102b6dc1c80d547421ea,DefineText,,,none; machine census only; no renderer export,machine-extracted-definition-candidate,owner-provided SWF,container=root; definitionDepth=0; tagOrdinal=88; payloadBytes=30; rawTagPayloadSha256=4d79911dc90ab51b7cdba5c98afff892966c8d23dbb5102b6dc1c80d547421ea; exactTagIdentitySha256=91d8857e5bfb59ed60826eb1e174e6f79790ae39bfc06a46c10a4abbd7df05b6; runtime reachability unresolved; placement and bounds unresolved; renderer suitability unresolved
swf-definition-00089,50,,sprite,source-assets/flash/HELP MATH_ORIGINAL FILES/HELP_COURSES/ELMGR5/L4/FQ/L4FQ02.swf,,,e955d67c6aa19cfc1306fe2ed813191f004b00147854bb34f1806d08d2d37873,DefineSprite,,,none; machine census only; no renderer export,machine-extracted-definition-candidate,owner-provided SWF,container=root; definitionDepth=0; tagOrdinal=89; payloadBytes=75; rawTagPayloadSha256=e955d67c6aa19cfc1306fe2ed813191f004b00147854bb34f1806d08d2d37873; exactTagIdentitySha256=9ef2b6795af61589365a6f0908e3a1d181662d2bd799bb96e083fea159a560b2; declaredFrameCount=1; runtime reachability unresolved; placement and bounds unresolved; renderer suitability unresolved
swf-definition-00096,51,,shape,source-assets/flash/HELP MATH_ORIGINAL FILES/HELP_COURSES/ELMGR5/L4/FQ/L4FQ02.swf,,,ec16c5eb84a261802458b62ce6c19f83cffaa2d848eb8c4767fd49ca1878da64,DefineShape,,,none; machine census only; no renderer export,machine-extracted-definition-candidate,owner-provided SWF,container=root; definitionDepth=0; tagOrdinal=96; payloadBytes=160; rawTagPayloadSha256=ec16c5eb84a261802458b62ce6c19f83cffaa2d848eb8c4767fd49ca1878da64; exactTagIdentitySha256=7280889826c068064d1d0bc76888e3c4a293e39a719020c23db2a973ea233a03; runtime reachability unresolved; placement and bounds unresolved; renderer suitability unresolved
swf-definition-00097,52,,shape,source-assets/flash/HELP MATH_ORIGINAL FILES/HELP_COURSES/ELMGR5/L4/FQ/L4FQ02.swf,,,23b1f1a8ffab46ae2011accf977fbbb03c9ccb963a3dd81d5101f8a703cf165f,DefineShape3,,,none; machine census only; no renderer export,machine-extracted-definition-candidate,owner-provided SWF,container=root; definitionDepth=0; tagOrdinal=97; payloadBytes=59; rawTagPayloadSha256=23b1f1a8ffab46ae2011accf977fbbb03c9ccb963a3dd81d5101f8a703cf165f; exactTagIdentitySha256=142cbcde342f04126b3dcf2959da418a45af1306df16e80007215ed7cc931f65; runtime reachability unresolved; placement and bounds unresolved; renderer suitability unresolved
swf-definition-00098,53,Gill Sans MT,font,source-assets/flash/HELP MATH_ORIGINAL FILES/HELP_COURSES/ELMGR5/L4/FQ/L4FQ02.swf,,,5d8136353261bfb010325198a0efdd98eae889b8c333065e0ee9cc6493e37be9,DefineFont2,,5,none; machine census only; no renderer export,machine-extracted-definition-candidate,owner-provided SWF,container=root; definitionDepth=0; tagOrdinal=98; payloadBytes=353; rawTagPayloadSha256=5d8136353261bfb010325198a0efdd98eae889b8c333065e0ee9cc6493e37be9; exactTagIdentitySha256=d80c92045b1d6bc14ea4d87c1eace8764c1696614bccfdd746944976507b9bf8; runtime reachability unresolved; placement and bounds unresolved; renderer suitability unresolved
swf-definition-00099,54,,text,source-assets/flash/HELP MATH_ORIGINAL FILES/HELP_COURSES/ELMGR5/L4/FQ/L4FQ02.swf,,,6b0bafe956540664a14accbfe4e4242e2505fcc21b7905ed70f2c301e33cbd37,DefineText,,,none; machine census only; no renderer export,machine-extracted-definition-candidate,owner-provided SWF,container=root; definitionDepth=0; tagOrdinal=99; payloadBytes=25; rawTagPayloadSha256=6b0bafe956540664a14accbfe4e4242e2505fcc21b7905ed70f2c301e33cbd37; exactTagIdentitySha256=834d30db035e0757ac379c5ce8a9cb8be62af67c5329e875096269918339cdb2; runtime reachability unresolved; placement and bounds unresolved; renderer suitability unresolved
swf-definition-00100,55,,text,source-assets/flash/HELP MATH_ORIGINAL FILES/HELP_COURSES/ELMGR5/L4/FQ/L4FQ02.swf,,,94e186345f2073bb6f1669ce54bb1564ca88e850386c964f08c9f396f17d2af5,DefineText,,,none; machine census only; no renderer export,machine-extracted-definition-candidate,owner-provided SWF,container=root; definitionDepth=0; tagOrdinal=100; payloadBytes=25; rawTagPayloadSha256=94e186345f2073bb6f1669ce54bb1564ca88e850386c964f08c9f396f17d2af5; exactTagIdentitySha256=78030e1423c03e0eab47d2e56cb7b9f325c31c2345fdf69577541b7bed191731; runtime reachability unresolved; placement and bounds unresolved; renderer suitability unresolved
swf-definition-00101,56,,shape,source-assets/flash/HELP MATH_ORIGINAL FILES/HELP_COURSES/ELMGR5/L4/FQ/L4FQ02.swf,,,f9e677c66cbd41c2b6774cbad6a9f0d32fa357aee49a0c1e42ddee472ee36dbe,DefineShape3,,,none; machine census only; no renderer export,machine-extracted-definition-candidate,owner-provided SWF,container=root; definitionDepth=0; tagOrdinal=101; payloadBytes=59; rawTagPayloadSha256=f9e677c66cbd41c2b6774cbad6a9f0d32fa357aee49a0c1e42ddee472ee36dbe; exactTagIdentitySha256=2707611502b01d20c24388dd2fb8cfe851751f65339edb85876495fe00e29abd; runtime reachability unresolved; placement and bounds unresolved; renderer suitability unresolved
swf-definition-00102,57,,text,source-assets/flash/HELP MATH_ORIGINAL FILES/HELP_COURSES/ELMGR5/L4/FQ/L4FQ02.swf,,,8788cd6904e94e00c3994dd21e7fa2dba696cbffddd3c4b3e7a6a478e605929e,DefineText,,,none; machine census only; no renderer export,machine-extracted-definition-candidate,owner-provided SWF,container=root; definitionDepth=0; tagOrdinal=102; payloadBytes=25; rawTagPayloadSha256=8788cd6904e94e00c3994dd21e7fa2dba696cbffddd3c4b3e7a6a478e605929e; exactTagIdentitySha256=cd6293107cf84d902eea62d184656b48dccfaa05b5dffffe08f03b01e42c2895; runtime reachability unresolved; placement and bounds unresolved; renderer suitability unresolved
swf-definition-00103,58,,text,source-assets/flash/HELP MATH_ORIGINAL FILES/HELP_COURSES/ELMGR5/L4/FQ/L4FQ02.swf,,,cb3836d9eb412922ad73afe59fe4dc3d8ff053dcde5b6d7d50e75310e7932b71,DefineText,,,none; machine census only; no renderer export,machine-extracted-definition-candidate,owner-provided SWF,container=root; definitionDepth=0; tagOrdinal=103; payloadBytes=25; rawTagPayloadSha256=cb3836d9eb412922ad73afe59fe4dc3d8ff053dcde5b6d7d50e75310e7932b71; exactTagIdentitySha256=442c6c76ebe7f5a408f60986da1253c72fc903f228bef6113a5943078e78405f; runtime reachability unresolved; placement and bounds unresolved; renderer suitability unresolved
swf-definition-00104,59,,shape,source-assets/flash/HELP MATH_ORIGINAL FILES/HELP_COURSES/ELMGR5/L4/FQ/L4FQ02.swf,,,f00848ff6c7ac208b8c5ea02069a5605a6d0050351903c9cbf2a76782c0b5f73,DefineShape3,,,none; machine census only; no renderer export,machine-extracted-definition-candidate,owner-provided SWF,container=root; definitionDepth=0; tagOrdinal=104; payloadBytes=60; rawTagPayloadSha256=f00848ff6c7ac208b8c5ea02069a5605a6d0050351903c9cbf2a76782c0b5f73; exactTagIdentitySha256=26dbd3f1f9a726a5be7fd92ab268d3b9fce6296cec089520d9f8a17489f157f5; runtime reachability unresolved; placement and bounds unresolved; renderer suitability unresolved
swf-definition-00105,60,,button,source-assets/flash/HELP MATH_ORIGINAL FILES/HELP_COURSES/ELMGR5/L4/FQ/L4FQ02.swf,,,1b96d2b794a54a893b04a368c6e5bb2205db59428b5244bfcbe05cb3d1d5755d,DefineButton2,,,none; machine census only; no renderer export,machine-extracted-definition-candidate,owner-provided SWF,container=root; definitionDepth=0; tagOrdinal=105; payloadBytes=234; rawTagPayloadSha256=1b96d2b794a54a893b04a368c6e5bb2205db59428b5244bfcbe05cb3d1d5755d; exactTagIdentitySha256=b87b613ae07ac76059bde330943b454ce0ae75b3ffd7b9d0debf4b568c388d82; runtime reachability unresolved; placement and bounds unresolved; renderer suitability unresolved
swf-definition-00106,61,,shape,source-assets/flash/HELP MATH_ORIGINAL FILES/HELP_COURSES/ELMGR5/L4/FQ/L4FQ02.swf,,,707f2ebd3189565e16af0aa30f9b15c3b347ea7849fef87b1ec74a7e6c74b626,DefineShape3,,,none; machine census only; no renderer export,machine-extracted-definition-candidate,owner-provided SWF,container=root; definitionDepth=0; tagOrdinal=106; payloadBytes=59; rawTagPayloadSha256=707f2ebd3189565e16af0aa30f9b15c3b347ea7849fef87b1ec74a7e6c74b626; exactTagIdentitySha256=12806c96e6ae7bcc0cbc13ed08cd9da298c0e3f47d03822e9a51ed378d8c0bc4; runtime reachability unresolved; placement and bounds unresolved; renderer suitability unresolved
swf-definition-00107,62,,text,source-assets/flash/HELP MATH_ORIGINAL FILES/HELP_COURSES/ELMGR5/L4/FQ/L4FQ02.swf,,,470240d006a5ed3b0954a95436f9adf743191b1fbeac63d930d09b1a7210b94d,DefineText,,,none; machine census only; no renderer export,machine-extracted-definition-candidate,owner-provided SWF,container=root; definitionDepth=0; tagOrdinal=107; payloadBytes=32; rawTagPayloadSha256=470240d006a5ed3b0954a95436f9adf743191b1fbeac63d930d09b1a7210b94d; exactTagIdentitySha256=9eaca9bbc07cc77634d26682d97a756dc1f4ba61e97839b26ab20cf068462ac9; runtime reachability unresolved; placement and bounds unresolved; renderer suitability unresolved
swf-definition-00108,63,,shape,source-assets/flash/HELP MATH_ORIGINAL FILES/HELP_COURSES/ELMGR5/L4/FQ/L4FQ02.swf,,,f2b4c8ef9805c8ef83dcead1602bdabb872875ce640abd2e3820eaff8bba5d0d,DefineShape3,,,none; machine census only; no renderer export,machine-extracted-definition-candidate,owner-provided SWF,container=root; definitionDepth=0; tagOrdinal=108; payloadBytes=59; rawTagPayloadSha256=f2b4c8ef9805c8ef83dcead1602bdabb872875ce640abd2e3820eaff8bba5d0d; exactTagIdentitySha256=f32a2e99500adbcf0b0402d227bdd2143be6dd45c9defcf6af74be62e3efd7e0; runtime reachability unresolved; placement and bounds unresolved; renderer suitability unresolved
swf-definition-00109,64,,text,source-assets/flash/HELP MATH_ORIGINAL FILES/HELP_COURSES/ELMGR5/L4/FQ/L4FQ02.swf,,,eff0933127dbea09b01e02bf363cd9816b391a01604989b702d79ca326a8e775,DefineText,,,none; machine census only; no renderer export,machine-extracted-definition-candidate,owner-provided SWF,container=root; definitionDepth=0; tagOrdinal=109; payloadBytes=32; rawTagPayloadSha256=eff0933127dbea09b01e02bf363cd9816b391a01604989b702d79ca326a8e775; exactTagIdentitySha256=5a26fb2a02761556a32ea851970e41af06ef5c5621bf1910f606edd3267c2558; runtime reachability unresolved; placement and bounds unresolved; renderer suitability unresolved
swf-definition-00110,65,,shape,source-assets/flash/HELP MATH_ORIGINAL FILES/HELP_COURSES/ELMGR5/L4/FQ/L4FQ02.swf,,,c9b4787652401b30e8aa16b609af9741a8edbc4a288a917684112d46c27e9f81,DefineShape3,,,none; machine census only; no renderer export,machine-extracted-definition-candidate,owner-provided SWF,container=root; definitionDepth=0; tagOrdinal=110; payloadBytes=60; rawTagPayloadSha256=c9b4787652401b30e8aa16b609af9741a8edbc4a288a917684112d46c27e9f81; exactTagIdentitySha256=ed771951546b647623058b7d40255d8625921620d4f5db37f8d34b96d76e9683; runtime reachability unresolved; placement and bounds unresolved; renderer suitability unresolved
swf-definition-00111,66,,button,source-assets/flash/HELP MATH_ORIGINAL FILES/HELP_COURSES/ELMGR5/L4/FQ/L4FQ02.swf,,,adca4c9cd97b41fb9591ae466ab54f800c76677411b6549e855b1e5ff3ce6d11,DefineButton2,,,none; machine census only; no renderer export,machine-extracted-definition-candidate,owner-provided SWF,container=root; definitionDepth=0; tagOrdinal=111; payloadBytes=214; rawTagPayloadSha256=adca4c9cd97b41fb9591ae466ab54f800c76677411b6549e855b1e5ff3ce6d11; exactTagIdentitySha256=3a53746ac3ee8af8f97846742121cfb642f5d3a1a933d56a2abd100a1e71658d; runtime reachability unresolved; placement and bounds unresolved; renderer suitability unresolved
swf-definition-00112,67,,shape,source-assets/flash/HELP MATH_ORIGINAL FILES/HELP_COURSES/ELMGR5/L4/FQ/L4FQ02.swf,,,981ec6288d4dbd2ea4ea8e5ce108981b075b29b249869a7be618dc3b50052938,DefineShape3,,,none; machine census only; no renderer export,machine-extracted-definition-candidate,owner-provided SWF,container=root; definitionDepth=0; tagOrdinal=112; payloadBytes=30; rawTagPayloadSha256=981ec6288d4dbd2ea4ea8e5ce108981b075b29b249869a7be618dc3b50052938; exactTagIdentitySha256=5c9a065dca53659bf5d2865f449439ed8757abcc33c11d82165fcd3d3c54e3d9; runtime reachability unresolved; placement and bounds unresolved; renderer suitability unresolved
swf-definition-00113,68,,shape,source-assets/flash/HELP MATH_ORIGINAL FILES/HELP_COURSES/ELMGR5/L4/FQ/L4FQ02.swf,,,6655f8c241f3e0e826d8dc939f39599147078787a848183d8d580ba4cd7c9939,DefineShape,,,none; machine census only; no renderer export,machine-extracted-definition-candidate,owner-provided SWF,container=root; definitionDepth=0; tagOrdinal=113; payloadBytes=26; rawTagPayloadSha256=6655f8c241f3e0e826d8dc939f39599147078787a848183d8d580ba4cd7c9939; exactTagIdentitySha256=d32072f3e5f3106fd6a2463531f72a5b5cc03c17818f823c028fced36bd84c53; runtime reachability unresolved; placement and bounds unresolved; renderer suitability unresolved
swf-definition-00114,69,,shape,source-assets/flash/HELP MATH_ORIGINAL FILES/HELP_COURSES/ELMGR5/L4/FQ/L4FQ02.swf,,,39fe17905a242a1c75084bacc526f877909969fca02f6b31ddfe83e6ec2e56c4,DefineShape,,,none; machine census only; no renderer export,machine-extracted-definition-candidate,owner-provided SWF,container=root; definitionDepth=0; tagOrdinal=114; payloadBytes=27; rawTagPayloadSha256=39fe17905a242a1c75084bacc526f877909969fca02f6b31ddfe83e6ec2e56c4; exactTagIdentitySha256=20272c1a982d2617de789a65de22d2d816eb79b651216bdf1d887375c05bdbbd; runtime reachability unresolved; placement and bounds unresolved; renderer suitability unresolved
swf-definition-00115,70,,button,source-assets/flash/HELP MATH_ORIGINAL FILES/HELP_COURSES/ELMGR5/L4/FQ/L4FQ02.swf,,,9e32f59b39a73869f0f4e93e2e0c582a230e9897c28e3cf18f8bdcea9358938b,DefineButton2,,,none; machine census only; no renderer export,machine-extracted-definition-candidate,owner-provided SWF,container=root; definitionDepth=0; tagOrdinal=115; payloadBytes=38; rawTagPayloadSha256=9e32f59b39a73869f0f4e93e2e0c582a230e9897c28e3cf18f8bdcea9358938b; exactTagIdentitySha256=c12c37c36b9b0d1afd11ff3161ba86dce03b1e261b0f9d5513451878d00798e3; runtime reachability unresolved; placement and bounds unresolved; renderer suitability unresolved
swf-definition-00116,71,,shape,source-assets/flash/HELP MATH_ORIGINAL FILES/HELP_COURSES/ELMGR5/L4/FQ/L4FQ02.swf,,,879ec31485cf601b3cd777e03402f6b24a37c6f3b720f8350f09b0c9f583a7a8,DefineShape,,,none; machine census only; no renderer export,machine-extracted-definition-candidate,owner-provided SWF,container=root; definitionDepth=0; tagOrdinal=116; payloadBytes=38; rawTagPayloadSha256=879ec31485cf601b3cd777e03402f6b24a37c6f3b720f8350f09b0c9f583a7a8; exactTagIdentitySha256=68cb34cd3822b651856d70dc02e6cbfaaefde01400b97d23a90bc58c3c1ca554; runtime reachability unresolved; placement and bounds unresolved; renderer suitability unresolved
swf-definition-00117,72,,shape,source-assets/flash/HELP MATH_ORIGINAL FILES/HELP_COURSES/ELMGR5/L4/FQ/L4FQ02.swf,,,e741c15b36e2f9fc6afdc8e377897adf9c57f2eef67020ec07db01a6a5c39be1,DefineShape,,,none; machine census only; no renderer export,machine-extracted-definition-candidate,owner-provided SWF,container=root; definitionDepth=0; tagOrdinal=117; payloadBytes=38; rawTagPayloadSha256=e741c15b36e2f9fc6afdc8e377897adf9c57f2eef67020ec07db01a6a5c39be1; exactTagIdentitySha256=7f5685f5cee1e2e9008598a914cce875e6f68a1722b7c95a4020a7caa2a84d04; runtime reachability unresolved; placement and bounds unresolved; renderer suitability unresolved
swf-definition-00118,73,,button,source-assets/flash/HELP MATH_ORIGINAL FILES/HELP_COURSES/ELMGR5/L4/FQ/L4FQ02.swf,,,c7c765a10ce95a13e9a4239ca9abedfeb8d821dc2fdbe47f7486cc167045d2da,DefineButton2,,,none; machine census only; no renderer export,machine-extracted-definition-candidate,owner-provided SWF,container=root; definitionDepth=0; tagOrdinal=118; payloadBytes=34; rawTagPayloadSha256=c7c765a10ce95a13e9a4239ca9abedfeb8d821dc2fdbe47f7486cc167045d2da; exactTagIdentitySha256=046f5f9b6ec6934cc48645a95757ebbb86e6dd13a05ac7e821afa2b5582f5a5d; runtime reachability unresolved; placement and bounds unresolved; renderer suitability unresolved
swf-definition-00119,74,,sprite,source-assets/flash/HELP MATH_ORIGINAL FILES/HELP_COURSES/ELMGR5/L4/FQ/L4FQ02.swf,,,52a3604a5681020c7ec05f268c8456510bcbb83320ce95d109513192ac35a8cc,DefineSprite,,,none; machine census only; no renderer export,machine-extracted-definition-candidate,owner-provided SWF,container=root; definitionDepth=0; tagOrdinal=119; payloadBytes=147; rawTagPayloadSha256=52a3604a5681020c7ec05f268c8456510bcbb83320ce95d109513192ac35a8cc; exactTagIdentitySha256=72cfbf3cbcf049deffaf807a39aee890af0af526c7644d27f30a2653977efe53; declaredFrameCount=2; runtime reachability unresolved; placement and bounds unresolved; renderer suitability unresolved
swf-definition-00128,75,,sprite,source-assets/flash/HELP MATH_ORIGINAL FILES/HELP_COURSES/ELMGR5/L4/FQ/L4FQ02.swf,,,8f89b4110fff72147f17cee19db2ea55afb8c7e0462682d1e583efcc304850f4,DefineSprite,,,none; machine census only; no renderer export,machine-extracted-definition-candidate,owner-provided SWF,container=root; definitionDepth=0; tagOrdinal=128; payloadBytes=2001; rawTagPayloadSha256=8f89b4110fff72147f17cee19db2ea55afb8c7e0462682d1e583efcc304850f4; exactTagIdentitySha256=59c1f1f170ba4b24522d30c86bc5a2fc800f1ca0e962ba78b62e30d7d80baabb; declaredFrameCount=8; runtime reachability unresolved; placement and bounds unresolved; renderer suitability unresolved
swf-definition-00154,76,,text,source-assets/flash/HELP MATH_ORIGINAL FILES/HELP_COURSES/ELMGR5/L4/FQ/L4FQ02.swf,,,476146426ce0e7c65d5038c4b80e6fe44cfcd7eb8bb842b481c564973e754155,DefineEditText,,,none; machine census only; no renderer export,machine-extracted-definition-candidate,owner-provided SWF,container=root; definitionDepth=0; tagOrdinal=154; payloadBytes=37; rawTagPayloadSha256=476146426ce0e7c65d5038c4b80e6fe44cfcd7eb8bb842b481c564973e754155; exactTagIdentitySha256=8c4715b3c2cdd617ce7b348ae6d9e4521787c859f3efafb6962adff1638e1789; runtime reachability unresolved; placement and bounds unresolved; renderer suitability unresolved
swf-definition-00155,77,,text,source-assets/flash/HELP MATH_ORIGINAL FILES/HELP_COURSES/ELMGR5/L4/FQ/L4FQ02.swf,,,14b583692b91aa78593870f64242fb2c0bf0bb2b7b5953a7250f4164080f536c,DefineEditText,,,none; machine census only; no renderer export,machine-extracted-definition-candidate,owner-provided SWF,container=root; definitionDepth=0; tagOrdinal=155; payloadBytes=33; rawTagPayloadSha256=14b583692b91aa78593870f64242fb2c0bf0bb2b7b5953a7250f4164080f536c; exactTagIdentitySha256=c114f8e0bbee0f028f988bbd4b1fa5c684d36f76d798b7faef706c1297fa7b87; runtime reachability unresolved; placement and bounds unresolved; renderer suitability unresolved
swf-definition-00156,78,,text,source-assets/flash/HELP MATH_ORIGINAL FILES/HELP_COURSES/ELMGR5/L4/FQ/L4FQ02.swf,,,56130f848b95e5bd2c1ae4ca184fa136d6d0042f138b9ab2539c3e39a865db97,DefineText,,,none; machine census only; no renderer export,machine-extracted-definition-candidate,owner-provided SWF,container=root; definitionDepth=0; tagOrdinal=156; payloadBytes=184; rawTagPayloadSha256=56130f848b95e5bd2c1ae4ca184fa136d6d0042f138b9ab2539c3e39a865db97; exactTagIdentitySha256=4c8af3c51e0598795f0cbf8939d5051d448bafcfece94a4f0cf130acc28c8d19; runtime reachability unresolved; placement and bounds unresolved; renderer suitability unresolved
swf-definition-00157,79,,shape,source-assets/flash/HELP MATH_ORIGINAL FILES/HELP_COURSES/ELMGR5/L4/FQ/L4FQ02.swf,,,e52081385acde580e90c15b6bbdb821de3b102bddb994d75ee0ccc3e83029a55,DefineShape,,,none; machine census only; no renderer export,machine-extracted-definition-candidate,owner-provided SWF,container=root; definitionDepth=0; tagOrdinal=157; payloadBytes=268; rawTagPayloadSha256=e52081385acde580e90c15b6bbdb821de3b102bddb994d75ee0ccc3e83029a55; exactTagIdentitySha256=ca7be2302e14326ea6baf9bf306a0272ab590a53208cd245ccf8a4c468d7a91d; runtime reachability unresolved; placement and bounds unresolved; renderer suitability unresolved
swf-definition-00158,80,,text,source-assets/flash/HELP MATH_ORIGINAL FILES/HELP_COURSES/ELMGR5/L4/FQ/L4FQ02.swf,,,5f500c39c1812abeee2c5a0ddc780e4d4fd40515cd9c64a933902f5a2554268e,DefineText,,,none; machine census only; no renderer export,machine-extracted-definition-candidate,owner-provided SWF,container=root; definitionDepth=0; tagOrdinal=158; payloadBytes=26; rawTagPayloadSha256=5f500c39c1812abeee2c5a0ddc780e4d4fd40515cd9c64a933902f5a2554268e; exactTagIdentitySha256=199895f367808f1d6df33a6786d62fe86047d14c55844ed18d2f2b24575689a9; runtime reachability unresolved; placement and bounds unresolved; renderer suitability unresolved
swf-definition-00159,81,,shape,source-assets/flash/HELP MATH_ORIGINAL FILES/HELP_COURSES/ELMGR5/L4/FQ/L4FQ02.swf,,,69bc391f29566f9f4887ac4bdf33ca50642bd34748274ce3a1f57559c9d80d78,DefineShape,,,none; machine census only; no renderer export,machine-extracted-definition-candidate,owner-provided SWF,container=root; definitionDepth=0; tagOrdinal=159; payloadBytes=53; rawTagPayloadSha256=69bc391f29566f9f4887ac4bdf33ca50642bd34748274ce3a1f57559c9d80d78; exactTagIdentitySha256=cc4bff244c421445cfedf8a3b167da68dbc8586c6d5cddae71bb27270063704b; runtime reachability unresolved; placement and bounds unresolved; renderer suitability unresolved
swf-definition-00160,82,,shape,source-assets/flash/HELP MATH_ORIGINAL FILES/HELP_COURSES/ELMGR5/L4/FQ/L4FQ02.swf,,,4a965af338529c95f8939f23e30aba1373c8115b218e4ea476ef13dfacf00d99,DefineShape3,,,none; machine census only; no renderer export,machine-extracted-definition-candidate,owner-provided SWF,container=root; definitionDepth=0; tagOrdinal=160; payloadBytes=452; rawTagPayloadSha256=4a965af338529c95f8939f23e30aba1373c8115b218e4ea476ef13dfacf00d99; exactTagIdentitySha256=9471f3864df57fe64496d04d7575a50ab90d5039f93f25a2c1979601b5fb66d4; runtime reachability unresolved; placement and bounds unresolved; renderer suitability unresolved
swf-definition-00161,83,,text,source-assets/flash/HELP MATH_ORIGINAL FILES/HELP_COURSES/ELMGR5/L4/FQ/L4FQ02.swf,,,820128bc9747c4241aae29abf669140fb2a10b03b1b76eadb3d132d69118188c,DefineText,,,none; machine census only; no renderer export,machine-extracted-definition-candidate,owner-provided SWF,container=root; definitionDepth=0; tagOrdinal=161; payloadBytes=33; rawTagPayloadSha256=820128bc9747c4241aae29abf669140fb2a10b03b1b76eadb3d132d69118188c; exactTagIdentitySha256=b5ad7a30207da671e9b29a5b84ecb19f7b25022b1d4058a3cc0f09323239c3e9; runtime reachability unresolved; placement and bounds unresolved; renderer suitability unresolved
swf-definition-00162,84,,sprite,source-assets/flash/HELP MATH_ORIGINAL FILES/HELP_COURSES/ELMGR5/L4/FQ/L4FQ02.swf,,,cc647b5de12a5365d41cc25def34d28b3a0542d763873b54039645cf1474feed,DefineSprite,,,none; machine census only; no renderer export,machine-extracted-definition-candidate,owner-provided SWF,container=root; definitionDepth=0; tagOrdinal=162; payloadBytes=76; rawTagPayloadSha256=cc647b5de12a5365d41cc25def34d28b3a0542d763873b54039645cf1474feed; exactTagIdentitySha256=49664880664a2f7e6cb4ff87644050e1647640cad199f0586d124554c626b1e0; declaredFrameCount=1; runtime reachability unresolved; placement and bounds unresolved; renderer suitability unresolved
swf-definition-00169,85,,shape,source-assets/flash/HELP MATH_ORIGINAL FILES/HELP_COURSES/ELMGR5/L4/FQ/L4FQ02.swf,,,734eb530519d1f9a99449de1e5404e777146324ef27733813ab4d4871cf4c322,DefineShape3,,,none; machine census only; no renderer export,machine-extracted-definition-candidate,owner-provided SWF,container=root; definitionDepth=0; tagOrdinal=169; payloadBytes=452; rawTagPayloadSha256=734eb530519d1f9a99449de1e5404e777146324ef27733813ab4d4871cf4c322; exactTagIdentitySha256=85d2ee285da6cd67bb4ec6eb76ed7c4f14d3dc01ae3333fb0722774aa60d83fa; runtime reachability unresolved; placement and bounds unresolved; renderer suitability unresolved
swf-definition-00170,86,,text,source-assets/flash/HELP MATH_ORIGINAL FILES/HELP_COURSES/ELMGR5/L4/FQ/L4FQ02.swf,,,a04cdfd208008150c719c31b8e62c5f1c246d63a358fc1e30585258f2db321d8,DefineText,,,none; machine census only; no renderer export,machine-extracted-definition-candidate,owner-provided SWF,container=root; definitionDepth=0; tagOrdinal=170; payloadBytes=35; rawTagPayloadSha256=a04cdfd208008150c719c31b8e62c5f1c246d63a358fc1e30585258f2db321d8; exactTagIdentitySha256=01d7f10c4748220ddefc988e458a6da9b512a3bc7ec7da1ae4dca8bb836e79c8; runtime reachability unresolved; placement and bounds unresolved; renderer suitability unresolved
swf-definition-00171,87,,sprite,source-assets/flash/HELP MATH_ORIGINAL FILES/HELP_COURSES/ELMGR5/L4/FQ/L4FQ02.swf,,,71a9279f8f29dceabd8c83d7ee7b51021b769b4d484b512e2fa26ed6f0395275,DefineSprite,,,none; machine census only; no renderer export,machine-extracted-definition-candidate,owner-provided SWF,container=root; definitionDepth=0; tagOrdinal=171; payloadBytes=76; rawTagPayloadSha256=71a9279f8f29dceabd8c83d7ee7b51021b769b4d484b512e2fa26ed6f0395275; exactTagIdentitySha256=8a89a3c5216fbf2441c105f6f9815b56ce8bacfb60b61ec685940a85cb5e55c3; declaredFrameCount=1; runtime reachability unresolved; placement and bounds unresolved; renderer suitability unresolved
swf-definition-00178,88,,shape,source-assets/flash/HELP MATH_ORIGINAL FILES/HELP_COURSES/ELMGR5/L4/FQ/L4FQ02.swf,,,8dcbc6cdb21720e728a4dfb9a586d28535bff8e91223b6d2e752f5024ff6fe18,DefineShape3,,,none; machine census only; no renderer export,machine-extracted-definition-candidate,owner-provided SWF,container=root; definitionDepth=0; tagOrdinal=178; payloadBytes=452; rawTagPayloadSha256=8dcbc6cdb21720e728a4dfb9a586d28535bff8e91223b6d2e752f5024ff6fe18; exactTagIdentitySha256=8461a8908596d0f2b137f0f04c444a1764e37b3e2fee63419abcbd7a130edd98; runtime reachability unresolved; placement and bounds unresolved; renderer suitability unresolved
swf-definition-00179,89,,text,source-assets/flash/HELP MATH_ORIGINAL FILES/HELP_COURSES/ELMGR5/L4/FQ/L4FQ02.swf,,,1b59c7bddd53a76fa6610320b6cb12a8b2c318b88a1c52095ed9784f7f67eef0,DefineText,,,none; machine census only; no renderer export,machine-extracted-definition-candidate,owner-provided SWF,container=root; definitionDepth=0; tagOrdinal=179; payloadBytes=33; rawTagPayloadSha256=1b59c7bddd53a76fa6610320b6cb12a8b2c318b88a1c52095ed9784f7f67eef0; exactTagIdentitySha256=6489d1df133ced0755e7a925995f1f37510cfeeefabf902d531c02c2b8195bcc; runtime reachability unresolved; placement and bounds unresolved; renderer suitability unresolved
swf-definition-00180,90,,sprite,source-assets/flash/HELP MATH_ORIGINAL FILES/HELP_COURSES/ELMGR5/L4/FQ/L4FQ02.swf,,,6abd30521966fcc1a704c715c2dd0b6e70a3fb69694be014dd06372fcaf10da1,DefineSprite,,,none; machine census only; no renderer export,machine-extracted-definition-candidate,owner-provided SWF,container=root; definitionDepth=0; tagOrdinal=180; payloadBytes=76; rawTagPayloadSha256=6abd30521966fcc1a704c715c2dd0b6e70a3fb69694be014dd06372fcaf10da1; exactTagIdentitySha256=daa22c9a00a00d72682b6ade70e885db98c49a16a53343b7d42a7f2293fa2e89; declaredFrameCount=1; runtime reachability unresolved; placement and bounds unresolved; renderer suitability unresolved
swf-definition-00187,91,,shape,source-assets/flash/HELP MATH_ORIGINAL FILES/HELP_COURSES/ELMGR5/L4/FQ/L4FQ02.swf,,,fd77f577af07e7dca276cf7dd6d65ddfa4b522272b569f7120dec8d130239dcf,DefineShape3,,,none; machine census only; no renderer export,machine-extracted-definition-candidate,owner-provided SWF,container=root; definitionDepth=0; tagOrdinal=187; payloadBytes=452; rawTagPayloadSha256=fd77f577af07e7dca276cf7dd6d65ddfa4b522272b569f7120dec8d130239dcf; exactTagIdentitySha256=0dca92efe5117e720298ebefd2a6945421cc85e415a7e03524eba3885f19f04f; runtime reachability unresolved; placement and bounds unresolved; renderer suitability unresolved
swf-definition-00188,92,,text,source-assets/flash/HELP MATH_ORIGINAL FILES/HELP_COURSES/ELMGR5/L4/FQ/L4FQ02.swf,,,53bf6371570aa1b86fdae1fc4a45eb722919dedf9477242bc78e2e20051a6878,DefineText,,,none; machine census only; no renderer export,machine-extracted-definition-candidate,owner-provided SWF,container=root; definitionDepth=0; tagOrdinal=188; payloadBytes=35; rawTagPayloadSha256=53bf6371570aa1b86fdae1fc4a45eb722919dedf9477242bc78e2e20051a6878; exactTagIdentitySha256=8dfff423af27e7585e56dfb3b75d860c419cc3d56ac3116a96e26cce8c68ae31; runtime reachability unresolved; placement and bounds unresolved; renderer suitability unresolved
swf-definition-00189,93,,sprite,source-assets/flash/HELP MATH_ORIGINAL FILES/HELP_COURSES/ELMGR5/L4/FQ/L4FQ02.swf,,,53ab72c26bf4b5bd801726e285ad70b1a5cd455834fcc12319fc78ee17f87f8b,DefineSprite,,,none; machine census only; no renderer export,machine-extracted-definition-candidate,owner-provided SWF,container=root; definitionDepth=0; tagOrdinal=189; payloadBytes=76; rawTagPayloadSha256=53ab72c26bf4b5bd801726e285ad70b1a5cd455834fcc12319fc78ee17f87f8b; exactTagIdentitySha256=265016f09381a08ac1400c97fab363525de8e3eb210316e6813df9723089bec8; declaredFrameCount=1; runtime reachability unresolved; placement and bounds unresolved; renderer suitability unresolved
swf-definition-00196,94,,text,source-assets/flash/HELP MATH_ORIGINAL FILES/HELP_COURSES/ELMGR5/L4/FQ/L4FQ02.swf,,,81306377960cde2d85481419d962972d9d2e3124f5193c90049f13b395ec9669,DefineEditText,,,none; machine census only; no renderer export,machine-extracted-definition-candidate,owner-provided SWF,container=root; definitionDepth=0; tagOrdinal=196; payloadBytes=37; rawTagPayloadSha256=81306377960cde2d85481419d962972d9d2e3124f5193c90049f13b395ec9669; exactTagIdentitySha256=23cea5ec9bb45a59441543c5577ccc74885623f9af901e9327ca14e7d9fdbeda; runtime reachability unresolved; placement and bounds unresolved; renderer suitability unresolved
swf-definition-00197,95,,text,source-assets/flash/HELP MATH_ORIGINAL FILES/HELP_COURSES/ELMGR5/L4/FQ/L4FQ02.swf,,,9f6ac6f2c9425b27472677cea6fc060c0a8ea7afbad7fd798349c5eeec3cb500,DefineEditText,,,none; machine census only; no renderer export,machine-extracted-definition-candidate,owner-provided SWF,container=root; definitionDepth=0; tagOrdinal=197; payloadBytes=33; rawTagPayloadSha256=9f6ac6f2c9425b27472677cea6fc060c0a8ea7afbad7fd798349c5eeec3cb500; exactTagIdentitySha256=eff2b80282f67e6d1178326e6e642de1451a03e8bfd320df55db4d3ebb3ecb14; runtime reachability unresolved; placement and bounds unresolved; renderer suitability unresolved
swf-definition-00198,96,,text,source-assets/flash/HELP MATH_ORIGINAL FILES/HELP_COURSES/ELMGR5/L4/FQ/L4FQ02.swf,,,ffa988cc1dafa3d35ff48ef11da6bf81e2cc1c29223fa597c1d3be647e2d49a0,DefineText,,,none; machine census only; no renderer export,machine-extracted-definition-candidate,owner-provided SWF,container=root; definitionDepth=0; tagOrdinal=198; payloadBytes=190; rawTagPayloadSha256=ffa988cc1dafa3d35ff48ef11da6bf81e2cc1c29223fa597c1d3be647e2d49a0; exactTagIdentitySha256=ee505ab2fb660ec19fe7821ac85de9ca089b70acde18f63367ff0515b2b68885; runtime reachability unresolved; placement and bounds unresolved; renderer suitability unresolved
swf-definition-00199,97,,shape,source-assets/flash/HELP MATH_ORIGINAL FILES/HELP_COURSES/ELMGR5/L4/FQ/L4FQ02.swf,,,5137879a5aa37190c6f0f1eda0e0c631dcf642bd40678ed8d4f35db1289ba47a,DefineShape,,,none; machine census only; no renderer export,machine-extracted-definition-candidate,owner-provided SWF,container=root; definitionDepth=0; tagOrdinal=199; payloadBytes=325; rawTagPayloadSha256=5137879a5aa37190c6f0f1eda0e0c631dcf642bd40678ed8d4f35db1289ba47a; exactTagIdentitySha256=3f8aef1d3666a83c7ba4230e32e9cef1252855f1fc161037d7c471a90b25f112; runtime reachability unresolved; placement and bounds unresolved; renderer suitability unresolved
swf-definition-00200,98,,text,source-assets/flash/HELP MATH_ORIGINAL FILES/HELP_COURSES/ELMGR5/L4/FQ/L4FQ02.swf,,,96f2ffa6029fd96aac11c47eae125944e7519f0c4582b440cd4e09aaac03ba61,DefineText,,,none; machine census only; no renderer export,machine-extracted-definition-candidate,owner-provided SWF,container=root; definitionDepth=0; tagOrdinal=200; payloadBytes=25; rawTagPayloadSha256=96f2ffa6029fd96aac11c47eae125944e7519f0c4582b440cd4e09aaac03ba61; exactTagIdentitySha256=fcdee70e99306281e04bc6e722a982f9b508c844b931a9bb32bc5f1508d07b87; runtime reachability unresolved; placement and bounds unresolved; renderer suitability unresolved
swf-definition-00201,99,,text,source-assets/flash/HELP MATH_ORIGINAL FILES/HELP_COURSES/ELMGR5/L4/FQ/L4FQ02.swf,,,db67c10cc18b6a80f7347531acf1170e39b099b2327ac7d38bdc0c092255a6f2,DefineText,,,none; machine census only; no renderer export,machine-extracted-definition-candidate,owner-provided SWF,container=root; definitionDepth=0; tagOrdinal=201; payloadBytes=25; rawTagPayloadSha256=db67c10cc18b6a80f7347531acf1170e39b099b2327ac7d38bdc0c092255a6f2; exactTagIdentitySha256=df586a5542b641e60214da3101f7b6d68f98727d1793640e649a61a900f6a778; runtime reachability unresolved; placement and bounds unresolved; renderer suitability unresolved
swf-definition-00202,100,,text,source-assets/flash/HELP MATH_ORIGINAL FILES/HELP_COURSES/ELMGR5/L4/FQ/L4FQ02.swf,,,4e762cb81c740dec08869cbb1bb8e3c1f5a72576d4b6978444a7ac0aea9f02f4,DefineText,,,none; machine census only; no renderer export,machine-extracted-definition-candidate,owner-provided SWF,container=root; definitionDepth=0; tagOrdinal=202; payloadBytes=26; rawTagPayloadSha256=4e762cb81c740dec08869cbb1bb8e3c1f5a72576d4b6978444a7ac0aea9f02f4; exactTagIdentitySha256=397fbbc000d4679450fa1fe6c77fa97e29811df80576b425aa679962c488c350; runtime reachability unresolved; placement and bounds unresolved; renderer suitability unresolved
swf-definition-00203,101,,text,source-assets/flash/HELP MATH_ORIGINAL FILES/HELP_COURSES/ELMGR5/L4/FQ/L4FQ02.swf,,,e22f8a89e9a5e720b89a0818f781c03ddbebf74938a731c9ddaa4765cabb465f,DefineText,,,none; machine census only; no renderer export,machine-extracted-definition-candidate,owner-provided SWF,container=root; definitionDepth=0; tagOrdinal=203; payloadBytes=25; rawTagPayloadSha256=e22f8a89e9a5e720b89a0818f781c03ddbebf74938a731c9ddaa4765cabb465f; exactTagIdentitySha256=b156f4af0cecee00eb32f19c0a1935678ecd38a1755656dc23ac8a3317e082c2; runtime reachability unresolved; placement and bounds unresolved; renderer suitability unresolved
swf-definition-00204,102,,text,source-assets/flash/HELP MATH_ORIGINAL FILES/HELP_COURSES/ELMGR5/L4/FQ/L4FQ02.swf,,,383b0bf39341d51838c50829505990ea237a21edd437fde29990f5ac0ede1bcf,DefineText,,,none; machine census only; no renderer export,machine-extracted-definition-candidate,owner-provided SWF,container=root; definitionDepth=0; tagOrdinal=204; payloadBytes=26; rawTagPayloadSha256=383b0bf39341d51838c50829505990ea237a21edd437fde29990f5ac0ede1bcf; exactTagIdentitySha256=fb3a41de54ef25d852818f34cbba8e6ff225dae3e13ea82b17af19bc50f59df9; runtime reachability unresolved; placement and bounds unresolved; renderer suitability unresolved
swf-definition-00205,103,,shape,source-assets/flash/HELP MATH_ORIGINAL FILES/HELP_COURSES/ELMGR5/L4/FQ/L4FQ02.swf,,,2f36988c8073620838d466c13d00887eb3decbcf689b8d13e2bcb8acdae823d3,DefineShape2,,,none; machine census only; no renderer export,machine-extracted-definition-candidate,owner-provided SWF,container=root; definitionDepth=0; tagOrdinal=205; payloadBytes=185; rawTagPayloadSha256=2f36988c8073620838d466c13d00887eb3decbcf689b8d13e2bcb8acdae823d3; exactTagIdentitySha256=d03d601b2818b30de242a1779ecfaea9249a13811be3da59bab0895569c6fba4; runtime reachability unresolved; placement and bounds unresolved; renderer suitability unresolved
swf-definition-00206,104,,shape,source-assets/flash/HELP MATH_ORIGINAL FILES/HELP_COURSES/ELMGR5/L4/FQ/L4FQ02.swf,,,531e5f39a6783cca7a01eeebefaf21a25c8f1dd7875a58c8b52930b37833a7d9,DefineShape3,,,none; machine census only; no renderer export,machine-extracted-definition-candidate,owner-provided SWF,container=root; definitionDepth=0; tagOrdinal=206; payloadBytes=452; rawTagPayloadSha256=531e5f39a6783cca7a01eeebefaf21a25c8f1dd7875a58c8b52930b37833a7d9; exactTagIdentitySha256=a04599df0ebf87b1f0948275b61dd3e0bb64bf9fd9a6986d889cb51ec511dbba; runtime reachability unresolved; placement and bounds unresolved; renderer suitability unresolved
swf-definition-00207,105,,text,source-assets/flash/HELP MATH_ORIGINAL FILES/HELP_COURSES/ELMGR5/L4/FQ/L4FQ02.swf,,,f2ceb64d1864d4cc1eed81766200ab28e7f4f63e0c67bda2070f6780199e328b,DefineText,,,none; machine census only; no renderer export,machine-extracted-definition-candidate,owner-provided SWF,container=root; definitionDepth=0; tagOrdinal=207; payloadBytes=31; rawTagPayloadSha256=f2ceb64d1864d4cc1eed81766200ab28e7f4f63e0c67bda2070f6780199e328b; exactTagIdentitySha256=171b98bd382d83e753f4bf379a884dd74189dba6adbfac7fdb8bfc6c3008116d; runtime reachability unresolved; placement and bounds unresolved; renderer suitability unresolved
swf-definition-00208,106,,sprite,source-assets/flash/HELP MATH_ORIGINAL FILES/HELP_COURSES/ELMGR5/L4/FQ/L4FQ02.swf,,,a525f6e8dfe9c31d29f3072be9fa7686c3fbf3cc39042ef1c670dd5391a3066d,DefineSprite,,,none; machine census only; no renderer export,machine-extracted-definition-candidate,owner-provided SWF,container=root; definitionDepth=0; tagOrdinal=208; payloadBytes=75; rawTagPayloadSha256=a525f6e8dfe9c31d29f3072be9fa7686c3fbf3cc39042ef1c670dd5391a3066d; exactTagIdentitySha256=73c421fe63b644f96cafa2baafc1350b01173927c916eec0839894215431df98; declaredFrameCount=1; runtime reachability unresolved; placement and bounds unresolved; renderer suitability unresolved
swf-definition-00215,107,,shape,source-assets/flash/HELP MATH_ORIGINAL FILES/HELP_COURSES/ELMGR5/L4/FQ/L4FQ02.swf,,,36683dbdc9af76bd2d94a8ac86236b65936170ef313de44dfe36dd96d9eed0c2,DefineShape3,,,none; machine census only; no renderer export,machine-extracted-definition-candidate,owner-provided SWF,container=root; definitionDepth=0; tagOrdinal=215; payloadBytes=452; rawTagPayloadSha256=36683dbdc9af76bd2d94a8ac86236b65936170ef313de44dfe36dd96d9eed0c2; exactTagIdentitySha256=c00ffa136bfed31c9a7d9739f4ec9c35e5b591c5934206826012c1f8f8b57421; runtime reachability unresolved; placement and bounds unresolved; renderer suitability unresolved
swf-definition-00216,108,,text,source-assets/flash/HELP MATH_ORIGINAL FILES/HELP_COURSES/ELMGR5/L4/FQ/L4FQ02.swf,,,12bc8240f7671a6aca91035b835d727a528dee727c7b42b768011af143330acb,DefineText,,,none; machine census only; no renderer export,machine-extracted-definition-candidate,owner-provided SWF,container=root; definitionDepth=0; tagOrdinal=216; payloadBytes=31; rawTagPayloadSha256=12bc8240f7671a6aca91035b835d727a528dee727c7b42b768011af143330acb; exactTagIdentitySha256=007e58595b1703a31e3bae94e85308b87fd4522e83c12dfa801fbd7b65bdab7b; runtime reachability unresolved; placement and bounds unresolved; renderer suitability unresolved
swf-definition-00217,109,,sprite,source-assets/flash/HELP MATH_ORIGINAL FILES/HELP_COURSES/ELMGR5/L4/FQ/L4FQ02.swf,,,13de8eef14b1d70c07d8a4b91465f4ca63a40f2e97cfc22d517d6cc08a5ab055,DefineSprite,,,none; machine census only; no renderer export,machine-extracted-definition-candidate,owner-provided SWF,container=root; definitionDepth=0; tagOrdinal=217; payloadBytes=75; rawTagPayloadSha256=13de8eef14b1d70c07d8a4b91465f4ca63a40f2e97cfc22d517d6cc08a5ab055; exactTagIdentitySha256=d58a330ec5e63cae8dba9e7a64957a5ed63b8f5bc35c4c75d79a2fd97a255f0f; declaredFrameCount=1; runtime reachability unresolved; placement and bounds unresolved; renderer suitability unresolved
swf-definition-00224,110,,shape,source-assets/flash/HELP MATH_ORIGINAL FILES/HELP_COURSES/ELMGR5/L4/FQ/L4FQ02.swf,,,6ab0d078a4b8b23c41208fc838e35ea8ecaaddf6c46b3fa09a6f880c937018e5,DefineShape3,,,none; machine census only; no renderer export,machine-extracted-definition-candidate,owner-provided SWF,container=root; definitionDepth=0; tagOrdinal=224; payloadBytes=452; rawTagPayloadSha256=6ab0d078a4b8b23c41208fc838e35ea8ecaaddf6c46b3fa09a6f880c937018e5; exactTagIdentitySha256=77309d4f6e865a6f034c977a8a56a54e2b7aaa4196ccf375e60cd992b8c34e56; runtime reachability unresolved; placement and bounds unresolved; renderer suitability unresolved
swf-definition-00225,111,,text,source-assets/flash/HELP MATH_ORIGINAL FILES/HELP_COURSES/ELMGR5/L4/FQ/L4FQ02.swf,,,d7f058daffc0b9a868865cc0e47a3136656f2383dd723b53bb72427f5380e43d,DefineText,,,none; machine census only; no renderer export,machine-extracted-definition-candidate,owner-provided SWF,container=root; definitionDepth=0; tagOrdinal=225; payloadBytes=31; rawTagPayloadSha256=d7f058daffc0b9a868865cc0e47a3136656f2383dd723b53bb72427f5380e43d; exactTagIdentitySha256=e94c91fdc1517b0182cf47390126082069b9a36d20df084e091abc81aee6b4b4; runtime reachability unresolved; placement and bounds unresolved; renderer suitability unresolved
swf-definition-00226,112,,sprite,source-assets/flash/HELP MATH_ORIGINAL FILES/HELP_COURSES/ELMGR5/L4/FQ/L4FQ02.swf,,,8e58adb3111e716de780a3ca014e80fd1a17fad1fb689a77b40085c115b907e7,DefineSprite,,,none; machine census only; no renderer export,machine-extracted-definition-candidate,owner-provided SWF,container=root; definitionDepth=0; tagOrdinal=226; payloadBytes=75; rawTagPayloadSha256=8e58adb3111e716de780a3ca014e80fd1a17fad1fb689a77b40085c115b907e7; exactTagIdentitySha256=b1ea980fb9c6f090128625cee1734c347f21c343c1fccc7a25f527f9e46cbe71; declaredFrameCount=1; runtime reachability unresolved; placement and bounds unresolved; renderer suitability unresolved
swf-definition-00233,113,,shape,source-assets/flash/HELP MATH_ORIGINAL FILES/HELP_COURSES/ELMGR5/L4/FQ/L4FQ02.swf,,,17a345dfca2c5676d72175385f535982c023b8c48e229c060d51fdfd2d33cbd7,DefineShape3,,,none; machine census only; no renderer export,machine-extracted-definition-candidate,owner-provided SWF,container=root; definitionDepth=0; tagOrdinal=233; payloadBytes=452; rawTagPayloadSha256=17a345dfca2c5676d72175385f535982c023b8c48e229c060d51fdfd2d33cbd7; exactTagIdentitySha256=6560b842a8c974d1eb29f9698a874e52e201483b08d5036386ad5269b2aeda20; runtime reachability unresolved; placement and bounds unresolved; renderer suitability unresolved
swf-definition-00234,114,,text,source-assets/flash/HELP MATH_ORIGINAL FILES/HELP_COURSES/ELMGR5/L4/FQ/L4FQ02.swf,,,d0bf03cd04beb4b6afc66c60ffc77d584b8776bd18d128d491e2b5503a90a680,DefineText,,,none; machine census only; no renderer export,machine-extracted-definition-candidate,owner-provided SWF,container=root; definitionDepth=0; tagOrdinal=234; payloadBytes=31; rawTagPayloadSha256=d0bf03cd04beb4b6afc66c60ffc77d584b8776bd18d128d491e2b5503a90a680; exactTagIdentitySha256=a642403274d4c4195b82e0980fb5d5e6707399167fb7b396f4abfa3122058c7d; runtime reachability unresolved; placement and bounds unresolved; renderer suitability unresolved
swf-definition-00235,115,,sprite,source-assets/flash/HELP MATH_ORIGINAL FILES/HELP_COURSES/ELMGR5/L4/FQ/L4FQ02.swf,,,08f7d35092e2dae16f8e81c556c4affaefbda27d64b2418121a1e922b8654b06,DefineSprite,,,none; machine census only; no renderer export,machine-extracted-definition-candidate,owner-provided SWF,container=root; definitionDepth=0; tagOrdinal=235; payloadBytes=75; rawTagPayloadSha256=08f7d35092e2dae16f8e81c556c4affaefbda27d64b2418121a1e922b8654b06; exactTagIdentitySha256=8a4df1d693812ff8af6f7fe597246326431bdb32baad6ad47641cf1356f03902; declaredFrameCount=1; runtime reachability unresolved; placement and bounds unresolved; renderer suitability unresolved
swf-definition-00242,116,,shape,source-assets/flash/HELP MATH_ORIGINAL FILES/HELP_COURSES/ELMGR5/L4/FQ/L4FQ02.swf,,,c1a317001b0c334f09d566431443a5e2121e40a08b13751758f19e475f46c375,DefineShape,,,none; machine census only; no renderer export,machine-extracted-definition-candidate,owner-provided SWF,container=root; definitionDepth=0; tagOrdinal=242; payloadBytes=26; rawTagPayloadSha256=c1a317001b0c334f09d566431443a5e2121e40a08b13751758f19e475f46c375; exactTagIdentitySha256=a0d958c8a1aefe3384d0a14cafdc113ec972b1b3ca70ccd59f8964997b478c80; runtime reachability unresolved; placement and bounds unresolved; renderer suitability unresolved
swf-definition-00243,117,,text,source-assets/flash/HELP MATH_ORIGINAL FILES/HELP_COURSES/ELMGR5/L4/FQ/L4FQ02.swf,,,7975461ce2446ee19997db4e660fc921200d7cbec96f3a5093dbb20fd8a87b15,DefineEditText,,,none; machine census only; no renderer export,machine-extracted-definition-candidate,owner-provided SWF,container=root; definitionDepth=0; tagOrdinal=243; payloadBytes=37; rawTagPayloadSha256=7975461ce2446ee19997db4e660fc921200d7cbec96f3a5093dbb20fd8a87b15; exactTagIdentitySha256=d9f6383347a865fcce74abbd5e7288beadf2c55d684dd248ba95dc0a5a3852be; runtime reachability unresolved; placement and bounds unresolved; renderer suitability unresolved
swf-definition-00244,118,,text,source-assets/flash/HELP MATH_ORIGINAL FILES/HELP_COURSES/ELMGR5/L4/FQ/L4FQ02.swf,,,0335e5aedc4224db881160795f1974ea52aaf06d028fd02c112baba9bc5c2afe,DefineEditText,,,none; machine census only; no renderer export,machine-extracted-definition-candidate,owner-provided SWF,container=root; definitionDepth=0; tagOrdinal=244; payloadBytes=33; rawTagPayloadSha256=0335e5aedc4224db881160795f1974ea52aaf06d028fd02c112baba9bc5c2afe; exactTagIdentitySha256=4cf152ea22990bfd1b1d1bfff9b1a466c9108c377d644445b4aea5a96ada007b; runtime reachability unresolved; placement and bounds unresolved; renderer suitability unresolved
swf-definition-00245,119,,text,source-assets/flash/HELP MATH_ORIGINAL FILES/HELP_COURSES/ELMGR5/L4/FQ/L4FQ02.swf,,,f32e76730a61baa0d1635d9717ff4555cf29d06b6033ff95a8842f3cb98b5ed2,DefineText,,,none; machine census only; no renderer export,machine-extracted-definition-candidate,owner-provided SWF,container=root; definitionDepth=0; tagOrdinal=245; payloadBytes=181; rawTagPayloadSha256=f32e76730a61baa0d1635d9717ff4555cf29d06b6033ff95a8842f3cb98b5ed2; exactTagIdentitySha256=fc377155c32b189c555df73015b5d82ccd5cc39239d683d8fa06b747f650c621; runtime reachability unresolved; placement and bounds unresolved; renderer suitability unresolved
swf-definition-00246,120,,text,source-assets/flash/HELP MATH_ORIGINAL FILES/HELP_COURSES/ELMGR5/L4/FQ/L4FQ02.swf,,,92f6cacf0936b44dac91774b8b84d5ae78292b847834810b760c898f1d01b8b0,DefineText,,,none; machine census only; no renderer export,machine-extracted-definition-candidate,owner-provided SWF,container=root; definitionDepth=0; tagOrdinal=246; payloadBytes=38; rawTagPayloadSha256=92f6cacf0936b44dac91774b8b84d5ae78292b847834810b760c898f1d01b8b0; exactTagIdentitySha256=1545055f6b1d63a208635f4b2e292f7c4cc91ead8191482ab9b9f0b8dc16d8ad; runtime reachability unresolved; placement and bounds unresolved; renderer suitability unresolved
swf-definition-00247,121,,shape,source-assets/flash/HELP MATH_ORIGINAL FILES/HELP_COURSES/ELMGR5/L4/FQ/L4FQ02.swf,,,cca6edaee569c5965637f56335de4f2826cf0827a2c32daee27b7da6f357d140,DefineShape,,,none; machine census only; no renderer export,machine-extracted-definition-candidate,owner-provided SWF,container=root; definitionDepth=0; tagOrdinal=247; payloadBytes=662; rawTagPayloadSha256=cca6edaee569c5965637f56335de4f2826cf0827a2c32daee27b7da6f357d140; exactTagIdentitySha256=7ef5acc7c20d4e926d89689a4bbb1ad0b0d833c3905bcfee13befc629dbb9764; runtime reachability unresolved; placement and bounds unresolved; renderer suitability unresolved
swf-definition-00248,122,,text,source-assets/flash/HELP MATH_ORIGINAL FILES/HELP_COURSES/ELMGR5/L4/FQ/L4FQ02.swf,,,d3bd501f9497ab24ef4ba6308625e0960d2badae3aeea419a432be30dd8909c2,DefineText,,,none; machine census only; no renderer export,machine-extracted-definition-candidate,owner-provided SWF,container=root; definitionDepth=0; tagOrdinal=248; payloadBytes=25; rawTagPayloadSha256=d3bd501f9497ab24ef4ba6308625e0960d2badae3aeea419a432be30dd8909c2; exactTagIdentitySha256=542fdd59dd2acc4914a11da2ab62fbabe25fb696ea0b751b5fb0406055c8004b; runtime reachability unresolved; placement and bounds unresolved; renderer suitability unresolved
swf-definition-00249,123,,text,source-assets/flash/HELP MATH_ORIGINAL FILES/HELP_COURSES/ELMGR5/L4/FQ/L4FQ02.swf,,,f10881ac1bd2df6892769e116f181287cc2d723c5a08227c70474310c0a9ab7c,DefineText,,,none; machine census only; no renderer export,machine-extracted-definition-candidate,owner-provided SWF,container=root; definitionDepth=0; tagOrdinal=249; payloadBytes=25; rawTagPayloadSha256=f10881ac1bd2df6892769e116f181287cc2d723c5a08227c70474310c0a9ab7c; exactTagIdentitySha256=4b82f5ea1a791b3cc8675f88d5c505e0973bf82ac7ea9efcee4b115bedf669ca; runtime reachability unresolved; placement and bounds unresolved; renderer suitability unresolved
swf-definition-00250,124,,text,source-assets/flash/HELP MATH_ORIGINAL FILES/HELP_COURSES/ELMGR5/L4/FQ/L4FQ02.swf,,,4ffe670043c51620d8fe01f0ff193468114f561fd4122450640ffe0c3b24cca5,DefineText,,,none; machine census only; no renderer export,machine-extracted-definition-candidate,owner-provided SWF,container=root; definitionDepth=0; tagOrdinal=250; payloadBytes=26; rawTagPayloadSha256=4ffe670043c51620d8fe01f0ff193468114f561fd4122450640ffe0c3b24cca5; exactTagIdentitySha256=039799205de2134351c2adc5891655fa019cbba00d6f0db2fcae59f4b8c905a0; runtime reachability unresolved; placement and bounds unresolved; renderer suitability unresolved
swf-definition-00251,125,,text,source-assets/flash/HELP MATH_ORIGINAL FILES/HELP_COURSES/ELMGR5/L4/FQ/L4FQ02.swf,,,49cc7e57dae1692112367f1a13515fe05c99bf45c7f7a851fcddbc482caa3f30,DefineText,,,none; machine census only; no renderer export,machine-extracted-definition-candidate,owner-provided SWF,container=root; definitionDepth=0; tagOrdinal=251; payloadBytes=26; rawTagPayloadSha256=49cc7e57dae1692112367f1a13515fe05c99bf45c7f7a851fcddbc482caa3f30; exactTagIdentitySha256=355761a61503184c3df7d330fbd8fad6d3b188d0cab58d099dcb7441094ba908; runtime reachability unresolved; placement and bounds unresolved; renderer suitability unresolved
swf-definition-00252,126,,shape,source-assets/flash/HELP MATH_ORIGINAL FILES/HELP_COURSES/ELMGR5/L4/FQ/L4FQ02.swf,,,2ab84232a98516a402ada0e25862c5729308521a639f8008e9b9f4c4015f463e,DefineShape2,,,none; machine census only; no renderer export,machine-extracted-definition-candidate,owner-provided SWF,container=root; definitionDepth=0; tagOrdinal=252; payloadBytes=185; rawTagPayloadSha256=2ab84232a98516a402ada0e25862c5729308521a639f8008e9b9f4c4015f463e; exactTagIdentitySha256=b64d5485c79da94508e66f3059d7d5e78160430820c9a113704fec7e370eb8af; runtime reachability unresolved; placement and bounds unresolved; renderer suitability unresolved
swf-definition-00253,127,,shape,source-assets/flash/HELP MATH_ORIGINAL FILES/HELP_COURSES/ELMGR5/L4/FQ/L4FQ02.swf,,,e6d497bb25a4df63328f362cfff557e152e30cbfb512e7e39a548a945601157e,DefineShape3,,,none; machine census only; no renderer export,machine-extracted-definition-candidate,owner-provided SWF,container=root; definitionDepth=0; tagOrdinal=253; payloadBytes=452; rawTagPayloadSha256=e6d497bb25a4df63328f362cfff557e152e30cbfb512e7e39a548a945601157e; exactTagIdentitySha256=a6ce53582b5c5477d6528da0acdd3f25015d3a367897d72d3f51aa1daec8d54e; runtime reachability unresolved; placement and bounds unresolved; renderer suitability unresolved
swf-definition-00254,128,,text,source-assets/flash/HELP MATH_ORIGINAL FILES/HELP_COURSES/ELMGR5/L4/FQ/L4FQ02.swf,,,e66642f81d1caf45d7f5ff79818eedd212cc984b29c3e3ef53f033f865b47d96,DefineText,,,none; machine census only; no renderer export,machine-extracted-definition-candidate,owner-provided SWF,container=root; definitionDepth=0; tagOrdinal=254; payloadBytes=32; rawTagPayloadSha256=e66642f81d1caf45d7f5ff79818eedd212cc984b29c3e3ef53f033f865b47d96; exactTagIdentitySha256=8262860c4da5c624cfaccf1dda7da99e2f108c78b2196efb62685fa34125c9ea; runtime reachability unresolved; placement and bounds unresolved; renderer suitability unresolved
swf-definition-00255,129,,sprite,source-assets/flash/HELP MATH_ORIGINAL FILES/HELP_COURSES/ELMGR5/L4/FQ/L4FQ02.swf,,,bb815748d50ee4a2a5fa451877baaf85ced1dacfa454631f6e2c44ce40742e8e,DefineSprite,,,none; machine census only; no renderer export,machine-extracted-definition-candidate,owner-provided SWF,container=root; definitionDepth=0; tagOrdinal=255; payloadBytes=70; rawTagPayloadSha256=bb815748d50ee4a2a5fa451877baaf85ced1dacfa454631f6e2c44ce40742e8e; exactTagIdentitySha256=a8611d1f621d8268ca0a2bdf2643ebe22805de25a756a4f50115604e97febe5a; declaredFrameCount=1; runtime reachability unresolved; placement and bounds unresolved; renderer suitability unresolved
swf-definition-00262,130,,shape,source-assets/flash/HELP MATH_ORIGINAL FILES/HELP_COURSES/ELMGR5/L4/FQ/L4FQ02.swf,,,a9791d7382ad12ce9438d44ca69ada9d5599f63154f23e832f44bd17d3fc5bf8,DefineShape3,,,none; machine census only; no renderer export,machine-extracted-definition-candidate,owner-provided SWF,container=root; definitionDepth=0; tagOrdinal=262; payloadBytes=452; rawTagPayloadSha256=a9791d7382ad12ce9438d44ca69ada9d5599f63154f23e832f44bd17d3fc5bf8; exactTagIdentitySha256=e2e86ef2e20e2b7fa3e916073db0c7bb684787542d7683614ba2ba211567f3f7; runtime reachability unresolved; placement and bounds unresolved; renderer suitability unresolved
swf-definition-00263,131,,text,source-assets/flash/HELP MATH_ORIGINAL FILES/HELP_COURSES/ELMGR5/L4/FQ/L4FQ02.swf,,,4d9f7f68114f19355dceae920cc29590493d99cb4b1bfe434a876217c044caab,DefineText,,,none; machine census only; no renderer export,machine-extracted-definition-candidate,owner-provided SWF,container=root; definitionDepth=0; tagOrdinal=263; payloadBytes=31; rawTagPayloadSha256=4d9f7f68114f19355dceae920cc29590493d99cb4b1bfe434a876217c044caab; exactTagIdentitySha256=9f433d99bb9130821e0e498240fe3b88bff9a2a4a561111bc22d827a91d62ea7; runtime reachability unresolved; placement and bounds unresolved; renderer suitability unresolved
swf-definition-00264,132,,sprite,source-assets/flash/HELP MATH_ORIGINAL FILES/HELP_COURSES/ELMGR5/L4/FQ/L4FQ02.swf,,,ffa1ddef730e2944d3f2434829e261eb6c6497bd24678cf59fa31f982877bd1e,DefineSprite,,,none; machine census only; no renderer export,machine-extracted-definition-candidate,owner-provided SWF,container=root; definitionDepth=0; tagOrdinal=264; payloadBytes=70; rawTagPayloadSha256=ffa1ddef730e2944d3f2434829e261eb6c6497bd24678cf59fa31f982877bd1e; exactTagIdentitySha256=146765b1c21d4bbc4abe7b807a19fa63a4a5b6496cd84d0d97908b4186206ef3; declaredFrameCount=1; runtime reachability unresolved; placement and bounds unresolved; renderer suitability unresolved
swf-definition-00271,133,,shape,source-assets/flash/HELP MATH_ORIGINAL FILES/HELP_COURSES/ELMGR5/L4/FQ/L4FQ02.swf,,,aa7d261e925e5095244484835f0c8da4cbf4fb8053b7c02dc3a804b61ddf9bb6,DefineShape3,,,none; machine census only; no renderer export,machine-extracted-definition-candidate,owner-provided SWF,container=root; definitionDepth=0; tagOrdinal=271; payloadBytes=452; rawTagPayloadSha256=aa7d261e925e5095244484835f0c8da4cbf4fb8053b7c02dc3a804b61ddf9bb6; exactTagIdentitySha256=30cc18687ee95f7c1853193d6a63bfffb91004b8bfcb195811cdceb95d421789; runtime reachability unresolved; placement and bounds unresolved; renderer suitability unresolved
swf-definition-00272,134,,text,source-assets/flash/HELP MATH_ORIGINAL FILES/HELP_COURSES/ELMGR5/L4/FQ/L4FQ02.swf,,,bbfbd5d88d3c963d74caa399e84917005c8a4b16ef21c3214d1450f2f5734bce,DefineText,,,none; machine census only; no renderer export,machine-extracted-definition-candidate,owner-provided SWF,container=root; definitionDepth=0; tagOrdinal=272; payloadBytes=31; rawTagPayloadSha256=bbfbd5d88d3c963d74caa399e84917005c8a4b16ef21c3214d1450f2f5734bce; exactTagIdentitySha256=9170dc7035c98e81fc452d7ae9443059df48a509cc36a895f04daec8005386e1; runtime reachability unresolved; placement and bounds unresolved; renderer suitability unresolved
swf-definition-00273,135,,sprite,source-assets/flash/HELP MATH_ORIGINAL FILES/HELP_COURSES/ELMGR5/L4/FQ/L4FQ02.swf,,,45dafb1284006eb0393a860cf54338f496925c4fe1ccc643bfd7d7e53f3c40b3,DefineSprite,,,none; machine census only; no renderer export,machine-extracted-definition-candidate,owner-provided SWF,container=root; definitionDepth=0; tagOrdinal=273; payloadBytes=70; rawTagPayloadSha256=45dafb1284006eb0393a860cf54338f496925c4fe1ccc643bfd7d7e53f3c40b3; exactTagIdentitySha256=de8e0a36d526d9ae874910b5038894545179cea3e96dcec4ac7921a7c0fe06ee; declaredFrameCount=1; runtime reachability unresolved; placement and bounds unresolved; renderer suitability unresolved
swf-definition-00280,136,,shape,source-assets/flash/HELP MATH_ORIGINAL FILES/HELP_COURSES/ELMGR5/L4/FQ/L4FQ02.swf,,,eaa3e99860f1e3a9aed0695d0f3099918009f3535a67a5ba9ea0011747e4a76d,DefineShape3,,,none; machine census only; no renderer export,machine-extracted-definition-candidate,owner-provided SWF,container=root; definitionDepth=0; tagOrdinal=280; payloadBytes=452; rawTagPayloadSha256=eaa3e99860f1e3a9aed0695d0f3099918009f3535a67a5ba9ea0011747e4a76d; exactTagIdentitySha256=9600de0fd2b19053869860daddf1d11d9cce420e88239628c75e518a927a480a; runtime reachability unresolved; placement and bounds unresolved; renderer suitability unresolved
swf-definition-00281,137,,text,source-assets/flash/HELP MATH_ORIGINAL FILES/HELP_COURSES/ELMGR5/L4/FQ/L4FQ02.swf,,,1798e0f3d6471dd41642eae1b9bcdb8d6a6ba8d83c0bd29984ee6cf6f51196ca,DefineText,,,none; machine census only; no renderer export,machine-extracted-definition-candidate,owner-provided SWF,container=root; definitionDepth=0; tagOrdinal=281; payloadBytes=31; rawTagPayloadSha256=1798e0f3d6471dd41642eae1b9bcdb8d6a6ba8d83c0bd29984ee6cf6f51196ca; exactTagIdentitySha256=6e4766f7ddb7b7c77a3cbcf24d7b21112b01c582d81b3695907dc14ef117c932; runtime reachability unresolved; placement and bounds unresolved; renderer suitability unresolved
swf-definition-00282,138,,sprite,source-assets/flash/HELP MATH_ORIGINAL FILES/HELP_COURSES/ELMGR5/L4/FQ/L4FQ02.swf,,,f51c251f2441581d123f79148a8992e4e93505c74170da2d8b36c977148a0289,DefineSprite,,,none; machine census only; no renderer export,machine-extracted-definition-candidate,owner-provided SWF,container=root; definitionDepth=0; tagOrdinal=282; payloadBytes=70; rawTagPayloadSha256=f51c251f2441581d123f79148a8992e4e93505c74170da2d8b36c977148a0289; exactTagIdentitySha256=62e25fde1c2788e846be2bebad09d521890730489b78deab51364807516eaa39; declaredFrameCount=1; runtime reachability unresolved; placement and bounds unresolved; renderer suitability unresolved
swf-definition-00289,139,,text,source-assets/flash/HELP MATH_ORIGINAL FILES/HELP_COURSES/ELMGR5/L4/FQ/L4FQ02.swf,,,7a289687ecbe77bf9359db579f1885e7fc9c2686852025f30a759935bcd1664b,DefineEditText,,,none; machine census only; no renderer export,machine-extracted-definition-candidate,owner-provided SWF,container=root; definitionDepth=0; tagOrdinal=289; payloadBytes=31; rawTagPayloadSha256=7a289687ecbe77bf9359db579f1885e7fc9c2686852025f30a759935bcd1664b; exactTagIdentitySha256=ba7c7cfd53703fbc8005b0ca04061c70babd1aea9b4f1ee457c876e46dc88f4e; runtime reachability unresolved; placement and bounds unresolved; renderer suitability unresolved
swf-definition-00290,140,,text,source-assets/flash/HELP MATH_ORIGINAL FILES/HELP_COURSES/ELMGR5/L4/FQ/L4FQ02.swf,,,17041812babf2f08baf3649096170e0cac7942aaa8f387669c29b3cf51d06599,DefineEditText,,,none; machine census only; no renderer export,machine-extracted-definition-candidate,owner-provided SWF,container=root; definitionDepth=0; tagOrdinal=290; payloadBytes=31; rawTagPayloadSha256=17041812babf2f08baf3649096170e0cac7942aaa8f387669c29b3cf51d06599; exactTagIdentitySha256=9964e04a5f104bb1306b110b7ac9393dc5940496b8a6d8f1c3ebfd14b5eea5f7; runtime reachability unresolved; placement and bounds unresolved; renderer suitability unresolved
swf-definition-00291,141,,text,source-assets/flash/HELP MATH_ORIGINAL FILES/HELP_COURSES/ELMGR5/L4/FQ/L4FQ02.swf,,,6f5639d25574347fa68a289fb049ed088d5573d4a0fff0699fa7f3d39a691179,DefineEditText,,,none; machine census only; no renderer export,machine-extracted-definition-candidate,owner-provided SWF,container=root; definitionDepth=0; tagOrdinal=291; payloadBytes=31; rawTagPayloadSha256=6f5639d25574347fa68a289fb049ed088d5573d4a0fff0699fa7f3d39a691179; exactTagIdentitySha256=8453a1c4a5d1fb344541a66cf4248565de78856a8eb815237adc33cbed16dc79; runtime reachability unresolved; placement and bounds unresolved; renderer suitability unresolved
swf-definition-00292,142,,text,source-assets/flash/HELP MATH_ORIGINAL FILES/HELP_COURSES/ELMGR5/L4/FQ/L4FQ02.swf,,,ac06194eed089a61a59831d7f7510f4b62ca56d4bfe5ea27ffaad969600a5e54,DefineEditText,,,none; machine census only; no renderer export,machine-extracted-definition-candidate,owner-provided SWF,container=root; definitionDepth=0; tagOrdinal=292; payloadBytes=31; rawTagPayloadSha256=ac06194eed089a61a59831d7f7510f4b62ca56d4bfe5ea27ffaad969600a5e54; exactTagIdentitySha256=4013762ecd3b5d0ac969759d66859467569ba1dc45121968fe53574c83349be2; runtime reachability unresolved; placement and bounds unresolved; renderer suitability unresolved
swf-definition-00293,143,,text,source-assets/flash/HELP MATH_ORIGINAL FILES/HELP_COURSES/ELMGR5/L4/FQ/L4FQ02.swf,,,76652ef729d9a1fab000d68f9bd479e80c0f6ce0652bdd087491ca6390d52d5a,DefineEditText,,,none; machine census only; no renderer export,machine-extracted-definition-candidate,owner-provided SWF,container=root; definitionDepth=0; tagOrdinal=293; payloadBytes=31; rawTagPayloadSha256=76652ef729d9a1fab000d68f9bd479e80c0f6ce0652bdd087491ca6390d52d5a; exactTagIdentitySha256=c1f2ec573001d32432c934380f2da3b0e6bd9c341d251a819a7ad1c585f2179e; runtime reachability unresolved; placement and bounds unresolved; renderer suitability unresolved
swf-definition-00294,144,,text,source-assets/flash/HELP MATH_ORIGINAL FILES/HELP_COURSES/ELMGR5/L4/FQ/L4FQ02.swf,,,4cf2563b62588ee20c592d00e05189dfa009939623912fc2b92fe32ec006c54c,DefineEditText,,,none; machine census only; no renderer export,machine-extracted-definition-candidate,owner-provided SWF,container=root; definitionDepth=0; tagOrdinal=294; payloadBytes=31; rawTagPayloadSha256=4cf2563b62588ee20c592d00e05189dfa009939623912fc2b92fe32ec006c54c; exactTagIdentitySha256=4740ae2268685adfc9b2c041fc0dab045adfbd3cb837bfb27fd57f98cb6703c7; runtime reachability unresolved; placement and bounds unresolved; renderer suitability unresolved
swf-definition-00295,145,,text,source-assets/flash/HELP MATH_ORIGINAL FILES/HELP_COURSES/ELMGR5/L4/FQ/L4FQ02.swf,,,817da299e3ce59eb91fc9feac9fb06e12229314760b7c06ba2cd9582711a445e,DefineEditText,,,none; machine census only; no renderer export,machine-extracted-definition-candidate,owner-provided SWF,container=root; definitionDepth=0; tagOrdinal=295; payloadBytes=31; rawTagPayloadSha256=817da299e3ce59eb91fc9feac9fb06e12229314760b7c06ba2cd9582711a445e; exactTagIdentitySha256=1abf1fb165c17d9e8bf1401aea13f5c165e33af7a32be5e53290c7bbace5d1b3; runtime reachability unresolved; placement and bounds unresolved; renderer suitability unresolved
swf-definition-00296,146,,text,source-assets/flash/HELP MATH_ORIGINAL FILES/HELP_COURSES/ELMGR5/L4/FQ/L4FQ02.swf,,,7d93e5ea711130a2a8e0f7c7fe9a99bed128f771b94d1a6d76e7f0adbfe06f87,DefineEditText,,,none; machine census only; no renderer export,machine-extracted-definition-candidate,owner-provided SWF,container=root; definitionDepth=0; tagOrdinal=296; payloadBytes=31; rawTagPayloadSha256=7d93e5ea711130a2a8e0f7c7fe9a99bed128f771b94d1a6d76e7f0adbfe06f87; exactTagIdentitySha256=fb5c12e51adad28abc747f433604d4c9b8c01ae3739fbb9054c8b06e096c1be9; runtime reachability unresolved; placement and bounds unresolved; renderer suitability unresolved
swf-definition-00297,147,,text,source-assets/flash/HELP MATH_ORIGINAL FILES/HELP_COURSES/ELMGR5/L4/FQ/L4FQ02.swf,,,2a16834671f235a4d80b1c64fc8c173d9a9312a9e693dd652b568bb80eaecced,DefineEditText,,,none; machine census only; no renderer export,machine-extracted-definition-candidate,owner-provided SWF,container=root; definitionDepth=0; tagOrdinal=297; payloadBytes=31; rawTagPayloadSha256=2a16834671f235a4d80b1c64fc8c173d9a9312a9e693dd652b568bb80eaecced; exactTagIdentitySha256=d50cacbfa469056c3c5c41266c78530bccba02517ef977624be116a5513240b3; runtime reachability unresolved; placement and bounds unresolved; renderer suitability unresolved
swf-definition-00298,148,,text,source-assets/flash/HELP MATH_ORIGINAL FILES/HELP_COURSES/ELMGR5/L4/FQ/L4FQ02.swf,,,21c095adeb3eeb5dd61125c4780eda4766dda8858132a282551a5b3ae14a5810,DefineEditText,,,none; machine census only; no renderer export,machine-extracted-definition-candidate,owner-provided SWF,container=root; definitionDepth=0; tagOrdinal=298; payloadBytes=31; rawTagPayloadSha256=21c095adeb3eeb5dd61125c4780eda4766dda8858132a282551a5b3ae14a5810; exactTagIdentitySha256=099495db2d63b0114ac6190f4837614f659175d36a572dfec393bfc4a9e00726; runtime reachability unresolved; placement and bounds unresolved; renderer suitability unresolved
swf-definition-00299,149,,text,source-assets/flash/HELP MATH_ORIGINAL FILES/HELP_COURSES/ELMGR5/L4/FQ/L4FQ02.swf,,,9edb800f6b5bcd614ac1b77ed7cbfe9e06ecb9cb3cea76f91718eb04ea4bca81,DefineEditText,,,none; machine census only; no renderer export,machine-extracted-definition-candidate,owner-provided SWF,container=root; definitionDepth=0; tagOrdinal=299; payloadBytes=37; rawTagPayloadSha256=9edb800f6b5bcd614ac1b77ed7cbfe9e06ecb9cb3cea76f91718eb04ea4bca81; exactTagIdentitySha256=7f27601a5192c676d24ce963115afa75e7e60b0633f80549da1e9a6cff060336; runtime reachability unresolved; placement and bounds unresolved; renderer suitability unresolved
swf-definition-00300,150,,text,source-assets/flash/HELP MATH_ORIGINAL FILES/HELP_COURSES/ELMGR5/L4/FQ/L4FQ02.swf,,,2ec34e7c3be77949e11f5a3705307ec21b9766990d68cb13874442d19075feee,DefineEditText,,,none; machine census only; no renderer export,machine-extracted-definition-candidate,owner-provided SWF,container=root; definitionDepth=0; tagOrdinal=300; payloadBytes=33; rawTagPayloadSha256=2ec34e7c3be77949e11f5a3705307ec21b9766990d68cb13874442d19075feee; exactTagIdentitySha256=842510d810ca356f083307493070821a17847b8435cda4e98643df392fa5660a; runtime reachability unresolved; placement and bounds unresolved; renderer suitability unresolved
swf-definition-00301,151,,text,source-assets/flash/HELP MATH_ORIGINAL FILES/HELP_COURSES/ELMGR5/L4/FQ/L4FQ02.swf,,,bd3be6b1486a1af7f2f3514d42c3bb593fec584a3956d156820c657ecaa9d481,DefineText,,,none; machine census only; no renderer export,machine-extracted-definition-candidate,owner-provided SWF,container=root; definitionDepth=0; tagOrdinal=301; payloadBytes=185; rawTagPayloadSha256=bd3be6b1486a1af7f2f3514d42c3bb593fec584a3956d156820c657ecaa9d481; exactTagIdentitySha256=519ea8bb54974ae598e05af0af95c85cb7991012e63b10f6a35a3130580d4505; runtime reachability unresolved; placement and bounds unresolved; renderer suitability unresolved
swf-definition-00302,152,,text,source-assets/flash/HELP MATH_ORIGINAL FILES/HELP_COURSES/ELMGR5/L4/FQ/L4FQ02.swf,,,6203cda2a672e700b9da2dfb07e3543b23f9fd9de5a7272b5c624ac0f911cb29,DefineText,,,none; machine census only; no renderer export,machine-extracted-definition-candidate,owner-provided SWF,container=root; definitionDepth=0; tagOrdinal=302; payloadBytes=25; rawTagPayloadSha256=6203cda2a672e700b9da2dfb07e3543b23f9fd9de5a7272b5c624ac0f911cb29; exactTagIdentitySha256=70e154c086b658e9dfe8aaa9ecd37ca96efb95aa2ae113bb8630489fab8dbe77; runtime reachability unresolved; placement and bounds unresolved; renderer suitability unresolved
swf-definition-00303,153,,shape,source-assets/flash/HELP MATH_ORIGINAL FILES/HELP_COURSES/ELMGR5/L4/FQ/L4FQ02.swf,,,6a1d4cda4b78c2a040634fd9c4360d0eb69d6905392e676cb6389c636e814d08,DefineShape3,,,none; machine census only; no renderer export,machine-extracted-definition-candidate,owner-provided SWF,container=root; definitionDepth=0; tagOrdinal=303; payloadBytes=470; rawTagPayloadSha256=6a1d4cda4b78c2a040634fd9c4360d0eb69d6905392e676cb6389c636e814d08; exactTagIdentitySha256=6d09f13df972c24e1a61f60a6599f137cf8ba3346100725c2b999ddba71966e6; runtime reachability unresolved; placement and bounds unresolved; renderer suitability unresolved
swf-definition-00304,154,,text,source-assets/flash/HELP MATH_ORIGINAL FILES/HELP_COURSES/ELMGR5/L4/FQ/L4FQ02.swf,,,7d7c6d48db7990bab74764b97aa2838c2f7a2559944c4f49d04b3323f253c63b,DefineText,,,none; machine census only; no renderer export,machine-extracted-definition-candidate,owner-provided SWF,container=root; definitionDepth=0; tagOrdinal=304; payloadBytes=34; rawTagPayloadSha256=7d7c6d48db7990bab74764b97aa2838c2f7a2559944c4f49d04b3323f253c63b; exactTagIdentitySha256=74626487fe722efd220bce0b63694ef3594adb419627fb049f170a3b337cd444; runtime reachability unresolved; placement and bounds unresolved; renderer suitability unresolved
swf-definition-00305,155,,sprite,source-assets/flash/HELP MATH_ORIGINAL FILES/HELP_COURSES/ELMGR5/L4/FQ/L4FQ02.swf,,,cc55423e403bd0a216c5beb1523768f1760535674bdb20fa1c8e0ab29ba72618,DefineSprite,,,none; machine census only; no renderer export,machine-extracted-definition-candidate,owner-provided SWF,container=root; definitionDepth=0; tagOrdinal=305; payloadBytes=71; rawTagPayloadSha256=cc55423e403bd0a216c5beb1523768f1760535674bdb20fa1c8e0ab29ba72618; exactTagIdentitySha256=6996a84237692d2b100bb3ea8d9772bb640ceaf5743c8ae6f0a1d38092e81a22; declaredFrameCount=1; runtime reachability unresolved; placement and bounds unresolved; renderer suitability unresolved
swf-definition-00312,156,,shape,source-assets/flash/HELP MATH_ORIGINAL FILES/HELP_COURSES/ELMGR5/L4/FQ/L4FQ02.swf,,,ffbe3885a6fed5595e304027fb0d253a2e9862c73cfd59d806ee4058534609e2,DefineShape3,,,none; machine census only; no renderer export,machine-extracted-definition-candidate,owner-provided SWF,container=root; definitionDepth=0; tagOrdinal=312; payloadBytes=470; rawTagPayloadSha256=ffbe3885a6fed5595e304027fb0d253a2e9862c73cfd59d806ee4058534609e2; exactTagIdentitySha256=b112dc6c60720580611107275c3ffaa541ef04d9e70e3b60a001c94289601200; runtime reachability unresolved; placement and bounds unresolved; renderer suitability unresolved
swf-definition-00313,157,,text,source-assets/flash/HELP MATH_ORIGINAL FILES/HELP_COURSES/ELMGR5/L4/FQ/L4FQ02.swf,,,9d107bce9d58a286db7838a2b2f3bb09f74dab2b3db77748b3db7bf7315cfb82,DefineText,,,none; machine census only; no renderer export,machine-extracted-definition-candidate,owner-provided SWF,container=root; definitionDepth=0; tagOrdinal=313; payloadBytes=34; rawTagPayloadSha256=9d107bce9d58a286db7838a2b2f3bb09f74dab2b3db77748b3db7bf7315cfb82; exactTagIdentitySha256=f9cc6a5cdfbbfbb9060137485f110c13dc7be1b8033a331c99d35f571e190313; runtime reachability unresolved; placement and bounds unresolved; renderer suitability unresolved
swf-definition-00314,158,,sprite,source-assets/flash/HELP MATH_ORIGINAL FILES/HELP_COURSES/ELMGR5/L4/FQ/L4FQ02.swf,,,3a05582c0076fd623f3be09f0b22310c5c456a059b86036f3bef2c06102cae38,DefineSprite,,,none; machine census only; no renderer export,machine-extracted-definition-candidate,owner-provided SWF,container=root; definitionDepth=0; tagOrdinal=314; payloadBytes=71; rawTagPayloadSha256=3a05582c0076fd623f3be09f0b22310c5c456a059b86036f3bef2c06102cae38; exactTagIdentitySha256=629cc37e102ce38c26ffc7cba5a2588c8a289c533b7607e26ee6c904ef4514bd; declaredFrameCount=1; runtime reachability unresolved; placement and bounds unresolved; renderer suitability unresolved
swf-definition-00321,159,,shape,source-assets/flash/HELP MATH_ORIGINAL FILES/HELP_COURSES/ELMGR5/L4/FQ/L4FQ02.swf,,,fa4547eed62daefaeb42fa03862764f5243b548b07f1ab057343ef7c8f5009ea,DefineShape3,,,none; machine census only; no renderer export,machine-extracted-definition-candidate,owner-provided SWF,container=root; definitionDepth=0; tagOrdinal=321; payloadBytes=470; rawTagPayloadSha256=fa4547eed62daefaeb42fa03862764f5243b548b07f1ab057343ef7c8f5009ea; exactTagIdentitySha256=3f5844b73d8601193141767821cb2ac8195376b4c3e48fc7c823b1f5e940ca72; runtime reachability unresolved; placement and bounds unresolved; renderer suitability unresolved
swf-definition-00322,160,,text,source-assets/flash/HELP MATH_ORIGINAL FILES/HELP_COURSES/ELMGR5/L4/FQ/L4FQ02.swf,,,7a9a21652ed1337691157b42298aabea10262fbe0ffc0eeca221d5c6194337ac,DefineText,,,none; machine census only; no renderer export,machine-extracted-definition-candidate,owner-provided SWF,container=root; definitionDepth=0; tagOrdinal=322; payloadBytes=34; rawTagPayloadSha256=7a9a21652ed1337691157b42298aabea10262fbe0ffc0eeca221d5c6194337ac; exactTagIdentitySha256=13438fa168a279e484832009cab16ac713a6175d6727749a3d3fdaee1ed31c76; runtime reachability unresolved; placement and bounds unresolved; renderer suitability unresolved
swf-definition-00323,161,,sprite,source-assets/flash/HELP MATH_ORIGINAL FILES/HELP_COURSES/ELMGR5/L4/FQ/L4FQ02.swf,,,e52fcdc970c05c61aa6215b043b4d12d32e0003beea144d9d690c6940db867c6,DefineSprite,,,none; machine census only; no renderer export,machine-extracted-definition-candidate,owner-provided SWF,container=root; definitionDepth=0; tagOrdinal=323; payloadBytes=71; rawTagPayloadSha256=e52fcdc970c05c61aa6215b043b4d12d32e0003beea144d9d690c6940db867c6; exactTagIdentitySha256=6919aad4f82b119f3ec8ceedbc48024919af856c46b728dd2923359bf79418c0; declaredFrameCount=1; runtime reachability unresolved; placement and bounds unresolved; renderer suitability unresolved
swf-definition-00330,162,,shape,source-assets/flash/HELP MATH_ORIGINAL FILES/HELP_COURSES/ELMGR5/L4/FQ/L4FQ02.swf,,,738ca65dd8686431c2426bf12babaf868a88b56c3fd6303b2e0a4fe4d6af3c04,DefineShape3,,,none; machine census only; no renderer export,machine-extracted-definition-candidate,owner-provided SWF,container=root; definitionDepth=0; tagOrdinal=330; payloadBytes=470; rawTagPayloadSha256=738ca65dd8686431c2426bf12babaf868a88b56c3fd6303b2e0a4fe4d6af3c04; exactTagIdentitySha256=357c3bebae2378c9cc83f62eb75fa654fa75b10d638c00e0acc3e1769086cdbf; runtime reachability unresolved; placement and bounds unresolved; renderer suitability unresolved
swf-definition-00331,163,,text,source-assets/flash/HELP MATH_ORIGINAL FILES/HELP_COURSES/ELMGR5/L4/FQ/L4FQ02.swf,,,ebf1ad68a6816c5eeba53e0c3170fbba5311d0040586f94bb4bda8f75a06f924,DefineText,,,none; machine census only; no renderer export,machine-extracted-definition-candidate,owner-provided SWF,container=root; definitionDepth=0; tagOrdinal=331; payloadBytes=34; rawTagPayloadSha256=ebf1ad68a6816c5eeba53e0c3170fbba5311d0040586f94bb4bda8f75a06f924; exactTagIdentitySha256=d62eabdaf7e9adb2a31ef996ae268a2253a6790926d5864b431d38459c5c8bc9; runtime reachability unresolved; placement and bounds unresolved; renderer suitability unresolved
swf-definition-00332,164,,sprite,source-assets/flash/HELP MATH_ORIGINAL FILES/HELP_COURSES/ELMGR5/L4/FQ/L4FQ02.swf,,,99a4907c6345224b3257ae3c7ecad4d8382b817546b562b123480f3c9d074288,DefineSprite,,,none; machine census only; no renderer export,machine-extracted-definition-candidate,owner-provided SWF,container=root; definitionDepth=0; tagOrdinal=332; payloadBytes=71; rawTagPayloadSha256=99a4907c6345224b3257ae3c7ecad4d8382b817546b562b123480f3c9d074288; exactTagIdentitySha256=6aa73b0e10873f840aefdf6fa1458eff0e1564e8bfb14221eb3f3fdaa7f3f7d7; declaredFrameCount=1; runtime reachability unresolved; placement and bounds unresolved; renderer suitability unresolved
swf-definition-00339,165,,shape,source-assets/flash/HELP MATH_ORIGINAL FILES/HELP_COURSES/ELMGR5/L4/FQ/L4FQ02.swf,,,78f63ad1e38be1392b9b821afa476a7b5ae65fcf71d436284c38662f8f1f57dc,DefineShape,,,none; machine census only; no renderer export,machine-extracted-definition-candidate,owner-provided SWF,container=root; definitionDepth=0; tagOrdinal=339; payloadBytes=26; rawTagPayloadSha256=78f63ad1e38be1392b9b821afa476a7b5ae65fcf71d436284c38662f8f1f57dc; exactTagIdentitySha256=41fecd60ce79de4bba28a5f154df9cddf7b3941caaca759f3a9f4cbf2666b952; runtime reachability unresolved; placement and bounds unresolved; renderer suitability unresolved
swf-definition-00340,166,,text,source-assets/flash/HELP MATH_ORIGINAL FILES/HELP_COURSES/ELMGR5/L4/FQ/L4FQ02.swf,,,32521dc2b640de9b20575ad36a2f679e81b1326485d61e5c2a28c7a093cf178a,DefineEditText,,,none; machine census only; no renderer export,machine-extracted-definition-candidate,owner-provided SWF,container=root; definitionDepth=0; tagOrdinal=340; payloadBytes=37; rawTagPayloadSha256=32521dc2b640de9b20575ad36a2f679e81b1326485d61e5c2a28c7a093cf178a; exactTagIdentitySha256=26f2e591e6fae39fc671811d6a7c722c73d8152285ab683e29f143bbceb16f39; runtime reachability unresolved; placement and bounds unresolved; renderer suitability unresolved
swf-definition-00341,167,,text,source-assets/flash/HELP MATH_ORIGINAL FILES/HELP_COURSES/ELMGR5/L4/FQ/L4FQ02.swf,,,b9647d618bf9f9660f8f33368a511d37a4517504911e09e2d345420ce0026a7e,DefineEditText,,,none; machine census only; no renderer export,machine-extracted-definition-candidate,owner-provided SWF,container=root; definitionDepth=0; tagOrdinal=341; payloadBytes=33; rawTagPayloadSha256=b9647d618bf9f9660f8f33368a511d37a4517504911e09e2d345420ce0026a7e; exactTagIdentitySha256=3f8ffd742beffa30dc5abc9a128f96b9f33bf51f6c914e57a770a7cc9bfcc6bd; runtime reachability unresolved; placement and bounds unresolved; renderer suitability unresolved
swf-definition-00342,168,,text,source-assets/flash/HELP MATH_ORIGINAL FILES/HELP_COURSES/ELMGR5/L4/FQ/L4FQ02.swf,,,9aaf97db52aec9a6888b81562a0b51c44930d9336fda6671c1a14bcbe65758ba,DefineText,,,none; machine census only; no renderer export,machine-extracted-definition-candidate,owner-provided SWF,container=root; definitionDepth=0; tagOrdinal=342; payloadBytes=177; rawTagPayloadSha256=9aaf97db52aec9a6888b81562a0b51c44930d9336fda6671c1a14bcbe65758ba; exactTagIdentitySha256=5621986fb19b01ad2fd89d75ea65165b8e0e9dd7dea620ae90cf04d8aa5f0579; runtime reachability unresolved; placement and bounds unresolved; renderer suitability unresolved
swf-definition-00343,169,,text,source-assets/flash/HELP MATH_ORIGINAL FILES/HELP_COURSES/ELMGR5/L4/FQ/L4FQ02.swf,,,6d7bec61a22c7846c5cf06c683ec3843da2850d19025a0c521891d322b04c4b7,DefineText,,,none; machine census only; no renderer export,machine-extracted-definition-candidate,owner-provided SWF,container=root; definitionDepth=0; tagOrdinal=343; payloadBytes=36; rawTagPayloadSha256=6d7bec61a22c7846c5cf06c683ec3843da2850d19025a0c521891d322b04c4b7; exactTagIdentitySha256=1bd279aa36ff5f69b7e1b79d6134b9efaeb8b7dc130bbcbbda6a2f47e3790619; runtime reachability unresolved; placement and bounds unresolved; renderer suitability unresolved
swf-definition-00344,170,,shape,source-assets/flash/HELP MATH_ORIGINAL FILES/HELP_COURSES/ELMGR5/L4/FQ/L4FQ02.swf,,,c69bb5c38369d8eec0e3c9894f61e82eb4cd3fb045b9dbcdfacc65d05ba02567,DefineShape,,,none; machine census only; no renderer export,machine-extracted-definition-candidate,owner-provided SWF,container=root; definitionDepth=0; tagOrdinal=344; payloadBytes=318; rawTagPayloadSha256=c69bb5c38369d8eec0e3c9894f61e82eb4cd3fb045b9dbcdfacc65d05ba02567; exactTagIdentitySha256=38f71159195ca9f46df29195616ce257637d5b8ec2815f63ac96e824624a5a1e; runtime reachability unresolved; placement and bounds unresolved; renderer suitability unresolved
swf-definition-00345,171,,shape,source-assets/flash/HELP MATH_ORIGINAL FILES/HELP_COURSES/ELMGR5/L4/FQ/L4FQ02.swf,,,cddcb17568f836ba9d4f8e313d66a04bdacbd3bbd30a3dbf98b68f9e9f9b0a75,DefineShape2,,,none; machine census only; no renderer export,machine-extracted-definition-candidate,owner-provided SWF,container=root; definitionDepth=0; tagOrdinal=345; payloadBytes=185; rawTagPayloadSha256=cddcb17568f836ba9d4f8e313d66a04bdacbd3bbd30a3dbf98b68f9e9f9b0a75; exactTagIdentitySha256=4988bb2d3f6f34f1f7b6203cab3bcbe84f788f0c590ea6ff64f8947a1544c644; runtime reachability unresolved; placement and bounds unresolved; renderer suitability unresolved
swf-definition-00346,172,,shape,source-assets/flash/HELP MATH_ORIGINAL FILES/HELP_COURSES/ELMGR5/L4/FQ/L4FQ02.swf,,,ff14dd0faf48011e0ab454a980ce7265239ffccf2e6294b42b41b3985a10a76d,DefineShape3,,,none; machine census only; no renderer export,machine-extracted-definition-candidate,owner-provided SWF,container=root; definitionDepth=0; tagOrdinal=346; payloadBytes=452; rawTagPayloadSha256=ff14dd0faf48011e0ab454a980ce7265239ffccf2e6294b42b41b3985a10a76d; exactTagIdentitySha256=968afcf21e9e285d455a2f4be8d4585bcb04f1276043463509abf64748035766; runtime reachability unresolved; placement and bounds unresolved; renderer suitability unresolved
swf-definition-00347,173,,text,source-assets/flash/HELP MATH_ORIGINAL FILES/HELP_COURSES/ELMGR5/L4/FQ/L4FQ02.swf,,,7ccf693f2066d219ff623b65fa76dd1fbbdd42699e8823c29d44fd301449a831,DefineText,,,none; machine census only; no renderer export,machine-extracted-definition-candidate,owner-provided SWF,container=root; definitionDepth=0; tagOrdinal=347; payloadBytes=29; rawTagPayloadSha256=7ccf693f2066d219ff623b65fa76dd1fbbdd42699e8823c29d44fd301449a831; exactTagIdentitySha256=bbb0b9910f05e83bcc503f556d5353111cd1c2960b67690bc6dfe58a88cdf395; runtime reachability unresolved; placement and bounds unresolved; renderer suitability unresolved
swf-definition-00348,174,,sprite,source-assets/flash/HELP MATH_ORIGINAL FILES/HELP_COURSES/ELMGR5/L4/FQ/L4FQ02.swf,,,2c7f78ce81d56c83af27896c4b465cb51fd2b88fc10b00a4a83cf6b990717308,DefineSprite,,,none; machine census only; no renderer export,machine-extracted-definition-candidate,owner-provided SWF,container=root; definitionDepth=0; tagOrdinal=348; payloadBytes=70; rawTagPayloadSha256=2c7f78ce81d56c83af27896c4b465cb51fd2b88fc10b00a4a83cf6b990717308; exactTagIdentitySha256=5006685942f25dc9f66033fad9eb8f0d56ac073628ea748b7892ee1ec51b97ec; declaredFrameCount=1; runtime reachability unresolved; placement and bounds unresolved; renderer suitability unresolved
swf-definition-00355,175,,shape,source-assets/flash/HELP MATH_ORIGINAL FILES/HELP_COURSES/ELMGR5/L4/FQ/L4FQ02.swf,,,924e3d7899460609837ff5a9963105d4450115dae93024c9ecf9fbce338b47d3,DefineShape3,,,none; machine census only; no renderer export,machine-extracted-definition-candidate,owner-provided SWF,container=root; definitionDepth=0; tagOrdinal=355; payloadBytes=452; rawTagPayloadSha256=924e3d7899460609837ff5a9963105d4450115dae93024c9ecf9fbce338b47d3; exactTagIdentitySha256=52008304ec7bdeacc575dd82aba58581826c80f380ea9086970e74312e8970f6; runtime reachability unresolved; placement and bounds unresolved; renderer suitability unresolved
swf-definition-00356,176,,text,source-assets/flash/HELP MATH_ORIGINAL FILES/HELP_COURSES/ELMGR5/L4/FQ/L4FQ02.swf,,,a1d6b7b18f297082b4cbd7afa0814bf6aee76ce5673d5869f98d741fb5c84599,DefineText,,,none; machine census only; no renderer export,machine-extracted-definition-candidate,owner-provided SWF,container=root; definitionDepth=0; tagOrdinal=356; payloadBytes=30; rawTagPayloadSha256=a1d6b7b18f297082b4cbd7afa0814bf6aee76ce5673d5869f98d741fb5c84599; exactTagIdentitySha256=15a56e1512ca6d7f8cbcd5d3ed39a377c04a35b6d0d4a4e0e26e5ef301018cff; runtime reachability unresolved; placement and bounds unresolved; renderer suitability unresolved
swf-definition-00357,177,,sprite,source-assets/flash/HELP MATH_ORIGINAL FILES/HELP_COURSES/ELMGR5/L4/FQ/L4FQ02.swf,,,ef012bcc080ec20107d096044ef21d8ea84c84f8b9155808031e451ade68342f,DefineSprite,,,none; machine census only; no renderer export,machine-extracted-definition-candidate,owner-provided SWF,container=root; definitionDepth=0; tagOrdinal=357; payloadBytes=70; rawTagPayloadSha256=ef012bcc080ec20107d096044ef21d8ea84c84f8b9155808031e451ade68342f; exactTagIdentitySha256=201dd935aa523f98c9f691dc5a1247b108c13716bf1a3cdea554c68b7ed5d58c; declaredFrameCount=1; runtime reachability unresolved; placement and bounds unresolved; renderer suitability unresolved
swf-definition-00364,178,,shape,source-assets/flash/HELP MATH_ORIGINAL FILES/HELP_COURSES/ELMGR5/L4/FQ/L4FQ02.swf,,,31088aae4a97d73787aad8ed41fccc85fb67e14d6e875c322dec4bd479561eed,DefineShape3,,,none; machine census only; no renderer export,machine-extracted-definition-candidate,owner-provided SWF,container=root; definitionDepth=0; tagOrdinal=364; payloadBytes=452; rawTagPayloadSha256=31088aae4a97d73787aad8ed41fccc85fb67e14d6e875c322dec4bd479561eed; exactTagIdentitySha256=8c63ee13981ad4eb0bde7b7bb64dacbaf0f07ae9fdb74b92c904da90f059122a; runtime reachability unresolved; placement and bounds unresolved; renderer suitability unresolved
swf-definition-00365,179,,text,source-assets/flash/HELP MATH_ORIGINAL FILES/HELP_COURSES/ELMGR5/L4/FQ/L4FQ02.swf,,,4e5eaa239cb46875f4fbc2359e3e6b09d6dd9c2c749cf706390d3f972e4c397a,DefineText,,,none; machine census only; no renderer export,machine-extracted-definition-candidate,owner-provided SWF,container=root; definitionDepth=0; tagOrdinal=365; payloadBytes=30; rawTagPayloadSha256=4e5eaa239cb46875f4fbc2359e3e6b09d6dd9c2c749cf706390d3f972e4c397a; exactTagIdentitySha256=2eca0afc08686965db1aefcdc8ad0815a8b363a6e8615543d93757668729792d; runtime reachability unresolved; placement and bounds unresolved; renderer suitability unresolved
swf-definition-00366,180,,sprite,source-assets/flash/HELP MATH_ORIGINAL FILES/HELP_COURSES/ELMGR5/L4/FQ/L4FQ02.swf,,,e512f66846a89f571fd8f5495bf82ef90e5d0cd9d28a38369331ed3d595bbc8b,DefineSprite,,,none; machine census only; no renderer export,machine-extracted-definition-candidate,owner-provided SWF,container=root; definitionDepth=0; tagOrdinal=366; payloadBytes=70; rawTagPayloadSha256=e512f66846a89f571fd8f5495bf82ef90e5d0cd9d28a38369331ed3d595bbc8b; exactTagIdentitySha256=a923e676d6de6e83d60107edfadcbd71b1dd8734b209ecffffd6a309f5538846; declaredFrameCount=1; runtime reachability unresolved; placement and bounds unresolved; renderer suitability unresolved
swf-definition-00373,181,,shape,source-assets/flash/HELP MATH_ORIGINAL FILES/HELP_COURSES/ELMGR5/L4/FQ/L4FQ02.swf,,,f522e4eb5cb12b6d346903570e3d52ff50ea6a487a0138c3f3f12c78b8e98275,DefineShape3,,,none; machine census only; no renderer export,machine-extracted-definition-candidate,owner-provided SWF,container=root; definitionDepth=0; tagOrdinal=373; payloadBytes=452; rawTagPayloadSha256=f522e4eb5cb12b6d346903570e3d52ff50ea6a487a0138c3f3f12c78b8e98275; exactTagIdentitySha256=f0a83775ef9c89e8c752f5ff36c7d569faa6d9a5a6fd81cbec714386b4d69089; runtime reachability unresolved; placement and bounds unresolved; renderer suitability unresolved
swf-definition-00374,182,,sprite,source-assets/flash/HELP MATH_ORIGINAL FILES/HELP_COURSES/ELMGR5/L4/FQ/L4FQ02.swf,,,4217b8f9b608463ae1b246e6a14a94b3f47387a703643cf437d548be3d896951,DefineSprite,,,none; machine census only; no renderer export,machine-extracted-definition-candidate,owner-provided SWF,container=root; definitionDepth=0; tagOrdinal=374; payloadBytes=70; rawTagPayloadSha256=4217b8f9b608463ae1b246e6a14a94b3f47387a703643cf437d548be3d896951; exactTagIdentitySha256=399ea2d0695aa04e8b9ae2705e6738c1d19197209c34c29036344227c131010b; declaredFrameCount=1; runtime reachability unresolved; placement and bounds unresolved; renderer suitability unresolved
swf-definition-00381,183,,shape,source-assets/flash/HELP MATH_ORIGINAL FILES/HELP_COURSES/ELMGR5/L4/FQ/L4FQ02.swf,,,bfcf21ec8f569e86304d9a29871b12ffceaf5af1a725107df36dae5dc221b8ae,DefineShape,,,none; machine census only; no renderer export,machine-extracted-definition-candidate,owner-provided SWF,container=root; definitionDepth=0; tagOrdinal=381; payloadBytes=27; rawTagPayloadSha256=bfcf21ec8f569e86304d9a29871b12ffceaf5af1a725107df36dae5dc221b8ae; exactTagIdentitySha256=7c1c771813835db1de422280f986d67e9ade1935ab9fae79e124b9073a64f18f; runtime reachability unresolved; placement and bounds unresolved; renderer suitability unresolved
swf-definition-00382,184,,text,source-assets/flash/HELP MATH_ORIGINAL FILES/HELP_COURSES/ELMGR5/L4/FQ/L4FQ02.swf,,,84e4e473f98f09540e43fb683cbb48438e4adcfcb2dfcdeb4b827f0afec73474,DefineEditText,,,none; machine census only; no renderer export,machine-extracted-definition-candidate,owner-provided SWF,container=root; definitionDepth=0; tagOrdinal=382; payloadBytes=37; rawTagPayloadSha256=84e4e473f98f09540e43fb683cbb48438e4adcfcb2dfcdeb4b827f0afec73474; exactTagIdentitySha256=a9f44ad7bb70e43ce62d0ac68df5949e13fe03ac7543fa0684ccf92c146d6a45; runtime reachability unresolved; placement and bounds unresolved; renderer suitability unresolved
swf-definition-00383,185,,text,source-assets/flash/HELP MATH_ORIGINAL FILES/HELP_COURSES/ELMGR5/L4/FQ/L4FQ02.swf,,,2e7a8057ba26108479e7be5a4b9bf8e0c7294deaf836b4fc6f93522f056be0d8,DefineEditText,,,none; machine census only; no renderer export,machine-extracted-definition-candidate,owner-provided SWF,container=root; definitionDepth=0; tagOrdinal=383; payloadBytes=33; rawTagPayloadSha256=2e7a8057ba26108479e7be5a4b9bf8e0c7294deaf836b4fc6f93522f056be0d8; exactTagIdentitySha256=dedc6460f6c3bc1facfb90e9d569b35ba039cd429b05472308209992b9b71696; runtime reachability unresolved; placement and bounds unresolved; renderer suitability unresolved
swf-definition-00384,186,,text,source-assets/flash/HELP MATH_ORIGINAL FILES/HELP_COURSES/ELMGR5/L4/FQ/L4FQ02.swf,,,9825fc8bba69f12761b64b5312b3d877b4739477c6248ed87b90194b1084c80c,DefineText,,,none; machine census only; no renderer export,machine-extracted-definition-candidate,owner-provided SWF,container=root; definitionDepth=0; tagOrdinal=384; payloadBytes=198; rawTagPayloadSha256=9825fc8bba69f12761b64b5312b3d877b4739477c6248ed87b90194b1084c80c; exactTagIdentitySha256=b217e353fdcc358aa00ac6c181ae701cb799b7bab1d63b9b55d10c6467f24f29; runtime reachability unresolved; placement and bounds unresolved; renderer suitability unresolved
swf-definition-00385,187,,text,source-assets/flash/HELP MATH_ORIGINAL FILES/HELP_COURSES/ELMGR5/L4/FQ/L4FQ02.swf,,,13af4692c135ae24c96ec8383c3568c9b3b397aee5e9a6ae002cd373ed586541,DefineText,,,none; machine census only; no renderer export,machine-extracted-definition-candidate,owner-provided SWF,container=root; definitionDepth=0; tagOrdinal=385; payloadBytes=44; rawTagPayloadSha256=13af4692c135ae24c96ec8383c3568c9b3b397aee5e9a6ae002cd373ed586541; exactTagIdentitySha256=63f2357979d03bb77cfc2a63cb38a5a5092e2101f265371aba66131584642331; runtime reachability unresolved; placement and bounds unresolved; renderer suitability unresolved
swf-definition-00386,188,,shape,source-assets/flash/HELP MATH_ORIGINAL FILES/HELP_COURSES/ELMGR5/L4/FQ/L4FQ02.swf,,,6db0aaae382eed08a8af9b71d8e58273b467daf3e06ed236e70da0f8155857f4,DefineShape,,,none; machine census only; no renderer export,machine-extracted-definition-candidate,owner-provided SWF,container=root; definitionDepth=0; tagOrdinal=386; payloadBytes=439; rawTagPayloadSha256=6db0aaae382eed08a8af9b71d8e58273b467daf3e06ed236e70da0f8155857f4; exactTagIdentitySha256=e555851dff706d11f5e14a7e13d5c3ab96f75ae982ba78cab8ffbcc65d1b521b; runtime reachability unresolved; placement and bounds unresolved; renderer suitability unresolved
swf-definition-00387,189,,text,source-assets/flash/HELP MATH_ORIGINAL FILES/HELP_COURSES/ELMGR5/L4/FQ/L4FQ02.swf,,,b671970a46fa39a92b79870f5ebb43ceea7a6512762f86d46af85d58b6295133,DefineText,,,none; machine census only; no renderer export,machine-extracted-definition-candidate,owner-provided SWF,container=root; definitionDepth=0; tagOrdinal=387; payloadBytes=26; rawTagPayloadSha256=b671970a46fa39a92b79870f5ebb43ceea7a6512762f86d46af85d58b6295133; exactTagIdentitySha256=4999a66eae7fb031f406fd745a9078bebaedcb9572dccc4888d064639827ae84; runtime reachability unresolved; placement and bounds unresolved; renderer suitability unresolved
swf-definition-00388,190,,text,source-assets/flash/HELP MATH_ORIGINAL FILES/HELP_COURSES/ELMGR5/L4/FQ/L4FQ02.swf,,,3c8edff405301515e4db3e57550dafcdca21860589ab0a9be5765e2c0014c84c,DefineText,,,none; machine census only; no renderer export,machine-extracted-definition-candidate,owner-provided SWF,container=root; definitionDepth=0; tagOrdinal=388; payloadBytes=26; rawTagPayloadSha256=3c8edff405301515e4db3e57550dafcdca21860589ab0a9be5765e2c0014c84c; exactTagIdentitySha256=d4d11448c30259e4fb87b3d9caf9c37ec5b3ad1d936f8bc9fc6a75b7c6a2a7c9; runtime reachability unresolved; placement and bounds unresolved; renderer suitability unresolved
swf-definition-00389,191,,text,source-assets/flash/HELP MATH_ORIGINAL FILES/HELP_COURSES/ELMGR5/L4/FQ/L4FQ02.swf,,,1fabbfda9dcd1ad0b96ed83e399ed7b636def5f7d9fc414ff2c35edaec4f4fbb,DefineText,,,none; machine census only; no renderer export,machine-extracted-definition-candidate,owner-provided SWF,container=root; definitionDepth=0; tagOrdinal=389; payloadBytes=25; rawTagPayloadSha256=1fabbfda9dcd1ad0b96ed83e399ed7b636def5f7d9fc414ff2c35edaec4f4fbb; exactTagIdentitySha256=c8e2de8e692a2b489351a6cde92e443097a89618f322122d0ade38af9bbcce26; runtime reachability unresolved; placement and bounds unresolved; renderer suitability unresolved
swf-definition-00390,192,,shape,source-assets/flash/HELP MATH_ORIGINAL FILES/HELP_COURSES/ELMGR5/L4/FQ/L4FQ02.swf,,,609f8418ca587c0699abdd73adbfd81985cbc301c75bcb98ccde5ca11f61d0e7,DefineShape2,,,none; machine census only; no renderer export,machine-extracted-definition-candidate,owner-provided SWF,container=root; definitionDepth=0; tagOrdinal=390; payloadBytes=185; rawTagPayloadSha256=609f8418ca587c0699abdd73adbfd81985cbc301c75bcb98ccde5ca11f61d0e7; exactTagIdentitySha256=98dbf8d03366ee19c5c6697f7c2b6586bda0d5ecb86f17d2fbed029fa851c8d2; runtime reachability unresolved; placement and bounds unresolved; renderer suitability unresolved
swf-definition-00391,193,,shape,source-assets/flash/HELP MATH_ORIGINAL FILES/HELP_COURSES/ELMGR5/L4/FQ/L4FQ02.swf,,,29e4ef83e001deebc22afdd86bd6df711021ae79e980a275e0a1aeedb7a89465,DefineShape3,,,none; machine census only; no renderer export,machine-extracted-definition-candidate,owner-provided SWF,container=root; definitionDepth=0; tagOrdinal=391; payloadBytes=452; rawTagPayloadSha256=29e4ef83e001deebc22afdd86bd6df711021ae79e980a275e0a1aeedb7a89465; exactTagIdentitySha256=0c9fd5d68175fadfeb618a842176579ba723340000ef22f395432d5cc28a4c22; runtime reachability unresolved; placement and bounds unresolved; renderer suitability unresolved
swf-definition-00392,194,,text,source-assets/flash/HELP MATH_ORIGINAL FILES/HELP_COURSES/ELMGR5/L4/FQ/L4FQ02.swf,,,e17d7469f8f35f5ff963404a59daede56984e72e52c71a98e4347ad3ba1dbc7c,DefineText,,,none; machine census only; no renderer export,machine-extracted-definition-candidate,owner-provided SWF,container=root; definitionDepth=0; tagOrdinal=392; payloadBytes=31; rawTagPayloadSha256=e17d7469f8f35f5ff963404a59daede56984e72e52c71a98e4347ad3ba1dbc7c; exactTagIdentitySha256=709e8a5f3fec37897c52ee17639ff32d8c34cb9c38f1d6251e59eafea1ed8c3f; runtime reachability unresolved; placement and bounds unresolved; renderer suitability unresolved
swf-definition-00393,195,,sprite,source-assets/flash/HELP MATH_ORIGINAL FILES/HELP_COURSES/ELMGR5/L4/FQ/L4FQ02.swf,,,d444edefb55659f4b87b5602a1383eb324021a913f788bf197304eb959d10464,DefineSprite,,,none; machine census only; no renderer export,machine-extracted-definition-candidate,owner-provided SWF,container=root; definitionDepth=0; tagOrdinal=393; payloadBytes=75; rawTagPayloadSha256=d444edefb55659f4b87b5602a1383eb324021a913f788bf197304eb959d10464; exactTagIdentitySha256=935f6c964da689536cd19e0d8b5fcfddac2f8d2498f0a239bd25c2231d7b9209; declaredFrameCount=1; runtime reachability unresolved; placement and bounds unresolved; renderer suitability unresolved
swf-definition-00400,196,,text,source-assets/flash/HELP MATH_ORIGINAL FILES/HELP_COURSES/ELMGR5/L4/FQ/L4FQ02.swf,,,be67c4adaaa02f1f60cb3ba99ac1823f1e943f1141fe622fead0c51d6fdb04bb,DefineText,,,none; machine census only; no renderer export,machine-extracted-definition-candidate,owner-provided SWF,container=root; definitionDepth=0; tagOrdinal=400; payloadBytes=31; rawTagPayloadSha256=be67c4adaaa02f1f60cb3ba99ac1823f1e943f1141fe622fead0c51d6fdb04bb; exactTagIdentitySha256=5be1aa1748ee2dcad07afbb8f4566304f373fe735dd648e20bd5ae3d8a679ba1; runtime reachability unresolved; placement and bounds unresolved; renderer suitability unresolved
swf-definition-00401,197,,sprite,source-assets/flash/HELP MATH_ORIGINAL FILES/HELP_COURSES/ELMGR5/L4/FQ/L4FQ02.swf,,,fe55e84ea8868446411c6e7a39785fd8679503f46b35a0571050206d7960b0e3,DefineSprite,,,none; machine census only; no renderer export,machine-extracted-definition-candidate,owner-provided SWF,container=root; definitionDepth=0; tagOrdinal=401; payloadBytes=75; rawTagPayloadSha256=fe55e84ea8868446411c6e7a39785fd8679503f46b35a0571050206d7960b0e3; exactTagIdentitySha256=585512c8b270f9aa4ab820a3d53535637b8898254475bb2df8c3c6a9e4fb42ad; declaredFrameCount=1; runtime reachability unresolved; placement and bounds unresolved; renderer suitability unresolved
swf-definition-00408,198,,shape,source-assets/flash/HELP MATH_ORIGINAL FILES/HELP_COURSES/ELMGR5/L4/FQ/L4FQ02.swf,,,e4b6bd94f1b82130005b7097a93087efe5e22e3d939c0b2432da0c30fac944ba,DefineShape3,,,none; machine census only; no renderer export,machine-extracted-definition-candidate,owner-provided SWF,container=root; definitionDepth=0; tagOrdinal=408; payloadBytes=452; rawTagPayloadSha256=e4b6bd94f1b82130005b7097a93087efe5e22e3d939c0b2432da0c30fac944ba; exactTagIdentitySha256=862f699d6dad8e5c891b5f22d490aadcaa49ec0e5817195139b755565884941c; runtime reachability unresolved; placement and bounds unresolved; renderer suitability unresolved
swf-definition-00409,199,,text,source-assets/flash/HELP MATH_ORIGINAL FILES/HELP_COURSES/ELMGR5/L4/FQ/L4FQ02.swf,,,ed657daf9ae9ec08184ca76dcdf0394dadd345ce4873e99c7a3ee1eb755495e8,DefineText,,,none; machine census only; no renderer export,machine-extracted-definition-candidate,owner-provided SWF,container=root; definitionDepth=0; tagOrdinal=409; payloadBytes=31; rawTagPayloadSha256=ed657daf9ae9ec08184ca76dcdf0394dadd345ce4873e99c7a3ee1eb755495e8; exactTagIdentitySha256=0a972b101a18cbc043000b99e8335a87959f9642325f8d363acea21dc688e489; runtime reachability unresolved; placement and bounds unresolved; renderer suitability unresolved
swf-definition-00410,200,,sprite,source-assets/flash/HELP MATH_ORIGINAL FILES/HELP_COURSES/ELMGR5/L4/FQ/L4FQ02.swf,,,0705f42bfaa990a80148c47ae6c9c2b214511e4ddd2ac573884d2729463f6429,DefineSprite,,,none; machine census only; no renderer export,machine-extracted-definition-candidate,owner-provided SWF,container=root; definitionDepth=0; tagOrdinal=410; payloadBytes=75; rawTagPayloadSha256=0705f42bfaa990a80148c47ae6c9c2b214511e4ddd2ac573884d2729463f6429; exactTagIdentitySha256=e274e972e53d9564b0ac08b1545ae9ebf75f3c5e4b401fc800eda0643c4cc856; declaredFrameCount=1; runtime reachability unresolved; placement and bounds unresolved; renderer suitability unresolved
swf-definition-00417,201,,shape,source-assets/flash/HELP MATH_ORIGINAL FILES/HELP_COURSES/ELMGR5/L4/FQ/L4FQ02.swf,,,9a30db293c8f03c10cba128a347457d42352782e3c4de2fbd6867342159cb7bd,DefineShape3,,,none; machine census only; no renderer export,machine-extracted-definition-candidate,owner-provided SWF,container=root; definitionDepth=0; tagOrdinal=417; payloadBytes=452; rawTagPayloadSha256=9a30db293c8f03c10cba128a347457d42352782e3c4de2fbd6867342159cb7bd; exactTagIdentitySha256=a0ccd2a8c1e5f601c22beeaaee270ada5385a2d9781cac8b8b5e77d874f73d3c; runtime reachability unresolved; placement and bounds unresolved; renderer suitability unresolved
swf-definition-00418,202,,text,source-assets/flash/HELP MATH_ORIGINAL FILES/HELP_COURSES/ELMGR5/L4/FQ/L4FQ02.swf,,,5454fcf23d773ee48e4bdd94deff9e2b083c0d549ad562d3c6d1fdbb23bb4ac9,DefineText,,,none; machine census only; no renderer export,machine-extracted-definition-candidate,owner-provided SWF,container=root; definitionDepth=0; tagOrdinal=418; payloadBytes=31; rawTagPayloadSha256=5454fcf23d773ee48e4bdd94deff9e2b083c0d549ad562d3c6d1fdbb23bb4ac9; exactTagIdentitySha256=fbdfa6175529e6f627c9e09b26c2d349bb246e5172030d9b560e692b58b42cff; runtime reachability unresolved; placement and bounds unresolved; renderer suitability unresolved
swf-definition-00419,203,,sprite,source-assets/flash/HELP MATH_ORIGINAL FILES/HELP_COURSES/ELMGR5/L4/FQ/L4FQ02.swf,,,141b35f9571e8de5ff776b657f84e1ad60d2f0f9cdc49bfb9e4fb8edc4191220,DefineSprite,,,none; machine census only; no renderer export,machine-extracted-definition-candidate,owner-provided SWF,container=root; definitionDepth=0; tagOrdinal=419; payloadBytes=75; rawTagPayloadSha256=141b35f9571e8de5ff776b657f84e1ad60d2f0f9cdc49bfb9e4fb8edc4191220; exactTagIdentitySha256=6a3acbb450f7cca9f84e4a7ac044ab66fb5540dcfb18efdf4cf26faa6bcd4818; declaredFrameCount=1; runtime reachability unresolved; placement and bounds unresolved; renderer suitability unresolved
swf-definition-00426,204,,shape,source-assets/flash/HELP MATH_ORIGINAL FILES/HELP_COURSES/ELMGR5/L4/FQ/L4FQ02.swf,,,8fcbb84d49aa188b9cc3095749a4529efa0a1efb35ee8c3f2f6d0bc506830452,DefineShape,,,none; machine census only; no renderer export,machine-extracted-definition-candidate,owner-provided SWF,container=root; definitionDepth=0; tagOrdinal=426; payloadBytes=26; rawTagPayloadSha256=8fcbb84d49aa188b9cc3095749a4529efa0a1efb35ee8c3f2f6d0bc506830452; exactTagIdentitySha256=c0a22b7843e444a8484b84f77918d5dae597553b6b395a72a13c824991f74b52; runtime reachability unresolved; placement and bounds unresolved; renderer suitability unresolved
swf-definition-00427,205,,text,source-assets/flash/HELP MATH_ORIGINAL FILES/HELP_COURSES/ELMGR5/L4/FQ/L4FQ02.swf,,,0895c0da586cb17f8f37fead4ec56c498e8563e8ee6e545433079674c6624a6b,DefineEditText,,,none; machine census only; no renderer export,machine-extracted-definition-candidate,owner-provided SWF,container=root; definitionDepth=0; tagOrdinal=427; payloadBytes=37; rawTagPayloadSha256=0895c0da586cb17f8f37fead4ec56c498e8563e8ee6e545433079674c6624a6b; exactTagIdentitySha256=906192e38f636dad59177276ae417697a9ef55faa0e1fe968a9e1e31fa4f3d95; runtime reachability unresolved; placement and bounds unresolved; renderer suitability unresolved
swf-definition-00428,206,,text,source-assets/flash/HELP MATH_ORIGINAL FILES/HELP_COURSES/ELMGR5/L4/FQ/L4FQ02.swf,,,8d82221cc9111d1e8cef91490eb637d342b89ca365d6695dfc2f89f24863cc4d,DefineEditText,,,none; machine census only; no renderer export,machine-extracted-definition-candidate,owner-provided SWF,container=root; definitionDepth=0; tagOrdinal=428; payloadBytes=33; rawTagPayloadSha256=8d82221cc9111d1e8cef91490eb637d342b89ca365d6695dfc2f89f24863cc4d; exactTagIdentitySha256=55e1b0cd7971fe5c9490ac1c4ac094497e32d2170c00677e07e8b118aac74fab; runtime reachability unresolved; placement and bounds unresolved; renderer suitability unresolved
swf-definition-00429,207,,text,source-assets/flash/HELP MATH_ORIGINAL FILES/HELP_COURSES/ELMGR5/L4/FQ/L4FQ02.swf,,,9ae3fe245fada6e59903806beb732a4f577fa7fe99cf22ca953842ed637e424d,DefineText,,,none; machine census only; no renderer export,machine-extracted-definition-candidate,owner-provided SWF,container=root; definitionDepth=0; tagOrdinal=429; payloadBytes=188; rawTagPayloadSha256=9ae3fe245fada6e59903806beb732a4f577fa7fe99cf22ca953842ed637e424d; exactTagIdentitySha256=b898c0627d61b5615cd4935debe0ba9a06796594291e88166c69de4482657830; runtime reachability unresolved; placement and bounds unresolved; renderer suitability unresolved
swf-definition-00430,208,,text,source-assets/flash/HELP MATH_ORIGINAL FILES/HELP_COURSES/ELMGR5/L4/FQ/L4FQ02.swf,,,cae71e1847b30ee4c6af6ab4f77ac2eb2ef21b27475747129fc2ad57b11b7afe,DefineText,,,none; machine census only; no renderer export,machine-extracted-definition-candidate,owner-provided SWF,container=root; definitionDepth=0; tagOrdinal=430; payloadBytes=36; rawTagPayloadSha256=cae71e1847b30ee4c6af6ab4f77ac2eb2ef21b27475747129fc2ad57b11b7afe; exactTagIdentitySha256=e7ed6d26f6349464dabdb119508ab2992dabd840ad15fd2d37790ca3d9a2d7fe; runtime reachability unresolved; placement and bounds unresolved; renderer suitability unresolved
swf-definition-00431,209,,shape,source-assets/flash/HELP MATH_ORIGINAL FILES/HELP_COURSES/ELMGR5/L4/FQ/L4FQ02.swf,,,810a0725a2fc38d7f16d6977fd99caad29fcf77201576cc742c5f10412a3e121,DefineShape,,,none; machine census only; no renderer export,machine-extracted-definition-candidate,owner-provided SWF,container=root; definitionDepth=0; tagOrdinal=431; payloadBytes=1175; rawTagPayloadSha256=810a0725a2fc38d7f16d6977fd99caad29fcf77201576cc742c5f10412a3e121; exactTagIdentitySha256=8aa65982e4c3ada3b3ce78814789d792a0c8d48b585c7249ab47bbf508725bbc; runtime reachability unresolved; placement and bounds unresolved; renderer suitability unresolved
swf-definition-00432,210,,text,source-assets/flash/HELP MATH_ORIGINAL FILES/HELP_COURSES/ELMGR5/L4/FQ/L4FQ02.swf,,,ae7399d6bd851491def7e5fa59abc158a7a4d72f95cf5503bd439ebdeb5a63b8,DefineText,,,none; machine census only; no renderer export,machine-extracted-definition-candidate,owner-provided SWF,container=root; definitionDepth=0; tagOrdinal=432; payloadBytes=28; rawTagPayloadSha256=ae7399d6bd851491def7e5fa59abc158a7a4d72f95cf5503bd439ebdeb5a63b8; exactTagIdentitySha256=783ec44b04b185647a9feba6398e6696ebf5793916aa21982710a18f06403b21; runtime reachability unresolved; placement and bounds unresolved; renderer suitability unresolved
swf-definition-00433,211,,text,source-assets/flash/HELP MATH_ORIGINAL FILES/HELP_COURSES/ELMGR5/L4/FQ/L4FQ02.swf,,,72c0750024310bc4e5f383b0641a4ce42eb0c40cca7f16900bf8f2b5c6295791,DefineText,,,none; machine census only; no renderer export,machine-extracted-definition-candidate,owner-provided SWF,container=root; definitionDepth=0; tagOrdinal=433; payloadBytes=25; rawTagPayloadSha256=72c0750024310bc4e5f383b0641a4ce42eb0c40cca7f16900bf8f2b5c6295791; exactTagIdentitySha256=40a4766da6d3031d03d5d1754eac46a8a15a25a3a764f6b1d9fcbc72bd42dc56; runtime reachability unresolved; placement and bounds unresolved; renderer suitability unresolved
swf-definition-00434,212,,text,source-assets/flash/HELP MATH_ORIGINAL FILES/HELP_COURSES/ELMGR5/L4/FQ/L4FQ02.swf,,,3c7b7247a4c2d61e95165c39b6dca251365f4eab39a14aee41eb4ace90b49d50,DefineText,,,none; machine census only; no renderer export,machine-extracted-definition-candidate,owner-provided SWF,container=root; definitionDepth=0; tagOrdinal=434; payloadBytes=25; rawTagPayloadSha256=3c7b7247a4c2d61e95165c39b6dca251365f4eab39a14aee41eb4ace90b49d50; exactTagIdentitySha256=e9b67b61d90ec1ae6fddb893164af4ad424d8a55bcec7f87806c10c314b93dd5; runtime reachability unresolved; placement and bounds unresolved; renderer suitability unresolved
swf-definition-00435,213,,text,source-assets/flash/HELP MATH_ORIGINAL FILES/HELP_COURSES/ELMGR5/L4/FQ/L4FQ02.swf,,,c3d65a73a1417ba580ed3e5276013b76ab07e4a8c2c2e07bbf9321174e984253,DefineText,,,none; machine census only; no renderer export,machine-extracted-definition-candidate,owner-provided SWF,container=root; definitionDepth=0; tagOrdinal=435; payloadBytes=25; rawTagPayloadSha256=c3d65a73a1417ba580ed3e5276013b76ab07e4a8c2c2e07bbf9321174e984253; exactTagIdentitySha256=8037db732b474b787ac93bd3c7285de0934b931825efa3df59d64803eccc7be2; runtime reachability unresolved; placement and bounds unresolved; renderer suitability unresolved
swf-definition-00436,214,,text,source-assets/flash/HELP MATH_ORIGINAL FILES/HELP_COURSES/ELMGR5/L4/FQ/L4FQ02.swf,,,ab50649cbe4a489f3ff8afa69b9b201d56f41a5a543d94fa5dd1e0a5133fe40a,DefineText,,,none; machine census only; no renderer export,machine-extracted-definition-candidate,owner-provided SWF,container=root; definitionDepth=0; tagOrdinal=436; payloadBytes=26; rawTagPayloadSha256=ab50649cbe4a489f3ff8afa69b9b201d56f41a5a543d94fa5dd1e0a5133fe40a; exactTagIdentitySha256=50dd5bca13c1e9715c5b3a7745b0006835e6fc163334ceeeec078a630491ab3b; runtime reachability unresolved; placement and bounds unresolved; renderer suitability unresolved
swf-definition-00437,215,,text,source-assets/flash/HELP MATH_ORIGINAL FILES/HELP_COURSES/ELMGR5/L4/FQ/L4FQ02.swf,,,005f7d7d92f206112b91fca3690d142a0651ffb8d19c32ea0926f08965da42ab,DefineText,,,none; machine census only; no renderer export,machine-extracted-definition-candidate,owner-provided SWF,container=root; definitionDepth=0; tagOrdinal=437; payloadBytes=26; rawTagPayloadSha256=005f7d7d92f206112b91fca3690d142a0651ffb8d19c32ea0926f08965da42ab; exactTagIdentitySha256=be8ef79a21066464a54e224eac70d4d459c0edef55c88452d69ec6021f140acc; runtime reachability unresolved; placement and bounds unresolved; renderer suitability unresolved
swf-definition-00438,216,,text,source-assets/flash/HELP MATH_ORIGINAL FILES/HELP_COURSES/ELMGR5/L4/FQ/L4FQ02.swf,,,d4a6949a45b25676627d3d6da9ad2f9f279e9617c21865ee92c4e43c32eaec56,DefineText,,,none; machine census only; no renderer export,machine-extracted-definition-candidate,owner-provided SWF,container=root; definitionDepth=0; tagOrdinal=438; payloadBytes=25; rawTagPayloadSha256=d4a6949a45b25676627d3d6da9ad2f9f279e9617c21865ee92c4e43c32eaec56; exactTagIdentitySha256=0904400f42e6993138b3d1c6ef3dba224ec15ff93d17326d6c857e0636b8b811; runtime reachability unresolved; placement and bounds unresolved; renderer suitability unresolved
swf-definition-00439,217,,text,source-assets/flash/HELP MATH_ORIGINAL FILES/HELP_COURSES/ELMGR5/L4/FQ/L4FQ02.swf,,,1d574fc73dc836b783f407211906a9342d1822bbafe678df6cc7cb977b7aa736,DefineText,,,none; machine census only; no renderer export,machine-extracted-definition-candidate,owner-provided SWF,container=root; definitionDepth=0; tagOrdinal=439; payloadBytes=25; rawTagPayloadSha256=1d574fc73dc836b783f407211906a9342d1822bbafe678df6cc7cb977b7aa736; exactTagIdentitySha256=cef609e391a5a59c0f41e845997d8196a09f9a75c681c06ebfc959b641cf3762; runtime reachability unresolved; placement and bounds unresolved; renderer suitability unresolved
swf-definition-00440,218,,shape,source-assets/flash/HELP MATH_ORIGINAL FILES/HELP_COURSES/ELMGR5/L4/FQ/L4FQ02.swf,,,fc0b5ae941c0bba644e838af5537295c6c0399f394463a3394fe7f07fb813112,DefineShape2,,,none; machine census only; no renderer export,machine-extracted-definition-candidate,owner-provided SWF,container=root; definitionDepth=0; tagOrdinal=440; payloadBytes=185; rawTagPayloadSha256=fc0b5ae941c0bba644e838af5537295c6c0399f394463a3394fe7f07fb813112; exactTagIdentitySha256=48a2316a9649bc90da37b463d4fb60d5c83cc7bd8b4a71fe32bb117a9ab7ec07; runtime reachability unresolved; placement and bounds unresolved; renderer suitability unresolved
swf-definition-00441,219,,shape,source-assets/flash/HELP MATH_ORIGINAL FILES/HELP_COURSES/ELMGR5/L4/FQ/L4FQ02.swf,,,e739b8aa0089b518187d78aa7b50cf8c4b5491017c188bc67e7cb65dd12901a7,DefineShape3,,,none; machine census only; no renderer export,machine-extracted-definition-candidate,owner-provided SWF,container=root; definitionDepth=0; tagOrdinal=441; payloadBytes=452; rawTagPayloadSha256=e739b8aa0089b518187d78aa7b50cf8c4b5491017c188bc67e7cb65dd12901a7; exactTagIdentitySha256=ce570bdb1bb739d49a0b046ca09118f23003dec515cb03debd04e98d0a12a31b; runtime reachability unresolved; placement and bounds unresolved; renderer suitability unresolved
swf-definition-00442,220,,text,source-assets/flash/HELP MATH_ORIGINAL FILES/HELP_COURSES/ELMGR5/L4/FQ/L4FQ02.swf,,,8e0848505ef787e40a3fe9872a55ef6dc73788fec0fdeb3de9c3de022e25abfa,DefineText,,,none; machine census only; no renderer export,machine-extracted-definition-candidate,owner-provided SWF,container=root; definitionDepth=0; tagOrdinal=442; payloadBytes=30; rawTagPayloadSha256=8e0848505ef787e40a3fe9872a55ef6dc73788fec0fdeb3de9c3de022e25abfa; exactTagIdentitySha256=d2ccc34dd3e0a5045280ccad3ab476dcf936846186c66c95e543be9c447f6750; runtime reachability unresolved; placement and bounds unresolved; renderer suitability unresolved
swf-definition-00443,221,,sprite,source-assets/flash/HELP MATH_ORIGINAL FILES/HELP_COURSES/ELMGR5/L4/FQ/L4FQ02.swf,,,a3ed2430662d346eb97b493c318aaa766396d250fb19ca01144e7f59af363a29,DefineSprite,,,none; machine census only; no renderer export,machine-extracted-definition-candidate,owner-provided SWF,container=root; definitionDepth=0; tagOrdinal=443; payloadBytes=75; rawTagPayloadSha256=a3ed2430662d346eb97b493c318aaa766396d250fb19ca01144e7f59af363a29; exactTagIdentitySha256=cac88ea13397e634d94ba647558c1321572bb4e333810f9d84265b794d946137; declaredFrameCount=1; runtime reachability unresolved; placement and bounds unresolved; renderer suitability unresolved
swf-definition-00450,222,,text,source-assets/flash/HELP MATH_ORIGINAL FILES/HELP_COURSES/ELMGR5/L4/FQ/L4FQ02.swf,,,c75adfc732d543cada841406315ecea6ded2d08247d849ce2afacd3f8c3c5866,DefineText,,,none; machine census only; no renderer export,machine-extracted-definition-candidate,owner-provided SWF,container=root; definitionDepth=0; tagOrdinal=450; payloadBytes=30; rawTagPayloadSha256=c75adfc732d543cada841406315ecea6ded2d08247d849ce2afacd3f8c3c5866; exactTagIdentitySha256=5bc51072898a225e8bd9566f5b6f361709c17f1868ba2fd398c475dc9190d392; runtime reachability unresolved; placement and bounds unresolved; renderer suitability unresolved
swf-definition-00451,223,,sprite,source-assets/flash/HELP MATH_ORIGINAL FILES/HELP_COURSES/ELMGR5/L4/FQ/L4FQ02.swf,,,2840c0724060c6b1cae415baa1417e24ed10731ecda34cbe177bd38c2512888c,DefineSprite,,,none; machine census only; no renderer export,machine-extracted-definition-candidate,owner-provided SWF,container=root; definitionDepth=0; tagOrdinal=451; payloadBytes=75; rawTagPayloadSha256=2840c0724060c6b1cae415baa1417e24ed10731ecda34cbe177bd38c2512888c; exactTagIdentitySha256=9f4b1bb4daa5a14b22c891e3fe9025213e8bd3e74f58eb882f9cb837800ac1d8; declaredFrameCount=1; runtime reachability unresolved; placement and bounds unresolved; renderer suitability unresolved
swf-definition-00458,224,,shape,source-assets/flash/HELP MATH_ORIGINAL FILES/HELP_COURSES/ELMGR5/L4/FQ/L4FQ02.swf,,,0bf1b9cd54ee27ec8e4a8668197f55b1dd0cb0363d97a8a588b2d629de523df5,DefineShape3,,,none; machine census only; no renderer export,machine-extracted-definition-candidate,owner-provided SWF,container=root; definitionDepth=0; tagOrdinal=458; payloadBytes=452; rawTagPayloadSha256=0bf1b9cd54ee27ec8e4a8668197f55b1dd0cb0363d97a8a588b2d629de523df5; exactTagIdentitySha256=d93da7134e515e4c25eb9816f7fbc811ff4b5eaa915f7d7021b811a3f43d21aa; runtime reachability unresolved; placement and bounds unresolved; renderer suitability unresolved
swf-definition-00459,225,,text,source-assets/flash/HELP MATH_ORIGINAL FILES/HELP_COURSES/ELMGR5/L4/FQ/L4FQ02.swf,,,cbefa7f0e64b71f76a781f6c790308c9a0da5f97f7cf2c283f27e7b8dd2b6ed6,DefineText,,,none; machine census only; no renderer export,machine-extracted-definition-candidate,owner-provided SWF,container=root; definitionDepth=0; tagOrdinal=459; payloadBytes=31; rawTagPayloadSha256=cbefa7f0e64b71f76a781f6c790308c9a0da5f97f7cf2c283f27e7b8dd2b6ed6; exactTagIdentitySha256=aa7b3db485533283eb3c779a976cc30d4717434fa92b18a2d0d5a25bfb6064ce; runtime reachability unresolved; placement and bounds unresolved; renderer suitability unresolved
swf-definition-00460,226,,sprite,source-assets/flash/HELP MATH_ORIGINAL FILES/HELP_COURSES/ELMGR5/L4/FQ/L4FQ02.swf,,,6f69ddbba898b3e84ab012b17e1d25e49bf670b2f5617087d911adaeebab30b6,DefineSprite,,,none; machine census only; no renderer export,machine-extracted-definition-candidate,owner-provided SWF,container=root; definitionDepth=0; tagOrdinal=460; payloadBytes=75; rawTagPayloadSha256=6f69ddbba898b3e84ab012b17e1d25e49bf670b2f5617087d911adaeebab30b6; exactTagIdentitySha256=b507022a331060c823172396ad94dce99e79eaa6f9fba006beaa069912b497bc; declaredFrameCount=1; runtime reachability unresolved; placement and bounds unresolved; renderer suitability unresolved
swf-definition-00467,227,,shape,source-assets/flash/HELP MATH_ORIGINAL FILES/HELP_COURSES/ELMGR5/L4/FQ/L4FQ02.swf,,,1bed1c7d2f1957fc96c47c72f7b08507fcf76c327fa5f770970b8abfae0b50e2,DefineShape3,,,none; machine census only; no renderer export,machine-extracted-definition-candidate,owner-provided SWF,container=root; definitionDepth=0; tagOrdinal=467; payloadBytes=452; rawTagPayloadSha256=1bed1c7d2f1957fc96c47c72f7b08507fcf76c327fa5f770970b8abfae0b50e2; exactTagIdentitySha256=b0ee09559bb441770642a7887c5a68772df34462f88761485743b948774d6b0b; runtime reachability unresolved; placement and bounds unresolved; renderer suitability unresolved
swf-definition-00468,228,,text,source-assets/flash/HELP MATH_ORIGINAL FILES/HELP_COURSES/ELMGR5/L4/FQ/L4FQ02.swf,,,da47c539fe3a47ac1d40bbc4bada6de006c2a0aec6a258328c3838ae5ea6e5ed,DefineText,,,none; machine census only; no renderer export,machine-extracted-definition-candidate,owner-provided SWF,container=root; definitionDepth=0; tagOrdinal=468; payloadBytes=31; rawTagPayloadSha256=da47c539fe3a47ac1d40bbc4bada6de006c2a0aec6a258328c3838ae5ea6e5ed; exactTagIdentitySha256=45a4fbb7fd53198e76d7666db542f25a9189bd810f8abc3ce05f46421bb5d848; runtime reachability unresolved; placement and bounds unresolved; renderer suitability unresolved
swf-definition-00469,229,,sprite,source-assets/flash/HELP MATH_ORIGINAL FILES/HELP_COURSES/ELMGR5/L4/FQ/L4FQ02.swf,,,56fdb7c865f79a2a82e71709c9276610d24cc0620d7d7dad67d2f45e0af985ae,DefineSprite,,,none; machine census only; no renderer export,machine-extracted-definition-candidate,owner-provided SWF,container=root; definitionDepth=0; tagOrdinal=469; payloadBytes=75; rawTagPayloadSha256=56fdb7c865f79a2a82e71709c9276610d24cc0620d7d7dad67d2f45e0af985ae; exactTagIdentitySha256=fb1166aba6192d1005ee18cd9173c2c5dcdd9c677a3996ef9d58df2d61e7ee6e; declaredFrameCount=1; runtime reachability unresolved; placement and bounds unresolved; renderer suitability unresolved
swf-definition-00476,230,,text,source-assets/flash/HELP MATH_ORIGINAL FILES/HELP_COURSES/ELMGR5/L4/FQ/L4FQ02.swf,,,65e58a1beec16a20dbc007982b719a3dff6b025ef4430bff4c3ecff1750383bb,DefineEditText,,,none; machine census only; no renderer export,machine-extracted-definition-candidate,owner-provided SWF,container=root; definitionDepth=0; tagOrdinal=476; payloadBytes=37; rawTagPayloadSha256=65e58a1beec16a20dbc007982b719a3dff6b025ef4430bff4c3ecff1750383bb; exactTagIdentitySha256=df003ec470b3b147bec9c904f88dc2efe73d250b1fbbec1c2cb115748bbb7d49; runtime reachability unresolved; placement and bounds unresolved; renderer suitability unresolved
swf-definition-00477,231,,text,source-assets/flash/HELP MATH_ORIGINAL FILES/HELP_COURSES/ELMGR5/L4/FQ/L4FQ02.swf,,,6d5cd55bb1b974fcb0a9720f4deeefaf9926b049d81c68df9905ea0630c3f205,DefineEditText,,,none; machine census only; no renderer export,machine-extracted-definition-candidate,owner-provided SWF,container=root; definitionDepth=0; tagOrdinal=477; payloadBytes=33; rawTagPayloadSha256=6d5cd55bb1b974fcb0a9720f4deeefaf9926b049d81c68df9905ea0630c3f205; exactTagIdentitySha256=956fe4869882865b7466456330bf4000716e2a4b3979275970a7810561df6f19; runtime reachability unresolved; placement and bounds unresolved; renderer suitability unresolved
swf-definition-00478,232,,text,source-assets/flash/HELP MATH_ORIGINAL FILES/HELP_COURSES/ELMGR5/L4/FQ/L4FQ02.swf,,,46cc0f89f7d51d7c1ffcd279819d3b96127f5ca71d383b391996a28a6a7b7b39,DefineText,,,none; machine census only; no renderer export,machine-extracted-definition-candidate,owner-provided SWF,container=root; definitionDepth=0; tagOrdinal=478; payloadBytes=167; rawTagPayloadSha256=46cc0f89f7d51d7c1ffcd279819d3b96127f5ca71d383b391996a28a6a7b7b39; exactTagIdentitySha256=4dea94b2d37a1bfe2358f48bc92e65571236b3671dc1d9c19b181304f1475c75; runtime reachability unresolved; placement and bounds unresolved; renderer suitability unresolved
swf-definition-00479,233,,shape,source-assets/flash/HELP MATH_ORIGINAL FILES/HELP_COURSES/ELMGR5/L4/FQ/L4FQ02.swf,,,0a7e27dc094c7ec49972c83c73f1f6559eab3a285601699dd48dd9e7a3c68876,DefineShape3,,,none; machine census only; no renderer export,machine-extracted-definition-candidate,owner-provided SWF,container=root; definitionDepth=0; tagOrdinal=479; payloadBytes=470; rawTagPayloadSha256=0a7e27dc094c7ec49972c83c73f1f6559eab3a285601699dd48dd9e7a3c68876; exactTagIdentitySha256=3a22d2587c394fa0e28d81b4f732a8b1e90d73aacf0ff2cca7c773708077652e; runtime reachability unresolved; placement and bounds unresolved; renderer suitability unresolved
swf-definition-00480,234,,text,source-assets/flash/HELP MATH_ORIGINAL FILES/HELP_COURSES/ELMGR5/L4/FQ/L4FQ02.swf,,,2fa1a00659428b075617866d7f21c03e12f9fcc65dff1f9f124850ffbeaaa5e4,DefineText,,,none; machine census only; no renderer export,machine-extracted-definition-candidate,owner-provided SWF,container=root; definitionDepth=0; tagOrdinal=480; payloadBytes=25; rawTagPayloadSha256=2fa1a00659428b075617866d7f21c03e12f9fcc65dff1f9f124850ffbeaaa5e4; exactTagIdentitySha256=c369c5f0f0dc2879d56c53389b5fa0e5daad0105ef41928b5237db11ed9a9598; runtime reachability unresolved; placement and bounds unresolved; renderer suitability unresolved
swf-definition-00481,235,,text,source-assets/flash/HELP MATH_ORIGINAL FILES/HELP_COURSES/ELMGR5/L4/FQ/L4FQ02.swf,,,89febf9289e78ba7f9f2cb35fc4c33f90c2317bfe1060699271927b09397b16e,DefineText,,,none; machine census only; no renderer export,machine-extracted-definition-candidate,owner-provided SWF,container=root; definitionDepth=0; tagOrdinal=481; payloadBytes=34; rawTagPayloadSha256=89febf9289e78ba7f9f2cb35fc4c33f90c2317bfe1060699271927b09397b16e; exactTagIdentitySha256=8f7bc853f641a6978383e855bdd662388b1ec7681707052009ed54ad2cae6778; runtime reachability unresolved; placement and bounds unresolved; renderer suitability unresolved
swf-definition-00482,236,,sprite,source-assets/flash/HELP MATH_ORIGINAL FILES/HELP_COURSES/ELMGR5/L4/FQ/L4FQ02.swf,,,000b7ab8af9b515cb9884fedd1eddfd68ef72c07bbfa76c6978d2c1c50ede862,DefineSprite,,,none; machine census only; no renderer export,machine-extracted-definition-candidate,owner-provided SWF,container=root; definitionDepth=0; tagOrdinal=482; payloadBytes=87; rawTagPayloadSha256=000b7ab8af9b515cb9884fedd1eddfd68ef72c07bbfa76c6978d2c1c50ede862; exactTagIdentitySha256=32171dccf46bb4ffb9798fef5a44839264410bc90368050fbef4b9f8e91c9dda; declaredFrameCount=1; runtime reachability unresolved; placement and bounds unresolved; renderer suitability unresolved
swf-definition-00490,237,,shape,source-assets/flash/HELP MATH_ORIGINAL FILES/HELP_COURSES/ELMGR5/L4/FQ/L4FQ02.swf,,,382df96b757692d65a8ceb78f49e82c4d2fa52391bde6f19f9cd72804f6b63ee,DefineShape3,,,none; machine census only; no renderer export,machine-extracted-definition-candidate,owner-provided SWF,container=root; definitionDepth=0; tagOrdinal=490; payloadBytes=470; rawTagPayloadSha256=382df96b757692d65a8ceb78f49e82c4d2fa52391bde6f19f9cd72804f6b63ee; exactTagIdentitySha256=3b090f32f8e1cb9dd34ba77c3d50c0384f2ee5e8773ec7bf74960ac151d6cdd7; runtime reachability unresolved; placement and bounds unresolved; renderer suitability unresolved
swf-definition-00491,238,,text,source-assets/flash/HELP MATH_ORIGINAL FILES/HELP_COURSES/ELMGR5/L4/FQ/L4FQ02.swf,,,3805ffde4b546f09ced0ee36c84ff11c058e92a85004b4703c7eb9c3c786013f,DefineText,,,none; machine census only; no renderer export,machine-extracted-definition-candidate,owner-provided SWF,container=root; definitionDepth=0; tagOrdinal=491; payloadBytes=34; rawTagPayloadSha256=3805ffde4b546f09ced0ee36c84ff11c058e92a85004b4703c7eb9c3c786013f; exactTagIdentitySha256=76226d25ead9c1113370cc71fc594d166c7aaea5010e9473a4975b71aa965250; runtime reachability unresolved; placement and bounds unresolved; renderer suitability unresolved
swf-definition-00492,239,,sprite,source-assets/flash/HELP MATH_ORIGINAL FILES/HELP_COURSES/ELMGR5/L4/FQ/L4FQ02.swf,,,c9438c01237b9deee690c94a4237659ac62c3fbed2a836a1eb5a8b6bd00f98c5,DefineSprite,,,none; machine census only; no renderer export,machine-extracted-definition-candidate,owner-provided SWF,container=root; definitionDepth=0; tagOrdinal=492; payloadBytes=87; rawTagPayloadSha256=c9438c01237b9deee690c94a4237659ac62c3fbed2a836a1eb5a8b6bd00f98c5; exactTagIdentitySha256=90e8822d73f4ea6f30e131c96dbb962f998e8bbcf84002973df714d122d8e102; declaredFrameCount=1; runtime reachability unresolved; placement and bounds unresolved; renderer suitability unresolved
swf-definition-00500,240,,shape,source-assets/flash/HELP MATH_ORIGINAL FILES/HELP_COURSES/ELMGR5/L4/FQ/L4FQ02.swf,,,9c576ee3140ffe9e7103f832c074ff8861bfcbd99615e264aaa7b90da6bf69e0,DefineShape3,,,none; machine census only; no renderer export,machine-extracted-definition-candidate,owner-provided SWF,container=root; definitionDepth=0; tagOrdinal=500; payloadBytes=470; rawTagPayloadSha256=9c576ee3140ffe9e7103f832c074ff8861bfcbd99615e264aaa7b90da6bf69e0; exactTagIdentitySha256=1e486ba54347aa5f7e45bf3efe81176989a72d357fb0272de456ce77bd342b2c; runtime reachability unresolved; placement and bounds unresolved; renderer suitability unresolved
swf-definition-00501,241,,text,source-assets/flash/HELP MATH_ORIGINAL FILES/HELP_COURSES/ELMGR5/L4/FQ/L4FQ02.swf,,,0877d63884023a7de6a8cf8dd556cc27a4a5dae6b67bace8c765ff43b0c85c54,DefineText,,,none; machine census only; no renderer export,machine-extracted-definition-candidate,owner-provided SWF,container=root; definitionDepth=0; tagOrdinal=501; payloadBytes=34; rawTagPayloadSha256=0877d63884023a7de6a8cf8dd556cc27a4a5dae6b67bace8c765ff43b0c85c54; exactTagIdentitySha256=876e8dbb947509d72ca69b7bbd1af096bde9200a9509938a26306f06452a9d76; runtime reachability unresolved; placement and bounds unresolved; renderer suitability unresolved
swf-definition-00502,242,,sprite,source-assets/flash/HELP MATH_ORIGINAL FILES/HELP_COURSES/ELMGR5/L4/FQ/L4FQ02.swf,,,78e96c3c57c72d92230d383c7045112d5ef7251520d23bea2f19fb981925769c,DefineSprite,,,none; machine census only; no renderer export,machine-extracted-definition-candidate,owner-provided SWF,container=root; definitionDepth=0; tagOrdinal=502; payloadBytes=87; rawTagPayloadSha256=78e96c3c57c72d92230d383c7045112d5ef7251520d23bea2f19fb981925769c; exactTagIdentitySha256=910d98a7fdf771202b2ef9d9a405f1ad9afbf75df458f1dde28ce074de42fe3c; declaredFrameCount=1; runtime reachability unresolved; placement and bounds unresolved; renderer suitability unresolved
swf-definition-00510,243,,shape,source-assets/flash/HELP MATH_ORIGINAL FILES/HELP_COURSES/ELMGR5/L4/FQ/L4FQ02.swf,,,d6e5296c4c4f8583dbe92200474c614ea19d84206662b9ecf724eb6791510001,DefineShape3,,,none; machine census only; no renderer export,machine-extracted-definition-candidate,owner-provided SWF,container=root; definitionDepth=0; tagOrdinal=510; payloadBytes=470; rawTagPayloadSha256=d6e5296c4c4f8583dbe92200474c614ea19d84206662b9ecf724eb6791510001; exactTagIdentitySha256=821f548e0554af10d2829122ac35129375cefe52bdeadad127159de52676d136; runtime reachability unresolved; placement and bounds unresolved; renderer suitability unresolved
swf-definition-00511,244,,text,source-assets/flash/HELP MATH_ORIGINAL FILES/HELP_COURSES/ELMGR5/L4/FQ/L4FQ02.swf,,,bb69671e4761a5013a4b67675b6cb8ed5011d2b13520f4e5ca7da026b5f51a99,DefineText,,,none; machine census only; no renderer export,machine-extracted-definition-candidate,owner-provided SWF,container=root; definitionDepth=0; tagOrdinal=511; payloadBytes=34; rawTagPayloadSha256=bb69671e4761a5013a4b67675b6cb8ed5011d2b13520f4e5ca7da026b5f51a99; exactTagIdentitySha256=590fa9ee52b6ea7d216287247d8cd620bcaa7418502854a3d41f8d2dde3ffa6d; runtime reachability unresolved; placement and bounds unresolved; renderer suitability unresolved
swf-definition-00512,245,,sprite,source-assets/flash/HELP MATH_ORIGINAL FILES/HELP_COURSES/ELMGR5/L4/FQ/L4FQ02.swf,,,9db9462d78326515320aac0fabbdcb912bcf62496a2218042e8447c10a96efc1,DefineSprite,,,none; machine census only; no renderer export,machine-extracted-definition-candidate,owner-provided SWF,container=root; definitionDepth=0; tagOrdinal=512; payloadBytes=87; rawTagPayloadSha256=9db9462d78326515320aac0fabbdcb912bcf62496a2218042e8447c10a96efc1; exactTagIdentitySha256=75dbf174072ef00814efbebbcb7fcf58e0f79f9a479a3117fc2af3a52064ef5c; declaredFrameCount=1; runtime reachability unresolved; placement and bounds unresolved; renderer suitability unresolved
swf-definition-00520,246,,text,source-assets/flash/HELP MATH_ORIGINAL FILES/HELP_COURSES/ELMGR5/L4/FQ/L4FQ02.swf,,,fa975a4e9e097fb142ae0fae80e6d4066bc8f3770fd64b5c83f6c3c7fc6f3786,DefineEditText,,,none; machine census only; no renderer export,machine-extracted-definition-candidate,owner-provided SWF,container=root; definitionDepth=0; tagOrdinal=520; payloadBytes=36; rawTagPayloadSha256=fa975a4e9e097fb142ae0fae80e6d4066bc8f3770fd64b5c83f6c3c7fc6f3786; exactTagIdentitySha256=9ba980121fc6ac0482296844fac6a786c3fe8487e1d02df68682e1d75c273431; runtime reachability unresolved; placement and bounds unresolved; renderer suitability unresolved
swf-definition-00521,247,,text,source-assets/flash/HELP MATH_ORIGINAL FILES/HELP_COURSES/ELMGR5/L4/FQ/L4FQ02.swf,,,3528ac7707f2db37b67b16d4f13f615128d243574bed2ae523cec178b9bea079,DefineEditText,,,none; machine census only; no renderer export,machine-extracted-definition-candidate,owner-provided SWF,container=root; definitionDepth=0; tagOrdinal=521; payloadBytes=32; rawTagPayloadSha256=3528ac7707f2db37b67b16d4f13f615128d243574bed2ae523cec178b9bea079; exactTagIdentitySha256=6f6dda60bc4718ee050d5e7c26073391d83737e6f58bb6826dc8f1405432331f; runtime reachability unresolved; placement and bounds unresolved; renderer suitability unresolved
swf-definition-00522,248,,text,source-assets/flash/HELP MATH_ORIGINAL FILES/HELP_COURSES/ELMGR5/L4/FQ/L4FQ02.swf,,,0b67103060c75b4711c787ce4eb351785bf4d1d8d11c31a86ddd78ce5663a97a,DefineEditText,,,none; machine census only; no renderer export,machine-extracted-definition-candidate,owner-provided SWF,container=root; definitionDepth=0; tagOrdinal=522; payloadBytes=29; rawTagPayloadSha256=0b67103060c75b4711c787ce4eb351785bf4d1d8d11c31a86ddd78ce5663a97a; exactTagIdentitySha256=e044cc50f5e4b24787a60a4a2a6dbc7d1d684d256a51a34fb6e8715df1b6ffab; runtime reachability unresolved; placement and bounds unresolved; renderer suitability unresolved
swf-definition-00523,249,,text,source-assets/flash/HELP MATH_ORIGINAL FILES/HELP_COURSES/ELMGR5/L4/FQ/L4FQ02.swf,,,d3dede305a14996050d7c31d27946d33a3f98ca2005cb4f61af247c36c3a3708,DefineText,,,none; machine census only; no renderer export,machine-extracted-definition-candidate,owner-provided SWF,container=root; definitionDepth=0; tagOrdinal=523; payloadBytes=156; rawTagPayloadSha256=d3dede305a14996050d7c31d27946d33a3f98ca2005cb4f61af247c36c3a3708; exactTagIdentitySha256=94df9946dce00d21ad719e5cc9585d5e2ec36b9f3ea614c2545b7ef0c32f2d67; runtime reachability unresolved; placement and bounds unresolved; renderer suitability unresolved
swf-definition-00524,250,,shape,source-assets/flash/HELP MATH_ORIGINAL FILES/HELP_COURSES/ELMGR5/L4/FQ/L4FQ02.swf,,,349435ac60f98fb8bc6ed2c1e680875ae1fd9b4696029074c117a9ec8687b4a7,DefineShape2,,,none; machine census only; no renderer export,machine-extracted-definition-candidate,owner-provided SWF,container=root; definitionDepth=0; tagOrdinal=524; payloadBytes=463; rawTagPayloadSha256=349435ac60f98fb8bc6ed2c1e680875ae1fd9b4696029074c117a9ec8687b4a7; exactTagIdentitySha256=96efe234cf3ab0b9260d0e5324108cd78002f34aa5862bc4c1f1adc7c7d3a7d0; runtime reachability unresolved; placement and bounds unresolved; renderer suitability unresolved
swf-definition-00525,251,,text,source-assets/flash/HELP MATH_ORIGINAL FILES/HELP_COURSES/ELMGR5/L4/FQ/L4FQ02.swf,,,8238b3a368e056d0d57dac2847fad67326ac3a121b8cf668feab944c87f87b8c,DefineText,,,none; machine census only; no renderer export,machine-extracted-definition-candidate,owner-provided SWF,container=root; definitionDepth=0; tagOrdinal=525; payloadBytes=28; rawTagPayloadSha256=8238b3a368e056d0d57dac2847fad67326ac3a121b8cf668feab944c87f87b8c; exactTagIdentitySha256=95a0004c04a8e4703c00a150b2e34de9cd8a41ee0637c7209080334224aa4efb; runtime reachability unresolved; placement and bounds unresolved; renderer suitability unresolved
swf-definition-00526,252,,text,source-assets/flash/HELP MATH_ORIGINAL FILES/HELP_COURSES/ELMGR5/L4/FQ/L4FQ02.swf,,,092ee1520fd2e3c2ff364d690b1c4b4b160ff533efebdaa52ca4c2b9dcd6f000,DefineText,,,none; machine census only; no renderer export,machine-extracted-definition-candidate,owner-provided SWF,container=root; definitionDepth=0; tagOrdinal=526; payloadBytes=30; rawTagPayloadSha256=092ee1520fd2e3c2ff364d690b1c4b4b160ff533efebdaa52ca4c2b9dcd6f000; exactTagIdentitySha256=b057e78cc680318cee7d57526c6c78c0daace2a8361c30bd87f966c6c27f8eac; runtime reachability unresolved; placement and bounds unresolved; renderer suitability unresolved
swf-definition-00527,253,,shape,source-assets/flash/HELP MATH_ORIGINAL FILES/HELP_COURSES/ELMGR5/L4/FQ/L4FQ02.swf,,,2f41f9c6e445707aaac78e6f60773d344c6e6903ed2820c3c1d51aab30d7cfdb,DefineShape3,,,none; machine census only; no renderer export,machine-extracted-definition-candidate,owner-provided SWF,container=root; definitionDepth=0; tagOrdinal=527; payloadBytes=452; rawTagPayloadSha256=2f41f9c6e445707aaac78e6f60773d344c6e6903ed2820c3c1d51aab30d7cfdb; exactTagIdentitySha256=b875518757c4f93db128f41cfef2d52653e526be05aa4f351c0d9d0bcd237045; runtime reachability unresolved; placement and bounds unresolved; renderer suitability unresolved
swf-definition-00528,254,,sprite,source-assets/flash/HELP MATH_ORIGINAL FILES/HELP_COURSES/ELMGR5/L4/FQ/L4FQ02.swf,,,f974948a8ef84e754fa2b49f65abbef65cb4ba205b9e50a75b733280af231364,DefineSprite,,,none; machine census only; no renderer export,machine-extracted-definition-candidate,owner-provided SWF,container=root; definitionDepth=0; tagOrdinal=528; payloadBytes=75; rawTagPayloadSha256=f974948a8ef84e754fa2b49f65abbef65cb4ba205b9e50a75b733280af231364; exactTagIdentitySha256=3f9f1bf1ff0ba3e7842d73ef24e307698b12a24d1c1575337b8074bf50244654; declaredFrameCount=1; runtime reachability unresolved; placement and bounds unresolved; renderer suitability unresolved
swf-definition-00535,255,,sprite,source-assets/flash/HELP MATH_ORIGINAL FILES/HELP_COURSES/ELMGR5/L4/FQ/L4FQ02.swf,,,e0cabf9806722d917465a59ed9465f505ccc8d547361b3d1c1e06d65d4121384,DefineSprite,,,none; machine census only; no renderer export,machine-extracted-definition-candidate,owner-provided SWF,container=root; definitionDepth=0; tagOrdinal=535; payloadBytes=75; rawTagPayloadSha256=e0cabf9806722d917465a59ed9465f505ccc8d547361b3d1c1e06d65d4121384; exactTagIdentitySha256=2bed07b037ef4fb8110d72de8309225b476ccbd6b7c82e099bf96a50932e191e; declaredFrameCount=1; runtime reachability unresolved; placement and bounds unresolved; renderer suitability unresolved
swf-definition-00542,256,,shape,source-assets/flash/HELP MATH_ORIGINAL FILES/HELP_COURSES/ELMGR5/L4/FQ/L4FQ02.swf,,,cfa793f5296c7aacc17eb84f01a8e66bde186a50b600d6cfa25190fe9b5df932,DefineShape3,,,none; machine census only; no renderer export,machine-extracted-definition-candidate,owner-provided SWF,container=root; definitionDepth=0; tagOrdinal=542; payloadBytes=452; rawTagPayloadSha256=cfa793f5296c7aacc17eb84f01a8e66bde186a50b600d6cfa25190fe9b5df932; exactTagIdentitySha256=81f8a7a2142c6bb7d1f8cc2d7c381577f1c350803ccd582e089e29833cc50f23; runtime reachability unresolved; placement and bounds unresolved; renderer suitability unresolved
swf-definition-00543,257,,sprite,source-assets/flash/HELP MATH_ORIGINAL FILES/HELP_COURSES/ELMGR5/L4/FQ/L4FQ02.swf,,,22670b6b3f924da47ae70b754b212fd2297bf4d6c1e8afee120d9efae79d4509,DefineSprite,,,none; machine census only; no renderer export,machine-extracted-definition-candidate,owner-provided SWF,container=root; definitionDepth=0; tagOrdinal=543; payloadBytes=75; rawTagPayloadSha256=22670b6b3f924da47ae70b754b212fd2297bf4d6c1e8afee120d9efae79d4509; exactTagIdentitySha256=8fdfc6b0e70adbec1f00d162566f8ba98709fb36cac4aa8ce713a2d781fd4768; declaredFrameCount=1; runtime reachability unresolved; placement and bounds unresolved; renderer suitability unresolved
swf-definition-00550,258,,shape,source-assets/flash/HELP MATH_ORIGINAL FILES/HELP_COURSES/ELMGR5/L4/FQ/L4FQ02.swf,,,03567caeb86bb6a896f0e3fdab4e8fcb9a1f9436175c1274bd21645d287161c5,DefineShape3,,,none; machine census only; no renderer export,machine-extracted-definition-candidate,owner-provided SWF,container=root; definitionDepth=0; tagOrdinal=550; payloadBytes=452; rawTagPayloadSha256=03567caeb86bb6a896f0e3fdab4e8fcb9a1f9436175c1274bd21645d287161c5; exactTagIdentitySha256=12017ad2e97def224ee87fd2d4050702176aa845270c63bfa9cb89bb77d4efee; runtime reachability unresolved; placement and bounds unresolved; renderer suitability unresolved
swf-definition-00551,259,,sprite,source-assets/flash/HELP MATH_ORIGINAL FILES/HELP_COURSES/ELMGR5/L4/FQ/L4FQ02.swf,,,19b07341b8fe1000b24cf2e522f63a43fd17204ee5542e473c090083490e117c,DefineSprite,,,none; machine census only; no renderer export,machine-extracted-definition-candidate,owner-provided SWF,container=root; definitionDepth=0; tagOrdinal=551; payloadBytes=75; rawTagPayloadSha256=19b07341b8fe1000b24cf2e522f63a43fd17204ee5542e473c090083490e117c; exactTagIdentitySha256=1eb011be653f0948867c1a32bf652e0f0714f18715b7033766e43c3fe7e24358; declaredFrameCount=1; runtime reachability unresolved; placement and bounds unresolved; renderer suitability unresolved
swf-definition-00558,260,,text,source-assets/flash/HELP MATH_ORIGINAL FILES/HELP_COURSES/ELMGR5/L4/FQ/L4FQ02.swf,,,9f34ece284f979bf7129250210e422361cecea68da94da6bcb48f455088ac82d,DefineEditText,,,none; machine census only; no renderer export,machine-extracted-definition-candidate,owner-provided SWF,container=root; definitionDepth=0; tagOrdinal=558; payloadBytes=36; rawTagPayloadSha256=9f34ece284f979bf7129250210e422361cecea68da94da6bcb48f455088ac82d; exactTagIdentitySha256=be9c38a02f897986d5b56f253c720df5adc1f1dd7d104850bfc2fae45a620d86; runtime reachability unresolved; placement and bounds unresolved; renderer suitability unresolved
swf-definition-00559,261,,text,source-assets/flash/HELP MATH_ORIGINAL FILES/HELP_COURSES/ELMGR5/L4/FQ/L4FQ02.swf,,,89d0f1a32eb79ca6ca812338352843fc067821f7870bc58fb956d79a9b403361,DefineEditText,,,none; machine census only; no renderer export,machine-extracted-definition-candidate,owner-provided SWF,container=root; definitionDepth=0; tagOrdinal=559; payloadBytes=32; rawTagPayloadSha256=89d0f1a32eb79ca6ca812338352843fc067821f7870bc58fb956d79a9b403361; exactTagIdentitySha256=75fd14212c1c050037b2b27b9a97493fb3cb2ac9c6b3816555ad1b8ca229a85b; runtime reachability unresolved; placement and bounds unresolved; renderer suitability unresolved
swf-definition-00560,262,,text,source-assets/flash/HELP MATH_ORIGINAL FILES/HELP_COURSES/ELMGR5/L4/FQ/L4FQ02.swf,,,4c38efb87775170beccf0448cc842350a25bfb76f069a7bfc1944763a5ec19ce,DefineText,,,none; machine census only; no renderer export,machine-extracted-definition-candidate,owner-provided SWF,container=root; definitionDepth=0; tagOrdinal=560; payloadBytes=167; rawTagPayloadSha256=4c38efb87775170beccf0448cc842350a25bfb76f069a7bfc1944763a5ec19ce; exactTagIdentitySha256=b51364cf14f1150d0c61645337823127f398fa1fd12ca157b80eb572504efb7d; runtime reachability unresolved; placement and bounds unresolved; renderer suitability unresolved
swf-definition-00561,263,,shape,source-assets/flash/HELP MATH_ORIGINAL FILES/HELP_COURSES/ELMGR5/L4/FQ/L4FQ02.swf,,,d2465aefead31fd14126b1dd0629cd8f31cb8f1e7753f4e72400d79e47c53c20,DefineShape,,,none; machine census only; no renderer export,machine-extracted-definition-candidate,owner-provided SWF,container=root; definitionDepth=0; tagOrdinal=561; payloadBytes=327; rawTagPayloadSha256=d2465aefead31fd14126b1dd0629cd8f31cb8f1e7753f4e72400d79e47c53c20; exactTagIdentitySha256=a965be089fd29174f2dff8cf476496eb1470da4c5aee7a0c284e35f3f1fa2372; runtime reachability unresolved; placement and bounds unresolved; renderer suitability unresolved
swf-definition-00562,264,,shape,source-assets/flash/HELP MATH_ORIGINAL FILES/HELP_COURSES/ELMGR5/L4/FQ/L4FQ02.swf,,,3c301d0d428a3408721a6509c031ffd0ffa598489d3db43ec5bc507e4ae2dea1,DefineShape2,,,none; machine census only; no renderer export,machine-extracted-definition-candidate,owner-provided SWF,container=root; definitionDepth=0; tagOrdinal=562; payloadBytes=103; rawTagPayloadSha256=3c301d0d428a3408721a6509c031ffd0ffa598489d3db43ec5bc507e4ae2dea1; exactTagIdentitySha256=f482e003f547904e3eb0d02821abfd25cc93a69a92f829c99812691677d12d61; runtime reachability unresolved; placement and bounds unresolved; renderer suitability unresolved
swf-definition-00563,265,,shape,source-assets/flash/HELP MATH_ORIGINAL FILES/HELP_COURSES/ELMGR5/L4/FQ/L4FQ02.swf,,,6b8ce109c1f2fca5f210c5d89fe3ec0379136e3b762b3568ab8df2773ff18c2c,DefineShape3,,,none; machine census only; no renderer export,machine-extracted-definition-candidate,owner-provided SWF,container=root; definitionDepth=0; tagOrdinal=563; payloadBytes=452; rawTagPayloadSha256=6b8ce109c1f2fca5f210c5d89fe3ec0379136e3b762b3568ab8df2773ff18c2c; exactTagIdentitySha256=040350ceaec5a87c96d7b5d1cf64922e069a806044181e0690c7c1e60ea60666; runtime reachability unresolved; placement and bounds unresolved; renderer suitability unresolved
swf-definition-00564,266,,text,source-assets/flash/HELP MATH_ORIGINAL FILES/HELP_COURSES/ELMGR5/L4/FQ/L4FQ02.swf,,,b60312f7f532f1e01acd02ffabcb3119b1777d788e5c6cf7297e37e276843983,DefineText,,,none; machine census only; no renderer export,machine-extracted-definition-candidate,owner-provided SWF,container=root; definitionDepth=0; tagOrdinal=564; payloadBytes=32; rawTagPayloadSha256=b60312f7f532f1e01acd02ffabcb3119b1777d788e5c6cf7297e37e276843983; exactTagIdentitySha256=b18896fa653cec43fc3759c53a03bea4d956956ed427761e4d0b292b61ab0435; runtime reachability unresolved; placement and bounds unresolved; renderer suitability unresolved
swf-definition-00565,267,,sprite,source-assets/flash/HELP MATH_ORIGINAL FILES/HELP_COURSES/ELMGR5/L4/FQ/L4FQ02.swf,,,1b6d13d2d58b192d880fd5a90788660e5570df18e55d6786a1cef16cf0faec60,DefineSprite,,,none; machine census only; no renderer export,machine-extracted-definition-candidate,owner-provided SWF,container=root; definitionDepth=0; tagOrdinal=565; payloadBytes=75; rawTagPayloadSha256=1b6d13d2d58b192d880fd5a90788660e5570df18e55d6786a1cef16cf0faec60; exactTagIdentitySha256=d445c07f139a7a93938fa8010d3c88dd6243e36fb3c0b4fc38207b0d1f5fc79e; declaredFrameCount=1; runtime reachability unresolved; placement and bounds unresolved; renderer suitability unresolved
swf-definition-00572,268,,shape,source-assets/flash/HELP MATH_ORIGINAL FILES/HELP_COURSES/ELMGR5/L4/FQ/L4FQ02.swf,,,a2abb9c81dfa2b56febdcd24830d35dac7bab9572591d3b9f6a82830468363f0,DefineShape3,,,none; machine census only; no renderer export,machine-extracted-definition-candidate,owner-provided SWF,container=root; definitionDepth=0; tagOrdinal=572; payloadBytes=452; rawTagPayloadSha256=a2abb9c81dfa2b56febdcd24830d35dac7bab9572591d3b9f6a82830468363f0; exactTagIdentitySha256=17eca515797c96264ce05a0f7912fc0741fd529e97686e9924ade0cdbe9512c7; runtime reachability unresolved; placement and bounds unresolved; renderer suitability unresolved
swf-definition-00573,269,,text,source-assets/flash/HELP MATH_ORIGINAL FILES/HELP_COURSES/ELMGR5/L4/FQ/L4FQ02.swf,,,627f6f80c3d2b88869206bdfd4b413f8b148754dca57f80b31ad9d362d07c118,DefineText,,,none; machine census only; no renderer export,machine-extracted-definition-candidate,owner-provided SWF,container=root; definitionDepth=0; tagOrdinal=573; payloadBytes=30; rawTagPayloadSha256=627f6f80c3d2b88869206bdfd4b413f8b148754dca57f80b31ad9d362d07c118; exactTagIdentitySha256=4d17d6b1cebce905b01ca441aacb8cf445b32fd62b20a48c69e3f0bf783fe487; runtime reachability unresolved; placement and bounds unresolved; renderer suitability unresolved
swf-definition-00574,270,,sprite,source-assets/flash/HELP MATH_ORIGINAL FILES/HELP_COURSES/ELMGR5/L4/FQ/L4FQ02.swf,,,d5f0c3a33bddb55665b0d7ff60c2f4ab009d8d7e74ede2c34f6806a2cbff1ad1,DefineSprite,,,none; machine census only; no renderer export,machine-extracted-definition-candidate,owner-provided SWF,container=root; definitionDepth=0; tagOrdinal=574; payloadBytes=75; rawTagPayloadSha256=d5f0c3a33bddb55665b0d7ff60c2f4ab009d8d7e74ede2c34f6806a2cbff1ad1; exactTagIdentitySha256=76f4a957e641a66d17330a7f3d856cc93911fc52f4133bed18770e80cff94719; declaredFrameCount=1; runtime reachability unresolved; placement and bounds unresolved; renderer suitability unresolved
swf-definition-00581,271,,shape,source-assets/flash/HELP MATH_ORIGINAL FILES/HELP_COURSES/ELMGR5/L4/FQ/L4FQ02.swf,,,96fa02a432973060396166ce93e3066555a505d7b9695a0d1efb64dd7a66d026,DefineShape3,,,none; machine census only; no renderer export,machine-extracted-definition-candidate,owner-provided SWF,container=root; definitionDepth=0; tagOrdinal=581; payloadBytes=452; rawTagPayloadSha256=96fa02a432973060396166ce93e3066555a505d7b9695a0d1efb64dd7a66d026; exactTagIdentitySha256=6ca6378ee559636369281ed8163e7b5bb6b04026109a10c7fe46603225d075be; runtime reachability unresolved; placement and bounds unresolved; renderer suitability unresolved
swf-definition-00582,272,,text,source-assets/flash/HELP MATH_ORIGINAL FILES/HELP_COURSES/ELMGR5/L4/FQ/L4FQ02.swf,,,830c5e6e99be990aab1ef8b2b61828a372d6a7a6d0f13e51fe55a0eda45fc0f1,DefineText,,,none; machine census only; no renderer export,machine-extracted-definition-candidate,owner-provided SWF,container=root; definitionDepth=0; tagOrdinal=582; payloadBytes=30; rawTagPayloadSha256=830c5e6e99be990aab1ef8b2b61828a372d6a7a6d0f13e51fe55a0eda45fc0f1; exactTagIdentitySha256=fd20412e90ca61341ff75fca33b5732e69db02957344e20b05f7934e8a293785; runtime reachability unresolved; placement and bounds unresolved; renderer suitability unresolved
swf-definition-00583,273,,sprite,source-assets/flash/HELP MATH_ORIGINAL FILES/HELP_COURSES/ELMGR5/L4/FQ/L4FQ02.swf,,,57e13024149b2c1a93bd20f514eb768f6a658da01a85e7e6e2487d0d8d32f0b8,DefineSprite,,,none; machine census only; no renderer export,machine-extracted-definition-candidate,owner-provided SWF,container=root; definitionDepth=0; tagOrdinal=583; payloadBytes=75; rawTagPayloadSha256=57e13024149b2c1a93bd20f514eb768f6a658da01a85e7e6e2487d0d8d32f0b8; exactTagIdentitySha256=0497ad79e082e8d237a515b49362aa03ec408614ce6e26aad652bc013fbebb11; declaredFrameCount=1; runtime reachability unresolved; placement and bounds unresolved; renderer suitability unresolved
swf-definition-00590,274,,shape,source-assets/flash/HELP MATH_ORIGINAL FILES/HELP_COURSES/ELMGR5/L4/FQ/L4FQ02.swf,,,7a3e0422e122fe524bc20bdf97d22600d5b1ae3248ddeb21f4cb19fa0e74f6f9,DefineShape3,,,none; machine census only; no renderer export,machine-extracted-definition-candidate,owner-provided SWF,container=root; definitionDepth=0; tagOrdinal=590; payloadBytes=452; rawTagPayloadSha256=7a3e0422e122fe524bc20bdf97d22600d5b1ae3248ddeb21f4cb19fa0e74f6f9; exactTagIdentitySha256=6db7e284fe0ca9693b28781b40a63d6d8c03b4aa82343752faaa3d8a9592cb68; runtime reachability unresolved; placement and bounds unresolved; renderer suitability unresolved
swf-definition-00591,275,,text,source-assets/flash/HELP MATH_ORIGINAL FILES/HELP_COURSES/ELMGR5/L4/FQ/L4FQ02.swf,,,8de033246fb75ca47d6f88227014d99512e0346f8fb64dcd72c3cb51561465e6,DefineText,,,none; machine census only; no renderer export,machine-extracted-definition-candidate,owner-provided SWF,container=root; definitionDepth=0; tagOrdinal=591; payloadBytes=32; rawTagPayloadSha256=8de033246fb75ca47d6f88227014d99512e0346f8fb64dcd72c3cb51561465e6; exactTagIdentitySha256=4364638a944bc5abd6f44c6fb833dd0aaa3e6f8602df0b222c1fdb9814277a59; runtime reachability unresolved; placement and bounds unresolved; renderer suitability unresolved
swf-definition-00592,276,,sprite,source-assets/flash/HELP MATH_ORIGINAL FILES/HELP_COURSES/ELMGR5/L4/FQ/L4FQ02.swf,,,1120bb1374a20dd7f94f2804e4c75ae620f953c9b6fc25399de40218604be849,DefineSprite,,,none; machine census only; no renderer export,machine-extracted-definition-candidate,owner-provided SWF,container=root; definitionDepth=0; tagOrdinal=592; payloadBytes=75; rawTagPayloadSha256=1120bb1374a20dd7f94f2804e4c75ae620f953c9b6fc25399de40218604be849; exactTagIdentitySha256=17994a4a43637c0fb74ce12f6e7af3f2dad4e70f23e3b1521860c8a4da8584d7; declaredFrameCount=1; runtime reachability unresolved; placement and bounds unresolved; renderer suitability unresolved
swf-definition-00599,277,,text,source-assets/flash/HELP MATH_ORIGINAL FILES/HELP_COURSES/ELMGR5/L4/FQ/L4FQ02.swf,,,71e1eb674d55be87464183607fd602683cbaab479cedbd37a9bec0f2c211a7e2,DefineEditText,,,none; machine census only; no renderer export,machine-extracted-definition-candidate,owner-provided SWF,container=root; definitionDepth=0; tagOrdinal=599; payloadBytes=36; rawTagPayloadSha256=71e1eb674d55be87464183607fd602683cbaab479cedbd37a9bec0f2c211a7e2; exactTagIdentitySha256=934c67a30dc5eb56e71c6f19af67f65ae599af4aefcbd37d0f0fc1185d8d2bea; runtime reachability unresolved; placement and bounds unresolved; renderer suitability unresolved
swf-definition-00600,278,,text,source-assets/flash/HELP MATH_ORIGINAL FILES/HELP_COURSES/ELMGR5/L4/FQ/L4FQ02.swf,,,47c8abdf14b0b82081f5750e12e23531fda54fbc0d6a3520695d83eb22851fa2,DefineEditText,,,none; machine census only; no renderer export,machine-extracted-definition-candidate,owner-provided SWF,container=root; definitionDepth=0; tagOrdinal=600; payloadBytes=32; rawTagPayloadSha256=47c8abdf14b0b82081f5750e12e23531fda54fbc0d6a3520695d83eb22851fa2; exactTagIdentitySha256=fba16481bf205d6cde459f9815ea4adfe835892cac2e2e55ac6123dd358f7ef1; runtime reachability unresolved; placement and bounds unresolved; renderer suitability unresolved
swf-definition-00601,279,,text,source-assets/flash/HELP MATH_ORIGINAL FILES/HELP_COURSES/ELMGR5/L4/FQ/L4FQ02.swf,,,e5f2822ef8588a10563c585eb68cedef018bbdce896a037645faf069c29b0edf,DefineText,,,none; machine census only; no renderer export,machine-extracted-definition-candidate,owner-provided SWF,container=root; definitionDepth=0; tagOrdinal=601; payloadBytes=207; rawTagPayloadSha256=e5f2822ef8588a10563c585eb68cedef018bbdce896a037645faf069c29b0edf; exactTagIdentitySha256=27926c5185122c83adf0339ee5f9f4b8a4a1567909a7ee8d166521cc51820872; runtime reachability unresolved; placement and bounds unresolved; renderer suitability unresolved
swf-definition-00602,280,,shape,source-assets/flash/HELP MATH_ORIGINAL FILES/HELP_COURSES/ELMGR5/L4/FQ/L4FQ02.swf,,,b6011bb43f1c6ea77daf32e9a04f6ffe7dfbd0131edd565a4072872f0232a5ac,DefineShape,,,none; machine census only; no renderer export,machine-extracted-definition-candidate,owner-provided SWF,container=root; definitionDepth=0; tagOrdinal=602; payloadBytes=203; rawTagPayloadSha256=b6011bb43f1c6ea77daf32e9a04f6ffe7dfbd0131edd565a4072872f0232a5ac; exactTagIdentitySha256=d29db467ce72d20b853d4a0d9d292d0f229efb27132cf395f9cb9d14d3d237c6; runtime reachability unresolved; placement and bounds unresolved; renderer suitability unresolved
swf-definition-00603,281,,shape,source-assets/flash/HELP MATH_ORIGINAL FILES/HELP_COURSES/ELMGR5/L4/FQ/L4FQ02.swf,,,cce2ca287c35d1aa7bdf9b4c43c1f52967044147f11fa9ba8cfe9c7345a51a81,DefineShape2,,,none; machine census only; no renderer export,machine-extracted-definition-candidate,owner-provided SWF,container=root; definitionDepth=0; tagOrdinal=603; payloadBytes=185; rawTagPayloadSha256=cce2ca287c35d1aa7bdf9b4c43c1f52967044147f11fa9ba8cfe9c7345a51a81; exactTagIdentitySha256=7b78806a1886382ecf084cd51aa147db6a13a5541fb97e84ce1607cd9cc4160a; runtime reachability unresolved; placement and bounds unresolved; renderer suitability unresolved
swf-definition-00604,282,,sprite,source-assets/flash/HELP MATH_ORIGINAL FILES/HELP_COURSES/ELMGR5/L4/FQ/L4FQ02.swf,,,cc0a96e45fb70d20d86f7d32e46b6900c4dff3218e3943cdc5b83d83124e199a,DefineSprite,,,none; machine census only; no renderer export,machine-extracted-definition-candidate,owner-provided SWF,container=root; definitionDepth=0; tagOrdinal=604; payloadBytes=75; rawTagPayloadSha256=cc0a96e45fb70d20d86f7d32e46b6900c4dff3218e3943cdc5b83d83124e199a; exactTagIdentitySha256=64954b7b5a661519d6917308aec9f1015023e1e1e4ae0747d4702626a30f1954; declaredFrameCount=1; runtime reachability unresolved; placement and bounds unresolved; renderer suitability unresolved
swf-definition-00611,283,,shape,source-assets/flash/HELP MATH_ORIGINAL FILES/HELP_COURSES/ELMGR5/L4/FQ/L4FQ02.swf,,,d55aaaae473833a417b6b8dd77d545c73b365469818095a11542f60deea72d20,DefineShape3,,,none; machine census only; no renderer export,machine-extracted-definition-candidate,owner-provided SWF,container=root; definitionDepth=0; tagOrdinal=611; payloadBytes=452; rawTagPayloadSha256=d55aaaae473833a417b6b8dd77d545c73b365469818095a11542f60deea72d20; exactTagIdentitySha256=6691307bd9102fcf7b0f8f87d2b982927303b52e0a6b805a8289980460a771a8; runtime reachability unresolved; placement and bounds unresolved; renderer suitability unresolved
swf-definition-00612,284,,sprite,source-assets/flash/HELP MATH_ORIGINAL FILES/HELP_COURSES/ELMGR5/L4/FQ/L4FQ02.swf,,,f0deb7c4faa02dacb1a4ad603deddc5c8366eed32f3837ef051f1ef6aca3cdcf,DefineSprite,,,none; machine census only; no renderer export,machine-extracted-definition-candidate,owner-provided SWF,container=root; definitionDepth=0; tagOrdinal=612; payloadBytes=75; rawTagPayloadSha256=f0deb7c4faa02dacb1a4ad603deddc5c8366eed32f3837ef051f1ef6aca3cdcf; exactTagIdentitySha256=8ad7146fc56a43cdc692c247e51b6095198f2c0aa435ef8ecdb1c5f3e4a3ed69; declaredFrameCount=1; runtime reachability unresolved; placement and bounds unresolved; renderer suitability unresolved
swf-definition-00619,285,,sprite,source-assets/flash/HELP MATH_ORIGINAL FILES/HELP_COURSES/ELMGR5/L4/FQ/L4FQ02.swf,,,e9946085f31a71170dc7987bd090f317c2dc446048200b42814dc65a494af0dd,DefineSprite,,,none; machine census only; no renderer export,machine-extracted-definition-candidate,owner-provided SWF,container=root; definitionDepth=0; tagOrdinal=619; payloadBytes=75; rawTagPayloadSha256=e9946085f31a71170dc7987bd090f317c2dc446048200b42814dc65a494af0dd; exactTagIdentitySha256=e0a1481feb43d95631c8cd8c33cb4e39da403c179fc0c9bce0e011b1f7cbc0a5; declaredFrameCount=1; runtime reachability unresolved; placement and bounds unresolved; renderer suitability unresolved
swf-definition-00626,286,,shape,source-assets/flash/HELP MATH_ORIGINAL FILES/HELP_COURSES/ELMGR5/L4/FQ/L4FQ02.swf,,,f9ced4bfdc4623c62eb456119b1767ff6be8d3f8348bfb5a2d5827093e533861,DefineShape3,,,none; machine census only; no renderer export,machine-extracted-definition-candidate,owner-provided SWF,container=root; definitionDepth=0; tagOrdinal=626; payloadBytes=452; rawTagPayloadSha256=f9ced4bfdc4623c62eb456119b1767ff6be8d3f8348bfb5a2d5827093e533861; exactTagIdentitySha256=ad51492385837ebde0325d7bc27cae0b5bddb0cf999a87e51b832df8cd701693; runtime reachability unresolved; placement and bounds unresolved; renderer suitability unresolved
swf-definition-00627,287,,sprite,source-assets/flash/HELP MATH_ORIGINAL FILES/HELP_COURSES/ELMGR5/L4/FQ/L4FQ02.swf,,,c4ca9a34757284209b2f7d57bd1031123869e1dd993382ada2cd3d582d17e1c1,DefineSprite,,,none; machine census only; no renderer export,machine-extracted-definition-candidate,owner-provided SWF,container=root; definitionDepth=0; tagOrdinal=627; payloadBytes=75; rawTagPayloadSha256=c4ca9a34757284209b2f7d57bd1031123869e1dd993382ada2cd3d582d17e1c1; exactTagIdentitySha256=5bb3554d2e800786a6568b42169903393c663303a1ceb4610133a786b994ea43; declaredFrameCount=1; runtime reachability unresolved; placement and bounds unresolved; renderer suitability unresolved
swf-definition-00634,288,,text,source-assets/flash/HELP MATH_ORIGINAL FILES/HELP_COURSES/ELMGR5/L4/FQ/L4FQ02.swf,,,122bbf36168065eb43f2b331e9310e85bad946ef0367dd58cec48254b5518df9,DefineEditText,,,none; machine census only; no renderer export,machine-extracted-definition-candidate,owner-provided SWF,container=root; definitionDepth=0; tagOrdinal=634; payloadBytes=36; rawTagPayloadSha256=122bbf36168065eb43f2b331e9310e85bad946ef0367dd58cec48254b5518df9; exactTagIdentitySha256=5d3d6c71dff406206453c32abbf893339fe432cd4e93ac4157d6a2756782f8e8; runtime reachability unresolved; placement and bounds unresolved; renderer suitability unresolved
swf-definition-00635,289,,text,source-assets/flash/HELP MATH_ORIGINAL FILES/HELP_COURSES/ELMGR5/L4/FQ/L4FQ02.swf,,,2094aa6addf8cbdff91b4944fa621fe5a47799ef4d9670c97935d3c552695446,DefineEditText,,,none; machine census only; no renderer export,machine-extracted-definition-candidate,owner-provided SWF,container=root; definitionDepth=0; tagOrdinal=635; payloadBytes=32; rawTagPayloadSha256=2094aa6addf8cbdff91b4944fa621fe5a47799ef4d9670c97935d3c552695446; exactTagIdentitySha256=7636f03c512e955d6bac3923ef03ed2c1d1f678098f1bef2d7f40a4c8ea7c462; runtime reachability unresolved; placement and bounds unresolved; renderer suitability unresolved
swf-definition-00636,290,,text,source-assets/flash/HELP MATH_ORIGINAL FILES/HELP_COURSES/ELMGR5/L4/FQ/L4FQ02.swf,,,9f30471d2fe447f3a5b7c7b9969606bba6c1b780351412342597b223d166268d,DefineText,,,none; machine census only; no renderer export,machine-extracted-definition-candidate,owner-provided SWF,container=root; definitionDepth=0; tagOrdinal=636; payloadBytes=170; rawTagPayloadSha256=9f30471d2fe447f3a5b7c7b9969606bba6c1b780351412342597b223d166268d; exactTagIdentitySha256=3b585beaefcddfe615e0daf2d48df7fb0bd069faec683d446d62fe2aa6f18781; runtime reachability unresolved; placement and bounds unresolved; renderer suitability unresolved
swf-definition-00637,291,,text,source-assets/flash/HELP MATH_ORIGINAL FILES/HELP_COURSES/ELMGR5/L4/FQ/L4FQ02.swf,,,ddd20450e393661adc40dfaad4e4c93db5075493b306b4ecb5c5e0018a7b692d,DefineText,,,none; machine census only; no renderer export,machine-extracted-definition-candidate,owner-provided SWF,container=root; definitionDepth=0; tagOrdinal=637; payloadBytes=28; rawTagPayloadSha256=ddd20450e393661adc40dfaad4e4c93db5075493b306b4ecb5c5e0018a7b692d; exactTagIdentitySha256=02a6d31b4a444a017a014460b922f35b86bdf8472b2244ef007ef4f9a1f34b55; runtime reachability unresolved; placement and bounds unresolved; renderer suitability unresolved
swf-definition-00638,292,,text,source-assets/flash/HELP MATH_ORIGINAL FILES/HELP_COURSES/ELMGR5/L4/FQ/L4FQ02.swf,,,2ea83befbb2091ebe887d20adb196b553c198a5479b399ecef709b68d6e3663c,DefineText,,,none; machine census only; no renderer export,machine-extracted-definition-candidate,owner-provided SWF,container=root; definitionDepth=0; tagOrdinal=638; payloadBytes=28; rawTagPayloadSha256=2ea83befbb2091ebe887d20adb196b553c198a5479b399ecef709b68d6e3663c; exactTagIdentitySha256=9893defa7820d533b9473b492d63fbd3ae33112a7a4a3e95b3050bab22f97709; runtime reachability unresolved; placement and bounds unresolved; renderer suitability unresolved
swf-definition-00639,293,,text,source-assets/flash/HELP MATH_ORIGINAL FILES/HELP_COURSES/ELMGR5/L4/FQ/L4FQ02.swf,,,1b7893d394c0ccbfe1f81797ec8b9150c1158d05bb2a1462868d486120996ec0,DefineText,,,none; machine census only; no renderer export,machine-extracted-definition-candidate,owner-provided SWF,container=root; definitionDepth=0; tagOrdinal=639; payloadBytes=28; rawTagPayloadSha256=1b7893d394c0ccbfe1f81797ec8b9150c1158d05bb2a1462868d486120996ec0; exactTagIdentitySha256=94c7f2f2901f54866f73369c89ff54333fb2281f13b3808f422f52d51fc6c1f9; runtime reachability unresolved; placement and bounds unresolved; renderer suitability unresolved
swf-definition-00640,294,,text,source-assets/flash/HELP MATH_ORIGINAL FILES/HELP_COURSES/ELMGR5/L4/FQ/L4FQ02.swf,,,815bf1010e234c068944b4e246906a4e6e7d78af53afbdd30d25bf001e8f48ce,DefineText,,,none; machine census only; no renderer export,machine-extracted-definition-candidate,owner-provided SWF,container=root; definitionDepth=0; tagOrdinal=640; payloadBytes=28; rawTagPayloadSha256=815bf1010e234c068944b4e246906a4e6e7d78af53afbdd30d25bf001e8f48ce; exactTagIdentitySha256=b255df0c88af87f6ace4740d0c4f4237fd0533286ee879ae8dd072adbf49233a; runtime reachability unresolved; placement and bounds unresolved; renderer suitability unresolved
swf-definition-00641,295,,shape,source-assets/flash/HELP MATH_ORIGINAL FILES/HELP_COURSES/ELMGR5/L4/FQ/L4FQ02.swf,,,140cd21e7a3d52289c2dd76068c37d3e602fd5d5130fab9864cd414bec3f800c,DefineShape3,,,none; machine census only; no renderer export,machine-extracted-definition-candidate,owner-provided SWF,container=root; definitionDepth=0; tagOrdinal=641; payloadBytes=470; rawTagPayloadSha256=140cd21e7a3d52289c2dd76068c37d3e602fd5d5130fab9864cd414bec3f800c; exactTagIdentitySha256=13a419f52c3224b9c5a7a69d6893a56e6632423816dd88ef3a176eb7df84785a; runtime reachability unresolved; placement and bounds unresolved; renderer suitability unresolved
swf-definition-00642,296,,text,source-assets/flash/HELP MATH_ORIGINAL FILES/HELP_COURSES/ELMGR5/L4/FQ/L4FQ02.swf,,,0425eba3bc804597dbe8b0387140816e9d9e774254f75735970c4d769368f87f,DefineText,,,none; machine census only; no renderer export,machine-extracted-definition-candidate,owner-provided SWF,container=root; definitionDepth=0; tagOrdinal=642; payloadBytes=28; rawTagPayloadSha256=0425eba3bc804597dbe8b0387140816e9d9e774254f75735970c4d769368f87f; exactTagIdentitySha256=ac51b5b7a79062545a50feca36e84894c1a44d30d358581f19bb792bf53ce09d; runtime reachability unresolved; placement and bounds unresolved; renderer suitability unresolved
swf-definition-00643,297,,sprite,source-assets/flash/HELP MATH_ORIGINAL FILES/HELP_COURSES/ELMGR5/L4/FQ/L4FQ02.swf,,,84ddec64743379401df56af72f5b975c6519bfa0102514b4b32b4aa270a4da47,DefineSprite,,,none; machine census only; no renderer export,machine-extracted-definition-candidate,owner-provided SWF,container=root; definitionDepth=0; tagOrdinal=643; payloadBytes=87; rawTagPayloadSha256=84ddec64743379401df56af72f5b975c6519bfa0102514b4b32b4aa270a4da47; exactTagIdentitySha256=84ca246d2b5c5b46ceecd06d00f6eb55ba0607d0932b4111c3edd504e7601133; declaredFrameCount=1; runtime reachability unresolved; placement and bounds unresolved; renderer suitability unresolved
swf-definition-00651,298,,text,source-assets/flash/HELP MATH_ORIGINAL FILES/HELP_COURSES/ELMGR5/L4/FQ/L4FQ02.swf,,,27c5d13d59ea3fe6001bd7c600a1cda669dae149939db697bc9b362d39853560,DefineText,,,none; machine census only; no renderer export,machine-extracted-definition-candidate,owner-provided SWF,container=root; definitionDepth=0; tagOrdinal=651; payloadBytes=37; rawTagPayloadSha256=27c5d13d59ea3fe6001bd7c600a1cda669dae149939db697bc9b362d39853560; exactTagIdentitySha256=80db90fef62e656b8563a975b9b23816d77a7ad229114779a123d5e36046eef4; runtime reachability unresolved; placement and bounds unresolved; renderer suitability unresolved
swf-definition-00652,299,,sprite,source-assets/flash/HELP MATH_ORIGINAL FILES/HELP_COURSES/ELMGR5/L4/FQ/L4FQ02.swf,,,f1be0fdbff8f382f6d884cbc7bbe2b24f027558c2a8192e0f10d5e357f1322b5,DefineSprite,,,none; machine census only; no renderer export,machine-extracted-definition-candidate,owner-provided SWF,container=root; definitionDepth=0; tagOrdinal=652; payloadBytes=76; rawTagPayloadSha256=f1be0fdbff8f382f6d884cbc7bbe2b24f027558c2a8192e0f10d5e357f1322b5; exactTagIdentitySha256=8188fda40021e9b49a4eaffc040fe3f708276cf353ed65bdb77aa242ed0e8125; declaredFrameCount=1; runtime reachability unresolved; placement and bounds unresolved; renderer suitability unresolved
swf-definition-00659,300,,shape,source-assets/flash/HELP MATH_ORIGINAL FILES/HELP_COURSES/ELMGR5/L4/FQ/L4FQ02.swf,,,a049d946120ad1020aaa469492caebf7b2cb52c870c91b2cee4107e39894580e,DefineShape3,,,none; machine census only; no renderer export,machine-extracted-definition-candidate,owner-provided SWF,container=root; definitionDepth=0; tagOrdinal=659; payloadBytes=452; rawTagPayloadSha256=a049d946120ad1020aaa469492caebf7b2cb52c870c91b2cee4107e39894580e; exactTagIdentitySha256=d6580e71c41b53999961d24986dc884b5663c4964ec76bd72cafa57fcefb5610; runtime reachability unresolved; placement and bounds unresolved; renderer suitability unresolved
swf-definition-00660,301,,text,source-assets/flash/HELP MATH_ORIGINAL FILES/HELP_COURSES/ELMGR5/L4/FQ/L4FQ02.swf,,,a3bbe0cfd33e75ae19251593c073ce306b8d2346d83b9902b75abf2557617a29,DefineText,,,none; machine census only; no renderer export,machine-extracted-definition-candidate,owner-provided SWF,container=root; definitionDepth=0; tagOrdinal=660; payloadBytes=35; rawTagPayloadSha256=a3bbe0cfd33e75ae19251593c073ce306b8d2346d83b9902b75abf2557617a29; exactTagIdentitySha256=508fc32c9b52ce22c4f0e32c2da5cf6dee7cf3b8545dc9045f9e33fee8fbaf06; runtime reachability unresolved; placement and bounds unresolved; renderer suitability unresolved
swf-definition-00661,302,,sprite,source-assets/flash/HELP MATH_ORIGINAL FILES/HELP_COURSES/ELMGR5/L4/FQ/L4FQ02.swf,,,b861f1d2e85d499ae8cfce3a7978264f35df5b0e7874dda89833b24226482788,DefineSprite,,,none; machine census only; no renderer export,machine-extracted-definition-candidate,owner-provided SWF,container=root; definitionDepth=0; tagOrdinal=661; payloadBytes=76; rawTagPayloadSha256=b861f1d2e85d499ae8cfce3a7978264f35df5b0e7874dda89833b24226482788; exactTagIdentitySha256=02938230d4022471b200261eb25c3f42be742326e0d5c4bb15d547720ded7602; declaredFrameCount=1; runtime reachability unresolved; placement and bounds unresolved; renderer suitability unresolved
swf-definition-00668,303,,shape,source-assets/flash/HELP MATH_ORIGINAL FILES/HELP_COURSES/ELMGR5/L4/FQ/L4FQ02.swf,,,98dc06835fed3adc288cbe660f38dba885a34c535dfad7ce6b660510938103c9,DefineShape3,,,none; machine census only; no renderer export,machine-extracted-definition-candidate,owner-provided SWF,container=root; definitionDepth=0; tagOrdinal=668; payloadBytes=470; rawTagPayloadSha256=98dc06835fed3adc288cbe660f38dba885a34c535dfad7ce6b660510938103c9; exactTagIdentitySha256=7a8ba7ea61f067878fb3069ea89c7e54a9833f8dfc80379a7cc2558c8e039284; runtime reachability unresolved; placement and bounds unresolved; renderer suitability unresolved
swf-definition-00669,304,,text,source-assets/flash/HELP MATH_ORIGINAL FILES/HELP_COURSES/ELMGR5/L4/FQ/L4FQ02.swf,,,1f18fed463dcc738af4722a4bb5ce1f61cf9bf01012d40c3201f74fa5719ad41,DefineText,,,none; machine census only; no renderer export,machine-extracted-definition-candidate,owner-provided SWF,container=root; definitionDepth=0; tagOrdinal=669; payloadBytes=28; rawTagPayloadSha256=1f18fed463dcc738af4722a4bb5ce1f61cf9bf01012d40c3201f74fa5719ad41; exactTagIdentitySha256=8e8d32fde79880216fca043aa3f1c0f7db1448657359efed1f2b53875f20eb1f; runtime reachability unresolved; placement and bounds unresolved; renderer suitability unresolved
swf-definition-00670,305,,sprite,source-assets/flash/HELP MATH_ORIGINAL FILES/HELP_COURSES/ELMGR5/L4/FQ/L4FQ02.swf,,,ab894863c671a97ab520f197912ce2f5187d13ed05c0f3e7ef62687fee0177d8,DefineSprite,,,none; machine census only; no renderer export,machine-extracted-definition-candidate,owner-provided SWF,container=root; definitionDepth=0; tagOrdinal=670; payloadBytes=87; rawTagPayloadSha256=ab894863c671a97ab520f197912ce2f5187d13ed05c0f3e7ef62687fee0177d8; exactTagIdentitySha256=d3912d4fea1cc028915e74bf311bb6240e22d39399af35d406d81292fcf5ad41; declaredFrameCount=1; runtime reachability unresolved; placement and bounds unresolved; renderer suitability unresolved
swf-definition-00678,306,,text,source-assets/flash/HELP MATH_ORIGINAL FILES/HELP_COURSES/ELMGR5/L4/FQ/L4FQ02.swf,,,7d09722b115c6ddf833028a1e970c03a7ad92a6304e760e1945b7cd056d9207c,DefineEditText,,,none; machine census only; no renderer export,machine-extracted-definition-candidate,owner-provided SWF,container=root; definitionDepth=0; tagOrdinal=678; payloadBytes=36; rawTagPayloadSha256=7d09722b115c6ddf833028a1e970c03a7ad92a6304e760e1945b7cd056d9207c; exactTagIdentitySha256=477d4df8c93d53eea3fbf8ba3cab254c8762396c6f4910abb6d3fada7ce9582a; runtime reachability unresolved; placement and bounds unresolved; renderer suitability unresolved
swf-definition-00679,307,,text,source-assets/flash/HELP MATH_ORIGINAL FILES/HELP_COURSES/ELMGR5/L4/FQ/L4FQ02.swf,,,c523854c499b3f5ddea54deb9a83261b82f1ff758daac00b4aff0e365d398a50,DefineEditText,,,none; machine census only; no renderer export,machine-extracted-definition-candidate,owner-provided SWF,container=root; definitionDepth=0; tagOrdinal=679; payloadBytes=32; rawTagPayloadSha256=c523854c499b3f5ddea54deb9a83261b82f1ff758daac00b4aff0e365d398a50; exactTagIdentitySha256=96ebc838bc6bf1a9568644a99d065853307855a2643fa1bec62906d57b8356e2; runtime reachability unresolved; placement and bounds unresolved; renderer suitability unresolved
swf-definition-00680,308,,text,source-assets/flash/HELP MATH_ORIGINAL FILES/HELP_COURSES/ELMGR5/L4/FQ/L4FQ02.swf,,,7afa064d199936aaff000c461c2a3e3b70fd059ea1a54284a38e1d21a7f9407a,DefineText,,,none; machine census only; no renderer export,machine-extracted-definition-candidate,owner-provided SWF,container=root; definitionDepth=0; tagOrdinal=680; payloadBytes=170; rawTagPayloadSha256=7afa064d199936aaff000c461c2a3e3b70fd059ea1a54284a38e1d21a7f9407a; exactTagIdentitySha256=da170078859fff2c5e3274bf183277758cda04686d650bbdea83cfcab4ba2166; runtime reachability unresolved; placement and bounds unresolved; renderer suitability unresolved
swf-definition-00681,309,,shape,source-assets/flash/HELP MATH_ORIGINAL FILES/HELP_COURSES/ELMGR5/L4/FQ/L4FQ02.swf,,,dcfb9a529f482707ba39d9070a984849f3266f319d66a836b80dedc3961c698c,DefineShape,,,none; machine census only; no renderer export,machine-extracted-definition-candidate,owner-provided SWF,container=root; definitionDepth=0; tagOrdinal=681; payloadBytes=2402; rawTagPayloadSha256=dcfb9a529f482707ba39d9070a984849f3266f319d66a836b80dedc3961c698c; exactTagIdentitySha256=7ef124418c2cdb8a6a62e3979a92b9b5454b886ece1c558e064d90a189542763; runtime reachability unresolved; placement and bounds unresolved; renderer suitability unresolved
swf-definition-00682,310,,shape,source-assets/flash/HELP MATH_ORIGINAL FILES/HELP_COURSES/ELMGR5/L4/FQ/L4FQ02.swf,,,3ac20c6998df36cbaaed742cc1b9022892f5877c0af9f1960221c6e8f64500c5,DefineShape3,,,none; machine census only; no renderer export,machine-extracted-definition-candidate,owner-provided SWF,container=root; definitionDepth=0; tagOrdinal=682; payloadBytes=470; rawTagPayloadSha256=3ac20c6998df36cbaaed742cc1b9022892f5877c0af9f1960221c6e8f64500c5; exactTagIdentitySha256=b3d3570a7496926d6b07c6af77804781a59e9679173b3ef40835ba2cf30fa568; runtime reachability unresolved; placement and bounds unresolved; renderer suitability unresolved
swf-definition-00683,311,,text,source-assets/flash/HELP MATH_ORIGINAL FILES/HELP_COURSES/ELMGR5/L4/FQ/L4FQ02.swf,,,79a47c094932ace3088b436d16a8fea05a62b859d14b4f7ed7e943aca67b83b9,DefineText,,,none; machine census only; no renderer export,machine-extracted-definition-candidate,owner-provided SWF,container=root; definitionDepth=0; tagOrdinal=683; payloadBytes=25; rawTagPayloadSha256=79a47c094932ace3088b436d16a8fea05a62b859d14b4f7ed7e943aca67b83b9; exactTagIdentitySha256=f3058a65a1ac0bb5e7e91a7cd9b137e772c29357acf26433431529eba1891e16; runtime reachability unresolved; placement and bounds unresolved; renderer suitability unresolved
swf-definition-00684,312,,sprite,source-assets/flash/HELP MATH_ORIGINAL FILES/HELP_COURSES/ELMGR5/L4/FQ/L4FQ02.swf,,,36c5a34c03694dae7aaf23edc4c910915711c35cf5f4dba3b7ddcd01b7796e21,DefineSprite,,,none; machine census only; no renderer export,machine-extracted-definition-candidate,owner-provided SWF,container=root; definitionDepth=0; tagOrdinal=684; payloadBytes=87; rawTagPayloadSha256=36c5a34c03694dae7aaf23edc4c910915711c35cf5f4dba3b7ddcd01b7796e21; exactTagIdentitySha256=201e1ec2f31ed1f77d3df8ecde0af26d42a1d72db1c53312f6fe99af567f6236; declaredFrameCount=1; runtime reachability unresolved; placement and bounds unresolved; renderer suitability unresolved
swf-definition-00692,313,,shape,source-assets/flash/HELP MATH_ORIGINAL FILES/HELP_COURSES/ELMGR5/L4/FQ/L4FQ02.swf,,,eed4e05ce12b016467ab64871981a7f9dd1fc6ba368f22d917d501d471150be7,DefineShape3,,,none; machine census only; no renderer export,machine-extracted-definition-candidate,owner-provided SWF,container=root; definitionDepth=0; tagOrdinal=692; payloadBytes=452; rawTagPayloadSha256=eed4e05ce12b016467ab64871981a7f9dd1fc6ba368f22d917d501d471150be7; exactTagIdentitySha256=626983b20e5b3c0eda0d75427540e01c3744885f7305062d91780fb0f42877cf; runtime reachability unresolved; placement and bounds unresolved; renderer suitability unresolved
swf-definition-00693,314,,text,source-assets/flash/HELP MATH_ORIGINAL FILES/HELP_COURSES/ELMGR5/L4/FQ/L4FQ02.swf,,,7e6a47c6a63da4f9a1e6b7c4d0e8fe138b8c54c15ac1281d0456c5271e51f1e7,DefineText,,,none; machine census only; no renderer export,machine-extracted-definition-candidate,owner-provided SWF,container=root; definitionDepth=0; tagOrdinal=693; payloadBytes=30; rawTagPayloadSha256=7e6a47c6a63da4f9a1e6b7c4d0e8fe138b8c54c15ac1281d0456c5271e51f1e7; exactTagIdentitySha256=c70060f6ee40b2483fc9fc30a0b514c97b7642b2f13cc199b4ee322219162de9; runtime reachability unresolved; placement and bounds unresolved; renderer suitability unresolved
swf-definition-00694,315,,sprite,source-assets/flash/HELP MATH_ORIGINAL FILES/HELP_COURSES/ELMGR5/L4/FQ/L4FQ02.swf,,,3c2fab877937e99d2af591fd23d98e4455556222390df05c4dfdbbda42768892,DefineSprite,,,none; machine census only; no renderer export,machine-extracted-definition-candidate,owner-provided SWF,container=root; definitionDepth=0; tagOrdinal=694; payloadBytes=76; rawTagPayloadSha256=3c2fab877937e99d2af591fd23d98e4455556222390df05c4dfdbbda42768892; exactTagIdentitySha256=68ff5f9075e7567101bca33a0805380e92f45d982721fb30f71c10cb5b88170a; declaredFrameCount=1; runtime reachability unresolved; placement and bounds unresolved; renderer suitability unresolved
swf-definition-00701,316,,shape,source-assets/flash/HELP MATH_ORIGINAL FILES/HELP_COURSES/ELMGR5/L4/FQ/L4FQ02.swf,,,d5ebfeb3fbeb1450b4ba5bb387400e2e7ddcecfecfe44454a2690f69e5c186e2,DefineShape3,,,none; machine census only; no renderer export,machine-extracted-definition-candidate,owner-provided SWF,container=root; definitionDepth=0; tagOrdinal=701; payloadBytes=452; rawTagPayloadSha256=d5ebfeb3fbeb1450b4ba5bb387400e2e7ddcecfecfe44454a2690f69e5c186e2; exactTagIdentitySha256=d12916ab0952e9238cffdc4b070b139c762be14e01ef4d295ea75a6f846b7520; runtime reachability unresolved; placement and bounds unresolved; renderer suitability unresolved
swf-definition-00702,317,,text,source-assets/flash/HELP MATH_ORIGINAL FILES/HELP_COURSES/ELMGR5/L4/FQ/L4FQ02.swf,,,a66e191f006760e40b006ba30455cc87e2908ef8f0a3ea21321ce28d344b7244,DefineText,,,none; machine census only; no renderer export,machine-extracted-definition-candidate,owner-provided SWF,container=root; definitionDepth=0; tagOrdinal=702; payloadBytes=33; rawTagPayloadSha256=a66e191f006760e40b006ba30455cc87e2908ef8f0a3ea21321ce28d344b7244; exactTagIdentitySha256=a2ace5cf83cd3d949f404d010e3fd3b5f8f79c9a330721cadad4cbccf478390a; runtime reachability unresolved; placement and bounds unresolved; renderer suitability unresolved
swf-definition-00703,318,,sprite,source-assets/flash/HELP MATH_ORIGINAL FILES/HELP_COURSES/ELMGR5/L4/FQ/L4FQ02.swf,,,89ab8689f7fbf0a996b2fe13c2ac1867ae925e67848b9048147e493f10c67e9c,DefineSprite,,,none; machine census only; no renderer export,machine-extracted-definition-candidate,owner-provided SWF,container=root; definitionDepth=0; tagOrdinal=703; payloadBytes=76; rawTagPayloadSha256=89ab8689f7fbf0a996b2fe13c2ac1867ae925e67848b9048147e493f10c67e9c; exactTagIdentitySha256=12c967bd9967d75180cb3c7cb6749df416be512270ac0772c71a4a1ce4a4c2c5; declaredFrameCount=1; runtime reachability unresolved; placement and bounds unresolved; renderer suitability unresolved
swf-definition-00710,319,,shape,source-assets/flash/HELP MATH_ORIGINAL FILES/HELP_COURSES/ELMGR5/L4/FQ/L4FQ02.swf,,,8a366174222318d7f2b3df812fa7cd3751a3299d210350b036ffa433e382d48c,DefineShape3,,,none; machine census only; no renderer export,machine-extracted-definition-candidate,owner-provided SWF,container=root; definitionDepth=0; tagOrdinal=710; payloadBytes=452; rawTagPayloadSha256=8a366174222318d7f2b3df812fa7cd3751a3299d210350b036ffa433e382d48c; exactTagIdentitySha256=9275db181b5f78f765d0120ed64f540bafdb49d1b2919b3780a2e5f793a313bd; runtime reachability unresolved; placement and bounds unresolved; renderer suitability unresolved
swf-definition-00711,320,,text,source-assets/flash/HELP MATH_ORIGINAL FILES/HELP_COURSES/ELMGR5/L4/FQ/L4FQ02.swf,,,8fa2282794c1552d71d6c8826f5956da48db4b5924df99b9eb52228e1dafddfb,DefineText,,,none; machine census only; no renderer export,machine-extracted-definition-candidate,owner-provided SWF,container=root; definitionDepth=0; tagOrdinal=711; payloadBytes=35; rawTagPayloadSha256=8fa2282794c1552d71d6c8826f5956da48db4b5924df99b9eb52228e1dafddfb; exactTagIdentitySha256=985d5a76944df35e56f0cbd32509ab3daf888fd11a42e6d76f5ee84c02f49740; runtime reachability unresolved; placement and bounds unresolved; renderer suitability unresolved
swf-definition-00712,321,,sprite,source-assets/flash/HELP MATH_ORIGINAL FILES/HELP_COURSES/ELMGR5/L4/FQ/L4FQ02.swf,,,0573f23ceeab67566a0ff0e20111183b8e1069de1df0af019856e9af251e0460,DefineSprite,,,none; machine census only; no renderer export,machine-extracted-definition-candidate,owner-provided SWF,container=root; definitionDepth=0; tagOrdinal=712; payloadBytes=76; rawTagPayloadSha256=0573f23ceeab67566a0ff0e20111183b8e1069de1df0af019856e9af251e0460; exactTagIdentitySha256=f423d31f20f24e4ea18f93b6aa3520289ae7e982bcd4f8e3f3f77d4700295fea; declaredFrameCount=1; runtime reachability unresolved; placement and bounds unresolved; renderer suitability unresolved
swf-definition-00719,322,,text,source-assets/flash/HELP MATH_ORIGINAL FILES/HELP_COURSES/ELMGR5/L4/FQ/L4FQ02.swf,,,605b4a89a68cb546e6f8afaf2e5ab1629ae26dab3f25c2b79fb196a8165d0c76,DefineEditText,,,none; machine census only; no renderer export,machine-extracted-definition-candidate,owner-provided SWF,container=root; definitionDepth=0; tagOrdinal=719; payloadBytes=36; rawTagPayloadSha256=605b4a89a68cb546e6f8afaf2e5ab1629ae26dab3f25c2b79fb196a8165d0c76; exactTagIdentitySha256=b0468e3035e48350ca3598ee9c4b5c5075654fcdc2307415c5d9308a5977e50b; runtime reachability unresolved; placement and bounds unresolved; renderer suitability unresolved
swf-definition-00720,323,,text,source-assets/flash/HELP MATH_ORIGINAL FILES/HELP_COURSES/ELMGR5/L4/FQ/L4FQ02.swf,,,f0607010294a1f1020aeb7fbe2006624e0a13074a60c6a3054f19970b6b811a8,DefineEditText,,,none; machine census only; no renderer export,machine-extracted-definition-candidate,owner-provided SWF,container=root; definitionDepth=0; tagOrdinal=720; payloadBytes=32; rawTagPayloadSha256=f0607010294a1f1020aeb7fbe2006624e0a13074a60c6a3054f19970b6b811a8; exactTagIdentitySha256=596a6b30af8227dabc1952170394c6571edac358983f0c2bd99505c69ad1b10c; runtime reachability unresolved; placement and bounds unresolved; renderer suitability unresolved
swf-definition-00721,324,,text,source-assets/flash/HELP MATH_ORIGINAL FILES/HELP_COURSES/ELMGR5/L4/FQ/L4FQ02.swf,,,c46975dd248beb2ea84704492d0b5c859a86a43b59befe897e22bfd9b8d3ce91,DefineText,,,none; machine census only; no renderer export,machine-extracted-definition-candidate,owner-provided SWF,container=root; definitionDepth=0; tagOrdinal=721; payloadBytes=152; rawTagPayloadSha256=c46975dd248beb2ea84704492d0b5c859a86a43b59befe897e22bfd9b8d3ce91; exactTagIdentitySha256=d3db36d4c6bd384bdd7360e87ba5b9491a5e69f5bf1d91b6a5307d584be983f3; runtime reachability unresolved; placement and bounds unresolved; renderer suitability unresolved
swf-definition-00722,325,,shape,source-assets/flash/HELP MATH_ORIGINAL FILES/HELP_COURSES/ELMGR5/L4/FQ/L4FQ02.swf,,,3aeebda1ff5bc1862165f422f458f6eefccb3ae41268eefe813b3aaf1b80f046,DefineShape2,,,none; machine census only; no renderer export,machine-extracted-definition-candidate,owner-provided SWF,container=root; definitionDepth=0; tagOrdinal=722; payloadBytes=503; rawTagPayloadSha256=3aeebda1ff5bc1862165f422f458f6eefccb3ae41268eefe813b3aaf1b80f046; exactTagIdentitySha256=7c7a4f10310cb355b6a977fe37c289317d7a2d8183bae5cb1bfddd40c1aaec4f; runtime reachability unresolved; placement and bounds unresolved; renderer suitability unresolved
swf-definition-00723,326,,shape,source-assets/flash/HELP MATH_ORIGINAL FILES/HELP_COURSES/ELMGR5/L4/FQ/L4FQ02.swf,,,70102879ebbd4b8dc7c7878c6f88cca51993dc3a55723935e372412b31f9eb1e,DefineShape3,,,none; machine census only; no renderer export,machine-extracted-definition-candidate,owner-provided SWF,container=root; definitionDepth=0; tagOrdinal=723; payloadBytes=452; rawTagPayloadSha256=70102879ebbd4b8dc7c7878c6f88cca51993dc3a55723935e372412b31f9eb1e; exactTagIdentitySha256=4a1e092af626d4d9a0a944aab54bd87805356300fd60113f2c0b40f26141580e; runtime reachability unresolved; placement and bounds unresolved; renderer suitability unresolved
swf-definition-00724,327,,sprite,source-assets/flash/HELP MATH_ORIGINAL FILES/HELP_COURSES/ELMGR5/L4/FQ/L4FQ02.swf,,,ce6ea753f5609e88033405bc50f1f8d1d6b6a5cbe8b8671b3418e78bbfa22fc4,DefineSprite,,,none; machine census only; no renderer export,machine-extracted-definition-candidate,owner-provided SWF,container=root; definitionDepth=0; tagOrdinal=724; payloadBytes=75; rawTagPayloadSha256=ce6ea753f5609e88033405bc50f1f8d1d6b6a5cbe8b8671b3418e78bbfa22fc4; exactTagIdentitySha256=4e267bdc36f7a085936c2aada1f1e05d721f2c792a1219a768f19ed0f4256639; declaredFrameCount=1; runtime reachability unresolved; placement and bounds unresolved; renderer suitability unresolved
swf-definition-00731,328,,shape,source-assets/flash/HELP MATH_ORIGINAL FILES/HELP_COURSES/ELMGR5/L4/FQ/L4FQ02.swf,,,1b50fa92c29b57cbaba4d08ffd61ad980f0da22515885a52c5d6137ea0bdf5bc,DefineShape3,,,none; machine census only; no renderer export,machine-extracted-definition-candidate,owner-provided SWF,container=root; definitionDepth=0; tagOrdinal=731; payloadBytes=452; rawTagPayloadSha256=1b50fa92c29b57cbaba4d08ffd61ad980f0da22515885a52c5d6137ea0bdf5bc; exactTagIdentitySha256=4fbc70e62bd5bc4a74d99ad14391757678b14674cc72231cb6e7f710b5730dba; runtime reachability unresolved; placement and bounds unresolved; renderer suitability unresolved
swf-definition-00732,329,,sprite,source-assets/flash/HELP MATH_ORIGINAL FILES/HELP_COURSES/ELMGR5/L4/FQ/L4FQ02.swf,,,2e85b471a7b6554ccdf4e0925f2261d4822f346d21bef0cfc2c7d1be57bcc2f7,DefineSprite,,,none; machine census only; no renderer export,machine-extracted-definition-candidate,owner-provided SWF,container=root; definitionDepth=0; tagOrdinal=732; payloadBytes=75; rawTagPayloadSha256=2e85b471a7b6554ccdf4e0925f2261d4822f346d21bef0cfc2c7d1be57bcc2f7; exactTagIdentitySha256=5d93f961045b1bbdce9b46eb39075c59b160728c8d68b914ac094bdf0b435f23; declaredFrameCount=1; runtime reachability unresolved; placement and bounds unresolved; renderer suitability unresolved
swf-definition-00739,330,,shape,source-assets/flash/HELP MATH_ORIGINAL FILES/HELP_COURSES/ELMGR5/L4/FQ/L4FQ02.swf,,,f755358d3443c76e12ea3be624bf069bd65e770470126e89ea569f5d6d93981c,DefineShape3,,,none; machine census only; no renderer export,machine-extracted-definition-candidate,owner-provided SWF,container=root; definitionDepth=0; tagOrdinal=739; payloadBytes=452; rawTagPayloadSha256=f755358d3443c76e12ea3be624bf069bd65e770470126e89ea569f5d6d93981c; exactTagIdentitySha256=3816bb3e1bedf9fa79629143e65165576f428cafd39da4d2d14a0cd9b9a3a44c; runtime reachability unresolved; placement and bounds unresolved; renderer suitability unresolved
swf-definition-00740,331,,sprite,source-assets/flash/HELP MATH_ORIGINAL FILES/HELP_COURSES/ELMGR5/L4/FQ/L4FQ02.swf,,,91d388515a39f183dba0b2d2391ec3f62617bd5fe021f196e804dd781b947da1,DefineSprite,,,none; machine census only; no renderer export,machine-extracted-definition-candidate,owner-provided SWF,container=root; definitionDepth=0; tagOrdinal=740; payloadBytes=75; rawTagPayloadSha256=91d388515a39f183dba0b2d2391ec3f62617bd5fe021f196e804dd781b947da1; exactTagIdentitySha256=f8cbd81827b7650f98b4d439fec71bb76ec8dd3bafc36956a9d777f036063b58; declaredFrameCount=1; runtime reachability unresolved; placement and bounds unresolved; renderer suitability unresolved
swf-definition-00747,332,,shape,source-assets/flash/HELP MATH_ORIGINAL FILES/HELP_COURSES/ELMGR5/L4/FQ/L4FQ02.swf,,,cedae13ffb97012cc1bd6666ec33987b0e3fbba7df8f8c6a461094e1cb21bfb2,DefineShape3,,,none; machine census only; no renderer export,machine-extracted-definition-candidate,owner-provided SWF,container=root; definitionDepth=0; tagOrdinal=747; payloadBytes=452; rawTagPayloadSha256=cedae13ffb97012cc1bd6666ec33987b0e3fbba7df8f8c6a461094e1cb21bfb2; exactTagIdentitySha256=f58e8d3f3b983bb9f7a0d9f613f5336a248222321f6b29a9c382722b0361c258; runtime reachability unresolved; placement and bounds unresolved; renderer suitability unresolved
swf-definition-00748,333,,sprite,source-assets/flash/HELP MATH_ORIGINAL FILES/HELP_COURSES/ELMGR5/L4/FQ/L4FQ02.swf,,,a511f04a66546c12d28e7e5ad60bf709dcdff2508434231957acdc4ad23e6ed4,DefineSprite,,,none; machine census only; no renderer export,machine-extracted-definition-candidate,owner-provided SWF,container=root; definitionDepth=0; tagOrdinal=748; payloadBytes=75; rawTagPayloadSha256=a511f04a66546c12d28e7e5ad60bf709dcdff2508434231957acdc4ad23e6ed4; exactTagIdentitySha256=434f57aa6098fcfac9fcb5267a31bf00fb3cff025bef65d2c3f5baf941d199f3; declaredFrameCount=1; runtime reachability unresolved; placement and bounds unresolved; renderer suitability unresolved
swf-definition-00755,334,,text,source-assets/flash/HELP MATH_ORIGINAL FILES/HELP_COURSES/ELMGR5/L4/FQ/L4FQ02.swf,,,03dbcfef057f590df9a988e8227d3e4a81cebafc133d913fa07bf3ace74671bf,DefineEditText,,,none; machine census only; no renderer export,machine-extracted-definition-candidate,owner-provided SWF,container=root; definitionDepth=0; tagOrdinal=755; payloadBytes=36; rawTagPayloadSha256=03dbcfef057f590df9a988e8227d3e4a81cebafc133d913fa07bf3ace74671bf; exactTagIdentitySha256=689794a04ed459d6a216ab28a74d259592419ae237111ab3b4269d63a4862996; runtime reachability unresolved; placement and bounds unresolved; renderer suitability unresolved
swf-definition-00756,335,,text,source-assets/flash/HELP MATH_ORIGINAL FILES/HELP_COURSES/ELMGR5/L4/FQ/L4FQ02.swf,,,620260537ec70d73cc432f48975720060a794865be940de67727a80a307d77c4,DefineEditText,,,none; machine census only; no renderer export,machine-extracted-definition-candidate,owner-provided SWF,container=root; definitionDepth=0; tagOrdinal=756; payloadBytes=32; rawTagPayloadSha256=620260537ec70d73cc432f48975720060a794865be940de67727a80a307d77c4; exactTagIdentitySha256=26f527fee086a1ae5ead0f11ca5400b3862d7338c6c92826258cf5943981c127; runtime reachability unresolved; placement and bounds unresolved; renderer suitability unresolved
swf-definition-00757,336,,text,source-assets/flash/HELP MATH_ORIGINAL FILES/HELP_COURSES/ELMGR5/L4/FQ/L4FQ02.swf,,,d715e8d3e26e98d505fe5c9319d948cfef2cada00cba5799504f8d3b8ccf0a2e,DefineText,,,none; machine census only; no renderer export,machine-extracted-definition-candidate,owner-provided SWF,container=root; definitionDepth=0; tagOrdinal=757; payloadBytes=264; rawTagPayloadSha256=d715e8d3e26e98d505fe5c9319d948cfef2cada00cba5799504f8d3b8ccf0a2e; exactTagIdentitySha256=db5ee95a2547c2060befe552757ff5a88a7d2423b8248777973782595636a7dc; runtime reachability unresolved; placement and bounds unresolved; renderer suitability unresolved
swf-definition-00758,337,,shape,source-assets/flash/HELP MATH_ORIGINAL FILES/HELP_COURSES/ELMGR5/L4/FQ/L4FQ02.swf,,,fb0396b590d1ed7ff66484936e088cbd691b723778279b9a9d1c8a5e971dbc30,DefineShape3,,,none; machine census only; no renderer export,machine-extracted-definition-candidate,owner-provided SWF,container=root; definitionDepth=0; tagOrdinal=758; payloadBytes=452; rawTagPayloadSha256=fb0396b590d1ed7ff66484936e088cbd691b723778279b9a9d1c8a5e971dbc30; exactTagIdentitySha256=5a88e53cafa21d9e8a6944246c76feebb2e6c7cd0b0c0445489494967e9cbf65; runtime reachability unresolved; placement and bounds unresolved; renderer suitability unresolved
swf-definition-00759,338,,text,source-assets/flash/HELP MATH_ORIGINAL FILES/HELP_COURSES/ELMGR5/L4/FQ/L4FQ02.swf,,,03379ec8dec3fca8e4e2e4021e3d28f5e1483de05c9bc96357de84450b0596b7,DefineText,,,none; machine census only; no renderer export,machine-extracted-definition-candidate,owner-provided SWF,container=root; definitionDepth=0; tagOrdinal=759; payloadBytes=36; rawTagPayloadSha256=03379ec8dec3fca8e4e2e4021e3d28f5e1483de05c9bc96357de84450b0596b7; exactTagIdentitySha256=c21c7ac24e947eb09425fdaa1f303d4cea941baf824c97e92cfbbca4f281d65c; runtime reachability unresolved; placement and bounds unresolved; renderer suitability unresolved
swf-definition-00760,339,,sprite,source-assets/flash/HELP MATH_ORIGINAL FILES/HELP_COURSES/ELMGR5/L4/FQ/L4FQ02.swf,,,3c8624a3f8a86170c6fd3feefb1feffd479da0ed3195f78429d9fb4b37db3a38,DefineSprite,,,none; machine census only; no renderer export,machine-extracted-definition-candidate,owner-provided SWF,container=root; definitionDepth=0; tagOrdinal=760; payloadBytes=75; rawTagPayloadSha256=3c8624a3f8a86170c6fd3feefb1feffd479da0ed3195f78429d9fb4b37db3a38; exactTagIdentitySha256=c0888058f9d0e0c2a6623ef925e6c693c788b705eb5b58fa8b9ef67bbf4197ed; declaredFrameCount=1; runtime reachability unresolved; placement and bounds unresolved; renderer suitability unresolved
swf-definition-00767,340,,text,source-assets/flash/HELP MATH_ORIGINAL FILES/HELP_COURSES/ELMGR5/L4/FQ/L4FQ02.swf,,,49fa86e129659093e76cc393c7e5e96ca956093fcd3d86218406ef7af5ab1af1,DefineText,,,none; machine census only; no renderer export,machine-extracted-definition-candidate,owner-provided SWF,container=root; definitionDepth=0; tagOrdinal=767; payloadBytes=36; rawTagPayloadSha256=49fa86e129659093e76cc393c7e5e96ca956093fcd3d86218406ef7af5ab1af1; exactTagIdentitySha256=eaf914dfbba49e87ab755c95180679d23efc4e19e5beed937a0487c948e4b0be; runtime reachability unresolved; placement and bounds unresolved; renderer suitability unresolved
swf-definition-00768,341,,sprite,source-assets/flash/HELP MATH_ORIGINAL FILES/HELP_COURSES/ELMGR5/L4/FQ/L4FQ02.swf,,,0864bb2dc8874f50a68e33dd9d76b299c19034c0a152e17acbf1f80bdec97843,DefineSprite,,,none; machine census only; no renderer export,machine-extracted-definition-candidate,owner-provided SWF,container=root; definitionDepth=0; tagOrdinal=768; payloadBytes=76; rawTagPayloadSha256=0864bb2dc8874f50a68e33dd9d76b299c19034c0a152e17acbf1f80bdec97843; exactTagIdentitySha256=5539f783d602cce16488426c8b85492cbdeed395d7c71d9b7b26bb1338a073d5; declaredFrameCount=1; runtime reachability unresolved; placement and bounds unresolved; renderer suitability unresolved
swf-definition-00775,342,,shape,source-assets/flash/HELP MATH_ORIGINAL FILES/HELP_COURSES/ELMGR5/L4/FQ/L4FQ02.swf,,,52117d9d02f591f3e2b4f56683b7094d4fcaa4a56933e6aa3a3f717b042e34e9,DefineShape3,,,none; machine census only; no renderer export,machine-extracted-definition-candidate,owner-provided SWF,container=root; definitionDepth=0; tagOrdinal=775; payloadBytes=452; rawTagPayloadSha256=52117d9d02f591f3e2b4f56683b7094d4fcaa4a56933e6aa3a3f717b042e34e9; exactTagIdentitySha256=b7a4030420ee4b06be1e3ae86fe63bc62add0ef6c427ef16b3e8e4ada13bd660; runtime reachability unresolved; placement and bounds unresolved; renderer suitability unresolved
swf-definition-00776,343,,text,source-assets/flash/HELP MATH_ORIGINAL FILES/HELP_COURSES/ELMGR5/L4/FQ/L4FQ02.swf,,,e4cc4cde53b9c407a0cbd5e895be44c60d7449a7514fe88cbd8561264aef25db,DefineText,,,none; machine census only; no renderer export,machine-extracted-definition-candidate,owner-provided SWF,container=root; definitionDepth=0; tagOrdinal=776; payloadBytes=38; rawTagPayloadSha256=e4cc4cde53b9c407a0cbd5e895be44c60d7449a7514fe88cbd8561264aef25db; exactTagIdentitySha256=e10266dac817a19d78bc57bcf80d423d0de5422634066c2d424cafe307ff21e8; runtime reachability unresolved; placement and bounds unresolved; renderer suitability unresolved
swf-definition-00777,344,,sprite,source-assets/flash/HELP MATH_ORIGINAL FILES/HELP_COURSES/ELMGR5/L4/FQ/L4FQ02.swf,,,e337a46ddd044846e9fc2cc23d3db6394ccfea28d06989e94fa53202cd16d128,DefineSprite,,,none; machine census only; no renderer export,machine-extracted-definition-candidate,owner-provided SWF,container=root; definitionDepth=0; tagOrdinal=777; payloadBytes=76; rawTagPayloadSha256=e337a46ddd044846e9fc2cc23d3db6394ccfea28d06989e94fa53202cd16d128; exactTagIdentitySha256=fc84a2f2eef6e3d0e78e79c744bc25ddb4e4f9aaf3c6d759f212743728ed1bbc; declaredFrameCount=1; runtime reachability unresolved; placement and bounds unresolved; renderer suitability unresolved
swf-definition-00784,345,,shape,source-assets/flash/HELP MATH_ORIGINAL FILES/HELP_COURSES/ELMGR5/L4/FQ/L4FQ02.swf,,,6e60a50d5229730fa8be86776b59c900fbd43b511a688c63715fef971b6ca471,DefineShape3,,,none; machine census only; no renderer export,machine-extracted-definition-candidate,owner-provided SWF,container=root; definitionDepth=0; tagOrdinal=784; payloadBytes=452; rawTagPayloadSha256=6e60a50d5229730fa8be86776b59c900fbd43b511a688c63715fef971b6ca471; exactTagIdentitySha256=ed7695af64a9e2cd340246bbe8ae3516d9586257ada6259a9841f18ee0a8a73b; runtime reachability unresolved; placement and bounds unresolved; renderer suitability unresolved
swf-definition-00785,346,,text,source-assets/flash/HELP MATH_ORIGINAL FILES/HELP_COURSES/ELMGR5/L4/FQ/L4FQ02.swf,,,ab1bf58829eea96560838cb7e65ec040d9656be33c062afde99b20c2384ffd19,DefineText,,,none; machine census only; no renderer export,machine-extracted-definition-candidate,owner-provided SWF,container=root; definitionDepth=0; tagOrdinal=785; payloadBytes=42; rawTagPayloadSha256=ab1bf58829eea96560838cb7e65ec040d9656be33c062afde99b20c2384ffd19; exactTagIdentitySha256=de992ced49c2b0912f56d887d65f9b5824b8655ca15c53be01abc011b63f72fe; runtime reachability unresolved; placement and bounds unresolved; renderer suitability unresolved
swf-definition-00786,347,,sprite,source-assets/flash/HELP MATH_ORIGINAL FILES/HELP_COURSES/ELMGR5/L4/FQ/L4FQ02.swf,,,e86cb4c1e594db8aed4b8eed2b567625f4add45c01d4ab13ef6c83b7151c50a0,DefineSprite,,,none; machine census only; no renderer export,machine-extracted-definition-candidate,owner-provided SWF,container=root; definitionDepth=0; tagOrdinal=786; payloadBytes=76; rawTagPayloadSha256=e86cb4c1e594db8aed4b8eed2b567625f4add45c01d4ab13ef6c83b7151c50a0; exactTagIdentitySha256=6a8bf7d64c0644f13394288a8fa085e22cc6be08880213130744527faf0fa05a; declaredFrameCount=1; runtime reachability unresolved; placement and bounds unresolved; renderer suitability unresolved
swf-definition-00793,348,,text,source-assets/flash/HELP MATH_ORIGINAL FILES/HELP_COURSES/ELMGR5/L4/FQ/L4FQ02.swf,,,a6bce7e43cf7b8c26a89fccfe050e6dbf240b14dd62a07e40cd68ad09dc6a3b6,DefineEditText,,,none; machine census only; no renderer export,machine-extracted-definition-candidate,owner-provided SWF,container=root; definitionDepth=0; tagOrdinal=793; payloadBytes=36; rawTagPayloadSha256=a6bce7e43cf7b8c26a89fccfe050e6dbf240b14dd62a07e40cd68ad09dc6a3b6; exactTagIdentitySha256=e37079642ae10081f40896c7af5c53d90dd301523e59234a268e96643b3e38d3; runtime reachability unresolved; placement and bounds unresolved; renderer suitability unresolved
swf-definition-00794,349,,text,source-assets/flash/HELP MATH_ORIGINAL FILES/HELP_COURSES/ELMGR5/L4/FQ/L4FQ02.swf,,,f1c2a5a54baea3042de99f5d53c1fb6fb773326a691111a9767ccf8554ae37fa,DefineEditText,,,none; machine census only; no renderer export,machine-extracted-definition-candidate,owner-provided SWF,container=root; definitionDepth=0; tagOrdinal=794; payloadBytes=32; rawTagPayloadSha256=f1c2a5a54baea3042de99f5d53c1fb6fb773326a691111a9767ccf8554ae37fa; exactTagIdentitySha256=9fe8c30bf7e58cc3df48afc3c8c37bbec00e7787425d74594fa2874dd078e48f; runtime reachability unresolved; placement and bounds unresolved; renderer suitability unresolved
swf-definition-00795,350,,text,source-assets/flash/HELP MATH_ORIGINAL FILES/HELP_COURSES/ELMGR5/L4/FQ/L4FQ02.swf,,,5c113d656ac9c3f406c590e972c456f5f8d9b6edec7998f0c5983b7184346c78,DefineText,,,none; machine census only; no renderer export,machine-extracted-definition-candidate,owner-provided SWF,container=root; definitionDepth=0; tagOrdinal=795; payloadBytes=254; rawTagPayloadSha256=5c113d656ac9c3f406c590e972c456f5f8d9b6edec7998f0c5983b7184346c78; exactTagIdentitySha256=5bb0a4f0a6358a62d9a58fb8c231777994d0e9ed1baa79c3f7ddd56d31a54f9d; runtime reachability unresolved; placement and bounds unresolved; renderer suitability unresolved
swf-definition-00796,351,,shape,source-assets/flash/HELP MATH_ORIGINAL FILES/HELP_COURSES/ELMGR5/L4/FQ/L4FQ02.swf,,,b090bcf1e2fe87b97675796c0e3b4fe8129269dc408683a5f0d161f7cfff6203,DefineShape,,,none; machine census only; no renderer export,machine-extracted-definition-candidate,owner-provided SWF,container=root; definitionDepth=0; tagOrdinal=796; payloadBytes=121; rawTagPayloadSha256=b090bcf1e2fe87b97675796c0e3b4fe8129269dc408683a5f0d161f7cfff6203; exactTagIdentitySha256=add43a7fe8b99affff118e30917d3587b3b5a036e70ce0882b51d787faf77501; runtime reachability unresolved; placement and bounds unresolved; renderer suitability unresolved
swf-definition-00797,352,Bauhaus Md BT,font,source-assets/flash/HELP MATH_ORIGINAL FILES/HELP_COURSES/ELMGR5/L4/FQ/L4FQ02.swf,,,4aa1c29829f72b7c1c0cfc5661de0a43fdbacd747921ab5c824a78c9ce9c9d82,DefineFont2,,17,none; machine census only; no renderer export,machine-extracted-definition-candidate,owner-provided SWF,container=root; definitionDepth=0; tagOrdinal=797; payloadBytes=1344; rawTagPayloadSha256=4aa1c29829f72b7c1c0cfc5661de0a43fdbacd747921ab5c824a78c9ce9c9d82; exactTagIdentitySha256=152b9b1e5a6b125f8aaf378d07badc9f8547e43866019debd90c85e48bfe8881; runtime reachability unresolved; placement and bounds unresolved; renderer suitability unresolved
swf-definition-00798,353,,text,source-assets/flash/HELP MATH_ORIGINAL FILES/HELP_COURSES/ELMGR5/L4/FQ/L4FQ02.swf,,,a12ebff862ae4d436618bbd3cdab55b1a5edbbdb32b7278ea9974fad79276ca0,DefineText,,,none; machine census only; no renderer export,machine-extracted-definition-candidate,owner-provided SWF,container=root; definitionDepth=0; tagOrdinal=798; payloadBytes=33; rawTagPayloadSha256=a12ebff862ae4d436618bbd3cdab55b1a5edbbdb32b7278ea9974fad79276ca0; exactTagIdentitySha256=c20cebcfdd9c73ae81a094d83cc5f1e8a324d4d54f2a8030af1f61219f9c3c15; runtime reachability unresolved; placement and bounds unresolved; renderer suitability unresolved
swf-definition-00799,354,,text,source-assets/flash/HELP MATH_ORIGINAL FILES/HELP_COURSES/ELMGR5/L4/FQ/L4FQ02.swf,,,fbc5e872226dd5d1e62f2d9d55bf1761dcbdaafde294c6327e3a0e1fe66e31d4,DefineText,,,none; machine census only; no renderer export,machine-extracted-definition-candidate,owner-provided SWF,container=root; definitionDepth=0; tagOrdinal=799; payloadBytes=84; rawTagPayloadSha256=fbc5e872226dd5d1e62f2d9d55bf1761dcbdaafde294c6327e3a0e1fe66e31d4; exactTagIdentitySha256=c502d9d8f423b1eb7fa0176ec2c735534ea8f6f19948a35612e265dd59447449; runtime reachability unresolved; placement and bounds unresolved; renderer suitability unresolved
swf-definition-00800,355,,text,source-assets/flash/HELP MATH_ORIGINAL FILES/HELP_COURSES/ELMGR5/L4/FQ/L4FQ02.swf,,,d3cf0891ba62fdd4472d515520fdd86d9810d9d647402f3a082b4d44165e1bea,DefineText,,,none; machine census only; no renderer export,machine-extracted-definition-candidate,owner-provided SWF,container=root; definitionDepth=0; tagOrdinal=800; payloadBytes=44; rawTagPayloadSha256=d3cf0891ba62fdd4472d515520fdd86d9810d9d647402f3a082b4d44165e1bea; exactTagIdentitySha256=279ed5b6c44496910007ff354d140798a2e115c5024b13067949f4a6794bb7fb; runtime reachability unresolved; placement and bounds unresolved; renderer suitability unresolved
swf-definition-00801,356,,text,source-assets/flash/HELP MATH_ORIGINAL FILES/HELP_COURSES/ELMGR5/L4/FQ/L4FQ02.swf,,,ebecca82fcbcd1c8e7ce440bc548edd4823326e8385dc5839bbcddbcd0de2597,DefineText,,,none; machine census only; no renderer export,machine-extracted-definition-candidate,owner-provided SWF,container=root; definitionDepth=0; tagOrdinal=801; payloadBytes=38; rawTagPayloadSha256=ebecca82fcbcd1c8e7ce440bc548edd4823326e8385dc5839bbcddbcd0de2597; exactTagIdentitySha256=1f0f32cc62611ed4a91a691b425634049f94582b819591f95f194b4f3c68e4f2; runtime reachability unresolved; placement and bounds unresolved; renderer suitability unresolved
swf-definition-00802,357,,text,source-assets/flash/HELP MATH_ORIGINAL FILES/HELP_COURSES/ELMGR5/L4/FQ/L4FQ02.swf,,,0511a098cf5c32253b77b327aaa0bb104120dcd6e6557e90854b73bc2b5e99fc,DefineText,,,none; machine census only; no renderer export,machine-extracted-definition-candidate,owner-provided SWF,container=root; definitionDepth=0; tagOrdinal=802; payloadBytes=47; rawTagPayloadSha256=0511a098cf5c32253b77b327aaa0bb104120dcd6e6557e90854b73bc2b5e99fc; exactTagIdentitySha256=f039ccecb6ae91990312a743fce910c7a20783cee477304c12cb379fef548f9a; runtime reachability unresolved; placement and bounds unresolved; renderer suitability unresolved
swf-definition-00803,358,,text,source-assets/flash/HELP MATH_ORIGINAL FILES/HELP_COURSES/ELMGR5/L4/FQ/L4FQ02.swf,,,41ae9653640556d146af6fd1b9a5fca824d595040e797c949a38d8a73b19a376,DefineText,,,none; machine census only; no renderer export,machine-extracted-definition-candidate,owner-provided SWF,container=root; definitionDepth=0; tagOrdinal=803; payloadBytes=34; rawTagPayloadSha256=41ae9653640556d146af6fd1b9a5fca824d595040e797c949a38d8a73b19a376; exactTagIdentitySha256=9f9eb6edce6dee360c21086a02780998d082194d4fc54dd2d699c8865cd28fe6; runtime reachability unresolved; placement and bounds unresolved; renderer suitability unresolved
swf-definition-00804,359,,text,source-assets/flash/HELP MATH_ORIGINAL FILES/HELP_COURSES/ELMGR5/L4/FQ/L4FQ02.swf,,,ca83571a412b0ad535c3088c1ee86425f46953895df1bab6651c3c738c914dfd,DefineText,,,none; machine census only; no renderer export,machine-extracted-definition-candidate,owner-provided SWF,container=root; definitionDepth=0; tagOrdinal=804; payloadBytes=36; rawTagPayloadSha256=ca83571a412b0ad535c3088c1ee86425f46953895df1bab6651c3c738c914dfd; exactTagIdentitySha256=c1e2383d6e30764c81c2940391495ce580b4f30217875290871be3fa2d27ebf3; runtime reachability unresolved; placement and bounds unresolved; renderer suitability unresolved
swf-definition-00805,360,,text,source-assets/flash/HELP MATH_ORIGINAL FILES/HELP_COURSES/ELMGR5/L4/FQ/L4FQ02.swf,,,718b5968a657aefeb2725cc09a010328f74fd36af56e20edf92808038837974b,DefineText,,,none; machine census only; no renderer export,machine-extracted-definition-candidate,owner-provided SWF,container=root; definitionDepth=0; tagOrdinal=805; payloadBytes=34; rawTagPayloadSha256=718b5968a657aefeb2725cc09a010328f74fd36af56e20edf92808038837974b; exactTagIdentitySha256=98d4b72b62ce4918366aa2b4ded711a43049146be395a7e49f51c575ae2265e5; runtime reachability unresolved; placement and bounds unresolved; renderer suitability unresolved
swf-definition-00806,361,,text,source-assets/flash/HELP MATH_ORIGINAL FILES/HELP_COURSES/ELMGR5/L4/FQ/L4FQ02.swf,,,9a85b2d0f32f3d242e9c441767832b94eee17a2c179d1066f54485ccc4ad420d,DefineText,,,none; machine census only; no renderer export,machine-extracted-definition-candidate,owner-provided SWF,container=root; definitionDepth=0; tagOrdinal=806; payloadBytes=36; rawTagPayloadSha256=9a85b2d0f32f3d242e9c441767832b94eee17a2c179d1066f54485ccc4ad420d; exactTagIdentitySha256=70bc19fb962268013afac5d78a615cefb9f82519a08fb78144ccc2f5c5ec6927; runtime reachability unresolved; placement and bounds unresolved; renderer suitability unresolved
swf-definition-00807,362,,text,source-assets/flash/HELP MATH_ORIGINAL FILES/HELP_COURSES/ELMGR5/L4/FQ/L4FQ02.swf,,,9f5459086d67333f57c0512310757577dc3e2e2dcb03087538e4951a46245c7a,DefineText,,,none; machine census only; no renderer export,machine-extracted-definition-candidate,owner-provided SWF,container=root; definitionDepth=0; tagOrdinal=807; payloadBytes=36; rawTagPayloadSha256=9f5459086d67333f57c0512310757577dc3e2e2dcb03087538e4951a46245c7a; exactTagIdentitySha256=a9f9ecae56933cc21a4fa1fa58476daa567db1e47ee3c4b1faa8c2743e26195a; runtime reachability unresolved; placement and bounds unresolved; renderer suitability unresolved
swf-definition-00808,363,,shape,source-assets/flash/HELP MATH_ORIGINAL FILES/HELP_COURSES/ELMGR5/L4/FQ/L4FQ02.swf,,,d7d5a48ae31210240ad41d91c287660edc6ac01767a6403dc46784197b2818f8,DefineShape3,,,none; machine census only; no renderer export,machine-extracted-definition-candidate,owner-provided SWF,container=root; definitionDepth=0; tagOrdinal=808; payloadBytes=452; rawTagPayloadSha256=d7d5a48ae31210240ad41d91c287660edc6ac01767a6403dc46784197b2818f8; exactTagIdentitySha256=a745ba31818e502cc3e23d3621e9d94899feea9908a4e1346bdd22f81a1b9db1; runtime reachability unresolved; placement and bounds unresolved; renderer suitability unresolved
swf-definition-00809,364,,text,source-assets/flash/HELP MATH_ORIGINAL FILES/HELP_COURSES/ELMGR5/L4/FQ/L4FQ02.swf,,,fb03b14ec2df06b1a78403a8a292a627b23923f20f1b3ea8b217134bbbca311b,DefineText,,,none; machine census only; no renderer export,machine-extracted-definition-candidate,owner-provided SWF,container=root; definitionDepth=0; tagOrdinal=809; payloadBytes=51; rawTagPayloadSha256=fb03b14ec2df06b1a78403a8a292a627b23923f20f1b3ea8b217134bbbca311b; exactTagIdentitySha256=83b0909f1d3c9b11f9ecd9c2f281da8e964a625deb6bef269b706fa239b668a1; runtime reachability unresolved; placement and bounds unresolved; renderer suitability unresolved
swf-definition-00810,365,,sprite,source-assets/flash/HELP MATH_ORIGINAL FILES/HELP_COURSES/ELMGR5/L4/FQ/L4FQ02.swf,,,063bd8135bddc339566752e5e4cfb7e2d934eeba1d25c5c3448031f44ca0e48c,DefineSprite,,,none; machine census only; no renderer export,machine-extracted-definition-candidate,owner-provided SWF,container=root; definitionDepth=0; tagOrdinal=810; payloadBytes=76; rawTagPayloadSha256=063bd8135bddc339566752e5e4cfb7e2d934eeba1d25c5c3448031f44ca0e48c; exactTagIdentitySha256=fb2ef6f211a931714c5f4103afbf572c0c8c799e74524be41024ef4e3a1c8e02; declaredFrameCount=1; runtime reachability unresolved; placement and bounds unresolved; renderer suitability unresolved
swf-definition-00817,366,,shape,source-assets/flash/HELP MATH_ORIGINAL FILES/HELP_COURSES/ELMGR5/L4/FQ/L4FQ02.swf,,,8fcd296fdbc88f0f8000ed7adf355e9d9bafbadd29fa9d4362ac63ad790ec6cf,DefineShape3,,,none; machine census only; no renderer export,machine-extracted-definition-candidate,owner-provided SWF,container=root; definitionDepth=0; tagOrdinal=817; payloadBytes=452; rawTagPayloadSha256=8fcd296fdbc88f0f8000ed7adf355e9d9bafbadd29fa9d4362ac63ad790ec6cf; exactTagIdentitySha256=c0f890a4fc8129aac41aa407530da9d1801220ec021eac59e6f6ccf4826e1d88; runtime reachability unresolved; placement and bounds unresolved; renderer suitability unresolved
swf-definition-00818,367,,text,source-assets/flash/HELP MATH_ORIGINAL FILES/HELP_COURSES/ELMGR5/L4/FQ/L4FQ02.swf,,,15b4ae892d9525d7fcb49c79f8babc59fa12293153c186dd64c754c85294bbdf,DefineText,,,none; machine census only; no renderer export,machine-extracted-definition-candidate,owner-provided SWF,container=root; definitionDepth=0; tagOrdinal=818; payloadBytes=42; rawTagPayloadSha256=15b4ae892d9525d7fcb49c79f8babc59fa12293153c186dd64c754c85294bbdf; exactTagIdentitySha256=58abe6c61a8f58673f8d3b52de0332590ba2d599ce63df8316fef1a3d9bc5929; runtime reachability unresolved; placement and bounds unresolved; renderer suitability unresolved
swf-definition-00819,368,,sprite,source-assets/flash/HELP MATH_ORIGINAL FILES/HELP_COURSES/ELMGR5/L4/FQ/L4FQ02.swf,,,415cdd9603f7cbbb10e79581527df4a6c221d1a74cc5f11e3ed6f6bdebb2df90,DefineSprite,,,none; machine census only; no renderer export,machine-extracted-definition-candidate,owner-provided SWF,container=root; definitionDepth=0; tagOrdinal=819; payloadBytes=76; rawTagPayloadSha256=415cdd9603f7cbbb10e79581527df4a6c221d1a74cc5f11e3ed6f6bdebb2df90; exactTagIdentitySha256=b7b0d56e4b57a5f3232a50974a0d499583735d215f74d6859842929f698bcdc0; declaredFrameCount=1; runtime reachability unresolved; placement and bounds unresolved; renderer suitability unresolved
swf-definition-00826,369,,shape,source-assets/flash/HELP MATH_ORIGINAL FILES/HELP_COURSES/ELMGR5/L4/FQ/L4FQ02.swf,,,8e6733868af713826a8bb7faadedde6ff1a0901c6c30c9f716ffbb0e6789ed9b,DefineShape3,,,none; machine census only; no renderer export,machine-extracted-definition-candidate,owner-provided SWF,container=root; definitionDepth=0; tagOrdinal=826; payloadBytes=452; rawTagPayloadSha256=8e6733868af713826a8bb7faadedde6ff1a0901c6c30c9f716ffbb0e6789ed9b; exactTagIdentitySha256=d606a1389e1d2a1c9ee7d8687b0a4352bc5741fb174c1ad473f3d90fdae9f8b7; runtime reachability unresolved; placement and bounds unresolved; renderer suitability unresolved
swf-definition-00827,370,,text,source-assets/flash/HELP MATH_ORIGINAL FILES/HELP_COURSES/ELMGR5/L4/FQ/L4FQ02.swf,,,773df6cdc43dcf582456f461927fd0ba6250423dac8bcc16b152351d4417bd4a,DefineText,,,none; machine census only; no renderer export,machine-extracted-definition-candidate,owner-provided SWF,container=root; definitionDepth=0; tagOrdinal=827; payloadBytes=48; rawTagPayloadSha256=773df6cdc43dcf582456f461927fd0ba6250423dac8bcc16b152351d4417bd4a; exactTagIdentitySha256=b73a4b3969ab1566cb873833168c5aeb6f1d982ff1c2d80f47da070efb0af095; runtime reachability unresolved; placement and bounds unresolved; renderer suitability unresolved
swf-definition-00828,371,,sprite,source-assets/flash/HELP MATH_ORIGINAL FILES/HELP_COURSES/ELMGR5/L4/FQ/L4FQ02.swf,,,f620694728ee5289cbef3bda37cd05a2ec75e2518773f2870bac0d3d78cfd4b3,DefineSprite,,,none; machine census only; no renderer export,machine-extracted-definition-candidate,owner-provided SWF,container=root; definitionDepth=0; tagOrdinal=828; payloadBytes=76; rawTagPayloadSha256=f620694728ee5289cbef3bda37cd05a2ec75e2518773f2870bac0d3d78cfd4b3; exactTagIdentitySha256=1276751a512e6accbaa6769e23de43224843e0a2c57900ddf46d6013374b22ad; declaredFrameCount=1; runtime reachability unresolved; placement and bounds unresolved; renderer suitability unresolved
swf-definition-00835,372,,shape,source-assets/flash/HELP MATH_ORIGINAL FILES/HELP_COURSES/ELMGR5/L4/FQ/L4FQ02.swf,,,e2119b5af2740f72c259477e3482be0dafafef122ded92017398243b3ba14377,DefineShape3,,,none; machine census only; no renderer export,machine-extracted-definition-candidate,owner-provided SWF,container=root; definitionDepth=0; tagOrdinal=835; payloadBytes=452; rawTagPayloadSha256=e2119b5af2740f72c259477e3482be0dafafef122ded92017398243b3ba14377; exactTagIdentitySha256=2d0febc7dc8979a92932dcbe83caee78c2194cdf56bec295b6ba59dc81c4740a; runtime reachability unresolved; placement and bounds unresolved; renderer suitability unresolved
swf-definition-00836,373,,text,source-assets/flash/HELP MATH_ORIGINAL FILES/HELP_COURSES/ELMGR5/L4/FQ/L4FQ02.swf,,,47b14302473bf6a428124c8b37d2fff79206d9a328ce723a58bfe73a2e7b6b1c,DefineText,,,none; machine census only; no renderer export,machine-extracted-definition-candidate,owner-provided SWF,container=root; definitionDepth=0; tagOrdinal=836; payloadBytes=38; rawTagPayloadSha256=47b14302473bf6a428124c8b37d2fff79206d9a328ce723a58bfe73a2e7b6b1c; exactTagIdentitySha256=cd5cb77b8bfd718a01a9ea993204dcadd17f11302e1aca190660c58630274e24; runtime reachability unresolved; placement and bounds unresolved; renderer suitability unresolved
swf-definition-00837,374,,sprite,source-assets/flash/HELP MATH_ORIGINAL FILES/HELP_COURSES/ELMGR5/L4/FQ/L4FQ02.swf,,,53cf5ef427b1b84aad6019269092e560c9e1b1be284d9fed81178acea108ef9f,DefineSprite,,,none; machine census only; no renderer export,machine-extracted-definition-candidate,owner-provided SWF,container=root; definitionDepth=0; tagOrdinal=837; payloadBytes=76; rawTagPayloadSha256=53cf5ef427b1b84aad6019269092e560c9e1b1be284d9fed81178acea108ef9f; exactTagIdentitySha256=24fdac3c3d24f685c524ba8083fbc209ea68dee1de1139a53cca3f00bb3ec30b; declaredFrameCount=1; runtime reachability unresolved; placement and bounds unresolved; renderer suitability unresolved
swf-definition-00844,375,,text,source-assets/flash/HELP MATH_ORIGINAL FILES/HELP_COURSES/ELMGR5/L4/FQ/L4FQ02.swf,,,3b599f4e0b2534b3533119550be53bf13c80a9842db28cb33a7057430faba1c5,DefineEditText,,,none; machine census only; no renderer export,machine-extracted-definition-candidate,owner-provided SWF,container=root; definitionDepth=0; tagOrdinal=844; payloadBytes=36; rawTagPayloadSha256=3b599f4e0b2534b3533119550be53bf13c80a9842db28cb33a7057430faba1c5; exactTagIdentitySha256=14f81a99298a0d619d66520518cd1cf7de14d7bd10ece0477e17f14e61c63c2f; runtime reachability unresolved; placement and bounds unresolved; renderer suitability unresolved
swf-definition-00845,376,,text,source-assets/flash/HELP MATH_ORIGINAL FILES/HELP_COURSES/ELMGR5/L4/FQ/L4FQ02.swf,,,1009624baf05cdf96525adf6665415fd6b7f81eac77eb5a0bbedbfb35ecb8347,DefineEditText,,,none; machine census only; no renderer export,machine-extracted-definition-candidate,owner-provided SWF,container=root; definitionDepth=0; tagOrdinal=845; payloadBytes=32; rawTagPayloadSha256=1009624baf05cdf96525adf6665415fd6b7f81eac77eb5a0bbedbfb35ecb8347; exactTagIdentitySha256=7039720ae7955b37e6a3c481f0d44351b90297989e27949876bb1ccfcf4315cd; runtime reachability unresolved; placement and bounds unresolved; renderer suitability unresolved
swf-definition-00846,377,,text,source-assets/flash/HELP MATH_ORIGINAL FILES/HELP_COURSES/ELMGR5/L4/FQ/L4FQ02.swf,,,642a50b10069270f5e70d6413180465bcb26399262742228102914309b2cf97d,DefineText,,,none; machine census only; no renderer export,machine-extracted-definition-candidate,owner-provided SWF,container=root; definitionDepth=0; tagOrdinal=846; payloadBytes=349; rawTagPayloadSha256=642a50b10069270f5e70d6413180465bcb26399262742228102914309b2cf97d; exactTagIdentitySha256=34a0d2b1b0c9bb20cae54d0e1f35e123ec26c496c9896497d46e54c1d1474a41; runtime reachability unresolved; placement and bounds unresolved; renderer suitability unresolved
swf-definition-00847,378,,shape,source-assets/flash/HELP MATH_ORIGINAL FILES/HELP_COURSES/ELMGR5/L4/FQ/L4FQ02.swf,,,fe00c4f5fc95e4e20f6b27c6b0cbc9f66fd6180af1ead35b09139ab3874c24fe,DefineShape3,,,none; machine census only; no renderer export,machine-extracted-definition-candidate,owner-provided SWF,container=root; definitionDepth=0; tagOrdinal=847; payloadBytes=396; rawTagPayloadSha256=fe00c4f5fc95e4e20f6b27c6b0cbc9f66fd6180af1ead35b09139ab3874c24fe; exactTagIdentitySha256=13347574aff3df01251786b086bf3ec9cc60160efd957464cc0b7f26ba7c7eff; runtime reachability unresolved; placement and bounds unresolved; renderer suitability unresolved
swf-definition-00848,379,Arial TUR,font,source-assets/flash/HELP MATH_ORIGINAL FILES/HELP_COURSES/ELMGR5/L4/FQ/L4FQ02.swf,,,3af10930f2af6237686e8193b1e46c73cf5fc16a2afaeca6b06a2f60fd41ad6c,DefineFont2,,7,none; machine census only; no renderer export,machine-extracted-definition-candidate,owner-provided SWF,container=root; definitionDepth=0; tagOrdinal=848; payloadBytes=774; rawTagPayloadSha256=3af10930f2af6237686e8193b1e46c73cf5fc16a2afaeca6b06a2f60fd41ad6c; exactTagIdentitySha256=5e33d411e7d2b66073cb5ea834e7a1eddf707d30c844978f74aae64c9b02a49c; runtime reachability unresolved; placement and bounds unresolved; renderer suitability unresolved
swf-definition-00849,380,,text,source-assets/flash/HELP MATH_ORIGINAL FILES/HELP_COURSES/ELMGR5/L4/FQ/L4FQ02.swf,,,ead6772cc82f04fb5bf1bd4b6718026f7fb06fcc300a6dc1d3a0dd91aa13617a,DefineText,,,none; machine census only; no renderer export,machine-extracted-definition-candidate,owner-provided SWF,container=root; definitionDepth=0; tagOrdinal=849; payloadBytes=26; rawTagPayloadSha256=ead6772cc82f04fb5bf1bd4b6718026f7fb06fcc300a6dc1d3a0dd91aa13617a; exactTagIdentitySha256=b37da6d178eaab2f0dd8a5488bb842226da1a0cf50b4eb5ec3a701dbdb0d51e2; runtime reachability unresolved; placement and bounds unresolved; renderer suitability unresolved
swf-definition-00850,381,,text,source-assets/flash/HELP MATH_ORIGINAL FILES/HELP_COURSES/ELMGR5/L4/FQ/L4FQ02.swf,,,f6a7d89dffd87cb654dc99bdc48bb39f6027c3814223d487516a55500589b91d,DefineText,,,none; machine census only; no renderer export,machine-extracted-definition-candidate,owner-provided SWF,container=root; definitionDepth=0; tagOrdinal=850; payloadBytes=26; rawTagPayloadSha256=f6a7d89dffd87cb654dc99bdc48bb39f6027c3814223d487516a55500589b91d; exactTagIdentitySha256=0d5b13a8a22b80b64a44ffa7834bfaafedb6521bcd5ad569424caa6c9592f5e7; runtime reachability unresolved; placement and bounds unresolved; renderer suitability unresolved
swf-definition-00851,382,,text,source-assets/flash/HELP MATH_ORIGINAL FILES/HELP_COURSES/ELMGR5/L4/FQ/L4FQ02.swf,,,11affa6b0d2d7d1538cce638fd2966d3dc518e934f2cc5f428e7bc0bcf7a1825,DefineText,,,none; machine census only; no renderer export,machine-extracted-definition-candidate,owner-provided SWF,container=root; definitionDepth=0; tagOrdinal=851; payloadBytes=26; rawTagPayloadSha256=11affa6b0d2d7d1538cce638fd2966d3dc518e934f2cc5f428e7bc0bcf7a1825; exactTagIdentitySha256=8e763d3b85f6cf6e337a52b14d8ac28401b76a99e2840de3ab2c9edf6fe0ce15; runtime reachability unresolved; placement and bounds unresolved; renderer suitability unresolved
swf-definition-00852,383,,text,source-assets/flash/HELP MATH_ORIGINAL FILES/HELP_COURSES/ELMGR5/L4/FQ/L4FQ02.swf,,,f31ef0c226cfb8ad511e549c636c9238f53129e4d8be1e2a71485494e27ec4c2,DefineText,,,none; machine census only; no renderer export,machine-extracted-definition-candidate,owner-provided SWF,container=root; definitionDepth=0; tagOrdinal=852; payloadBytes=30; rawTagPayloadSha256=f31ef0c226cfb8ad511e549c636c9238f53129e4d8be1e2a71485494e27ec4c2; exactTagIdentitySha256=db23ccd66587e1956a53c47fcf5440fc86f94a504410d73a939d2ead62195755; runtime reachability unresolved; placement and bounds unresolved; renderer suitability unresolved
swf-definition-00853,384,,text,source-assets/flash/HELP MATH_ORIGINAL FILES/HELP_COURSES/ELMGR5/L4/FQ/L4FQ02.swf,,,869b94212bafd4f491a89e1279a71ddebf31f776f65c058cb9245a9f299745de,DefineText,,,none; machine census only; no renderer export,machine-extracted-definition-candidate,owner-provided SWF,container=root; definitionDepth=0; tagOrdinal=853; payloadBytes=28; rawTagPayloadSha256=869b94212bafd4f491a89e1279a71ddebf31f776f65c058cb9245a9f299745de; exactTagIdentitySha256=af7fd99f8f16d27cb971f646cb929c1f0ed1f35b2fcaa8c18256c5fe2397ec9d; runtime reachability unresolved; placement and bounds unresolved; renderer suitability unresolved
swf-definition-00854,385,,text,source-assets/flash/HELP MATH_ORIGINAL FILES/HELP_COURSES/ELMGR5/L4/FQ/L4FQ02.swf,,,e870a50497708f71b556f1767d6dd43214aba73c896c18c3600ce44b985c701e,DefineText,,,none; machine census only; no renderer export,machine-extracted-definition-candidate,owner-provided SWF,container=root; definitionDepth=0; tagOrdinal=854; payloadBytes=25; rawTagPayloadSha256=e870a50497708f71b556f1767d6dd43214aba73c896c18c3600ce44b985c701e; exactTagIdentitySha256=f7909de6e5405194584276c963307f3d0b1ebedfe8bb389e18ebafa1bc1c6555; runtime reachability unresolved; placement and bounds unresolved; renderer suitability unresolved
swf-definition-00855,386,,text,source-assets/flash/HELP MATH_ORIGINAL FILES/HELP_COURSES/ELMGR5/L4/FQ/L4FQ02.swf,,,52031946f84899d4be6c55d54c20ff19f78eaacefda1eef8d792f8d016b38403,DefineText,,,none; machine census only; no renderer export,machine-extracted-definition-candidate,owner-provided SWF,container=root; definitionDepth=0; tagOrdinal=855; payloadBytes=25; rawTagPayloadSha256=52031946f84899d4be6c55d54c20ff19f78eaacefda1eef8d792f8d016b38403; exactTagIdentitySha256=5aaf572911c435c18392c5bd9fb3a1cd914ec60a778af4f06199333b5fd166b9; runtime reachability unresolved; placement and bounds unresolved; renderer suitability unresolved
swf-definition-00856,387,,text,source-assets/flash/HELP MATH_ORIGINAL FILES/HELP_COURSES/ELMGR5/L4/FQ/L4FQ02.swf,,,13f57595fb7417395a8a52d319c81fe704569e6e55fab611b975e6b2a0523f41,DefineText,,,none; machine census only; no renderer export,machine-extracted-definition-candidate,owner-provided SWF,container=root; definitionDepth=0; tagOrdinal=856; payloadBytes=25; rawTagPayloadSha256=13f57595fb7417395a8a52d319c81fe704569e6e55fab611b975e6b2a0523f41; exactTagIdentitySha256=d71d1a395f0c6cbe46c484dc7a4f4b5c7f90410b0866e8b7632dc787c91f9bb4; runtime reachability unresolved; placement and bounds unresolved; renderer suitability unresolved
swf-definition-00857,388,,text,source-assets/flash/HELP MATH_ORIGINAL FILES/HELP_COURSES/ELMGR5/L4/FQ/L4FQ02.swf,,,c6df3caa27c3f1d22079b0c6cfa3e3c8f47b875a50c7e801d3419993c6145c2d,DefineText,,,none; machine census only; no renderer export,machine-extracted-definition-candidate,owner-provided SWF,container=root; definitionDepth=0; tagOrdinal=857; payloadBytes=25; rawTagPayloadSha256=c6df3caa27c3f1d22079b0c6cfa3e3c8f47b875a50c7e801d3419993c6145c2d; exactTagIdentitySha256=6cc6de96e56982814e17e8b89a37b79b73b4aae94f6f5a803f881145f2973123; runtime reachability unresolved; placement and bounds unresolved; renderer suitability unresolved
swf-definition-00858,389,,shape,source-assets/flash/HELP MATH_ORIGINAL FILES/HELP_COURSES/ELMGR5/L4/FQ/L4FQ02.swf,,,d1c7bd66f9df5d7b05c28ab5d8149169242292a1dafa53d0a1071ac5cfe1068d,DefineShape3,,,none; machine census only; no renderer export,machine-extracted-definition-candidate,owner-provided SWF,container=root; definitionDepth=0; tagOrdinal=858; payloadBytes=1921; rawTagPayloadSha256=d1c7bd66f9df5d7b05c28ab5d8149169242292a1dafa53d0a1071ac5cfe1068d; exactTagIdentitySha256=a23d922c7304f81a9003a1fb879ecedd0699008b1081f2c222c64cbdc760fad5; runtime reachability unresolved; placement and bounds unresolved; renderer suitability unresolved
swf-definition-00859,390,,text,source-assets/flash/HELP MATH_ORIGINAL FILES/HELP_COURSES/ELMGR5/L4/FQ/L4FQ02.swf,,,889ea0e6efd66e4ef1f8ec6f85218d0eb0ae04278715cf00de57bcd4debd6d32,DefineText,,,none; machine census only; no renderer export,machine-extracted-definition-candidate,owner-provided SWF,container=root; definitionDepth=0; tagOrdinal=859; payloadBytes=29; rawTagPayloadSha256=889ea0e6efd66e4ef1f8ec6f85218d0eb0ae04278715cf00de57bcd4debd6d32; exactTagIdentitySha256=527d00db0bc0322ad5d1c3c4354aead1647e3f14860223e37f51bfc08997902f; runtime reachability unresolved; placement and bounds unresolved; renderer suitability unresolved
swf-definition-00860,391,,shape,source-assets/flash/HELP MATH_ORIGINAL FILES/HELP_COURSES/ELMGR5/L4/FQ/L4FQ02.swf,,,9fc6a85b43b161fff10db792cb36d5bfc9bdefbaae053ec70eeccf763a42ba38,DefineShape3,,,none; machine census only; no renderer export,machine-extracted-definition-candidate,owner-provided SWF,container=root; definitionDepth=0; tagOrdinal=860; payloadBytes=452; rawTagPayloadSha256=9fc6a85b43b161fff10db792cb36d5bfc9bdefbaae053ec70eeccf763a42ba38; exactTagIdentitySha256=eb99cec58477333d7b092147915a0a2d887845cad58c99aa21cc634d7f16189a; runtime reachability unresolved; placement and bounds unresolved; renderer suitability unresolved
swf-definition-00861,392,,text,source-assets/flash/HELP MATH_ORIGINAL FILES/HELP_COURSES/ELMGR5/L4/FQ/L4FQ02.swf,,,33dbd294ad022fdd25c6fe96c9f0fcfb61a8b7696cd43c1a7c9261a3e8866984,DefineText,,,none; machine census only; no renderer export,machine-extracted-definition-candidate,owner-provided SWF,container=root; definitionDepth=0; tagOrdinal=861; payloadBytes=38; rawTagPayloadSha256=33dbd294ad022fdd25c6fe96c9f0fcfb61a8b7696cd43c1a7c9261a3e8866984; exactTagIdentitySha256=813b71971c64d6b2ffb47653857739985ed3829f157c76aa89071efeddaaa91f; runtime reachability unresolved; placement and bounds unresolved; renderer suitability unresolved
swf-definition-00862,393,,sprite,source-assets/flash/HELP MATH_ORIGINAL FILES/HELP_COURSES/ELMGR5/L4/FQ/L4FQ02.swf,,,d0c3aca8f6a97bc03e4631b195e473f31b36205a470d0ab3bda13a15ad3b0cfb,DefineSprite,,,none; machine census only; no renderer export,machine-extracted-definition-candidate,owner-provided SWF,container=root; definitionDepth=0; tagOrdinal=862; payloadBytes=76; rawTagPayloadSha256=d0c3aca8f6a97bc03e4631b195e473f31b36205a470d0ab3bda13a15ad3b0cfb; exactTagIdentitySha256=57031ffb6252db87b93186806453409251fea08bc8a2857abc60fae7569df3ef; declaredFrameCount=1; runtime reachability unresolved; placement and bounds unresolved; renderer suitability unresolved
swf-definition-00869,394,,shape,source-assets/flash/HELP MATH_ORIGINAL FILES/HELP_COURSES/ELMGR5/L4/FQ/L4FQ02.swf,,,8eb35db71507ce0d1835d92263e275032328947a27cfcb58323461f96132541a,DefineShape3,,,none; machine census only; no renderer export,machine-extracted-definition-candidate,owner-provided SWF,container=root; definitionDepth=0; tagOrdinal=869; payloadBytes=452; rawTagPayloadSha256=8eb35db71507ce0d1835d92263e275032328947a27cfcb58323461f96132541a; exactTagIdentitySha256=575b4e0bd942a60fe3b47dc08faa308c766862000dba54c8d3a42de370a358bc; runtime reachability unresolved; placement and bounds unresolved; renderer suitability unresolved
swf-definition-00870,395,,text,source-assets/flash/HELP MATH_ORIGINAL FILES/HELP_COURSES/ELMGR5/L4/FQ/L4FQ02.swf,,,19821aea1967ecaae91081dc0a42b93554f8b7ef5f8eefa336d7bc1c46d78767,DefineText,,,none; machine census only; no renderer export,machine-extracted-definition-candidate,owner-provided SWF,container=root; definitionDepth=0; tagOrdinal=870; payloadBytes=38; rawTagPayloadSha256=19821aea1967ecaae91081dc0a42b93554f8b7ef5f8eefa336d7bc1c46d78767; exactTagIdentitySha256=a6104b5d9ea82bccde7908bc9ccbacef6cb6ad6ff4b2bfb024f1385822465b63; runtime reachability unresolved; placement and bounds unresolved; renderer suitability unresolved
swf-definition-00871,396,,sprite,source-assets/flash/HELP MATH_ORIGINAL FILES/HELP_COURSES/ELMGR5/L4/FQ/L4FQ02.swf,,,d88c216360f2d8c425e228e191147dac08174d3780e425832efd9246e4ab4deb,DefineSprite,,,none; machine census only; no renderer export,machine-extracted-definition-candidate,owner-provided SWF,container=root; definitionDepth=0; tagOrdinal=871; payloadBytes=76; rawTagPayloadSha256=d88c216360f2d8c425e228e191147dac08174d3780e425832efd9246e4ab4deb; exactTagIdentitySha256=2a5b0dc34d9e24c06feb513aa7a44f5813b016774f27183cd858707784ede370; declaredFrameCount=1; runtime reachability unresolved; placement and bounds unresolved; renderer suitability unresolved
swf-definition-00878,397,,shape,source-assets/flash/HELP MATH_ORIGINAL FILES/HELP_COURSES/ELMGR5/L4/FQ/L4FQ02.swf,,,b016d236e5ed3d192a968f44b1691fe7e3cc69fbf8ada0f071639ff6befc649f,DefineShape3,,,none; machine census only; no renderer export,machine-extracted-definition-candidate,owner-provided SWF,container=root; definitionDepth=0; tagOrdinal=878; payloadBytes=452; rawTagPayloadSha256=b016d236e5ed3d192a968f44b1691fe7e3cc69fbf8ada0f071639ff6befc649f; exactTagIdentitySha256=fb6d9cb7b7900d422fafff9967d73df7a08d9d432716da5d19452d1dedc69f0c; runtime reachability unresolved; placement and bounds unresolved; renderer suitability unresolved
swf-definition-00879,398,,text,source-assets/flash/HELP MATH_ORIGINAL FILES/HELP_COURSES/ELMGR5/L4/FQ/L4FQ02.swf,,,74af5626863c7ca754530b5f9d24deb91df47b82606c46385996bd3f181cf7b3,DefineText,,,none; machine census only; no renderer export,machine-extracted-definition-candidate,owner-provided SWF,container=root; definitionDepth=0; tagOrdinal=879; payloadBytes=38; rawTagPayloadSha256=74af5626863c7ca754530b5f9d24deb91df47b82606c46385996bd3f181cf7b3; exactTagIdentitySha256=4bfc095b23179c78340ab76cd6a827fed34d051b8e010f8b5316601d5f979dc9; runtime reachability unresolved; placement and bounds unresolved; renderer suitability unresolved
swf-definition-00880,399,,sprite,source-assets/flash/HELP MATH_ORIGINAL FILES/HELP_COURSES/ELMGR5/L4/FQ/L4FQ02.swf,,,df7737a528e87157d5a6284f1f7cd18257506e97f8be4f1c8c3a2fd2eccca64d,DefineSprite,,,none; machine census only; no renderer export,machine-extracted-definition-candidate,owner-provided SWF,container=root; definitionDepth=0; tagOrdinal=880; payloadBytes=76; rawTagPayloadSha256=df7737a528e87157d5a6284f1f7cd18257506e97f8be4f1c8c3a2fd2eccca64d; exactTagIdentitySha256=3127c14cbac4295cb87a19bd74570d6adc00cbcff2c0330df5b74706aa316160; declaredFrameCount=1; runtime reachability unresolved; placement and bounds unresolved; renderer suitability unresolved
swf-definition-00887,400,,text,source-assets/flash/HELP MATH_ORIGINAL FILES/HELP_COURSES/ELMGR5/L4/FQ/L4FQ02.swf,,,f19f19d8e113d6efa3118fa252ea1a39da93b60667dd4d39b9acbf66690358c4,DefineText,,,none; machine census only; no renderer export,machine-extracted-definition-candidate,owner-provided SWF,container=root; definitionDepth=0; tagOrdinal=887; payloadBytes=38; rawTagPayloadSha256=f19f19d8e113d6efa3118fa252ea1a39da93b60667dd4d39b9acbf66690358c4; exactTagIdentitySha256=151703c5124afc3133c16c2d4d85f322e9afbcd1c277d1974c566c8946f10504; runtime reachability unresolved; placement and bounds unresolved; renderer suitability unresolved
swf-definition-00888,401,,sprite,source-assets/flash/HELP MATH_ORIGINAL FILES/HELP_COURSES/ELMGR5/L4/FQ/L4FQ02.swf,,,c58f7fb69cb1bbd3bb35885472a67f26e1377420b49086ab9648187737dd0b37,DefineSprite,,,none; machine census only; no renderer export,machine-extracted-definition-candidate,owner-provided SWF,container=root; definitionDepth=0; tagOrdinal=888; payloadBytes=79; rawTagPayloadSha256=c58f7fb69cb1bbd3bb35885472a67f26e1377420b49086ab9648187737dd0b37; exactTagIdentitySha256=da0e3e62d8e9d4912186a49f1cd1841a146bb0d71fc36ca34d34ee2256195423; declaredFrameCount=1; runtime reachability unresolved; placement and bounds unresolved; renderer suitability unresolved
swf-definition-00895,402,_serif,font,source-assets/flash/HELP MATH_ORIGINAL FILES/HELP_COURSES/ELMGR5/L4/FQ/L4FQ02.swf,,,a4fccc9dbd3c03934dc6322d45d41a86a0dc17dd51c644cf72b75f257492400c,DefineFont2,,0,none; machine census only; no renderer export,machine-extracted-definition-candidate,owner-provided SWF,container=root; definitionDepth=0; tagOrdinal=895; payloadBytes=16; rawTagPayloadSha256=a4fccc9dbd3c03934dc6322d45d41a86a0dc17dd51c644cf72b75f257492400c; exactTagIdentitySha256=b953f102df44aba43409fa67c9765455bfff687add4545c6ad226355ac0c37d6; runtime reachability unresolved; placement and bounds unresolved; renderer suitability unresolved
swf-definition-00896,403,,text,source-assets/flash/HELP MATH_ORIGINAL FILES/HELP_COURSES/ELMGR5/L4/FQ/L4FQ02.swf,,,b1497045e5ea9555c07c48ff13cf84502312c3d7dc4df1bfaf2ce91c4e81b733,DefineEditText,,,none; machine census only; no renderer export,machine-extracted-definition-candidate,owner-provided SWF,container=root; definitionDepth=0; tagOrdinal=896; payloadBytes=43; rawTagPayloadSha256=b1497045e5ea9555c07c48ff13cf84502312c3d7dc4df1bfaf2ce91c4e81b733; exactTagIdentitySha256=f83a4b1b5f951642a9e9bda5aa7d0a2f10bcae3d898e2412c7c0fce3c02bd338; runtime reachability unresolved; placement and bounds unresolved; renderer suitability unresolved
swf-definition-00897,404,,shape,source-assets/flash/HELP MATH_ORIGINAL FILES/HELP_COURSES/ELMGR5/L4/FQ/L4FQ02.swf,,,685e0ce13e9ab9da2725967d529ff0d5e7edb66582f99d79b82f38171f4530b9,DefineShape3,,,none; machine census only; no renderer export,machine-extracted-definition-candidate,owner-provided SWF,container=root; definitionDepth=0; tagOrdinal=897; payloadBytes=474; rawTagPayloadSha256=685e0ce13e9ab9da2725967d529ff0d5e7edb66582f99d79b82f38171f4530b9; exactTagIdentitySha256=59671a3ff35d57f09c09ca856fa1c503e72e6856bc5a9b2f388a579cf906a74e; runtime reachability unresolved; placement and bounds unresolved; renderer suitability unresolved
swf-definition-00898,405,,text,source-assets/flash/HELP MATH_ORIGINAL FILES/HELP_COURSES/ELMGR5/L4/FQ/L4FQ02.swf,,,47335851a2ac7b6608b1f214ff08f453a9d841fdf480ba15899fafe0b80faa68,DefineEditText,,,none; machine census only; no renderer export,machine-extracted-definition-candidate,owner-provided SWF,container=root; definitionDepth=0; tagOrdinal=898; payloadBytes=57; rawTagPayloadSha256=47335851a2ac7b6608b1f214ff08f453a9d841fdf480ba15899fafe0b80faa68; exactTagIdentitySha256=79a0eb49dcbfe4bf9beef4e4dd39b091e5fadd762f8367d7e43819c09d845d99; runtime reachability unresolved; placement and bounds unresolved; renderer suitability unresolved
swf-definition-00899,406,,sprite,source-assets/flash/HELP MATH_ORIGINAL FILES/HELP_COURSES/ELMGR5/L4/FQ/L4FQ02.swf,,,0fa69241be2f5267e34c59b203e4217d70780a346dd167f7ea9d67fb4d010671,DefineSprite,,,none; machine census only; no renderer export,machine-extracted-definition-candidate,owner-provided SWF,container=root; definitionDepth=0; tagOrdinal=899; payloadBytes=27; rawTagPayloadSha256=0fa69241be2f5267e34c59b203e4217d70780a346dd167f7ea9d67fb4d010671; exactTagIdentitySha256=3a38e2ae2355a28e7beb44c3a528431eafeb70cb5bfebd5e79c62134ad5568bc; declaredFrameCount=1; runtime reachability unresolved; placement and bounds unresolved; renderer suitability unresolved
swf-definition-00904,407,,text,source-assets/flash/HELP MATH_ORIGINAL FILES/HELP_COURSES/ELMGR5/L4/FQ/L4FQ02.swf,,,b8b00f41dee9f8eb81e055317e9f7a6196acf446caa59a134473c6b03dc3a2fa,DefineEditText,,,none; machine census only; no renderer export,machine-extracted-definition-candidate,owner-provided SWF,container=root; definitionDepth=0; tagOrdinal=904; payloadBytes=32; rawTagPayloadSha256=b8b00f41dee9f8eb81e055317e9f7a6196acf446caa59a134473c6b03dc3a2fa; exactTagIdentitySha256=1b050046808f4e38013bb556948a7b2f8134b5bcc86a9bff05f96e65d41b5702; runtime reachability unresolved; placement and bounds unresolved; renderer suitability unresolved
swf-definition-00905,408,,text,source-assets/flash/HELP MATH_ORIGINAL FILES/HELP_COURSES/ELMGR5/L4/FQ/L4FQ02.swf,,,22a6b40a4e47a15ccafb28943e899265a3a6333bcba0261c76b8b921d24199c5,DefineEditText,,,none; machine census only; no renderer export,machine-extracted-definition-candidate,owner-provided SWF,container=root; definitionDepth=0; tagOrdinal=905; payloadBytes=37; rawTagPayloadSha256=22a6b40a4e47a15ccafb28943e899265a3a6333bcba0261c76b8b921d24199c5; exactTagIdentitySha256=c51c08df7a97a8115e83cbc3684f2a1553e973e8192db78157fa49fcb7ad85a1; runtime reachability unresolved; placement and bounds unresolved; renderer suitability unresolved
swf-definition-00906,409,,text,source-assets/flash/HELP MATH_ORIGINAL FILES/HELP_COURSES/ELMGR5/L4/FQ/L4FQ02.swf,,,3904510f699212d843c0aa3a2e38cda0baa46a8c0aef78fbb2fb755d4cd55479,DefineEditText,,,none; machine census only; no renderer export,machine-extracted-definition-candidate,owner-provided SWF,container=root; definitionDepth=0; tagOrdinal=906; payloadBytes=33; rawTagPayloadSha256=3904510f699212d843c0aa3a2e38cda0baa46a8c0aef78fbb2fb755d4cd55479; exactTagIdentitySha256=4c644bf17fdacc9e215711d0a625001c2e2e0ba712676f1f9c248cb5772f8368; runtime reachability unresolved; placement and bounds unresolved; renderer suitability unresolved
swf-definition-00907,410,,text,source-assets/flash/HELP MATH_ORIGINAL FILES/HELP_COURSES/ELMGR5/L4/FQ/L4FQ02.swf,,,d570389550a47437f36cefdfe5c075f97559d8bd741248b5b26d24c6ad3ce13d,DefineText,,,none; machine census only; no renderer export,machine-extracted-definition-candidate,owner-provided SWF,container=root; definitionDepth=0; tagOrdinal=907; payloadBytes=51; rawTagPayloadSha256=d570389550a47437f36cefdfe5c075f97559d8bd741248b5b26d24c6ad3ce13d; exactTagIdentitySha256=deca61b453dd02d77af10bdd0123e27d22a9d5c8a6a590da8023ba7842aaa4ba; runtime reachability unresolved; placement and bounds unresolved; renderer suitability unresolved
swf-definition-00908,411,,text,source-assets/flash/HELP MATH_ORIGINAL FILES/HELP_COURSES/ELMGR5/L4/FQ/L4FQ02.swf,,,dc5276dcdf31c4e87cae5c55e41b67fa7435569c208db81af199018d1eaf1af6,DefineEditText,,,none; machine census only; no renderer export,machine-extracted-definition-candidate,owner-provided SWF,container=root; definitionDepth=0; tagOrdinal=908; payloadBytes=31; rawTagPayloadSha256=dc5276dcdf31c4e87cae5c55e41b67fa7435569c208db81af199018d1eaf1af6; exactTagIdentitySha256=944d4ac45f75a159e3fb675da14557ce770eed5ce6c18a3c29a5bcb144198ab7; runtime reachability unresolved; placement and bounds unresolved; renderer suitability unresolved
swf-definition-00909,412,,text,source-assets/flash/HELP MATH_ORIGINAL FILES/HELP_COURSES/ELMGR5/L4/FQ/L4FQ02.swf,,,df890a106914bebf6c8c20cf58ae02e5b316e400a0b43d91db4fd039646459de,DefineText,,,none; machine census only; no renderer export,machine-extracted-definition-candidate,owner-provided SWF,container=root; definitionDepth=0; tagOrdinal=909; payloadBytes=57; rawTagPayloadSha256=df890a106914bebf6c8c20cf58ae02e5b316e400a0b43d91db4fd039646459de; exactTagIdentitySha256=e13d67add97e5677b13ec2e0054b6e1ea820f6672fe85939010f6dde922ccbbe; runtime reachability unresolved; placement and bounds unresolved; renderer suitability unresolved
swf-definition-00910,413,,text,source-assets/flash/HELP MATH_ORIGINAL FILES/HELP_COURSES/ELMGR5/L4/FQ/L4FQ02.swf,,,4d7ae16ae6f8ff2f42fd828d942eb04a6f47b4f52fb9ccf0bb57e10484d4f6a2,DefineEditText,,,none; machine census only; no renderer export,machine-extracted-definition-candidate,owner-provided SWF,container=root; definitionDepth=0; tagOrdinal=910; payloadBytes=31; rawTagPayloadSha256=4d7ae16ae6f8ff2f42fd828d942eb04a6f47b4f52fb9ccf0bb57e10484d4f6a2; exactTagIdentitySha256=00ea4c45a804d511fe71cdede7b1d6dba94d0fcbe0a7769c99f922bd13e2f61a; runtime reachability unresolved; placement and bounds unresolved; renderer suitability unresolved
swf-definition-00911,414,,sprite,source-assets/flash/HELP MATH_ORIGINAL FILES/HELP_COURSES/ELMGR5/L4/FQ/L4FQ02.swf,,,895a60858c556a047ddd72a51dec064ca462dc3843496e23258ba36b7124a6a1,DefineSprite,,,none; machine census only; no renderer export,machine-extracted-definition-candidate,owner-provided SWF,container=root; definitionDepth=0; tagOrdinal=911; payloadBytes=24; rawTagPayloadSha256=895a60858c556a047ddd72a51dec064ca462dc3843496e23258ba36b7124a6a1; exactTagIdentitySha256=df3295703572b64f9f6a8253df618ab140eee4ddc72670b67fa08843373e39cf; declaredFrameCount=1; runtime reachability unresolved; placement and bounds unresolved; renderer suitability unresolved
swf-definition-00915,415,,sprite,source-assets/flash/HELP MATH_ORIGINAL FILES/HELP_COURSES/ELMGR5/L4/FQ/L4FQ02.swf,,,a0b54426385329878798bf823c9e18f24798a1a1bba9947281b92980f8f3e39a,DefineSprite,,,none; machine census only; no renderer export,machine-extracted-definition-candidate,owner-provided SWF,container=root; definitionDepth=0; tagOrdinal=915; payloadBytes=24; rawTagPayloadSha256=a0b54426385329878798bf823c9e18f24798a1a1bba9947281b92980f8f3e39a; exactTagIdentitySha256=f3a67e04dce42fb09e8eaff526d5ec4f96011725c50bb2196f89f7428ef9d987; declaredFrameCount=1; runtime reachability unresolved; placement and bounds unresolved; renderer suitability unresolved
swf-definition-00919,416,,shape,source-assets/flash/HELP MATH_ORIGINAL FILES/HELP_COURSES/ELMGR5/L4/FQ/L4FQ02.swf,,,573ba57e37f45dee18953fed7e7bc3b8611db02e3100113be3e97a33984f9996,DefineShape3,,,none; machine census only; no renderer export,machine-extracted-definition-candidate,owner-provided SWF,container=root; definitionDepth=0; tagOrdinal=919; payloadBytes=462; rawTagPayloadSha256=573ba57e37f45dee18953fed7e7bc3b8611db02e3100113be3e97a33984f9996; exactTagIdentitySha256=19ae213f1b796d5362f3d7b3bdc724165e9915e10ee9cee6abcd99333c6edfa3; runtime reachability unresolved; placement and bounds unresolved; renderer suitability unresolved
swf-definition-00920,417,,shape,source-assets/flash/HELP MATH_ORIGINAL FILES/HELP_COURSES/ELMGR5/L4/FQ/L4FQ02.swf,,,e27902ea1da9596d1b26cddb5b5272ed3d13a230c02d4343348872e09077922a,DefineShape3,,,none; machine census only; no renderer export,machine-extracted-definition-candidate,owner-provided SWF,container=root; definitionDepth=0; tagOrdinal=920; payloadBytes=462; rawTagPayloadSha256=e27902ea1da9596d1b26cddb5b5272ed3d13a230c02d4343348872e09077922a; exactTagIdentitySha256=a52a61dfadf16726ab45e97bb665e685a0ca49e16296e2db4b671b66c030738e; runtime reachability unresolved; placement and bounds unresolved; renderer suitability unresolved
swf-definition-00921,418,,shape,source-assets/flash/HELP MATH_ORIGINAL FILES/HELP_COURSES/ELMGR5/L4/FQ/L4FQ02.swf,,,e09315ca5cfadd2e82599fc223095f06b80343f342d3132fe49ed0a115bd04c3,DefineShape3,,,none; machine census only; no renderer export,machine-extracted-definition-candidate,owner-provided SWF,container=root; definitionDepth=0; tagOrdinal=921; payloadBytes=462; rawTagPayloadSha256=e09315ca5cfadd2e82599fc223095f06b80343f342d3132fe49ed0a115bd04c3; exactTagIdentitySha256=fb8fdbb1b0ff035e6cbfdc0a7a65566f3b2fd9026fca167f3bb41212dfca09de; runtime reachability unresolved; placement and bounds unresolved; renderer suitability unresolved
swf-definition-00922,419,,shape,source-assets/flash/HELP MATH_ORIGINAL FILES/HELP_COURSES/ELMGR5/L4/FQ/L4FQ02.swf,,,9cb2783d42501adf3a9d49600a7d487bb6f5ad1d13c36c8b1987a6a12584866e,DefineShape3,,,none; machine census only; no renderer export,machine-extracted-definition-candidate,owner-provided SWF,container=root; definitionDepth=0; tagOrdinal=922; payloadBytes=462; rawTagPayloadSha256=9cb2783d42501adf3a9d49600a7d487bb6f5ad1d13c36c8b1987a6a12584866e; exactTagIdentitySha256=0bdff056eaf7b27f9c158ed79965b7c61aa10d2584b7dcdc1e1575a24a62962e; runtime reachability unresolved; placement and bounds unresolved; renderer suitability unresolved
swf-definition-00923,420,,text,source-assets/flash/HELP MATH_ORIGINAL FILES/HELP_COURSES/ELMGR5/L4/FQ/L4FQ02.swf,,,8b5709916e6e13b9f752e2c9d0c0e314b148a3a964ea0e30027d77f2de8110e1,DefineEditText,,,none; machine census only; no renderer export,machine-extracted-definition-candidate,owner-provided SWF,container=root; definitionDepth=0; tagOrdinal=923; payloadBytes=39; rawTagPayloadSha256=8b5709916e6e13b9f752e2c9d0c0e314b148a3a964ea0e30027d77f2de8110e1; exactTagIdentitySha256=d63f3b59f139d7e7318cd8c99186d4610cc40ea740d4a27c7b4343438b458055; runtime reachability unresolved; placement and bounds unresolved; renderer suitability unresolved
swf-definition-00924,421,,text,source-assets/flash/HELP MATH_ORIGINAL FILES/HELP_COURSES/ELMGR5/L4/FQ/L4FQ02.swf,,,8537a636ea8f1c88fb98f01d30fe3a783926dbde6e9b0e6616e8db2f2bed6206,DefineEditText,,,none; machine census only; no renderer export,machine-extracted-definition-candidate,owner-provided SWF,container=root; definitionDepth=0; tagOrdinal=924; payloadBytes=39; rawTagPayloadSha256=8537a636ea8f1c88fb98f01d30fe3a783926dbde6e9b0e6616e8db2f2bed6206; exactTagIdentitySha256=5ab4da64347ea412c76b77dda76af64033052d4076814a96657398d6c062afbd; runtime reachability unresolved; placement and bounds unresolved; renderer suitability unresolved
swf-definition-00925,422,,text,source-assets/flash/HELP MATH_ORIGINAL FILES/HELP_COURSES/ELMGR5/L4/FQ/L4FQ02.swf,,,fe0f69d84323363872e9c01c9b2f57926ae72a0e9d7e0b422318f9068d5a621d,DefineEditText,,,none; machine census only; no renderer export,machine-extracted-definition-candidate,owner-provided SWF,container=root; definitionDepth=0; tagOrdinal=925; payloadBytes=39; rawTagPayloadSha256=fe0f69d84323363872e9c01c9b2f57926ae72a0e9d7e0b422318f9068d5a621d; exactTagIdentitySha256=24e15f86e6a129b4f62051fc38312111e420aa2e27f92a65373fb9fd7ccde0a2; runtime reachability unresolved; placement and bounds unresolved; renderer suitability unresolved
swf-definition-00926,423,,text,source-assets/flash/HELP MATH_ORIGINAL FILES/HELP_COURSES/ELMGR5/L4/FQ/L4FQ02.swf,,,a9578e84e68c94ddbf3c47ca1311a3fd1d8f69b0c7a5dc8056cc7f949a740fdb,DefineEditText,,,none; machine census only; no renderer export,machine-extracted-definition-candidate,owner-provided SWF,container=root; definitionDepth=0; tagOrdinal=926; payloadBytes=39; rawTagPayloadSha256=a9578e84e68c94ddbf3c47ca1311a3fd1d8f69b0c7a5dc8056cc7f949a740fdb; exactTagIdentitySha256=aa40a3be2364c6dec90f1d8d5e76e2810d817c23f77f49d36a22a4c7649592bf; runtime reachability unresolved; placement and bounds unresolved; renderer suitability unresolved
swf-definition-00927,424,,sprite,source-assets/flash/HELP MATH_ORIGINAL FILES/HELP_COURSES/ELMGR5/L4/FQ/L4FQ02.swf,,,add4de158147d38c02dfd99fe9eb124961c6bbaa7aa2640dbcae161efb5f2a73,DefineSprite,,,none; machine census only; no renderer export,machine-extracted-definition-candidate,owner-provided SWF,container=root; definitionDepth=0; tagOrdinal=927; payloadBytes=24; rawTagPayloadSha256=add4de158147d38c02dfd99fe9eb124961c6bbaa7aa2640dbcae161efb5f2a73; exactTagIdentitySha256=36103c78315935c0b25d5ae1e191a9171764e37bb60e6189b0bfdd6a8943fb0d; declaredFrameCount=1; runtime reachability unresolved; placement and bounds unresolved; renderer suitability unresolved
swf-definition-00931,425,,sprite,source-assets/flash/HELP MATH_ORIGINAL FILES/HELP_COURSES/ELMGR5/L4/FQ/L4FQ02.swf,,,40d140f3a81ead37d5fd0d9ffd61229013c390108922e0129d25bc889c061bb5,DefineSprite,,,none; machine census only; no renderer export,machine-extracted-definition-candidate,owner-provided SWF,container=root; definitionDepth=0; tagOrdinal=931; payloadBytes=24; rawTagPayloadSha256=40d140f3a81ead37d5fd0d9ffd61229013c390108922e0129d25bc889c061bb5; exactTagIdentitySha256=075b006d6a40d24426bd21a17bbc7b93c53e0058a765c67da865cf3b6e52c904; declaredFrameCount=1; runtime reachability unresolved; placement and bounds unresolved; renderer suitability unresolved
swf-definition-00935,426,,shape,source-assets/flash/HELP MATH_ORIGINAL FILES/HELP_COURSES/ELMGR5/L4/FQ/L4FQ02.swf,,,c58247c78c216986a7bc252dffb0fd07f91b2ae288883fc35f58dc5bc77f481a,DefineShape3,,,none; machine census only; no renderer export,machine-extracted-definition-candidate,owner-provided SWF,container=root; definitionDepth=0; tagOrdinal=935; payloadBytes=144; rawTagPayloadSha256=c58247c78c216986a7bc252dffb0fd07f91b2ae288883fc35f58dc5bc77f481a; exactTagIdentitySha256=2036988dbabc4bbc589e8f3a87c66d8d18400c9e63f0543ded4150ba1aa32714; runtime reachability unresolved; placement and bounds unresolved; renderer suitability unresolved
swf-definition-00936,427,,shape,source-assets/flash/HELP MATH_ORIGINAL FILES/HELP_COURSES/ELMGR5/L4/FQ/L4FQ02.swf,,,187b3f1a84cc3cc16dbe67d1ffb7c90d41982c2f9faa4ffd247c327f1e525f8d,DefineShape,,,none; machine census only; no renderer export,machine-extracted-definition-candidate,owner-provided SWF,container=root; definitionDepth=0; tagOrdinal=936; payloadBytes=28; rawTagPayloadSha256=187b3f1a84cc3cc16dbe67d1ffb7c90d41982c2f9faa4ffd247c327f1e525f8d; exactTagIdentitySha256=f992cadd19d785bf675985749a3baaa267c8ce558fe3dfc719f4d6772d7727e1; runtime reachability unresolved; placement and bounds unresolved; renderer suitability unresolved
swf-definition-00937,428,,shape,source-assets/flash/HELP MATH_ORIGINAL FILES/HELP_COURSES/ELMGR5/L4/FQ/L4FQ02.swf,,,b287ada75f76e4fd3cff39ff746ffa194bd996daba161f86a80fbe71311e93dd,DefineShape3,,,none; machine census only; no renderer export,machine-extracted-definition-candidate,owner-provided SWF,container=root; definitionDepth=0; tagOrdinal=937; payloadBytes=78; rawTagPayloadSha256=b287ada75f76e4fd3cff39ff746ffa194bd996daba161f86a80fbe71311e93dd; exactTagIdentitySha256=f05d1f7acc47e3d2741e0012b23f07d263665163e2b1ac8ff21169cd62e81e23; runtime reachability unresolved; placement and bounds unresolved; renderer suitability unresolved
swf-definition-00938,429,,shape,source-assets/flash/HELP MATH_ORIGINAL FILES/HELP_COURSES/ELMGR5/L4/FQ/L4FQ02.swf,,,368918be6151ea4263db98d2007cd5d2a48dc1ce6e99f0830a582155d92dfc43,DefineShape3,,,none; machine census only; no renderer export,machine-extracted-definition-candidate,owner-provided SWF,container=root; definitionDepth=0; tagOrdinal=938; payloadBytes=237; rawTagPayloadSha256=368918be6151ea4263db98d2007cd5d2a48dc1ce6e99f0830a582155d92dfc43; exactTagIdentitySha256=05299d3acfcfb06b324aa6ca09961cfc4ab76d14c5cefa505408939b9a6815b9; runtime reachability unresolved; placement and bounds unresolved; renderer suitability unresolved
swf-definition-00939,430,,button,source-assets/flash/HELP MATH_ORIGINAL FILES/HELP_COURSES/ELMGR5/L4/FQ/L4FQ02.swf,,,b8ade29c282a756f9d2dd213f27f706757b4e87ea5f00bba042f7bb57959c7dd,DefineButton2,,,none; machine census only; no renderer export,machine-extracted-definition-candidate,owner-provided SWF,container=root; definitionDepth=0; tagOrdinal=939; payloadBytes=107; rawTagPayloadSha256=b8ade29c282a756f9d2dd213f27f706757b4e87ea5f00bba042f7bb57959c7dd; exactTagIdentitySha256=9c3725352f8f0f2364032da6537600380ed148c7d3d8fb7f87e0d051c975fe3f; runtime reachability unresolved; placement and bounds unresolved; renderer suitability unresolved
swf-definition-00940,431,,text,source-assets/flash/HELP MATH_ORIGINAL FILES/HELP_COURSES/ELMGR5/L4/FQ/L4FQ02.swf,,,0c886b25b852d5cbc92d5dc52151482f300810435324939d71078e1b8a3bf778,DefineEditText,,,none; machine census only; no renderer export,machine-extracted-definition-candidate,owner-provided SWF,container=root; definitionDepth=0; tagOrdinal=940; payloadBytes=37; rawTagPayloadSha256=0c886b25b852d5cbc92d5dc52151482f300810435324939d71078e1b8a3bf778; exactTagIdentitySha256=63e23dd7ff0d8e479843daddbe536fedc6a056cfab0b1bd3955724283e2d4736; runtime reachability unresolved; placement and bounds unresolved; renderer suitability unresolved
swf-definition-00941,432,,text,source-assets/flash/HELP MATH_ORIGINAL FILES/HELP_COURSES/ELMGR5/L4/FQ/L4FQ02.swf,,,3fcc96985b820eab7c71b7117912cac8208492f985d5095fd80683167f70efd9,DefineEditText,,,none; machine census only; no renderer export,machine-extracted-definition-candidate,owner-provided SWF,container=root; definitionDepth=0; tagOrdinal=941; payloadBytes=33; rawTagPayloadSha256=3fcc96985b820eab7c71b7117912cac8208492f985d5095fd80683167f70efd9; exactTagIdentitySha256=2a9d7be1135587cbee84e3e1ee5c7b4f419ee8783567ffb6a494f3e68cc5c38d; runtime reachability unresolved; placement and bounds unresolved; renderer suitability unresolved
swf-definition-00942,433,,text,source-assets/flash/HELP MATH_ORIGINAL FILES/HELP_COURSES/ELMGR5/L4/FQ/L4FQ02.swf,,,7eccd554ace1d358675a7bb0331e47d7f70c124e798370bdc959261dd3a98fb8,DefineEditText,,,none; machine census only; no renderer export,machine-extracted-definition-candidate,owner-provided SWF,container=root; definitionDepth=0; tagOrdinal=942; payloadBytes=31; rawTagPayloadSha256=7eccd554ace1d358675a7bb0331e47d7f70c124e798370bdc959261dd3a98fb8; exactTagIdentitySha256=92114a5b3c6fdcfb2a6603ed27f4bcc238696a9963aff4752a2a6a2f49a651d4; runtime reachability unresolved; placement and bounds unresolved; renderer suitability unresolved
swf-definition-00943,434,,text,source-assets/flash/HELP MATH_ORIGINAL FILES/HELP_COURSES/ELMGR5/L4/FQ/L4FQ02.swf,,,203240f7cc1e4aaa7cdc863f738291e1617262db28156f8e26e3315ea10c708f,DefineEditText,,,none; machine census only; no renderer export,machine-extracted-definition-candidate,owner-provided SWF,container=root; definitionDepth=0; tagOrdinal=943; payloadBytes=31; rawTagPayloadSha256=203240f7cc1e4aaa7cdc863f738291e1617262db28156f8e26e3315ea10c708f; exactTagIdentitySha256=486aa4bff558de77057ad40cbda0d46446e425828dff9886ec7ec2bdd8954b39; runtime reachability unresolved; placement and bounds unresolved; renderer suitability unresolved
swf-definition-00944,435,,sprite,source-assets/flash/HELP MATH_ORIGINAL FILES/HELP_COURSES/ELMGR5/L4/FQ/L4FQ02.swf,,,8a9cb0ad6f45aa0c614520f452938cf4aeaf682e8c52d2473bafec087b3c8bb5,DefineSprite,,,none; machine census only; no renderer export,machine-extracted-definition-candidate,owner-provided SWF,container=root; definitionDepth=0; tagOrdinal=944; payloadBytes=24; rawTagPayloadSha256=8a9cb0ad6f45aa0c614520f452938cf4aeaf682e8c52d2473bafec087b3c8bb5; exactTagIdentitySha256=04fd536d5d9c16f0186df0f947bb02b47f0cfccbca6cefa3103cfaa5cbb23045; declaredFrameCount=1; runtime reachability unresolved; placement and bounds unresolved; renderer suitability unresolved
swf-definition-00948,436,,sprite,source-assets/flash/HELP MATH_ORIGINAL FILES/HELP_COURSES/ELMGR5/L4/FQ/L4FQ02.swf,,,cb98f7190b92d33c86b80494138062cd9bb9ce21bd0d9ad0167d1826e651955b,DefineSprite,,,none; machine census only; no renderer export,machine-extracted-definition-candidate,owner-provided SWF,container=root; definitionDepth=0; tagOrdinal=948; payloadBytes=24; rawTagPayloadSha256=cb98f7190b92d33c86b80494138062cd9bb9ce21bd0d9ad0167d1826e651955b; exactTagIdentitySha256=362cf7fab16e5f1a19c695ba921ed93fe992625a55ee20777f444b6937b168c5; declaredFrameCount=1; runtime reachability unresolved; placement and bounds unresolved; renderer suitability unresolved
swf-definition-00952,437,,shape,source-assets/flash/HELP MATH_ORIGINAL FILES/HELP_COURSES/ELMGR5/L4/FQ/L4FQ02.swf,,,29e26e3ca0cab404eba433407ec8cc549a9a996b77f66e933898231577113235,DefineShape3,,,none; machine census only; no renderer export,machine-extracted-definition-candidate,owner-provided SWF,container=root; definitionDepth=0; tagOrdinal=952; payloadBytes=462; rawTagPayloadSha256=29e26e3ca0cab404eba433407ec8cc549a9a996b77f66e933898231577113235; exactTagIdentitySha256=10ed57a47f2773f64e20edb75a5f7f7b18a00d08e167f0b8f73e8f130b239940; runtime reachability unresolved; placement and bounds unresolved; renderer suitability unresolved
swf-definition-00953,438,,shape,source-assets/flash/HELP MATH_ORIGINAL FILES/HELP_COURSES/ELMGR5/L4/FQ/L4FQ02.swf,,,a8ca3d8889afc2c104c1ab562511d3e5cd2f79d25d0352c03d64057d1160d0fb,DefineShape3,,,none; machine census only; no renderer export,machine-extracted-definition-candidate,owner-provided SWF,container=root; definitionDepth=0; tagOrdinal=953; payloadBytes=462; rawTagPayloadSha256=a8ca3d8889afc2c104c1ab562511d3e5cd2f79d25d0352c03d64057d1160d0fb; exactTagIdentitySha256=c81d4a4986624667e10a1c4913b4edea4fa753549c4780cc27145b7e9da8159f; runtime reachability unresolved; placement and bounds unresolved; renderer suitability unresolved
swf-definition-00954,439,,shape,source-assets/flash/HELP MATH_ORIGINAL FILES/HELP_COURSES/ELMGR5/L4/FQ/L4FQ02.swf,,,068b4dc5b48c5458fd71c2575fb58af44b8c87dab29cfcc3208d3ccab6ec6372,DefineShape3,,,none; machine census only; no renderer export,machine-extracted-definition-candidate,owner-provided SWF,container=root; definitionDepth=0; tagOrdinal=954; payloadBytes=462; rawTagPayloadSha256=068b4dc5b48c5458fd71c2575fb58af44b8c87dab29cfcc3208d3ccab6ec6372; exactTagIdentitySha256=322525f948f74b02200fad73765d23147b8ab4d93e0e430d1c68ae00d7f5c011; runtime reachability unresolved; placement and bounds unresolved; renderer suitability unresolved
swf-definition-00955,440,,sprite,source-assets/flash/HELP MATH_ORIGINAL FILES/HELP_COURSES/ELMGR5/L4/FQ/L4FQ02.swf,,,f3e04b752a6c2dfe8d8f671279c58a5e7b031af76bef6688c01ba1ebdb53ea71,DefineSprite,,,none; machine census only; no renderer export,machine-extracted-definition-candidate,owner-provided SWF,container=root; definitionDepth=0; tagOrdinal=955; payloadBytes=24; rawTagPayloadSha256=f3e04b752a6c2dfe8d8f671279c58a5e7b031af76bef6688c01ba1ebdb53ea71; exactTagIdentitySha256=2cdf71f9fc96fb6fd6876163232d56f299b32c8694c03cabfaeb2d790cde4414; declaredFrameCount=1; runtime reachability unresolved; placement and bounds unresolved; renderer suitability unresolved
swf-definition-00959,441,,sprite,source-assets/flash/HELP MATH_ORIGINAL FILES/HELP_COURSES/ELMGR5/L4/FQ/L4FQ02.swf,,,7c1a2e661b982c95c7a8c539effab341ba93deddfa519468cc57023b09181840,DefineSprite,,,none; machine census only; no renderer export,machine-extracted-definition-candidate,owner-provided SWF,container=root; definitionDepth=0; tagOrdinal=959; payloadBytes=24; rawTagPayloadSha256=7c1a2e661b982c95c7a8c539effab341ba93deddfa519468cc57023b09181840; exactTagIdentitySha256=1afb0fe837b56205c8d7a5aef177d926529a6a2efde1cf266a4b374cf0c0bf7a; declaredFrameCount=1; runtime reachability unresolved; placement and bounds unresolved; renderer suitability unresolved
swf-definition-00963,442,,text,source-assets/flash/HELP MATH_ORIGINAL FILES/HELP_COURSES/ELMGR5/L4/FQ/L4FQ02.swf,,,548c960a0e3fb4d3252af65092177e044bf56d00ffa93ea01170962cc41404b7,DefineEditText,,,none; machine census only; no renderer export,machine-extracted-definition-candidate,owner-provided SWF,container=root; definitionDepth=0; tagOrdinal=963; payloadBytes=39; rawTagPayloadSha256=548c960a0e3fb4d3252af65092177e044bf56d00ffa93ea01170962cc41404b7; exactTagIdentitySha256=6c750e487597018c9e08dd72b0f6c35d3269d120556d3c0e5a9db888ce9e7596; runtime reachability unresolved; placement and bounds unresolved; renderer suitability unresolved
swf-definition-00964,443,,text,source-assets/flash/HELP MATH_ORIGINAL FILES/HELP_COURSES/ELMGR5/L4/FQ/L4FQ02.swf,,,6f6d0c8ef328fb363ec0815459fb48f111e1389e74bccdd8a7089f40c0bfd3d4,DefineEditText,,,none; machine census only; no renderer export,machine-extracted-definition-candidate,owner-provided SWF,container=root; definitionDepth=0; tagOrdinal=964; payloadBytes=39; rawTagPayloadSha256=6f6d0c8ef328fb363ec0815459fb48f111e1389e74bccdd8a7089f40c0bfd3d4; exactTagIdentitySha256=0c95386cfb1fbcbe1c3e602e161fbac7f21f3f5c36037cd524ef53d936a363e5; runtime reachability unresolved; placement and bounds unresolved; renderer suitability unresolved
swf-definition-00965,444,,text,source-assets/flash/HELP MATH_ORIGINAL FILES/HELP_COURSES/ELMGR5/L4/FQ/L4FQ02.swf,,,90111c138e8e7896aabd585369f52ea15f34aca301ee11cbd3e1fa9134203fbe,DefineEditText,,,none; machine census only; no renderer export,machine-extracted-definition-candidate,owner-provided SWF,container=root; definitionDepth=0; tagOrdinal=965; payloadBytes=39; rawTagPayloadSha256=90111c138e8e7896aabd585369f52ea15f34aca301ee11cbd3e1fa9134203fbe; exactTagIdentitySha256=25cd32ee3a582959845dd802c74c875e049dba864db87c70b3e37c807965d2fa; runtime reachability unresolved; placement and bounds unresolved; renderer suitability unresolved
swf-definition-00966,445,,text,source-assets/flash/HELP MATH_ORIGINAL FILES/HELP_COURSES/ELMGR5/L4/FQ/L4FQ02.swf,,,7d490ff4b76908fa8a3ea895a4e827d9cdced8697e891c8ba2b699030535e965,DefineEditText,,,none; machine census only; no renderer export,machine-extracted-definition-candidate,owner-provided SWF,container=root; definitionDepth=0; tagOrdinal=966; payloadBytes=39; rawTagPayloadSha256=7d490ff4b76908fa8a3ea895a4e827d9cdced8697e891c8ba2b699030535e965; exactTagIdentitySha256=c68596bb52a44a30832d2478c3a7cf5b2ed3030b569f04c6844ae6b431e9dde7; runtime reachability unresolved; placement and bounds unresolved; renderer suitability unresolved
swf-definition-00967,446,,text,source-assets/flash/HELP MATH_ORIGINAL FILES/HELP_COURSES/ELMGR5/L4/FQ/L4FQ02.swf,,,0a760508bd016eeb165f50a80f45dc3cfd68bfadb57c692830b12754977286bb,DefineEditText,,,none; machine census only; no renderer export,machine-extracted-definition-candidate,owner-provided SWF,container=root; definitionDepth=0; tagOrdinal=967; payloadBytes=37; rawTagPayloadSha256=0a760508bd016eeb165f50a80f45dc3cfd68bfadb57c692830b12754977286bb; exactTagIdentitySha256=b3d469689a5821b90ac594ed19cf8dcc649143b808f070bff61c6c2959c26718; runtime reachability unresolved; placement and bounds unresolved; renderer suitability unresolved
swf-definition-00968,447,,text,source-assets/flash/HELP MATH_ORIGINAL FILES/HELP_COURSES/ELMGR5/L4/FQ/L4FQ02.swf,,,45cc4cced0c36260cdd798f7a88ce7e4f7f76d6322963ce69896daefb606af72,DefineEditText,,,none; machine census only; no renderer export,machine-extracted-definition-candidate,owner-provided SWF,container=root; definitionDepth=0; tagOrdinal=968; payloadBytes=33; rawTagPayloadSha256=45cc4cced0c36260cdd798f7a88ce7e4f7f76d6322963ce69896daefb606af72; exactTagIdentitySha256=877fd21901a660688e799f5782bc04ffb140840ed04b1159847b32e1f354d821; runtime reachability unresolved; placement and bounds unresolved; renderer suitability unresolved
swf-definition-00969,448,,text,source-assets/flash/HELP MATH_ORIGINAL FILES/HELP_COURSES/ELMGR5/L4/FQ/L4FQ02.swf,,,e329d1da3d71bca9b1c210966e76a60ef2ad543b02c940485736dfecbb10266a,DefineEditText,,,none; machine census only; no renderer export,machine-extracted-definition-candidate,owner-provided SWF,container=root; definitionDepth=0; tagOrdinal=969; payloadBytes=31; rawTagPayloadSha256=e329d1da3d71bca9b1c210966e76a60ef2ad543b02c940485736dfecbb10266a; exactTagIdentitySha256=74869840fb6d5c0c32baa9ca065c3cd89738f3d0cf2cdd37bde9354bdaaefaf4; runtime reachability unresolved; placement and bounds unresolved; renderer suitability unresolved
swf-definition-00970,449,,text,source-assets/flash/HELP MATH_ORIGINAL FILES/HELP_COURSES/ELMGR5/L4/FQ/L4FQ02.swf,,,6eea5c7ab798b48a9e6bdf1c2b19f70b7722913de27619183b85b84882bc3424,DefineEditText,,,none; machine census only; no renderer export,machine-extracted-definition-candidate,owner-provided SWF,container=root; definitionDepth=0; tagOrdinal=970; payloadBytes=31; rawTagPayloadSha256=6eea5c7ab798b48a9e6bdf1c2b19f70b7722913de27619183b85b84882bc3424; exactTagIdentitySha256=416388234f9cd72c7b20d037e0558a6581d9c4e42b45edfa7ae3adb2a82de15c; runtime reachability unresolved; placement and bounds unresolved; renderer suitability unresolved
swf-definition-00971,450,,sprite,source-assets/flash/HELP MATH_ORIGINAL FILES/HELP_COURSES/ELMGR5/L4/FQ/L4FQ02.swf,,,e3d3184a757b7be00252c8223ca602146456efce28f4cdb49af64f46523491bc,DefineSprite,,,none; machine census only; no renderer export,machine-extracted-definition-candidate,owner-provided SWF,container=root; definitionDepth=0; tagOrdinal=971; payloadBytes=24; rawTagPayloadSha256=e3d3184a757b7be00252c8223ca602146456efce28f4cdb49af64f46523491bc; exactTagIdentitySha256=0f94551090195ae301c27c8a53b2adebf3106bd322362413cebc6f3ab3d33fba; declaredFrameCount=1; runtime reachability unresolved; placement and bounds unresolved; renderer suitability unresolved
swf-definition-00975,451,,sprite,source-assets/flash/HELP MATH_ORIGINAL FILES/HELP_COURSES/ELMGR5/L4/FQ/L4FQ02.swf,,,b3dbe7715ac1085929f748bbb4d837b59eddb5c4ed1c8dc54cf462cfee27467d,DefineSprite,,,none; machine census only; no renderer export,machine-extracted-definition-candidate,owner-provided SWF,container=root; definitionDepth=0; tagOrdinal=975; payloadBytes=24; rawTagPayloadSha256=b3dbe7715ac1085929f748bbb4d837b59eddb5c4ed1c8dc54cf462cfee27467d; exactTagIdentitySha256=f1d847ad607d89dbea590a1c7ffe3f8f64ebcef03f077b85286bfef6a449f856; declaredFrameCount=1; runtime reachability unresolved; placement and bounds unresolved; renderer suitability unresolved
swf-definition-00979,452,,shape,source-assets/flash/HELP MATH_ORIGINAL FILES/HELP_COURSES/ELMGR5/L4/FQ/L4FQ02.swf,,,f3a87d5e067a7cbead43149f70895134f7cd9996cf43a7ec3c9e1a1267e9d1a1,DefineShape3,,,none; machine census only; no renderer export,machine-extracted-definition-candidate,owner-provided SWF,container=root; definitionDepth=0; tagOrdinal=979; payloadBytes=462; rawTagPayloadSha256=f3a87d5e067a7cbead43149f70895134f7cd9996cf43a7ec3c9e1a1267e9d1a1; exactTagIdentitySha256=3bb194d996ca6b625a694850b7e2de01ef38681e9837aff43d652742e011ee7e; runtime reachability unresolved; placement and bounds unresolved; renderer suitability unresolved
swf-definition-00980,453,,shape,source-assets/flash/HELP MATH_ORIGINAL FILES/HELP_COURSES/ELMGR5/L4/FQ/L4FQ02.swf,,,9a51f55edc72256417b5a144288f5424ec485fbbd727999b2eac769bb7698eb6,DefineShape3,,,none; machine census only; no renderer export,machine-extracted-definition-candidate,owner-provided SWF,container=root; definitionDepth=0; tagOrdinal=980; payloadBytes=462; rawTagPayloadSha256=9a51f55edc72256417b5a144288f5424ec485fbbd727999b2eac769bb7698eb6; exactTagIdentitySha256=3d2bdb09dd9a9458809b546263d898f6b2d2f58ad45a997f6f8775e184d628be; runtime reachability unresolved; placement and bounds unresolved; renderer suitability unresolved
swf-definition-00981,454,,sprite,source-assets/flash/HELP MATH_ORIGINAL FILES/HELP_COURSES/ELMGR5/L4/FQ/L4FQ02.swf,,,5305e96f7cc12b11164cd8af3c91af20c29885a268e11ae341ad675bb777d071,DefineSprite,,,none; machine census only; no renderer export,machine-extracted-definition-candidate,owner-provided SWF,container=root; definitionDepth=0; tagOrdinal=981; payloadBytes=24; rawTagPayloadSha256=5305e96f7cc12b11164cd8af3c91af20c29885a268e11ae341ad675bb777d071; exactTagIdentitySha256=7101e476bbf8aaedc819e734e3073025792444db228b64a7c814b7f045d2e119; declaredFrameCount=1; runtime reachability unresolved; placement and bounds unresolved; renderer suitability unresolved
swf-definition-00985,455,,sprite,source-assets/flash/HELP MATH_ORIGINAL FILES/HELP_COURSES/ELMGR5/L4/FQ/L4FQ02.swf,,,a5ea6620995e1f4c33c68f7d3b9d44b40110a7f45f622a750ad1460aa1107930,DefineSprite,,,none; machine census only; no renderer export,machine-extracted-definition-candidate,owner-provided SWF,container=root; definitionDepth=0; tagOrdinal=985; payloadBytes=24; rawTagPayloadSha256=a5ea6620995e1f4c33c68f7d3b9d44b40110a7f45f622a750ad1460aa1107930; exactTagIdentitySha256=9cafe821ee8a37e5b29044e5c4a52785ee4629d37f35244d9cbe258edf85f4d3; declaredFrameCount=1; runtime reachability unresolved; placement and bounds unresolved; renderer suitability unresolved
swf-definition-00989,456,,text,source-assets/flash/HELP MATH_ORIGINAL FILES/HELP_COURSES/ELMGR5/L4/FQ/L4FQ02.swf,,,f92510ec4c39e81ef210cb6c7a7d919f4a2942acb1c7cec24212172974452ff8,DefineEditText,,,none; machine census only; no renderer export,machine-extracted-definition-candidate,owner-provided SWF,container=root; definitionDepth=0; tagOrdinal=989; payloadBytes=39; rawTagPayloadSha256=f92510ec4c39e81ef210cb6c7a7d919f4a2942acb1c7cec24212172974452ff8; exactTagIdentitySha256=d833ec26484ee6fd7ee86917be3b59bec6d342d61263131481a7857e23ea064d; runtime reachability unresolved; placement and bounds unresolved; renderer suitability unresolved
swf-definition-00990,457,,text,source-assets/flash/HELP MATH_ORIGINAL FILES/HELP_COURSES/ELMGR5/L4/FQ/L4FQ02.swf,,,7476db0670af00cef767c4dec854e885a45c2faf2372a2862e19825f11946b22,DefineEditText,,,none; machine census only; no renderer export,machine-extracted-definition-candidate,owner-provided SWF,container=root; definitionDepth=0; tagOrdinal=990; payloadBytes=39; rawTagPayloadSha256=7476db0670af00cef767c4dec854e885a45c2faf2372a2862e19825f11946b22; exactTagIdentitySha256=37946aa392b10dc77ff4c2070c79b6fe20df5da1b3ea4e2083c571d64c245545; runtime reachability unresolved; placement and bounds unresolved; renderer suitability unresolved
swf-definition-00991,458,,text,source-assets/flash/HELP MATH_ORIGINAL FILES/HELP_COURSES/ELMGR5/L4/FQ/L4FQ02.swf,,,a710647162ef4b76eec94aac024cc5f7cdc946a6f48aa4920f9074c8f926d3a4,DefineEditText,,,none; machine census only; no renderer export,machine-extracted-definition-candidate,owner-provided SWF,container=root; definitionDepth=0; tagOrdinal=991; payloadBytes=39; rawTagPayloadSha256=a710647162ef4b76eec94aac024cc5f7cdc946a6f48aa4920f9074c8f926d3a4; exactTagIdentitySha256=e234c7f0189b89fb1294f0ab80e1d0d0dd525e827785301b192231a0a4cc4b20; runtime reachability unresolved; placement and bounds unresolved; renderer suitability unresolved
swf-definition-00992,459,,text,source-assets/flash/HELP MATH_ORIGINAL FILES/HELP_COURSES/ELMGR5/L4/FQ/L4FQ02.swf,,,6d9b509e96678c4df4fec22df5b01bf0d5565e799f9f2f558f0d8bcd176a5210,DefineEditText,,,none; machine census only; no renderer export,machine-extracted-definition-candidate,owner-provided SWF,container=root; definitionDepth=0; tagOrdinal=992; payloadBytes=39; rawTagPayloadSha256=6d9b509e96678c4df4fec22df5b01bf0d5565e799f9f2f558f0d8bcd176a5210; exactTagIdentitySha256=f84ee3eb34775181000592bd1fbd592bc5f19c94459da5ad74f05afc55803008; runtime reachability unresolved; placement and bounds unresolved; renderer suitability unresolved
swf-definition-00993,460,,shape,source-assets/flash/HELP MATH_ORIGINAL FILES/HELP_COURSES/ELMGR5/L4/FQ/L4FQ02.swf,,,2806275e21f1433581b3acab5b4bb87447376ee364b3d40ad30481acc8b1f7e1,DefineShape,,,none; machine census only; no renderer export,machine-extracted-definition-candidate,owner-provided SWF,container=root; definitionDepth=0; tagOrdinal=993; payloadBytes=26; rawTagPayloadSha256=2806275e21f1433581b3acab5b4bb87447376ee364b3d40ad30481acc8b1f7e1; exactTagIdentitySha256=90f246bd380d637a953dbca44610368ad04417460f0c3a21dc2e7038ca34b481; runtime reachability unresolved; placement and bounds unresolved; renderer suitability unresolved
swf-definition-00994,461,,text,source-assets/flash/HELP MATH_ORIGINAL FILES/HELP_COURSES/ELMGR5/L4/FQ/L4FQ02.swf,,,ae32c5ed7660171fcd4dbd0db78f3590965b9883df89dc2ce994f87d78b23ccb,DefineEditText,,,none; machine census only; no renderer export,machine-extracted-definition-candidate,owner-provided SWF,container=root; definitionDepth=0; tagOrdinal=994; payloadBytes=37; rawTagPayloadSha256=ae32c5ed7660171fcd4dbd0db78f3590965b9883df89dc2ce994f87d78b23ccb; exactTagIdentitySha256=5548e60b12283c1013edbaf520da214dc43140ddf26a396fd03edb8eb60acfff; runtime reachability unresolved; placement and bounds unresolved; renderer suitability unresolved
swf-definition-00995,462,,text,source-assets/flash/HELP MATH_ORIGINAL FILES/HELP_COURSES/ELMGR5/L4/FQ/L4FQ02.swf,,,1f10ac0c71ae43bcc30e7cf5dadbc6611d2d045ec910749dda3f03d49fb51872,DefineEditText,,,none; machine census only; no renderer export,machine-extracted-definition-candidate,owner-provided SWF,container=root; definitionDepth=0; tagOrdinal=995; payloadBytes=33; rawTagPayloadSha256=1f10ac0c71ae43bcc30e7cf5dadbc6611d2d045ec910749dda3f03d49fb51872; exactTagIdentitySha256=c534906169c0ab92c3170c552b2a53b387caee88b0efb729fc077cb8703bf8a6; runtime reachability unresolved; placement and bounds unresolved; renderer suitability unresolved
swf-definition-00996,463,,text,source-assets/flash/HELP MATH_ORIGINAL FILES/HELP_COURSES/ELMGR5/L4/FQ/L4FQ02.swf,,,0a4039689d935f912e100c4d128dc0a2d8212304b1b4156c9a6bd8ae0093751a,DefineEditText,,,none; machine census only; no renderer export,machine-extracted-definition-candidate,owner-provided SWF,container=root; definitionDepth=0; tagOrdinal=996; payloadBytes=31; rawTagPayloadSha256=0a4039689d935f912e100c4d128dc0a2d8212304b1b4156c9a6bd8ae0093751a; exactTagIdentitySha256=d9a5df29a1e53e7b83fc3a33c6d5a517f9ddbbc65421aa72932c5f70e4fc49d7; runtime reachability unresolved; placement and bounds unresolved; renderer suitability unresolved
swf-definition-00997,464,,text,source-assets/flash/HELP MATH_ORIGINAL FILES/HELP_COURSES/ELMGR5/L4/FQ/L4FQ02.swf,,,5095f4f079b918c096c121c3a3a462254846df3491cc10ccc08119fb24c527ee,DefineEditText,,,none; machine census only; no renderer export,machine-extracted-definition-candidate,owner-provided SWF,container=root; definitionDepth=0; tagOrdinal=997; payloadBytes=31; rawTagPayloadSha256=5095f4f079b918c096c121c3a3a462254846df3491cc10ccc08119fb24c527ee; exactTagIdentitySha256=9c395b822d890511e16163e0128c01867f7327bc30c16a6b0ba418ee9fcfce08; runtime reachability unresolved; placement and bounds unresolved; renderer suitability unresolved
swf-definition-00998,465,,sprite,source-assets/flash/HELP MATH_ORIGINAL FILES/HELP_COURSES/ELMGR5/L4/FQ/L4FQ02.swf,,,c0e631acd235134eaa61d98b71cd6063012db299600e7e27516ccbcb8741062e,DefineSprite,,,none; machine census only; no renderer export,machine-extracted-definition-candidate,owner-provided SWF,container=root; definitionDepth=0; tagOrdinal=998; payloadBytes=19; rawTagPayloadSha256=c0e631acd235134eaa61d98b71cd6063012db299600e7e27516ccbcb8741062e; exactTagIdentitySha256=e9ca8dd96d4fc3a8aaf494c4312a58592effbfc25161558514215665612c8ece; declaredFrameCount=1; runtime reachability unresolved; placement and bounds unresolved; renderer suitability unresolved
swf-definition-01002,466,,sprite,source-assets/flash/HELP MATH_ORIGINAL FILES/HELP_COURSES/ELMGR5/L4/FQ/L4FQ02.swf,,,9289ee8ee4c13fbe7e3520021f1524caa8a87b53713537a75f2e2cc785145ce6,DefineSprite,,,none; machine census only; no renderer export,machine-extracted-definition-candidate,owner-provided SWF,container=root; definitionDepth=0; tagOrdinal=1002; payloadBytes=19; rawTagPayloadSha256=9289ee8ee4c13fbe7e3520021f1524caa8a87b53713537a75f2e2cc785145ce6; exactTagIdentitySha256=7128de2e9b84705769049952c08ff3c9b913985ad38a2b96dbacc547746231d9; declaredFrameCount=1; runtime reachability unresolved; placement and bounds unresolved; renderer suitability unresolved
swf-definition-01006,467,,shape,source-assets/flash/HELP MATH_ORIGINAL FILES/HELP_COURSES/ELMGR5/L4/FQ/L4FQ02.swf,,,1e797f86e2dbc120812edbb119cf078b8db9ef6236ea84c75f26f4c88154b88a,DefineShape3,,,none; machine census only; no renderer export,machine-extracted-definition-candidate,owner-provided SWF,container=root; definitionDepth=0; tagOrdinal=1006; payloadBytes=462; rawTagPayloadSha256=1e797f86e2dbc120812edbb119cf078b8db9ef6236ea84c75f26f4c88154b88a; exactTagIdentitySha256=962847b2d1e5848a23418da505c1183f230e745ed3f6ab1759327bfd18d0ef7f; runtime reachability unresolved; placement and bounds unresolved; renderer suitability unresolved
swf-definition-01007,468,,shape,source-assets/flash/HELP MATH_ORIGINAL FILES/HELP_COURSES/ELMGR5/L4/FQ/L4FQ02.swf,,,a644a541fd54de4afa72a935e3bbc1dfc33e239a33ed2c260f81ec32c405d9d6,DefineShape3,,,none; machine census only; no renderer export,machine-extracted-definition-candidate,owner-provided SWF,container=root; definitionDepth=0; tagOrdinal=1007; payloadBytes=462; rawTagPayloadSha256=a644a541fd54de4afa72a935e3bbc1dfc33e239a33ed2c260f81ec32c405d9d6; exactTagIdentitySha256=6a60e64be3c395e061972462311198df19e9d219ce9befe1449fbb6eee0aa515; runtime reachability unresolved; placement and bounds unresolved; renderer suitability unresolved
swf-definition-01008,469,,sprite,source-assets/flash/HELP MATH_ORIGINAL FILES/HELP_COURSES/ELMGR5/L4/FQ/L4FQ02.swf,,,dc9155522c8473fdf47fae0bc4707107d7c4996d35f6ba3173f2458b22721608,DefineSprite,,,none; machine census only; no renderer export,machine-extracted-definition-candidate,owner-provided SWF,container=root; definitionDepth=0; tagOrdinal=1008; payloadBytes=19; rawTagPayloadSha256=dc9155522c8473fdf47fae0bc4707107d7c4996d35f6ba3173f2458b22721608; exactTagIdentitySha256=d755b8e8d11745fd63609f9337901ade1eaaf2beee1256154b4153f36f7140b2; declaredFrameCount=1; runtime reachability unresolved; placement and bounds unresolved; renderer suitability unresolved
swf-definition-01012,470,,sprite,source-assets/flash/HELP MATH_ORIGINAL FILES/HELP_COURSES/ELMGR5/L4/FQ/L4FQ02.swf,,,e60efa158436cb13795d83863541f0ea234425ae0731eb7e1daba4e32fab756f,DefineSprite,,,none; machine census only; no renderer export,machine-extracted-definition-candidate,owner-provided SWF,container=root; definitionDepth=0; tagOrdinal=1012; payloadBytes=19; rawTagPayloadSha256=e60efa158436cb13795d83863541f0ea234425ae0731eb7e1daba4e32fab756f; exactTagIdentitySha256=6747b348b9cc3bfc1fd2bc0b628073a57624e154beace26a5b17609646a273bd; declaredFrameCount=1; runtime reachability unresolved; placement and bounds unresolved; renderer suitability unresolved
swf-definition-01016,471,,text,source-assets/flash/HELP MATH_ORIGINAL FILES/HELP_COURSES/ELMGR5/L4/FQ/L4FQ02.swf,,,787905105cf37194ea001287ebc12b334433eaa38985aa8497ce3e2f5867a98d,DefineEditText,,,none; machine census only; no renderer export,machine-extracted-definition-candidate,owner-provided SWF,container=root; definitionDepth=0; tagOrdinal=1016; payloadBytes=39; rawTagPayloadSha256=787905105cf37194ea001287ebc12b334433eaa38985aa8497ce3e2f5867a98d; exactTagIdentitySha256=72c77f249036ebf9b14b01a048999ab4f1fc95dad0c25ab85ca4bbcf3e42216f; runtime reachability unresolved; placement and bounds unresolved; renderer suitability unresolved
swf-definition-01017,472,,text,source-assets/flash/HELP MATH_ORIGINAL FILES/HELP_COURSES/ELMGR5/L4/FQ/L4FQ02.swf,,,da9c1692cbbb492a76b230da54dde8b6a46d84e24f9c2342d9e22ffef098591c,DefineEditText,,,none; machine census only; no renderer export,machine-extracted-definition-candidate,owner-provided SWF,container=root; definitionDepth=0; tagOrdinal=1017; payloadBytes=39; rawTagPayloadSha256=da9c1692cbbb492a76b230da54dde8b6a46d84e24f9c2342d9e22ffef098591c; exactTagIdentitySha256=87200e71b79ebce4a30b6a5d8b88c3daa38f027e6b5d28a6b17d4e3650e5cf7e; runtime reachability unresolved; placement and bounds unresolved; renderer suitability unresolved
swf-definition-01018,473,,text,source-assets/flash/HELP MATH_ORIGINAL FILES/HELP_COURSES/ELMGR5/L4/FQ/L4FQ02.swf,,,8ec005648c1132a836d972b9555a21a25b21e625455125da2eab1cd3eaecd89f,DefineEditText,,,none; machine census only; no renderer export,machine-extracted-definition-candidate,owner-provided SWF,container=root; definitionDepth=0; tagOrdinal=1018; payloadBytes=39; rawTagPayloadSha256=8ec005648c1132a836d972b9555a21a25b21e625455125da2eab1cd3eaecd89f; exactTagIdentitySha256=c791a92a0799ef8693ee0c983860cfbbc8469a3b892e17dbabf91ca190f9f89a; runtime reachability unresolved; placement and bounds unresolved; renderer suitability unresolved
swf-definition-01019,474,,text,source-assets/flash/HELP MATH_ORIGINAL FILES/HELP_COURSES/ELMGR5/L4/FQ/L4FQ02.swf,,,c226b5597d13515f96e11ba88d1dfcc8a42eccdc561b24211087c50f43e5ae82,DefineEditText,,,none; machine census only; no renderer export,machine-extracted-definition-candidate,owner-provided SWF,container=root; definitionDepth=0; tagOrdinal=1019; payloadBytes=39; rawTagPayloadSha256=c226b5597d13515f96e11ba88d1dfcc8a42eccdc561b24211087c50f43e5ae82; exactTagIdentitySha256=e63201528523383a561df69b74082ddd0a806cfc887afa6b3d122eacd21336a7; runtime reachability unresolved; placement and bounds unresolved; renderer suitability unresolved
swf-definition-01020,475,,text,source-assets/flash/HELP MATH_ORIGINAL FILES/HELP_COURSES/ELMGR5/L4/FQ/L4FQ02.swf,,,7c07fa88df963f1a1cf18a9342dca3e96fde7e05d8ce61415e43cd37dba5f669,DefineEditText,,,none; machine census only; no renderer export,machine-extracted-definition-candidate,owner-provided SWF,container=root; definitionDepth=0; tagOrdinal=1020; payloadBytes=37; rawTagPayloadSha256=7c07fa88df963f1a1cf18a9342dca3e96fde7e05d8ce61415e43cd37dba5f669; exactTagIdentitySha256=1c0401d10697955bc4086b295d37942e756b21b62561090a4ecb8992e49f4cd6; runtime reachability unresolved; placement and bounds unresolved; renderer suitability unresolved
swf-definition-01021,476,,text,source-assets/flash/HELP MATH_ORIGINAL FILES/HELP_COURSES/ELMGR5/L4/FQ/L4FQ02.swf,,,a9a8e96626b9902b432759b95e9a8b3af71b45e55cfc4650014426f5bdf02384,DefineEditText,,,none; machine census only; no renderer export,machine-extracted-definition-candidate,owner-provided SWF,container=root; definitionDepth=0; tagOrdinal=1021; payloadBytes=33; rawTagPayloadSha256=a9a8e96626b9902b432759b95e9a8b3af71b45e55cfc4650014426f5bdf02384; exactTagIdentitySha256=4e2f9dc01b81d91e81a04a6836eb49525887b930693d74a453297637263b4b9d; runtime reachability unresolved; placement and bounds unresolved; renderer suitability unresolved
swf-definition-01022,477,,text,source-assets/flash/HELP MATH_ORIGINAL FILES/HELP_COURSES/ELMGR5/L4/FQ/L4FQ02.swf,,,00464f3e05ea9b50575ac4f4d8cc2e1cf1468ca0b86d176fa926f672cf9ebbef,DefineEditText,,,none; machine census only; no renderer export,machine-extracted-definition-candidate,owner-provided SWF,container=root; definitionDepth=0; tagOrdinal=1022; payloadBytes=31; rawTagPayloadSha256=00464f3e05ea9b50575ac4f4d8cc2e1cf1468ca0b86d176fa926f672cf9ebbef; exactTagIdentitySha256=b63374cfc07b1c1f2050505bb54ff4a0726b551bd269a88773a05ad4531ebef5; runtime reachability unresolved; placement and bounds unresolved; renderer suitability unresolved
swf-definition-01023,478,,text,source-assets/flash/HELP MATH_ORIGINAL FILES/HELP_COURSES/ELMGR5/L4/FQ/L4FQ02.swf,,,e119d26ccceab23fdf9f2889a438c5f43967b46166e637cff3b7195134c60db3,DefineEditText,,,none; machine census only; no renderer export,machine-extracted-definition-candidate,owner-provided SWF,container=root; definitionDepth=0; tagOrdinal=1023; payloadBytes=31; rawTagPayloadSha256=e119d26ccceab23fdf9f2889a438c5f43967b46166e637cff3b7195134c60db3; exactTagIdentitySha256=828864639e27764aca0abb760a54cce5a4cf96fd26ddc8e2a189d22509626c5d; runtime reachability unresolved; placement and bounds unresolved; renderer suitability unresolved
swf-definition-01024,479,,shape,source-assets/flash/HELP MATH_ORIGINAL FILES/HELP_COURSES/ELMGR5/L4/FQ/L4FQ02.swf,,,e6ed0b743850f33fc8bfda87e437f6b752508a25737b2dde07c2b546062804c4,DefineShape,,,none; machine census only; no renderer export,machine-extracted-definition-candidate,owner-provided SWF,container=root; definitionDepth=0; tagOrdinal=1024; payloadBytes=25; rawTagPayloadSha256=e6ed0b743850f33fc8bfda87e437f6b752508a25737b2dde07c2b546062804c4; exactTagIdentitySha256=8cce4a314a086f999104cc5ad3e78956034034d180a19a7b405571ed807c63c8; runtime reachability unresolved; placement and bounds unresolved; renderer suitability unresolved
swf-definition-01025,480,,text,source-assets/flash/HELP MATH_ORIGINAL FILES/HELP_COURSES/ELMGR5/L4/FQ/L4FQ02.swf,,,b1b674e23ae8c403f1c62c26488c5a0897de1c67ae3b213affff7f630ba5b586,DefineText,,,none; machine census only; no renderer export,machine-extracted-definition-candidate,owner-provided SWF,container=root; definitionDepth=0; tagOrdinal=1025; payloadBytes=34; rawTagPayloadSha256=b1b674e23ae8c403f1c62c26488c5a0897de1c67ae3b213affff7f630ba5b586; exactTagIdentitySha256=2bae4f66644eb29dd206633e12603dac8ccd57739856d473c9720ebefe23eca5; runtime reachability unresolved; placement and bounds unresolved; renderer suitability unresolved
swf-definition-01026,481,,sprite,source-assets/flash/HELP MATH_ORIGINAL FILES/HELP_COURSES/ELMGR5/L4/FQ/L4FQ02.swf,,,b6644bb29b39d112fe9ddc27833ab7d4d14c9c89b4218ac723265d07b99d8cea,DefineSprite,,,none; machine census only; no renderer export,machine-extracted-definition-candidate,owner-provided SWF,container=root; definitionDepth=0; tagOrdinal=1026; payloadBytes=27; rawTagPayloadSha256=b6644bb29b39d112fe9ddc27833ab7d4d14c9c89b4218ac723265d07b99d8cea; exactTagIdentitySha256=aabcebb7deef1032e948d4de88f3d9894b885ac05bf6160bc8daffb9586a6230; declaredFrameCount=1; runtime reachability unresolved; placement and bounds unresolved; renderer suitability unresolved
swf-definition-01031,482,,shape,source-assets/flash/HELP MATH_ORIGINAL FILES/HELP_COURSES/ELMGR5/L4/FQ/L4FQ02.swf,,,d0183175884a4d995f5190bf45f580c174d79ea426ea23e4d976ac93cd49b219,DefineShape,,,none; machine census only; no renderer export,machine-extracted-definition-candidate,owner-provided SWF,container=root; definitionDepth=0; tagOrdinal=1031; payloadBytes=25; rawTagPayloadSha256=d0183175884a4d995f5190bf45f580c174d79ea426ea23e4d976ac93cd49b219; exactTagIdentitySha256=45baa740b8b5d8bcabb4815356dedb5c60751f78fcaacc478dd07e28776d5705; runtime reachability unresolved; placement and bounds unresolved; renderer suitability unresolved
swf-definition-01032,483,,sprite,source-assets/flash/HELP MATH_ORIGINAL FILES/HELP_COURSES/ELMGR5/L4/FQ/L4FQ02.swf,,,bc2589f0b4e6fa7ad24eefaeae83309455a08bae4e642276499fe49a721f0589,DefineSprite,,,none; machine census only; no renderer export,machine-extracted-definition-candidate,owner-provided SWF,container=root; definitionDepth=0; tagOrdinal=1032; payloadBytes=27; rawTagPayloadSha256=bc2589f0b4e6fa7ad24eefaeae83309455a08bae4e642276499fe49a721f0589; exactTagIdentitySha256=2eab021490852bb73ecd14273c9392e1f42d4c17bbe23e72cc519bfcabb14392; declaredFrameCount=1; runtime reachability unresolved; placement and bounds unresolved; renderer suitability unresolved
swf-definition-01037,484,,shape,source-assets/flash/HELP MATH_ORIGINAL FILES/HELP_COURSES/ELMGR5/L4/FQ/L4FQ02.swf,,,76a0bdab080fb61a0215a2d0834c2c9067d8e73bfee853de11dc7cf9517bebcb,DefineShape3,,,none; machine census only; no renderer export,machine-extracted-definition-candidate,owner-provided SWF,container=root; definitionDepth=0; tagOrdinal=1037; payloadBytes=462; rawTagPayloadSha256=76a0bdab080fb61a0215a2d0834c2c9067d8e73bfee853de11dc7cf9517bebcb; exactTagIdentitySha256=e133198c528e611bf86bb307b3d8c1d6324badab9f7c424c917a41f663fbdcaf; runtime reachability unresolved; placement and bounds unresolved; renderer suitability unresolved
swf-definition-01038,485,,shape,source-assets/flash/HELP MATH_ORIGINAL FILES/HELP_COURSES/ELMGR5/L4/FQ/L4FQ02.swf,,,d39d371b9d35b07708137737498c3e3f342a87ac303403775cd45f22a0dcedcb,DefineShape3,,,none; machine census only; no renderer export,machine-extracted-definition-candidate,owner-provided SWF,container=root; definitionDepth=0; tagOrdinal=1038; payloadBytes=462; rawTagPayloadSha256=d39d371b9d35b07708137737498c3e3f342a87ac303403775cd45f22a0dcedcb; exactTagIdentitySha256=d4530bb91417f6495e46077bfe45318c01289666c49346356554e2a02ec8431b; runtime reachability unresolved; placement and bounds unresolved; renderer suitability unresolved
swf-definition-01039,486,,shape,source-assets/flash/HELP MATH_ORIGINAL FILES/HELP_COURSES/ELMGR5/L4/FQ/L4FQ02.swf,,,1bb30474d3f2b3225ce5571697f0c6cbf4c027d18f2dbb2fa5a8093fd11de31e,DefineShape,,,none; machine census only; no renderer export,machine-extracted-definition-candidate,owner-provided SWF,container=root; definitionDepth=0; tagOrdinal=1039; payloadBytes=25; rawTagPayloadSha256=1bb30474d3f2b3225ce5571697f0c6cbf4c027d18f2dbb2fa5a8093fd11de31e; exactTagIdentitySha256=004d71839f213297a10536233a3f8edb31fafeb7f6e185543f773d489b43e0b5; runtime reachability unresolved; placement and bounds unresolved; renderer suitability unresolved
swf-definition-01040,487,,text,source-assets/flash/HELP MATH_ORIGINAL FILES/HELP_COURSES/ELMGR5/L4/FQ/L4FQ02.swf,,,72575b71813a1ebacebbdd163b9da1fbdcc31ff4b46867bf14e286ab9f6d31b1,DefineText,,,none; machine census only; no renderer export,machine-extracted-definition-candidate,owner-provided SWF,container=root; definitionDepth=0; tagOrdinal=1040; payloadBytes=34; rawTagPayloadSha256=72575b71813a1ebacebbdd163b9da1fbdcc31ff4b46867bf14e286ab9f6d31b1; exactTagIdentitySha256=0fd22faffa4dc558835daebb235da4b2d81180f8e00677432f19c23eb56a4320; runtime reachability unresolved; placement and bounds unresolved; renderer suitability unresolved
swf-definition-01041,488,,sprite,source-assets/flash/HELP MATH_ORIGINAL FILES/HELP_COURSES/ELMGR5/L4/FQ/L4FQ02.swf,,,3798405bc7a488f8379a4067a215ffe6c6c3d822defb0258e24686c0cc87eca6,DefineSprite,,,none; machine census only; no renderer export,machine-extracted-definition-candidate,owner-provided SWF,container=root; definitionDepth=0; tagOrdinal=1041; payloadBytes=27; rawTagPayloadSha256=3798405bc7a488f8379a4067a215ffe6c6c3d822defb0258e24686c0cc87eca6; exactTagIdentitySha256=f02ce0b4bab48a54bc2f3d4b941e0cbeeed036de83169a9f1451eb8ef53a77c4; declaredFrameCount=1; runtime reachability unresolved; placement and bounds unresolved; renderer suitability unresolved
swf-definition-01046,489,,shape,source-assets/flash/HELP MATH_ORIGINAL FILES/HELP_COURSES/ELMGR5/L4/FQ/L4FQ02.swf,,,3a705d772838ccf447ae26ed92a4a01d38ab8abf112a8998960b743e4e43a91f,DefineShape,,,none; machine census only; no renderer export,machine-extracted-definition-candidate,owner-provided SWF,container=root; definitionDepth=0; tagOrdinal=1046; payloadBytes=25; rawTagPayloadSha256=3a705d772838ccf447ae26ed92a4a01d38ab8abf112a8998960b743e4e43a91f; exactTagIdentitySha256=b59be440653bbac329ba2be03f6f7f40381a5fae633d8bd399f24784f02a18f9; runtime reachability unresolved; placement and bounds unresolved; renderer suitability unresolved
swf-definition-01047,490,,text,source-assets/flash/HELP MATH_ORIGINAL FILES/HELP_COURSES/ELMGR5/L4/FQ/L4FQ02.swf,,,dea718ebda24a7f014f5bfdc383474376fff65a2f3ea421a44c4f204e40fc58a,DefineText,,,none; machine census only; no renderer export,machine-extracted-definition-candidate,owner-provided SWF,container=root; definitionDepth=0; tagOrdinal=1047; payloadBytes=34; rawTagPayloadSha256=dea718ebda24a7f014f5bfdc383474376fff65a2f3ea421a44c4f204e40fc58a; exactTagIdentitySha256=330aefa26c72201d8a8e60a521f112593ed25d63d49bed2ccbc5fbfa67c3477a; runtime reachability unresolved; placement and bounds unresolved; renderer suitability unresolved
swf-definition-01048,491,,sprite,source-assets/flash/HELP MATH_ORIGINAL FILES/HELP_COURSES/ELMGR5/L4/FQ/L4FQ02.swf,,,185e067c515cb5dafa176c9b9076908aef6302aacab8aaa25332c0580cef6676,DefineSprite,,,none; machine census only; no renderer export,machine-extracted-definition-candidate,owner-provided SWF,container=root; definitionDepth=0; tagOrdinal=1048; payloadBytes=27; rawTagPayloadSha256=185e067c515cb5dafa176c9b9076908aef6302aacab8aaa25332c0580cef6676; exactTagIdentitySha256=e0751773f8dcb6b77bc11d92cc53a3c3a06c44c75e4e2b4ba9eaad9d7d93714d; declaredFrameCount=1; runtime reachability unresolved; placement and bounds unresolved; renderer suitability unresolved
swf-definition-01053,492,,text,source-assets/flash/HELP MATH_ORIGINAL FILES/HELP_COURSES/ELMGR5/L4/FQ/L4FQ02.swf,,,20a8513b13c11351a2f79fa45817694ac875e65de7f77e41e1d7ca48bc08c2a3,DefineEditText,,,none; machine census only; no renderer export,machine-extracted-definition-candidate,owner-provided SWF,container=root; definitionDepth=0; tagOrdinal=1053; payloadBytes=39; rawTagPayloadSha256=20a8513b13c11351a2f79fa45817694ac875e65de7f77e41e1d7ca48bc08c2a3; exactTagIdentitySha256=61aa6f4801188fcb4e0204a95f0c7b0244d0bc83377a7543e7535c177a9f05ca; runtime reachability unresolved; placement and bounds unresolved; renderer suitability unresolved
swf-definition-01054,493,,text,source-assets/flash/HELP MATH_ORIGINAL FILES/HELP_COURSES/ELMGR5/L4/FQ/L4FQ02.swf,,,1173e3814e543a9e06492909d4667245315ea8ad71166df523cf6ea31953775d,DefineEditText,,,none; machine census only; no renderer export,machine-extracted-definition-candidate,owner-provided SWF,container=root; definitionDepth=0; tagOrdinal=1054; payloadBytes=39; rawTagPayloadSha256=1173e3814e543a9e06492909d4667245315ea8ad71166df523cf6ea31953775d; exactTagIdentitySha256=d476e16294d92f83a07008b11ec3e41885f8cac9ccd85cd986c1b9f78770bad1; runtime reachability unresolved; placement and bounds unresolved; renderer suitability unresolved
swf-definition-01055,494,,text,source-assets/flash/HELP MATH_ORIGINAL FILES/HELP_COURSES/ELMGR5/L4/FQ/L4FQ02.swf,,,e234104ae2376aab5b5515d16ae5da8f474a21b221750f355db3ef14db372df9,DefineEditText,,,none; machine census only; no renderer export,machine-extracted-definition-candidate,owner-provided SWF,container=root; definitionDepth=0; tagOrdinal=1055; payloadBytes=39; rawTagPayloadSha256=e234104ae2376aab5b5515d16ae5da8f474a21b221750f355db3ef14db372df9; exactTagIdentitySha256=1df4325865dd6cbe03090cbfce7cab93fa63de1d8a7e9969cf8bd293b6faa957; runtime reachability unresolved; placement and bounds unresolved; renderer suitability unresolved
swf-definition-01056,495,,text,source-assets/flash/HELP MATH_ORIGINAL FILES/HELP_COURSES/ELMGR5/L4/FQ/L4FQ02.swf,,,9af40602b1361f0e738d680be20482dfd4954f23192bf0ef7db9ae23f2a01b05,DefineEditText,,,none; machine census only; no renderer export,machine-extracted-definition-candidate,owner-provided SWF,container=root; definitionDepth=0; tagOrdinal=1056; payloadBytes=39; rawTagPayloadSha256=9af40602b1361f0e738d680be20482dfd4954f23192bf0ef7db9ae23f2a01b05; exactTagIdentitySha256=e1b0c5d6b35fd8a177fe04f66c54bb82640d6b4287fc56b5a1b6305f604343e1; runtime reachability unresolved; placement and bounds unresolved; renderer suitability unresolved
swf-definition-01057,496,,shape,source-assets/flash/HELP MATH_ORIGINAL FILES/HELP_COURSES/ELMGR5/L4/FQ/L4FQ02.swf,,,233d0933ed5af6206c4ea703c97c8c37f0f5e0b9ef7bcd16b8efbeed4675a3eb,DefineShape,,,none; machine census only; no renderer export,machine-extracted-definition-candidate,owner-provided SWF,container=root; definitionDepth=0; tagOrdinal=1057; payloadBytes=26; rawTagPayloadSha256=233d0933ed5af6206c4ea703c97c8c37f0f5e0b9ef7bcd16b8efbeed4675a3eb; exactTagIdentitySha256=744fa3773d370acffc4f7495860211bebcf304a1e0f54ae15bf035ea5c546f27; runtime reachability unresolved; placement and bounds unresolved; renderer suitability unresolved
swf-definition-01058,497,,text,source-assets/flash/HELP MATH_ORIGINAL FILES/HELP_COURSES/ELMGR5/L4/FQ/L4FQ02.swf,,,8fe6b74581440c16687b99f43fe69f58d47c390eaea22236b582271ff7f4472e,DefineEditText,,,none; machine census only; no renderer export,machine-extracted-definition-candidate,owner-provided SWF,container=root; definitionDepth=0; tagOrdinal=1058; payloadBytes=37; rawTagPayloadSha256=8fe6b74581440c16687b99f43fe69f58d47c390eaea22236b582271ff7f4472e; exactTagIdentitySha256=20856e32bc5af5a333e8f599cf0945722a1385f4d218ce18ab58d517c859f373; runtime reachability unresolved; placement and bounds unresolved; renderer suitability unresolved
swf-definition-01059,498,,text,source-assets/flash/HELP MATH_ORIGINAL FILES/HELP_COURSES/ELMGR5/L4/FQ/L4FQ02.swf,,,eababb5d0be93dcb60cc5c51d0905e9d1a6ae3595f5a6ef64ce5b68307028464,DefineEditText,,,none; machine census only; no renderer export,machine-extracted-definition-candidate,owner-provided SWF,container=root; definitionDepth=0; tagOrdinal=1059; payloadBytes=33; rawTagPayloadSha256=eababb5d0be93dcb60cc5c51d0905e9d1a6ae3595f5a6ef64ce5b68307028464; exactTagIdentitySha256=5f01fd64644c26e2b5db3d8f1d08b20127455d21d583f02ddffb6bfcc51a53f8; runtime reachability unresolved; placement and bounds unresolved; renderer suitability unresolved
swf-definition-01060,499,,text,source-assets/flash/HELP MATH_ORIGINAL FILES/HELP_COURSES/ELMGR5/L4/FQ/L4FQ02.swf,,,83dd878d43eef423deb859098a7f28cb827e63e2f6bf9abef2733832478a5873,DefineEditText,,,none; machine census only; no renderer export,machine-extracted-definition-candidate,owner-provided SWF,container=root; definitionDepth=0; tagOrdinal=1060; payloadBytes=31; rawTagPayloadSha256=83dd878d43eef423deb859098a7f28cb827e63e2f6bf9abef2733832478a5873; exactTagIdentitySha256=57689dc8838878136321d683a2e59693e03a8adddef0004518c9ab11f2d43417; runtime reachability unresolved; placement and bounds unresolved; renderer suitability unresolved
swf-definition-01061,500,,text,source-assets/flash/HELP MATH_ORIGINAL FILES/HELP_COURSES/ELMGR5/L4/FQ/L4FQ02.swf,,,c6880f0273eeafac3a07a84785195471ff045f076035da82a2c62886debd6249,DefineEditText,,,none; machine census only; no renderer export,machine-extracted-definition-candidate,owner-provided SWF,container=root; definitionDepth=0; tagOrdinal=1061; payloadBytes=31; rawTagPayloadSha256=c6880f0273eeafac3a07a84785195471ff045f076035da82a2c62886debd6249; exactTagIdentitySha256=75d5defe02d06f9465e4809e12731a87cf697027f4b700a475456139a78e58fd; runtime reachability unresolved; placement and bounds unresolved; renderer suitability unresolved
swf-definition-01062,501,,sprite,source-assets/flash/HELP MATH_ORIGINAL FILES/HELP_COURSES/ELMGR5/L4/FQ/L4FQ02.swf,,,ba7bcdd3a44124760ad5c3a6d22a12c05338a0c02fa9e6939dee5a8a02ebe387,DefineSprite,,,none; machine census only; no renderer export,machine-extracted-definition-candidate,owner-provided SWF,container=root; definitionDepth=0; tagOrdinal=1062; payloadBytes=19; rawTagPayloadSha256=ba7bcdd3a44124760ad5c3a6d22a12c05338a0c02fa9e6939dee5a8a02ebe387; exactTagIdentitySha256=85306724fbd585fd6eeeda3265ff10552206efcb30d48953e51f833f879d55c5; declaredFrameCount=1; runtime reachability unresolved; placement and bounds unresolved; renderer suitability unresolved
swf-definition-01066,502,,sprite,source-assets/flash/HELP MATH_ORIGINAL FILES/HELP_COURSES/ELMGR5/L4/FQ/L4FQ02.swf,,,24b6b2c890bc8916010a19aab35dda455bb5bb3de91650a656ed4663e79874f7,DefineSprite,,,none; machine census only; no renderer export,machine-extracted-definition-candidate,owner-provided SWF,container=root; definitionDepth=0; tagOrdinal=1066; payloadBytes=19; rawTagPayloadSha256=24b6b2c890bc8916010a19aab35dda455bb5bb3de91650a656ed4663e79874f7; exactTagIdentitySha256=fd729892c8436a0e7aad52bef3b03c8518d2ff75cd72000fba0919d69c722591; declaredFrameCount=1; runtime reachability unresolved; placement and bounds unresolved; renderer suitability unresolved
swf-definition-01070,503,,shape,source-assets/flash/HELP MATH_ORIGINAL FILES/HELP_COURSES/ELMGR5/L4/FQ/L4FQ02.swf,,,df7c9940c728df6ec3a20be7b88f5de4435eeb018770a4225b4357adfed419bf,DefineShape3,,,none; machine census only; no renderer export,machine-extracted-definition-candidate,owner-provided SWF,container=root; definitionDepth=0; tagOrdinal=1070; payloadBytes=462; rawTagPayloadSha256=df7c9940c728df6ec3a20be7b88f5de4435eeb018770a4225b4357adfed419bf; exactTagIdentitySha256=412960ace36ce7b54c3ac60278fb4ca57393df8c8351b397a5b8ee6350bda609; runtime reachability unresolved; placement and bounds unresolved; renderer suitability unresolved
swf-definition-01071,504,,shape,source-assets/flash/HELP MATH_ORIGINAL FILES/HELP_COURSES/ELMGR5/L4/FQ/L4FQ02.swf,,,bb14a6215f136e72faab003b988d4d3df9f33f4e4562c7f9c3e6e0d28f93d891,DefineShape3,,,none; machine census only; no renderer export,machine-extracted-definition-candidate,owner-provided SWF,container=root; definitionDepth=0; tagOrdinal=1071; payloadBytes=462; rawTagPayloadSha256=bb14a6215f136e72faab003b988d4d3df9f33f4e4562c7f9c3e6e0d28f93d891; exactTagIdentitySha256=01a80e6bf86a6adde7e7ff7065995e941dadf6e616590a3ce6a4b4a36ba33aec; runtime reachability unresolved; placement and bounds unresolved; renderer suitability unresolved
swf-definition-01072,505,,sprite,source-assets/flash/HELP MATH_ORIGINAL FILES/HELP_COURSES/ELMGR5/L4/FQ/L4FQ02.swf,,,c21ad9b8c27d737ccb6c3250dc79dbfbf8a4faefd5cbf68c1b68a90d05ec4973,DefineSprite,,,none; machine census only; no renderer export,machine-extracted-definition-candidate,owner-provided SWF,container=root; definitionDepth=0; tagOrdinal=1072; payloadBytes=19; rawTagPayloadSha256=c21ad9b8c27d737ccb6c3250dc79dbfbf8a4faefd5cbf68c1b68a90d05ec4973; exactTagIdentitySha256=a02212f191cccbf27e84f3f8069fbbd0bceae1676c555b15d8ece01fb10d205d; declaredFrameCount=1; runtime reachability unresolved; placement and bounds unresolved; renderer suitability unresolved
swf-definition-01076,506,,sprite,source-assets/flash/HELP MATH_ORIGINAL FILES/HELP_COURSES/ELMGR5/L4/FQ/L4FQ02.swf,,,30b91f6ce6512f04f1ce27ddc43a08556edec56c08ed965bbb5e31bdcdd1f134,DefineSprite,,,none; machine census only; no renderer export,machine-extracted-definition-candidate,owner-provided SWF,container=root; definitionDepth=0; tagOrdinal=1076; payloadBytes=19; rawTagPayloadSha256=30b91f6ce6512f04f1ce27ddc43a08556edec56c08ed965bbb5e31bdcdd1f134; exactTagIdentitySha256=6fc7c5a6e1dcdfabbf32b02769d0fb8642be994fc1c505d95c76e14b7759cbd1; declaredFrameCount=1; runtime reachability unresolved; placement and bounds unresolved; renderer suitability unresolved
swf-definition-01080,507,,text,source-assets/flash/HELP MATH_ORIGINAL FILES/HELP_COURSES/ELMGR5/L4/FQ/L4FQ02.swf,,,cef63e1db4e12a7af319be234ba1f79b60230ca16f02a43301389a1b9a9926ba,DefineEditText,,,none; machine census only; no renderer export,machine-extracted-definition-candidate,owner-provided SWF,container=root; definitionDepth=0; tagOrdinal=1080; payloadBytes=39; rawTagPayloadSha256=cef63e1db4e12a7af319be234ba1f79b60230ca16f02a43301389a1b9a9926ba; exactTagIdentitySha256=485c038117bb0e33e3365b544623d392c8dfca11a32d542b04e7de1843b55c14; runtime reachability unresolved; placement and bounds unresolved; renderer suitability unresolved
swf-definition-01081,508,,text,source-assets/flash/HELP MATH_ORIGINAL FILES/HELP_COURSES/ELMGR5/L4/FQ/L4FQ02.swf,,,13df1418b6150bb2430e7104072ae6f373809abdd878a6b5f04240ee8146299b,DefineEditText,,,none; machine census only; no renderer export,machine-extracted-definition-candidate,owner-provided SWF,container=root; definitionDepth=0; tagOrdinal=1081; payloadBytes=39; rawTagPayloadSha256=13df1418b6150bb2430e7104072ae6f373809abdd878a6b5f04240ee8146299b; exactTagIdentitySha256=5a52fc01449982097bdbe0e77b32ae362f08697b32800595441a1ae94e32b5c1; runtime reachability unresolved; placement and bounds unresolved; renderer suitability unresolved
swf-definition-01082,509,,text,source-assets/flash/HELP MATH_ORIGINAL FILES/HELP_COURSES/ELMGR5/L4/FQ/L4FQ02.swf,,,2cd0d5f002af37f5d3b254f4d9fe699b3a5d55ad279e1a2e6ddb3088c2bf129c,DefineEditText,,,none; machine census only; no renderer export,machine-extracted-definition-candidate,owner-provided SWF,container=root; definitionDepth=0; tagOrdinal=1082; payloadBytes=39; rawTagPayloadSha256=2cd0d5f002af37f5d3b254f4d9fe699b3a5d55ad279e1a2e6ddb3088c2bf129c; exactTagIdentitySha256=b1afeaad331faad29a03aaf46ae2d1ce7a3165f9f14f03e98609d636809b01bc; runtime reachability unresolved; placement and bounds unresolved; renderer suitability unresolved
swf-definition-01083,510,,text,source-assets/flash/HELP MATH_ORIGINAL FILES/HELP_COURSES/ELMGR5/L4/FQ/L4FQ02.swf,,,839cadb31287d2629319559d75e437fe1e01babce7098dcd69602c2b1f57b864,DefineEditText,,,none; machine census only; no renderer export,machine-extracted-definition-candidate,owner-provided SWF,container=root; definitionDepth=0; tagOrdinal=1083; payloadBytes=39; rawTagPayloadSha256=839cadb31287d2629319559d75e437fe1e01babce7098dcd69602c2b1f57b864; exactTagIdentitySha256=828f40ffe63f10dfee8e8ff7c25ed8c757699926285333a5c60176524e19f61b; runtime reachability unresolved; placement and bounds unresolved; renderer suitability unresolved
swf-definition-01084,511,,shape,source-assets/flash/HELP MATH_ORIGINAL FILES/HELP_COURSES/ELMGR5/L4/FQ/L4FQ02.swf,,,6b455cc347759fbd6a4a1b1eb9ff6d8c9ef1fd2042b0b64473d015e6a0c4e246,DefineShape,,,none; machine census only; no renderer export,machine-extracted-definition-candidate,owner-provided SWF,container=root; definitionDepth=0; tagOrdinal=1084; payloadBytes=27; rawTagPayloadSha256=6b455cc347759fbd6a4a1b1eb9ff6d8c9ef1fd2042b0b64473d015e6a0c4e246; exactTagIdentitySha256=be844c9da09ef2b8895c360745444bc50f7bc89b08977daa7e8fc5e746dabf73; runtime reachability unresolved; placement and bounds unresolved; renderer suitability unresolved
swf-definition-01085,512,,text,source-assets/flash/HELP MATH_ORIGINAL FILES/HELP_COURSES/ELMGR5/L4/FQ/L4FQ02.swf,,,646ef61c722974f4ec27fba090eae36918b3ab8abb78336b6e350b940214ebc3,DefineEditText,,,none; machine census only; no renderer export,machine-extracted-definition-candidate,owner-provided SWF,container=root; definitionDepth=0; tagOrdinal=1085; payloadBytes=37; rawTagPayloadSha256=646ef61c722974f4ec27fba090eae36918b3ab8abb78336b6e350b940214ebc3; exactTagIdentitySha256=a2ac3c9efa195f0f44a2067ad877020d5bda3942dd05f0916e591fde0415897a; runtime reachability unresolved; placement and bounds unresolved; renderer suitability unresolved
swf-definition-01086,513,,text,source-assets/flash/HELP MATH_ORIGINAL FILES/HELP_COURSES/ELMGR5/L4/FQ/L4FQ02.swf,,,0002aaf61184391363b9067b64cbbe32596933793cdd15a1d35c1eea55eeb45a,DefineEditText,,,none; machine census only; no renderer export,machine-extracted-definition-candidate,owner-provided SWF,container=root; definitionDepth=0; tagOrdinal=1086; payloadBytes=33; rawTagPayloadSha256=0002aaf61184391363b9067b64cbbe32596933793cdd15a1d35c1eea55eeb45a; exactTagIdentitySha256=d15539800497722f596ba1ef1670c29b29456950185705556ebe27932359569d; runtime reachability unresolved; placement and bounds unresolved; renderer suitability unresolved
swf-definition-01087,514,,text,source-assets/flash/HELP MATH_ORIGINAL FILES/HELP_COURSES/ELMGR5/L4/FQ/L4FQ02.swf,,,91f28bfd85408bd5187b2262bf3fe1fc603321ae5bf5543473a959bb71914f74,DefineEditText,,,none; machine census only; no renderer export,machine-extracted-definition-candidate,owner-provided SWF,container=root; definitionDepth=0; tagOrdinal=1087; payloadBytes=31; rawTagPayloadSha256=91f28bfd85408bd5187b2262bf3fe1fc603321ae5bf5543473a959bb71914f74; exactTagIdentitySha256=8cc5c126e27ccf56a93d467ca271f1099f0bd7fe69741b9b1bef7c21d1aaf95f; runtime reachability unresolved; placement and bounds unresolved; renderer suitability unresolved
swf-definition-01088,515,,text,source-assets/flash/HELP MATH_ORIGINAL FILES/HELP_COURSES/ELMGR5/L4/FQ/L4FQ02.swf,,,3639520b84767c52797a9b3c1708ae216d68320ffcd52f0685909c437253d070,DefineEditText,,,none; machine census only; no renderer export,machine-extracted-definition-candidate,owner-provided SWF,container=root; definitionDepth=0; tagOrdinal=1088; payloadBytes=31; rawTagPayloadSha256=3639520b84767c52797a9b3c1708ae216d68320ffcd52f0685909c437253d070; exactTagIdentitySha256=56eb0c0affc7521a0299276cd96c8e4486722bf65945dd65f5c179aed06cc63f; runtime reachability unresolved; placement and bounds unresolved; renderer suitability unresolved
swf-definition-01089,516,,shape,source-assets/flash/HELP MATH_ORIGINAL FILES/HELP_COURSES/ELMGR5/L4/FQ/L4FQ02.swf,,,95d88c46edd722bd36c51fb8ff7993b370e344a76f5b637c51cb72e2b4a3f85e,DefineShape3,,,none; machine census only; no renderer export,machine-extracted-definition-candidate,owner-provided SWF,container=root; definitionDepth=0; tagOrdinal=1089; payloadBytes=462; rawTagPayloadSha256=95d88c46edd722bd36c51fb8ff7993b370e344a76f5b637c51cb72e2b4a3f85e; exactTagIdentitySha256=e134b05092ac5c332b711a189f0daef860327371e6f8adc1ba1962802770598c; runtime reachability unresolved; placement and bounds unresolved; renderer suitability unresolved
swf-definition-01090,517,,shape,source-assets/flash/HELP MATH_ORIGINAL FILES/HELP_COURSES/ELMGR5/L4/FQ/L4FQ02.swf,,,96f6ef878f427376c4c67163af780c7683ceb6739eba2ede4e57be45e7f573ad,DefineShape3,,,none; machine census only; no renderer export,machine-extracted-definition-candidate,owner-provided SWF,container=root; definitionDepth=0; tagOrdinal=1090; payloadBytes=462; rawTagPayloadSha256=96f6ef878f427376c4c67163af780c7683ceb6739eba2ede4e57be45e7f573ad; exactTagIdentitySha256=9b175c1f17627165b2d82ad329274618b54e386bae3c9b4830ea2a3e3791c0d4; runtime reachability unresolved; placement and bounds unresolved; renderer suitability unresolved
swf-definition-01091,518,,text,source-assets/flash/HELP MATH_ORIGINAL FILES/HELP_COURSES/ELMGR5/L4/FQ/L4FQ02.swf,,,e93adc04df1ca2b410db8a76ba39b5880eab9ecc1f7c0877f12881bd28b16f4f,DefineEditText,,,none; machine census only; no renderer export,machine-extracted-definition-candidate,owner-provided SWF,container=root; definitionDepth=0; tagOrdinal=1091; payloadBytes=39; rawTagPayloadSha256=e93adc04df1ca2b410db8a76ba39b5880eab9ecc1f7c0877f12881bd28b16f4f; exactTagIdentitySha256=67900d2177e09d33218d299dceedf2f0e6f19a0dbfdc8f62d1ac0db962d9bf64; runtime reachability unresolved; placement and bounds unresolved; renderer suitability unresolved
swf-definition-01092,519,,text,source-assets/flash/HELP MATH_ORIGINAL FILES/HELP_COURSES/ELMGR5/L4/FQ/L4FQ02.swf,,,873297d61d2af75ba7fecdd6fde6268a5dc370213a8811b6bf65a5cf8d56d6b2,DefineEditText,,,none; machine census only; no renderer export,machine-extracted-definition-candidate,owner-provided SWF,container=root; definitionDepth=0; tagOrdinal=1092; payloadBytes=39; rawTagPayloadSha256=873297d61d2af75ba7fecdd6fde6268a5dc370213a8811b6bf65a5cf8d56d6b2; exactTagIdentitySha256=53add5f1d258538bcab5f6829ed561ac209c1568bb50768a44d04b8ad554c69f; runtime reachability unresolved; placement and bounds unresolved; renderer suitability unresolved
swf-definition-01093,520,,text,source-assets/flash/HELP MATH_ORIGINAL FILES/HELP_COURSES/ELMGR5/L4/FQ/L4FQ02.swf,,,d909f433d37bfb39ac6776eb20036a9b11760327f9590b716713f62dd752b800,DefineEditText,,,none; machine census only; no renderer export,machine-extracted-definition-candidate,owner-provided SWF,container=root; definitionDepth=0; tagOrdinal=1093; payloadBytes=39; rawTagPayloadSha256=d909f433d37bfb39ac6776eb20036a9b11760327f9590b716713f62dd752b800; exactTagIdentitySha256=1b3e7743f5c2144670fdef11054cb6d58b44b8fc014bb486970d91acae817b90; runtime reachability unresolved; placement and bounds unresolved; renderer suitability unresolved
swf-definition-01094,521,,text,source-assets/flash/HELP MATH_ORIGINAL FILES/HELP_COURSES/ELMGR5/L4/FQ/L4FQ02.swf,,,6e9ed2aae74071aebefff22ee302fac66ebb57d5c79503ea305ff2b10fdc284f,DefineEditText,,,none; machine census only; no renderer export,machine-extracted-definition-candidate,owner-provided SWF,container=root; definitionDepth=0; tagOrdinal=1094; payloadBytes=39; rawTagPayloadSha256=6e9ed2aae74071aebefff22ee302fac66ebb57d5c79503ea305ff2b10fdc284f; exactTagIdentitySha256=39f8f853c528be648619867aa05cb25bb2dc92daf618b6f2b73caf8984515906; runtime reachability unresolved; placement and bounds unresolved; renderer suitability unresolved
swf-definition-01095,522,,sprite,source-assets/flash/HELP MATH_ORIGINAL FILES/HELP_COURSES/ELMGR5/L4/FQ/L4FQ02.swf,,,4494fffa129dc151cb802c642d375a8908f7dd9bed2df6bdcd50a6e0af905dbd,DefineSprite,,,none; machine census only; no renderer export,machine-extracted-definition-candidate,owner-provided SWF,container=root; definitionDepth=0; tagOrdinal=1095; payloadBytes=24; rawTagPayloadSha256=4494fffa129dc151cb802c642d375a8908f7dd9bed2df6bdcd50a6e0af905dbd; exactTagIdentitySha256=32903683bc24896fd768a29b14e545a4139335665add68f723bb847e503682b0; declaredFrameCount=1; runtime reachability unresolved; placement and bounds unresolved; renderer suitability unresolved
swf-definition-01099,523,,sprite,source-assets/flash/HELP MATH_ORIGINAL FILES/HELP_COURSES/ELMGR5/L4/FQ/L4FQ02.swf,,,f730c11894de5f81d1fa6f31a6b411b835e1d9b4827b54263eee58f42e1ef063,DefineSprite,,,none; machine census only; no renderer export,machine-extracted-definition-candidate,owner-provided SWF,container=root; definitionDepth=0; tagOrdinal=1099; payloadBytes=24; rawTagPayloadSha256=f730c11894de5f81d1fa6f31a6b411b835e1d9b4827b54263eee58f42e1ef063; exactTagIdentitySha256=9c01a7bf281f421b480c43fbb251a9ee8200362ad343cf52110298f348e6e498; declaredFrameCount=1; runtime reachability unresolved; placement and bounds unresolved; renderer suitability unresolved
swf-definition-01103,524,,sprite,source-assets/flash/HELP MATH_ORIGINAL FILES/HELP_COURSES/ELMGR5/L4/FQ/L4FQ02.swf,,,2737904a9e2f69e0965711d64e14a2b9f47a26bec5f184b0c912edf9fcf83a34,DefineSprite,,,none; machine census only; no renderer export,machine-extracted-definition-candidate,owner-provided SWF,container=root; definitionDepth=0; tagOrdinal=1103; payloadBytes=24; rawTagPayloadSha256=2737904a9e2f69e0965711d64e14a2b9f47a26bec5f184b0c912edf9fcf83a34; exactTagIdentitySha256=b638d2f41a9ac754b53136645ac390d6b61e9a0c65d9e3cc046a8b89180a7c1c; declaredFrameCount=1; runtime reachability unresolved; placement and bounds unresolved; renderer suitability unresolved
swf-definition-01107,525,,sprite,source-assets/flash/HELP MATH_ORIGINAL FILES/HELP_COURSES/ELMGR5/L4/FQ/L4FQ02.swf,,,e6df75df94d56fe3414de3748f5855d0ae2bde2bafc8b914b0873d1576895e04,DefineSprite,,,none; machine census only; no renderer export,machine-extracted-definition-candidate,owner-provided SWF,container=root; definitionDepth=0; tagOrdinal=1107; payloadBytes=24; rawTagPayloadSha256=e6df75df94d56fe3414de3748f5855d0ae2bde2bafc8b914b0873d1576895e04; exactTagIdentitySha256=ab973763e03672ad7aba976ed0e88448a28860c36ddfc22f50359d1d1ef1b782; declaredFrameCount=1; runtime reachability unresolved; placement and bounds unresolved; renderer suitability unresolved
swf-definition-01111,526,,shape,source-assets/flash/HELP MATH_ORIGINAL FILES/HELP_COURSES/ELMGR5/L4/FQ/L4FQ02.swf,,,0ac5a22914c5426f09192889c73c07ad48e8a8c26439e40844f4880a6d084d4c,DefineShape,,,none; machine census only; no renderer export,machine-extracted-definition-candidate,owner-provided SWF,container=root; definitionDepth=0; tagOrdinal=1111; payloadBytes=26; rawTagPayloadSha256=0ac5a22914c5426f09192889c73c07ad48e8a8c26439e40844f4880a6d084d4c; exactTagIdentitySha256=dd12adf21637e5397bf51ff530f51e71200c669b0607c22a2b54ca2f953c4430; runtime reachability unresolved; placement and bounds unresolved; renderer suitability unresolved
swf-definition-01112,527,,text,source-assets/flash/HELP MATH_ORIGINAL FILES/HELP_COURSES/ELMGR5/L4/FQ/L4FQ02.swf,,,e3249298edd482641127d7b946b78a7a210946bb3cade486b86253c9942c2c7e,DefineEditText,,,none; machine census only; no renderer export,machine-extracted-definition-candidate,owner-provided SWF,container=root; definitionDepth=0; tagOrdinal=1112; payloadBytes=37; rawTagPayloadSha256=e3249298edd482641127d7b946b78a7a210946bb3cade486b86253c9942c2c7e; exactTagIdentitySha256=cf48cebdaccfbeea8307bb5e3521e094c8ab0a968e58997870a589bfbc74bc9a; runtime reachability unresolved; placement and bounds unresolved; renderer suitability unresolved
swf-definition-01113,528,,text,source-assets/flash/HELP MATH_ORIGINAL FILES/HELP_COURSES/ELMGR5/L4/FQ/L4FQ02.swf,,,7bd7e9b055345cdb7d7237541e6885b9b5d8649bb5de1c08003d810f9ba9f8ee,DefineEditText,,,none; machine census only; no renderer export,machine-extracted-definition-candidate,owner-provided SWF,container=root; definitionDepth=0; tagOrdinal=1113; payloadBytes=33; rawTagPayloadSha256=7bd7e9b055345cdb7d7237541e6885b9b5d8649bb5de1c08003d810f9ba9f8ee; exactTagIdentitySha256=25ba434d18c1c77fe8fde878b3fd46bc6f3ac2a79e7d57436466ab57c240d774; runtime reachability unresolved; placement and bounds unresolved; renderer suitability unresolved
swf-definition-01114,529,,text,source-assets/flash/HELP MATH_ORIGINAL FILES/HELP_COURSES/ELMGR5/L4/FQ/L4FQ02.swf,,,5a8b646a6752a42875924c91c12d6cfade43220abdb48d058c3b93622f1c71df,DefineEditText,,,none; machine census only; no renderer export,machine-extracted-definition-candidate,owner-provided SWF,container=root; definitionDepth=0; tagOrdinal=1114; payloadBytes=31; rawTagPayloadSha256=5a8b646a6752a42875924c91c12d6cfade43220abdb48d058c3b93622f1c71df; exactTagIdentitySha256=1f63e2a382eea82d5ea3c53c3c93573b9bbe5a27430fca597d133a79e7e89769; runtime reachability unresolved; placement and bounds unresolved; renderer suitability unresolved
swf-definition-01115,530,,text,source-assets/flash/HELP MATH_ORIGINAL FILES/HELP_COURSES/ELMGR5/L4/FQ/L4FQ02.swf,,,89e598782d80e10c49272121cba6a79601e69865dd31bbe65170315215e3fab2,DefineEditText,,,none; machine census only; no renderer export,machine-extracted-definition-candidate,owner-provided SWF,container=root; definitionDepth=0; tagOrdinal=1115; payloadBytes=31; rawTagPayloadSha256=89e598782d80e10c49272121cba6a79601e69865dd31bbe65170315215e3fab2; exactTagIdentitySha256=125b8c08d6c2d3dac20404e605d895a506ac50b8257daaa10acdd3e0346edca7; runtime reachability unresolved; placement and bounds unresolved; renderer suitability unresolved
swf-definition-01116,531,,shape,source-assets/flash/HELP MATH_ORIGINAL FILES/HELP_COURSES/ELMGR5/L4/FQ/L4FQ02.swf,,,53d59c1b510771ee69a5b6e59b449068767fb148b003f78ba6c5bc58011b0c1a,DefineShape3,,,none; machine census only; no renderer export,machine-extracted-definition-candidate,owner-provided SWF,container=root; definitionDepth=0; tagOrdinal=1116; payloadBytes=462; rawTagPayloadSha256=53d59c1b510771ee69a5b6e59b449068767fb148b003f78ba6c5bc58011b0c1a; exactTagIdentitySha256=cb41a576526b9889c21e82874354f2df0eb32dfec06a5d5c68d8bdf61ab62f98; runtime reachability unresolved; placement and bounds unresolved; renderer suitability unresolved
swf-definition-01117,532,,shape,source-assets/flash/HELP MATH_ORIGINAL FILES/HELP_COURSES/ELMGR5/L4/FQ/L4FQ02.swf,,,3a498b24230b982cd1913a7c5ef56144aea93682dcfa466f3d28cd90d7c6181d,DefineShape3,,,none; machine census only; no renderer export,machine-extracted-definition-candidate,owner-provided SWF,container=root; definitionDepth=0; tagOrdinal=1117; payloadBytes=462; rawTagPayloadSha256=3a498b24230b982cd1913a7c5ef56144aea93682dcfa466f3d28cd90d7c6181d; exactTagIdentitySha256=85ce92ceb511d0695b319c50f91c82522c4963437665d54f5936c3f7dca3fe89; runtime reachability unresolved; placement and bounds unresolved; renderer suitability unresolved
swf-definition-01118,533,,text,source-assets/flash/HELP MATH_ORIGINAL FILES/HELP_COURSES/ELMGR5/L4/FQ/L4FQ02.swf,,,af29a3ecc90b2854b7614af0159600cbb159ce3da1dec12720ccdd77843ead51,DefineEditText,,,none; machine census only; no renderer export,machine-extracted-definition-candidate,owner-provided SWF,container=root; definitionDepth=0; tagOrdinal=1118; payloadBytes=39; rawTagPayloadSha256=af29a3ecc90b2854b7614af0159600cbb159ce3da1dec12720ccdd77843ead51; exactTagIdentitySha256=0a5b703be0950a91f031f8dea312519ec7fca879867039e36e5b608507be6e98; runtime reachability unresolved; placement and bounds unresolved; renderer suitability unresolved
swf-definition-01119,534,,text,source-assets/flash/HELP MATH_ORIGINAL FILES/HELP_COURSES/ELMGR5/L4/FQ/L4FQ02.swf,,,b23944e91eb13a56a39dbc9da97ea20520464eb7254b1964f9a15b54299a469b,DefineEditText,,,none; machine census only; no renderer export,machine-extracted-definition-candidate,owner-provided SWF,container=root; definitionDepth=0; tagOrdinal=1119; payloadBytes=39; rawTagPayloadSha256=b23944e91eb13a56a39dbc9da97ea20520464eb7254b1964f9a15b54299a469b; exactTagIdentitySha256=f245485fc05a57d994eab916d7afa865dfe1e7d82c89d93182de39fba947ee75; runtime reachability unresolved; placement and bounds unresolved; renderer suitability unresolved
swf-definition-01120,535,,text,source-assets/flash/HELP MATH_ORIGINAL FILES/HELP_COURSES/ELMGR5/L4/FQ/L4FQ02.swf,,,08f52bf3b12af51cfd2c2e4964b276ce2e41ec6ea89703d667ae377a521f0eb4,DefineEditText,,,none; machine census only; no renderer export,machine-extracted-definition-candidate,owner-provided SWF,container=root; definitionDepth=0; tagOrdinal=1120; payloadBytes=39; rawTagPayloadSha256=08f52bf3b12af51cfd2c2e4964b276ce2e41ec6ea89703d667ae377a521f0eb4; exactTagIdentitySha256=526bcb96fcb32b666aa03cf494b9101fc83f08514685156f3a3031b59b2b739b; runtime reachability unresolved; placement and bounds unresolved; renderer suitability unresolved
swf-definition-01121,536,,text,source-assets/flash/HELP MATH_ORIGINAL FILES/HELP_COURSES/ELMGR5/L4/FQ/L4FQ02.swf,,,039a2103d8f1ed1f06e2a24ce5fea64692587fe53862bd7591fd765a96111b14,DefineEditText,,,none; machine census only; no renderer export,machine-extracted-definition-candidate,owner-provided SWF,container=root; definitionDepth=0; tagOrdinal=1121; payloadBytes=39; rawTagPayloadSha256=039a2103d8f1ed1f06e2a24ce5fea64692587fe53862bd7591fd765a96111b14; exactTagIdentitySha256=60769d99b69eab132435803e414788ad807e4ad86f7242d21a55366d2fd053ff; runtime reachability unresolved; placement and bounds unresolved; renderer suitability unresolved
swf-definition-01122,537,,sprite,source-assets/flash/HELP MATH_ORIGINAL FILES/HELP_COURSES/ELMGR5/L4/FQ/L4FQ02.swf,,,6149b771ac130b317858e6c9fcac109cf3850512d7124f40af8ec9d21bcb8ad3,DefineSprite,,,none; machine census only; no renderer export,machine-extracted-definition-candidate,owner-provided SWF,container=root; definitionDepth=0; tagOrdinal=1122; payloadBytes=24; rawTagPayloadSha256=6149b771ac130b317858e6c9fcac109cf3850512d7124f40af8ec9d21bcb8ad3; exactTagIdentitySha256=5e1ef176690c618cee0064b6e49b16e413694f981b56ab4232e3e319d0b2d96b; declaredFrameCount=1; runtime reachability unresolved; placement and bounds unresolved; renderer suitability unresolved
swf-definition-01126,538,,sprite,source-assets/flash/HELP MATH_ORIGINAL FILES/HELP_COURSES/ELMGR5/L4/FQ/L4FQ02.swf,,,e75ca1045262005a47ce1f32b40c3e5d4a72bfb3073eb9f12a6d33062e3380cf,DefineSprite,,,none; machine census only; no renderer export,machine-extracted-definition-candidate,owner-provided SWF,container=root; definitionDepth=0; tagOrdinal=1126; payloadBytes=24; rawTagPayloadSha256=e75ca1045262005a47ce1f32b40c3e5d4a72bfb3073eb9f12a6d33062e3380cf; exactTagIdentitySha256=216b4374885bfbf3fc13c70ef27874db032f2ae5403fc21f809569d97fd42aeb; declaredFrameCount=1; runtime reachability unresolved; placement and bounds unresolved; renderer suitability unresolved
swf-definition-01130,539,,sprite,source-assets/flash/HELP MATH_ORIGINAL FILES/HELP_COURSES/ELMGR5/L4/FQ/L4FQ02.swf,,,958eb6e0081d341466bf0956c918529bbf52524398d7511ea58fc4d7d851d2bc,DefineSprite,,,none; machine census only; no renderer export,machine-extracted-definition-candidate,owner-provided SWF,container=root; definitionDepth=0; tagOrdinal=1130; payloadBytes=24; rawTagPayloadSha256=958eb6e0081d341466bf0956c918529bbf52524398d7511ea58fc4d7d851d2bc; exactTagIdentitySha256=1fb054efccd90b278b65c16274b55a1147109a359780c27a5b42ca4218a8f7ac; declaredFrameCount=1; runtime reachability unresolved; placement and bounds unresolved; renderer suitability unresolved
swf-definition-01134,540,,sprite,source-assets/flash/HELP MATH_ORIGINAL FILES/HELP_COURSES/ELMGR5/L4/FQ/L4FQ02.swf,,,7d0774d584acc741845daf82a0f8d89c20ab86228f2d5cd074b659bc6ee2c24d,DefineSprite,,,none; machine census only; no renderer export,machine-extracted-definition-candidate,owner-provided SWF,container=root; definitionDepth=0; tagOrdinal=1134; payloadBytes=24; rawTagPayloadSha256=7d0774d584acc741845daf82a0f8d89c20ab86228f2d5cd074b659bc6ee2c24d; exactTagIdentitySha256=15f4d4bd20b204e24d596df63e42f574325223c0f2437e2c9ea47e20a891ec04; declaredFrameCount=1; runtime reachability unresolved; placement and bounds unresolved; renderer suitability unresolved
swf-definition-01138,541,,text,source-assets/flash/HELP MATH_ORIGINAL FILES/HELP_COURSES/ELMGR5/L4/FQ/L4FQ02.swf,,,fcf89d79293be624275cf046df7c22085b325dbae0a9121f019541482f9e850d,DefineEditText,,,none; machine census only; no renderer export,machine-extracted-definition-candidate,owner-provided SWF,container=root; definitionDepth=0; tagOrdinal=1138; payloadBytes=37; rawTagPayloadSha256=fcf89d79293be624275cf046df7c22085b325dbae0a9121f019541482f9e850d; exactTagIdentitySha256=fbc5543a7fd5a0679c89abc860eed7c5ce46043359f2aefdd39693f7fd795aa3; runtime reachability unresolved; placement and bounds unresolved; renderer suitability unresolved
swf-definition-01139,542,,text,source-assets/flash/HELP MATH_ORIGINAL FILES/HELP_COURSES/ELMGR5/L4/FQ/L4FQ02.swf,,,6246626f0f9cc1b88540512da3797cb2b5b3957cb14d758e439bd3c14a9be4e9,DefineEditText,,,none; machine census only; no renderer export,machine-extracted-definition-candidate,owner-provided SWF,container=root; definitionDepth=0; tagOrdinal=1139; payloadBytes=33; rawTagPayloadSha256=6246626f0f9cc1b88540512da3797cb2b5b3957cb14d758e439bd3c14a9be4e9; exactTagIdentitySha256=6a601d10cc0f10654742f139c56f66600c67988d1c65705e1d002d161cecd707; runtime reachability unresolved; placement and bounds unresolved; renderer suitability unresolved
swf-definition-01140,543,,text,source-assets/flash/HELP MATH_ORIGINAL FILES/HELP_COURSES/ELMGR5/L4/FQ/L4FQ02.swf,,,a94865a98de3fe65b0168fe721aa72ad2e39c1e2d7c69f8c99af2d8c1b35cde1,DefineEditText,,,none; machine census only; no renderer export,machine-extracted-definition-candidate,owner-provided SWF,container=root; definitionDepth=0; tagOrdinal=1140; payloadBytes=31; rawTagPayloadSha256=a94865a98de3fe65b0168fe721aa72ad2e39c1e2d7c69f8c99af2d8c1b35cde1; exactTagIdentitySha256=02d80c050492b9e3942809f15f4d5f7694a971b4a3f2b3ef661f717391974734; runtime reachability unresolved; placement and bounds unresolved; renderer suitability unresolved
swf-definition-01141,544,,text,source-assets/flash/HELP MATH_ORIGINAL FILES/HELP_COURSES/ELMGR5/L4/FQ/L4FQ02.swf,,,ce48b39979ca14011a1f796858284cdfb4440551e2ea924d3fa94cea2ca1eef3,DefineEditText,,,none; machine census only; no renderer export,machine-extracted-definition-candidate,owner-provided SWF,container=root; definitionDepth=0; tagOrdinal=1141; payloadBytes=31; rawTagPayloadSha256=ce48b39979ca14011a1f796858284cdfb4440551e2ea924d3fa94cea2ca1eef3; exactTagIdentitySha256=5e7764b2417c3fdc7b68b976eb84b567f12440cd5779acb6305da7943dcc6d02; runtime reachability unresolved; placement and bounds unresolved; renderer suitability unresolved
swf-definition-01142,545,,text,source-assets/flash/HELP MATH_ORIGINAL FILES/HELP_COURSES/ELMGR5/L4/FQ/L4FQ02.swf,,,9624ead2a7ac59cba7094c454469266907f85f1d7c1abade8ce14e4c02956976,DefineEditText,,,none; machine census only; no renderer export,machine-extracted-definition-candidate,owner-provided SWF,container=root; definitionDepth=0; tagOrdinal=1142; payloadBytes=39; rawTagPayloadSha256=9624ead2a7ac59cba7094c454469266907f85f1d7c1abade8ce14e4c02956976; exactTagIdentitySha256=356888ec06a241e3100556ac3a8ba6382df6df6909fd339c6e8e89b303acea1d; runtime reachability unresolved; placement and bounds unresolved; renderer suitability unresolved
swf-definition-01143,546,,text,source-assets/flash/HELP MATH_ORIGINAL FILES/HELP_COURSES/ELMGR5/L4/FQ/L4FQ02.swf,,,b6f0a4037eca8ff38e1ca3d04fbf76481c5369db642e1887612a961fa9736488,DefineEditText,,,none; machine census only; no renderer export,machine-extracted-definition-candidate,owner-provided SWF,container=root; definitionDepth=0; tagOrdinal=1143; payloadBytes=39; rawTagPayloadSha256=b6f0a4037eca8ff38e1ca3d04fbf76481c5369db642e1887612a961fa9736488; exactTagIdentitySha256=097393c8ea9b69fca7cfe3a727c16de807f32399dba026d7534dceaa3b40957e; runtime reachability unresolved; placement and bounds unresolved; renderer suitability unresolved
swf-definition-01144,547,,text,source-assets/flash/HELP MATH_ORIGINAL FILES/HELP_COURSES/ELMGR5/L4/FQ/L4FQ02.swf,,,b4eddbe0a59099be798623ada5d614b59e645d7d491e48a0a7a064c829475f8d,DefineEditText,,,none; machine census only; no renderer export,machine-extracted-definition-candidate,owner-provided SWF,container=root; definitionDepth=0; tagOrdinal=1144; payloadBytes=39; rawTagPayloadSha256=b4eddbe0a59099be798623ada5d614b59e645d7d491e48a0a7a064c829475f8d; exactTagIdentitySha256=7e3e303d1a6269aba729ad9d50d0d88881243756a83dee3538d6b22bf4ec45b0; runtime reachability unresolved; placement and bounds unresolved; renderer suitability unresolved
swf-definition-01145,548,,text,source-assets/flash/HELP MATH_ORIGINAL FILES/HELP_COURSES/ELMGR5/L4/FQ/L4FQ02.swf,,,e6af1ee94202f9c6ce2bf654b93c5249b4f3f0db1983f958924627aebf0fb848,DefineEditText,,,none; machine census only; no renderer export,machine-extracted-definition-candidate,owner-provided SWF,container=root; definitionDepth=0; tagOrdinal=1145; payloadBytes=39; rawTagPayloadSha256=e6af1ee94202f9c6ce2bf654b93c5249b4f3f0db1983f958924627aebf0fb848; exactTagIdentitySha256=06153bb8c1f1c8a67274201edb87059c2d47f9bbc78bc828c88d0a7a3e0d4c76; runtime reachability unresolved; placement and bounds unresolved; renderer suitability unresolved
swf-definition-01146,549,,shape,source-assets/flash/HELP MATH_ORIGINAL FILES/HELP_COURSES/ELMGR5/L4/FQ/L4FQ02.swf,,,07d5d4f639eed8591a1ed205cdf112ecd6823593a86670946db0b8909591656f,DefineShape3,,,none; machine census only; no renderer export,machine-extracted-definition-candidate,owner-provided SWF,container=root; definitionDepth=0; tagOrdinal=1146; payloadBytes=462; rawTagPayloadSha256=07d5d4f639eed8591a1ed205cdf112ecd6823593a86670946db0b8909591656f; exactTagIdentitySha256=6baa35de1042b5b12ba79e3679339ee496dd1a54ed4cbdc38d5e264b478f7c9f; runtime reachability unresolved; placement and bounds unresolved; renderer suitability unresolved
swf-definition-01147,550,,shape,source-assets/flash/HELP MATH_ORIGINAL FILES/HELP_COURSES/ELMGR5/L4/FQ/L4FQ02.swf,,,da37619cd80e741cc33d159f85d88fde49019229ddbce7dcf09df34a5ac2c2e5,DefineShape3,,,none; machine census only; no renderer export,machine-extracted-definition-candidate,owner-provided SWF,container=root; definitionDepth=0; tagOrdinal=1147; payloadBytes=462; rawTagPayloadSha256=da37619cd80e741cc33d159f85d88fde49019229ddbce7dcf09df34a5ac2c2e5; exactTagIdentitySha256=d0bc18d86ce589b7d23acde5d2fc1241909641a99914018fa7ab7d35d123dade; runtime reachability unresolved; placement and bounds unresolved; renderer suitability unresolved
swf-definition-01148,551,,shape,source-assets/flash/HELP MATH_ORIGINAL FILES/HELP_COURSES/ELMGR5/L4/FQ/L4FQ02.swf,,,761c88658bd8e3f2f0c0782f6c3c9e42c4ee91c828d56e3ec7afc5d1b49927ab,DefineShape,,,none; machine census only; no renderer export,machine-extracted-definition-candidate,owner-provided SWF,container=root; definitionDepth=0; tagOrdinal=1148; payloadBytes=25; rawTagPayloadSha256=761c88658bd8e3f2f0c0782f6c3c9e42c4ee91c828d56e3ec7afc5d1b49927ab; exactTagIdentitySha256=c4976fa62073fea6bd8059e192c772936f104e3a6e61a358b7f1e242b4429390; runtime reachability unresolved; placement and bounds unresolved; renderer suitability unresolved
swf-definition-01149,552,,sprite,source-assets/flash/HELP MATH_ORIGINAL FILES/HELP_COURSES/ELMGR5/L4/FQ/L4FQ02.swf,,,2ca0e3687694f0914c03a3610635719002ecabb5990f968e2fb9e253ef3feb7a,DefineSprite,,,none; machine census only; no renderer export,machine-extracted-definition-candidate,owner-provided SWF,container=root; definitionDepth=0; tagOrdinal=1149; payloadBytes=43; rawTagPayloadSha256=2ca0e3687694f0914c03a3610635719002ecabb5990f968e2fb9e253ef3feb7a; exactTagIdentitySha256=e36bb15ebbe793219dbd0b2d52189b0142992c715094989c5e90c9875c781595; declaredFrameCount=1; runtime reachability unresolved; placement and bounds unresolved; renderer suitability unresolved
swf-definition-01155,553,,shape,source-assets/flash/HELP MATH_ORIGINAL FILES/HELP_COURSES/ELMGR5/L4/FQ/L4FQ02.swf,,,7b7e9c6dbe95c0bc3029d5d9cbce457aa4dd489548198e5acfb78a091a1ae0a2,DefineShape,,,none; machine census only; no renderer export,machine-extracted-definition-candidate,owner-provided SWF,container=root; definitionDepth=0; tagOrdinal=1155; payloadBytes=25; rawTagPayloadSha256=7b7e9c6dbe95c0bc3029d5d9cbce457aa4dd489548198e5acfb78a091a1ae0a2; exactTagIdentitySha256=fedbb21d3a0439b49029efd2eafb4c12036a31d10a95b482dcf83c634923178c; runtime reachability unresolved; placement and bounds unresolved; renderer suitability unresolved
swf-definition-01156,554,,sprite,source-assets/flash/HELP MATH_ORIGINAL FILES/HELP_COURSES/ELMGR5/L4/FQ/L4FQ02.swf,,,17627b03ca26dde9978a1c335cd789d1f22d047e3c2005ba756cbee297ecfb4e,DefineSprite,,,none; machine census only; no renderer export,machine-extracted-definition-candidate,owner-provided SWF,container=root; definitionDepth=0; tagOrdinal=1156; payloadBytes=43; rawTagPayloadSha256=17627b03ca26dde9978a1c335cd789d1f22d047e3c2005ba756cbee297ecfb4e; exactTagIdentitySha256=f57de51321e7eb7a8a58913ac9c01c13757ab0441ceafb75e08d29827918689d; declaredFrameCount=1; runtime reachability unresolved; placement and bounds unresolved; renderer suitability unresolved
swf-definition-01162,555,,shape,source-assets/flash/HELP MATH_ORIGINAL FILES/HELP_COURSES/ELMGR5/L4/FQ/L4FQ02.swf,,,9900d9ec98fdb591b49e5358d271cb2679fc2e1e140b37911d5220f15232f64f,DefineShape,,,none; machine census only; no renderer export,machine-extracted-definition-candidate,owner-provided SWF,container=root; definitionDepth=0; tagOrdinal=1162; payloadBytes=25; rawTagPayloadSha256=9900d9ec98fdb591b49e5358d271cb2679fc2e1e140b37911d5220f15232f64f; exactTagIdentitySha256=351e17f09bce95a2b6031fd83813aa028b1dd9d98fea8862afeee610899efea4; runtime reachability unresolved; placement and bounds unresolved; renderer suitability unresolved
swf-definition-01163,556,,sprite,source-assets/flash/HELP MATH_ORIGINAL FILES/HELP_COURSES/ELMGR5/L4/FQ/L4FQ02.swf,,,e0daca08aab498ee28c8fe3f7c9090ddc2ca9bc1d7b721742d60166a7d42c475,DefineSprite,,,none; machine census only; no renderer export,machine-extracted-definition-candidate,owner-provided SWF,container=root; definitionDepth=0; tagOrdinal=1163; payloadBytes=43; rawTagPayloadSha256=e0daca08aab498ee28c8fe3f7c9090ddc2ca9bc1d7b721742d60166a7d42c475; exactTagIdentitySha256=7a4066bab2a9ca5f44c223123918369205d5daacfae782f73147296c84081755; declaredFrameCount=1; runtime reachability unresolved; placement and bounds unresolved; renderer suitability unresolved
swf-definition-01169,557,,shape,source-assets/flash/HELP MATH_ORIGINAL FILES/HELP_COURSES/ELMGR5/L4/FQ/L4FQ02.swf,,,bc0aa4e586a8faf518d96ef453205aed2d9a9f23d7ed49130dec04c0bfa10022,DefineShape,,,none; machine census only; no renderer export,machine-extracted-definition-candidate,owner-provided SWF,container=root; definitionDepth=0; tagOrdinal=1169; payloadBytes=25; rawTagPayloadSha256=bc0aa4e586a8faf518d96ef453205aed2d9a9f23d7ed49130dec04c0bfa10022; exactTagIdentitySha256=723b685959300c175c902d74caad9d64b3c1e518fb266dace0128d61a5f68ae0; runtime reachability unresolved; placement and bounds unresolved; renderer suitability unresolved
swf-definition-01170,558,,sprite,source-assets/flash/HELP MATH_ORIGINAL FILES/HELP_COURSES/ELMGR5/L4/FQ/L4FQ02.swf,,,9593403b7f91bc4858c5cc7fd7ca75851d5a29d95ec9f9bcc36ff1e974dde0bb,DefineSprite,,,none; machine census only; no renderer export,machine-extracted-definition-candidate,owner-provided SWF,container=root; definitionDepth=0; tagOrdinal=1170; payloadBytes=43; rawTagPayloadSha256=9593403b7f91bc4858c5cc7fd7ca75851d5a29d95ec9f9bcc36ff1e974dde0bb; exactTagIdentitySha256=bc2402053e67cd2c3e1d76f7fe1b6e1337fd299419c68ffa3bfb80ef425b5c27; declaredFrameCount=1; runtime reachability unresolved; placement and bounds unresolved; renderer suitability unresolved
swf-definition-01176,559,,text,source-assets/flash/HELP MATH_ORIGINAL FILES/HELP_COURSES/ELMGR5/L4/FQ/L4FQ02.swf,,,67c042d70ff184792b7c3fc79fca11ec4ec034ed4dc5cf85bfcd09b8bcd480f6,DefineEditText,,,none; machine census only; no renderer export,machine-extracted-definition-candidate,owner-provided SWF,container=root; definitionDepth=0; tagOrdinal=1176; payloadBytes=36; rawTagPayloadSha256=67c042d70ff184792b7c3fc79fca11ec4ec034ed4dc5cf85bfcd09b8bcd480f6; exactTagIdentitySha256=251d14537a73f6bb1287ee3b0b95a9d731ddb95c7b0fc7a50e7a184eea1dd515; runtime reachability unresolved; placement and bounds unresolved; renderer suitability unresolved
swf-definition-01177,560,,text,source-assets/flash/HELP MATH_ORIGINAL FILES/HELP_COURSES/ELMGR5/L4/FQ/L4FQ02.swf,,,05fb8c0017b784a11c74e2ce39a73baa3746eb1c348b9cbf1c32996d4e845f41,DefineEditText,,,none; machine census only; no renderer export,machine-extracted-definition-candidate,owner-provided SWF,container=root; definitionDepth=0; tagOrdinal=1177; payloadBytes=32; rawTagPayloadSha256=05fb8c0017b784a11c74e2ce39a73baa3746eb1c348b9cbf1c32996d4e845f41; exactTagIdentitySha256=42f2d4c468da28a965df89d19a916186d2b66ca467a45527bbc2d9e35b36f309; runtime reachability unresolved; placement and bounds unresolved; renderer suitability unresolved
swf-definition-01178,561,,text,source-assets/flash/HELP MATH_ORIGINAL FILES/HELP_COURSES/ELMGR5/L4/FQ/L4FQ02.swf,,,b8369e182a42486f04a316819b229b9a9ca0f016b6aaedcc9917764197faad06,DefineEditText,,,none; machine census only; no renderer export,machine-extracted-definition-candidate,owner-provided SWF,container=root; definitionDepth=0; tagOrdinal=1178; payloadBytes=31; rawTagPayloadSha256=b8369e182a42486f04a316819b229b9a9ca0f016b6aaedcc9917764197faad06; exactTagIdentitySha256=779dd27da122c7a5602d054c59a658717ba7d334fb178959687696daa5cfaaed; runtime reachability unresolved; placement and bounds unresolved; renderer suitability unresolved
swf-definition-01179,562,,text,source-assets/flash/HELP MATH_ORIGINAL FILES/HELP_COURSES/ELMGR5/L4/FQ/L4FQ02.swf,,,6b0b5135ec0ebfff32129a24985bb48424cf403d5c17a8223aa7c75ca353afa4,DefineEditText,,,none; machine census only; no renderer export,machine-extracted-definition-candidate,owner-provided SWF,container=root; definitionDepth=0; tagOrdinal=1179; payloadBytes=31; rawTagPayloadSha256=6b0b5135ec0ebfff32129a24985bb48424cf403d5c17a8223aa7c75ca353afa4; exactTagIdentitySha256=f4d87fd1f628f366a348a445c658a8c3c879677a241a447d60c29a54508bb707; runtime reachability unresolved; placement and bounds unresolved; renderer suitability unresolved
swf-definition-01180,563,,text,source-assets/flash/HELP MATH_ORIGINAL FILES/HELP_COURSES/ELMGR5/L4/FQ/L4FQ02.swf,,,2f81f1df2edd2853181eb0ea142d08ccf6d9701b74ac4438ccd61062e6595cff,DefineEditText,,,none; machine census only; no renderer export,machine-extracted-definition-candidate,owner-provided SWF,container=root; definitionDepth=0; tagOrdinal=1180; payloadBytes=39; rawTagPayloadSha256=2f81f1df2edd2853181eb0ea142d08ccf6d9701b74ac4438ccd61062e6595cff; exactTagIdentitySha256=91b47aac8497d9e9707df8f14c68cec5e23626f1021c41bb2ae5b690fa98de05; runtime reachability unresolved; placement and bounds unresolved; renderer suitability unresolved
swf-definition-01181,564,,text,source-assets/flash/HELP MATH_ORIGINAL FILES/HELP_COURSES/ELMGR5/L4/FQ/L4FQ02.swf,,,6bb9baf72afaa22376c1f7a2cc4b6ccc0b07b76075cd870e8a9a945f520eed26,DefineEditText,,,none; machine census only; no renderer export,machine-extracted-definition-candidate,owner-provided SWF,container=root; definitionDepth=0; tagOrdinal=1181; payloadBytes=39; rawTagPayloadSha256=6bb9baf72afaa22376c1f7a2cc4b6ccc0b07b76075cd870e8a9a945f520eed26; exactTagIdentitySha256=5b5f08e4db65a9b366fd3471f0c6c88e9f2a039bb411e2bdecbcfeb1046a80cf; runtime reachability unresolved; placement and bounds unresolved; renderer suitability unresolved
swf-definition-01182,565,,text,source-assets/flash/HELP MATH_ORIGINAL FILES/HELP_COURSES/ELMGR5/L4/FQ/L4FQ02.swf,,,b8ce58b3d379e9172db439f5392041ecc8b9a4f309a56fac0316aad8a362cf81,DefineEditText,,,none; machine census only; no renderer export,machine-extracted-definition-candidate,owner-provided SWF,container=root; definitionDepth=0; tagOrdinal=1182; payloadBytes=39; rawTagPayloadSha256=b8ce58b3d379e9172db439f5392041ecc8b9a4f309a56fac0316aad8a362cf81; exactTagIdentitySha256=4cf7b66e0629e47b5bd356334994dd3f2cdaae2ffe552c54ca4b27fc02943a76; runtime reachability unresolved; placement and bounds unresolved; renderer suitability unresolved
swf-definition-01183,566,,text,source-assets/flash/HELP MATH_ORIGINAL FILES/HELP_COURSES/ELMGR5/L4/FQ/L4FQ02.swf,,,1222c789cd46c40fcbb6a14282d69b26f452692e8886b999ab895888fdcb24a8,DefineEditText,,,none; machine census only; no renderer export,machine-extracted-definition-candidate,owner-provided SWF,container=root; definitionDepth=0; tagOrdinal=1183; payloadBytes=39; rawTagPayloadSha256=1222c789cd46c40fcbb6a14282d69b26f452692e8886b999ab895888fdcb24a8; exactTagIdentitySha256=a568f8c542f5a1706bf7ac814b7cb15af72b870779c1e971d95f8d37a0e29a1d; runtime reachability unresolved; placement and bounds unresolved; renderer suitability unresolved
swf-definition-01184,567,,shape,source-assets/flash/HELP MATH_ORIGINAL FILES/HELP_COURSES/ELMGR5/L4/FQ/L4FQ02.swf,,,8fa6d301cf96b22123aa64f020cf4f691f88c58b59772420fcee37664f1e3833,DefineShape3,,,none; machine census only; no renderer export,machine-extracted-definition-candidate,owner-provided SWF,container=root; definitionDepth=0; tagOrdinal=1184; payloadBytes=462; rawTagPayloadSha256=8fa6d301cf96b22123aa64f020cf4f691f88c58b59772420fcee37664f1e3833; exactTagIdentitySha256=3718f16bbf5b971a319e5598e67afbd3b84447a9a2c67a65b673318930553bcb; runtime reachability unresolved; placement and bounds unresolved; renderer suitability unresolved
swf-definition-01185,568,,shape,source-assets/flash/HELP MATH_ORIGINAL FILES/HELP_COURSES/ELMGR5/L4/FQ/L4FQ02.swf,,,5c4c7557c168bf1d3fd2da18946962551472c8ff5e7e5bc3186d0c12c79c2c5a,DefineShape3,,,none; machine census only; no renderer export,machine-extracted-definition-candidate,owner-provided SWF,container=root; definitionDepth=0; tagOrdinal=1185; payloadBytes=462; rawTagPayloadSha256=5c4c7557c168bf1d3fd2da18946962551472c8ff5e7e5bc3186d0c12c79c2c5a; exactTagIdentitySha256=607bf0e99a2629b580677ecf2fe6db39775625718a83babec8ac9e0572ea2c2f; runtime reachability unresolved; placement and bounds unresolved; renderer suitability unresolved
swf-definition-01186,569,,shape,source-assets/flash/HELP MATH_ORIGINAL FILES/HELP_COURSES/ELMGR5/L4/FQ/L4FQ02.swf,,,f0805bd51e54994db25e902d9a789419d082206b5160ef03b283084dc54dc3f7,DefineShape3,,,none; machine census only; no renderer export,machine-extracted-definition-candidate,owner-provided SWF,container=root; definitionDepth=0; tagOrdinal=1186; payloadBytes=462; rawTagPayloadSha256=f0805bd51e54994db25e902d9a789419d082206b5160ef03b283084dc54dc3f7; exactTagIdentitySha256=bafecb0488254ee88e324ccd9ca9217f2063f54236d92ede200ed2e77c2333e8; runtime reachability unresolved; placement and bounds unresolved; renderer suitability unresolved
swf-definition-01187,570,,sprite,source-assets/flash/HELP MATH_ORIGINAL FILES/HELP_COURSES/ELMGR5/L4/FQ/L4FQ02.swf,,,009d91f6e8ead2b19404762446c4138b06a50d67bda001988c29588f886d6736,DefineSprite,,,none; machine census only; no renderer export,machine-extracted-definition-candidate,owner-provided SWF,container=root; definitionDepth=0; tagOrdinal=1187; payloadBytes=24; rawTagPayloadSha256=009d91f6e8ead2b19404762446c4138b06a50d67bda001988c29588f886d6736; exactTagIdentitySha256=2978d7a331c28c495f0da79b21be66537bcc4c7e575f351da173b728f72394a5; declaredFrameCount=1; runtime reachability unresolved; placement and bounds unresolved; renderer suitability unresolved
swf-definition-01191,571,,sprite,source-assets/flash/HELP MATH_ORIGINAL FILES/HELP_COURSES/ELMGR5/L4/FQ/L4FQ02.swf,,,5fbd8d1b758720c8a2a15586368684691e1ab7de41c95373ff3d63c9f503fdf1,DefineSprite,,,none; machine census only; no renderer export,machine-extracted-definition-candidate,owner-provided SWF,container=root; definitionDepth=0; tagOrdinal=1191; payloadBytes=24; rawTagPayloadSha256=5fbd8d1b758720c8a2a15586368684691e1ab7de41c95373ff3d63c9f503fdf1; exactTagIdentitySha256=2f6bf72ec0d1f86220bde21b0086ee78deb9134df3dcb0e200494b1a699e8285; declaredFrameCount=1; runtime reachability unresolved; placement and bounds unresolved; renderer suitability unresolved
swf-definition-01195,572,,sprite,source-assets/flash/HELP MATH_ORIGINAL FILES/HELP_COURSES/ELMGR5/L4/FQ/L4FQ02.swf,,,047f1f4ec34b9ae210dd3c41cb942ffb39968977042688f861ae5da9ddee411d,DefineSprite,,,none; machine census only; no renderer export,machine-extracted-definition-candidate,owner-provided SWF,container=root; definitionDepth=0; tagOrdinal=1195; payloadBytes=24; rawTagPayloadSha256=047f1f4ec34b9ae210dd3c41cb942ffb39968977042688f861ae5da9ddee411d; exactTagIdentitySha256=4e202af086940bd2110916636753d099949c8394b77b7e06d99add865e375878; declaredFrameCount=1; runtime reachability unresolved; placement and bounds unresolved; renderer suitability unresolved
swf-definition-01199,573,,sprite,source-assets/flash/HELP MATH_ORIGINAL FILES/HELP_COURSES/ELMGR5/L4/FQ/L4FQ02.swf,,,bf5f9cd40f4aa9b67b87172de806ea5d1a614c3cb5e0942e87e5ac2927a5c5f2,DefineSprite,,,none; machine census only; no renderer export,machine-extracted-definition-candidate,owner-provided SWF,container=root; definitionDepth=0; tagOrdinal=1199; payloadBytes=24; rawTagPayloadSha256=bf5f9cd40f4aa9b67b87172de806ea5d1a614c3cb5e0942e87e5ac2927a5c5f2; exactTagIdentitySha256=19c5e93c9fea585bce11e24fa2112fd495b9cf26f5e34acec73c1fdd2d9ce17b; declaredFrameCount=1; runtime reachability unresolved; placement and bounds unresolved; renderer suitability unresolved
swf-definition-01203,574,,text,source-assets/flash/HELP MATH_ORIGINAL FILES/HELP_COURSES/ELMGR5/L4/FQ/L4FQ02.swf,,,0f4b425eb6afb85639fb12979e770c496646ce242552e59900f76abef57f3991,DefineEditText,,,none; machine census only; no renderer export,machine-extracted-definition-candidate,owner-provided SWF,container=root; definitionDepth=0; tagOrdinal=1203; payloadBytes=36; rawTagPayloadSha256=0f4b425eb6afb85639fb12979e770c496646ce242552e59900f76abef57f3991; exactTagIdentitySha256=b78bf969367746c41db3abedcef98c8ea124b1f044ec8aa175d7e906a131688b; runtime reachability unresolved; placement and bounds unresolved; renderer suitability unresolved
swf-definition-01204,575,,text,source-assets/flash/HELP MATH_ORIGINAL FILES/HELP_COURSES/ELMGR5/L4/FQ/L4FQ02.swf,,,75fdd36e7b26d2e7c3c0a7d91a4605b4c56dcbe751da2d61c17b1e7d982c76eb,DefineEditText,,,none; machine census only; no renderer export,machine-extracted-definition-candidate,owner-provided SWF,container=root; definitionDepth=0; tagOrdinal=1204; payloadBytes=32; rawTagPayloadSha256=75fdd36e7b26d2e7c3c0a7d91a4605b4c56dcbe751da2d61c17b1e7d982c76eb; exactTagIdentitySha256=cf6b506a519dcf70d83c842d6177a1adc99584bda1fb49041e75f12f9daf0e52; runtime reachability unresolved; placement and bounds unresolved; renderer suitability unresolved
swf-definition-01205,576,,text,source-assets/flash/HELP MATH_ORIGINAL FILES/HELP_COURSES/ELMGR5/L4/FQ/L4FQ02.swf,,,8de8a68eee8cd962cf541451f97d3ee40afc52c091fcf519e5b104a20d25fbe8,DefineEditText,,,none; machine census only; no renderer export,machine-extracted-definition-candidate,owner-provided SWF,container=root; definitionDepth=0; tagOrdinal=1205; payloadBytes=31; rawTagPayloadSha256=8de8a68eee8cd962cf541451f97d3ee40afc52c091fcf519e5b104a20d25fbe8; exactTagIdentitySha256=55596f72eb45a598ad913f7c4e8c58ea75c1a13046bdee4035bced311202c6ce; runtime reachability unresolved; placement and bounds unresolved; renderer suitability unresolved
swf-definition-01206,577,,text,source-assets/flash/HELP MATH_ORIGINAL FILES/HELP_COURSES/ELMGR5/L4/FQ/L4FQ02.swf,,,870bb0d4cc781138643ea881d5c294d14d168f8d084d72434dcf41302a2e9caa,DefineEditText,,,none; machine census only; no renderer export,machine-extracted-definition-candidate,owner-provided SWF,container=root; definitionDepth=0; tagOrdinal=1206; payloadBytes=31; rawTagPayloadSha256=870bb0d4cc781138643ea881d5c294d14d168f8d084d72434dcf41302a2e9caa; exactTagIdentitySha256=43510608777b77bcb7d7a156b45d710a837a8d6e1481a16d48fe609a5863eb74; runtime reachability unresolved; placement and bounds unresolved; renderer suitability unresolved
swf-definition-01207,578,,sprite,source-assets/flash/HELP MATH_ORIGINAL FILES/HELP_COURSES/ELMGR5/L4/FQ/L4FQ02.swf,,,60b160ab3a5d04f0dadb213eb5411f2d11cb190c9ccf38df5ab929e75b58b725,DefineSprite,,,none; machine census only; no renderer export,machine-extracted-definition-candidate,owner-provided SWF,container=root; definitionDepth=0; tagOrdinal=1207; payloadBytes=24; rawTagPayloadSha256=60b160ab3a5d04f0dadb213eb5411f2d11cb190c9ccf38df5ab929e75b58b725; exactTagIdentitySha256=3abf4988be2b784990b650a32ee90eb3d7ebf666da7073cc22d7ad3c8979742a; declaredFrameCount=1; runtime reachability unresolved; placement and bounds unresolved; renderer suitability unresolved
swf-definition-01211,579,,sprite,source-assets/flash/HELP MATH_ORIGINAL FILES/HELP_COURSES/ELMGR5/L4/FQ/L4FQ02.swf,,,d21c2f62360e98e82f800b86f7b12c9175b929ad7433c9b5331c42266cb32884,DefineSprite,,,none; machine census only; no renderer export,machine-extracted-definition-candidate,owner-provided SWF,container=root; definitionDepth=0; tagOrdinal=1211; payloadBytes=24; rawTagPayloadSha256=d21c2f62360e98e82f800b86f7b12c9175b929ad7433c9b5331c42266cb32884; exactTagIdentitySha256=5e39295d060242963847fa174d0955a0164300ecb47ec2de0ad1f98e1d5b1a66; declaredFrameCount=1; runtime reachability unresolved; placement and bounds unresolved; renderer suitability unresolved
swf-definition-01215,580,,shape,source-assets/flash/HELP MATH_ORIGINAL FILES/HELP_COURSES/ELMGR5/L4/FQ/L4FQ02.swf,,,914c0fd33edc8b03289f75605acb768650d64e31bcc1a6ec30175c1b7e6c293c,DefineShape3,,,none; machine census only; no renderer export,machine-extracted-definition-candidate,owner-provided SWF,container=root; definitionDepth=0; tagOrdinal=1215; payloadBytes=462; rawTagPayloadSha256=914c0fd33edc8b03289f75605acb768650d64e31bcc1a6ec30175c1b7e6c293c; exactTagIdentitySha256=7f7fbadde9527daa8425c3f2da5acb51efe8a2b81264f41886bcffe4c0cd6ca5; runtime reachability unresolved; placement and bounds unresolved; renderer suitability unresolved
swf-definition-01216,581,,shape,source-assets/flash/HELP MATH_ORIGINAL FILES/HELP_COURSES/ELMGR5/L4/FQ/L4FQ02.swf,,,59f41551e9dff5f76d8e766c03926bfd61091f024d6280e294c0a6e99fc33562,DefineShape3,,,none; machine census only; no renderer export,machine-extracted-definition-candidate,owner-provided SWF,container=root; definitionDepth=0; tagOrdinal=1216; payloadBytes=462; rawTagPayloadSha256=59f41551e9dff5f76d8e766c03926bfd61091f024d6280e294c0a6e99fc33562; exactTagIdentitySha256=aa9c59995517d4deb449679a1db1192d60d86b8af2973a263cf3c44b839185c2; runtime reachability unresolved; placement and bounds unresolved; renderer suitability unresolved
swf-definition-01217,582,,shape,source-assets/flash/HELP MATH_ORIGINAL FILES/HELP_COURSES/ELMGR5/L4/FQ/L4FQ02.swf,,,e4de5747f88c214bceb0c1a312443f788e2d7c90e5d3540779796be22fd9fa53,DefineShape3,,,none; machine census only; no renderer export,machine-extracted-definition-candidate,owner-provided SWF,container=root; definitionDepth=0; tagOrdinal=1217; payloadBytes=462; rawTagPayloadSha256=e4de5747f88c214bceb0c1a312443f788e2d7c90e5d3540779796be22fd9fa53; exactTagIdentitySha256=59ee2cf58826d9c04a0712fcc2fef8b970d664c61c449f2f73d82a8e29a7848f; runtime reachability unresolved; placement and bounds unresolved; renderer suitability unresolved
swf-definition-01218,583,,shape,source-assets/flash/HELP MATH_ORIGINAL FILES/HELP_COURSES/ELMGR5/L4/FQ/L4FQ02.swf,,,7c967aa977bff0a35275f1e56c191cf50a2733bbd76dc7530f846ab0f5461607,DefineShape3,,,none; machine census only; no renderer export,machine-extracted-definition-candidate,owner-provided SWF,container=root; definitionDepth=0; tagOrdinal=1218; payloadBytes=462; rawTagPayloadSha256=7c967aa977bff0a35275f1e56c191cf50a2733bbd76dc7530f846ab0f5461607; exactTagIdentitySha256=c820818c98954179be34d9440834fd31f22643c45e366f8e3ca7eda3fdbc0f82; runtime reachability unresolved; placement and bounds unresolved; renderer suitability unresolved
swf-definition-01219,584,,sprite,source-assets/flash/HELP MATH_ORIGINAL FILES/HELP_COURSES/ELMGR5/L4/FQ/L4FQ02.swf,,,72a5bb13912cc450e00eff442c61dee8888158d905e3341fdad664df7366d97f,DefineSprite,,,none; machine census only; no renderer export,machine-extracted-definition-candidate,owner-provided SWF,container=root; definitionDepth=0; tagOrdinal=1219; payloadBytes=24; rawTagPayloadSha256=72a5bb13912cc450e00eff442c61dee8888158d905e3341fdad664df7366d97f; exactTagIdentitySha256=cfe6523b02a17d2f6db6ce952552f5fa361388d207ed7b3132f0e63fe2dd2c75; declaredFrameCount=1; runtime reachability unresolved; placement and bounds unresolved; renderer suitability unresolved
swf-definition-01223,585,,sprite,source-assets/flash/HELP MATH_ORIGINAL FILES/HELP_COURSES/ELMGR5/L4/FQ/L4FQ02.swf,,,e68fede2ed57874e74894cc44d837954baae9267c7450f0f1ee6e37550ff5b25,DefineSprite,,,none; machine census only; no renderer export,machine-extracted-definition-candidate,owner-provided SWF,container=root; definitionDepth=0; tagOrdinal=1223; payloadBytes=24; rawTagPayloadSha256=e68fede2ed57874e74894cc44d837954baae9267c7450f0f1ee6e37550ff5b25; exactTagIdentitySha256=3e72f8a8e9bc0b2c7b531c09d2f183adca7367d509d1bafe1b0f96ee60694a94; declaredFrameCount=1; runtime reachability unresolved; placement and bounds unresolved; renderer suitability unresolved
swf-definition-01227,586,,text,source-assets/flash/HELP MATH_ORIGINAL FILES/HELP_COURSES/ELMGR5/L4/FQ/L4FQ02.swf,,,afdef622e1186a3559bfd34f2e58e7b92648da9bfe74204311978bc9727c2bea,DefineEditText,,,none; machine census only; no renderer export,machine-extracted-definition-candidate,owner-provided SWF,container=root; definitionDepth=0; tagOrdinal=1227; payloadBytes=39; rawTagPayloadSha256=afdef622e1186a3559bfd34f2e58e7b92648da9bfe74204311978bc9727c2bea; exactTagIdentitySha256=77e070ee25ed3846428062c6bb95a151afcba11576477593f91ac1938c9f3381; runtime reachability unresolved; placement and bounds unresolved; renderer suitability unresolved
swf-definition-01228,587,,text,source-assets/flash/HELP MATH_ORIGINAL FILES/HELP_COURSES/ELMGR5/L4/FQ/L4FQ02.swf,,,cc458c748555fc1512ac94da4202dbd480615f93946e6425f7e80f844faf6149,DefineEditText,,,none; machine census only; no renderer export,machine-extracted-definition-candidate,owner-provided SWF,container=root; definitionDepth=0; tagOrdinal=1228; payloadBytes=39; rawTagPayloadSha256=cc458c748555fc1512ac94da4202dbd480615f93946e6425f7e80f844faf6149; exactTagIdentitySha256=faa39271a071a913bfcf03f6e8702d7ca86e2ea4308ee296e0ad683d84f0be98; runtime reachability unresolved; placement and bounds unresolved; renderer suitability unresolved
swf-definition-01229,588,,text,source-assets/flash/HELP MATH_ORIGINAL FILES/HELP_COURSES/ELMGR5/L4/FQ/L4FQ02.swf,,,99c8da114a7ef91fe0413197e45e8577636a1e3fd369dd143116b8f67e4ec1da,DefineEditText,,,none; machine census only; no renderer export,machine-extracted-definition-candidate,owner-provided SWF,container=root; definitionDepth=0; tagOrdinal=1229; payloadBytes=39; rawTagPayloadSha256=99c8da114a7ef91fe0413197e45e8577636a1e3fd369dd143116b8f67e4ec1da; exactTagIdentitySha256=82adc2e647fd730d4d76a78fe16ea21a2f99e97bf30e2650e0b5956b3b048eb0; runtime reachability unresolved; placement and bounds unresolved; renderer suitability unresolved
swf-definition-01230,589,,text,source-assets/flash/HELP MATH_ORIGINAL FILES/HELP_COURSES/ELMGR5/L4/FQ/L4FQ02.swf,,,2da0ad7b6cd837496a4ca0b7be324c4334122493bd67ef8154a7680fbb589ecf,DefineEditText,,,none; machine census only; no renderer export,machine-extracted-definition-candidate,owner-provided SWF,container=root; definitionDepth=0; tagOrdinal=1230; payloadBytes=39; rawTagPayloadSha256=2da0ad7b6cd837496a4ca0b7be324c4334122493bd67ef8154a7680fbb589ecf; exactTagIdentitySha256=8b47d2b9229d517162a89b4fc0db6ad45a2872e5ae326e45678a62cf69a4ea98; runtime reachability unresolved; placement and bounds unresolved; renderer suitability unresolved
swf-definition-01231,590,,text,source-assets/flash/HELP MATH_ORIGINAL FILES/HELP_COURSES/ELMGR5/L4/FQ/L4FQ02.swf,,,efeeb698192f29f53d9a6cfc75a8e165120c7a04c6bc0c092fe7e3998b52a38a,DefineEditText,,,none; machine census only; no renderer export,machine-extracted-definition-candidate,owner-provided SWF,container=root; definitionDepth=0; tagOrdinal=1231; payloadBytes=36; rawTagPayloadSha256=efeeb698192f29f53d9a6cfc75a8e165120c7a04c6bc0c092fe7e3998b52a38a; exactTagIdentitySha256=3d696905c6ae72d24947da5214ac5848c401fa199945eb34aa54d213e0abb3d7; runtime reachability unresolved; placement and bounds unresolved; renderer suitability unresolved
swf-definition-01232,591,,text,source-assets/flash/HELP MATH_ORIGINAL FILES/HELP_COURSES/ELMGR5/L4/FQ/L4FQ02.swf,,,1e6d32e50abfa81522f23425e93f3190e0066953ae4e1439076b1dec30907f75,DefineEditText,,,none; machine census only; no renderer export,machine-extracted-definition-candidate,owner-provided SWF,container=root; definitionDepth=0; tagOrdinal=1232; payloadBytes=32; rawTagPayloadSha256=1e6d32e50abfa81522f23425e93f3190e0066953ae4e1439076b1dec30907f75; exactTagIdentitySha256=cf5953a888dc369c9d4df31dcc1d183ab29d121a33be73a6212db472e4cc6e68; runtime reachability unresolved; placement and bounds unresolved; renderer suitability unresolved
swf-definition-01233,592,,text,source-assets/flash/HELP MATH_ORIGINAL FILES/HELP_COURSES/ELMGR5/L4/FQ/L4FQ02.swf,,,be85c671ef7a33d213e0177b52c9f3f9452ca78e2cbeb853b14fbafea4265319,DefineEditText,,,none; machine census only; no renderer export,machine-extracted-definition-candidate,owner-provided SWF,container=root; definitionDepth=0; tagOrdinal=1233; payloadBytes=31; rawTagPayloadSha256=be85c671ef7a33d213e0177b52c9f3f9452ca78e2cbeb853b14fbafea4265319; exactTagIdentitySha256=bc0acb635457d275a0c0097d0d8e1d8333cf7cb78156ed0999b583a4c3680b52; runtime reachability unresolved; placement and bounds unresolved; renderer suitability unresolved
swf-definition-01234,593,,text,source-assets/flash/HELP MATH_ORIGINAL FILES/HELP_COURSES/ELMGR5/L4/FQ/L4FQ02.swf,,,a1e36b1645defa80018e0e5f17bc958fb6b93abe7f54a10430481308a4aaf5f9,DefineEditText,,,none; machine census only; no renderer export,machine-extracted-definition-candidate,owner-provided SWF,container=root; definitionDepth=0; tagOrdinal=1234; payloadBytes=31; rawTagPayloadSha256=a1e36b1645defa80018e0e5f17bc958fb6b93abe7f54a10430481308a4aaf5f9; exactTagIdentitySha256=6d9433d4c9b557dfe509bda867a3d42d04e1abcdf5e6eeb6a521b66a928f3519; runtime reachability unresolved; placement and bounds unresolved; renderer suitability unresolved
swf-definition-01235,594,,sprite,source-assets/flash/HELP MATH_ORIGINAL FILES/HELP_COURSES/ELMGR5/L4/FQ/L4FQ02.swf,,,75ef010c37017adc30c454d3285990be0436e5002393a4b0536f637745eb2b58,DefineSprite,,,none; machine census only; no renderer export,machine-extracted-definition-candidate,owner-provided SWF,container=root; definitionDepth=0; tagOrdinal=1235; payloadBytes=24; rawTagPayloadSha256=75ef010c37017adc30c454d3285990be0436e5002393a4b0536f637745eb2b58; exactTagIdentitySha256=92e664dfe6719252cb7bf9b2d2ef5cf0a43dfd946ced9976f81bfbe7e3ed4a8d; declaredFrameCount=1; runtime reachability unresolved; placement and bounds unresolved; renderer suitability unresolved
swf-definition-01239,595,,sprite,source-assets/flash/HELP MATH_ORIGINAL FILES/HELP_COURSES/ELMGR5/L4/FQ/L4FQ02.swf,,,c914b201e7057c96f0b0b6a93864c90fffa6b350a2abd9d5e18c4201a9ed866d,DefineSprite,,,none; machine census only; no renderer export,machine-extracted-definition-candidate,owner-provided SWF,container=root; definitionDepth=0; tagOrdinal=1239; payloadBytes=24; rawTagPayloadSha256=c914b201e7057c96f0b0b6a93864c90fffa6b350a2abd9d5e18c4201a9ed866d; exactTagIdentitySha256=84b169f8a9eb1b918b06bc7144955126940310fd458bce986deee65856560e68; declaredFrameCount=1; runtime reachability unresolved; placement and bounds unresolved; renderer suitability unresolved
swf-definition-01243,596,,shape,source-assets/flash/HELP MATH_ORIGINAL FILES/HELP_COURSES/ELMGR5/L4/FQ/L4FQ02.swf,,,f9aa32d0d12895d7da8f3a580a9367031165112a4d8bbc4ec507f6401e0eb9ed,DefineShape3,,,none; machine census only; no renderer export,machine-extracted-definition-candidate,owner-provided SWF,container=root; definitionDepth=0; tagOrdinal=1243; payloadBytes=462; rawTagPayloadSha256=f9aa32d0d12895d7da8f3a580a9367031165112a4d8bbc4ec507f6401e0eb9ed; exactTagIdentitySha256=e6751eeba566ea0ec27142104d01517d5829389b537b74fe0143c3a133ad19d8; runtime reachability unresolved; placement and bounds unresolved; renderer suitability unresolved
swf-definition-01244,597,,shape,source-assets/flash/HELP MATH_ORIGINAL FILES/HELP_COURSES/ELMGR5/L4/FQ/L4FQ02.swf,,,1c4133f65475a4cfeb6c88d947a1bbaa3f1635b46eea6debba48f3bda8dbd00e,DefineShape3,,,none; machine census only; no renderer export,machine-extracted-definition-candidate,owner-provided SWF,container=root; definitionDepth=0; tagOrdinal=1244; payloadBytes=462; rawTagPayloadSha256=1c4133f65475a4cfeb6c88d947a1bbaa3f1635b46eea6debba48f3bda8dbd00e; exactTagIdentitySha256=35fddf77ff361f5d51dc8e8248e8dd87a16e64cfe5b5cb885d823311d60db8a5; runtime reachability unresolved; placement and bounds unresolved; renderer suitability unresolved
swf-definition-01245,598,,shape,source-assets/flash/HELP MATH_ORIGINAL FILES/HELP_COURSES/ELMGR5/L4/FQ/L4FQ02.swf,,,92b921e48d247bbf2b799f1c77a0c801fe5bf23d254bfaf3ffc17cd846bec580,DefineShape3,,,none; machine census only; no renderer export,machine-extracted-definition-candidate,owner-provided SWF,container=root; definitionDepth=0; tagOrdinal=1245; payloadBytes=462; rawTagPayloadSha256=92b921e48d247bbf2b799f1c77a0c801fe5bf23d254bfaf3ffc17cd846bec580; exactTagIdentitySha256=3263cc13be4a207a5a4ca35178c6e56b119f8de5b7135ccde1cadd1312209da7; runtime reachability unresolved; placement and bounds unresolved; renderer suitability unresolved
swf-definition-01246,599,,sprite,source-assets/flash/HELP MATH_ORIGINAL FILES/HELP_COURSES/ELMGR5/L4/FQ/L4FQ02.swf,,,d54bbe23ee61968821b2384accbece26b3ddd355f0dc5a63b818565755ce570d,DefineSprite,,,none; machine census only; no renderer export,machine-extracted-definition-candidate,owner-provided SWF,container=root; definitionDepth=0; tagOrdinal=1246; payloadBytes=24; rawTagPayloadSha256=d54bbe23ee61968821b2384accbece26b3ddd355f0dc5a63b818565755ce570d; exactTagIdentitySha256=bd3eb3c77419aa7add7e36f5b18d93c0ce35296ff32e1c2708227c7f893cd062; declaredFrameCount=1; runtime reachability unresolved; placement and bounds unresolved; renderer suitability unresolved
swf-definition-01250,600,,sprite,source-assets/flash/HELP MATH_ORIGINAL FILES/HELP_COURSES/ELMGR5/L4/FQ/L4FQ02.swf,,,d75c9aa5335dd4b256f9c7e506631dd1c1e8b51319ee29f7262212144faff08a,DefineSprite,,,none; machine census only; no renderer export,machine-extracted-definition-candidate,owner-provided SWF,container=root; definitionDepth=0; tagOrdinal=1250; payloadBytes=24; rawTagPayloadSha256=d75c9aa5335dd4b256f9c7e506631dd1c1e8b51319ee29f7262212144faff08a; exactTagIdentitySha256=8c4aed8a44059267ce32efae31acebbe808ab5540a4ba255f4a237de2e8d5c4c; declaredFrameCount=1; runtime reachability unresolved; placement and bounds unresolved; renderer suitability unresolved
swf-definition-01254,601,,text,source-assets/flash/HELP MATH_ORIGINAL FILES/HELP_COURSES/ELMGR5/L4/FQ/L4FQ02.swf,,,90eb21153a5e3e50f3fcc0dd44872ad413d2666b894ed0d9d696d13acd12ef1c,DefineEditText,,,none; machine census only; no renderer export,machine-extracted-definition-candidate,owner-provided SWF,container=root; definitionDepth=0; tagOrdinal=1254; payloadBytes=39; rawTagPayloadSha256=90eb21153a5e3e50f3fcc0dd44872ad413d2666b894ed0d9d696d13acd12ef1c; exactTagIdentitySha256=74631c0e18729b55e8c3afc4bf2672280798c26e91659fd9a3bf5dfef16c5562; runtime reachability unresolved; placement and bounds unresolved; renderer suitability unresolved
swf-definition-01255,602,,text,source-assets/flash/HELP MATH_ORIGINAL FILES/HELP_COURSES/ELMGR5/L4/FQ/L4FQ02.swf,,,c89f9eeb934a846bb546db37efc68226e9d83f26d27b71e70cab777f5b819040,DefineEditText,,,none; machine census only; no renderer export,machine-extracted-definition-candidate,owner-provided SWF,container=root; definitionDepth=0; tagOrdinal=1255; payloadBytes=39; rawTagPayloadSha256=c89f9eeb934a846bb546db37efc68226e9d83f26d27b71e70cab777f5b819040; exactTagIdentitySha256=94f0e3d574c3bf05beab1576508ae9f7c9c32e90a108bdfa35f399bc4532a478; runtime reachability unresolved; placement and bounds unresolved; renderer suitability unresolved
swf-definition-01256,603,,text,source-assets/flash/HELP MATH_ORIGINAL FILES/HELP_COURSES/ELMGR5/L4/FQ/L4FQ02.swf,,,653fb6c20cd9f4a9442fec943346c6dcda4472b89d484ab4cfb4b5dbeed4d86b,DefineEditText,,,none; machine census only; no renderer export,machine-extracted-definition-candidate,owner-provided SWF,container=root; definitionDepth=0; tagOrdinal=1256; payloadBytes=39; rawTagPayloadSha256=653fb6c20cd9f4a9442fec943346c6dcda4472b89d484ab4cfb4b5dbeed4d86b; exactTagIdentitySha256=947b892526478250beac180cbd43ce2b88dcd5040991e81bac9365d3f36f5ebf; runtime reachability unresolved; placement and bounds unresolved; renderer suitability unresolved
swf-definition-01257,604,,text,source-assets/flash/HELP MATH_ORIGINAL FILES/HELP_COURSES/ELMGR5/L4/FQ/L4FQ02.swf,,,52d2d3d3ab7d213102ec72ce9c24be0425e6f5e8f8a295aefcfce1e503626ea3,DefineEditText,,,none; machine census only; no renderer export,machine-extracted-definition-candidate,owner-provided SWF,container=root; definitionDepth=0; tagOrdinal=1257; payloadBytes=39; rawTagPayloadSha256=52d2d3d3ab7d213102ec72ce9c24be0425e6f5e8f8a295aefcfce1e503626ea3; exactTagIdentitySha256=382974cfcd1b2a61f9973887108723b0463ffb4724e82a4a63052058f5234fde; runtime reachability unresolved; placement and bounds unresolved; renderer suitability unresolved
swf-definition-01258,605,,text,source-assets/flash/HELP MATH_ORIGINAL FILES/HELP_COURSES/ELMGR5/L4/FQ/L4FQ02.swf,,,1a98285cf4e3f4ddb8c98e01b74de60989fd9d3a6084e04eada57cd4d3a8456c,DefineEditText,,,none; machine census only; no renderer export,machine-extracted-definition-candidate,owner-provided SWF,container=root; definitionDepth=0; tagOrdinal=1258; payloadBytes=36; rawTagPayloadSha256=1a98285cf4e3f4ddb8c98e01b74de60989fd9d3a6084e04eada57cd4d3a8456c; exactTagIdentitySha256=3d43512730bbaf3c8c957a1d7db9390912f85b1f478ea638169fd82dc807da33; runtime reachability unresolved; placement and bounds unresolved; renderer suitability unresolved
swf-definition-01259,606,,text,source-assets/flash/HELP MATH_ORIGINAL FILES/HELP_COURSES/ELMGR5/L4/FQ/L4FQ02.swf,,,e92cbd3cd8859a5165f73d8140641e4cf6ae6070d767e32c6e48e3543e497d2d,DefineEditText,,,none; machine census only; no renderer export,machine-extracted-definition-candidate,owner-provided SWF,container=root; definitionDepth=0; tagOrdinal=1259; payloadBytes=32; rawTagPayloadSha256=e92cbd3cd8859a5165f73d8140641e4cf6ae6070d767e32c6e48e3543e497d2d; exactTagIdentitySha256=ca112d13cee24b295bf5a7fccaeaf3348ba03ee9b3a96629b2eba55465aed1a4; runtime reachability unresolved; placement and bounds unresolved; renderer suitability unresolved
swf-definition-01260,607,,text,source-assets/flash/HELP MATH_ORIGINAL FILES/HELP_COURSES/ELMGR5/L4/FQ/L4FQ02.swf,,,f86eb18f3c044f1ba31a57689e8089a884d70e2cada3dddd16bd73e9560c2f63,DefineEditText,,,none; machine census only; no renderer export,machine-extracted-definition-candidate,owner-provided SWF,container=root; definitionDepth=0; tagOrdinal=1260; payloadBytes=31; rawTagPayloadSha256=f86eb18f3c044f1ba31a57689e8089a884d70e2cada3dddd16bd73e9560c2f63; exactTagIdentitySha256=9456fc0184946aef8c6ecf0b180b45807ac610f62a65b6841ffcbe17055793a7; runtime reachability unresolved; placement and bounds unresolved; renderer suitability unresolved
swf-definition-01261,608,,text,source-assets/flash/HELP MATH_ORIGINAL FILES/HELP_COURSES/ELMGR5/L4/FQ/L4FQ02.swf,,,60a38c4e71f37380fe17039a6eadd94fb3fdb10ccb3d710cb049ff3b534907c2,DefineEditText,,,none; machine census only; no renderer export,machine-extracted-definition-candidate,owner-provided SWF,container=root; definitionDepth=0; tagOrdinal=1261; payloadBytes=31; rawTagPayloadSha256=60a38c4e71f37380fe17039a6eadd94fb3fdb10ccb3d710cb049ff3b534907c2; exactTagIdentitySha256=d387c8e389bfbea007ffac4df0d4a8f1631ca8773458b3b58cf046f1304ab94b; runtime reachability unresolved; placement and bounds unresolved; renderer suitability unresolved
swf-definition-01262,609,,shape,source-assets/flash/HELP MATH_ORIGINAL FILES/HELP_COURSES/ELMGR5/L4/FQ/L4FQ02.swf,,,aff1fa97074ff953496838f09ff8e4cda23ef89efce4379415ed2b31403d1e7c,DefineShape,,,none; machine census only; no renderer export,machine-extracted-definition-candidate,owner-provided SWF,container=root; definitionDepth=0; tagOrdinal=1262; payloadBytes=25; rawTagPayloadSha256=aff1fa97074ff953496838f09ff8e4cda23ef89efce4379415ed2b31403d1e7c; exactTagIdentitySha256=3b80a003495fe9ddf008540353d37934c467a7a4483cf320b15136494e81b4db; runtime reachability unresolved; placement and bounds unresolved; renderer suitability unresolved
swf-definition-01263,610,,sprite,source-assets/flash/HELP MATH_ORIGINAL FILES/HELP_COURSES/ELMGR5/L4/FQ/L4FQ02.swf,,,1d6050448a4c0cc3deef57af2bf758e6da5e899964ca5a78d74c0757f5200ea0,DefineSprite,,,none; machine census only; no renderer export,machine-extracted-definition-candidate,owner-provided SWF,container=root; definitionDepth=0; tagOrdinal=1263; payloadBytes=43; rawTagPayloadSha256=1d6050448a4c0cc3deef57af2bf758e6da5e899964ca5a78d74c0757f5200ea0; exactTagIdentitySha256=be2b11d54514cef85ff274bba873ac325690bfee25e107252ec72eb29c83f596; declaredFrameCount=1; runtime reachability unresolved; placement and bounds unresolved; renderer suitability unresolved
swf-definition-01269,611,,shape,source-assets/flash/HELP MATH_ORIGINAL FILES/HELP_COURSES/ELMGR5/L4/FQ/L4FQ02.swf,,,db2d9da155a95d96e48184070d810454a67c2f2d9dde66f3c670b1f280a2e899,DefineShape,,,none; machine census only; no renderer export,machine-extracted-definition-candidate,owner-provided SWF,container=root; definitionDepth=0; tagOrdinal=1269; payloadBytes=25; rawTagPayloadSha256=db2d9da155a95d96e48184070d810454a67c2f2d9dde66f3c670b1f280a2e899; exactTagIdentitySha256=6391ef131a654e6a0ec71e06a9fed12a86e0f14b1e63aa4eb714d11cb04d92ff; runtime reachability unresolved; placement and bounds unresolved; renderer suitability unresolved
swf-definition-01270,612,,sprite,source-assets/flash/HELP MATH_ORIGINAL FILES/HELP_COURSES/ELMGR5/L4/FQ/L4FQ02.swf,,,f80451f7adda3f2f483ad5035f34177c903df52526219ea56cceaf6f8fd9625f,DefineSprite,,,none; machine census only; no renderer export,machine-extracted-definition-candidate,owner-provided SWF,container=root; definitionDepth=0; tagOrdinal=1270; payloadBytes=43; rawTagPayloadSha256=f80451f7adda3f2f483ad5035f34177c903df52526219ea56cceaf6f8fd9625f; exactTagIdentitySha256=8b0b0dea9bb0aa3707465ce6febbbf654c68f860c59351e062dd25df39d0dd6d; declaredFrameCount=1; runtime reachability unresolved; placement and bounds unresolved; renderer suitability unresolved
swf-definition-01276,613,,shape,source-assets/flash/HELP MATH_ORIGINAL FILES/HELP_COURSES/ELMGR5/L4/FQ/L4FQ02.swf,,,2dcc5e3795098f48dba7b98b359a7d7c8ff985a8e0af0f15a477a8ec3b6fadad,DefineShape3,,,none; machine census only; no renderer export,machine-extracted-definition-candidate,owner-provided SWF,container=root; definitionDepth=0; tagOrdinal=1276; payloadBytes=462; rawTagPayloadSha256=2dcc5e3795098f48dba7b98b359a7d7c8ff985a8e0af0f15a477a8ec3b6fadad; exactTagIdentitySha256=5d5ade0072ae647c0a6359a0a9e5242b53fecde8ccf01e5c532c305b6beed625; runtime reachability unresolved; placement and bounds unresolved; renderer suitability unresolved
swf-definition-01277,614,,shape,source-assets/flash/HELP MATH_ORIGINAL FILES/HELP_COURSES/ELMGR5/L4/FQ/L4FQ02.swf,,,a0d8f70d9916dd1175222378c1c402c5bafda4fe6689509e3e34cd45899cd9c2,DefineShape3,,,none; machine census only; no renderer export,machine-extracted-definition-candidate,owner-provided SWF,container=root; definitionDepth=0; tagOrdinal=1277; payloadBytes=462; rawTagPayloadSha256=a0d8f70d9916dd1175222378c1c402c5bafda4fe6689509e3e34cd45899cd9c2; exactTagIdentitySha256=b6c892b05a4f3e9f7c0b7cf1158274e07d021d1ac53e064414dcf783769b9736; runtime reachability unresolved; placement and bounds unresolved; renderer suitability unresolved
swf-definition-01278,615,,shape,source-assets/flash/HELP MATH_ORIGINAL FILES/HELP_COURSES/ELMGR5/L4/FQ/L4FQ02.swf,,,b508f6093dd5eaede1b961a1971b54d9b322e973f8750dd1b85409d5effb6bb0,DefineShape3,,,none; machine census only; no renderer export,machine-extracted-definition-candidate,owner-provided SWF,container=root; definitionDepth=0; tagOrdinal=1278; payloadBytes=462; rawTagPayloadSha256=b508f6093dd5eaede1b961a1971b54d9b322e973f8750dd1b85409d5effb6bb0; exactTagIdentitySha256=6aac4adf70d5dbf5057322f57c36cd706ca7bc04b91c633f435f3b61ec5f4b48; runtime reachability unresolved; placement and bounds unresolved; renderer suitability unresolved
swf-definition-01279,616,,sprite,source-assets/flash/HELP MATH_ORIGINAL FILES/HELP_COURSES/ELMGR5/L4/FQ/L4FQ02.swf,,,fe02976f7a89ec4813922442ede8c1bfd95375f2816adf38cb7b384647b0b668,DefineSprite,,,none; machine census only; no renderer export,machine-extracted-definition-candidate,owner-provided SWF,container=root; definitionDepth=0; tagOrdinal=1279; payloadBytes=24; rawTagPayloadSha256=fe02976f7a89ec4813922442ede8c1bfd95375f2816adf38cb7b384647b0b668; exactTagIdentitySha256=d651ad262a17581fcf1b918613113b21bc61b162da33f2f9dc1fe34430dc4522; declaredFrameCount=1; runtime reachability unresolved; placement and bounds unresolved; renderer suitability unresolved
swf-definition-01283,617,,sprite,source-assets/flash/HELP MATH_ORIGINAL FILES/HELP_COURSES/ELMGR5/L4/FQ/L4FQ02.swf,,,8d1126c32b0c826e6caf7e7486e19cc09fa5ed007e86d42eb1fc29e402e48fd3,DefineSprite,,,none; machine census only; no renderer export,machine-extracted-definition-candidate,owner-provided SWF,container=root; definitionDepth=0; tagOrdinal=1283; payloadBytes=24; rawTagPayloadSha256=8d1126c32b0c826e6caf7e7486e19cc09fa5ed007e86d42eb1fc29e402e48fd3; exactTagIdentitySha256=50df73a1efeb350f6987ef4eee158baaf92596256cae7d446818fa6fa059d8b7; declaredFrameCount=1; runtime reachability unresolved; placement and bounds unresolved; renderer suitability unresolved
swf-definition-01287,618,,text,source-assets/flash/HELP MATH_ORIGINAL FILES/HELP_COURSES/ELMGR5/L4/FQ/L4FQ02.swf,,,1e2a6709f468f9604ff2cd656950347c82e56e7d4610f8922000f892fd9f894e,DefineEditText,,,none; machine census only; no renderer export,machine-extracted-definition-candidate,owner-provided SWF,container=root; definitionDepth=0; tagOrdinal=1287; payloadBytes=39; rawTagPayloadSha256=1e2a6709f468f9604ff2cd656950347c82e56e7d4610f8922000f892fd9f894e; exactTagIdentitySha256=64b9bc69efb16e0036b3585862a63db9a6f43d0d35ca945e7e283712434e2d65; runtime reachability unresolved; placement and bounds unresolved; renderer suitability unresolved
swf-definition-01288,619,,text,source-assets/flash/HELP MATH_ORIGINAL FILES/HELP_COURSES/ELMGR5/L4/FQ/L4FQ02.swf,,,36b22d94a7aef21ba4622b59b877b0c7a5d280a4c705a6037e1c084c505526e9,DefineEditText,,,none; machine census only; no renderer export,machine-extracted-definition-candidate,owner-provided SWF,container=root; definitionDepth=0; tagOrdinal=1288; payloadBytes=39; rawTagPayloadSha256=36b22d94a7aef21ba4622b59b877b0c7a5d280a4c705a6037e1c084c505526e9; exactTagIdentitySha256=c71769f48ac1f1a79b00c513b3a91e671c9d607597fe9b57a808dc5ddaaee132; runtime reachability unresolved; placement and bounds unresolved; renderer suitability unresolved
swf-definition-01289,620,,text,source-assets/flash/HELP MATH_ORIGINAL FILES/HELP_COURSES/ELMGR5/L4/FQ/L4FQ02.swf,,,73ee20ac78c4e77186a763dc19576347a4b3fa8cf2b5df9d9e60a2dcc5af9524,DefineEditText,,,none; machine census only; no renderer export,machine-extracted-definition-candidate,owner-provided SWF,container=root; definitionDepth=0; tagOrdinal=1289; payloadBytes=39; rawTagPayloadSha256=73ee20ac78c4e77186a763dc19576347a4b3fa8cf2b5df9d9e60a2dcc5af9524; exactTagIdentitySha256=70f3ba697b4a5b584a59119679f2d45f3ff23c7f8ba2333da52f47d5c508fab7; runtime reachability unresolved; placement and bounds unresolved; renderer suitability unresolved
swf-definition-01290,621,,text,source-assets/flash/HELP MATH_ORIGINAL FILES/HELP_COURSES/ELMGR5/L4/FQ/L4FQ02.swf,,,0695ca404a6683113f8268135ad0859d24e5a9f9e976e7e9f091daf8383bb64c,DefineEditText,,,none; machine census only; no renderer export,machine-extracted-definition-candidate,owner-provided SWF,container=root; definitionDepth=0; tagOrdinal=1290; payloadBytes=39; rawTagPayloadSha256=0695ca404a6683113f8268135ad0859d24e5a9f9e976e7e9f091daf8383bb64c; exactTagIdentitySha256=14bf42123dee52c227892b8a6131f7dc38c207f42e63bec78620a3eacf25dfef; runtime reachability unresolved; placement and bounds unresolved; renderer suitability unresolved
swf-definition-01291,622,,text,source-assets/flash/HELP MATH_ORIGINAL FILES/HELP_COURSES/ELMGR5/L4/FQ/L4FQ02.swf,,,944abc6e81daea95e773671b29fa96c82bf471e0b867070ef11fbe86cdcefaf8,DefineEditText,,,none; machine census only; no renderer export,machine-extracted-definition-candidate,owner-provided SWF,container=root; definitionDepth=0; tagOrdinal=1291; payloadBytes=36; rawTagPayloadSha256=944abc6e81daea95e773671b29fa96c82bf471e0b867070ef11fbe86cdcefaf8; exactTagIdentitySha256=fcf659c98e4a6b9ea18f2932668b1257b1bee79ee0546a96181a173c99c26f41; runtime reachability unresolved; placement and bounds unresolved; renderer suitability unresolved
swf-definition-01292,623,,text,source-assets/flash/HELP MATH_ORIGINAL FILES/HELP_COURSES/ELMGR5/L4/FQ/L4FQ02.swf,,,69978b6b8155c1c67d50f2d5b1f1120d4d6236ffdd1202d4e582fa35c4c42c88,DefineEditText,,,none; machine census only; no renderer export,machine-extracted-definition-candidate,owner-provided SWF,container=root; definitionDepth=0; tagOrdinal=1292; payloadBytes=32; rawTagPayloadSha256=69978b6b8155c1c67d50f2d5b1f1120d4d6236ffdd1202d4e582fa35c4c42c88; exactTagIdentitySha256=85e4a05180883c1c603ae3219580a8fd7b2fa23317478687a38b3b6c0bd3bfa7; runtime reachability unresolved; placement and bounds unresolved; renderer suitability unresolved
swf-definition-01293,624,,text,source-assets/flash/HELP MATH_ORIGINAL FILES/HELP_COURSES/ELMGR5/L4/FQ/L4FQ02.swf,,,8074815ac8af4d29bf67c14594d10b1ba31d0cca927f202bccc8b9bf384608ee,DefineEditText,,,none; machine census only; no renderer export,machine-extracted-definition-candidate,owner-provided SWF,container=root; definitionDepth=0; tagOrdinal=1293; payloadBytes=31; rawTagPayloadSha256=8074815ac8af4d29bf67c14594d10b1ba31d0cca927f202bccc8b9bf384608ee; exactTagIdentitySha256=ab3e7757c25a2c0a1bbef5c891d51e638e618a02258f72ae5ce39e3cbbbba3fe; runtime reachability unresolved; placement and bounds unresolved; renderer suitability unresolved
swf-definition-01294,625,,text,source-assets/flash/HELP MATH_ORIGINAL FILES/HELP_COURSES/ELMGR5/L4/FQ/L4FQ02.swf,,,e508e69b7dd73b03d486e3b3f275b8e45e9ad7d7ed6f90d777041905d7356cb2,DefineEditText,,,none; machine census only; no renderer export,machine-extracted-definition-candidate,owner-provided SWF,container=root; definitionDepth=0; tagOrdinal=1294; payloadBytes=31; rawTagPayloadSha256=e508e69b7dd73b03d486e3b3f275b8e45e9ad7d7ed6f90d777041905d7356cb2; exactTagIdentitySha256=7e38bbd15df28f1fb50a200ed4e3924e1df666b860f3d0639490366b7d0c6b7e; runtime reachability unresolved; placement and bounds unresolved; renderer suitability unresolved
swf-definition-01295,626,,text,source-assets/flash/HELP MATH_ORIGINAL FILES/HELP_COURSES/ELMGR5/L4/FQ/L4FQ02.swf,,,444a951818570454bd837599eec07e18a720bc02c2250a79e2512b9575c4e471,DefineEditText,,,none; machine census only; no renderer export,machine-extracted-definition-candidate,owner-provided SWF,container=root; definitionDepth=0; tagOrdinal=1295; payloadBytes=39; rawTagPayloadSha256=444a951818570454bd837599eec07e18a720bc02c2250a79e2512b9575c4e471; exactTagIdentitySha256=f3a508accb755dc0689b5aa816002bbfb10c3d864445d855e268e43197dc8b39; runtime reachability unresolved; placement and bounds unresolved; renderer suitability unresolved
swf-definition-01296,627,,text,source-assets/flash/HELP MATH_ORIGINAL FILES/HELP_COURSES/ELMGR5/L4/FQ/L4FQ02.swf,,,2482167716e80836e75030f633ed7b159607d42133eed3ed58a59d564ad887fa,DefineEditText,,,none; machine census only; no renderer export,machine-extracted-definition-candidate,owner-provided SWF,container=root; definitionDepth=0; tagOrdinal=1296; payloadBytes=39; rawTagPayloadSha256=2482167716e80836e75030f633ed7b159607d42133eed3ed58a59d564ad887fa; exactTagIdentitySha256=9998d623df74f47155a3041cbf35a83821d1d8c764e4c9d132f8ccfaff18b2d1; runtime reachability unresolved; placement and bounds unresolved; renderer suitability unresolved
swf-definition-01297,628,,text,source-assets/flash/HELP MATH_ORIGINAL FILES/HELP_COURSES/ELMGR5/L4/FQ/L4FQ02.swf,,,80a5c48e14de32601a7184bac4f11ad2b3160098fa687260a2129907f1159ed9,DefineEditText,,,none; machine census only; no renderer export,machine-extracted-definition-candidate,owner-provided SWF,container=root; definitionDepth=0; tagOrdinal=1297; payloadBytes=39; rawTagPayloadSha256=80a5c48e14de32601a7184bac4f11ad2b3160098fa687260a2129907f1159ed9; exactTagIdentitySha256=38015b56965f308d28ffba1dacb80a716aaa3df9bb85b3ef762b0c7953fdd3c1; runtime reachability unresolved; placement and bounds unresolved; renderer suitability unresolved
swf-definition-01298,629,,text,source-assets/flash/HELP MATH_ORIGINAL FILES/HELP_COURSES/ELMGR5/L4/FQ/L4FQ02.swf,,,d59283da64c028e9e3bf6d57565fcbdb436f4f0af90786b0a23e880a19207706,DefineEditText,,,none; machine census only; no renderer export,machine-extracted-definition-candidate,owner-provided SWF,container=root; definitionDepth=0; tagOrdinal=1298; payloadBytes=39; rawTagPayloadSha256=d59283da64c028e9e3bf6d57565fcbdb436f4f0af90786b0a23e880a19207706; exactTagIdentitySha256=f14c4d53da4dab50b2971dcaaa57c9d260151bc1a89202862181931d90194df3; runtime reachability unresolved; placement and bounds unresolved; renderer suitability unresolved
swf-definition-01299,630,,shape,source-assets/flash/HELP MATH_ORIGINAL FILES/HELP_COURSES/ELMGR5/L4/FQ/L4FQ02.swf,,,c74cb13915f14a6f63018953e93502dead0602cb1001e03214cc46e9bb4e90d1,DefineShape,,,none; machine census only; no renderer export,machine-extracted-definition-candidate,owner-provided SWF,container=root; definitionDepth=0; tagOrdinal=1299; payloadBytes=25; rawTagPayloadSha256=c74cb13915f14a6f63018953e93502dead0602cb1001e03214cc46e9bb4e90d1; exactTagIdentitySha256=a7f2135f7ad5dc6ec303c1ca0eebcda651b8f525ed34914463fbd1128b0f04a6; runtime reachability unresolved; placement and bounds unresolved; renderer suitability unresolved
swf-definition-01300,631,,sprite,source-assets/flash/HELP MATH_ORIGINAL FILES/HELP_COURSES/ELMGR5/L4/FQ/L4FQ02.swf,,,5e76ceab9d34677bcbc0545e0d01239c08fb0b4020646d85841faf80ba560bf3,DefineSprite,,,none; machine census only; no renderer export,machine-extracted-definition-candidate,owner-provided SWF,container=root; definitionDepth=0; tagOrdinal=1300; payloadBytes=43; rawTagPayloadSha256=5e76ceab9d34677bcbc0545e0d01239c08fb0b4020646d85841faf80ba560bf3; exactTagIdentitySha256=6a48c7d62078403db68cd3297b1af258980a529efadabb9889f06539a7301f44; declaredFrameCount=1; runtime reachability unresolved; placement and bounds unresolved; renderer suitability unresolved
swf-definition-01306,632,,sprite,source-assets/flash/HELP MATH_ORIGINAL FILES/HELP_COURSES/ELMGR5/L4/FQ/L4FQ02.swf,,,b228e10aa22cbaff117ae58ca7818b97b91c09fb2e39c8f94691f38eb45db45a,DefineSprite,,,none; machine census only; no renderer export,machine-extracted-definition-candidate,owner-provided SWF,container=root; definitionDepth=0; tagOrdinal=1306; payloadBytes=24; rawTagPayloadSha256=b228e10aa22cbaff117ae58ca7818b97b91c09fb2e39c8f94691f38eb45db45a; exactTagIdentitySha256=14ca0a4883246a540d6a5b798d9f4142423fb25d6f89aad028f25ea6f5262296; declaredFrameCount=1; runtime reachability unresolved; placement and bounds unresolved; renderer suitability unresolved
swf-definition-01310,633,,shape,source-assets/flash/HELP MATH_ORIGINAL FILES/HELP_COURSES/ELMGR5/L4/FQ/L4FQ02.swf,,,d84f17581046ced459b70584a40a6b5bbb9d2cbcb673548511394980f0a70494,DefineShape3,,,none; machine census only; no renderer export,machine-extracted-definition-candidate,owner-provided SWF,container=root; definitionDepth=0; tagOrdinal=1310; payloadBytes=462; rawTagPayloadSha256=d84f17581046ced459b70584a40a6b5bbb9d2cbcb673548511394980f0a70494; exactTagIdentitySha256=6c1fd28142768a5cd8103a4ff3142d1d5be0662f4d72227bcec985594767610e; runtime reachability unresolved; placement and bounds unresolved; renderer suitability unresolved
swf-definition-01311,634,,shape,source-assets/flash/HELP MATH_ORIGINAL FILES/HELP_COURSES/ELMGR5/L4/FQ/L4FQ02.swf,,,1fd7497f7c219e3b747656aed2b5d5ce7bab9e4a5a7d50781d029380b1e61543,DefineShape3,,,none; machine census only; no renderer export,machine-extracted-definition-candidate,owner-provided SWF,container=root; definitionDepth=0; tagOrdinal=1311; payloadBytes=462; rawTagPayloadSha256=1fd7497f7c219e3b747656aed2b5d5ce7bab9e4a5a7d50781d029380b1e61543; exactTagIdentitySha256=21be70b617f5d41d9d26731f55808d643948433d5ed1a18d9f4c9be10498eff3; runtime reachability unresolved; placement and bounds unresolved; renderer suitability unresolved
swf-definition-01312,635,,sprite,source-assets/flash/HELP MATH_ORIGINAL FILES/HELP_COURSES/ELMGR5/L4/FQ/L4FQ02.swf,,,6d80c5527ecb5ef19f30f9225a7c5ae0e2c08c816d9c0771510329ba8771a8ba,DefineSprite,,,none; machine census only; no renderer export,machine-extracted-definition-candidate,owner-provided SWF,container=root; definitionDepth=0; tagOrdinal=1312; payloadBytes=24; rawTagPayloadSha256=6d80c5527ecb5ef19f30f9225a7c5ae0e2c08c816d9c0771510329ba8771a8ba; exactTagIdentitySha256=289429218c9cc492822478dd7413f3dfc410f872f1611843e82df78be23acb52; declaredFrameCount=1; runtime reachability unresolved; placement and bounds unresolved; renderer suitability unresolved
swf-definition-01316,636,,text,source-assets/flash/HELP MATH_ORIGINAL FILES/HELP_COURSES/ELMGR5/L4/FQ/L4FQ02.swf,,,be9ff01ccd662e3e3e19ee5a1a63c7bb88c362ee9c6409420d60c088f9a6bd5a,DefineText,,,none; machine census only; no renderer export,machine-extracted-definition-candidate,owner-provided SWF,container=root; definitionDepth=0; tagOrdinal=1316; payloadBytes=33; rawTagPayloadSha256=be9ff01ccd662e3e3e19ee5a1a63c7bb88c362ee9c6409420d60c088f9a6bd5a; exactTagIdentitySha256=299b6b63bcd8ff488abb8d9c9ad08046bc0badc1c72809b1006d22f8d351db2a; runtime reachability unresolved; placement and bounds unresolved; renderer suitability unresolved
swf-definition-01317,637,,sprite,source-assets/flash/HELP MATH_ORIGINAL FILES/HELP_COURSES/ELMGR5/L4/FQ/L4FQ02.swf,,,e329fc0394e2b92992864c6b4b039cfd844261873c054ec28102a0b7a6c1e4d1,DefineSprite,,,none; machine census only; no renderer export,machine-extracted-definition-candidate,owner-provided SWF,container=root; definitionDepth=0; tagOrdinal=1317; payloadBytes=24; rawTagPayloadSha256=e329fc0394e2b92992864c6b4b039cfd844261873c054ec28102a0b7a6c1e4d1; exactTagIdentitySha256=e85236e60f2bd516d4448ef1c172573381c11ba9481a2b46cb7d5909f51d28e0; declaredFrameCount=1; runtime reachability unresolved; placement and bounds unresolved; renderer suitability unresolved
swf-definition-01321,638,,text,source-assets/flash/HELP MATH_ORIGINAL FILES/HELP_COURSES/ELMGR5/L4/FQ/L4FQ02.swf,,,eeba3c821bf6cc0bf1b763054d8318d61d138ade7be0e668633c7218bb7baa40,DefineEditText,,,none; machine census only; no renderer export,machine-extracted-definition-candidate,owner-provided SWF,container=root; definitionDepth=0; tagOrdinal=1321; payloadBytes=36; rawTagPayloadSha256=eeba3c821bf6cc0bf1b763054d8318d61d138ade7be0e668633c7218bb7baa40; exactTagIdentitySha256=599b81e8ac3ccf3beeb31f49bb320f19680996af60d2e937ee3e7397a6eac9ab; runtime reachability unresolved; placement and bounds unresolved; renderer suitability unresolved
swf-definition-01322,639,,text,source-assets/flash/HELP MATH_ORIGINAL FILES/HELP_COURSES/ELMGR5/L4/FQ/L4FQ02.swf,,,b9eea02b6cfc7283d85e1917a6846a0d512fc5861d78c7b2014f3f8026be2860,DefineEditText,,,none; machine census only; no renderer export,machine-extracted-definition-candidate,owner-provided SWF,container=root; definitionDepth=0; tagOrdinal=1322; payloadBytes=32; rawTagPayloadSha256=b9eea02b6cfc7283d85e1917a6846a0d512fc5861d78c7b2014f3f8026be2860; exactTagIdentitySha256=249509ada3a2bbe6061228b9c7f4f687499b08125592e15713353d1cb9ae890a; runtime reachability unresolved; placement and bounds unresolved; renderer suitability unresolved
swf-definition-01323,640,,text,source-assets/flash/HELP MATH_ORIGINAL FILES/HELP_COURSES/ELMGR5/L4/FQ/L4FQ02.swf,,,5278d75c1507403539a8d5a7f956801b0d828a1d6c747ea3cec5c6371f11e214,DefineEditText,,,none; machine census only; no renderer export,machine-extracted-definition-candidate,owner-provided SWF,container=root; definitionDepth=0; tagOrdinal=1323; payloadBytes=31; rawTagPayloadSha256=5278d75c1507403539a8d5a7f956801b0d828a1d6c747ea3cec5c6371f11e214; exactTagIdentitySha256=2f19334fd0169b3263a8a46d5f8658f0169f522d7098d483f03e2a39ca748ddf; runtime reachability unresolved; placement and bounds unresolved; renderer suitability unresolved
swf-definition-01324,641,,text,source-assets/flash/HELP MATH_ORIGINAL FILES/HELP_COURSES/ELMGR5/L4/FQ/L4FQ02.swf,,,4b7f60559ac334a7643d19d8e4173f921fa8a873c560012b1070bdf064f7eeb7,DefineEditText,,,none; machine census only; no renderer export,machine-extracted-definition-candidate,owner-provided SWF,container=root; definitionDepth=0; tagOrdinal=1324; payloadBytes=31; rawTagPayloadSha256=4b7f60559ac334a7643d19d8e4173f921fa8a873c560012b1070bdf064f7eeb7; exactTagIdentitySha256=0b1ce89a3da6b6dfcf0ee7dbc4050e0a03d69aab76c3bb4d5480357614cc6c41; runtime reachability unresolved; placement and bounds unresolved; renderer suitability unresolved
swf-definition-01325,642,,shape,source-assets/flash/HELP MATH_ORIGINAL FILES/HELP_COURSES/ELMGR5/L4/FQ/L4FQ02.swf,,,51768daddf06b3943a3c79b3edeb485fec712af609db0028d898f1a5b07443ba,DefineShape3,,,none; machine census only; no renderer export,machine-extracted-definition-candidate,owner-provided SWF,container=root; definitionDepth=0; tagOrdinal=1325; payloadBytes=462; rawTagPayloadSha256=51768daddf06b3943a3c79b3edeb485fec712af609db0028d898f1a5b07443ba; exactTagIdentitySha256=55e231f373a280aa4682c02b7d81519545584b5708b96f79903e26ed083129c0; runtime reachability unresolved; placement and bounds unresolved; renderer suitability unresolved
swf-definition-01326,643,,shape,source-assets/flash/HELP MATH_ORIGINAL FILES/HELP_COURSES/ELMGR5/L4/FQ/L4FQ02.swf,,,44338360926b04342a6a1122aaa6b95e997b2c573190158b98bdedec30d95f6b,DefineShape3,,,none; machine census only; no renderer export,machine-extracted-definition-candidate,owner-provided SWF,container=root; definitionDepth=0; tagOrdinal=1326; payloadBytes=462; rawTagPayloadSha256=44338360926b04342a6a1122aaa6b95e997b2c573190158b98bdedec30d95f6b; exactTagIdentitySha256=03ac36a4c2478e4381216c7e864472076e9eb39c07cddb0a2dfde687cefe19e5; runtime reachability unresolved; placement and bounds unresolved; renderer suitability unresolved
swf-definition-01327,644,,text,source-assets/flash/HELP MATH_ORIGINAL FILES/HELP_COURSES/ELMGR5/L4/FQ/L4FQ02.swf,,,514cb6ac1341ca99f487955af807e3e35bfd0f1cca2a429b008d15e49cd2e400,DefineEditText,,,none; machine census only; no renderer export,machine-extracted-definition-candidate,owner-provided SWF,container=root; definitionDepth=0; tagOrdinal=1327; payloadBytes=39; rawTagPayloadSha256=514cb6ac1341ca99f487955af807e3e35bfd0f1cca2a429b008d15e49cd2e400; exactTagIdentitySha256=5c2f24cc587c24a3735afc070cdb5d523ebe12b22e0904fec62a8e8040f3a3da; runtime reachability unresolved; placement and bounds unresolved; renderer suitability unresolved
swf-definition-01328,645,,text,source-assets/flash/HELP MATH_ORIGINAL FILES/HELP_COURSES/ELMGR5/L4/FQ/L4FQ02.swf,,,65c2acc8c57093fdb48062ea807f524e51bc9060e76c50062311a16f333aa025,DefineEditText,,,none; machine census only; no renderer export,machine-extracted-definition-candidate,owner-provided SWF,container=root; definitionDepth=0; tagOrdinal=1328; payloadBytes=39; rawTagPayloadSha256=65c2acc8c57093fdb48062ea807f524e51bc9060e76c50062311a16f333aa025; exactTagIdentitySha256=b45464e2c432cc64a262180eab29ccc9022c5c57c1b50d3d6a3cad2f4219e32f; runtime reachability unresolved; placement and bounds unresolved; renderer suitability unresolved
swf-definition-01329,646,,text,source-assets/flash/HELP MATH_ORIGINAL FILES/HELP_COURSES/ELMGR5/L4/FQ/L4FQ02.swf,,,6dfef4c4cbba97f4302c093154c609f214fbe9cca9d559295872a629af88ab04,DefineEditText,,,none; machine census only; no renderer export,machine-extracted-definition-candidate,owner-provided SWF,container=root; definitionDepth=0; tagOrdinal=1329; payloadBytes=39; rawTagPayloadSha256=6dfef4c4cbba97f4302c093154c609f214fbe9cca9d559295872a629af88ab04; exactTagIdentitySha256=70430cc0a8b188e7f39878e1fe581866238c5e7e22ffe7921adf049238b743cd; runtime reachability unresolved; placement and bounds unresolved; renderer suitability unresolved
swf-definition-01330,647,,text,source-assets/flash/HELP MATH_ORIGINAL FILES/HELP_COURSES/ELMGR5/L4/FQ/L4FQ02.swf,,,966123d54deb03b08e8cb6045db17e69c899d721449e2e8c82938228cfce113f,DefineEditText,,,none; machine census only; no renderer export,machine-extracted-definition-candidate,owner-provided SWF,container=root; definitionDepth=0; tagOrdinal=1330; payloadBytes=39; rawTagPayloadSha256=966123d54deb03b08e8cb6045db17e69c899d721449e2e8c82938228cfce113f; exactTagIdentitySha256=cf157e977c9379f8f3dcd8fc58064eb4f905a245ef57eeca4f4069fbfbd7ed51; runtime reachability unresolved; placement and bounds unresolved; renderer suitability unresolved
swf-definition-01331,648,,sprite,source-assets/flash/HELP MATH_ORIGINAL FILES/HELP_COURSES/ELMGR5/L4/FQ/L4FQ02.swf,,,d857fe115243899463ac0dd30b55129812e3e383e3e89b70efc2c7a6a16831d8,DefineSprite,,,none; machine census only; no renderer export,machine-extracted-definition-candidate,owner-provided SWF,container=root; definitionDepth=0; tagOrdinal=1331; payloadBytes=24; rawTagPayloadSha256=d857fe115243899463ac0dd30b55129812e3e383e3e89b70efc2c7a6a16831d8; exactTagIdentitySha256=6e2cd5557d8400feab69dedef3c2bfd132435d04ebaf9c218fdd1016d1c02ba9; declaredFrameCount=1; runtime reachability unresolved; placement and bounds unresolved; renderer suitability unresolved
swf-definition-01335,649,,sprite,source-assets/flash/HELP MATH_ORIGINAL FILES/HELP_COURSES/ELMGR5/L4/FQ/L4FQ02.swf,,,c5579ba705f3661757ded24ccb6fa5cdcfef83ab6af5cdb730dc3919a3696143,DefineSprite,,,none; machine census only; no renderer export,machine-extracted-definition-candidate,owner-provided SWF,container=root; definitionDepth=0; tagOrdinal=1335; payloadBytes=24; rawTagPayloadSha256=c5579ba705f3661757ded24ccb6fa5cdcfef83ab6af5cdb730dc3919a3696143; exactTagIdentitySha256=31fdb17ce96a7a8163afa851ed07e2eae1c545368c4b6ce02fc3938677845e1d; declaredFrameCount=1; runtime reachability unresolved; placement and bounds unresolved; renderer suitability unresolved
swf-definition-01339,650,,sprite,source-assets/flash/HELP MATH_ORIGINAL FILES/HELP_COURSES/ELMGR5/L4/FQ/L4FQ02.swf,,,cd3715414ffa47db6150ed13c3c617d1813d050fd0355aa484f81425911b9c78,DefineSprite,,,none; machine census only; no renderer export,machine-extracted-definition-candidate,owner-provided SWF,container=root; definitionDepth=0; tagOrdinal=1339; payloadBytes=24; rawTagPayloadSha256=cd3715414ffa47db6150ed13c3c617d1813d050fd0355aa484f81425911b9c78; exactTagIdentitySha256=84cfe5a1a1e3097bd3d4bcf5a370c33d0aa78a867833d34dd6ea38a6d268ac4a; declaredFrameCount=1; runtime reachability unresolved; placement and bounds unresolved; renderer suitability unresolved
swf-definition-01343,651,,sprite,source-assets/flash/HELP MATH_ORIGINAL FILES/HELP_COURSES/ELMGR5/L4/FQ/L4FQ02.swf,,,40a5e6fd89e846829fdfafc4b170ef2d04bbd7c2d4152d18ccce6145a0048788,DefineSprite,,,none; machine census only; no renderer export,machine-extracted-definition-candidate,owner-provided SWF,container=root; definitionDepth=0; tagOrdinal=1343; payloadBytes=24; rawTagPayloadSha256=40a5e6fd89e846829fdfafc4b170ef2d04bbd7c2d4152d18ccce6145a0048788; exactTagIdentitySha256=3c910f385f7ee732ba261e50e3eea5896d6c442095b9d3ce3df867354332419a; declaredFrameCount=1; runtime reachability unresolved; placement and bounds unresolved; renderer suitability unresolved
swf-definition-01347,652,,text,source-assets/flash/HELP MATH_ORIGINAL FILES/HELP_COURSES/ELMGR5/L4/FQ/L4FQ02.swf,,,6b5afd025bdd2c6e47c20f596827b21b257663c36839b770a4279bb35dd1d799,DefineEditText,,,none; machine census only; no renderer export,machine-extracted-definition-candidate,owner-provided SWF,container=root; definitionDepth=0; tagOrdinal=1347; payloadBytes=36; rawTagPayloadSha256=6b5afd025bdd2c6e47c20f596827b21b257663c36839b770a4279bb35dd1d799; exactTagIdentitySha256=b12167d5a7730d12c579bc283f35460fbb40b58de9e0934a46a03a68e74c01e3; runtime reachability unresolved; placement and bounds unresolved; renderer suitability unresolved
swf-definition-01348,653,,text,source-assets/flash/HELP MATH_ORIGINAL FILES/HELP_COURSES/ELMGR5/L4/FQ/L4FQ02.swf,,,8df6c5a64477aba6ae4591025cc0584603e707a4ed9e52daa0621502264e541c,DefineEditText,,,none; machine census only; no renderer export,machine-extracted-definition-candidate,owner-provided SWF,container=root; definitionDepth=0; tagOrdinal=1348; payloadBytes=32; rawTagPayloadSha256=8df6c5a64477aba6ae4591025cc0584603e707a4ed9e52daa0621502264e541c; exactTagIdentitySha256=4e1d1ef88663285ae74ce17a779fb1ed6f5152fc27ab06e1da010854aa582632; runtime reachability unresolved; placement and bounds unresolved; renderer suitability unresolved
swf-definition-01349,654,,text,source-assets/flash/HELP MATH_ORIGINAL FILES/HELP_COURSES/ELMGR5/L4/FQ/L4FQ02.swf,,,baaead2d274e4f31af24ed46b951ba3b89a3b18a99881a8dcd872799e45b0498,DefineEditText,,,none; machine census only; no renderer export,machine-extracted-definition-candidate,owner-provided SWF,container=root; definitionDepth=0; tagOrdinal=1349; payloadBytes=31; rawTagPayloadSha256=baaead2d274e4f31af24ed46b951ba3b89a3b18a99881a8dcd872799e45b0498; exactTagIdentitySha256=270a321d4ec044bbb77ac52f94519811e52039507a3d2c6a6e9572db565252d7; runtime reachability unresolved; placement and bounds unresolved; renderer suitability unresolved
swf-definition-01350,655,,text,source-assets/flash/HELP MATH_ORIGINAL FILES/HELP_COURSES/ELMGR5/L4/FQ/L4FQ02.swf,,,01a629a48a3c52c25c11c47cf472e7929c13c5f4ad8ab93843c02cc93568c5c9,DefineEditText,,,none; machine census only; no renderer export,machine-extracted-definition-candidate,owner-provided SWF,container=root; definitionDepth=0; tagOrdinal=1350; payloadBytes=31; rawTagPayloadSha256=01a629a48a3c52c25c11c47cf472e7929c13c5f4ad8ab93843c02cc93568c5c9; exactTagIdentitySha256=b343ca48c5f96007b13e933c5d7144ff65808c2027e3ff150874d3728454e9eb; runtime reachability unresolved; placement and bounds unresolved; renderer suitability unresolved
swf-definition-01351,656,,shape,source-assets/flash/HELP MATH_ORIGINAL FILES/HELP_COURSES/ELMGR5/L4/FQ/L4FQ02.swf,,,29603bb9f7c55f7e5a05d93586d6ae08bf9f011412b42088f6004c76afce8ca9,DefineShape3,,,none; machine census only; no renderer export,machine-extracted-definition-candidate,owner-provided SWF,container=root; definitionDepth=0; tagOrdinal=1351; payloadBytes=462; rawTagPayloadSha256=29603bb9f7c55f7e5a05d93586d6ae08bf9f011412b42088f6004c76afce8ca9; exactTagIdentitySha256=bb48f53e010c299af8532863f3fb47e41caf3eacb8c17bac47045cc500c33d25; runtime reachability unresolved; placement and bounds unresolved; renderer suitability unresolved
swf-definition-01352,657,,shape,source-assets/flash/HELP MATH_ORIGINAL FILES/HELP_COURSES/ELMGR5/L4/FQ/L4FQ02.swf,,,189ae4b3a7e903f66ddd8301f9250ee63d98d1bf3fe46c83705ba2cd0e0c014d,DefineShape3,,,none; machine census only; no renderer export,machine-extracted-definition-candidate,owner-provided SWF,container=root; definitionDepth=0; tagOrdinal=1352; payloadBytes=462; rawTagPayloadSha256=189ae4b3a7e903f66ddd8301f9250ee63d98d1bf3fe46c83705ba2cd0e0c014d; exactTagIdentitySha256=dd6e738184ffebd9907ea2cbede9c418f669c01300834ffd3c6540bd72d08f90; runtime reachability unresolved; placement and bounds unresolved; renderer suitability unresolved
swf-definition-01353,658,,text,source-assets/flash/HELP MATH_ORIGINAL FILES/HELP_COURSES/ELMGR5/L4/FQ/L4FQ02.swf,,,039836f3106456fd503d3d109834c5e2858ef5f16c76100024b6da14960482b6,DefineEditText,,,none; machine census only; no renderer export,machine-extracted-definition-candidate,owner-provided SWF,container=root; definitionDepth=0; tagOrdinal=1353; payloadBytes=39; rawTagPayloadSha256=039836f3106456fd503d3d109834c5e2858ef5f16c76100024b6da14960482b6; exactTagIdentitySha256=1b0a754a46e8bcce5180515b88b277cda3675da1dcd1897396fd85a594e4997c; runtime reachability unresolved; placement and bounds unresolved; renderer suitability unresolved
swf-definition-01354,659,,text,source-assets/flash/HELP MATH_ORIGINAL FILES/HELP_COURSES/ELMGR5/L4/FQ/L4FQ02.swf,,,eb6cdb95e1faced7ac5d0fc269c60491254d9b6a1341cdeca7882596db84f21e,DefineEditText,,,none; machine census only; no renderer export,machine-extracted-definition-candidate,owner-provided SWF,container=root; definitionDepth=0; tagOrdinal=1354; payloadBytes=39; rawTagPayloadSha256=eb6cdb95e1faced7ac5d0fc269c60491254d9b6a1341cdeca7882596db84f21e; exactTagIdentitySha256=f80b37a088b111c86ee66fec3f813244adc3801dc0246706d48729d66e35d036; runtime reachability unresolved; placement and bounds unresolved; renderer suitability unresolved
swf-definition-01355,660,,text,source-assets/flash/HELP MATH_ORIGINAL FILES/HELP_COURSES/ELMGR5/L4/FQ/L4FQ02.swf,,,dcadb596ca48b8b35f84a313a02a65148bb7b62b62c3c7d43143c59cf433f164,DefineEditText,,,none; machine census only; no renderer export,machine-extracted-definition-candidate,owner-provided SWF,container=root; definitionDepth=0; tagOrdinal=1355; payloadBytes=39; rawTagPayloadSha256=dcadb596ca48b8b35f84a313a02a65148bb7b62b62c3c7d43143c59cf433f164; exactTagIdentitySha256=3c9824f99435ba783682d83cbd19934f799cc7bcb2d040383bed82e19253d1e4; runtime reachability unresolved; placement and bounds unresolved; renderer suitability unresolved
swf-definition-01356,661,,text,source-assets/flash/HELP MATH_ORIGINAL FILES/HELP_COURSES/ELMGR5/L4/FQ/L4FQ02.swf,,,e3f3aef5b459c59311671131c7171c338ebeb90ada2625ce6b752e1b678befce,DefineEditText,,,none; machine census only; no renderer export,machine-extracted-definition-candidate,owner-provided SWF,container=root; definitionDepth=0; tagOrdinal=1356; payloadBytes=39; rawTagPayloadSha256=e3f3aef5b459c59311671131c7171c338ebeb90ada2625ce6b752e1b678befce; exactTagIdentitySha256=d5eaaffa000eb19876c7ae99ce99af1d523ddaaecfd261bafaf54e191b43600c; runtime reachability unresolved; placement and bounds unresolved; renderer suitability unresolved
swf-definition-01357,662,,sprite,source-assets/flash/HELP MATH_ORIGINAL FILES/HELP_COURSES/ELMGR5/L4/FQ/L4FQ02.swf,,,12e53c738d75a5257987e5e0c58c1a241f7c07503208381e0f900760bb7fb288,DefineSprite,,,none; machine census only; no renderer export,machine-extracted-definition-candidate,owner-provided SWF,container=root; definitionDepth=0; tagOrdinal=1357; payloadBytes=24; rawTagPayloadSha256=12e53c738d75a5257987e5e0c58c1a241f7c07503208381e0f900760bb7fb288; exactTagIdentitySha256=161dbbe8f2acfc61c42854e970e23fa4847184d09031092946494a412f1d786c; declaredFrameCount=1; runtime reachability unresolved; placement and bounds unresolved; renderer suitability unresolved
swf-definition-01361,663,,sprite,source-assets/flash/HELP MATH_ORIGINAL FILES/HELP_COURSES/ELMGR5/L4/FQ/L4FQ02.swf,,,3aaeede88cb4316feb2d07c71a2d94d54f023575decd241044d844cfa61443c0,DefineSprite,,,none; machine census only; no renderer export,machine-extracted-definition-candidate,owner-provided SWF,container=root; definitionDepth=0; tagOrdinal=1361; payloadBytes=24; rawTagPayloadSha256=3aaeede88cb4316feb2d07c71a2d94d54f023575decd241044d844cfa61443c0; exactTagIdentitySha256=0331baac6bcd177fefe7a69d0a2f90120de99f765dd607327a40a083213c7662; declaredFrameCount=1; runtime reachability unresolved; placement and bounds unresolved; renderer suitability unresolved
swf-definition-01365,664,,sprite,source-assets/flash/HELP MATH_ORIGINAL FILES/HELP_COURSES/ELMGR5/L4/FQ/L4FQ02.swf,,,d48c7628a2adf6eb59f647559045e7e7c530f093370370472b0016483bebc142,DefineSprite,,,none; machine census only; no renderer export,machine-extracted-definition-candidate,owner-provided SWF,container=root; definitionDepth=0; tagOrdinal=1365; payloadBytes=24; rawTagPayloadSha256=d48c7628a2adf6eb59f647559045e7e7c530f093370370472b0016483bebc142; exactTagIdentitySha256=8ca71c0ad62c91eec232d992491dcb58079924be63db2fa3c79939c4398e59fc; declaredFrameCount=1; runtime reachability unresolved; placement and bounds unresolved; renderer suitability unresolved
swf-definition-01369,665,,sprite,source-assets/flash/HELP MATH_ORIGINAL FILES/HELP_COURSES/ELMGR5/L4/FQ/L4FQ02.swf,,,1bd8fd02c2a1b86c8726782846e33bb0f7c2d1c4a8640cfa9e85e2b3a9b5d7b1,DefineSprite,,,none; machine census only; no renderer export,machine-extracted-definition-candidate,owner-provided SWF,container=root; definitionDepth=0; tagOrdinal=1369; payloadBytes=24; rawTagPayloadSha256=1bd8fd02c2a1b86c8726782846e33bb0f7c2d1c4a8640cfa9e85e2b3a9b5d7b1; exactTagIdentitySha256=b7e3949d6f2a016125dfa955304ecc10071282fd530d121056deb22e48534229; declaredFrameCount=1; runtime reachability unresolved; placement and bounds unresolved; renderer suitability unresolved
swf-definition-01373,666,,text,source-assets/flash/HELP MATH_ORIGINAL FILES/HELP_COURSES/ELMGR5/L4/FQ/L4FQ02.swf,,,0753c7bdb40e0dfbde00eaf355028c5ee8b3ff9c590e25c868fd99d37b005b94,DefineEditText,,,none; machine census only; no renderer export,machine-extracted-definition-candidate,owner-provided SWF,container=root; definitionDepth=0; tagOrdinal=1373; payloadBytes=36; rawTagPayloadSha256=0753c7bdb40e0dfbde00eaf355028c5ee8b3ff9c590e25c868fd99d37b005b94; exactTagIdentitySha256=8fa2be688e975d9f5753f7d8a7e8047762bf0ed2516f941e300f73e28445e495; runtime reachability unresolved; placement and bounds unresolved; renderer suitability unresolved
swf-definition-01374,667,,text,source-assets/flash/HELP MATH_ORIGINAL FILES/HELP_COURSES/ELMGR5/L4/FQ/L4FQ02.swf,,,d3371dcb4b79ae73e56261ce70ff77b3cf691ce5eedd33bb1ce2f3aca9afdeba,DefineEditText,,,none; machine census only; no renderer export,machine-extracted-definition-candidate,owner-provided SWF,container=root; definitionDepth=0; tagOrdinal=1374; payloadBytes=32; rawTagPayloadSha256=d3371dcb4b79ae73e56261ce70ff77b3cf691ce5eedd33bb1ce2f3aca9afdeba; exactTagIdentitySha256=8fc83ee01198147e4cc23e5ff8825e78987e1cf04522e5c8d65e6ba2636f8207; runtime reachability unresolved; placement and bounds unresolved; renderer suitability unresolved
swf-definition-01375,668,,text,source-assets/flash/HELP MATH_ORIGINAL FILES/HELP_COURSES/ELMGR5/L4/FQ/L4FQ02.swf,,,e296ba799ff4fb94604e0fa26b583d7cee84f617ba5e7fca0c9287acadde30a2,DefineEditText,,,none; machine census only; no renderer export,machine-extracted-definition-candidate,owner-provided SWF,container=root; definitionDepth=0; tagOrdinal=1375; payloadBytes=31; rawTagPayloadSha256=e296ba799ff4fb94604e0fa26b583d7cee84f617ba5e7fca0c9287acadde30a2; exactTagIdentitySha256=a2a230d63f26a2cc6b9686969bbfc0397d9831deb755b0ea7a92a42a9af6387c; runtime reachability unresolved; placement and bounds unresolved; renderer suitability unresolved
swf-definition-01376,669,,text,source-assets/flash/HELP MATH_ORIGINAL FILES/HELP_COURSES/ELMGR5/L4/FQ/L4FQ02.swf,,,ec6f1cb05b3704b3dadfe0bb49071e051dad0ebc1a2fadd005335c4e5b7a525d,DefineEditText,,,none; machine census only; no renderer export,machine-extracted-definition-candidate,owner-provided SWF,container=root; definitionDepth=0; tagOrdinal=1376; payloadBytes=31; rawTagPayloadSha256=ec6f1cb05b3704b3dadfe0bb49071e051dad0ebc1a2fadd005335c4e5b7a525d; exactTagIdentitySha256=bcfbafbf3cea3730e93719c6d8437dfb8102550ff982a8f5f7665c6692da239b; runtime reachability unresolved; placement and bounds unresolved; renderer suitability unresolved
swf-definition-01377,670,,sprite,source-assets/flash/HELP MATH_ORIGINAL FILES/HELP_COURSES/ELMGR5/L4/FQ/L4FQ02.swf,,,f8464ec88809ce5f0ddd4f2e7901ab1ef383d3ffdfe3b0bf1ee22610198ddb17,DefineSprite,,,none; machine census only; no renderer export,machine-extracted-definition-candidate,owner-provided SWF,container=root; definitionDepth=0; tagOrdinal=1377; payloadBytes=24; rawTagPayloadSha256=f8464ec88809ce5f0ddd4f2e7901ab1ef383d3ffdfe3b0bf1ee22610198ddb17; exactTagIdentitySha256=64868bd350d93b87b87fdbc5453f7f40c3e98d22957c7b5e0f435a7311c5c33f; declaredFrameCount=1; runtime reachability unresolved; placement and bounds unresolved; renderer suitability unresolved
swf-definition-01381,671,,sprite,source-assets/flash/HELP MATH_ORIGINAL FILES/HELP_COURSES/ELMGR5/L4/FQ/L4FQ02.swf,,,e68e838f76389f2d2453f8f33065680fba307cc613cab40c09fd5acbb5be805e,DefineSprite,,,none; machine census only; no renderer export,machine-extracted-definition-candidate,owner-provided SWF,container=root; definitionDepth=0; tagOrdinal=1381; payloadBytes=24; rawTagPayloadSha256=e68e838f76389f2d2453f8f33065680fba307cc613cab40c09fd5acbb5be805e; exactTagIdentitySha256=38715a15f134ecdd1ae6bfbe20ecdcfea8e4002c24f6684e32dccf057a6d5a02; declaredFrameCount=1; runtime reachability unresolved; placement and bounds unresolved; renderer suitability unresolved
swf-definition-01385,672,,sprite,source-assets/flash/HELP MATH_ORIGINAL FILES/HELP_COURSES/ELMGR5/L4/FQ/L4FQ02.swf,,,31962df0f36cf0c0d626d0ea3bb56d49944a46b47ef327a851a032bc16b9417e,DefineSprite,,,none; machine census only; no renderer export,machine-extracted-definition-candidate,owner-provided SWF,container=root; definitionDepth=0; tagOrdinal=1385; payloadBytes=24; rawTagPayloadSha256=31962df0f36cf0c0d626d0ea3bb56d49944a46b47ef327a851a032bc16b9417e; exactTagIdentitySha256=f73b3d349ccf51c7acd574dab2e53a79e52ffeb5d138ae87fcd7c46e4ebfd984; declaredFrameCount=1; runtime reachability unresolved; placement and bounds unresolved; renderer suitability unresolved
swf-definition-01389,673,,sprite,source-assets/flash/HELP MATH_ORIGINAL FILES/HELP_COURSES/ELMGR5/L4/FQ/L4FQ02.swf,,,7ed911509f5326e98b906e2548f6762738ab8af72db74b256c1e9a540c3ca9f3,DefineSprite,,,none; machine census only; no renderer export,machine-extracted-definition-candidate,owner-provided SWF,container=root; definitionDepth=0; tagOrdinal=1389; payloadBytes=24; rawTagPayloadSha256=7ed911509f5326e98b906e2548f6762738ab8af72db74b256c1e9a540c3ca9f3; exactTagIdentitySha256=4083d5e451d3029d335d5760d11b7e2bff333a4d2c19af3e5c43e89def7b50b4; declaredFrameCount=1; runtime reachability unresolved; placement and bounds unresolved; renderer suitability unresolved
swf-definition-01393,674,,text,source-assets/flash/HELP MATH_ORIGINAL FILES/HELP_COURSES/ELMGR5/L4/FQ/L4FQ02.swf,,,8265373be92bc38af50275dd5c5960a1b47639939e0bb0438a0069e453c924c1,DefineEditText,,,none; machine census only; no renderer export,machine-extracted-definition-candidate,owner-provided SWF,container=root; definitionDepth=0; tagOrdinal=1393; payloadBytes=39; rawTagPayloadSha256=8265373be92bc38af50275dd5c5960a1b47639939e0bb0438a0069e453c924c1; exactTagIdentitySha256=e73088fee1e046b677ae67cc58c55646a2e63641ea58f2815b45d67aef921a50; runtime reachability unresolved; placement and bounds unresolved; renderer suitability unresolved
swf-definition-01394,675,,text,source-assets/flash/HELP MATH_ORIGINAL FILES/HELP_COURSES/ELMGR5/L4/FQ/L4FQ02.swf,,,e218f3d5e7281bb06a37a777abff4a25c7834051f37316cdf231e47a1c660d4e,DefineEditText,,,none; machine census only; no renderer export,machine-extracted-definition-candidate,owner-provided SWF,container=root; definitionDepth=0; tagOrdinal=1394; payloadBytes=39; rawTagPayloadSha256=e218f3d5e7281bb06a37a777abff4a25c7834051f37316cdf231e47a1c660d4e; exactTagIdentitySha256=b95e4cfe8a0fd8ea9528292ba8843a2d4d66dcc53bca613a8691b4dc40931278; runtime reachability unresolved; placement and bounds unresolved; renderer suitability unresolved
swf-definition-01395,676,,text,source-assets/flash/HELP MATH_ORIGINAL FILES/HELP_COURSES/ELMGR5/L4/FQ/L4FQ02.swf,,,7994d5b586de90e2f287a3a03260bd0fca9b83417d25a1d4b46d51a03a6b38e4,DefineEditText,,,none; machine census only; no renderer export,machine-extracted-definition-candidate,owner-provided SWF,container=root; definitionDepth=0; tagOrdinal=1395; payloadBytes=39; rawTagPayloadSha256=7994d5b586de90e2f287a3a03260bd0fca9b83417d25a1d4b46d51a03a6b38e4; exactTagIdentitySha256=7c269bc6b23d5d478d27db97b1e9a62c2c2a1ae4d50b4fd1d4fd233357ccc48d; runtime reachability unresolved; placement and bounds unresolved; renderer suitability unresolved
swf-definition-01396,677,,text,source-assets/flash/HELP MATH_ORIGINAL FILES/HELP_COURSES/ELMGR5/L4/FQ/L4FQ02.swf,,,933ef37a0a02e8c5e5ac8141cc2dbd621be09f6ac436f0bb41addb795090edf2,DefineEditText,,,none; machine census only; no renderer export,machine-extracted-definition-candidate,owner-provided SWF,container=root; definitionDepth=0; tagOrdinal=1396; payloadBytes=39; rawTagPayloadSha256=933ef37a0a02e8c5e5ac8141cc2dbd621be09f6ac436f0bb41addb795090edf2; exactTagIdentitySha256=0375991513f65ddf5cbeb121749393227ca2a0e73c0af502524197d9fd17f8a5; runtime reachability unresolved; placement and bounds unresolved; renderer suitability unresolved
swf-definition-01397,678,,text,source-assets/flash/HELP MATH_ORIGINAL FILES/HELP_COURSES/ELMGR5/L4/FQ/L4FQ02.swf,,,45560cc6074417b237408875468b979d55e88989913ed6be5879ab99e7a3a99e,DefineEditText,,,none; machine census only; no renderer export,machine-extracted-definition-candidate,owner-provided SWF,container=root; definitionDepth=0; tagOrdinal=1397; payloadBytes=36; rawTagPayloadSha256=45560cc6074417b237408875468b979d55e88989913ed6be5879ab99e7a3a99e; exactTagIdentitySha256=783c9d6f987716588f24eb67955fd6e7ca404c77b984b1caf068a7b8517bfab1; runtime reachability unresolved; placement and bounds unresolved; renderer suitability unresolved
swf-definition-01398,679,,text,source-assets/flash/HELP MATH_ORIGINAL FILES/HELP_COURSES/ELMGR5/L4/FQ/L4FQ02.swf,,,5a5b3cf5ed4f4f2049617d5f05dffa43a3dfca1ac5fecb0f96d78ebedfc60a07,DefineEditText,,,none; machine census only; no renderer export,machine-extracted-definition-candidate,owner-provided SWF,container=root; definitionDepth=0; tagOrdinal=1398; payloadBytes=32; rawTagPayloadSha256=5a5b3cf5ed4f4f2049617d5f05dffa43a3dfca1ac5fecb0f96d78ebedfc60a07; exactTagIdentitySha256=df1d83cbd47389a8d3cda0aeb92bb5f90c11c3082663be42dfdf2b1b02a93f74; runtime reachability unresolved; placement and bounds unresolved; renderer suitability unresolved
swf-definition-01399,680,,text,source-assets/flash/HELP MATH_ORIGINAL FILES/HELP_COURSES/ELMGR5/L4/FQ/L4FQ02.swf,,,be291f530f27d3dbfdf6824133ba13c88bf99498489b189fd84754e8bcbd270e,DefineEditText,,,none; machine census only; no renderer export,machine-extracted-definition-candidate,owner-provided SWF,container=root; definitionDepth=0; tagOrdinal=1399; payloadBytes=31; rawTagPayloadSha256=be291f530f27d3dbfdf6824133ba13c88bf99498489b189fd84754e8bcbd270e; exactTagIdentitySha256=50482ce216ed54bf5c3ac9fdfe3e34991db41900babcf3b812770e92aebc053f; runtime reachability unresolved; placement and bounds unresolved; renderer suitability unresolved
swf-definition-01400,681,,text,source-assets/flash/HELP MATH_ORIGINAL FILES/HELP_COURSES/ELMGR5/L4/FQ/L4FQ02.swf,,,72f1b7c62dd06a6daf6f1a852c486d19076738c197aa2309a4127f8d7ecd20ec,DefineEditText,,,none; machine census only; no renderer export,machine-extracted-definition-candidate,owner-provided SWF,container=root; definitionDepth=0; tagOrdinal=1400; payloadBytes=31; rawTagPayloadSha256=72f1b7c62dd06a6daf6f1a852c486d19076738c197aa2309a4127f8d7ecd20ec; exactTagIdentitySha256=ee18b4357158b4ab31da05301804a530949fda1781e0d8d57704b9e3a60e786c; runtime reachability unresolved; placement and bounds unresolved; renderer suitability unresolved
swf-definition-01401,682,,sprite,source-assets/flash/HELP MATH_ORIGINAL FILES/HELP_COURSES/ELMGR5/L4/FQ/L4FQ02.swf,,,896b98c6d31acb25ae939669a95a854a2e1b097d6ae03ab6c39f915b81b0b02d,DefineSprite,,,none; machine census only; no renderer export,machine-extracted-definition-candidate,owner-provided SWF,container=root; definitionDepth=0; tagOrdinal=1401; payloadBytes=24; rawTagPayloadSha256=896b98c6d31acb25ae939669a95a854a2e1b097d6ae03ab6c39f915b81b0b02d; exactTagIdentitySha256=7e5e3b177d474a4cbedc609884a21b6792ad0bcda17481c215d53b2733c95079; declaredFrameCount=1; runtime reachability unresolved; placement and bounds unresolved; renderer suitability unresolved
swf-definition-01405,683,,sprite,source-assets/flash/HELP MATH_ORIGINAL FILES/HELP_COURSES/ELMGR5/L4/FQ/L4FQ02.swf,,,64041571f2609d0768e289ab02493c35dd9feddc621456a8f42369a9d3aca18d,DefineSprite,,,none; machine census only; no renderer export,machine-extracted-definition-candidate,owner-provided SWF,container=root; definitionDepth=0; tagOrdinal=1405; payloadBytes=24; rawTagPayloadSha256=64041571f2609d0768e289ab02493c35dd9feddc621456a8f42369a9d3aca18d; exactTagIdentitySha256=a6938e61e4998161c9d67f4b496e6414b6ba340c77770ac65217ddca7569d69e; declaredFrameCount=1; runtime reachability unresolved; placement and bounds unresolved; renderer suitability unresolved
swf-definition-01409,684,,shape,source-assets/flash/HELP MATH_ORIGINAL FILES/HELP_COURSES/ELMGR5/L4/FQ/L4FQ02.swf,,,e0fd187081d7b3bc5daa1421f656e59a346d7e5c9f6168ccaddec0affdafde45,DefineShape3,,,none; machine census only; no renderer export,machine-extracted-definition-candidate,owner-provided SWF,container=root; definitionDepth=0; tagOrdinal=1409; payloadBytes=462; rawTagPayloadSha256=e0fd187081d7b3bc5daa1421f656e59a346d7e5c9f6168ccaddec0affdafde45; exactTagIdentitySha256=9d9e063945536b4fe1240e484ea62a9daf15db69ba050a7d9ea58ac4c9efd39e; runtime reachability unresolved; placement and bounds unresolved; renderer suitability unresolved
swf-definition-01410,685,,shape,source-assets/flash/HELP MATH_ORIGINAL FILES/HELP_COURSES/ELMGR5/L4/FQ/L4FQ02.swf,,,11875c349bc8e22b792d9a89ef87e6f20b9754ef21632a37be35daba39cb7f61,DefineShape3,,,none; machine census only; no renderer export,machine-extracted-definition-candidate,owner-provided SWF,container=root; definitionDepth=0; tagOrdinal=1410; payloadBytes=462; rawTagPayloadSha256=11875c349bc8e22b792d9a89ef87e6f20b9754ef21632a37be35daba39cb7f61; exactTagIdentitySha256=b34148f35ded6400e498b9f5fc1eb6e5c177a03eef9a4637b288e238739f5d26; runtime reachability unresolved; placement and bounds unresolved; renderer suitability unresolved
swf-definition-01411,686,,shape,source-assets/flash/HELP MATH_ORIGINAL FILES/HELP_COURSES/ELMGR5/L4/FQ/L4FQ02.swf,,,a880f24267dd00279f6db94c2cd9aa26a485ba16250baba99144725003fe36ac,DefineShape3,,,none; machine census only; no renderer export,machine-extracted-definition-candidate,owner-provided SWF,container=root; definitionDepth=0; tagOrdinal=1411; payloadBytes=462; rawTagPayloadSha256=a880f24267dd00279f6db94c2cd9aa26a485ba16250baba99144725003fe36ac; exactTagIdentitySha256=9ee30cb017bf0aa3a76efb5ed8bcb7b1e289dba6beb1793a166385cf318a52e2; runtime reachability unresolved; placement and bounds unresolved; renderer suitability unresolved
swf-definition-01412,687,,sprite,source-assets/flash/HELP MATH_ORIGINAL FILES/HELP_COURSES/ELMGR5/L4/FQ/L4FQ02.swf,,,a1dfbf660679b7457aa83e41be4a5802ae98df6a331b1c0013ae30e6287701c3,DefineSprite,,,none; machine census only; no renderer export,machine-extracted-definition-candidate,owner-provided SWF,container=root; definitionDepth=0; tagOrdinal=1412; payloadBytes=24; rawTagPayloadSha256=a1dfbf660679b7457aa83e41be4a5802ae98df6a331b1c0013ae30e6287701c3; exactTagIdentitySha256=15288559684a8688125ffbe16122d84217f0ad2edb8c8ce5fe6f5d91e57ee8a4; declaredFrameCount=1; runtime reachability unresolved; placement and bounds unresolved; renderer suitability unresolved
swf-definition-01416,688,,sprite,source-assets/flash/HELP MATH_ORIGINAL FILES/HELP_COURSES/ELMGR5/L4/FQ/L4FQ02.swf,,,d4e0a976cb83af0019d013947f7c8a104b900838af730b5920bed74afc7f7833,DefineSprite,,,none; machine census only; no renderer export,machine-extracted-definition-candidate,owner-provided SWF,container=root; definitionDepth=0; tagOrdinal=1416; payloadBytes=24; rawTagPayloadSha256=d4e0a976cb83af0019d013947f7c8a104b900838af730b5920bed74afc7f7833; exactTagIdentitySha256=2f605c41059219aee39dfd4083a61d91b81ebcba23e776373f38aca7e2c8d828; declaredFrameCount=1; runtime reachability unresolved; placement and bounds unresolved; renderer suitability unresolved
swf-definition-01420,689,,text,source-assets/flash/HELP MATH_ORIGINAL FILES/HELP_COURSES/ELMGR5/L4/FQ/L4FQ02.swf,,,66f145ee9dc02e7fcf808836eff3dfcbd606e01fbf5daf63bdc0106239ac24db,DefineEditText,,,none; machine census only; no renderer export,machine-extracted-definition-candidate,owner-provided SWF,container=root; definitionDepth=0; tagOrdinal=1420; payloadBytes=39; rawTagPayloadSha256=66f145ee9dc02e7fcf808836eff3dfcbd606e01fbf5daf63bdc0106239ac24db; exactTagIdentitySha256=2728b4642f636ab992382c816540aa462ccdb931d5d1efff0496308c10c5d32c; runtime reachability unresolved; placement and bounds unresolved; renderer suitability unresolved
swf-definition-01421,690,,text,source-assets/flash/HELP MATH_ORIGINAL FILES/HELP_COURSES/ELMGR5/L4/FQ/L4FQ02.swf,,,ebdaa2bd27cbad81daa3022b233b2aaa26f83bcbe7d9ebb82b82656c62e768e1,DefineEditText,,,none; machine census only; no renderer export,machine-extracted-definition-candidate,owner-provided SWF,container=root; definitionDepth=0; tagOrdinal=1421; payloadBytes=39; rawTagPayloadSha256=ebdaa2bd27cbad81daa3022b233b2aaa26f83bcbe7d9ebb82b82656c62e768e1; exactTagIdentitySha256=64bc120bf047ef27679947d14b2aca39121190ff2e90cc97c04848843b99e8ba; runtime reachability unresolved; placement and bounds unresolved; renderer suitability unresolved
swf-definition-01422,691,,text,source-assets/flash/HELP MATH_ORIGINAL FILES/HELP_COURSES/ELMGR5/L4/FQ/L4FQ02.swf,,,cb018da5b0acdf6091e4868c439b9bfa980c4f144a18e0c11a640f0f3e5c8e80,DefineEditText,,,none; machine census only; no renderer export,machine-extracted-definition-candidate,owner-provided SWF,container=root; definitionDepth=0; tagOrdinal=1422; payloadBytes=39; rawTagPayloadSha256=cb018da5b0acdf6091e4868c439b9bfa980c4f144a18e0c11a640f0f3e5c8e80; exactTagIdentitySha256=dab13ce507c61490a35fa30aa278b3be760ef8932b5937931495da9960c1eed1; runtime reachability unresolved; placement and bounds unresolved; renderer suitability unresolved
swf-definition-01423,692,,text,source-assets/flash/HELP MATH_ORIGINAL FILES/HELP_COURSES/ELMGR5/L4/FQ/L4FQ02.swf,,,2442b5fc1141a4afff505053a7dfd0f3f7dfe3182087fdcc6f803c4a40b88241,DefineEditText,,,none; machine census only; no renderer export,machine-extracted-definition-candidate,owner-provided SWF,container=root; definitionDepth=0; tagOrdinal=1423; payloadBytes=39; rawTagPayloadSha256=2442b5fc1141a4afff505053a7dfd0f3f7dfe3182087fdcc6f803c4a40b88241; exactTagIdentitySha256=479e5484c41f7a8626e3c7c8142273a9e0816657bff905313cd65507cddab318; runtime reachability unresolved; placement and bounds unresolved; renderer suitability unresolved
swf-definition-01424,693,,shape,source-assets/flash/HELP MATH_ORIGINAL FILES/HELP_COURSES/ELMGR5/L4/FQ/L4FQ02.swf,,,fc4721ce17d867507a9f018d1d1fd50ddd47faab923418ea1102f5b71cd6b361,DefineShape3,,,none; machine census only; no renderer export,machine-extracted-definition-candidate,owner-provided SWF,container=root; definitionDepth=0; tagOrdinal=1424; payloadBytes=1920; rawTagPayloadSha256=fc4721ce17d867507a9f018d1d1fd50ddd47faab923418ea1102f5b71cd6b361; exactTagIdentitySha256=cf064ef6f7651dae1b7c869dc53962bcbfe6944dc461b746b27d209651a10df8; runtime reachability unresolved; placement and bounds unresolved; renderer suitability unresolved
swf-definition-01425,694,,sprite,source-assets/flash/HELP MATH_ORIGINAL FILES/HELP_COURSES/ELMGR5/L4/FQ/L4FQ02.swf,,,e4e172f11f53de213393a1b24c0baa4523861c6b31d971fb3cfd57ee7d07a13e,DefineSprite,,,none; machine census only; no renderer export,machine-extracted-definition-candidate,owner-provided SWF,container=root; definitionDepth=0; tagOrdinal=1425; payloadBytes=40210; rawTagPayloadSha256=e4e172f11f53de213393a1b24c0baa4523861c6b31d971fb3cfd57ee7d07a13e; exactTagIdentitySha256=f531a87668e2f252bc9dcd1b3ce50989f975f3c8ea0e2e1c5ace14dfa4701303; declaredFrameCount=56; runtime reachability unresolved; placement and bounds unresolved; renderer suitability unresolved
