asset_id,swf_character_id,library_symbol,type,source_file,source_frame,exported_file,sha256,format,dimensions_or_bounds,font_glyphs,transformation,confidence,license_or_provenance,notes
swf-definition-00003,1,,structural-shape-definition-candidate,source-assets/flash/HELP MATH_ORIGINAL FILES/HELP_COURSES/ELMGR5/L4/TS/L4TS07.swf,,migrations/course-g05-l04-ts-007/audit/machine/g5-l4-pre-runtime-swf-definition-inventory.csv,955f2a8c83ce121d9a3979463c51f6c3d893b2b79cb7bfa250fe591d515a02e7,CSV definition-index record for DefineShape2,,,"projection only; no asset bytes exported, transformed, redrawn, or generated",machine-extracted-structural-candidate,owner-provided SWF,"container=root; definitionDepth=0; tagOrdinal=3; payloadBytes=170; rawTagPayloadSha256=8c0efa2b3a0c18dc0a282237e4ef6bb9fb2d22fa2cc38aaddf6003fce9f08b41; exactTagIdentitySha256=2346e97604b854909529cf96d082f4416db16a54f3b30e9c4a6c8a4c9a552de8; runtime reachability unresolved; placement and bounds unresolved; renderer suitability unresolved; machineDefinitionIndexSha256=955f2a8c83ce121d9a3979463c51f6c3d893b2b79cb7bfa250fe591d515a02e7; Structural/static source-derived candidate only. The exported_file is the shared machine definition-index evidence, not a visual or renderer asset export. It is not an authoritative original-runtime baseline and establishes no runtime reachability, placement, asset usage, visual appearance, renderer suitability, human or owner acceptance, strict completion, or publication."
swf-definition-00004,2,,structural-shape-definition-candidate,source-assets/flash/HELP MATH_ORIGINAL FILES/HELP_COURSES/ELMGR5/L4/TS/L4TS07.swf,,migrations/course-g05-l04-ts-007/audit/machine/g5-l4-pre-runtime-swf-definition-inventory.csv,955f2a8c83ce121d9a3979463c51f6c3d893b2b79cb7bfa250fe591d515a02e7,CSV definition-index record for DefineShape3,,,"projection only; no asset bytes exported, transformed, redrawn, or generated",machine-extracted-structural-candidate,owner-provided SWF,"container=root; definitionDepth=0; tagOrdinal=4; payloadBytes=97; rawTagPayloadSha256=83e92ccb6979d665e3a5686e523e18847c6c8ca6d4c2a9345199e0d0825177ca; exactTagIdentitySha256=0f6aaab1017272e0ccfb4634fc98f80e9318ea4e72a42555948b06ce9c77f617; runtime reachability unresolved; placement and bounds unresolved; renderer suitability unresolved; machineDefinitionIndexSha256=955f2a8c83ce121d9a3979463c51f6c3d893b2b79cb7bfa250fe591d515a02e7; Structural/static source-derived candidate only. The exported_file is the shared machine definition-index evidence, not a visual or renderer asset export. It is not an authoritative original-runtime baseline and establishes no runtime reachability, placement, asset usage, visual appearance, renderer suitability, human or owner acceptance, strict completion, or publication."
swf-definition-00005,3,,structural-font-definition-candidate,source-assets/flash/HELP MATH_ORIGINAL FILES/HELP_COURSES/ELMGR5/L4/TS/L4TS07.swf,,migrations/course-g05-l04-ts-007/audit/machine/g5-l4-pre-runtime-swf-definition-inventory.csv,955f2a8c83ce121d9a3979463c51f6c3d893b2b79cb7bfa250fe591d515a02e7,CSV definition-index record for DefineFont2,,60,"projection only; no asset bytes exported, transformed, redrawn, or generated",machine-extracted-structural-candidate,owner-provided SWF,"swfEmbeddedFontName=Bauhaus Md BT; container=root; definitionDepth=0; tagOrdinal=5; payloadBytes=4500; rawTagPayloadSha256=d25e3be6ab08d73919f121692b8a5a590ba2d857d813f8a974a390963bfed44e; exactTagIdentitySha256=b0192695bbaeaa665f7f6878a868d400bc7d35e2e6511b24b5d3023c1d94ee78; runtime reachability unresolved; placement and bounds unresolved; renderer suitability unresolved; machineDefinitionIndexSha256=955f2a8c83ce121d9a3979463c51f6c3d893b2b79cb7bfa250fe591d515a02e7; Structural/static source-derived candidate only. The exported_file is the shared machine definition-index evidence, not a visual or renderer asset export. It is not an authoritative original-runtime baseline and establishes no runtime reachability, placement, asset usage, visual appearance, renderer suitability, human or owner acceptance, strict completion, or publication."
swf-definition-00007,4,,structural-text-definition-candidate,source-assets/flash/HELP MATH_ORIGINAL FILES/HELP_COURSES/ELMGR5/L4/TS/L4TS07.swf,,migrations/course-g05-l04-ts-007/audit/machine/g5-l4-pre-runtime-swf-definition-inventory.csv,955f2a8c83ce121d9a3979463c51f6c3d893b2b79cb7bfa250fe591d515a02e7,CSV definition-index record for DefineText,,,"projection only; no asset bytes exported, transformed, redrawn, or generated",machine-extracted-structural-candidate,owner-provided SWF,"container=root; definitionDepth=0; tagOrdinal=7; payloadBytes=55; rawTagPayloadSha256=139351e86f60109f048412a2c1d20dd42e5205ec431d57b8baaa716cd85eb84c; exactTagIdentitySha256=11f159d317b1124e47dd15f27f700fe6fcb66706756bfffb638ada4d389055ba; runtime reachability unresolved; placement and bounds unresolved; renderer suitability unresolved; machineDefinitionIndexSha256=955f2a8c83ce121d9a3979463c51f6c3d893b2b79cb7bfa250fe591d515a02e7; Structural/static source-derived candidate only. The exported_file is the shared machine definition-index evidence, not a visual or renderer asset export. It is not an authoritative original-runtime baseline and establishes no runtime reachability, placement, asset usage, visual appearance, renderer suitability, human or owner acceptance, strict completion, or publication."
swf-definition-00008,5,,structural-text-definition-candidate,source-assets/flash/HELP MATH_ORIGINAL FILES/HELP_COURSES/ELMGR5/L4/TS/L4TS07.swf,,migrations/course-g05-l04-ts-007/audit/machine/g5-l4-pre-runtime-swf-definition-inventory.csv,955f2a8c83ce121d9a3979463c51f6c3d893b2b79cb7bfa250fe591d515a02e7,CSV definition-index record for DefineText,,,"projection only; no asset bytes exported, transformed, redrawn, or generated",machine-extracted-structural-candidate,owner-provided SWF,"container=root; definitionDepth=0; tagOrdinal=8; payloadBytes=55; rawTagPayloadSha256=d87567baec5d00884d32bab9e47d08c32d9abcfcf2edeb7126a5f6c97746ff88; exactTagIdentitySha256=21c54b15fad16ff8326543605897bbe5ffb31e762925609f5756a2b200e9aa9c; runtime reachability unresolved; placement and bounds unresolved; renderer suitability unresolved; machineDefinitionIndexSha256=955f2a8c83ce121d9a3979463c51f6c3d893b2b79cb7bfa250fe591d515a02e7; Structural/static source-derived candidate only. The exported_file is the shared machine definition-index evidence, not a visual or renderer asset export. It is not an authoritative original-runtime baseline and establishes no runtime reachability, placement, asset usage, visual appearance, renderer suitability, human or owner acceptance, strict completion, or publication."
swf-definition-00009,6,,structural-shape-definition-candidate,source-assets/flash/HELP MATH_ORIGINAL FILES/HELP_COURSES/ELMGR5/L4/TS/L4TS07.swf,,migrations/course-g05-l04-ts-007/audit/machine/g5-l4-pre-runtime-swf-definition-inventory.csv,955f2a8c83ce121d9a3979463c51f6c3d893b2b79cb7bfa250fe591d515a02e7,CSV definition-index record for DefineShape3,,,"projection only; no asset bytes exported, transformed, redrawn, or generated",machine-extracted-structural-candidate,owner-provided SWF,"container=root; definitionDepth=0; tagOrdinal=9; payloadBytes=96; rawTagPayloadSha256=9fc3e7de03b7c2617832f45c4cdb070597b7ddfa93e377f06198a26062521d15; exactTagIdentitySha256=8e6bf1f4c74573ebc72f81a3c3e6b4099a49d5f8a7b969b7e8421280a5b1242c; runtime reachability unresolved; placement and bounds unresolved; renderer suitability unresolved; machineDefinitionIndexSha256=955f2a8c83ce121d9a3979463c51f6c3d893b2b79cb7bfa250fe591d515a02e7; Structural/static source-derived candidate only. The exported_file is the shared machine definition-index evidence, not a visual or renderer asset export. It is not an authoritative original-runtime baseline and establishes no runtime reachability, placement, asset usage, visual appearance, renderer suitability, human or owner acceptance, strict completion, or publication."
swf-definition-00010,7,,structural-button-definition-candidate,source-assets/flash/HELP MATH_ORIGINAL FILES/HELP_COURSES/ELMGR5/L4/TS/L4TS07.swf,,migrations/course-g05-l04-ts-007/audit/machine/g5-l4-pre-runtime-swf-definition-inventory.csv,955f2a8c83ce121d9a3979463c51f6c3d893b2b79cb7bfa250fe591d515a02e7,CSV definition-index record for DefineButton2,,,"projection only; no asset bytes exported, transformed, redrawn, or generated",machine-extracted-structural-candidate,owner-provided SWF,"container=root; definitionDepth=0; tagOrdinal=10; payloadBytes=47; rawTagPayloadSha256=95fd8c20b889c8cda774852c60d55ca788a964ad42bb8726d63208c17132d5e2; exactTagIdentitySha256=1d4c76648e7584c8b9ca83381be6b7eb9d6bf5ed9c449bf00052212e7fe8d1d3; runtime reachability unresolved; placement and bounds unresolved; renderer suitability unresolved; machineDefinitionIndexSha256=955f2a8c83ce121d9a3979463c51f6c3d893b2b79cb7bfa250fe591d515a02e7; Structural/static source-derived candidate only. The exported_file is the shared machine definition-index evidence, not a visual or renderer asset export. It is not an authoritative original-runtime baseline and establishes no runtime reachability, placement, asset usage, visual appearance, renderer suitability, human or owner acceptance, strict completion, or publication."
swf-definition-00012,8,,structural-shape-definition-candidate,source-assets/flash/HELP MATH_ORIGINAL FILES/HELP_COURSES/ELMGR5/L4/TS/L4TS07.swf,,migrations/course-g05-l04-ts-007/audit/machine/g5-l4-pre-runtime-swf-definition-inventory.csv,955f2a8c83ce121d9a3979463c51f6c3d893b2b79cb7bfa250fe591d515a02e7,CSV definition-index record for DefineShape2,,,"projection only; no asset bytes exported, transformed, redrawn, or generated",machine-extracted-structural-candidate,owner-provided SWF,"container=root; definitionDepth=0; tagOrdinal=12; payloadBytes=167; rawTagPayloadSha256=9b2c8dd2107b69361c444049a085def1609e283559ecfc1b65215eb1201105d6; exactTagIdentitySha256=ae8af138817966814999a815b776931cd7748a4f67e0670baf2d13e6fe2a2ef8; runtime reachability unresolved; placement and bounds unresolved; renderer suitability unresolved; machineDefinitionIndexSha256=955f2a8c83ce121d9a3979463c51f6c3d893b2b79cb7bfa250fe591d515a02e7; Structural/static source-derived candidate only. The exported_file is the shared machine definition-index evidence, not a visual or renderer asset export. It is not an authoritative original-runtime baseline and establishes no runtime reachability, placement, asset usage, visual appearance, renderer suitability, human or owner acceptance, strict completion, or publication."
swf-definition-00013,9,,structural-shape-definition-candidate,source-assets/flash/HELP MATH_ORIGINAL FILES/HELP_COURSES/ELMGR5/L4/TS/L4TS07.swf,,migrations/course-g05-l04-ts-007/audit/machine/g5-l4-pre-runtime-swf-definition-inventory.csv,955f2a8c83ce121d9a3979463c51f6c3d893b2b79cb7bfa250fe591d515a02e7,CSV definition-index record for DefineShape3,,,"projection only; no asset bytes exported, transformed, redrawn, or generated",machine-extracted-structural-candidate,owner-provided SWF,"container=root; definitionDepth=0; tagOrdinal=13; payloadBytes=94; rawTagPayloadSha256=6b94a43bc6ece642f3ea214879ac039289b2ae0f781c34a139c176b9a3e1a888; exactTagIdentitySha256=451727da5a8d85d2074f3add7c0dd98d63930e288551a06fbe6ef35a5022fdd0; runtime reachability unresolved; placement and bounds unresolved; renderer suitability unresolved; machineDefinitionIndexSha256=955f2a8c83ce121d9a3979463c51f6c3d893b2b79cb7bfa250fe591d515a02e7; Structural/static source-derived candidate only. The exported_file is the shared machine definition-index evidence, not a visual or renderer asset export. It is not an authoritative original-runtime baseline and establishes no runtime reachability, placement, asset usage, visual appearance, renderer suitability, human or owner acceptance, strict completion, or publication."
swf-definition-00014,10,,structural-text-definition-candidate,source-assets/flash/HELP MATH_ORIGINAL FILES/HELP_COURSES/ELMGR5/L4/TS/L4TS07.swf,,migrations/course-g05-l04-ts-007/audit/machine/g5-l4-pre-runtime-swf-definition-inventory.csv,955f2a8c83ce121d9a3979463c51f6c3d893b2b79cb7bfa250fe591d515a02e7,CSV definition-index record for DefineText,,,"projection only; no asset bytes exported, transformed, redrawn, or generated",machine-extracted-structural-candidate,owner-provided SWF,"container=root; definitionDepth=0; tagOrdinal=14; payloadBytes=36; rawTagPayloadSha256=496058f368f5169a5fb48ae5602fbd9203340077a5f9cf37573812e0bda8e450; exactTagIdentitySha256=3239e9569f1fdc83ce6b899839635a8c1e00761a350060e3ac342463b00c9486; runtime reachability unresolved; placement and bounds unresolved; renderer suitability unresolved; machineDefinitionIndexSha256=955f2a8c83ce121d9a3979463c51f6c3d893b2b79cb7bfa250fe591d515a02e7; Structural/static source-derived candidate only. The exported_file is the shared machine definition-index evidence, not a visual or renderer asset export. It is not an authoritative original-runtime baseline and establishes no runtime reachability, placement, asset usage, visual appearance, renderer suitability, human or owner acceptance, strict completion, or publication."
swf-definition-00015,11,,structural-text-definition-candidate,source-assets/flash/HELP MATH_ORIGINAL FILES/HELP_COURSES/ELMGR5/L4/TS/L4TS07.swf,,migrations/course-g05-l04-ts-007/audit/machine/g5-l4-pre-runtime-swf-definition-inventory.csv,955f2a8c83ce121d9a3979463c51f6c3d893b2b79cb7bfa250fe591d515a02e7,CSV definition-index record for DefineText,,,"projection only; no asset bytes exported, transformed, redrawn, or generated",machine-extracted-structural-candidate,owner-provided SWF,"container=root; definitionDepth=0; tagOrdinal=15; payloadBytes=36; rawTagPayloadSha256=cdbfd9528a1dc2438915ae6ca506791579069461c6126576baf0b2471f6105e3; exactTagIdentitySha256=8474c43c465e63992f47194d904098ec70031ee38ffa5b23f335993c4ff2abea; runtime reachability unresolved; placement and bounds unresolved; renderer suitability unresolved; machineDefinitionIndexSha256=955f2a8c83ce121d9a3979463c51f6c3d893b2b79cb7bfa250fe591d515a02e7; Structural/static source-derived candidate only. The exported_file is the shared machine definition-index evidence, not a visual or renderer asset export. It is not an authoritative original-runtime baseline and establishes no runtime reachability, placement, asset usage, visual appearance, renderer suitability, human or owner acceptance, strict completion, or publication."
swf-definition-00016,12,,structural-button-definition-candidate,source-assets/flash/HELP MATH_ORIGINAL FILES/HELP_COURSES/ELMGR5/L4/TS/L4TS07.swf,,migrations/course-g05-l04-ts-007/audit/machine/g5-l4-pre-runtime-swf-definition-inventory.csv,955f2a8c83ce121d9a3979463c51f6c3d893b2b79cb7bfa250fe591d515a02e7,CSV definition-index record for DefineButton2,,,"projection only; no asset bytes exported, transformed, redrawn, or generated",machine-extracted-structural-candidate,owner-provided SWF,"container=root; definitionDepth=0; tagOrdinal=16; payloadBytes=47; rawTagPayloadSha256=65e5678f373304562a097a48f4db2adacb5d9c8e5e29ae4f1071ae11949e3f86; exactTagIdentitySha256=6d556740799bb3f8da0754b5f97d4d8cb10e96a7a6da2c0240ef0d4ae728cc48; runtime reachability unresolved; placement and bounds unresolved; renderer suitability unresolved; machineDefinitionIndexSha256=955f2a8c83ce121d9a3979463c51f6c3d893b2b79cb7bfa250fe591d515a02e7; Structural/static source-derived candidate only. The exported_file is the shared machine definition-index evidence, not a visual or renderer asset export. It is not an authoritative original-runtime baseline and establishes no runtime reachability, placement, asset usage, visual appearance, renderer suitability, human or owner acceptance, strict completion, or publication."
swf-definition-00018,13,,structural-button-definition-candidate,source-assets/flash/HELP MATH_ORIGINAL FILES/HELP_COURSES/ELMGR5/L4/TS/L4TS07.swf,,migrations/course-g05-l04-ts-007/audit/machine/g5-l4-pre-runtime-swf-definition-inventory.csv,955f2a8c83ce121d9a3979463c51f6c3d893b2b79cb7bfa250fe591d515a02e7,CSV definition-index record for DefineButton2,,,"projection only; no asset bytes exported, transformed, redrawn, or generated",machine-extracted-structural-candidate,owner-provided SWF,"container=root; definitionDepth=0; tagOrdinal=18; payloadBytes=153; rawTagPayloadSha256=4f9bbacbdaeecf11190a55c55806fe0bc4a484c4ab9c973a15d29bf5aba2895f; exactTagIdentitySha256=de565521d305888b4392cca7451c8e1b62fe5734c6075c7f7cc7f0cf59b9537b; runtime reachability unresolved; placement and bounds unresolved; renderer suitability unresolved; machineDefinitionIndexSha256=955f2a8c83ce121d9a3979463c51f6c3d893b2b79cb7bfa250fe591d515a02e7; Structural/static source-derived candidate only. The exported_file is the shared machine definition-index evidence, not a visual or renderer asset export. It is not an authoritative original-runtime baseline and establishes no runtime reachability, placement, asset usage, visual appearance, renderer suitability, human or owner acceptance, strict completion, or publication."
swf-definition-00028,14,,structural-text-definition-candidate,source-assets/flash/HELP MATH_ORIGINAL FILES/HELP_COURSES/ELMGR5/L4/TS/L4TS07.swf,,migrations/course-g05-l04-ts-007/audit/machine/g5-l4-pre-runtime-swf-definition-inventory.csv,955f2a8c83ce121d9a3979463c51f6c3d893b2b79cb7bfa250fe591d515a02e7,CSV definition-index record for DefineText,,,"projection only; no asset bytes exported, transformed, redrawn, or generated",machine-extracted-structural-candidate,owner-provided SWF,"container=root; definitionDepth=0; tagOrdinal=28; payloadBytes=179; rawTagPayloadSha256=2ab10b1f9b3e00dae81a7cfa8a8ab98b8ed93cc4bb182264bc6a0cfc63b2a975; exactTagIdentitySha256=febdfbd79f7d1d610bb7a560aeedf34727ce48f4272a92af2820e7c7c6cd1e50; runtime reachability unresolved; placement and bounds unresolved; renderer suitability unresolved; machineDefinitionIndexSha256=955f2a8c83ce121d9a3979463c51f6c3d893b2b79cb7bfa250fe591d515a02e7; Structural/static source-derived candidate only. The exported_file is the shared machine definition-index evidence, not a visual or renderer asset export. It is not an authoritative original-runtime baseline and establishes no runtime reachability, placement, asset usage, visual appearance, renderer suitability, human or owner acceptance, strict completion, or publication."
swf-definition-00029,15,,structural-text-definition-candidate,source-assets/flash/HELP MATH_ORIGINAL FILES/HELP_COURSES/ELMGR5/L4/TS/L4TS07.swf,,migrations/course-g05-l04-ts-007/audit/machine/g5-l4-pre-runtime-swf-definition-inventory.csv,955f2a8c83ce121d9a3979463c51f6c3d893b2b79cb7bfa250fe591d515a02e7,CSV definition-index record for DefineText,,,"projection only; no asset bytes exported, transformed, redrawn, or generated",machine-extracted-structural-candidate,owner-provided SWF,"container=root; definitionDepth=0; tagOrdinal=29; payloadBytes=25; rawTagPayloadSha256=0271e24448f4aa7131456a7c8f8e29e681f6af462c803aac1801e007b2127eca; exactTagIdentitySha256=fc86054a3e531f2ef4d0873d613749aabdfc7c98965af99c1260e0fc2a543558; runtime reachability unresolved; placement and bounds unresolved; renderer suitability unresolved; machineDefinitionIndexSha256=955f2a8c83ce121d9a3979463c51f6c3d893b2b79cb7bfa250fe591d515a02e7; Structural/static source-derived candidate only. The exported_file is the shared machine definition-index evidence, not a visual or renderer asset export. It is not an authoritative original-runtime baseline and establishes no runtime reachability, placement, asset usage, visual appearance, renderer suitability, human or owner acceptance, strict completion, or publication."
swf-definition-00030,16,,structural-text-definition-candidate,source-assets/flash/HELP MATH_ORIGINAL FILES/HELP_COURSES/ELMGR5/L4/TS/L4TS07.swf,,migrations/course-g05-l04-ts-007/audit/machine/g5-l4-pre-runtime-swf-definition-inventory.csv,955f2a8c83ce121d9a3979463c51f6c3d893b2b79cb7bfa250fe591d515a02e7,CSV definition-index record for DefineText,,,"projection only; no asset bytes exported, transformed, redrawn, or generated",machine-extracted-structural-candidate,owner-provided SWF,"container=root; definitionDepth=0; tagOrdinal=30; payloadBytes=25; rawTagPayloadSha256=dcc578a1f6fa17582bf2f4ddca3d1e11c024123fddd4a84ff0a232769026c6c0; exactTagIdentitySha256=85ff02a0f9550897dc9491b0395b841c3753bd2296f78472e9ade88c4671a585; runtime reachability unresolved; placement and bounds unresolved; renderer suitability unresolved; machineDefinitionIndexSha256=955f2a8c83ce121d9a3979463c51f6c3d893b2b79cb7bfa250fe591d515a02e7; Structural/static source-derived candidate only. The exported_file is the shared machine definition-index evidence, not a visual or renderer asset export. It is not an authoritative original-runtime baseline and establishes no runtime reachability, placement, asset usage, visual appearance, renderer suitability, human or owner acceptance, strict completion, or publication."
swf-definition-00031,17,,structural-shape-definition-candidate,source-assets/flash/HELP MATH_ORIGINAL FILES/HELP_COURSES/ELMGR5/L4/TS/L4TS07.swf,,migrations/course-g05-l04-ts-007/audit/machine/g5-l4-pre-runtime-swf-definition-inventory.csv,955f2a8c83ce121d9a3979463c51f6c3d893b2b79cb7bfa250fe591d515a02e7,CSV definition-index record for DefineShape2,,,"projection only; no asset bytes exported, transformed, redrawn, or generated",machine-extracted-structural-candidate,owner-provided SWF,"container=root; definitionDepth=0; tagOrdinal=31; payloadBytes=244; rawTagPayloadSha256=bc002590326fb06cb92d1eecf4e604d7f188781b847073a8a732e0ac9d585c45; exactTagIdentitySha256=62e95fd8300aae250abaa8d6e193dc145207c758d48c56a2a1720fbb25d865a5; runtime reachability unresolved; placement and bounds unresolved; renderer suitability unresolved; machineDefinitionIndexSha256=955f2a8c83ce121d9a3979463c51f6c3d893b2b79cb7bfa250fe591d515a02e7; Structural/static source-derived candidate only. The exported_file is the shared machine definition-index evidence, not a visual or renderer asset export. It is not an authoritative original-runtime baseline and establishes no runtime reachability, placement, asset usage, visual appearance, renderer suitability, human or owner acceptance, strict completion, or publication."
swf-definition-00032,18,,structural-text-definition-candidate,source-assets/flash/HELP MATH_ORIGINAL FILES/HELP_COURSES/ELMGR5/L4/TS/L4TS07.swf,,migrations/course-g05-l04-ts-007/audit/machine/g5-l4-pre-runtime-swf-definition-inventory.csv,955f2a8c83ce121d9a3979463c51f6c3d893b2b79cb7bfa250fe591d515a02e7,CSV definition-index record for DefineText,,,"projection only; no asset bytes exported, transformed, redrawn, or generated",machine-extracted-structural-candidate,owner-provided SWF,"container=root; definitionDepth=0; tagOrdinal=32; payloadBytes=25; rawTagPayloadSha256=a8bf12f19585de329320f0810613b8afa68f201e033d2bd1362dcc8fe75a6724; exactTagIdentitySha256=8cc191538d02c9f8e35162bbeebffe2d6b33b21f3e2ef559e724ba8f65173e45; runtime reachability unresolved; placement and bounds unresolved; renderer suitability unresolved; machineDefinitionIndexSha256=955f2a8c83ce121d9a3979463c51f6c3d893b2b79cb7bfa250fe591d515a02e7; Structural/static source-derived candidate only. The exported_file is the shared machine definition-index evidence, not a visual or renderer asset export. It is not an authoritative original-runtime baseline and establishes no runtime reachability, placement, asset usage, visual appearance, renderer suitability, human or owner acceptance, strict completion, or publication."
swf-definition-00033,19,,structural-shape-definition-candidate,source-assets/flash/HELP MATH_ORIGINAL FILES/HELP_COURSES/ELMGR5/L4/TS/L4TS07.swf,,migrations/course-g05-l04-ts-007/audit/machine/g5-l4-pre-runtime-swf-definition-inventory.csv,955f2a8c83ce121d9a3979463c51f6c3d893b2b79cb7bfa250fe591d515a02e7,CSV definition-index record for DefineShape,,,"projection only; no asset bytes exported, transformed, redrawn, or generated",machine-extracted-structural-candidate,owner-provided SWF,"container=root; definitionDepth=0; tagOrdinal=33; payloadBytes=48; rawTagPayloadSha256=e14a0c0b619048c910461ca8d8ec43f2367b4add231d043b61e1a17b81ab381a; exactTagIdentitySha256=f10ff974125145690d2a739b92a57ca7461896ba331123ea165696543ab9a171; runtime reachability unresolved; placement and bounds unresolved; renderer suitability unresolved; machineDefinitionIndexSha256=955f2a8c83ce121d9a3979463c51f6c3d893b2b79cb7bfa250fe591d515a02e7; Structural/static source-derived candidate only. The exported_file is the shared machine definition-index evidence, not a visual or renderer asset export. It is not an authoritative original-runtime baseline and establishes no runtime reachability, placement, asset usage, visual appearance, renderer suitability, human or owner acceptance, strict completion, or publication."
swf-definition-00034,20,,structural-shape-definition-candidate,source-assets/flash/HELP MATH_ORIGINAL FILES/HELP_COURSES/ELMGR5/L4/TS/L4TS07.swf,,migrations/course-g05-l04-ts-007/audit/machine/g5-l4-pre-runtime-swf-definition-inventory.csv,955f2a8c83ce121d9a3979463c51f6c3d893b2b79cb7bfa250fe591d515a02e7,CSV definition-index record for DefineShape,,,"projection only; no asset bytes exported, transformed, redrawn, or generated",machine-extracted-structural-candidate,owner-provided SWF,"container=root; definitionDepth=0; tagOrdinal=34; payloadBytes=31; rawTagPayloadSha256=1ffce25f768569bf49c2f15b6e84021f9d6464e61ac4ab4345d067395713b735; exactTagIdentitySha256=6f57e960493b878e5211848ad0b2e44473d21cf3785683528a9fd210055d452f; runtime reachability unresolved; placement and bounds unresolved; renderer suitability unresolved; machineDefinitionIndexSha256=955f2a8c83ce121d9a3979463c51f6c3d893b2b79cb7bfa250fe591d515a02e7; Structural/static source-derived candidate only. The exported_file is the shared machine definition-index evidence, not a visual or renderer asset export. It is not an authoritative original-runtime baseline and establishes no runtime reachability, placement, asset usage, visual appearance, renderer suitability, human or owner acceptance, strict completion, or publication."
swf-definition-00035,21,,structural-button-definition-candidate,source-assets/flash/HELP MATH_ORIGINAL FILES/HELP_COURSES/ELMGR5/L4/TS/L4TS07.swf,,migrations/course-g05-l04-ts-007/audit/machine/g5-l4-pre-runtime-swf-definition-inventory.csv,955f2a8c83ce121d9a3979463c51f6c3d893b2b79cb7bfa250fe591d515a02e7,CSV definition-index record for DefineButton2,,,"projection only; no asset bytes exported, transformed, redrawn, or generated",machine-extracted-structural-candidate,owner-provided SWF,"container=root; definitionDepth=0; tagOrdinal=35; payloadBytes=179; rawTagPayloadSha256=7de70ceffeaa8a956dab32d59f5c45a3c4077f509cd3126d3688b63f0a157620; exactTagIdentitySha256=032c082007e847ea30f07b65d19c23d4b81170f6cbf2558d81419f02b5b89c0e; runtime reachability unresolved; placement and bounds unresolved; renderer suitability unresolved; machineDefinitionIndexSha256=955f2a8c83ce121d9a3979463c51f6c3d893b2b79cb7bfa250fe591d515a02e7; Structural/static source-derived candidate only. The exported_file is the shared machine definition-index evidence, not a visual or renderer asset export. It is not an authoritative original-runtime baseline and establishes no runtime reachability, placement, asset usage, visual appearance, renderer suitability, human or owner acceptance, strict completion, or publication."
swf-definition-00036,22,,structural-button-definition-candidate,source-assets/flash/HELP MATH_ORIGINAL FILES/HELP_COURSES/ELMGR5/L4/TS/L4TS07.swf,,migrations/course-g05-l04-ts-007/audit/machine/g5-l4-pre-runtime-swf-definition-inventory.csv,955f2a8c83ce121d9a3979463c51f6c3d893b2b79cb7bfa250fe591d515a02e7,CSV definition-index record for DefineButton2,,,"projection only; no asset bytes exported, transformed, redrawn, or generated",machine-extracted-structural-candidate,owner-provided SWF,"container=root; definitionDepth=0; tagOrdinal=36; payloadBytes=178; rawTagPayloadSha256=4db02100f14e614454e545e877049e20eed671943a9d1db9cc2f666e4e89da4e; exactTagIdentitySha256=9c1fadee02d07782866daa38a7a16c36d9697fc6be8d5696ca1ca651edd1124c; runtime reachability unresolved; placement and bounds unresolved; renderer suitability unresolved; machineDefinitionIndexSha256=955f2a8c83ce121d9a3979463c51f6c3d893b2b79cb7bfa250fe591d515a02e7; Structural/static source-derived candidate only. The exported_file is the shared machine definition-index evidence, not a visual or renderer asset export. It is not an authoritative original-runtime baseline and establishes no runtime reachability, placement, asset usage, visual appearance, renderer suitability, human or owner acceptance, strict completion, or publication."
swf-definition-00037,23,,structural-button-definition-candidate,source-assets/flash/HELP MATH_ORIGINAL FILES/HELP_COURSES/ELMGR5/L4/TS/L4TS07.swf,,migrations/course-g05-l04-ts-007/audit/machine/g5-l4-pre-runtime-swf-definition-inventory.csv,955f2a8c83ce121d9a3979463c51f6c3d893b2b79cb7bfa250fe591d515a02e7,CSV definition-index record for DefineButton2,,,"projection only; no asset bytes exported, transformed, redrawn, or generated",machine-extracted-structural-candidate,owner-provided SWF,"container=root; definitionDepth=0; tagOrdinal=37; payloadBytes=184; rawTagPayloadSha256=ba6ca8a78e6e0c067a3adf5f085a55fb41c8b3d401813059a127e27477b36eb9; exactTagIdentitySha256=f9a162f0a030e327b52a2ba1529be798ee5f79778923b8d74230871a14341a7f; runtime reachability unresolved; placement and bounds unresolved; renderer suitability unresolved; machineDefinitionIndexSha256=955f2a8c83ce121d9a3979463c51f6c3d893b2b79cb7bfa250fe591d515a02e7; Structural/static source-derived candidate only. The exported_file is the shared machine definition-index evidence, not a visual or renderer asset export. It is not an authoritative original-runtime baseline and establishes no runtime reachability, placement, asset usage, visual appearance, renderer suitability, human or owner acceptance, strict completion, or publication."
swf-definition-00038,24,,structural-button-definition-candidate,source-assets/flash/HELP MATH_ORIGINAL FILES/HELP_COURSES/ELMGR5/L4/TS/L4TS07.swf,,migrations/course-g05-l04-ts-007/audit/machine/g5-l4-pre-runtime-swf-definition-inventory.csv,955f2a8c83ce121d9a3979463c51f6c3d893b2b79cb7bfa250fe591d515a02e7,CSV definition-index record for DefineButton2,,,"projection only; no asset bytes exported, transformed, redrawn, or generated",machine-extracted-structural-candidate,owner-provided SWF,"container=root; definitionDepth=0; tagOrdinal=38; payloadBytes=179; rawTagPayloadSha256=52f708ffb67ed2ecd38b96e63e2d771c6dda62e1e8021a6c1c9c989cacc85915; exactTagIdentitySha256=09f768e311b02fcce076891004c7a1c5af1455a09a277d6abf1146d3cbac949e; runtime reachability unresolved; placement and bounds unresolved; renderer suitability unresolved; machineDefinitionIndexSha256=955f2a8c83ce121d9a3979463c51f6c3d893b2b79cb7bfa250fe591d515a02e7; Structural/static source-derived candidate only. The exported_file is the shared machine definition-index evidence, not a visual or renderer asset export. It is not an authoritative original-runtime baseline and establishes no runtime reachability, placement, asset usage, visual appearance, renderer suitability, human or owner acceptance, strict completion, or publication."
swf-definition-00039,25,,structural-shape-definition-candidate,source-assets/flash/HELP MATH_ORIGINAL FILES/HELP_COURSES/ELMGR5/L4/TS/L4TS07.swf,,migrations/course-g05-l04-ts-007/audit/machine/g5-l4-pre-runtime-swf-definition-inventory.csv,955f2a8c83ce121d9a3979463c51f6c3d893b2b79cb7bfa250fe591d515a02e7,CSV definition-index record for DefineShape2,,,"projection only; no asset bytes exported, transformed, redrawn, or generated",machine-extracted-structural-candidate,owner-provided SWF,"container=root; definitionDepth=0; tagOrdinal=39; payloadBytes=1298; rawTagPayloadSha256=606cb467d8817d87bb7d3032bc0626e687132e69ab02200452a0d01f0c72331e; exactTagIdentitySha256=d7e2c4624263fb85d1d33f3c660a7af1e4a9867db207e20db60df5187dbd316f; runtime reachability unresolved; placement and bounds unresolved; renderer suitability unresolved; machineDefinitionIndexSha256=955f2a8c83ce121d9a3979463c51f6c3d893b2b79cb7bfa250fe591d515a02e7; Structural/static source-derived candidate only. The exported_file is the shared machine definition-index evidence, not a visual or renderer asset export. It is not an authoritative original-runtime baseline and establishes no runtime reachability, placement, asset usage, visual appearance, renderer suitability, human or owner acceptance, strict completion, or publication."
swf-definition-00040,26,,structural-text-definition-candidate,source-assets/flash/HELP MATH_ORIGINAL FILES/HELP_COURSES/ELMGR5/L4/TS/L4TS07.swf,,migrations/course-g05-l04-ts-007/audit/machine/g5-l4-pre-runtime-swf-definition-inventory.csv,955f2a8c83ce121d9a3979463c51f6c3d893b2b79cb7bfa250fe591d515a02e7,CSV definition-index record for DefineText,,,"projection only; no asset bytes exported, transformed, redrawn, or generated",machine-extracted-structural-candidate,owner-provided SWF,"container=root; definitionDepth=0; tagOrdinal=40; payloadBytes=26; rawTagPayloadSha256=06bbb9920d7d783e04829f06e41918b266f66a629a90bc03a4d41cdec9fbd965; exactTagIdentitySha256=816adbe9328ae049217766ba8c64dbb05187479baf9c5a95d11fbfca60567e60; runtime reachability unresolved; placement and bounds unresolved; renderer suitability unresolved; machineDefinitionIndexSha256=955f2a8c83ce121d9a3979463c51f6c3d893b2b79cb7bfa250fe591d515a02e7; Structural/static source-derived candidate only. The exported_file is the shared machine definition-index evidence, not a visual or renderer asset export. It is not an authoritative original-runtime baseline and establishes no runtime reachability, placement, asset usage, visual appearance, renderer suitability, human or owner acceptance, strict completion, or publication."
swf-definition-00041,27,,structural-text-definition-candidate,source-assets/flash/HELP MATH_ORIGINAL FILES/HELP_COURSES/ELMGR5/L4/TS/L4TS07.swf,,migrations/course-g05-l04-ts-007/audit/machine/g5-l4-pre-runtime-swf-definition-inventory.csv,955f2a8c83ce121d9a3979463c51f6c3d893b2b79cb7bfa250fe591d515a02e7,CSV definition-index record for DefineText,,,"projection only; no asset bytes exported, transformed, redrawn, or generated",machine-extracted-structural-candidate,owner-provided SWF,"container=root; definitionDepth=0; tagOrdinal=41; payloadBytes=26; rawTagPayloadSha256=720eb8944d4fea566290def1bf63aa295d5f8daa0ab4cd6c9187ca1f7971df3d; exactTagIdentitySha256=c9f08a4b682c3ae7fd6eff99274d23bab159c5d7e86a75f7db7acc8450cb4e2d; runtime reachability unresolved; placement and bounds unresolved; renderer suitability unresolved; machineDefinitionIndexSha256=955f2a8c83ce121d9a3979463c51f6c3d893b2b79cb7bfa250fe591d515a02e7; Structural/static source-derived candidate only. The exported_file is the shared machine definition-index evidence, not a visual or renderer asset export. It is not an authoritative original-runtime baseline and establishes no runtime reachability, placement, asset usage, visual appearance, renderer suitability, human or owner acceptance, strict completion, or publication."
swf-definition-00042,28,,structural-text-definition-candidate,source-assets/flash/HELP MATH_ORIGINAL FILES/HELP_COURSES/ELMGR5/L4/TS/L4TS07.swf,,migrations/course-g05-l04-ts-007/audit/machine/g5-l4-pre-runtime-swf-definition-inventory.csv,955f2a8c83ce121d9a3979463c51f6c3d893b2b79cb7bfa250fe591d515a02e7,CSV definition-index record for DefineText,,,"projection only; no asset bytes exported, transformed, redrawn, or generated",machine-extracted-structural-candidate,owner-provided SWF,"container=root; definitionDepth=0; tagOrdinal=42; payloadBytes=27; rawTagPayloadSha256=694bd91ba2bf8e2e41b7bbff8654de7866ff0a8176354ea08d86c123354169e7; exactTagIdentitySha256=8b7003d4aabf8f49409993c1bbafbfe1e37833647fe18830a107eb761ef75478; runtime reachability unresolved; placement and bounds unresolved; renderer suitability unresolved; machineDefinitionIndexSha256=955f2a8c83ce121d9a3979463c51f6c3d893b2b79cb7bfa250fe591d515a02e7; Structural/static source-derived candidate only. The exported_file is the shared machine definition-index evidence, not a visual or renderer asset export. It is not an authoritative original-runtime baseline and establishes no runtime reachability, placement, asset usage, visual appearance, renderer suitability, human or owner acceptance, strict completion, or publication."
swf-definition-00043,29,,structural-text-definition-candidate,source-assets/flash/HELP MATH_ORIGINAL FILES/HELP_COURSES/ELMGR5/L4/TS/L4TS07.swf,,migrations/course-g05-l04-ts-007/audit/machine/g5-l4-pre-runtime-swf-definition-inventory.csv,955f2a8c83ce121d9a3979463c51f6c3d893b2b79cb7bfa250fe591d515a02e7,CSV definition-index record for DefineText,,,"projection only; no asset bytes exported, transformed, redrawn, or generated",machine-extracted-structural-candidate,owner-provided SWF,"container=root; definitionDepth=0; tagOrdinal=43; payloadBytes=25; rawTagPayloadSha256=48639b496f88bff8beebc436961891b64a06d26a864116433459feaf9758a507; exactTagIdentitySha256=2fd10634e59341be0c9e10e02ec8cafdf6c470d3f5c7d8ff12e5e3c08aac2279; runtime reachability unresolved; placement and bounds unresolved; renderer suitability unresolved; machineDefinitionIndexSha256=955f2a8c83ce121d9a3979463c51f6c3d893b2b79cb7bfa250fe591d515a02e7; Structural/static source-derived candidate only. The exported_file is the shared machine definition-index evidence, not a visual or renderer asset export. It is not an authoritative original-runtime baseline and establishes no runtime reachability, placement, asset usage, visual appearance, renderer suitability, human or owner acceptance, strict completion, or publication."
swf-definition-00044,30,,structural-text-definition-candidate,source-assets/flash/HELP MATH_ORIGINAL FILES/HELP_COURSES/ELMGR5/L4/TS/L4TS07.swf,,migrations/course-g05-l04-ts-007/audit/machine/g5-l4-pre-runtime-swf-definition-inventory.csv,955f2a8c83ce121d9a3979463c51f6c3d893b2b79cb7bfa250fe591d515a02e7,CSV definition-index record for DefineText,,,"projection only; no asset bytes exported, transformed, redrawn, or generated",machine-extracted-structural-candidate,owner-provided SWF,"container=root; definitionDepth=0; tagOrdinal=44; payloadBytes=25; rawTagPayloadSha256=377544e2dc929d40764582b7a24dea3cfc92df5a50ff2473a40c4d60f93da89b; exactTagIdentitySha256=30dba3bfee05c945e11e79ba59d28f1d146d2092cbe808be2b0aa7dcccf27757; runtime reachability unresolved; placement and bounds unresolved; renderer suitability unresolved; machineDefinitionIndexSha256=955f2a8c83ce121d9a3979463c51f6c3d893b2b79cb7bfa250fe591d515a02e7; Structural/static source-derived candidate only. The exported_file is the shared machine definition-index evidence, not a visual or renderer asset export. It is not an authoritative original-runtime baseline and establishes no runtime reachability, placement, asset usage, visual appearance, renderer suitability, human or owner acceptance, strict completion, or publication."
swf-definition-00045,31,,structural-text-definition-candidate,source-assets/flash/HELP MATH_ORIGINAL FILES/HELP_COURSES/ELMGR5/L4/TS/L4TS07.swf,,migrations/course-g05-l04-ts-007/audit/machine/g5-l4-pre-runtime-swf-definition-inventory.csv,955f2a8c83ce121d9a3979463c51f6c3d893b2b79cb7bfa250fe591d515a02e7,CSV definition-index record for DefineText,,,"projection only; no asset bytes exported, transformed, redrawn, or generated",machine-extracted-structural-candidate,owner-provided SWF,"container=root; definitionDepth=0; tagOrdinal=45; payloadBytes=155; rawTagPayloadSha256=0bdfef75d1991a594160d11cb942d97fdeb2766e8d574aad8aaab3cb4f59103a; exactTagIdentitySha256=4cc8def3b8a0ac6ddfd3830e41ab82b732e29190296b5fe35db5b0ecb762df63; runtime reachability unresolved; placement and bounds unresolved; renderer suitability unresolved; machineDefinitionIndexSha256=955f2a8c83ce121d9a3979463c51f6c3d893b2b79cb7bfa250fe591d515a02e7; Structural/static source-derived candidate only. The exported_file is the shared machine definition-index evidence, not a visual or renderer asset export. It is not an authoritative original-runtime baseline and establishes no runtime reachability, placement, asset usage, visual appearance, renderer suitability, human or owner acceptance, strict completion, or publication."
swf-definition-00046,32,,structural-text-definition-candidate,source-assets/flash/HELP MATH_ORIGINAL FILES/HELP_COURSES/ELMGR5/L4/TS/L4TS07.swf,,migrations/course-g05-l04-ts-007/audit/machine/g5-l4-pre-runtime-swf-definition-inventory.csv,955f2a8c83ce121d9a3979463c51f6c3d893b2b79cb7bfa250fe591d515a02e7,CSV definition-index record for DefineText,,,"projection only; no asset bytes exported, transformed, redrawn, or generated",machine-extracted-structural-candidate,owner-provided SWF,"container=root; definitionDepth=0; tagOrdinal=46; payloadBytes=153; rawTagPayloadSha256=052bc14fe79cf433419f5701a6e034d4db9854756fac98ec0b08a0b8a48a95c4; exactTagIdentitySha256=602e9045a9244d187b900fb898900d6661ebbaccd3d05df318d62473eff07211; runtime reachability unresolved; placement and bounds unresolved; renderer suitability unresolved; machineDefinitionIndexSha256=955f2a8c83ce121d9a3979463c51f6c3d893b2b79cb7bfa250fe591d515a02e7; Structural/static source-derived candidate only. The exported_file is the shared machine definition-index evidence, not a visual or renderer asset export. It is not an authoritative original-runtime baseline and establishes no runtime reachability, placement, asset usage, visual appearance, renderer suitability, human or owner acceptance, strict completion, or publication."
swf-definition-00047,33,,structural-text-definition-candidate,source-assets/flash/HELP MATH_ORIGINAL FILES/HELP_COURSES/ELMGR5/L4/TS/L4TS07.swf,,migrations/course-g05-l04-ts-007/audit/machine/g5-l4-pre-runtime-swf-definition-inventory.csv,955f2a8c83ce121d9a3979463c51f6c3d893b2b79cb7bfa250fe591d515a02e7,CSV definition-index record for DefineText,,,"projection only; no asset bytes exported, transformed, redrawn, or generated",machine-extracted-structural-candidate,owner-provided SWF,"container=root; definitionDepth=0; tagOrdinal=47; payloadBytes=261; rawTagPayloadSha256=170d4282988f9737204ed57dc54f30794208c7d7e0c5e6161a1fb5775ac366b3; exactTagIdentitySha256=d1f73880d66eccec509ce4e80c847efad30507a92a07602da4d196c619217a88; runtime reachability unresolved; placement and bounds unresolved; renderer suitability unresolved; machineDefinitionIndexSha256=955f2a8c83ce121d9a3979463c51f6c3d893b2b79cb7bfa250fe591d515a02e7; Structural/static source-derived candidate only. The exported_file is the shared machine definition-index evidence, not a visual or renderer asset export. It is not an authoritative original-runtime baseline and establishes no runtime reachability, placement, asset usage, visual appearance, renderer suitability, human or owner acceptance, strict completion, or publication."
swf-definition-00048,34,,structural-shape-definition-candidate,source-assets/flash/HELP MATH_ORIGINAL FILES/HELP_COURSES/ELMGR5/L4/TS/L4TS07.swf,,migrations/course-g05-l04-ts-007/audit/machine/g5-l4-pre-runtime-swf-definition-inventory.csv,955f2a8c83ce121d9a3979463c51f6c3d893b2b79cb7bfa250fe591d515a02e7,CSV definition-index record for DefineShape3,,,"projection only; no asset bytes exported, transformed, redrawn, or generated",machine-extracted-structural-candidate,owner-provided SWF,"container=root; definitionDepth=0; tagOrdinal=48; payloadBytes=486; rawTagPayloadSha256=459aa6651c1d878bdc4b421bf4582dbd66a47f7f6404d7613f72ab62dbfe897a; exactTagIdentitySha256=f6db75eae10c7ec915885ad339f155582abb40a9b39ac3140dfeb7fd4c79fd47; runtime reachability unresolved; placement and bounds unresolved; renderer suitability unresolved; machineDefinitionIndexSha256=955f2a8c83ce121d9a3979463c51f6c3d893b2b79cb7bfa250fe591d515a02e7; Structural/static source-derived candidate only. The exported_file is the shared machine definition-index evidence, not a visual or renderer asset export. It is not an authoritative original-runtime baseline and establishes no runtime reachability, placement, asset usage, visual appearance, renderer suitability, human or owner acceptance, strict completion, or publication."
swf-definition-00049,35,,structural-text-definition-candidate,source-assets/flash/HELP MATH_ORIGINAL FILES/HELP_COURSES/ELMGR5/L4/TS/L4TS07.swf,,migrations/course-g05-l04-ts-007/audit/machine/g5-l4-pre-runtime-swf-definition-inventory.csv,955f2a8c83ce121d9a3979463c51f6c3d893b2b79cb7bfa250fe591d515a02e7,CSV definition-index record for DefineText,,,"projection only; no asset bytes exported, transformed, redrawn, or generated",machine-extracted-structural-candidate,owner-provided SWF,"container=root; definitionDepth=0; tagOrdinal=49; payloadBytes=26; rawTagPayloadSha256=4a8f6e2373683594eb52c8b811bf2130d97ef84e3e05e6a121841ee95bc83286; exactTagIdentitySha256=f02bbe115635c744f9babcf745a045ed023c2421d9ab52efec91a271195f90ea; runtime reachability unresolved; placement and bounds unresolved; renderer suitability unresolved; machineDefinitionIndexSha256=955f2a8c83ce121d9a3979463c51f6c3d893b2b79cb7bfa250fe591d515a02e7; Structural/static source-derived candidate only. The exported_file is the shared machine definition-index evidence, not a visual or renderer asset export. It is not an authoritative original-runtime baseline and establishes no runtime reachability, placement, asset usage, visual appearance, renderer suitability, human or owner acceptance, strict completion, or publication."
swf-definition-00050,36,,structural-text-definition-candidate,source-assets/flash/HELP MATH_ORIGINAL FILES/HELP_COURSES/ELMGR5/L4/TS/L4TS07.swf,,migrations/course-g05-l04-ts-007/audit/machine/g5-l4-pre-runtime-swf-definition-inventory.csv,955f2a8c83ce121d9a3979463c51f6c3d893b2b79cb7bfa250fe591d515a02e7,CSV definition-index record for DefineText,,,"projection only; no asset bytes exported, transformed, redrawn, or generated",machine-extracted-structural-candidate,owner-provided SWF,"container=root; definitionDepth=0; tagOrdinal=50; payloadBytes=25; rawTagPayloadSha256=ca39086e249776126e14334c3cee722f0c309a689183a448752b6c1e37432a11; exactTagIdentitySha256=a85bb30643b1238d8b05647d657f7d52df5fb82b4cca97a202ecfcf910554709; runtime reachability unresolved; placement and bounds unresolved; renderer suitability unresolved; machineDefinitionIndexSha256=955f2a8c83ce121d9a3979463c51f6c3d893b2b79cb7bfa250fe591d515a02e7; Structural/static source-derived candidate only. The exported_file is the shared machine definition-index evidence, not a visual or renderer asset export. It is not an authoritative original-runtime baseline and establishes no runtime reachability, placement, asset usage, visual appearance, renderer suitability, human or owner acceptance, strict completion, or publication."
swf-definition-00051,37,,structural-shape-definition-candidate,source-assets/flash/HELP MATH_ORIGINAL FILES/HELP_COURSES/ELMGR5/L4/TS/L4TS07.swf,,migrations/course-g05-l04-ts-007/audit/machine/g5-l4-pre-runtime-swf-definition-inventory.csv,955f2a8c83ce121d9a3979463c51f6c3d893b2b79cb7bfa250fe591d515a02e7,CSV definition-index record for DefineShape3,,,"projection only; no asset bytes exported, transformed, redrawn, or generated",machine-extracted-structural-candidate,owner-provided SWF,"container=root; definitionDepth=0; tagOrdinal=51; payloadBytes=509; rawTagPayloadSha256=caae5f27367a59b6db04115056dda481f690d58df18577ce6e30ea4f62dc85bc; exactTagIdentitySha256=82635292a2808031b970bcdbf18fefb9fc21ee212a903c644dddc8e538d2ad34; runtime reachability unresolved; placement and bounds unresolved; renderer suitability unresolved; machineDefinitionIndexSha256=955f2a8c83ce121d9a3979463c51f6c3d893b2b79cb7bfa250fe591d515a02e7; Structural/static source-derived candidate only. The exported_file is the shared machine definition-index evidence, not a visual or renderer asset export. It is not an authoritative original-runtime baseline and establishes no runtime reachability, placement, asset usage, visual appearance, renderer suitability, human or owner acceptance, strict completion, or publication."
swf-definition-00052,38,,structural-text-definition-candidate,source-assets/flash/HELP MATH_ORIGINAL FILES/HELP_COURSES/ELMGR5/L4/TS/L4TS07.swf,,migrations/course-g05-l04-ts-007/audit/machine/g5-l4-pre-runtime-swf-definition-inventory.csv,955f2a8c83ce121d9a3979463c51f6c3d893b2b79cb7bfa250fe591d515a02e7,CSV definition-index record for DefineText,,,"projection only; no asset bytes exported, transformed, redrawn, or generated",machine-extracted-structural-candidate,owner-provided SWF,"container=root; definitionDepth=0; tagOrdinal=52; payloadBytes=25; rawTagPayloadSha256=a04344adf7a86634b84eb540e2c5c6040d5d929d287d7d0fab7ad52f2a3ff6db; exactTagIdentitySha256=437092c15b30c2e898a867b7853aff75f400089894b4750be379f8161541bef5; runtime reachability unresolved; placement and bounds unresolved; renderer suitability unresolved; machineDefinitionIndexSha256=955f2a8c83ce121d9a3979463c51f6c3d893b2b79cb7bfa250fe591d515a02e7; Structural/static source-derived candidate only. The exported_file is the shared machine definition-index evidence, not a visual or renderer asset export. It is not an authoritative original-runtime baseline and establishes no runtime reachability, placement, asset usage, visual appearance, renderer suitability, human or owner acceptance, strict completion, or publication."
swf-definition-00053,39,,structural-text-definition-candidate,source-assets/flash/HELP MATH_ORIGINAL FILES/HELP_COURSES/ELMGR5/L4/TS/L4TS07.swf,,migrations/course-g05-l04-ts-007/audit/machine/g5-l4-pre-runtime-swf-definition-inventory.csv,955f2a8c83ce121d9a3979463c51f6c3d893b2b79cb7bfa250fe591d515a02e7,CSV definition-index record for DefineText,,,"projection only; no asset bytes exported, transformed, redrawn, or generated",machine-extracted-structural-candidate,owner-provided SWF,"container=root; definitionDepth=0; tagOrdinal=53; payloadBytes=25; rawTagPayloadSha256=8d70d9806286c788ac98b13d09205cb1bd9a03cd5bebf1659e7f88f5acee709a; exactTagIdentitySha256=90f81767eb7ded861f82b2c7f2078d42e19306b726ae4f768b149cd45bf00deb; runtime reachability unresolved; placement and bounds unresolved; renderer suitability unresolved; machineDefinitionIndexSha256=955f2a8c83ce121d9a3979463c51f6c3d893b2b79cb7bfa250fe591d515a02e7; Structural/static source-derived candidate only. The exported_file is the shared machine definition-index evidence, not a visual or renderer asset export. It is not an authoritative original-runtime baseline and establishes no runtime reachability, placement, asset usage, visual appearance, renderer suitability, human or owner acceptance, strict completion, or publication."
swf-definition-00054,40,,structural-text-definition-candidate,source-assets/flash/HELP MATH_ORIGINAL FILES/HELP_COURSES/ELMGR5/L4/TS/L4TS07.swf,,migrations/course-g05-l04-ts-007/audit/machine/g5-l4-pre-runtime-swf-definition-inventory.csv,955f2a8c83ce121d9a3979463c51f6c3d893b2b79cb7bfa250fe591d515a02e7,CSV definition-index record for DefineText,,,"projection only; no asset bytes exported, transformed, redrawn, or generated",machine-extracted-structural-candidate,owner-provided SWF,"container=root; definitionDepth=0; tagOrdinal=54; payloadBytes=25; rawTagPayloadSha256=e7907b74cb34c90035ef2c432f2af8e072c81c20bc94839c1eb5c5c9c8d3328c; exactTagIdentitySha256=a8e58da3dceb6a903514b3242ea5edea3a424fcd2e01afc95b2f2049faa183a0; runtime reachability unresolved; placement and bounds unresolved; renderer suitability unresolved; machineDefinitionIndexSha256=955f2a8c83ce121d9a3979463c51f6c3d893b2b79cb7bfa250fe591d515a02e7; Structural/static source-derived candidate only. The exported_file is the shared machine definition-index evidence, not a visual or renderer asset export. It is not an authoritative original-runtime baseline and establishes no runtime reachability, placement, asset usage, visual appearance, renderer suitability, human or owner acceptance, strict completion, or publication."
swf-definition-00055,41,,structural-shape-definition-candidate,source-assets/flash/HELP MATH_ORIGINAL FILES/HELP_COURSES/ELMGR5/L4/TS/L4TS07.swf,,migrations/course-g05-l04-ts-007/audit/machine/g5-l4-pre-runtime-swf-definition-inventory.csv,955f2a8c83ce121d9a3979463c51f6c3d893b2b79cb7bfa250fe591d515a02e7,CSV definition-index record for DefineShape3,,,"projection only; no asset bytes exported, transformed, redrawn, or generated",machine-extracted-structural-candidate,owner-provided SWF,"container=root; definitionDepth=0; tagOrdinal=55; payloadBytes=481; rawTagPayloadSha256=7b2178d6135b92d5c34a9bbbd6822204a73d66a2c94e5405b00d3c270aae036d; exactTagIdentitySha256=2e21347c623e1c242f8dd8084dc8253729ba3399ba67c759dad3dca40b82aec9; runtime reachability unresolved; placement and bounds unresolved; renderer suitability unresolved; machineDefinitionIndexSha256=955f2a8c83ce121d9a3979463c51f6c3d893b2b79cb7bfa250fe591d515a02e7; Structural/static source-derived candidate only. The exported_file is the shared machine definition-index evidence, not a visual or renderer asset export. It is not an authoritative original-runtime baseline and establishes no runtime reachability, placement, asset usage, visual appearance, renderer suitability, human or owner acceptance, strict completion, or publication."
swf-definition-00056,42,,structural-text-definition-candidate,source-assets/flash/HELP MATH_ORIGINAL FILES/HELP_COURSES/ELMGR5/L4/TS/L4TS07.swf,,migrations/course-g05-l04-ts-007/audit/machine/g5-l4-pre-runtime-swf-definition-inventory.csv,955f2a8c83ce121d9a3979463c51f6c3d893b2b79cb7bfa250fe591d515a02e7,CSV definition-index record for DefineText,,,"projection only; no asset bytes exported, transformed, redrawn, or generated",machine-extracted-structural-candidate,owner-provided SWF,"container=root; definitionDepth=0; tagOrdinal=56; payloadBytes=25; rawTagPayloadSha256=7ba60aa5c4123f81d23927acc3a0a20f703bf93dbe84c19a28045514d6381aa9; exactTagIdentitySha256=451b21ea1b9f9d85477c08fe638984961fb7b2626d4b2954b8723d597bb5393c; runtime reachability unresolved; placement and bounds unresolved; renderer suitability unresolved; machineDefinitionIndexSha256=955f2a8c83ce121d9a3979463c51f6c3d893b2b79cb7bfa250fe591d515a02e7; Structural/static source-derived candidate only. The exported_file is the shared machine definition-index evidence, not a visual or renderer asset export. It is not an authoritative original-runtime baseline and establishes no runtime reachability, placement, asset usage, visual appearance, renderer suitability, human or owner acceptance, strict completion, or publication."
swf-definition-00057,43,,structural-shape-definition-candidate,source-assets/flash/HELP MATH_ORIGINAL FILES/HELP_COURSES/ELMGR5/L4/TS/L4TS07.swf,,migrations/course-g05-l04-ts-007/audit/machine/g5-l4-pre-runtime-swf-definition-inventory.csv,955f2a8c83ce121d9a3979463c51f6c3d893b2b79cb7bfa250fe591d515a02e7,CSV definition-index record for DefineShape3,,,"projection only; no asset bytes exported, transformed, redrawn, or generated",machine-extracted-structural-candidate,owner-provided SWF,"container=root; definitionDepth=0; tagOrdinal=57; payloadBytes=477; rawTagPayloadSha256=730554b819239f39469da41b3c93c2d64a052dbd84c3107379ec7a2776abe439; exactTagIdentitySha256=b3610a37e187c471d9d0ccfda30d9c600783c8bf7d9ddc43bd4b4447238054b7; runtime reachability unresolved; placement and bounds unresolved; renderer suitability unresolved; machineDefinitionIndexSha256=955f2a8c83ce121d9a3979463c51f6c3d893b2b79cb7bfa250fe591d515a02e7; Structural/static source-derived candidate only. The exported_file is the shared machine definition-index evidence, not a visual or renderer asset export. It is not an authoritative original-runtime baseline and establishes no runtime reachability, placement, asset usage, visual appearance, renderer suitability, human or owner acceptance, strict completion, or publication."
swf-definition-00058,44,,structural-text-definition-candidate,source-assets/flash/HELP MATH_ORIGINAL FILES/HELP_COURSES/ELMGR5/L4/TS/L4TS07.swf,,migrations/course-g05-l04-ts-007/audit/machine/g5-l4-pre-runtime-swf-definition-inventory.csv,955f2a8c83ce121d9a3979463c51f6c3d893b2b79cb7bfa250fe591d515a02e7,CSV definition-index record for DefineText,,,"projection only; no asset bytes exported, transformed, redrawn, or generated",machine-extracted-structural-candidate,owner-provided SWF,"container=root; definitionDepth=0; tagOrdinal=58; payloadBytes=25; rawTagPayloadSha256=6758349af1b37a267ab700b66b3629a140b86766b6deb3db7a758e4952de52bf; exactTagIdentitySha256=cd7747868f57badb5359c77842ef6965844d593bbaaf3c8039cc0e80a569f785; runtime reachability unresolved; placement and bounds unresolved; renderer suitability unresolved; machineDefinitionIndexSha256=955f2a8c83ce121d9a3979463c51f6c3d893b2b79cb7bfa250fe591d515a02e7; Structural/static source-derived candidate only. The exported_file is the shared machine definition-index evidence, not a visual or renderer asset export. It is not an authoritative original-runtime baseline and establishes no runtime reachability, placement, asset usage, visual appearance, renderer suitability, human or owner acceptance, strict completion, or publication."
swf-definition-00059,45,,structural-text-definition-candidate,source-assets/flash/HELP MATH_ORIGINAL FILES/HELP_COURSES/ELMGR5/L4/TS/L4TS07.swf,,migrations/course-g05-l04-ts-007/audit/machine/g5-l4-pre-runtime-swf-definition-inventory.csv,955f2a8c83ce121d9a3979463c51f6c3d893b2b79cb7bfa250fe591d515a02e7,CSV definition-index record for DefineText,,,"projection only; no asset bytes exported, transformed, redrawn, or generated",machine-extracted-structural-candidate,owner-provided SWF,"container=root; definitionDepth=0; tagOrdinal=59; payloadBytes=25; rawTagPayloadSha256=c745e2fc0843a612424185214b5786d67f229308a2b9ea3cac6367f5f5356759; exactTagIdentitySha256=19bb0bd7f0e6681abe34b2eb44e70a4f69b456a3cdcabc2538fd639fbac1dc7c; runtime reachability unresolved; placement and bounds unresolved; renderer suitability unresolved; machineDefinitionIndexSha256=955f2a8c83ce121d9a3979463c51f6c3d893b2b79cb7bfa250fe591d515a02e7; Structural/static source-derived candidate only. The exported_file is the shared machine definition-index evidence, not a visual or renderer asset export. It is not an authoritative original-runtime baseline and establishes no runtime reachability, placement, asset usage, visual appearance, renderer suitability, human or owner acceptance, strict completion, or publication."
swf-definition-00060,46,,structural-text-definition-candidate,source-assets/flash/HELP MATH_ORIGINAL FILES/HELP_COURSES/ELMGR5/L4/TS/L4TS07.swf,,migrations/course-g05-l04-ts-007/audit/machine/g5-l4-pre-runtime-swf-definition-inventory.csv,955f2a8c83ce121d9a3979463c51f6c3d893b2b79cb7bfa250fe591d515a02e7,CSV definition-index record for DefineText,,,"projection only; no asset bytes exported, transformed, redrawn, or generated",machine-extracted-structural-candidate,owner-provided SWF,"container=root; definitionDepth=0; tagOrdinal=60; payloadBytes=25; rawTagPayloadSha256=99a3fab342c81b12afa79ff8ff2f72041b2062ec857a2f4b98f655164f6dd361; exactTagIdentitySha256=640d5bca74c10c6ea6b6713fd14c30d4877a461b1f40661d0157c4cfcbbf5ea3; runtime reachability unresolved; placement and bounds unresolved; renderer suitability unresolved; machineDefinitionIndexSha256=955f2a8c83ce121d9a3979463c51f6c3d893b2b79cb7bfa250fe591d515a02e7; Structural/static source-derived candidate only. The exported_file is the shared machine definition-index evidence, not a visual or renderer asset export. It is not an authoritative original-runtime baseline and establishes no runtime reachability, placement, asset usage, visual appearance, renderer suitability, human or owner acceptance, strict completion, or publication."
swf-definition-00061,47,,structural-text-definition-candidate,source-assets/flash/HELP MATH_ORIGINAL FILES/HELP_COURSES/ELMGR5/L4/TS/L4TS07.swf,,migrations/course-g05-l04-ts-007/audit/machine/g5-l4-pre-runtime-swf-definition-inventory.csv,955f2a8c83ce121d9a3979463c51f6c3d893b2b79cb7bfa250fe591d515a02e7,CSV definition-index record for DefineText,,,"projection only; no asset bytes exported, transformed, redrawn, or generated",machine-extracted-structural-candidate,owner-provided SWF,"container=root; definitionDepth=0; tagOrdinal=61; payloadBytes=25; rawTagPayloadSha256=c7b1002368dc58ac79b79cc182ac8327d4b62d99c6a0af312d04ff97243f62dc; exactTagIdentitySha256=5102b8f71527233b7561ed5dc52f0dc1172d0e33106c77a734be8c7cd2a7ead8; runtime reachability unresolved; placement and bounds unresolved; renderer suitability unresolved; machineDefinitionIndexSha256=955f2a8c83ce121d9a3979463c51f6c3d893b2b79cb7bfa250fe591d515a02e7; Structural/static source-derived candidate only. The exported_file is the shared machine definition-index evidence, not a visual or renderer asset export. It is not an authoritative original-runtime baseline and establishes no runtime reachability, placement, asset usage, visual appearance, renderer suitability, human or owner acceptance, strict completion, or publication."
swf-definition-00062,48,,structural-text-definition-candidate,source-assets/flash/HELP MATH_ORIGINAL FILES/HELP_COURSES/ELMGR5/L4/TS/L4TS07.swf,,migrations/course-g05-l04-ts-007/audit/machine/g5-l4-pre-runtime-swf-definition-inventory.csv,955f2a8c83ce121d9a3979463c51f6c3d893b2b79cb7bfa250fe591d515a02e7,CSV definition-index record for DefineText,,,"projection only; no asset bytes exported, transformed, redrawn, or generated",machine-extracted-structural-candidate,owner-provided SWF,"container=root; definitionDepth=0; tagOrdinal=62; payloadBytes=25; rawTagPayloadSha256=be424f8e23bb05b02931165a1844153f03244397463a1d9788a15ead2167b0e3; exactTagIdentitySha256=f2a04e359463781ff93a3eb53f1e44b40e081a2b46fc456e964ed59063ef459c; runtime reachability unresolved; placement and bounds unresolved; renderer suitability unresolved; machineDefinitionIndexSha256=955f2a8c83ce121d9a3979463c51f6c3d893b2b79cb7bfa250fe591d515a02e7; Structural/static source-derived candidate only. The exported_file is the shared machine definition-index evidence, not a visual or renderer asset export. It is not an authoritative original-runtime baseline and establishes no runtime reachability, placement, asset usage, visual appearance, renderer suitability, human or owner acceptance, strict completion, or publication."
swf-definition-00063,49,,structural-text-definition-candidate,source-assets/flash/HELP MATH_ORIGINAL FILES/HELP_COURSES/ELMGR5/L4/TS/L4TS07.swf,,migrations/course-g05-l04-ts-007/audit/machine/g5-l4-pre-runtime-swf-definition-inventory.csv,955f2a8c83ce121d9a3979463c51f6c3d893b2b79cb7bfa250fe591d515a02e7,CSV definition-index record for DefineText,,,"projection only; no asset bytes exported, transformed, redrawn, or generated",machine-extracted-structural-candidate,owner-provided SWF,"container=root; definitionDepth=0; tagOrdinal=63; payloadBytes=25; rawTagPayloadSha256=58e2b527eef14e5c66e9021166aa48c5b27fa991c781a24e5132065737869b8c; exactTagIdentitySha256=672c5bdb36113e322d6a1435ea8d21b8abfed818d9a367e34ed57203bfdb3ef7; runtime reachability unresolved; placement and bounds unresolved; renderer suitability unresolved; machineDefinitionIndexSha256=955f2a8c83ce121d9a3979463c51f6c3d893b2b79cb7bfa250fe591d515a02e7; Structural/static source-derived candidate only. The exported_file is the shared machine definition-index evidence, not a visual or renderer asset export. It is not an authoritative original-runtime baseline and establishes no runtime reachability, placement, asset usage, visual appearance, renderer suitability, human or owner acceptance, strict completion, or publication."
swf-definition-00064,50,,structural-text-definition-candidate,source-assets/flash/HELP MATH_ORIGINAL FILES/HELP_COURSES/ELMGR5/L4/TS/L4TS07.swf,,migrations/course-g05-l04-ts-007/audit/machine/g5-l4-pre-runtime-swf-definition-inventory.csv,955f2a8c83ce121d9a3979463c51f6c3d893b2b79cb7bfa250fe591d515a02e7,CSV definition-index record for DefineText,,,"projection only; no asset bytes exported, transformed, redrawn, or generated",machine-extracted-structural-candidate,owner-provided SWF,"container=root; definitionDepth=0; tagOrdinal=64; payloadBytes=25; rawTagPayloadSha256=f00396bfd830efe8eaf8774b4e5993fe545feb21c8ef6d896f0fcf5cb94cf940; exactTagIdentitySha256=244b020a55945b29197ddd1c0f79605b486f588b73071ec6270bc88470ad1638; runtime reachability unresolved; placement and bounds unresolved; renderer suitability unresolved; machineDefinitionIndexSha256=955f2a8c83ce121d9a3979463c51f6c3d893b2b79cb7bfa250fe591d515a02e7; Structural/static source-derived candidate only. The exported_file is the shared machine definition-index evidence, not a visual or renderer asset export. It is not an authoritative original-runtime baseline and establishes no runtime reachability, placement, asset usage, visual appearance, renderer suitability, human or owner acceptance, strict completion, or publication."
swf-definition-00065,51,,structural-shape-definition-candidate,source-assets/flash/HELP MATH_ORIGINAL FILES/HELP_COURSES/ELMGR5/L4/TS/L4TS07.swf,,migrations/course-g05-l04-ts-007/audit/machine/g5-l4-pre-runtime-swf-definition-inventory.csv,955f2a8c83ce121d9a3979463c51f6c3d893b2b79cb7bfa250fe591d515a02e7,CSV definition-index record for DefineShape,,,"projection only; no asset bytes exported, transformed, redrawn, or generated",machine-extracted-structural-candidate,owner-provided SWF,"container=root; definitionDepth=0; tagOrdinal=65; payloadBytes=25; rawTagPayloadSha256=4fdbd66e985f21bcaa04ae224da4bf791dc9aa4df8393b3ab156830b5bb53c74; exactTagIdentitySha256=4a6a7b0bdbc76de1b806466d3443ce51af386636e8e643c0a5b2b5df821113b7; runtime reachability unresolved; placement and bounds unresolved; renderer suitability unresolved; machineDefinitionIndexSha256=955f2a8c83ce121d9a3979463c51f6c3d893b2b79cb7bfa250fe591d515a02e7; Structural/static source-derived candidate only. The exported_file is the shared machine definition-index evidence, not a visual or renderer asset export. It is not an authoritative original-runtime baseline and establishes no runtime reachability, placement, asset usage, visual appearance, renderer suitability, human or owner acceptance, strict completion, or publication."
swf-definition-00066,52,,structural-text-definition-candidate,source-assets/flash/HELP MATH_ORIGINAL FILES/HELP_COURSES/ELMGR5/L4/TS/L4TS07.swf,,migrations/course-g05-l04-ts-007/audit/machine/g5-l4-pre-runtime-swf-definition-inventory.csv,955f2a8c83ce121d9a3979463c51f6c3d893b2b79cb7bfa250fe591d515a02e7,CSV definition-index record for DefineText,,,"projection only; no asset bytes exported, transformed, redrawn, or generated",machine-extracted-structural-candidate,owner-provided SWF,"container=root; definitionDepth=0; tagOrdinal=66; payloadBytes=25; rawTagPayloadSha256=a9a5d80405c439e5fc9354991847e92a84dc2aeb2f1a452957a14ee9734d6757; exactTagIdentitySha256=6a998dfd91b127d2d48ef8d26ad566f51c7c947a113192811ce2dc9c72754728; runtime reachability unresolved; placement and bounds unresolved; renderer suitability unresolved; machineDefinitionIndexSha256=955f2a8c83ce121d9a3979463c51f6c3d893b2b79cb7bfa250fe591d515a02e7; Structural/static source-derived candidate only. The exported_file is the shared machine definition-index evidence, not a visual or renderer asset export. It is not an authoritative original-runtime baseline and establishes no runtime reachability, placement, asset usage, visual appearance, renderer suitability, human or owner acceptance, strict completion, or publication."
swf-definition-00067,53,,structural-text-definition-candidate,source-assets/flash/HELP MATH_ORIGINAL FILES/HELP_COURSES/ELMGR5/L4/TS/L4TS07.swf,,migrations/course-g05-l04-ts-007/audit/machine/g5-l4-pre-runtime-swf-definition-inventory.csv,955f2a8c83ce121d9a3979463c51f6c3d893b2b79cb7bfa250fe591d515a02e7,CSV definition-index record for DefineText,,,"projection only; no asset bytes exported, transformed, redrawn, or generated",machine-extracted-structural-candidate,owner-provided SWF,"container=root; definitionDepth=0; tagOrdinal=67; payloadBytes=25; rawTagPayloadSha256=3fb20687ede31203b75e6b1e1f1436a891a8c23785a1dca29f1d32030e9cb4ac; exactTagIdentitySha256=1dfec656ed99db391a2c574bae7f9b615fb4d056f9278edb8371dda3fc5a0d62; runtime reachability unresolved; placement and bounds unresolved; renderer suitability unresolved; machineDefinitionIndexSha256=955f2a8c83ce121d9a3979463c51f6c3d893b2b79cb7bfa250fe591d515a02e7; Structural/static source-derived candidate only. The exported_file is the shared machine definition-index evidence, not a visual or renderer asset export. It is not an authoritative original-runtime baseline and establishes no runtime reachability, placement, asset usage, visual appearance, renderer suitability, human or owner acceptance, strict completion, or publication."
swf-definition-00068,54,,structural-text-definition-candidate,source-assets/flash/HELP MATH_ORIGINAL FILES/HELP_COURSES/ELMGR5/L4/TS/L4TS07.swf,,migrations/course-g05-l04-ts-007/audit/machine/g5-l4-pre-runtime-swf-definition-inventory.csv,955f2a8c83ce121d9a3979463c51f6c3d893b2b79cb7bfa250fe591d515a02e7,CSV definition-index record for DefineText,,,"projection only; no asset bytes exported, transformed, redrawn, or generated",machine-extracted-structural-candidate,owner-provided SWF,"container=root; definitionDepth=0; tagOrdinal=68; payloadBytes=25; rawTagPayloadSha256=99b599dac14f359e9854188fbef56b8b9628700aa5f461b977969c1214179af0; exactTagIdentitySha256=0242ab7517d912e49c91ff22936501fab8f0a6f65ddeadb26fe57c04a5b60c64; runtime reachability unresolved; placement and bounds unresolved; renderer suitability unresolved; machineDefinitionIndexSha256=955f2a8c83ce121d9a3979463c51f6c3d893b2b79cb7bfa250fe591d515a02e7; Structural/static source-derived candidate only. The exported_file is the shared machine definition-index evidence, not a visual or renderer asset export. It is not an authoritative original-runtime baseline and establishes no runtime reachability, placement, asset usage, visual appearance, renderer suitability, human or owner acceptance, strict completion, or publication."
swf-definition-00069,55,,structural-text-definition-candidate,source-assets/flash/HELP MATH_ORIGINAL FILES/HELP_COURSES/ELMGR5/L4/TS/L4TS07.swf,,migrations/course-g05-l04-ts-007/audit/machine/g5-l4-pre-runtime-swf-definition-inventory.csv,955f2a8c83ce121d9a3979463c51f6c3d893b2b79cb7bfa250fe591d515a02e7,CSV definition-index record for DefineText,,,"projection only; no asset bytes exported, transformed, redrawn, or generated",machine-extracted-structural-candidate,owner-provided SWF,"container=root; definitionDepth=0; tagOrdinal=69; payloadBytes=25; rawTagPayloadSha256=04f156927bbd7378a8112d29f8fd0cfe8cf08a44e50d6f7b4ecf4dedfde5fa5a; exactTagIdentitySha256=4ba529cf99b3551bf89cf3fc9de64fff6e75d2dd71e7aaa03eff883575489e9e; runtime reachability unresolved; placement and bounds unresolved; renderer suitability unresolved; machineDefinitionIndexSha256=955f2a8c83ce121d9a3979463c51f6c3d893b2b79cb7bfa250fe591d515a02e7; Structural/static source-derived candidate only. The exported_file is the shared machine definition-index evidence, not a visual or renderer asset export. It is not an authoritative original-runtime baseline and establishes no runtime reachability, placement, asset usage, visual appearance, renderer suitability, human or owner acceptance, strict completion, or publication."
swf-definition-00070,56,,structural-text-definition-candidate,source-assets/flash/HELP MATH_ORIGINAL FILES/HELP_COURSES/ELMGR5/L4/TS/L4TS07.swf,,migrations/course-g05-l04-ts-007/audit/machine/g5-l4-pre-runtime-swf-definition-inventory.csv,955f2a8c83ce121d9a3979463c51f6c3d893b2b79cb7bfa250fe591d515a02e7,CSV definition-index record for DefineText,,,"projection only; no asset bytes exported, transformed, redrawn, or generated",machine-extracted-structural-candidate,owner-provided SWF,"container=root; definitionDepth=0; tagOrdinal=70; payloadBytes=25; rawTagPayloadSha256=881808757d8f790b3ca90e6f965d2b3b73cfcb40125a41a5a86c63e10e79db65; exactTagIdentitySha256=03c679ac4e4e300403a595061d26a272fe086385014204d265d8ff1c7a8f5c1c; runtime reachability unresolved; placement and bounds unresolved; renderer suitability unresolved; machineDefinitionIndexSha256=955f2a8c83ce121d9a3979463c51f6c3d893b2b79cb7bfa250fe591d515a02e7; Structural/static source-derived candidate only. The exported_file is the shared machine definition-index evidence, not a visual or renderer asset export. It is not an authoritative original-runtime baseline and establishes no runtime reachability, placement, asset usage, visual appearance, renderer suitability, human or owner acceptance, strict completion, or publication."
swf-definition-00071,57,,structural-text-definition-candidate,source-assets/flash/HELP MATH_ORIGINAL FILES/HELP_COURSES/ELMGR5/L4/TS/L4TS07.swf,,migrations/course-g05-l04-ts-007/audit/machine/g5-l4-pre-runtime-swf-definition-inventory.csv,955f2a8c83ce121d9a3979463c51f6c3d893b2b79cb7bfa250fe591d515a02e7,CSV definition-index record for DefineText,,,"projection only; no asset bytes exported, transformed, redrawn, or generated",machine-extracted-structural-candidate,owner-provided SWF,"container=root; definitionDepth=0; tagOrdinal=71; payloadBytes=25; rawTagPayloadSha256=d756ac8dd4b1d8edbc55eaff0a1059422505216209d95d23fe6797df9b22d879; exactTagIdentitySha256=ba84628ff66417065abcaf10ddf0c5ca8450f2d65c5dafb520b1c7634c2cecbf; runtime reachability unresolved; placement and bounds unresolved; renderer suitability unresolved; machineDefinitionIndexSha256=955f2a8c83ce121d9a3979463c51f6c3d893b2b79cb7bfa250fe591d515a02e7; Structural/static source-derived candidate only. The exported_file is the shared machine definition-index evidence, not a visual or renderer asset export. It is not an authoritative original-runtime baseline and establishes no runtime reachability, placement, asset usage, visual appearance, renderer suitability, human or owner acceptance, strict completion, or publication."
swf-definition-00072,58,,structural-text-definition-candidate,source-assets/flash/HELP MATH_ORIGINAL FILES/HELP_COURSES/ELMGR5/L4/TS/L4TS07.swf,,migrations/course-g05-l04-ts-007/audit/machine/g5-l4-pre-runtime-swf-definition-inventory.csv,955f2a8c83ce121d9a3979463c51f6c3d893b2b79cb7bfa250fe591d515a02e7,CSV definition-index record for DefineText,,,"projection only; no asset bytes exported, transformed, redrawn, or generated",machine-extracted-structural-candidate,owner-provided SWF,"container=root; definitionDepth=0; tagOrdinal=72; payloadBytes=25; rawTagPayloadSha256=367747cfeef8bb7f35c5461f729f45c680286f8559558466c61b37f94d7f8978; exactTagIdentitySha256=7ba88d9e4ef948bbe2331edf10b06371437de899954f3a559a53b6de18027350; runtime reachability unresolved; placement and bounds unresolved; renderer suitability unresolved; machineDefinitionIndexSha256=955f2a8c83ce121d9a3979463c51f6c3d893b2b79cb7bfa250fe591d515a02e7; Structural/static source-derived candidate only. The exported_file is the shared machine definition-index evidence, not a visual or renderer asset export. It is not an authoritative original-runtime baseline and establishes no runtime reachability, placement, asset usage, visual appearance, renderer suitability, human or owner acceptance, strict completion, or publication."
swf-definition-00073,59,,structural-text-definition-candidate,source-assets/flash/HELP MATH_ORIGINAL FILES/HELP_COURSES/ELMGR5/L4/TS/L4TS07.swf,,migrations/course-g05-l04-ts-007/audit/machine/g5-l4-pre-runtime-swf-definition-inventory.csv,955f2a8c83ce121d9a3979463c51f6c3d893b2b79cb7bfa250fe591d515a02e7,CSV definition-index record for DefineText,,,"projection only; no asset bytes exported, transformed, redrawn, or generated",machine-extracted-structural-candidate,owner-provided SWF,"container=root; definitionDepth=0; tagOrdinal=73; payloadBytes=25; rawTagPayloadSha256=c2790de29ae5f75cedff77e5cf7c3b488ccc35a673d73754da58593c41feb878; exactTagIdentitySha256=331e9c14aec3da94bd27d986224a66553962c18ef01e30469ae20d1b8d7c776d; runtime reachability unresolved; placement and bounds unresolved; renderer suitability unresolved; machineDefinitionIndexSha256=955f2a8c83ce121d9a3979463c51f6c3d893b2b79cb7bfa250fe591d515a02e7; Structural/static source-derived candidate only. The exported_file is the shared machine definition-index evidence, not a visual or renderer asset export. It is not an authoritative original-runtime baseline and establishes no runtime reachability, placement, asset usage, visual appearance, renderer suitability, human or owner acceptance, strict completion, or publication."
swf-definition-00074,60,,structural-text-definition-candidate,source-assets/flash/HELP MATH_ORIGINAL FILES/HELP_COURSES/ELMGR5/L4/TS/L4TS07.swf,,migrations/course-g05-l04-ts-007/audit/machine/g5-l4-pre-runtime-swf-definition-inventory.csv,955f2a8c83ce121d9a3979463c51f6c3d893b2b79cb7bfa250fe591d515a02e7,CSV definition-index record for DefineText,,,"projection only; no asset bytes exported, transformed, redrawn, or generated",machine-extracted-structural-candidate,owner-provided SWF,"container=root; definitionDepth=0; tagOrdinal=74; payloadBytes=25; rawTagPayloadSha256=99661ce7c78ec6891111835eb5c8afcefc93c4712a7c19780b766fa37a4439bb; exactTagIdentitySha256=99c7d454f275d74ccfa7c30795409e2520a7835a4987895253ce2ec7b6b52b22; runtime reachability unresolved; placement and bounds unresolved; renderer suitability unresolved; machineDefinitionIndexSha256=955f2a8c83ce121d9a3979463c51f6c3d893b2b79cb7bfa250fe591d515a02e7; Structural/static source-derived candidate only. The exported_file is the shared machine definition-index evidence, not a visual or renderer asset export. It is not an authoritative original-runtime baseline and establishes no runtime reachability, placement, asset usage, visual appearance, renderer suitability, human or owner acceptance, strict completion, or publication."
swf-definition-00075,61,,structural-text-definition-candidate,source-assets/flash/HELP MATH_ORIGINAL FILES/HELP_COURSES/ELMGR5/L4/TS/L4TS07.swf,,migrations/course-g05-l04-ts-007/audit/machine/g5-l4-pre-runtime-swf-definition-inventory.csv,955f2a8c83ce121d9a3979463c51f6c3d893b2b79cb7bfa250fe591d515a02e7,CSV definition-index record for DefineText,,,"projection only; no asset bytes exported, transformed, redrawn, or generated",machine-extracted-structural-candidate,owner-provided SWF,"container=root; definitionDepth=0; tagOrdinal=75; payloadBytes=25; rawTagPayloadSha256=bbd934250254e66401aebcede51425605bb8fc45344396252c5af6ca3ee2f99a; exactTagIdentitySha256=ac92230025a680a7e9d04b9e6d3fc6a8886cc2829e13dd558da799be28e7f3dd; runtime reachability unresolved; placement and bounds unresolved; renderer suitability unresolved; machineDefinitionIndexSha256=955f2a8c83ce121d9a3979463c51f6c3d893b2b79cb7bfa250fe591d515a02e7; Structural/static source-derived candidate only. The exported_file is the shared machine definition-index evidence, not a visual or renderer asset export. It is not an authoritative original-runtime baseline and establishes no runtime reachability, placement, asset usage, visual appearance, renderer suitability, human or owner acceptance, strict completion, or publication."
swf-definition-00076,62,,structural-sprite-definition-candidate,source-assets/flash/HELP MATH_ORIGINAL FILES/HELP_COURSES/ELMGR5/L4/TS/L4TS07.swf,,migrations/course-g05-l04-ts-007/audit/machine/g5-l4-pre-runtime-swf-definition-inventory.csv,955f2a8c83ce121d9a3979463c51f6c3d893b2b79cb7bfa250fe591d515a02e7,CSV definition-index record for DefineSprite,,,"projection only; no asset bytes exported, transformed, redrawn, or generated",machine-extracted-structural-candidate,owner-provided SWF,"container=root; definitionDepth=0; tagOrdinal=76; payloadBytes=8; rawTagPayloadSha256=5a3cadb2dbadd2a37424900852f79edcb90652aab419e1f3e96c8732914d6640; exactTagIdentitySha256=46207d6deb604fda7a229444f73eee9e1b844c023a605c7c3ce79113a0b30bfc; declaredFrameCount=1; runtime reachability unresolved; placement and bounds unresolved; renderer suitability unresolved; machineDefinitionIndexSha256=955f2a8c83ce121d9a3979463c51f6c3d893b2b79cb7bfa250fe591d515a02e7; Structural/static source-derived candidate only. The exported_file is the shared machine definition-index evidence, not a visual or renderer asset export. It is not an authoritative original-runtime baseline and establishes no runtime reachability, placement, asset usage, visual appearance, renderer suitability, human or owner acceptance, strict completion, or publication."
swf-definition-00079,63,,structural-shape-definition-candidate,source-assets/flash/HELP MATH_ORIGINAL FILES/HELP_COURSES/ELMGR5/L4/TS/L4TS07.swf,,migrations/course-g05-l04-ts-007/audit/machine/g5-l4-pre-runtime-swf-definition-inventory.csv,955f2a8c83ce121d9a3979463c51f6c3d893b2b79cb7bfa250fe591d515a02e7,CSV definition-index record for DefineShape,,,"projection only; no asset bytes exported, transformed, redrawn, or generated",machine-extracted-structural-candidate,owner-provided SWF,"container=root; definitionDepth=0; tagOrdinal=79; payloadBytes=32; rawTagPayloadSha256=203db83f6c9a8e81f5051ebb3fec4d7ff916ed7ca639b57fd36e91e7bdfeb93d; exactTagIdentitySha256=1d6fd388248822a841a62a619166be9c6836f0f82a38ee6da91698aa1939f1a3; runtime reachability unresolved; placement and bounds unresolved; renderer suitability unresolved; machineDefinitionIndexSha256=955f2a8c83ce121d9a3979463c51f6c3d893b2b79cb7bfa250fe591d515a02e7; Structural/static source-derived candidate only. The exported_file is the shared machine definition-index evidence, not a visual or renderer asset export. It is not an authoritative original-runtime baseline and establishes no runtime reachability, placement, asset usage, visual appearance, renderer suitability, human or owner acceptance, strict completion, or publication."
swf-definition-00080,64,,structural-sprite-definition-candidate,source-assets/flash/HELP MATH_ORIGINAL FILES/HELP_COURSES/ELMGR5/L4/TS/L4TS07.swf,,migrations/course-g05-l04-ts-007/audit/machine/g5-l4-pre-runtime-swf-definition-inventory.csv,955f2a8c83ce121d9a3979463c51f6c3d893b2b79cb7bfa250fe591d515a02e7,CSV definition-index record for DefineSprite,,,"projection only; no asset bytes exported, transformed, redrawn, or generated",machine-extracted-structural-candidate,owner-provided SWF,"container=root; definitionDepth=0; tagOrdinal=80; payloadBytes=22; rawTagPayloadSha256=d4af79fdbee024b7893dd3c9c029941cdc6baf77a2f36532d563852adb8070eb; exactTagIdentitySha256=40cc04137e8dc4d90ee361e978d8112ee62433dbb73a0e450c15c597ea8f8dc4; declaredFrameCount=1; runtime reachability unresolved; placement and bounds unresolved; renderer suitability unresolved; machineDefinitionIndexSha256=955f2a8c83ce121d9a3979463c51f6c3d893b2b79cb7bfa250fe591d515a02e7; Structural/static source-derived candidate only. The exported_file is the shared machine definition-index evidence, not a visual or renderer asset export. It is not an authoritative original-runtime baseline and establishes no runtime reachability, placement, asset usage, visual appearance, renderer suitability, human or owner acceptance, strict completion, or publication."
swf-definition-00084,65,,structural-shape-definition-candidate,source-assets/flash/HELP MATH_ORIGINAL FILES/HELP_COURSES/ELMGR5/L4/TS/L4TS07.swf,,migrations/course-g05-l04-ts-007/audit/machine/g5-l4-pre-runtime-swf-definition-inventory.csv,955f2a8c83ce121d9a3979463c51f6c3d893b2b79cb7bfa250fe591d515a02e7,CSV definition-index record for DefineShape,,,"projection only; no asset bytes exported, transformed, redrawn, or generated",machine-extracted-structural-candidate,owner-provided SWF,"container=root; definitionDepth=0; tagOrdinal=84; payloadBytes=32; rawTagPayloadSha256=d785dca9acaf57e39a49cfc022d0131e10c9e3a45d051dd0f81519634b9b673b; exactTagIdentitySha256=2ef90a17c8a118a95916bf8ca23c4eb37b68be213f8b2f281addd819f9c05f9f; runtime reachability unresolved; placement and bounds unresolved; renderer suitability unresolved; machineDefinitionIndexSha256=955f2a8c83ce121d9a3979463c51f6c3d893b2b79cb7bfa250fe591d515a02e7; Structural/static source-derived candidate only. The exported_file is the shared machine definition-index evidence, not a visual or renderer asset export. It is not an authoritative original-runtime baseline and establishes no runtime reachability, placement, asset usage, visual appearance, renderer suitability, human or owner acceptance, strict completion, or publication."
swf-definition-00085,66,,structural-text-definition-candidate,source-assets/flash/HELP MATH_ORIGINAL FILES/HELP_COURSES/ELMGR5/L4/TS/L4TS07.swf,,migrations/course-g05-l04-ts-007/audit/machine/g5-l4-pre-runtime-swf-definition-inventory.csv,955f2a8c83ce121d9a3979463c51f6c3d893b2b79cb7bfa250fe591d515a02e7,CSV definition-index record for DefineText,,,"projection only; no asset bytes exported, transformed, redrawn, or generated",machine-extracted-structural-candidate,owner-provided SWF,"container=root; definitionDepth=0; tagOrdinal=85; payloadBytes=111; rawTagPayloadSha256=7465922d9a4eb4545810ed7b988b1f4396ffec61154c737af0bf6615d86ac467; exactTagIdentitySha256=4a7cda12f0b8b5c846387cc7051ecc783d9dfddf57e6709a50e36c82fd234f8b; runtime reachability unresolved; placement and bounds unresolved; renderer suitability unresolved; machineDefinitionIndexSha256=955f2a8c83ce121d9a3979463c51f6c3d893b2b79cb7bfa250fe591d515a02e7; Structural/static source-derived candidate only. The exported_file is the shared machine definition-index evidence, not a visual or renderer asset export. It is not an authoritative original-runtime baseline and establishes no runtime reachability, placement, asset usage, visual appearance, renderer suitability, human or owner acceptance, strict completion, or publication."
swf-definition-00086,67,,structural-button-definition-candidate,source-assets/flash/HELP MATH_ORIGINAL FILES/HELP_COURSES/ELMGR5/L4/TS/L4TS07.swf,,migrations/course-g05-l04-ts-007/audit/machine/g5-l4-pre-runtime-swf-definition-inventory.csv,955f2a8c83ce121d9a3979463c51f6c3d893b2b79cb7bfa250fe591d515a02e7,CSV definition-index record for DefineButton2,,,"projection only; no asset bytes exported, transformed, redrawn, or generated",machine-extracted-structural-candidate,owner-provided SWF,"container=root; definitionDepth=0; tagOrdinal=86; payloadBytes=182; rawTagPayloadSha256=fca7dbca36014e06edc5a50261c05f06fc924cc51a3fd9a9146a05c35e772968; exactTagIdentitySha256=7cdddd3739fecc1941d92428dd52f690bea790bbaf03177e624310676342f634; runtime reachability unresolved; placement and bounds unresolved; renderer suitability unresolved; machineDefinitionIndexSha256=955f2a8c83ce121d9a3979463c51f6c3d893b2b79cb7bfa250fe591d515a02e7; Structural/static source-derived candidate only. The exported_file is the shared machine definition-index evidence, not a visual or renderer asset export. It is not an authoritative original-runtime baseline and establishes no runtime reachability, placement, asset usage, visual appearance, renderer suitability, human or owner acceptance, strict completion, or publication."
swf-definition-00087,68,,structural-shape-definition-candidate,source-assets/flash/HELP MATH_ORIGINAL FILES/HELP_COURSES/ELMGR5/L4/TS/L4TS07.swf,,migrations/course-g05-l04-ts-007/audit/machine/g5-l4-pre-runtime-swf-definition-inventory.csv,955f2a8c83ce121d9a3979463c51f6c3d893b2b79cb7bfa250fe591d515a02e7,CSV definition-index record for DefineShape3,,,"projection only; no asset bytes exported, transformed, redrawn, or generated",machine-extracted-structural-candidate,owner-provided SWF,"container=root; definitionDepth=0; tagOrdinal=87; payloadBytes=6796; rawTagPayloadSha256=6972ca2326c58b3387784ed6f11eea8418646c6a28c186edd8156c0bf96061ec; exactTagIdentitySha256=a18bad2667bb5ad364063e0d3ad4b1f515eb27c171b9de697609b940e5380199; runtime reachability unresolved; placement and bounds unresolved; renderer suitability unresolved; machineDefinitionIndexSha256=955f2a8c83ce121d9a3979463c51f6c3d893b2b79cb7bfa250fe591d515a02e7; Structural/static source-derived candidate only. The exported_file is the shared machine definition-index evidence, not a visual or renderer asset export. It is not an authoritative original-runtime baseline and establishes no runtime reachability, placement, asset usage, visual appearance, renderer suitability, human or owner acceptance, strict completion, or publication."
swf-definition-00088,69,,structural-shape-definition-candidate,source-assets/flash/HELP MATH_ORIGINAL FILES/HELP_COURSES/ELMGR5/L4/TS/L4TS07.swf,,migrations/course-g05-l04-ts-007/audit/machine/g5-l4-pre-runtime-swf-definition-inventory.csv,955f2a8c83ce121d9a3979463c51f6c3d893b2b79cb7bfa250fe591d515a02e7,CSV definition-index record for DefineShape3,,,"projection only; no asset bytes exported, transformed, redrawn, or generated",machine-extracted-structural-candidate,owner-provided SWF,"container=root; definitionDepth=0; tagOrdinal=88; payloadBytes=7617; rawTagPayloadSha256=f48efbf019267ec65bc95c9aa332cd7d7a2a1efcaeb6fec0eecc26a48b2b002c; exactTagIdentitySha256=6e205816b5dbf67960b669d9530f5075014b37c9732cc294d9457b67b47c6622; runtime reachability unresolved; placement and bounds unresolved; renderer suitability unresolved; machineDefinitionIndexSha256=955f2a8c83ce121d9a3979463c51f6c3d893b2b79cb7bfa250fe591d515a02e7; Structural/static source-derived candidate only. The exported_file is the shared machine definition-index evidence, not a visual or renderer asset export. It is not an authoritative original-runtime baseline and establishes no runtime reachability, placement, asset usage, visual appearance, renderer suitability, human or owner acceptance, strict completion, or publication."
swf-definition-00089,70,,structural-shape-definition-candidate,source-assets/flash/HELP MATH_ORIGINAL FILES/HELP_COURSES/ELMGR5/L4/TS/L4TS07.swf,,migrations/course-g05-l04-ts-007/audit/machine/g5-l4-pre-runtime-swf-definition-inventory.csv,955f2a8c83ce121d9a3979463c51f6c3d893b2b79cb7bfa250fe591d515a02e7,CSV definition-index record for DefineShape3,,,"projection only; no asset bytes exported, transformed, redrawn, or generated",machine-extracted-structural-candidate,owner-provided SWF,"container=root; definitionDepth=0; tagOrdinal=89; payloadBytes=7702; rawTagPayloadSha256=0e8c61744a21cf09184d21941083c51ec7a43d5b60a62228871c00e7e6bb0524; exactTagIdentitySha256=bca08fe62c81df3c372be113d5034026454a40251fa1dd390faef55aff4c045c; runtime reachability unresolved; placement and bounds unresolved; renderer suitability unresolved; machineDefinitionIndexSha256=955f2a8c83ce121d9a3979463c51f6c3d893b2b79cb7bfa250fe591d515a02e7; Structural/static source-derived candidate only. The exported_file is the shared machine definition-index evidence, not a visual or renderer asset export. It is not an authoritative original-runtime baseline and establishes no runtime reachability, placement, asset usage, visual appearance, renderer suitability, human or owner acceptance, strict completion, or publication."
swf-definition-00090,71,,structural-shape-definition-candidate,source-assets/flash/HELP MATH_ORIGINAL FILES/HELP_COURSES/ELMGR5/L4/TS/L4TS07.swf,,migrations/course-g05-l04-ts-007/audit/machine/g5-l4-pre-runtime-swf-definition-inventory.csv,955f2a8c83ce121d9a3979463c51f6c3d893b2b79cb7bfa250fe591d515a02e7,CSV definition-index record for DefineShape3,,,"projection only; no asset bytes exported, transformed, redrawn, or generated",machine-extracted-structural-candidate,owner-provided SWF,"container=root; definitionDepth=0; tagOrdinal=90; payloadBytes=7690; rawTagPayloadSha256=223eb0df83b1cd728de11ea2f8a601d0267363043956dec0a378a94c7bf47b8b; exactTagIdentitySha256=02b92bba3af16bf919b0c3fe91ef06ce37199ba598dadae312aea8d589db787b; runtime reachability unresolved; placement and bounds unresolved; renderer suitability unresolved; machineDefinitionIndexSha256=955f2a8c83ce121d9a3979463c51f6c3d893b2b79cb7bfa250fe591d515a02e7; Structural/static source-derived candidate only. The exported_file is the shared machine definition-index evidence, not a visual or renderer asset export. It is not an authoritative original-runtime baseline and establishes no runtime reachability, placement, asset usage, visual appearance, renderer suitability, human or owner acceptance, strict completion, or publication."
swf-definition-00091,72,,structural-shape-definition-candidate,source-assets/flash/HELP MATH_ORIGINAL FILES/HELP_COURSES/ELMGR5/L4/TS/L4TS07.swf,,migrations/course-g05-l04-ts-007/audit/machine/g5-l4-pre-runtime-swf-definition-inventory.csv,955f2a8c83ce121d9a3979463c51f6c3d893b2b79cb7bfa250fe591d515a02e7,CSV definition-index record for DefineShape3,,,"projection only; no asset bytes exported, transformed, redrawn, or generated",machine-extracted-structural-candidate,owner-provided SWF,"container=root; definitionDepth=0; tagOrdinal=91; payloadBytes=7696; rawTagPayloadSha256=6b716d0191b735536977ccea3da2afb40dd92c275153c4dc833c419869abc73a; exactTagIdentitySha256=3532eaebf757ef456715e2ce632013086e53619035982e9430781f45d685a332; runtime reachability unresolved; placement and bounds unresolved; renderer suitability unresolved; machineDefinitionIndexSha256=955f2a8c83ce121d9a3979463c51f6c3d893b2b79cb7bfa250fe591d515a02e7; Structural/static source-derived candidate only. The exported_file is the shared machine definition-index evidence, not a visual or renderer asset export. It is not an authoritative original-runtime baseline and establishes no runtime reachability, placement, asset usage, visual appearance, renderer suitability, human or owner acceptance, strict completion, or publication."
swf-definition-00092,73,,structural-shape-definition-candidate,source-assets/flash/HELP MATH_ORIGINAL FILES/HELP_COURSES/ELMGR5/L4/TS/L4TS07.swf,,migrations/course-g05-l04-ts-007/audit/machine/g5-l4-pre-runtime-swf-definition-inventory.csv,955f2a8c83ce121d9a3979463c51f6c3d893b2b79cb7bfa250fe591d515a02e7,CSV definition-index record for DefineShape3,,,"projection only; no asset bytes exported, transformed, redrawn, or generated",machine-extracted-structural-candidate,owner-provided SWF,"container=root; definitionDepth=0; tagOrdinal=92; payloadBytes=7705; rawTagPayloadSha256=73bac0709dcb0ec9491fb793d21bd3845ee51e5e702401a8f4b0b574e9ba7488; exactTagIdentitySha256=60f7325424309efda1563d2cf300b7efd392af6e027b12c6320931dd0bb9905f; runtime reachability unresolved; placement and bounds unresolved; renderer suitability unresolved; machineDefinitionIndexSha256=955f2a8c83ce121d9a3979463c51f6c3d893b2b79cb7bfa250fe591d515a02e7; Structural/static source-derived candidate only. The exported_file is the shared machine definition-index evidence, not a visual or renderer asset export. It is not an authoritative original-runtime baseline and establishes no runtime reachability, placement, asset usage, visual appearance, renderer suitability, human or owner acceptance, strict completion, or publication."
swf-definition-00093,74,,structural-shape-definition-candidate,source-assets/flash/HELP MATH_ORIGINAL FILES/HELP_COURSES/ELMGR5/L4/TS/L4TS07.swf,,migrations/course-g05-l04-ts-007/audit/machine/g5-l4-pre-runtime-swf-definition-inventory.csv,955f2a8c83ce121d9a3979463c51f6c3d893b2b79cb7bfa250fe591d515a02e7,CSV definition-index record for DefineShape3,,,"projection only; no asset bytes exported, transformed, redrawn, or generated",machine-extracted-structural-candidate,owner-provided SWF,"container=root; definitionDepth=0; tagOrdinal=93; payloadBytes=7592; rawTagPayloadSha256=5f00dd755ad2836edb0d06b7f65fccde737e0512d5dad7616a341ca2f0e6fe44; exactTagIdentitySha256=7feff067e0b2e3cc10babf27adbfa9aaa39386a3e3e090dc15e9ba51cb98567f; runtime reachability unresolved; placement and bounds unresolved; renderer suitability unresolved; machineDefinitionIndexSha256=955f2a8c83ce121d9a3979463c51f6c3d893b2b79cb7bfa250fe591d515a02e7; Structural/static source-derived candidate only. The exported_file is the shared machine definition-index evidence, not a visual or renderer asset export. It is not an authoritative original-runtime baseline and establishes no runtime reachability, placement, asset usage, visual appearance, renderer suitability, human or owner acceptance, strict completion, or publication."
swf-definition-00094,75,,structural-shape-definition-candidate,source-assets/flash/HELP MATH_ORIGINAL FILES/HELP_COURSES/ELMGR5/L4/TS/L4TS07.swf,,migrations/course-g05-l04-ts-007/audit/machine/g5-l4-pre-runtime-swf-definition-inventory.csv,955f2a8c83ce121d9a3979463c51f6c3d893b2b79cb7bfa250fe591d515a02e7,CSV definition-index record for DefineShape3,,,"projection only; no asset bytes exported, transformed, redrawn, or generated",machine-extracted-structural-candidate,owner-provided SWF,"container=root; definitionDepth=0; tagOrdinal=94; payloadBytes=7600; rawTagPayloadSha256=31acbbbdc2e073d3f862221f284a2e250243404c287c01ce5f0645fa1143b9cc; exactTagIdentitySha256=192e0e631c98dba5fe67ba6be8def918300d26dea81d8fded2c8631bdee2000d; runtime reachability unresolved; placement and bounds unresolved; renderer suitability unresolved; machineDefinitionIndexSha256=955f2a8c83ce121d9a3979463c51f6c3d893b2b79cb7bfa250fe591d515a02e7; Structural/static source-derived candidate only. The exported_file is the shared machine definition-index evidence, not a visual or renderer asset export. It is not an authoritative original-runtime baseline and establishes no runtime reachability, placement, asset usage, visual appearance, renderer suitability, human or owner acceptance, strict completion, or publication."
swf-definition-00095,76,,structural-shape-definition-candidate,source-assets/flash/HELP MATH_ORIGINAL FILES/HELP_COURSES/ELMGR5/L4/TS/L4TS07.swf,,migrations/course-g05-l04-ts-007/audit/machine/g5-l4-pre-runtime-swf-definition-inventory.csv,955f2a8c83ce121d9a3979463c51f6c3d893b2b79cb7bfa250fe591d515a02e7,CSV definition-index record for DefineShape3,,,"projection only; no asset bytes exported, transformed, redrawn, or generated",machine-extracted-structural-candidate,owner-provided SWF,"container=root; definitionDepth=0; tagOrdinal=95; payloadBytes=7648; rawTagPayloadSha256=7f1325c829635fca08a6ed3e105c7389b68c8263271b3e0e0f41dbc71f4c6aaa; exactTagIdentitySha256=5df2551111c802fdecc3c180282caa39e88bf9c806ed58d1aa78e4860fe02a10; runtime reachability unresolved; placement and bounds unresolved; renderer suitability unresolved; machineDefinitionIndexSha256=955f2a8c83ce121d9a3979463c51f6c3d893b2b79cb7bfa250fe591d515a02e7; Structural/static source-derived candidate only. The exported_file is the shared machine definition-index evidence, not a visual or renderer asset export. It is not an authoritative original-runtime baseline and establishes no runtime reachability, placement, asset usage, visual appearance, renderer suitability, human or owner acceptance, strict completion, or publication."
swf-definition-00096,77,,structural-shape-definition-candidate,source-assets/flash/HELP MATH_ORIGINAL FILES/HELP_COURSES/ELMGR5/L4/TS/L4TS07.swf,,migrations/course-g05-l04-ts-007/audit/machine/g5-l4-pre-runtime-swf-definition-inventory.csv,955f2a8c83ce121d9a3979463c51f6c3d893b2b79cb7bfa250fe591d515a02e7,CSV definition-index record for DefineShape3,,,"projection only; no asset bytes exported, transformed, redrawn, or generated",machine-extracted-structural-candidate,owner-provided SWF,"container=root; definitionDepth=0; tagOrdinal=96; payloadBytes=7625; rawTagPayloadSha256=928ae22a5a5b816761a070cfec97d0a1945f54d37df6e0a573d90b35ed9f5624; exactTagIdentitySha256=352c349b9701f473adc29b0021c9928efa24d06725f4d2d022721cdb681f02b0; runtime reachability unresolved; placement and bounds unresolved; renderer suitability unresolved; machineDefinitionIndexSha256=955f2a8c83ce121d9a3979463c51f6c3d893b2b79cb7bfa250fe591d515a02e7; Structural/static source-derived candidate only. The exported_file is the shared machine definition-index evidence, not a visual or renderer asset export. It is not an authoritative original-runtime baseline and establishes no runtime reachability, placement, asset usage, visual appearance, renderer suitability, human or owner acceptance, strict completion, or publication."
swf-definition-00097,78,,structural-shape-definition-candidate,source-assets/flash/HELP MATH_ORIGINAL FILES/HELP_COURSES/ELMGR5/L4/TS/L4TS07.swf,,migrations/course-g05-l04-ts-007/audit/machine/g5-l4-pre-runtime-swf-definition-inventory.csv,955f2a8c83ce121d9a3979463c51f6c3d893b2b79cb7bfa250fe591d515a02e7,CSV definition-index record for DefineShape3,,,"projection only; no asset bytes exported, transformed, redrawn, or generated",machine-extracted-structural-candidate,owner-provided SWF,"container=root; definitionDepth=0; tagOrdinal=97; payloadBytes=7626; rawTagPayloadSha256=5a89d22f6b064ae82c2a8afa6c7d68686688b6fd9f19653a7cbdd6dcd90f194c; exactTagIdentitySha256=568dd58ac0f8947121ae5312910c9527c6094c97eca7090aa27b746f74010318; runtime reachability unresolved; placement and bounds unresolved; renderer suitability unresolved; machineDefinitionIndexSha256=955f2a8c83ce121d9a3979463c51f6c3d893b2b79cb7bfa250fe591d515a02e7; Structural/static source-derived candidate only. The exported_file is the shared machine definition-index evidence, not a visual or renderer asset export. It is not an authoritative original-runtime baseline and establishes no runtime reachability, placement, asset usage, visual appearance, renderer suitability, human or owner acceptance, strict completion, or publication."
swf-definition-00098,79,,structural-shape-definition-candidate,source-assets/flash/HELP MATH_ORIGINAL FILES/HELP_COURSES/ELMGR5/L4/TS/L4TS07.swf,,migrations/course-g05-l04-ts-007/audit/machine/g5-l4-pre-runtime-swf-definition-inventory.csv,955f2a8c83ce121d9a3979463c51f6c3d893b2b79cb7bfa250fe591d515a02e7,CSV definition-index record for DefineShape3,,,"projection only; no asset bytes exported, transformed, redrawn, or generated",machine-extracted-structural-candidate,owner-provided SWF,"container=root; definitionDepth=0; tagOrdinal=98; payloadBytes=7645; rawTagPayloadSha256=0529bde7579047ccf8505db60c74903a68928775d0e6c8b0f6c31566cf1d07db; exactTagIdentitySha256=a26a45ae8d6c9f06a4290bc4016f5c8b2ce00202f7db9d89d9f4483ecd79d6bb; runtime reachability unresolved; placement and bounds unresolved; renderer suitability unresolved; machineDefinitionIndexSha256=955f2a8c83ce121d9a3979463c51f6c3d893b2b79cb7bfa250fe591d515a02e7; Structural/static source-derived candidate only. The exported_file is the shared machine definition-index evidence, not a visual or renderer asset export. It is not an authoritative original-runtime baseline and establishes no runtime reachability, placement, asset usage, visual appearance, renderer suitability, human or owner acceptance, strict completion, or publication."
swf-definition-00099,80,,structural-shape-definition-candidate,source-assets/flash/HELP MATH_ORIGINAL FILES/HELP_COURSES/ELMGR5/L4/TS/L4TS07.swf,,migrations/course-g05-l04-ts-007/audit/machine/g5-l4-pre-runtime-swf-definition-inventory.csv,955f2a8c83ce121d9a3979463c51f6c3d893b2b79cb7bfa250fe591d515a02e7,CSV definition-index record for DefineShape3,,,"projection only; no asset bytes exported, transformed, redrawn, or generated",machine-extracted-structural-candidate,owner-provided SWF,"container=root; definitionDepth=0; tagOrdinal=99; payloadBytes=7752; rawTagPayloadSha256=eb2ed49471b557910d9062c6743550598a11ff7efe0605c7115bd98726730b6a; exactTagIdentitySha256=e48ee008f38d04abb9835e9f147a597d55a2962e2688088f9e5d638e7cbb29c2; runtime reachability unresolved; placement and bounds unresolved; renderer suitability unresolved; machineDefinitionIndexSha256=955f2a8c83ce121d9a3979463c51f6c3d893b2b79cb7bfa250fe591d515a02e7; Structural/static source-derived candidate only. The exported_file is the shared machine definition-index evidence, not a visual or renderer asset export. It is not an authoritative original-runtime baseline and establishes no runtime reachability, placement, asset usage, visual appearance, renderer suitability, human or owner acceptance, strict completion, or publication."
swf-definition-00100,81,,structural-shape-definition-candidate,source-assets/flash/HELP MATH_ORIGINAL FILES/HELP_COURSES/ELMGR5/L4/TS/L4TS07.swf,,migrations/course-g05-l04-ts-007/audit/machine/g5-l4-pre-runtime-swf-definition-inventory.csv,955f2a8c83ce121d9a3979463c51f6c3d893b2b79cb7bfa250fe591d515a02e7,CSV definition-index record for DefineShape3,,,"projection only; no asset bytes exported, transformed, redrawn, or generated",machine-extracted-structural-candidate,owner-provided SWF,"container=root; definitionDepth=0; tagOrdinal=100; payloadBytes=7131; rawTagPayloadSha256=bdae4c3f72e15f2328711484b54d0e887b7da36bdb3c48138dd7fe00c76c64b7; exactTagIdentitySha256=7c71eb8a8ec7441d7665a6b7dbb892653c1fea0fb7369b312eef33e34d0d135d; runtime reachability unresolved; placement and bounds unresolved; renderer suitability unresolved; machineDefinitionIndexSha256=955f2a8c83ce121d9a3979463c51f6c3d893b2b79cb7bfa250fe591d515a02e7; Structural/static source-derived candidate only. The exported_file is the shared machine definition-index evidence, not a visual or renderer asset export. It is not an authoritative original-runtime baseline and establishes no runtime reachability, placement, asset usage, visual appearance, renderer suitability, human or owner acceptance, strict completion, or publication."
swf-definition-00101,82,,structural-shape-definition-candidate,source-assets/flash/HELP MATH_ORIGINAL FILES/HELP_COURSES/ELMGR5/L4/TS/L4TS07.swf,,migrations/course-g05-l04-ts-007/audit/machine/g5-l4-pre-runtime-swf-definition-inventory.csv,955f2a8c83ce121d9a3979463c51f6c3d893b2b79cb7bfa250fe591d515a02e7,CSV definition-index record for DefineShape3,,,"projection only; no asset bytes exported, transformed, redrawn, or generated",machine-extracted-structural-candidate,owner-provided SWF,"container=root; definitionDepth=0; tagOrdinal=101; payloadBytes=7443; rawTagPayloadSha256=8cc3f078a39eec5d1da9f1bddf6440a5de29df092edbc15e5cae3fa2216e7c24; exactTagIdentitySha256=80672033fec45f145386a218b4a44d1d682ecf94d89d9a84a14c99e5948790c9; runtime reachability unresolved; placement and bounds unresolved; renderer suitability unresolved; machineDefinitionIndexSha256=955f2a8c83ce121d9a3979463c51f6c3d893b2b79cb7bfa250fe591d515a02e7; Structural/static source-derived candidate only. The exported_file is the shared machine definition-index evidence, not a visual or renderer asset export. It is not an authoritative original-runtime baseline and establishes no runtime reachability, placement, asset usage, visual appearance, renderer suitability, human or owner acceptance, strict completion, or publication."
swf-definition-00102,83,,structural-shape-definition-candidate,source-assets/flash/HELP MATH_ORIGINAL FILES/HELP_COURSES/ELMGR5/L4/TS/L4TS07.swf,,migrations/course-g05-l04-ts-007/audit/machine/g5-l4-pre-runtime-swf-definition-inventory.csv,955f2a8c83ce121d9a3979463c51f6c3d893b2b79cb7bfa250fe591d515a02e7,CSV definition-index record for DefineShape3,,,"projection only; no asset bytes exported, transformed, redrawn, or generated",machine-extracted-structural-candidate,owner-provided SWF,"container=root; definitionDepth=0; tagOrdinal=102; payloadBytes=7498; rawTagPayloadSha256=6bbaf79cbb2c338bd7164330f411b5f51922aa1b8b54077ecc1ea6b9702291ea; exactTagIdentitySha256=ec61ddbc9b5112f75bf46f32995c2ca80381c2597ee0f3a871158eace95075b8; runtime reachability unresolved; placement and bounds unresolved; renderer suitability unresolved; machineDefinitionIndexSha256=955f2a8c83ce121d9a3979463c51f6c3d893b2b79cb7bfa250fe591d515a02e7; Structural/static source-derived candidate only. The exported_file is the shared machine definition-index evidence, not a visual or renderer asset export. It is not an authoritative original-runtime baseline and establishes no runtime reachability, placement, asset usage, visual appearance, renderer suitability, human or owner acceptance, strict completion, or publication."
swf-definition-00103,84,,structural-shape-definition-candidate,source-assets/flash/HELP MATH_ORIGINAL FILES/HELP_COURSES/ELMGR5/L4/TS/L4TS07.swf,,migrations/course-g05-l04-ts-007/audit/machine/g5-l4-pre-runtime-swf-definition-inventory.csv,955f2a8c83ce121d9a3979463c51f6c3d893b2b79cb7bfa250fe591d515a02e7,CSV definition-index record for DefineShape3,,,"projection only; no asset bytes exported, transformed, redrawn, or generated",machine-extracted-structural-candidate,owner-provided SWF,"container=root; definitionDepth=0; tagOrdinal=103; payloadBytes=7424; rawTagPayloadSha256=e5f964b1c02920bc07f9c8a07c00644a6b416a08bf9b20e8de3e333a3dd498b6; exactTagIdentitySha256=b0514a1789e06e99e4be67c22cd96bd58d0695b66293176c5316c73c75228c75; runtime reachability unresolved; placement and bounds unresolved; renderer suitability unresolved; machineDefinitionIndexSha256=955f2a8c83ce121d9a3979463c51f6c3d893b2b79cb7bfa250fe591d515a02e7; Structural/static source-derived candidate only. The exported_file is the shared machine definition-index evidence, not a visual or renderer asset export. It is not an authoritative original-runtime baseline and establishes no runtime reachability, placement, asset usage, visual appearance, renderer suitability, human or owner acceptance, strict completion, or publication."
swf-definition-00104,85,,structural-shape-definition-candidate,source-assets/flash/HELP MATH_ORIGINAL FILES/HELP_COURSES/ELMGR5/L4/TS/L4TS07.swf,,migrations/course-g05-l04-ts-007/audit/machine/g5-l4-pre-runtime-swf-definition-inventory.csv,955f2a8c83ce121d9a3979463c51f6c3d893b2b79cb7bfa250fe591d515a02e7,CSV definition-index record for DefineShape3,,,"projection only; no asset bytes exported, transformed, redrawn, or generated",machine-extracted-structural-candidate,owner-provided SWF,"container=root; definitionDepth=0; tagOrdinal=104; payloadBytes=7383; rawTagPayloadSha256=b10ab473462267bea1cc17f754e333599c13db06c08e79fee969224e53ec72d6; exactTagIdentitySha256=cdf337e734d6ff52d6bac6ac3154aa096786994b334bd196ab11ab09c38ad39a; runtime reachability unresolved; placement and bounds unresolved; renderer suitability unresolved; machineDefinitionIndexSha256=955f2a8c83ce121d9a3979463c51f6c3d893b2b79cb7bfa250fe591d515a02e7; Structural/static source-derived candidate only. The exported_file is the shared machine definition-index evidence, not a visual or renderer asset export. It is not an authoritative original-runtime baseline and establishes no runtime reachability, placement, asset usage, visual appearance, renderer suitability, human or owner acceptance, strict completion, or publication."
swf-definition-00105,86,,structural-shape-definition-candidate,source-assets/flash/HELP MATH_ORIGINAL FILES/HELP_COURSES/ELMGR5/L4/TS/L4TS07.swf,,migrations/course-g05-l04-ts-007/audit/machine/g5-l4-pre-runtime-swf-definition-inventory.csv,955f2a8c83ce121d9a3979463c51f6c3d893b2b79cb7bfa250fe591d515a02e7,CSV definition-index record for DefineShape3,,,"projection only; no asset bytes exported, transformed, redrawn, or generated",machine-extracted-structural-candidate,owner-provided SWF,"container=root; definitionDepth=0; tagOrdinal=105; payloadBytes=7408; rawTagPayloadSha256=08a07af20d487155596b2a84c17336ca1cd1a1822d5f7796f5d9236da95274ed; exactTagIdentitySha256=21c5bd6d8fcfa16b2a0436328ca1cbc2fadc65fecd21c23fb87fe80ffee00c24; runtime reachability unresolved; placement and bounds unresolved; renderer suitability unresolved; machineDefinitionIndexSha256=955f2a8c83ce121d9a3979463c51f6c3d893b2b79cb7bfa250fe591d515a02e7; Structural/static source-derived candidate only. The exported_file is the shared machine definition-index evidence, not a visual or renderer asset export. It is not an authoritative original-runtime baseline and establishes no runtime reachability, placement, asset usage, visual appearance, renderer suitability, human or owner acceptance, strict completion, or publication."
swf-definition-00106,87,,structural-shape-definition-candidate,source-assets/flash/HELP MATH_ORIGINAL FILES/HELP_COURSES/ELMGR5/L4/TS/L4TS07.swf,,migrations/course-g05-l04-ts-007/audit/machine/g5-l4-pre-runtime-swf-definition-inventory.csv,955f2a8c83ce121d9a3979463c51f6c3d893b2b79cb7bfa250fe591d515a02e7,CSV definition-index record for DefineShape3,,,"projection only; no asset bytes exported, transformed, redrawn, or generated",machine-extracted-structural-candidate,owner-provided SWF,"container=root; definitionDepth=0; tagOrdinal=106; payloadBytes=7420; rawTagPayloadSha256=7c9adc05a9d2b6bf0e85a12f99a592c64de1980bc9f166cb82fdc579199d9e7b; exactTagIdentitySha256=405291ce43820632d179e27fc116a8508698a5dc3b854f8eafd464a29680621b; runtime reachability unresolved; placement and bounds unresolved; renderer suitability unresolved; machineDefinitionIndexSha256=955f2a8c83ce121d9a3979463c51f6c3d893b2b79cb7bfa250fe591d515a02e7; Structural/static source-derived candidate only. The exported_file is the shared machine definition-index evidence, not a visual or renderer asset export. It is not an authoritative original-runtime baseline and establishes no runtime reachability, placement, asset usage, visual appearance, renderer suitability, human or owner acceptance, strict completion, or publication."
swf-definition-00107,88,,structural-shape-definition-candidate,source-assets/flash/HELP MATH_ORIGINAL FILES/HELP_COURSES/ELMGR5/L4/TS/L4TS07.swf,,migrations/course-g05-l04-ts-007/audit/machine/g5-l4-pre-runtime-swf-definition-inventory.csv,955f2a8c83ce121d9a3979463c51f6c3d893b2b79cb7bfa250fe591d515a02e7,CSV definition-index record for DefineShape3,,,"projection only; no asset bytes exported, transformed, redrawn, or generated",machine-extracted-structural-candidate,owner-provided SWF,"container=root; definitionDepth=0; tagOrdinal=107; payloadBytes=7447; rawTagPayloadSha256=e3e02a0cc8c8f4c8e0b692865aaee5cb4c26b31767b24be74d2968bb60f674a3; exactTagIdentitySha256=03319cecd17d4c4e2a84171b1d8c12cbe5bff8e007928dd43ef4cc058aaeab41; runtime reachability unresolved; placement and bounds unresolved; renderer suitability unresolved; machineDefinitionIndexSha256=955f2a8c83ce121d9a3979463c51f6c3d893b2b79cb7bfa250fe591d515a02e7; Structural/static source-derived candidate only. The exported_file is the shared machine definition-index evidence, not a visual or renderer asset export. It is not an authoritative original-runtime baseline and establishes no runtime reachability, placement, asset usage, visual appearance, renderer suitability, human or owner acceptance, strict completion, or publication."
swf-definition-00108,89,,structural-shape-definition-candidate,source-assets/flash/HELP MATH_ORIGINAL FILES/HELP_COURSES/ELMGR5/L4/TS/L4TS07.swf,,migrations/course-g05-l04-ts-007/audit/machine/g5-l4-pre-runtime-swf-definition-inventory.csv,955f2a8c83ce121d9a3979463c51f6c3d893b2b79cb7bfa250fe591d515a02e7,CSV definition-index record for DefineShape3,,,"projection only; no asset bytes exported, transformed, redrawn, or generated",machine-extracted-structural-candidate,owner-provided SWF,"container=root; definitionDepth=0; tagOrdinal=108; payloadBytes=7143; rawTagPayloadSha256=52258ab693f6ab2601196c594075548fd6ff7f169d1577b76ac8ce9d70c4f2db; exactTagIdentitySha256=509b2220e6a922bb8dff3c2393e3ae0f29e64fb82ac8aaf547cf6caa5fadfbb4; runtime reachability unresolved; placement and bounds unresolved; renderer suitability unresolved; machineDefinitionIndexSha256=955f2a8c83ce121d9a3979463c51f6c3d893b2b79cb7bfa250fe591d515a02e7; Structural/static source-derived candidate only. The exported_file is the shared machine definition-index evidence, not a visual or renderer asset export. It is not an authoritative original-runtime baseline and establishes no runtime reachability, placement, asset usage, visual appearance, renderer suitability, human or owner acceptance, strict completion, or publication."
swf-definition-00109,90,,structural-shape-definition-candidate,source-assets/flash/HELP MATH_ORIGINAL FILES/HELP_COURSES/ELMGR5/L4/TS/L4TS07.swf,,migrations/course-g05-l04-ts-007/audit/machine/g5-l4-pre-runtime-swf-definition-inventory.csv,955f2a8c83ce121d9a3979463c51f6c3d893b2b79cb7bfa250fe591d515a02e7,CSV definition-index record for DefineShape3,,,"projection only; no asset bytes exported, transformed, redrawn, or generated",machine-extracted-structural-candidate,owner-provided SWF,"container=root; definitionDepth=0; tagOrdinal=109; payloadBytes=7838; rawTagPayloadSha256=97b76b1ac94b8d2edb7277c4932b8ba6b374edc4b46b0a0e6b36ce4da5f720e6; exactTagIdentitySha256=9e836150e0682d2a77b921dfd217c728b77ce1a814b223506596c4b7ed121ad0; runtime reachability unresolved; placement and bounds unresolved; renderer suitability unresolved; machineDefinitionIndexSha256=955f2a8c83ce121d9a3979463c51f6c3d893b2b79cb7bfa250fe591d515a02e7; Structural/static source-derived candidate only. The exported_file is the shared machine definition-index evidence, not a visual or renderer asset export. It is not an authoritative original-runtime baseline and establishes no runtime reachability, placement, asset usage, visual appearance, renderer suitability, human or owner acceptance, strict completion, or publication."
swf-definition-00110,91,,structural-font-definition-candidate,source-assets/flash/HELP MATH_ORIGINAL FILES/HELP_COURSES/ELMGR5/L4/TS/L4TS07.swf,,migrations/course-g05-l04-ts-007/audit/machine/g5-l4-pre-runtime-swf-definition-inventory.csv,955f2a8c83ce121d9a3979463c51f6c3d893b2b79cb7bfa250fe591d515a02e7,CSV definition-index record for DefineFont2,,15,"projection only; no asset bytes exported, transformed, redrawn, or generated",machine-extracted-structural-candidate,owner-provided SWF,"swfEmbeddedFontName=Boink LET; container=root; definitionDepth=0; tagOrdinal=110; payloadBytes=817; rawTagPayloadSha256=fde5f15c469499a6d99a1f9649080f0a9153a05a844281e84e014b2264be529b; exactTagIdentitySha256=8595a914146b87581c9cb2ed85b975f2b53c55c36f49f5da8226fa0b0e11b5a1; runtime reachability unresolved; placement and bounds unresolved; renderer suitability unresolved; machineDefinitionIndexSha256=955f2a8c83ce121d9a3979463c51f6c3d893b2b79cb7bfa250fe591d515a02e7; Structural/static source-derived candidate only. The exported_file is the shared machine definition-index evidence, not a visual or renderer asset export. It is not an authoritative original-runtime baseline and establishes no runtime reachability, placement, asset usage, visual appearance, renderer suitability, human or owner acceptance, strict completion, or publication."
swf-definition-00112,92,,structural-text-definition-candidate,source-assets/flash/HELP MATH_ORIGINAL FILES/HELP_COURSES/ELMGR5/L4/TS/L4TS07.swf,,migrations/course-g05-l04-ts-007/audit/machine/g5-l4-pre-runtime-swf-definition-inventory.csv,955f2a8c83ce121d9a3979463c51f6c3d893b2b79cb7bfa250fe591d515a02e7,CSV definition-index record for DefineText,,,"projection only; no asset bytes exported, transformed, redrawn, or generated",machine-extracted-structural-candidate,owner-provided SWF,"container=root; definitionDepth=0; tagOrdinal=112; payloadBytes=66; rawTagPayloadSha256=e03aa7ee70b80aa48fbef35600fcd4a8ea41f29b6ca81ab5d36760fa9588ba8e; exactTagIdentitySha256=e93142c99a78968dfa1141b896b3e3e95047fc901cf0eaaffa97f11bf9752653; runtime reachability unresolved; placement and bounds unresolved; renderer suitability unresolved; machineDefinitionIndexSha256=955f2a8c83ce121d9a3979463c51f6c3d893b2b79cb7bfa250fe591d515a02e7; Structural/static source-derived candidate only. The exported_file is the shared machine definition-index evidence, not a visual or renderer asset export. It is not an authoritative original-runtime baseline and establishes no runtime reachability, placement, asset usage, visual appearance, renderer suitability, human or owner acceptance, strict completion, or publication."
swf-definition-00113,93,,structural-text-definition-candidate,source-assets/flash/HELP MATH_ORIGINAL FILES/HELP_COURSES/ELMGR5/L4/TS/L4TS07.swf,,migrations/course-g05-l04-ts-007/audit/machine/g5-l4-pre-runtime-swf-definition-inventory.csv,955f2a8c83ce121d9a3979463c51f6c3d893b2b79cb7bfa250fe591d515a02e7,CSV definition-index record for DefineText,,,"projection only; no asset bytes exported, transformed, redrawn, or generated",machine-extracted-structural-candidate,owner-provided SWF,"container=root; definitionDepth=0; tagOrdinal=113; payloadBytes=66; rawTagPayloadSha256=45b0c475c332e23f0ce09a3d28fca6052b7370d3d6f9d38f7f1428b99458e6f8; exactTagIdentitySha256=e2ff2020b65d51ee8cbb08ab586ae277f31a86183e90456b6dcf79d960f56311; runtime reachability unresolved; placement and bounds unresolved; renderer suitability unresolved; machineDefinitionIndexSha256=955f2a8c83ce121d9a3979463c51f6c3d893b2b79cb7bfa250fe591d515a02e7; Structural/static source-derived candidate only. The exported_file is the shared machine definition-index evidence, not a visual or renderer asset export. It is not an authoritative original-runtime baseline and establishes no runtime reachability, placement, asset usage, visual appearance, renderer suitability, human or owner acceptance, strict completion, or publication."
swf-definition-00114,94,,structural-shape-definition-candidate,source-assets/flash/HELP MATH_ORIGINAL FILES/HELP_COURSES/ELMGR5/L4/TS/L4TS07.swf,,migrations/course-g05-l04-ts-007/audit/machine/g5-l4-pre-runtime-swf-definition-inventory.csv,955f2a8c83ce121d9a3979463c51f6c3d893b2b79cb7bfa250fe591d515a02e7,CSV definition-index record for DefineShape3,,,"projection only; no asset bytes exported, transformed, redrawn, or generated",machine-extracted-structural-candidate,owner-provided SWF,"container=root; definitionDepth=0; tagOrdinal=114; payloadBytes=318; rawTagPayloadSha256=00f0342bd9c312c1c6d0829596af7cc16b83cc6202ecc8a7f52b7780c11ea5b9; exactTagIdentitySha256=7597388f630ba28bd08ca27dc1d41919bccf6c5718c04f2fe3b03e29cffb70d0; runtime reachability unresolved; placement and bounds unresolved; renderer suitability unresolved; machineDefinitionIndexSha256=955f2a8c83ce121d9a3979463c51f6c3d893b2b79cb7bfa250fe591d515a02e7; Structural/static source-derived candidate only. The exported_file is the shared machine definition-index evidence, not a visual or renderer asset export. It is not an authoritative original-runtime baseline and establishes no runtime reachability, placement, asset usage, visual appearance, renderer suitability, human or owner acceptance, strict completion, or publication."
swf-definition-00115,95,,structural-shape-definition-candidate,source-assets/flash/HELP MATH_ORIGINAL FILES/HELP_COURSES/ELMGR5/L4/TS/L4TS07.swf,,migrations/course-g05-l04-ts-007/audit/machine/g5-l4-pre-runtime-swf-definition-inventory.csv,955f2a8c83ce121d9a3979463c51f6c3d893b2b79cb7bfa250fe591d515a02e7,CSV definition-index record for DefineShape3,,,"projection only; no asset bytes exported, transformed, redrawn, or generated",machine-extracted-structural-candidate,owner-provided SWF,"container=root; definitionDepth=0; tagOrdinal=115; payloadBytes=7760; rawTagPayloadSha256=8911f77d20d88dc4b165eb2df14ed0c4a6056a239cea05351a4cc250d36a3a6c; exactTagIdentitySha256=cd78da77f5589a7abfc605afdda241251a326c87cae7c0c46f4e8f9a80b27b32; runtime reachability unresolved; placement and bounds unresolved; renderer suitability unresolved; machineDefinitionIndexSha256=955f2a8c83ce121d9a3979463c51f6c3d893b2b79cb7bfa250fe591d515a02e7; Structural/static source-derived candidate only. The exported_file is the shared machine definition-index evidence, not a visual or renderer asset export. It is not an authoritative original-runtime baseline and establishes no runtime reachability, placement, asset usage, visual appearance, renderer suitability, human or owner acceptance, strict completion, or publication."
swf-definition-00116,96,,structural-shape-definition-candidate,source-assets/flash/HELP MATH_ORIGINAL FILES/HELP_COURSES/ELMGR5/L4/TS/L4TS07.swf,,migrations/course-g05-l04-ts-007/audit/machine/g5-l4-pre-runtime-swf-definition-inventory.csv,955f2a8c83ce121d9a3979463c51f6c3d893b2b79cb7bfa250fe591d515a02e7,CSV definition-index record for DefineShape3,,,"projection only; no asset bytes exported, transformed, redrawn, or generated",machine-extracted-structural-candidate,owner-provided SWF,"container=root; definitionDepth=0; tagOrdinal=116; payloadBytes=320; rawTagPayloadSha256=ff37e3b4e7164fd9b92601bc88f42e7e271a7ce2c05c31409101d3dcdb8a1661; exactTagIdentitySha256=92ead45e3e9c5190f95fe098e0682cd8fda416f62c6c11b5914323ae0e76ec08; runtime reachability unresolved; placement and bounds unresolved; renderer suitability unresolved; machineDefinitionIndexSha256=955f2a8c83ce121d9a3979463c51f6c3d893b2b79cb7bfa250fe591d515a02e7; Structural/static source-derived candidate only. The exported_file is the shared machine definition-index evidence, not a visual or renderer asset export. It is not an authoritative original-runtime baseline and establishes no runtime reachability, placement, asset usage, visual appearance, renderer suitability, human or owner acceptance, strict completion, or publication."
swf-definition-00117,97,,structural-shape-definition-candidate,source-assets/flash/HELP MATH_ORIGINAL FILES/HELP_COURSES/ELMGR5/L4/TS/L4TS07.swf,,migrations/course-g05-l04-ts-007/audit/machine/g5-l4-pre-runtime-swf-definition-inventory.csv,955f2a8c83ce121d9a3979463c51f6c3d893b2b79cb7bfa250fe591d515a02e7,CSV definition-index record for DefineShape3,,,"projection only; no asset bytes exported, transformed, redrawn, or generated",machine-extracted-structural-candidate,owner-provided SWF,"container=root; definitionDepth=0; tagOrdinal=117; payloadBytes=7770; rawTagPayloadSha256=21ae60e98ac7a020679b58218c4e5ca08a2fc931223fb576b29744c45742960e; exactTagIdentitySha256=62cde325f69c984a345b9e1930aa2f4c5e8227eaae22d988db8938fe4e3171dc; runtime reachability unresolved; placement and bounds unresolved; renderer suitability unresolved; machineDefinitionIndexSha256=955f2a8c83ce121d9a3979463c51f6c3d893b2b79cb7bfa250fe591d515a02e7; Structural/static source-derived candidate only. The exported_file is the shared machine definition-index evidence, not a visual or renderer asset export. It is not an authoritative original-runtime baseline and establishes no runtime reachability, placement, asset usage, visual appearance, renderer suitability, human or owner acceptance, strict completion, or publication."
swf-definition-00118,98,,structural-shape-definition-candidate,source-assets/flash/HELP MATH_ORIGINAL FILES/HELP_COURSES/ELMGR5/L4/TS/L4TS07.swf,,migrations/course-g05-l04-ts-007/audit/machine/g5-l4-pre-runtime-swf-definition-inventory.csv,955f2a8c83ce121d9a3979463c51f6c3d893b2b79cb7bfa250fe591d515a02e7,CSV definition-index record for DefineShape3,,,"projection only; no asset bytes exported, transformed, redrawn, or generated",machine-extracted-structural-candidate,owner-provided SWF,"container=root; definitionDepth=0; tagOrdinal=118; payloadBytes=322; rawTagPayloadSha256=0b6c097a71dcb27fdeceddad8f023860941abe34b08a2d63145acd8277d942ad; exactTagIdentitySha256=622d07f1f2f483ae738eb8213884f6ecb09d72c3b9828406c4e608ab5c0ca8f4; runtime reachability unresolved; placement and bounds unresolved; renderer suitability unresolved; machineDefinitionIndexSha256=955f2a8c83ce121d9a3979463c51f6c3d893b2b79cb7bfa250fe591d515a02e7; Structural/static source-derived candidate only. The exported_file is the shared machine definition-index evidence, not a visual or renderer asset export. It is not an authoritative original-runtime baseline and establishes no runtime reachability, placement, asset usage, visual appearance, renderer suitability, human or owner acceptance, strict completion, or publication."
swf-definition-00119,99,,structural-shape-definition-candidate,source-assets/flash/HELP MATH_ORIGINAL FILES/HELP_COURSES/ELMGR5/L4/TS/L4TS07.swf,,migrations/course-g05-l04-ts-007/audit/machine/g5-l4-pre-runtime-swf-definition-inventory.csv,955f2a8c83ce121d9a3979463c51f6c3d893b2b79cb7bfa250fe591d515a02e7,CSV definition-index record for DefineShape3,,,"projection only; no asset bytes exported, transformed, redrawn, or generated",machine-extracted-structural-candidate,owner-provided SWF,"container=root; definitionDepth=0; tagOrdinal=119; payloadBytes=7829; rawTagPayloadSha256=98233179290a883092dd781a36ab0bdfbda1702b9aed5ff1253106bb821894d3; exactTagIdentitySha256=b6a5bb17428f770dd687a2a0f963ae2294b458d78700a4e0550feb52aae95b7a; runtime reachability unresolved; placement and bounds unresolved; renderer suitability unresolved; machineDefinitionIndexSha256=955f2a8c83ce121d9a3979463c51f6c3d893b2b79cb7bfa250fe591d515a02e7; Structural/static source-derived candidate only. The exported_file is the shared machine definition-index evidence, not a visual or renderer asset export. It is not an authoritative original-runtime baseline and establishes no runtime reachability, placement, asset usage, visual appearance, renderer suitability, human or owner acceptance, strict completion, or publication."
swf-definition-00120,100,,structural-shape-definition-candidate,source-assets/flash/HELP MATH_ORIGINAL FILES/HELP_COURSES/ELMGR5/L4/TS/L4TS07.swf,,migrations/course-g05-l04-ts-007/audit/machine/g5-l4-pre-runtime-swf-definition-inventory.csv,955f2a8c83ce121d9a3979463c51f6c3d893b2b79cb7bfa250fe591d515a02e7,CSV definition-index record for DefineShape3,,,"projection only; no asset bytes exported, transformed, redrawn, or generated",machine-extracted-structural-candidate,owner-provided SWF,"container=root; definitionDepth=0; tagOrdinal=120; payloadBytes=315; rawTagPayloadSha256=3d8ab9887143c23cf9f2962aa97562efcb6c5c7740d413b359b84ba5dbb17f0a; exactTagIdentitySha256=0f99e8a03d750140347f7eca0ec17997362dfd185dfe3fcdf022650a2be72e84; runtime reachability unresolved; placement and bounds unresolved; renderer suitability unresolved; machineDefinitionIndexSha256=955f2a8c83ce121d9a3979463c51f6c3d893b2b79cb7bfa250fe591d515a02e7; Structural/static source-derived candidate only. The exported_file is the shared machine definition-index evidence, not a visual or renderer asset export. It is not an authoritative original-runtime baseline and establishes no runtime reachability, placement, asset usage, visual appearance, renderer suitability, human or owner acceptance, strict completion, or publication."
swf-definition-00121,101,,structural-shape-definition-candidate,source-assets/flash/HELP MATH_ORIGINAL FILES/HELP_COURSES/ELMGR5/L4/TS/L4TS07.swf,,migrations/course-g05-l04-ts-007/audit/machine/g5-l4-pre-runtime-swf-definition-inventory.csv,955f2a8c83ce121d9a3979463c51f6c3d893b2b79cb7bfa250fe591d515a02e7,CSV definition-index record for DefineShape3,,,"projection only; no asset bytes exported, transformed, redrawn, or generated",machine-extracted-structural-candidate,owner-provided SWF,"container=root; definitionDepth=0; tagOrdinal=121; payloadBytes=7838; rawTagPayloadSha256=a62660f1be8a947944ccaac58cb6f9a08434f27378c1511a9d5e96497d4875a4; exactTagIdentitySha256=919943bfd0771fe9f675a24a0dc7f9f685c877a264b81ab2b6e321326257fc61; runtime reachability unresolved; placement and bounds unresolved; renderer suitability unresolved; machineDefinitionIndexSha256=955f2a8c83ce121d9a3979463c51f6c3d893b2b79cb7bfa250fe591d515a02e7; Structural/static source-derived candidate only. The exported_file is the shared machine definition-index evidence, not a visual or renderer asset export. It is not an authoritative original-runtime baseline and establishes no runtime reachability, placement, asset usage, visual appearance, renderer suitability, human or owner acceptance, strict completion, or publication."
swf-definition-00122,102,,structural-shape-definition-candidate,source-assets/flash/HELP MATH_ORIGINAL FILES/HELP_COURSES/ELMGR5/L4/TS/L4TS07.swf,,migrations/course-g05-l04-ts-007/audit/machine/g5-l4-pre-runtime-swf-definition-inventory.csv,955f2a8c83ce121d9a3979463c51f6c3d893b2b79cb7bfa250fe591d515a02e7,CSV definition-index record for DefineShape3,,,"projection only; no asset bytes exported, transformed, redrawn, or generated",machine-extracted-structural-candidate,owner-provided SWF,"container=root; definitionDepth=0; tagOrdinal=122; payloadBytes=317; rawTagPayloadSha256=b042474c6b4aabb5dc19e31110d71458717028038c6a3ac34e895380302612ec; exactTagIdentitySha256=ffe0f5b5632ec83722387031f64a34d4c3e25164e6b11774a13691657f1ba948; runtime reachability unresolved; placement and bounds unresolved; renderer suitability unresolved; machineDefinitionIndexSha256=955f2a8c83ce121d9a3979463c51f6c3d893b2b79cb7bfa250fe591d515a02e7; Structural/static source-derived candidate only. The exported_file is the shared machine definition-index evidence, not a visual or renderer asset export. It is not an authoritative original-runtime baseline and establishes no runtime reachability, placement, asset usage, visual appearance, renderer suitability, human or owner acceptance, strict completion, or publication."
swf-definition-00123,103,,structural-shape-definition-candidate,source-assets/flash/HELP MATH_ORIGINAL FILES/HELP_COURSES/ELMGR5/L4/TS/L4TS07.swf,,migrations/course-g05-l04-ts-007/audit/machine/g5-l4-pre-runtime-swf-definition-inventory.csv,955f2a8c83ce121d9a3979463c51f6c3d893b2b79cb7bfa250fe591d515a02e7,CSV definition-index record for DefineShape3,,,"projection only; no asset bytes exported, transformed, redrawn, or generated",machine-extracted-structural-candidate,owner-provided SWF,"container=root; definitionDepth=0; tagOrdinal=123; payloadBytes=7755; rawTagPayloadSha256=511d475c737ac085478ed30a32ca85f90cdd5c8a75d17c9c2b544e9ef3068ad3; exactTagIdentitySha256=fa0a16c76beefb0e69db9cabd8d16d5d897f44512db84c7eb68207562a9e1009; runtime reachability unresolved; placement and bounds unresolved; renderer suitability unresolved; machineDefinitionIndexSha256=955f2a8c83ce121d9a3979463c51f6c3d893b2b79cb7bfa250fe591d515a02e7; Structural/static source-derived candidate only. The exported_file is the shared machine definition-index evidence, not a visual or renderer asset export. It is not an authoritative original-runtime baseline and establishes no runtime reachability, placement, asset usage, visual appearance, renderer suitability, human or owner acceptance, strict completion, or publication."
swf-definition-00124,104,,structural-shape-definition-candidate,source-assets/flash/HELP MATH_ORIGINAL FILES/HELP_COURSES/ELMGR5/L4/TS/L4TS07.swf,,migrations/course-g05-l04-ts-007/audit/machine/g5-l4-pre-runtime-swf-definition-inventory.csv,955f2a8c83ce121d9a3979463c51f6c3d893b2b79cb7bfa250fe591d515a02e7,CSV definition-index record for DefineShape3,,,"projection only; no asset bytes exported, transformed, redrawn, or generated",machine-extracted-structural-candidate,owner-provided SWF,"container=root; definitionDepth=0; tagOrdinal=124; payloadBytes=315; rawTagPayloadSha256=5bd1540bc3aa48e0a26b515e4f345a658d48d5bd8e6579fdd1d8eb6ba63b2f7a; exactTagIdentitySha256=14cdd071e6bf4571e79d07c328b40366f88936cc93acfe113b09468180c9308a; runtime reachability unresolved; placement and bounds unresolved; renderer suitability unresolved; machineDefinitionIndexSha256=955f2a8c83ce121d9a3979463c51f6c3d893b2b79cb7bfa250fe591d515a02e7; Structural/static source-derived candidate only. The exported_file is the shared machine definition-index evidence, not a visual or renderer asset export. It is not an authoritative original-runtime baseline and establishes no runtime reachability, placement, asset usage, visual appearance, renderer suitability, human or owner acceptance, strict completion, or publication."
swf-definition-00125,105,,structural-shape-definition-candidate,source-assets/flash/HELP MATH_ORIGINAL FILES/HELP_COURSES/ELMGR5/L4/TS/L4TS07.swf,,migrations/course-g05-l04-ts-007/audit/machine/g5-l4-pre-runtime-swf-definition-inventory.csv,955f2a8c83ce121d9a3979463c51f6c3d893b2b79cb7bfa250fe591d515a02e7,CSV definition-index record for DefineShape3,,,"projection only; no asset bytes exported, transformed, redrawn, or generated",machine-extracted-structural-candidate,owner-provided SWF,"container=root; definitionDepth=0; tagOrdinal=125; payloadBytes=7752; rawTagPayloadSha256=e40b2ca83e5f75ae1afdb8c9c107c1c0fc6ce294ed42b313bb3dc786867b2fd5; exactTagIdentitySha256=8623b54d8201d2b4ea4d48c962e57836d29be6c3c5d7f0491c14f324684fd57d; runtime reachability unresolved; placement and bounds unresolved; renderer suitability unresolved; machineDefinitionIndexSha256=955f2a8c83ce121d9a3979463c51f6c3d893b2b79cb7bfa250fe591d515a02e7; Structural/static source-derived candidate only. The exported_file is the shared machine definition-index evidence, not a visual or renderer asset export. It is not an authoritative original-runtime baseline and establishes no runtime reachability, placement, asset usage, visual appearance, renderer suitability, human or owner acceptance, strict completion, or publication."
swf-definition-00126,106,,structural-shape-definition-candidate,source-assets/flash/HELP MATH_ORIGINAL FILES/HELP_COURSES/ELMGR5/L4/TS/L4TS07.swf,,migrations/course-g05-l04-ts-007/audit/machine/g5-l4-pre-runtime-swf-definition-inventory.csv,955f2a8c83ce121d9a3979463c51f6c3d893b2b79cb7bfa250fe591d515a02e7,CSV definition-index record for DefineShape3,,,"projection only; no asset bytes exported, transformed, redrawn, or generated",machine-extracted-structural-candidate,owner-provided SWF,"container=root; definitionDepth=0; tagOrdinal=126; payloadBytes=323; rawTagPayloadSha256=937310206950b98d02700040fb133d356b058a2203fabd58b57632b40e6438e6; exactTagIdentitySha256=75d9994a4b85a2a19a70b300a569ec4d2bbd9a059dacca6b86b543d694d82783; runtime reachability unresolved; placement and bounds unresolved; renderer suitability unresolved; machineDefinitionIndexSha256=955f2a8c83ce121d9a3979463c51f6c3d893b2b79cb7bfa250fe591d515a02e7; Structural/static source-derived candidate only. The exported_file is the shared machine definition-index evidence, not a visual or renderer asset export. It is not an authoritative original-runtime baseline and establishes no runtime reachability, placement, asset usage, visual appearance, renderer suitability, human or owner acceptance, strict completion, or publication."
swf-definition-00127,107,,structural-sprite-definition-candidate,source-assets/flash/HELP MATH_ORIGINAL FILES/HELP_COURSES/ELMGR5/L4/TS/L4TS07.swf,,migrations/course-g05-l04-ts-007/audit/machine/g5-l4-pre-runtime-swf-definition-inventory.csv,955f2a8c83ce121d9a3979463c51f6c3d893b2b79cb7bfa250fe591d515a02e7,CSV definition-index record for DefineSprite,,,"projection only; no asset bytes exported, transformed, redrawn, or generated",machine-extracted-structural-candidate,owner-provided SWF,"container=root; definitionDepth=0; tagOrdinal=127; payloadBytes=30491; rawTagPayloadSha256=f7eb4de2b465c4963c89422bcdc39def524b7ef84b9d4d9f6b41def43feb58b9; exactTagIdentitySha256=7bcb08a4041c194e686149dfe54f8200bfa5439d35a9de7283c8546fa624aeec; declaredFrameCount=70; runtime reachability unresolved; placement and bounds unresolved; renderer suitability unresolved; machineDefinitionIndexSha256=955f2a8c83ce121d9a3979463c51f6c3d893b2b79cb7bfa250fe591d515a02e7; Structural/static source-derived candidate only. The exported_file is the shared machine definition-index evidence, not a visual or renderer asset export. It is not an authoritative original-runtime baseline and establishes no runtime reachability, placement, asset usage, visual appearance, renderer suitability, human or owner acceptance, strict completion, or publication."
swf-definition-00348,108,,structural-text-definition-candidate,source-assets/flash/HELP MATH_ORIGINAL FILES/HELP_COURSES/ELMGR5/L4/TS/L4TS07.swf,,migrations/course-g05-l04-ts-007/audit/machine/g5-l4-pre-runtime-swf-definition-inventory.csv,955f2a8c83ce121d9a3979463c51f6c3d893b2b79cb7bfa250fe591d515a02e7,CSV definition-index record for DefineText,,,"projection only; no asset bytes exported, transformed, redrawn, or generated",machine-extracted-structural-candidate,owner-provided SWF,"container=root; definitionDepth=0; tagOrdinal=348; payloadBytes=63; rawTagPayloadSha256=b2986c376e640d7f9613f18b874223b6b027cdc51a6c51a878868c235f4d7a87; exactTagIdentitySha256=864df0e2ae2f368b33be219ee2c717c77742d8c979dcb50bc688a0a76b57a178; runtime reachability unresolved; placement and bounds unresolved; renderer suitability unresolved; machineDefinitionIndexSha256=955f2a8c83ce121d9a3979463c51f6c3d893b2b79cb7bfa250fe591d515a02e7; Structural/static source-derived candidate only. The exported_file is the shared machine definition-index evidence, not a visual or renderer asset export. It is not an authoritative original-runtime baseline and establishes no runtime reachability, placement, asset usage, visual appearance, renderer suitability, human or owner acceptance, strict completion, or publication."
swf-definition-00349,109,,structural-text-definition-candidate,source-assets/flash/HELP MATH_ORIGINAL FILES/HELP_COURSES/ELMGR5/L4/TS/L4TS07.swf,,migrations/course-g05-l04-ts-007/audit/machine/g5-l4-pre-runtime-swf-definition-inventory.csv,955f2a8c83ce121d9a3979463c51f6c3d893b2b79cb7bfa250fe591d515a02e7,CSV definition-index record for DefineText,,,"projection only; no asset bytes exported, transformed, redrawn, or generated",machine-extracted-structural-candidate,owner-provided SWF,"container=root; definitionDepth=0; tagOrdinal=349; payloadBytes=61; rawTagPayloadSha256=e7f2e95efefdc811be295917406b0192264b62d6161fff2eac73af2379cab736; exactTagIdentitySha256=cd7b1162934883376113878fc843b05ee903445949843d8832367b1c174a3591; runtime reachability unresolved; placement and bounds unresolved; renderer suitability unresolved; machineDefinitionIndexSha256=955f2a8c83ce121d9a3979463c51f6c3d893b2b79cb7bfa250fe591d515a02e7; Structural/static source-derived candidate only. The exported_file is the shared machine definition-index evidence, not a visual or renderer asset export. It is not an authoritative original-runtime baseline and establishes no runtime reachability, placement, asset usage, visual appearance, renderer suitability, human or owner acceptance, strict completion, or publication."
swf-definition-00350,110,,structural-text-definition-candidate,source-assets/flash/HELP MATH_ORIGINAL FILES/HELP_COURSES/ELMGR5/L4/TS/L4TS07.swf,,migrations/course-g05-l04-ts-007/audit/machine/g5-l4-pre-runtime-swf-definition-inventory.csv,955f2a8c83ce121d9a3979463c51f6c3d893b2b79cb7bfa250fe591d515a02e7,CSV definition-index record for DefineText,,,"projection only; no asset bytes exported, transformed, redrawn, or generated",machine-extracted-structural-candidate,owner-provided SWF,"container=root; definitionDepth=0; tagOrdinal=350; payloadBytes=111; rawTagPayloadSha256=4a9069f6eabcf83daf516dd9304a0d17b21d534bc98390f1c5d571957234c181; exactTagIdentitySha256=600bf8cef0ffa40556ffb30dc2707a8bc5d022f448ecad044e2b24cf90e4cd04; runtime reachability unresolved; placement and bounds unresolved; renderer suitability unresolved; machineDefinitionIndexSha256=955f2a8c83ce121d9a3979463c51f6c3d893b2b79cb7bfa250fe591d515a02e7; Structural/static source-derived candidate only. The exported_file is the shared machine definition-index evidence, not a visual or renderer asset export. It is not an authoritative original-runtime baseline and establishes no runtime reachability, placement, asset usage, visual appearance, renderer suitability, human or owner acceptance, strict completion, or publication."
swf-definition-00351,111,,structural-text-definition-candidate,source-assets/flash/HELP MATH_ORIGINAL FILES/HELP_COURSES/ELMGR5/L4/TS/L4TS07.swf,,migrations/course-g05-l04-ts-007/audit/machine/g5-l4-pre-runtime-swf-definition-inventory.csv,955f2a8c83ce121d9a3979463c51f6c3d893b2b79cb7bfa250fe591d515a02e7,CSV definition-index record for DefineText,,,"projection only; no asset bytes exported, transformed, redrawn, or generated",machine-extracted-structural-candidate,owner-provided SWF,"container=root; definitionDepth=0; tagOrdinal=351; payloadBytes=107; rawTagPayloadSha256=39efb37fa23eefa3b4743b51510eb900c129907394836e3c21264bfd40ea5c39; exactTagIdentitySha256=0c061fdff01ddc711a3570cde3da6853bab5283187e456eabea2032dc37ada3d; runtime reachability unresolved; placement and bounds unresolved; renderer suitability unresolved; machineDefinitionIndexSha256=955f2a8c83ce121d9a3979463c51f6c3d893b2b79cb7bfa250fe591d515a02e7; Structural/static source-derived candidate only. The exported_file is the shared machine definition-index evidence, not a visual or renderer asset export. It is not an authoritative original-runtime baseline and establishes no runtime reachability, placement, asset usage, visual appearance, renderer suitability, human or owner acceptance, strict completion, or publication."
swf-definition-00352,112,,structural-shape-definition-candidate,source-assets/flash/HELP MATH_ORIGINAL FILES/HELP_COURSES/ELMGR5/L4/TS/L4TS07.swf,,migrations/course-g05-l04-ts-007/audit/machine/g5-l4-pre-runtime-swf-definition-inventory.csv,955f2a8c83ce121d9a3979463c51f6c3d893b2b79cb7bfa250fe591d515a02e7,CSV definition-index record for DefineShape2,,,"projection only; no asset bytes exported, transformed, redrawn, or generated",machine-extracted-structural-candidate,owner-provided SWF,"container=root; definitionDepth=0; tagOrdinal=352; payloadBytes=951; rawTagPayloadSha256=e80c36256a3d2585e3e2dffac508c4e435c68c396935b468e88c1db80e089a7c; exactTagIdentitySha256=27f54cbddaba6817612d64bcb2956bb1927cd4932654a329252f14715d7ebfbc; runtime reachability unresolved; placement and bounds unresolved; renderer suitability unresolved; machineDefinitionIndexSha256=955f2a8c83ce121d9a3979463c51f6c3d893b2b79cb7bfa250fe591d515a02e7; Structural/static source-derived candidate only. The exported_file is the shared machine definition-index evidence, not a visual or renderer asset export. It is not an authoritative original-runtime baseline and establishes no runtime reachability, placement, asset usage, visual appearance, renderer suitability, human or owner acceptance, strict completion, or publication."
swf-definition-00353,113,,structural-text-definition-candidate,source-assets/flash/HELP MATH_ORIGINAL FILES/HELP_COURSES/ELMGR5/L4/TS/L4TS07.swf,,migrations/course-g05-l04-ts-007/audit/machine/g5-l4-pre-runtime-swf-definition-inventory.csv,955f2a8c83ce121d9a3979463c51f6c3d893b2b79cb7bfa250fe591d515a02e7,CSV definition-index record for DefineText,,,"projection only; no asset bytes exported, transformed, redrawn, or generated",machine-extracted-structural-candidate,owner-provided SWF,"container=root; definitionDepth=0; tagOrdinal=353; payloadBytes=83; rawTagPayloadSha256=37fed0906578b2d449fdfde10e5abfc7f8a37ea84656ac886a171aa6551b1f2e; exactTagIdentitySha256=80334224aaff6f6f6d9eb45a8bd267ea973832eb94dbbb2343301282dd59b026; runtime reachability unresolved; placement and bounds unresolved; renderer suitability unresolved; machineDefinitionIndexSha256=955f2a8c83ce121d9a3979463c51f6c3d893b2b79cb7bfa250fe591d515a02e7; Structural/static source-derived candidate only. The exported_file is the shared machine definition-index evidence, not a visual or renderer asset export. It is not an authoritative original-runtime baseline and establishes no runtime reachability, placement, asset usage, visual appearance, renderer suitability, human or owner acceptance, strict completion, or publication."
swf-definition-00354,114,,structural-text-definition-candidate,source-assets/flash/HELP MATH_ORIGINAL FILES/HELP_COURSES/ELMGR5/L4/TS/L4TS07.swf,,migrations/course-g05-l04-ts-007/audit/machine/g5-l4-pre-runtime-swf-definition-inventory.csv,955f2a8c83ce121d9a3979463c51f6c3d893b2b79cb7bfa250fe591d515a02e7,CSV definition-index record for DefineText,,,"projection only; no asset bytes exported, transformed, redrawn, or generated",machine-extracted-structural-candidate,owner-provided SWF,"container=root; definitionDepth=0; tagOrdinal=354; payloadBytes=25; rawTagPayloadSha256=b7705229daed1d0ff517ce72de894d26d2310fde2f4d5b699c64ceb0a47710df; exactTagIdentitySha256=3dd4c6e961e8389323351b5b0f70ead8965515505c2a9b38fda951e572e6c674; runtime reachability unresolved; placement and bounds unresolved; renderer suitability unresolved; machineDefinitionIndexSha256=955f2a8c83ce121d9a3979463c51f6c3d893b2b79cb7bfa250fe591d515a02e7; Structural/static source-derived candidate only. The exported_file is the shared machine definition-index evidence, not a visual or renderer asset export. It is not an authoritative original-runtime baseline and establishes no runtime reachability, placement, asset usage, visual appearance, renderer suitability, human or owner acceptance, strict completion, or publication."
swf-definition-00355,115,,structural-shape-definition-candidate,source-assets/flash/HELP MATH_ORIGINAL FILES/HELP_COURSES/ELMGR5/L4/TS/L4TS07.swf,,migrations/course-g05-l04-ts-007/audit/machine/g5-l4-pre-runtime-swf-definition-inventory.csv,955f2a8c83ce121d9a3979463c51f6c3d893b2b79cb7bfa250fe591d515a02e7,CSV definition-index record for DefineShape2,,,"projection only; no asset bytes exported, transformed, redrawn, or generated",machine-extracted-structural-candidate,owner-provided SWF,"container=root; definitionDepth=0; tagOrdinal=355; payloadBytes=214; rawTagPayloadSha256=c9fc833bdc9e826f44b3bd115097e4edefa22fd1040b91ba7cb4384be35173e1; exactTagIdentitySha256=33010cd20e16a11ba1e7e3567945f9eae324272512f5bb1b905f88079407f94f; runtime reachability unresolved; placement and bounds unresolved; renderer suitability unresolved; machineDefinitionIndexSha256=955f2a8c83ce121d9a3979463c51f6c3d893b2b79cb7bfa250fe591d515a02e7; Structural/static source-derived candidate only. The exported_file is the shared machine definition-index evidence, not a visual or renderer asset export. It is not an authoritative original-runtime baseline and establishes no runtime reachability, placement, asset usage, visual appearance, renderer suitability, human or owner acceptance, strict completion, or publication."
swf-definition-00356,116,,structural-text-definition-candidate,source-assets/flash/HELP MATH_ORIGINAL FILES/HELP_COURSES/ELMGR5/L4/TS/L4TS07.swf,,migrations/course-g05-l04-ts-007/audit/machine/g5-l4-pre-runtime-swf-definition-inventory.csv,955f2a8c83ce121d9a3979463c51f6c3d893b2b79cb7bfa250fe591d515a02e7,CSV definition-index record for DefineText,,,"projection only; no asset bytes exported, transformed, redrawn, or generated",machine-extracted-structural-candidate,owner-provided SWF,"container=root; definitionDepth=0; tagOrdinal=356; payloadBytes=130; rawTagPayloadSha256=d1f7b6eb7366ba120a66254728fb837b776003b76ec1eb745ba9bfdbdb8b96b1; exactTagIdentitySha256=f2c25f85ae8244f519980f80667d9c3a5c2153291f3ac2473832526738de9abe; runtime reachability unresolved; placement and bounds unresolved; renderer suitability unresolved; machineDefinitionIndexSha256=955f2a8c83ce121d9a3979463c51f6c3d893b2b79cb7bfa250fe591d515a02e7; Structural/static source-derived candidate only. The exported_file is the shared machine definition-index evidence, not a visual or renderer asset export. It is not an authoritative original-runtime baseline and establishes no runtime reachability, placement, asset usage, visual appearance, renderer suitability, human or owner acceptance, strict completion, or publication."
swf-definition-00357,117,,structural-text-definition-candidate,source-assets/flash/HELP MATH_ORIGINAL FILES/HELP_COURSES/ELMGR5/L4/TS/L4TS07.swf,,migrations/course-g05-l04-ts-007/audit/machine/g5-l4-pre-runtime-swf-definition-inventory.csv,955f2a8c83ce121d9a3979463c51f6c3d893b2b79cb7bfa250fe591d515a02e7,CSV definition-index record for DefineText,,,"projection only; no asset bytes exported, transformed, redrawn, or generated",machine-extracted-structural-candidate,owner-provided SWF,"container=root; definitionDepth=0; tagOrdinal=357; payloadBytes=25; rawTagPayloadSha256=3ac8e4bfd860626a3d34622aec90f77c2eb2e4de193a136ac89c92da67c82e81; exactTagIdentitySha256=a655adc126258eacb5923f4d8bc65b7cc889e3481b6795bc3f4a04e15d210fe5; runtime reachability unresolved; placement and bounds unresolved; renderer suitability unresolved; machineDefinitionIndexSha256=955f2a8c83ce121d9a3979463c51f6c3d893b2b79cb7bfa250fe591d515a02e7; Structural/static source-derived candidate only. The exported_file is the shared machine definition-index evidence, not a visual or renderer asset export. It is not an authoritative original-runtime baseline and establishes no runtime reachability, placement, asset usage, visual appearance, renderer suitability, human or owner acceptance, strict completion, or publication."
swf-definition-00358,118,,structural-text-definition-candidate,source-assets/flash/HELP MATH_ORIGINAL FILES/HELP_COURSES/ELMGR5/L4/TS/L4TS07.swf,,migrations/course-g05-l04-ts-007/audit/machine/g5-l4-pre-runtime-swf-definition-inventory.csv,955f2a8c83ce121d9a3979463c51f6c3d893b2b79cb7bfa250fe591d515a02e7,CSV definition-index record for DefineText,,,"projection only; no asset bytes exported, transformed, redrawn, or generated",machine-extracted-structural-candidate,owner-provided SWF,"container=root; definitionDepth=0; tagOrdinal=358; payloadBytes=25; rawTagPayloadSha256=85fab3abd1b35f123c07d90952aa0281519eb515fe3cae97fa566c6f062f3791; exactTagIdentitySha256=f84c55cec8866212abd6793d0a327b966dad32c3fc56eee2c2de186f1e44cdba; runtime reachability unresolved; placement and bounds unresolved; renderer suitability unresolved; machineDefinitionIndexSha256=955f2a8c83ce121d9a3979463c51f6c3d893b2b79cb7bfa250fe591d515a02e7; Structural/static source-derived candidate only. The exported_file is the shared machine definition-index evidence, not a visual or renderer asset export. It is not an authoritative original-runtime baseline and establishes no runtime reachability, placement, asset usage, visual appearance, renderer suitability, human or owner acceptance, strict completion, or publication."
swf-definition-00359,119,,structural-text-definition-candidate,source-assets/flash/HELP MATH_ORIGINAL FILES/HELP_COURSES/ELMGR5/L4/TS/L4TS07.swf,,migrations/course-g05-l04-ts-007/audit/machine/g5-l4-pre-runtime-swf-definition-inventory.csv,955f2a8c83ce121d9a3979463c51f6c3d893b2b79cb7bfa250fe591d515a02e7,CSV definition-index record for DefineText,,,"projection only; no asset bytes exported, transformed, redrawn, or generated",machine-extracted-structural-candidate,owner-provided SWF,"container=root; definitionDepth=0; tagOrdinal=359; payloadBytes=25; rawTagPayloadSha256=a221bdfe1336be573fd64fe1173833098dfa11a9b0ef0aa6aaf5d384afe590a8; exactTagIdentitySha256=7d2194d75211f05c3b22f455821fa6a7574ef3c89b55d07d18ac61313e6ee0e8; runtime reachability unresolved; placement and bounds unresolved; renderer suitability unresolved; machineDefinitionIndexSha256=955f2a8c83ce121d9a3979463c51f6c3d893b2b79cb7bfa250fe591d515a02e7; Structural/static source-derived candidate only. The exported_file is the shared machine definition-index evidence, not a visual or renderer asset export. It is not an authoritative original-runtime baseline and establishes no runtime reachability, placement, asset usage, visual appearance, renderer suitability, human or owner acceptance, strict completion, or publication."
swf-definition-00360,120,,structural-text-definition-candidate,source-assets/flash/HELP MATH_ORIGINAL FILES/HELP_COURSES/ELMGR5/L4/TS/L4TS07.swf,,migrations/course-g05-l04-ts-007/audit/machine/g5-l4-pre-runtime-swf-definition-inventory.csv,955f2a8c83ce121d9a3979463c51f6c3d893b2b79cb7bfa250fe591d515a02e7,CSV definition-index record for DefineText,,,"projection only; no asset bytes exported, transformed, redrawn, or generated",machine-extracted-structural-candidate,owner-provided SWF,"container=root; definitionDepth=0; tagOrdinal=360; payloadBytes=25; rawTagPayloadSha256=c95c5700de7e6b493ec5e8a487efa1935909399e663394f620d77042aea9458c; exactTagIdentitySha256=37971609b81deefee6422d0f91bc3de43cb836cf6f43f9d8fe8987bfc5f3fab7; runtime reachability unresolved; placement and bounds unresolved; renderer suitability unresolved; machineDefinitionIndexSha256=955f2a8c83ce121d9a3979463c51f6c3d893b2b79cb7bfa250fe591d515a02e7; Structural/static source-derived candidate only. The exported_file is the shared machine definition-index evidence, not a visual or renderer asset export. It is not an authoritative original-runtime baseline and establishes no runtime reachability, placement, asset usage, visual appearance, renderer suitability, human or owner acceptance, strict completion, or publication."
swf-definition-00361,121,,structural-text-definition-candidate,source-assets/flash/HELP MATH_ORIGINAL FILES/HELP_COURSES/ELMGR5/L4/TS/L4TS07.swf,,migrations/course-g05-l04-ts-007/audit/machine/g5-l4-pre-runtime-swf-definition-inventory.csv,955f2a8c83ce121d9a3979463c51f6c3d893b2b79cb7bfa250fe591d515a02e7,CSV definition-index record for DefineText,,,"projection only; no asset bytes exported, transformed, redrawn, or generated",machine-extracted-structural-candidate,owner-provided SWF,"container=root; definitionDepth=0; tagOrdinal=361; payloadBytes=25; rawTagPayloadSha256=93c93befab826b4e8586b7447b40ce09fdfd0c9ea3edb48d66453c808751f647; exactTagIdentitySha256=073b33cba739c78ebc12ea014722d5300d73376428f3e881ab7da4df300a252c; runtime reachability unresolved; placement and bounds unresolved; renderer suitability unresolved; machineDefinitionIndexSha256=955f2a8c83ce121d9a3979463c51f6c3d893b2b79cb7bfa250fe591d515a02e7; Structural/static source-derived candidate only. The exported_file is the shared machine definition-index evidence, not a visual or renderer asset export. It is not an authoritative original-runtime baseline and establishes no runtime reachability, placement, asset usage, visual appearance, renderer suitability, human or owner acceptance, strict completion, or publication."
swf-definition-00362,122,,structural-shape-definition-candidate,source-assets/flash/HELP MATH_ORIGINAL FILES/HELP_COURSES/ELMGR5/L4/TS/L4TS07.swf,,migrations/course-g05-l04-ts-007/audit/machine/g5-l4-pre-runtime-swf-definition-inventory.csv,955f2a8c83ce121d9a3979463c51f6c3d893b2b79cb7bfa250fe591d515a02e7,CSV definition-index record for DefineShape,,,"projection only; no asset bytes exported, transformed, redrawn, or generated",machine-extracted-structural-candidate,owner-provided SWF,"container=root; definitionDepth=0; tagOrdinal=362; payloadBytes=28; rawTagPayloadSha256=b8f198000d3a965668f975e85e951f46be8ae7c8f5ce7cfdc8ff9096c54015ef; exactTagIdentitySha256=c926c44055b5abb541258b49b37873deff8b51019445acf1752bcc27c5114b60; runtime reachability unresolved; placement and bounds unresolved; renderer suitability unresolved; machineDefinitionIndexSha256=955f2a8c83ce121d9a3979463c51f6c3d893b2b79cb7bfa250fe591d515a02e7; Structural/static source-derived candidate only. The exported_file is the shared machine definition-index evidence, not a visual or renderer asset export. It is not an authoritative original-runtime baseline and establishes no runtime reachability, placement, asset usage, visual appearance, renderer suitability, human or owner acceptance, strict completion, or publication."
swf-definition-00363,123,,structural-shape-definition-candidate,source-assets/flash/HELP MATH_ORIGINAL FILES/HELP_COURSES/ELMGR5/L4/TS/L4TS07.swf,,migrations/course-g05-l04-ts-007/audit/machine/g5-l4-pre-runtime-swf-definition-inventory.csv,955f2a8c83ce121d9a3979463c51f6c3d893b2b79cb7bfa250fe591d515a02e7,CSV definition-index record for DefineShape,,,"projection only; no asset bytes exported, transformed, redrawn, or generated",machine-extracted-structural-candidate,owner-provided SWF,"container=root; definitionDepth=0; tagOrdinal=363; payloadBytes=30; rawTagPayloadSha256=09941c6dbaba8c4e383baa0dde3bb24a9dd64f6339ee61e02c4b9a347fe87c1e; exactTagIdentitySha256=1cd0a3fb40b99d5e26c5025aabd0bdb41d8183e8447bd1d1c74421a0e26bd42f; runtime reachability unresolved; placement and bounds unresolved; renderer suitability unresolved; machineDefinitionIndexSha256=955f2a8c83ce121d9a3979463c51f6c3d893b2b79cb7bfa250fe591d515a02e7; Structural/static source-derived candidate only. The exported_file is the shared machine definition-index evidence, not a visual or renderer asset export. It is not an authoritative original-runtime baseline and establishes no runtime reachability, placement, asset usage, visual appearance, renderer suitability, human or owner acceptance, strict completion, or publication."
swf-definition-00364,124,,structural-shape-definition-candidate,source-assets/flash/HELP MATH_ORIGINAL FILES/HELP_COURSES/ELMGR5/L4/TS/L4TS07.swf,,migrations/course-g05-l04-ts-007/audit/machine/g5-l4-pre-runtime-swf-definition-inventory.csv,955f2a8c83ce121d9a3979463c51f6c3d893b2b79cb7bfa250fe591d515a02e7,CSV definition-index record for DefineShape,,,"projection only; no asset bytes exported, transformed, redrawn, or generated",machine-extracted-structural-candidate,owner-provided SWF,"container=root; definitionDepth=0; tagOrdinal=364; payloadBytes=33; rawTagPayloadSha256=c83a788c90290693e21225ba2f05d4e216b770fe6f31a04a817dad31dcc1dd39; exactTagIdentitySha256=1114a51a305f363adc0e246d77df407acc5bf6a09bf4cb95ee2a5c4dca988190; runtime reachability unresolved; placement and bounds unresolved; renderer suitability unresolved; machineDefinitionIndexSha256=955f2a8c83ce121d9a3979463c51f6c3d893b2b79cb7bfa250fe591d515a02e7; Structural/static source-derived candidate only. The exported_file is the shared machine definition-index evidence, not a visual or renderer asset export. It is not an authoritative original-runtime baseline and establishes no runtime reachability, placement, asset usage, visual appearance, renderer suitability, human or owner acceptance, strict completion, or publication."
swf-definition-00365,125,,structural-shape-definition-candidate,source-assets/flash/HELP MATH_ORIGINAL FILES/HELP_COURSES/ELMGR5/L4/TS/L4TS07.swf,,migrations/course-g05-l04-ts-007/audit/machine/g5-l4-pre-runtime-swf-definition-inventory.csv,955f2a8c83ce121d9a3979463c51f6c3d893b2b79cb7bfa250fe591d515a02e7,CSV definition-index record for DefineShape,,,"projection only; no asset bytes exported, transformed, redrawn, or generated",machine-extracted-structural-candidate,owner-provided SWF,"container=root; definitionDepth=0; tagOrdinal=365; payloadBytes=36; rawTagPayloadSha256=191dcb61d77ba85645cf8a8a5a1e1dbdbf93080eaca68a6c0388d2de2cccc4c1; exactTagIdentitySha256=7ecb99f14d0f05dcd3e0c2861c713a00765c7496e84553f37b8091f3ba6a1e2a; runtime reachability unresolved; placement and bounds unresolved; renderer suitability unresolved; machineDefinitionIndexSha256=955f2a8c83ce121d9a3979463c51f6c3d893b2b79cb7bfa250fe591d515a02e7; Structural/static source-derived candidate only. The exported_file is the shared machine definition-index evidence, not a visual or renderer asset export. It is not an authoritative original-runtime baseline and establishes no runtime reachability, placement, asset usage, visual appearance, renderer suitability, human or owner acceptance, strict completion, or publication."
swf-definition-00366,126,,structural-shape-definition-candidate,source-assets/flash/HELP MATH_ORIGINAL FILES/HELP_COURSES/ELMGR5/L4/TS/L4TS07.swf,,migrations/course-g05-l04-ts-007/audit/machine/g5-l4-pre-runtime-swf-definition-inventory.csv,955f2a8c83ce121d9a3979463c51f6c3d893b2b79cb7bfa250fe591d515a02e7,CSV definition-index record for DefineShape,,,"projection only; no asset bytes exported, transformed, redrawn, or generated",machine-extracted-structural-candidate,owner-provided SWF,"container=root; definitionDepth=0; tagOrdinal=366; payloadBytes=40; rawTagPayloadSha256=ff60aa9bb73731e0d3e07fcb316a61533b793e047516f53b2422c7856ebb7c6c; exactTagIdentitySha256=11d53a06f799839c1b160950e120c0a2236c856d488ca7c1e2387ebab3ab9720; runtime reachability unresolved; placement and bounds unresolved; renderer suitability unresolved; machineDefinitionIndexSha256=955f2a8c83ce121d9a3979463c51f6c3d893b2b79cb7bfa250fe591d515a02e7; Structural/static source-derived candidate only. The exported_file is the shared machine definition-index evidence, not a visual or renderer asset export. It is not an authoritative original-runtime baseline and establishes no runtime reachability, placement, asset usage, visual appearance, renderer suitability, human or owner acceptance, strict completion, or publication."
swf-definition-00367,127,,structural-shape-definition-candidate,source-assets/flash/HELP MATH_ORIGINAL FILES/HELP_COURSES/ELMGR5/L4/TS/L4TS07.swf,,migrations/course-g05-l04-ts-007/audit/machine/g5-l4-pre-runtime-swf-definition-inventory.csv,955f2a8c83ce121d9a3979463c51f6c3d893b2b79cb7bfa250fe591d515a02e7,CSV definition-index record for DefineShape,,,"projection only; no asset bytes exported, transformed, redrawn, or generated",machine-extracted-structural-candidate,owner-provided SWF,"container=root; definitionDepth=0; tagOrdinal=367; payloadBytes=48; rawTagPayloadSha256=eafb4d36823351ebdd03283971cfe0979ef763ecc07c459a0ee7b7ec685407dd; exactTagIdentitySha256=a9bfa6086c50607811a70660ca71287a6da524617a0874ece3be507ea97d1182; runtime reachability unresolved; placement and bounds unresolved; renderer suitability unresolved; machineDefinitionIndexSha256=955f2a8c83ce121d9a3979463c51f6c3d893b2b79cb7bfa250fe591d515a02e7; Structural/static source-derived candidate only. The exported_file is the shared machine definition-index evidence, not a visual or renderer asset export. It is not an authoritative original-runtime baseline and establishes no runtime reachability, placement, asset usage, visual appearance, renderer suitability, human or owner acceptance, strict completion, or publication."
swf-definition-00368,128,,structural-shape-definition-candidate,source-assets/flash/HELP MATH_ORIGINAL FILES/HELP_COURSES/ELMGR5/L4/TS/L4TS07.swf,,migrations/course-g05-l04-ts-007/audit/machine/g5-l4-pre-runtime-swf-definition-inventory.csv,955f2a8c83ce121d9a3979463c51f6c3d893b2b79cb7bfa250fe591d515a02e7,CSV definition-index record for DefineShape,,,"projection only; no asset bytes exported, transformed, redrawn, or generated",machine-extracted-structural-candidate,owner-provided SWF,"container=root; definitionDepth=0; tagOrdinal=368; payloadBytes=73; rawTagPayloadSha256=7c404326852560df7bd3137b2641ccbf3f15fb0fed2fff832f547ed656803e09; exactTagIdentitySha256=29cc0fe865e64e68f78bdbe90e8417bbf33266be09d2b8a6d38d6bc4285f53fe; runtime reachability unresolved; placement and bounds unresolved; renderer suitability unresolved; machineDefinitionIndexSha256=955f2a8c83ce121d9a3979463c51f6c3d893b2b79cb7bfa250fe591d515a02e7; Structural/static source-derived candidate only. The exported_file is the shared machine definition-index evidence, not a visual or renderer asset export. It is not an authoritative original-runtime baseline and establishes no runtime reachability, placement, asset usage, visual appearance, renderer suitability, human or owner acceptance, strict completion, or publication."
swf-definition-00369,129,,structural-shape-definition-candidate,source-assets/flash/HELP MATH_ORIGINAL FILES/HELP_COURSES/ELMGR5/L4/TS/L4TS07.swf,,migrations/course-g05-l04-ts-007/audit/machine/g5-l4-pre-runtime-swf-definition-inventory.csv,955f2a8c83ce121d9a3979463c51f6c3d893b2b79cb7bfa250fe591d515a02e7,CSV definition-index record for DefineShape2,,,"projection only; no asset bytes exported, transformed, redrawn, or generated",machine-extracted-structural-candidate,owner-provided SWF,"container=root; definitionDepth=0; tagOrdinal=369; payloadBytes=95; rawTagPayloadSha256=86d93bf2d5fea57826de34b807c65f2e45fb5fe97da1ac04a50b71c50219b614; exactTagIdentitySha256=82848db20da7c5477a8b36bb75a3331871634eb6e53f10aab6b1b6c933d1f810; runtime reachability unresolved; placement and bounds unresolved; renderer suitability unresolved; machineDefinitionIndexSha256=955f2a8c83ce121d9a3979463c51f6c3d893b2b79cb7bfa250fe591d515a02e7; Structural/static source-derived candidate only. The exported_file is the shared machine definition-index evidence, not a visual or renderer asset export. It is not an authoritative original-runtime baseline and establishes no runtime reachability, placement, asset usage, visual appearance, renderer suitability, human or owner acceptance, strict completion, or publication."
swf-definition-00370,130,,structural-shape-definition-candidate,source-assets/flash/HELP MATH_ORIGINAL FILES/HELP_COURSES/ELMGR5/L4/TS/L4TS07.swf,,migrations/course-g05-l04-ts-007/audit/machine/g5-l4-pre-runtime-swf-definition-inventory.csv,955f2a8c83ce121d9a3979463c51f6c3d893b2b79cb7bfa250fe591d515a02e7,CSV definition-index record for DefineShape,,,"projection only; no asset bytes exported, transformed, redrawn, or generated",machine-extracted-structural-candidate,owner-provided SWF,"container=root; definitionDepth=0; tagOrdinal=370; payloadBytes=87; rawTagPayloadSha256=8ba2d27f7753db278def4861e7466bd262259654625c7a29f0b49ae00042c10e; exactTagIdentitySha256=78a2c71fdcb17156294c4c4d5d0c594afd9875f65d98d5d3c1f194601020bd05; runtime reachability unresolved; placement and bounds unresolved; renderer suitability unresolved; machineDefinitionIndexSha256=955f2a8c83ce121d9a3979463c51f6c3d893b2b79cb7bfa250fe591d515a02e7; Structural/static source-derived candidate only. The exported_file is the shared machine definition-index evidence, not a visual or renderer asset export. It is not an authoritative original-runtime baseline and establishes no runtime reachability, placement, asset usage, visual appearance, renderer suitability, human or owner acceptance, strict completion, or publication."
swf-definition-00371,131,,structural-shape-definition-candidate,source-assets/flash/HELP MATH_ORIGINAL FILES/HELP_COURSES/ELMGR5/L4/TS/L4TS07.swf,,migrations/course-g05-l04-ts-007/audit/machine/g5-l4-pre-runtime-swf-definition-inventory.csv,955f2a8c83ce121d9a3979463c51f6c3d893b2b79cb7bfa250fe591d515a02e7,CSV definition-index record for DefineShape,,,"projection only; no asset bytes exported, transformed, redrawn, or generated",machine-extracted-structural-candidate,owner-provided SWF,"container=root; definitionDepth=0; tagOrdinal=371; payloadBytes=90; rawTagPayloadSha256=ee6f60e05fadee9f7d2cfd95bbf88e5a5bd4866d6718f621791372714aba5263; exactTagIdentitySha256=bd337a98f967c344386425edb0a535bd57115273f45f9b8bd548b299b7b00f3c; runtime reachability unresolved; placement and bounds unresolved; renderer suitability unresolved; machineDefinitionIndexSha256=955f2a8c83ce121d9a3979463c51f6c3d893b2b79cb7bfa250fe591d515a02e7; Structural/static source-derived candidate only. The exported_file is the shared machine definition-index evidence, not a visual or renderer asset export. It is not an authoritative original-runtime baseline and establishes no runtime reachability, placement, asset usage, visual appearance, renderer suitability, human or owner acceptance, strict completion, or publication."
swf-definition-00372,132,,structural-shape-definition-candidate,source-assets/flash/HELP MATH_ORIGINAL FILES/HELP_COURSES/ELMGR5/L4/TS/L4TS07.swf,,migrations/course-g05-l04-ts-007/audit/machine/g5-l4-pre-runtime-swf-definition-inventory.csv,955f2a8c83ce121d9a3979463c51f6c3d893b2b79cb7bfa250fe591d515a02e7,CSV definition-index record for DefineShape,,,"projection only; no asset bytes exported, transformed, redrawn, or generated",machine-extracted-structural-candidate,owner-provided SWF,"container=root; definitionDepth=0; tagOrdinal=372; payloadBytes=92; rawTagPayloadSha256=3312504e6dd7e2f5b67df69d63344b5c45914dce4cdf730fdc997ae7f3af4bbc; exactTagIdentitySha256=8838e05397b071b24113afa985d6ed89825d28bb4d0e858061e372cb5fd09e84; runtime reachability unresolved; placement and bounds unresolved; renderer suitability unresolved; machineDefinitionIndexSha256=955f2a8c83ce121d9a3979463c51f6c3d893b2b79cb7bfa250fe591d515a02e7; Structural/static source-derived candidate only. The exported_file is the shared machine definition-index evidence, not a visual or renderer asset export. It is not an authoritative original-runtime baseline and establishes no runtime reachability, placement, asset usage, visual appearance, renderer suitability, human or owner acceptance, strict completion, or publication."
swf-definition-00373,133,,structural-shape-definition-candidate,source-assets/flash/HELP MATH_ORIGINAL FILES/HELP_COURSES/ELMGR5/L4/TS/L4TS07.swf,,migrations/course-g05-l04-ts-007/audit/machine/g5-l4-pre-runtime-swf-definition-inventory.csv,955f2a8c83ce121d9a3979463c51f6c3d893b2b79cb7bfa250fe591d515a02e7,CSV definition-index record for DefineShape,,,"projection only; no asset bytes exported, transformed, redrawn, or generated",machine-extracted-structural-candidate,owner-provided SWF,"container=root; definitionDepth=0; tagOrdinal=373; payloadBytes=95; rawTagPayloadSha256=b260002549225200e66424a76fdf5ee2320b77a7ec492ccf0ad43a575a8c6fdb; exactTagIdentitySha256=fba0fc10ec4693316373d02c834c1fb26fafd8f870a7db0fbee74257323a7a73; runtime reachability unresolved; placement and bounds unresolved; renderer suitability unresolved; machineDefinitionIndexSha256=955f2a8c83ce121d9a3979463c51f6c3d893b2b79cb7bfa250fe591d515a02e7; Structural/static source-derived candidate only. The exported_file is the shared machine definition-index evidence, not a visual or renderer asset export. It is not an authoritative original-runtime baseline and establishes no runtime reachability, placement, asset usage, visual appearance, renderer suitability, human or owner acceptance, strict completion, or publication."
swf-definition-00374,134,,structural-shape-definition-candidate,source-assets/flash/HELP MATH_ORIGINAL FILES/HELP_COURSES/ELMGR5/L4/TS/L4TS07.swf,,migrations/course-g05-l04-ts-007/audit/machine/g5-l4-pre-runtime-swf-definition-inventory.csv,955f2a8c83ce121d9a3979463c51f6c3d893b2b79cb7bfa250fe591d515a02e7,CSV definition-index record for DefineShape,,,"projection only; no asset bytes exported, transformed, redrawn, or generated",machine-extracted-structural-candidate,owner-provided SWF,"container=root; definitionDepth=0; tagOrdinal=374; payloadBytes=97; rawTagPayloadSha256=02fc67c7bf030379cd79e16caa6de1634a07be464b373a894056624941097317; exactTagIdentitySha256=3e6333badef6a7a72427199ba926dd005385293622decb1025a59a1c04123dc0; runtime reachability unresolved; placement and bounds unresolved; renderer suitability unresolved; machineDefinitionIndexSha256=955f2a8c83ce121d9a3979463c51f6c3d893b2b79cb7bfa250fe591d515a02e7; Structural/static source-derived candidate only. The exported_file is the shared machine definition-index evidence, not a visual or renderer asset export. It is not an authoritative original-runtime baseline and establishes no runtime reachability, placement, asset usage, visual appearance, renderer suitability, human or owner acceptance, strict completion, or publication."
swf-definition-00375,135,,structural-shape-definition-candidate,source-assets/flash/HELP MATH_ORIGINAL FILES/HELP_COURSES/ELMGR5/L4/TS/L4TS07.swf,,migrations/course-g05-l04-ts-007/audit/machine/g5-l4-pre-runtime-swf-definition-inventory.csv,955f2a8c83ce121d9a3979463c51f6c3d893b2b79cb7bfa250fe591d515a02e7,CSV definition-index record for DefineShape,,,"projection only; no asset bytes exported, transformed, redrawn, or generated",machine-extracted-structural-candidate,owner-provided SWF,"container=root; definitionDepth=0; tagOrdinal=375; payloadBytes=104; rawTagPayloadSha256=4ad2a399cf2a3cf2a739368ac55100fe020d14e2d5f9c0df4160f7bfb1151b48; exactTagIdentitySha256=1c72847de0dffbab757dec4436bccb8c9842dd0461272a9fb21c4c8470dfb821; runtime reachability unresolved; placement and bounds unresolved; renderer suitability unresolved; machineDefinitionIndexSha256=955f2a8c83ce121d9a3979463c51f6c3d893b2b79cb7bfa250fe591d515a02e7; Structural/static source-derived candidate only. The exported_file is the shared machine definition-index evidence, not a visual or renderer asset export. It is not an authoritative original-runtime baseline and establishes no runtime reachability, placement, asset usage, visual appearance, renderer suitability, human or owner acceptance, strict completion, or publication."
swf-definition-00376,136,,structural-shape-definition-candidate,source-assets/flash/HELP MATH_ORIGINAL FILES/HELP_COURSES/ELMGR5/L4/TS/L4TS07.swf,,migrations/course-g05-l04-ts-007/audit/machine/g5-l4-pre-runtime-swf-definition-inventory.csv,955f2a8c83ce121d9a3979463c51f6c3d893b2b79cb7bfa250fe591d515a02e7,CSV definition-index record for DefineShape,,,"projection only; no asset bytes exported, transformed, redrawn, or generated",machine-extracted-structural-candidate,owner-provided SWF,"container=root; definitionDepth=0; tagOrdinal=376; payloadBytes=121; rawTagPayloadSha256=c5b5fc4dd3fc84ff008af2eee0e1056a3d7c155bd9e930360a53790eae2b2020; exactTagIdentitySha256=0edef92857fe64e4de09b7cdbe71206df2eda61664e0f4011162380f7d76f8f4; runtime reachability unresolved; placement and bounds unresolved; renderer suitability unresolved; machineDefinitionIndexSha256=955f2a8c83ce121d9a3979463c51f6c3d893b2b79cb7bfa250fe591d515a02e7; Structural/static source-derived candidate only. The exported_file is the shared machine definition-index evidence, not a visual or renderer asset export. It is not an authoritative original-runtime baseline and establishes no runtime reachability, placement, asset usage, visual appearance, renderer suitability, human or owner acceptance, strict completion, or publication."
swf-definition-00377,137,,structural-shape-definition-candidate,source-assets/flash/HELP MATH_ORIGINAL FILES/HELP_COURSES/ELMGR5/L4/TS/L4TS07.swf,,migrations/course-g05-l04-ts-007/audit/machine/g5-l4-pre-runtime-swf-definition-inventory.csv,955f2a8c83ce121d9a3979463c51f6c3d893b2b79cb7bfa250fe591d515a02e7,CSV definition-index record for DefineShape2,,,"projection only; no asset bytes exported, transformed, redrawn, or generated",machine-extracted-structural-candidate,owner-provided SWF,"container=root; definitionDepth=0; tagOrdinal=377; payloadBytes=305; rawTagPayloadSha256=30590c5773d6a0d26923d5a6113026bf1c2db4cb1f68a1e55a659cceb1e452fe; exactTagIdentitySha256=bb0e630f2e10eaf53f8c839dfd15f192767d8744d474608cac88c3bcafb6fedd; runtime reachability unresolved; placement and bounds unresolved; renderer suitability unresolved; machineDefinitionIndexSha256=955f2a8c83ce121d9a3979463c51f6c3d893b2b79cb7bfa250fe591d515a02e7; Structural/static source-derived candidate only. The exported_file is the shared machine definition-index evidence, not a visual or renderer asset export. It is not an authoritative original-runtime baseline and establishes no runtime reachability, placement, asset usage, visual appearance, renderer suitability, human or owner acceptance, strict completion, or publication."
swf-definition-00378,138,,structural-shape-definition-candidate,source-assets/flash/HELP MATH_ORIGINAL FILES/HELP_COURSES/ELMGR5/L4/TS/L4TS07.swf,,migrations/course-g05-l04-ts-007/audit/machine/g5-l4-pre-runtime-swf-definition-inventory.csv,955f2a8c83ce121d9a3979463c51f6c3d893b2b79cb7bfa250fe591d515a02e7,CSV definition-index record for DefineShape,,,"projection only; no asset bytes exported, transformed, redrawn, or generated",machine-extracted-structural-candidate,owner-provided SWF,"container=root; definitionDepth=0; tagOrdinal=378; payloadBytes=125; rawTagPayloadSha256=63c5b4bd325599e38fa0b7d7a1c21ae3e5af01503c3cf60109111f790a1a7e67; exactTagIdentitySha256=23e225b714411e87bfe3598221b5f14e91099bcd3ff6edc7a60a208c0b555328; runtime reachability unresolved; placement and bounds unresolved; renderer suitability unresolved; machineDefinitionIndexSha256=955f2a8c83ce121d9a3979463c51f6c3d893b2b79cb7bfa250fe591d515a02e7; Structural/static source-derived candidate only. The exported_file is the shared machine definition-index evidence, not a visual or renderer asset export. It is not an authoritative original-runtime baseline and establishes no runtime reachability, placement, asset usage, visual appearance, renderer suitability, human or owner acceptance, strict completion, or publication."
swf-definition-00379,139,,structural-shape-definition-candidate,source-assets/flash/HELP MATH_ORIGINAL FILES/HELP_COURSES/ELMGR5/L4/TS/L4TS07.swf,,migrations/course-g05-l04-ts-007/audit/machine/g5-l4-pre-runtime-swf-definition-inventory.csv,955f2a8c83ce121d9a3979463c51f6c3d893b2b79cb7bfa250fe591d515a02e7,CSV definition-index record for DefineShape,,,"projection only; no asset bytes exported, transformed, redrawn, or generated",machine-extracted-structural-candidate,owner-provided SWF,"container=root; definitionDepth=0; tagOrdinal=379; payloadBytes=127; rawTagPayloadSha256=cea884fcd46087552e0fa5bbd4e0b46dcf3173340467d82088a85c9b151db59c; exactTagIdentitySha256=392336a725e64b69a7fa8bd60466d958d97d7fce1c9895fe454fbac220033785; runtime reachability unresolved; placement and bounds unresolved; renderer suitability unresolved; machineDefinitionIndexSha256=955f2a8c83ce121d9a3979463c51f6c3d893b2b79cb7bfa250fe591d515a02e7; Structural/static source-derived candidate only. The exported_file is the shared machine definition-index evidence, not a visual or renderer asset export. It is not an authoritative original-runtime baseline and establishes no runtime reachability, placement, asset usage, visual appearance, renderer suitability, human or owner acceptance, strict completion, or publication."
swf-definition-00380,140,,structural-shape-definition-candidate,source-assets/flash/HELP MATH_ORIGINAL FILES/HELP_COURSES/ELMGR5/L4/TS/L4TS07.swf,,migrations/course-g05-l04-ts-007/audit/machine/g5-l4-pre-runtime-swf-definition-inventory.csv,955f2a8c83ce121d9a3979463c51f6c3d893b2b79cb7bfa250fe591d515a02e7,CSV definition-index record for DefineShape,,,"projection only; no asset bytes exported, transformed, redrawn, or generated",machine-extracted-structural-candidate,owner-provided SWF,"container=root; definitionDepth=0; tagOrdinal=380; payloadBytes=132; rawTagPayloadSha256=da2cfd63d24a994a8bbab4e470046f581c1396002274c2f05e1bf2fa7b4710da; exactTagIdentitySha256=72d0061ca4d390c8206e00de29da7a00fcfe3933dd3d50a641f7fee1dfe9b01d; runtime reachability unresolved; placement and bounds unresolved; renderer suitability unresolved; machineDefinitionIndexSha256=955f2a8c83ce121d9a3979463c51f6c3d893b2b79cb7bfa250fe591d515a02e7; Structural/static source-derived candidate only. The exported_file is the shared machine definition-index evidence, not a visual or renderer asset export. It is not an authoritative original-runtime baseline and establishes no runtime reachability, placement, asset usage, visual appearance, renderer suitability, human or owner acceptance, strict completion, or publication."
swf-definition-00381,141,,structural-shape-definition-candidate,source-assets/flash/HELP MATH_ORIGINAL FILES/HELP_COURSES/ELMGR5/L4/TS/L4TS07.swf,,migrations/course-g05-l04-ts-007/audit/machine/g5-l4-pre-runtime-swf-definition-inventory.csv,955f2a8c83ce121d9a3979463c51f6c3d893b2b79cb7bfa250fe591d515a02e7,CSV definition-index record for DefineShape,,,"projection only; no asset bytes exported, transformed, redrawn, or generated",machine-extracted-structural-candidate,owner-provided SWF,"container=root; definitionDepth=0; tagOrdinal=381; payloadBytes=137; rawTagPayloadSha256=d366574a0ac667ac3825bcb975e4e26dfcc3b5c90be6af26bcf808bbffd285ce; exactTagIdentitySha256=afb77f9c0b1a6e01c6cb8553f0c2682d3135ca0c97ad80d74ce766314e36a131; runtime reachability unresolved; placement and bounds unresolved; renderer suitability unresolved; machineDefinitionIndexSha256=955f2a8c83ce121d9a3979463c51f6c3d893b2b79cb7bfa250fe591d515a02e7; Structural/static source-derived candidate only. The exported_file is the shared machine definition-index evidence, not a visual or renderer asset export. It is not an authoritative original-runtime baseline and establishes no runtime reachability, placement, asset usage, visual appearance, renderer suitability, human or owner acceptance, strict completion, or publication."
swf-definition-00382,142,,structural-shape-definition-candidate,source-assets/flash/HELP MATH_ORIGINAL FILES/HELP_COURSES/ELMGR5/L4/TS/L4TS07.swf,,migrations/course-g05-l04-ts-007/audit/machine/g5-l4-pre-runtime-swf-definition-inventory.csv,955f2a8c83ce121d9a3979463c51f6c3d893b2b79cb7bfa250fe591d515a02e7,CSV definition-index record for DefineShape,,,"projection only; no asset bytes exported, transformed, redrawn, or generated",machine-extracted-structural-candidate,owner-provided SWF,"container=root; definitionDepth=0; tagOrdinal=382; payloadBytes=140; rawTagPayloadSha256=4d000e42fb2154bffb5cfde05df747ae912e46c86685ea191b848f9ce863b232; exactTagIdentitySha256=e97eef2c52f39d3eff9ace468297f14df3b95ee9053c159be39e00932fdf827c; runtime reachability unresolved; placement and bounds unresolved; renderer suitability unresolved; machineDefinitionIndexSha256=955f2a8c83ce121d9a3979463c51f6c3d893b2b79cb7bfa250fe591d515a02e7; Structural/static source-derived candidate only. The exported_file is the shared machine definition-index evidence, not a visual or renderer asset export. It is not an authoritative original-runtime baseline and establishes no runtime reachability, placement, asset usage, visual appearance, renderer suitability, human or owner acceptance, strict completion, or publication."
swf-definition-00383,143,,structural-shape-definition-candidate,source-assets/flash/HELP MATH_ORIGINAL FILES/HELP_COURSES/ELMGR5/L4/TS/L4TS07.swf,,migrations/course-g05-l04-ts-007/audit/machine/g5-l4-pre-runtime-swf-definition-inventory.csv,955f2a8c83ce121d9a3979463c51f6c3d893b2b79cb7bfa250fe591d515a02e7,CSV definition-index record for DefineShape,,,"projection only; no asset bytes exported, transformed, redrawn, or generated",machine-extracted-structural-candidate,owner-provided SWF,"container=root; definitionDepth=0; tagOrdinal=383; payloadBytes=144; rawTagPayloadSha256=c8586d1daa37ecc031b68897f427159e84c8b91a549f03e860be4c9260a002e7; exactTagIdentitySha256=0a5c98a2b1659a41f1170c8e0d5a710710f15dbbdb7612e951ae64ce5d0fba5b; runtime reachability unresolved; placement and bounds unresolved; renderer suitability unresolved; machineDefinitionIndexSha256=955f2a8c83ce121d9a3979463c51f6c3d893b2b79cb7bfa250fe591d515a02e7; Structural/static source-derived candidate only. The exported_file is the shared machine definition-index evidence, not a visual or renderer asset export. It is not an authoritative original-runtime baseline and establishes no runtime reachability, placement, asset usage, visual appearance, renderer suitability, human or owner acceptance, strict completion, or publication."
swf-definition-00384,144,,structural-shape-definition-candidate,source-assets/flash/HELP MATH_ORIGINAL FILES/HELP_COURSES/ELMGR5/L4/TS/L4TS07.swf,,migrations/course-g05-l04-ts-007/audit/machine/g5-l4-pre-runtime-swf-definition-inventory.csv,955f2a8c83ce121d9a3979463c51f6c3d893b2b79cb7bfa250fe591d515a02e7,CSV definition-index record for DefineShape,,,"projection only; no asset bytes exported, transformed, redrawn, or generated",machine-extracted-structural-candidate,owner-provided SWF,"container=root; definitionDepth=0; tagOrdinal=384; payloadBytes=162; rawTagPayloadSha256=68344b8986465daa51c1389b9a4f1904c3536d26174c19f82e7a039a3b0660e0; exactTagIdentitySha256=42899e0615d6afaea65a6eed71b76382e9b21deac2ffa19c5e37c7ce8171b8f8; runtime reachability unresolved; placement and bounds unresolved; renderer suitability unresolved; machineDefinitionIndexSha256=955f2a8c83ce121d9a3979463c51f6c3d893b2b79cb7bfa250fe591d515a02e7; Structural/static source-derived candidate only. The exported_file is the shared machine definition-index evidence, not a visual or renderer asset export. It is not an authoritative original-runtime baseline and establishes no runtime reachability, placement, asset usage, visual appearance, renderer suitability, human or owner acceptance, strict completion, or publication."
swf-definition-00385,145,,structural-shape-definition-candidate,source-assets/flash/HELP MATH_ORIGINAL FILES/HELP_COURSES/ELMGR5/L4/TS/L4TS07.swf,,migrations/course-g05-l04-ts-007/audit/machine/g5-l4-pre-runtime-swf-definition-inventory.csv,955f2a8c83ce121d9a3979463c51f6c3d893b2b79cb7bfa250fe591d515a02e7,CSV definition-index record for DefineShape2,,,"projection only; no asset bytes exported, transformed, redrawn, or generated",machine-extracted-structural-candidate,owner-provided SWF,"container=root; definitionDepth=0; tagOrdinal=385; payloadBytes=481; rawTagPayloadSha256=17020dd65a2aae1d6ee13cebf35aa1d1d1c84f8a31e49d981b530bc781e980fe; exactTagIdentitySha256=e810075caab95c470fa29ee4b76a99a6ecd410b6b0d4e42a251d32ffb7acddab; runtime reachability unresolved; placement and bounds unresolved; renderer suitability unresolved; machineDefinitionIndexSha256=955f2a8c83ce121d9a3979463c51f6c3d893b2b79cb7bfa250fe591d515a02e7; Structural/static source-derived candidate only. The exported_file is the shared machine definition-index evidence, not a visual or renderer asset export. It is not an authoritative original-runtime baseline and establishes no runtime reachability, placement, asset usage, visual appearance, renderer suitability, human or owner acceptance, strict completion, or publication."
swf-definition-00386,146,,structural-shape-definition-candidate,source-assets/flash/HELP MATH_ORIGINAL FILES/HELP_COURSES/ELMGR5/L4/TS/L4TS07.swf,,migrations/course-g05-l04-ts-007/audit/machine/g5-l4-pre-runtime-swf-definition-inventory.csv,955f2a8c83ce121d9a3979463c51f6c3d893b2b79cb7bfa250fe591d515a02e7,CSV definition-index record for DefineShape2,,,"projection only; no asset bytes exported, transformed, redrawn, or generated",machine-extracted-structural-candidate,owner-provided SWF,"container=root; definitionDepth=0; tagOrdinal=386; payloadBytes=523; rawTagPayloadSha256=b5259d9f3546d8d1eae118753108f730a9fb4131582fb588ac5583e9083fce34; exactTagIdentitySha256=95355e15b984e6740d15fa49ed93b42e460cbed2cbd6919c581af0ad89849a62; runtime reachability unresolved; placement and bounds unresolved; renderer suitability unresolved; machineDefinitionIndexSha256=955f2a8c83ce121d9a3979463c51f6c3d893b2b79cb7bfa250fe591d515a02e7; Structural/static source-derived candidate only. The exported_file is the shared machine definition-index evidence, not a visual or renderer asset export. It is not an authoritative original-runtime baseline and establishes no runtime reachability, placement, asset usage, visual appearance, renderer suitability, human or owner acceptance, strict completion, or publication."
swf-definition-00387,147,,structural-text-definition-candidate,source-assets/flash/HELP MATH_ORIGINAL FILES/HELP_COURSES/ELMGR5/L4/TS/L4TS07.swf,,migrations/course-g05-l04-ts-007/audit/machine/g5-l4-pre-runtime-swf-definition-inventory.csv,955f2a8c83ce121d9a3979463c51f6c3d893b2b79cb7bfa250fe591d515a02e7,CSV definition-index record for DefineText,,,"projection only; no asset bytes exported, transformed, redrawn, or generated",machine-extracted-structural-candidate,owner-provided SWF,"container=root; definitionDepth=0; tagOrdinal=387; payloadBytes=25; rawTagPayloadSha256=112fff5bd2289fdd92d62832813690108a833d7f1178b9aeb33a7382bf7b16b4; exactTagIdentitySha256=8517f3f14de9e5a236ddaeced189d6e4debb45b46dc14039d499911041dcb633; runtime reachability unresolved; placement and bounds unresolved; renderer suitability unresolved; machineDefinitionIndexSha256=955f2a8c83ce121d9a3979463c51f6c3d893b2b79cb7bfa250fe591d515a02e7; Structural/static source-derived candidate only. The exported_file is the shared machine definition-index evidence, not a visual or renderer asset export. It is not an authoritative original-runtime baseline and establishes no runtime reachability, placement, asset usage, visual appearance, renderer suitability, human or owner acceptance, strict completion, or publication."
swf-definition-00388,148,,structural-shape-definition-candidate,source-assets/flash/HELP MATH_ORIGINAL FILES/HELP_COURSES/ELMGR5/L4/TS/L4TS07.swf,,migrations/course-g05-l04-ts-007/audit/machine/g5-l4-pre-runtime-swf-definition-inventory.csv,955f2a8c83ce121d9a3979463c51f6c3d893b2b79cb7bfa250fe591d515a02e7,CSV definition-index record for DefineShape2,,,"projection only; no asset bytes exported, transformed, redrawn, or generated",machine-extracted-structural-candidate,owner-provided SWF,"container=root; definitionDepth=0; tagOrdinal=388; payloadBytes=675; rawTagPayloadSha256=1f165083589585d5fe1f6f98f2ec8f636c62113b601aa0d1d0dc3cb6e49cd8c0; exactTagIdentitySha256=da3bcf6fc1bd9c8c8d23e2b273bb05122794435a2689647d00569321a5501e15; runtime reachability unresolved; placement and bounds unresolved; renderer suitability unresolved; machineDefinitionIndexSha256=955f2a8c83ce121d9a3979463c51f6c3d893b2b79cb7bfa250fe591d515a02e7; Structural/static source-derived candidate only. The exported_file is the shared machine definition-index evidence, not a visual or renderer asset export. It is not an authoritative original-runtime baseline and establishes no runtime reachability, placement, asset usage, visual appearance, renderer suitability, human or owner acceptance, strict completion, or publication."
swf-definition-00389,149,,structural-shape-definition-candidate,source-assets/flash/HELP MATH_ORIGINAL FILES/HELP_COURSES/ELMGR5/L4/TS/L4TS07.swf,,migrations/course-g05-l04-ts-007/audit/machine/g5-l4-pre-runtime-swf-definition-inventory.csv,955f2a8c83ce121d9a3979463c51f6c3d893b2b79cb7bfa250fe591d515a02e7,CSV definition-index record for DefineShape2,,,"projection only; no asset bytes exported, transformed, redrawn, or generated",machine-extracted-structural-candidate,owner-provided SWF,"container=root; definitionDepth=0; tagOrdinal=389; payloadBytes=55; rawTagPayloadSha256=4d2f2b01ea3a1feff621bd6aca0c1c5f927c963d6c712a2c47d8c2bd362a7735; exactTagIdentitySha256=5ad2a7b6d42b404b6189116a1b75615472a66bc7a283f1c5574134eb8ee354b0; runtime reachability unresolved; placement and bounds unresolved; renderer suitability unresolved; machineDefinitionIndexSha256=955f2a8c83ce121d9a3979463c51f6c3d893b2b79cb7bfa250fe591d515a02e7; Structural/static source-derived candidate only. The exported_file is the shared machine definition-index evidence, not a visual or renderer asset export. It is not an authoritative original-runtime baseline and establishes no runtime reachability, placement, asset usage, visual appearance, renderer suitability, human or owner acceptance, strict completion, or publication."
swf-definition-00390,150,,structural-text-definition-candidate,source-assets/flash/HELP MATH_ORIGINAL FILES/HELP_COURSES/ELMGR5/L4/TS/L4TS07.swf,,migrations/course-g05-l04-ts-007/audit/machine/g5-l4-pre-runtime-swf-definition-inventory.csv,955f2a8c83ce121d9a3979463c51f6c3d893b2b79cb7bfa250fe591d515a02e7,CSV definition-index record for DefineText,,,"projection only; no asset bytes exported, transformed, redrawn, or generated",machine-extracted-structural-candidate,owner-provided SWF,"container=root; definitionDepth=0; tagOrdinal=390; payloadBytes=37; rawTagPayloadSha256=50542b0f0ad796c35803b0068f2eaeb64c8e0e752dae7ac4481b1b8d15e44d55; exactTagIdentitySha256=e2fa27c2ffcdd644314d392c0fe2df6a9c96d24994652e17c5fd13cf8616edb9; runtime reachability unresolved; placement and bounds unresolved; renderer suitability unresolved; machineDefinitionIndexSha256=955f2a8c83ce121d9a3979463c51f6c3d893b2b79cb7bfa250fe591d515a02e7; Structural/static source-derived candidate only. The exported_file is the shared machine definition-index evidence, not a visual or renderer asset export. It is not an authoritative original-runtime baseline and establishes no runtime reachability, placement, asset usage, visual appearance, renderer suitability, human or owner acceptance, strict completion, or publication."
swf-definition-00391,151,,structural-shape-definition-candidate,source-assets/flash/HELP MATH_ORIGINAL FILES/HELP_COURSES/ELMGR5/L4/TS/L4TS07.swf,,migrations/course-g05-l04-ts-007/audit/machine/g5-l4-pre-runtime-swf-definition-inventory.csv,955f2a8c83ce121d9a3979463c51f6c3d893b2b79cb7bfa250fe591d515a02e7,CSV definition-index record for DefineShape,,,"projection only; no asset bytes exported, transformed, redrawn, or generated",machine-extracted-structural-candidate,owner-provided SWF,"container=root; definitionDepth=0; tagOrdinal=391; payloadBytes=64; rawTagPayloadSha256=0d12bdb2198a21654cc8341fb369b9ae9d59c203bd96826fcb76388f20764984; exactTagIdentitySha256=433737be6d6967b4074d1ae678e9ecbbddc7f2496e56577a4e465962397854eb; runtime reachability unresolved; placement and bounds unresolved; renderer suitability unresolved; machineDefinitionIndexSha256=955f2a8c83ce121d9a3979463c51f6c3d893b2b79cb7bfa250fe591d515a02e7; Structural/static source-derived candidate only. The exported_file is the shared machine definition-index evidence, not a visual or renderer asset export. It is not an authoritative original-runtime baseline and establishes no runtime reachability, placement, asset usage, visual appearance, renderer suitability, human or owner acceptance, strict completion, or publication."
swf-definition-00392,152,,structural-shape-definition-candidate,source-assets/flash/HELP MATH_ORIGINAL FILES/HELP_COURSES/ELMGR5/L4/TS/L4TS07.swf,,migrations/course-g05-l04-ts-007/audit/machine/g5-l4-pre-runtime-swf-definition-inventory.csv,955f2a8c83ce121d9a3979463c51f6c3d893b2b79cb7bfa250fe591d515a02e7,CSV definition-index record for DefineShape2,,,"projection only; no asset bytes exported, transformed, redrawn, or generated",machine-extracted-structural-candidate,owner-provided SWF,"container=root; definitionDepth=0; tagOrdinal=392; payloadBytes=283; rawTagPayloadSha256=c6c012fb8f3e65d4e71c0d59f8e6b60a723d8e7031b441a8c8c4fec14f1cfd05; exactTagIdentitySha256=f246e0741c7db8f91b67c238af6dbf862378827c5a05f2e782da00ad235177a8; runtime reachability unresolved; placement and bounds unresolved; renderer suitability unresolved; machineDefinitionIndexSha256=955f2a8c83ce121d9a3979463c51f6c3d893b2b79cb7bfa250fe591d515a02e7; Structural/static source-derived candidate only. The exported_file is the shared machine definition-index evidence, not a visual or renderer asset export. It is not an authoritative original-runtime baseline and establishes no runtime reachability, placement, asset usage, visual appearance, renderer suitability, human or owner acceptance, strict completion, or publication."
swf-definition-00393,153,,structural-shape-definition-candidate,source-assets/flash/HELP MATH_ORIGINAL FILES/HELP_COURSES/ELMGR5/L4/TS/L4TS07.swf,,migrations/course-g05-l04-ts-007/audit/machine/g5-l4-pre-runtime-swf-definition-inventory.csv,955f2a8c83ce121d9a3979463c51f6c3d893b2b79cb7bfa250fe591d515a02e7,CSV definition-index record for DefineShape2,,,"projection only; no asset bytes exported, transformed, redrawn, or generated",machine-extracted-structural-candidate,owner-provided SWF,"container=root; definitionDepth=0; tagOrdinal=393; payloadBytes=289; rawTagPayloadSha256=ffee7c5fd02f6027745a9954d5243248395dfa8f79f3a68cfd44923c2834ab15; exactTagIdentitySha256=38cddee394984eac046b0092c74afcfaaff31bd3b289744bdc1530e5b3513257; runtime reachability unresolved; placement and bounds unresolved; renderer suitability unresolved; machineDefinitionIndexSha256=955f2a8c83ce121d9a3979463c51f6c3d893b2b79cb7bfa250fe591d515a02e7; Structural/static source-derived candidate only. The exported_file is the shared machine definition-index evidence, not a visual or renderer asset export. It is not an authoritative original-runtime baseline and establishes no runtime reachability, placement, asset usage, visual appearance, renderer suitability, human or owner acceptance, strict completion, or publication."
swf-definition-00394,154,,structural-shape-definition-candidate,source-assets/flash/HELP MATH_ORIGINAL FILES/HELP_COURSES/ELMGR5/L4/TS/L4TS07.swf,,migrations/course-g05-l04-ts-007/audit/machine/g5-l4-pre-runtime-swf-definition-inventory.csv,955f2a8c83ce121d9a3979463c51f6c3d893b2b79cb7bfa250fe591d515a02e7,CSV definition-index record for DefineShape2,,,"projection only; no asset bytes exported, transformed, redrawn, or generated",machine-extracted-structural-candidate,owner-provided SWF,"container=root; definitionDepth=0; tagOrdinal=394; payloadBytes=339; rawTagPayloadSha256=7d9c2183a34a69667a2068d861df6978523dfb381660b472bf75b1dc7454dde2; exactTagIdentitySha256=7e615d03010a9cb489618ef9d3015182af47494c30ea0f988402b4457f67e17c; runtime reachability unresolved; placement and bounds unresolved; renderer suitability unresolved; machineDefinitionIndexSha256=955f2a8c83ce121d9a3979463c51f6c3d893b2b79cb7bfa250fe591d515a02e7; Structural/static source-derived candidate only. The exported_file is the shared machine definition-index evidence, not a visual or renderer asset export. It is not an authoritative original-runtime baseline and establishes no runtime reachability, placement, asset usage, visual appearance, renderer suitability, human or owner acceptance, strict completion, or publication."
swf-definition-00395,155,,structural-shape-definition-candidate,source-assets/flash/HELP MATH_ORIGINAL FILES/HELP_COURSES/ELMGR5/L4/TS/L4TS07.swf,,migrations/course-g05-l04-ts-007/audit/machine/g5-l4-pre-runtime-swf-definition-inventory.csv,955f2a8c83ce121d9a3979463c51f6c3d893b2b79cb7bfa250fe591d515a02e7,CSV definition-index record for DefineShape,,,"projection only; no asset bytes exported, transformed, redrawn, or generated",machine-extracted-structural-candidate,owner-provided SWF,"container=root; definitionDepth=0; tagOrdinal=395; payloadBytes=34; rawTagPayloadSha256=dbcb132c9d911518daf8f9432c5e8073a8996c5813d9860866d5a090b105e419; exactTagIdentitySha256=e57100c4c1734db8cd5f726f22cb0b4a954d3d7506baf0cdbe3fa045a3080059; runtime reachability unresolved; placement and bounds unresolved; renderer suitability unresolved; machineDefinitionIndexSha256=955f2a8c83ce121d9a3979463c51f6c3d893b2b79cb7bfa250fe591d515a02e7; Structural/static source-derived candidate only. The exported_file is the shared machine definition-index evidence, not a visual or renderer asset export. It is not an authoritative original-runtime baseline and establishes no runtime reachability, placement, asset usage, visual appearance, renderer suitability, human or owner acceptance, strict completion, or publication."
swf-definition-00396,156,,structural-sprite-definition-candidate,source-assets/flash/HELP MATH_ORIGINAL FILES/HELP_COURSES/ELMGR5/L4/TS/L4TS07.swf,,migrations/course-g05-l04-ts-007/audit/machine/g5-l4-pre-runtime-swf-definition-inventory.csv,955f2a8c83ce121d9a3979463c51f6c3d893b2b79cb7bfa250fe591d515a02e7,CSV definition-index record for DefineSprite,,,"projection only; no asset bytes exported, transformed, redrawn, or generated",machine-extracted-structural-candidate,owner-provided SWF,"container=root; definitionDepth=0; tagOrdinal=396; payloadBytes=2040; rawTagPayloadSha256=6aca1067ac74579e4784b9b81b30568712286473c1f174f107ca1b4ba650d2ee; exactTagIdentitySha256=d9e6c5edf6871c1b5a17daa192fe905c6ce04a7f95ca671e39cf6b9663bc83c9; declaredFrameCount=5; runtime reachability unresolved; placement and bounds unresolved; renderer suitability unresolved; machineDefinitionIndexSha256=955f2a8c83ce121d9a3979463c51f6c3d893b2b79cb7bfa250fe591d515a02e7; Structural/static source-derived candidate only. The exported_file is the shared machine definition-index evidence, not a visual or renderer asset export. It is not an authoritative original-runtime baseline and establishes no runtime reachability, placement, asset usage, visual appearance, renderer suitability, human or owner acceptance, strict completion, or publication."
swf-definition-00411,157,,structural-button-definition-candidate,source-assets/flash/HELP MATH_ORIGINAL FILES/HELP_COURSES/ELMGR5/L4/TS/L4TS07.swf,,migrations/course-g05-l04-ts-007/audit/machine/g5-l4-pre-runtime-swf-definition-inventory.csv,955f2a8c83ce121d9a3979463c51f6c3d893b2b79cb7bfa250fe591d515a02e7,CSV definition-index record for DefineButton2,,,"projection only; no asset bytes exported, transformed, redrawn, or generated",machine-extracted-structural-candidate,owner-provided SWF,"container=root; definitionDepth=0; tagOrdinal=411; payloadBytes=221; rawTagPayloadSha256=439a1e7d57e7dc6ee7360763c0365ba4edf1d56c7a9d6dcb4caad4061e795068; exactTagIdentitySha256=741bbad2c65472f9a881b2d741b3fa7597f96fea5bf194d70d1332361757ad60; runtime reachability unresolved; placement and bounds unresolved; renderer suitability unresolved; machineDefinitionIndexSha256=955f2a8c83ce121d9a3979463c51f6c3d893b2b79cb7bfa250fe591d515a02e7; Structural/static source-derived candidate only. The exported_file is the shared machine definition-index evidence, not a visual or renderer asset export. It is not an authoritative original-runtime baseline and establishes no runtime reachability, placement, asset usage, visual appearance, renderer suitability, human or owner acceptance, strict completion, or publication."
swf-definition-00412,158,,structural-sprite-definition-candidate,source-assets/flash/HELP MATH_ORIGINAL FILES/HELP_COURSES/ELMGR5/L4/TS/L4TS07.swf,,migrations/course-g05-l04-ts-007/audit/machine/g5-l4-pre-runtime-swf-definition-inventory.csv,955f2a8c83ce121d9a3979463c51f6c3d893b2b79cb7bfa250fe591d515a02e7,CSV definition-index record for DefineSprite,,,"projection only; no asset bytes exported, transformed, redrawn, or generated",machine-extracted-structural-candidate,owner-provided SWF,"container=root; definitionDepth=0; tagOrdinal=412; payloadBytes=5797; rawTagPayloadSha256=31437c8d08b4d89cb9108f25a1045dedcd23999e44030fc840d121bbe504cbd4; exactTagIdentitySha256=db5608466b5dbbac1434a5f3105bbb7d7b457d1c4eb16190323e943431ec448b; declaredFrameCount=63; runtime reachability unresolved; placement and bounds unresolved; renderer suitability unresolved; machineDefinitionIndexSha256=955f2a8c83ce121d9a3979463c51f6c3d893b2b79cb7bfa250fe591d515a02e7; Structural/static source-derived candidate only. The exported_file is the shared machine definition-index evidence, not a visual or renderer asset export. It is not an authoritative original-runtime baseline and establishes no runtime reachability, placement, asset usage, visual appearance, renderer suitability, human or owner acceptance, strict completion, or publication."
swf-definition-00893,159,,structural-shape-definition-candidate,source-assets/flash/HELP MATH_ORIGINAL FILES/HELP_COURSES/ELMGR5/L4/TS/L4TS07.swf,,migrations/course-g05-l04-ts-007/audit/machine/g5-l4-pre-runtime-swf-definition-inventory.csv,955f2a8c83ce121d9a3979463c51f6c3d893b2b79cb7bfa250fe591d515a02e7,CSV definition-index record for DefineShape,,,"projection only; no asset bytes exported, transformed, redrawn, or generated",machine-extracted-structural-candidate,owner-provided SWF,"container=root; definitionDepth=0; tagOrdinal=893; payloadBytes=24; rawTagPayloadSha256=4c44d789b68a872ab94a2bce9692f0b2e5e39e2ee4b062b8fd5048e44a799d18; exactTagIdentitySha256=e91c10fb6135732b9138375a1b23253b927df4a1e3f263e7aa063e472e45e82c; runtime reachability unresolved; placement and bounds unresolved; renderer suitability unresolved; machineDefinitionIndexSha256=955f2a8c83ce121d9a3979463c51f6c3d893b2b79cb7bfa250fe591d515a02e7; Structural/static source-derived candidate only. The exported_file is the shared machine definition-index evidence, not a visual or renderer asset export. It is not an authoritative original-runtime baseline and establishes no runtime reachability, placement, asset usage, visual appearance, renderer suitability, human or owner acceptance, strict completion, or publication."
swf-definition-00894,160,,structural-shape-definition-candidate,source-assets/flash/HELP MATH_ORIGINAL FILES/HELP_COURSES/ELMGR5/L4/TS/L4TS07.swf,,migrations/course-g05-l04-ts-007/audit/machine/g5-l4-pre-runtime-swf-definition-inventory.csv,955f2a8c83ce121d9a3979463c51f6c3d893b2b79cb7bfa250fe591d515a02e7,CSV definition-index record for DefineShape2,,,"projection only; no asset bytes exported, transformed, redrawn, or generated",machine-extracted-structural-candidate,owner-provided SWF,"container=root; definitionDepth=0; tagOrdinal=894; payloadBytes=205; rawTagPayloadSha256=b13f7f1b423f79a61520f6b715c5e2cdc95ad61ca058edef337ab203fd7f8ddf; exactTagIdentitySha256=21043b46769eed5f2b950ff6f9eb9a5b4089f2849677ba23492ee2525562ff32; runtime reachability unresolved; placement and bounds unresolved; renderer suitability unresolved; machineDefinitionIndexSha256=955f2a8c83ce121d9a3979463c51f6c3d893b2b79cb7bfa250fe591d515a02e7; Structural/static source-derived candidate only. The exported_file is the shared machine definition-index evidence, not a visual or renderer asset export. It is not an authoritative original-runtime baseline and establishes no runtime reachability, placement, asset usage, visual appearance, renderer suitability, human or owner acceptance, strict completion, or publication."
swf-definition-00895,161,,structural-shape-definition-candidate,source-assets/flash/HELP MATH_ORIGINAL FILES/HELP_COURSES/ELMGR5/L4/TS/L4TS07.swf,,migrations/course-g05-l04-ts-007/audit/machine/g5-l4-pre-runtime-swf-definition-inventory.csv,955f2a8c83ce121d9a3979463c51f6c3d893b2b79cb7bfa250fe591d515a02e7,CSV definition-index record for DefineShape2,,,"projection only; no asset bytes exported, transformed, redrawn, or generated",machine-extracted-structural-candidate,owner-provided SWF,"container=root; definitionDepth=0; tagOrdinal=895; payloadBytes=958; rawTagPayloadSha256=d2f4df76eceadda2f5368b86d0b96008dcf78b3d1f46cbede171b4ab38194479; exactTagIdentitySha256=af7588db01b30716a3bfc6c127f974fdf724f6fb4c220efd6b383a40d802a1dd; runtime reachability unresolved; placement and bounds unresolved; renderer suitability unresolved; machineDefinitionIndexSha256=955f2a8c83ce121d9a3979463c51f6c3d893b2b79cb7bfa250fe591d515a02e7; Structural/static source-derived candidate only. The exported_file is the shared machine definition-index evidence, not a visual or renderer asset export. It is not an authoritative original-runtime baseline and establishes no runtime reachability, placement, asset usage, visual appearance, renderer suitability, human or owner acceptance, strict completion, or publication."
swf-definition-00896,162,,structural-shape-definition-candidate,source-assets/flash/HELP MATH_ORIGINAL FILES/HELP_COURSES/ELMGR5/L4/TS/L4TS07.swf,,migrations/course-g05-l04-ts-007/audit/machine/g5-l4-pre-runtime-swf-definition-inventory.csv,955f2a8c83ce121d9a3979463c51f6c3d893b2b79cb7bfa250fe591d515a02e7,CSV definition-index record for DefineShape,,,"projection only; no asset bytes exported, transformed, redrawn, or generated",machine-extracted-structural-candidate,owner-provided SWF,"container=root; definitionDepth=0; tagOrdinal=896; payloadBytes=33; rawTagPayloadSha256=b1e7e57b0db5e6a0c7d956447ff204f22275f74a43bb3e0042c2788470dc280d; exactTagIdentitySha256=df5e43b3a593fa7d821677b50fbcf28f6fe170a5eb55b8c6d1c57495ae081fa7; runtime reachability unresolved; placement and bounds unresolved; renderer suitability unresolved; machineDefinitionIndexSha256=955f2a8c83ce121d9a3979463c51f6c3d893b2b79cb7bfa250fe591d515a02e7; Structural/static source-derived candidate only. The exported_file is the shared machine definition-index evidence, not a visual or renderer asset export. It is not an authoritative original-runtime baseline and establishes no runtime reachability, placement, asset usage, visual appearance, renderer suitability, human or owner acceptance, strict completion, or publication."
swf-definition-00897,163,,structural-text-definition-candidate,source-assets/flash/HELP MATH_ORIGINAL FILES/HELP_COURSES/ELMGR5/L4/TS/L4TS07.swf,,migrations/course-g05-l04-ts-007/audit/machine/g5-l4-pre-runtime-swf-definition-inventory.csv,955f2a8c83ce121d9a3979463c51f6c3d893b2b79cb7bfa250fe591d515a02e7,CSV definition-index record for DefineText,,,"projection only; no asset bytes exported, transformed, redrawn, or generated",machine-extracted-structural-candidate,owner-provided SWF,"container=root; definitionDepth=0; tagOrdinal=897; payloadBytes=99; rawTagPayloadSha256=8b664151a07f9ddd9772c84821d5cbb6bbe4a6592a6233c03019a641105629b4; exactTagIdentitySha256=92fd34237465acfb5424eae9a4b2017f36398d6ea9e3c824d291dfe5eff77014; runtime reachability unresolved; placement and bounds unresolved; renderer suitability unresolved; machineDefinitionIndexSha256=955f2a8c83ce121d9a3979463c51f6c3d893b2b79cb7bfa250fe591d515a02e7; Structural/static source-derived candidate only. The exported_file is the shared machine definition-index evidence, not a visual or renderer asset export. It is not an authoritative original-runtime baseline and establishes no runtime reachability, placement, asset usage, visual appearance, renderer suitability, human or owner acceptance, strict completion, or publication."
swf-definition-00898,164,,structural-text-definition-candidate,source-assets/flash/HELP MATH_ORIGINAL FILES/HELP_COURSES/ELMGR5/L4/TS/L4TS07.swf,,migrations/course-g05-l04-ts-007/audit/machine/g5-l4-pre-runtime-swf-definition-inventory.csv,955f2a8c83ce121d9a3979463c51f6c3d893b2b79cb7bfa250fe591d515a02e7,CSV definition-index record for DefineText,,,"projection only; no asset bytes exported, transformed, redrawn, or generated",machine-extracted-structural-candidate,owner-provided SWF,"container=root; definitionDepth=0; tagOrdinal=898; payloadBytes=164; rawTagPayloadSha256=18fdc06e0ceb4033546235d2f2e3e023bc12c97a0a235598da9a4959795dc75a; exactTagIdentitySha256=f2995b991b90ba57e815c0a1cbb26f60586ec311ada61f01b4e2034f50fd15f8; runtime reachability unresolved; placement and bounds unresolved; renderer suitability unresolved; machineDefinitionIndexSha256=955f2a8c83ce121d9a3979463c51f6c3d893b2b79cb7bfa250fe591d515a02e7; Structural/static source-derived candidate only. The exported_file is the shared machine definition-index evidence, not a visual or renderer asset export. It is not an authoritative original-runtime baseline and establishes no runtime reachability, placement, asset usage, visual appearance, renderer suitability, human or owner acceptance, strict completion, or publication."
swf-definition-00899,165,,structural-text-definition-candidate,source-assets/flash/HELP MATH_ORIGINAL FILES/HELP_COURSES/ELMGR5/L4/TS/L4TS07.swf,,migrations/course-g05-l04-ts-007/audit/machine/g5-l4-pre-runtime-swf-definition-inventory.csv,955f2a8c83ce121d9a3979463c51f6c3d893b2b79cb7bfa250fe591d515a02e7,CSV definition-index record for DefineText,,,"projection only; no asset bytes exported, transformed, redrawn, or generated",machine-extracted-structural-candidate,owner-provided SWF,"container=root; definitionDepth=0; tagOrdinal=899; payloadBytes=222; rawTagPayloadSha256=b92d087c45d333bf53b622dfdca4b2bb4db251cf808417e182580eef977ffb1e; exactTagIdentitySha256=37587c1b3620f117ce7517ed19065c6bad6772b0ae8783bc173760a1722ff2d8; runtime reachability unresolved; placement and bounds unresolved; renderer suitability unresolved; machineDefinitionIndexSha256=955f2a8c83ce121d9a3979463c51f6c3d893b2b79cb7bfa250fe591d515a02e7; Structural/static source-derived candidate only. The exported_file is the shared machine definition-index evidence, not a visual or renderer asset export. It is not an authoritative original-runtime baseline and establishes no runtime reachability, placement, asset usage, visual appearance, renderer suitability, human or owner acceptance, strict completion, or publication."
swf-definition-00900,166,,structural-shape-definition-candidate,source-assets/flash/HELP MATH_ORIGINAL FILES/HELP_COURSES/ELMGR5/L4/TS/L4TS07.swf,,migrations/course-g05-l04-ts-007/audit/machine/g5-l4-pre-runtime-swf-definition-inventory.csv,955f2a8c83ce121d9a3979463c51f6c3d893b2b79cb7bfa250fe591d515a02e7,CSV definition-index record for DefineShape2,,,"projection only; no asset bytes exported, transformed, redrawn, or generated",machine-extracted-structural-candidate,owner-provided SWF,"container=root; definitionDepth=0; tagOrdinal=900; payloadBytes=213; rawTagPayloadSha256=5a4b106033f61194941c217f7923977475b35a3a9f058cd00501833237716267; exactTagIdentitySha256=0808dd4e217b71deba0d46bbe96c9bfeedd419f70f458b6f7c256f7b30d6425b; runtime reachability unresolved; placement and bounds unresolved; renderer suitability unresolved; machineDefinitionIndexSha256=955f2a8c83ce121d9a3979463c51f6c3d893b2b79cb7bfa250fe591d515a02e7; Structural/static source-derived candidate only. The exported_file is the shared machine definition-index evidence, not a visual or renderer asset export. It is not an authoritative original-runtime baseline and establishes no runtime reachability, placement, asset usage, visual appearance, renderer suitability, human or owner acceptance, strict completion, or publication."
swf-definition-00901,167,,structural-text-definition-candidate,source-assets/flash/HELP MATH_ORIGINAL FILES/HELP_COURSES/ELMGR5/L4/TS/L4TS07.swf,,migrations/course-g05-l04-ts-007/audit/machine/g5-l4-pre-runtime-swf-definition-inventory.csv,955f2a8c83ce121d9a3979463c51f6c3d893b2b79cb7bfa250fe591d515a02e7,CSV definition-index record for DefineText,,,"projection only; no asset bytes exported, transformed, redrawn, or generated",machine-extracted-structural-candidate,owner-provided SWF,"container=root; definitionDepth=0; tagOrdinal=901; payloadBytes=25; rawTagPayloadSha256=3b9acc6371ba80af5ebf997191c9bd0fe6dfb59011e7ac1d3fb446d91c7c37ee; exactTagIdentitySha256=3abca881cb8c7deec426f95583f1dccff3bc23c0a178a67b5bc4b6f910607632; runtime reachability unresolved; placement and bounds unresolved; renderer suitability unresolved; machineDefinitionIndexSha256=955f2a8c83ce121d9a3979463c51f6c3d893b2b79cb7bfa250fe591d515a02e7; Structural/static source-derived candidate only. The exported_file is the shared machine definition-index evidence, not a visual or renderer asset export. It is not an authoritative original-runtime baseline and establishes no runtime reachability, placement, asset usage, visual appearance, renderer suitability, human or owner acceptance, strict completion, or publication."
swf-definition-00902,168,,structural-text-definition-candidate,source-assets/flash/HELP MATH_ORIGINAL FILES/HELP_COURSES/ELMGR5/L4/TS/L4TS07.swf,,migrations/course-g05-l04-ts-007/audit/machine/g5-l4-pre-runtime-swf-definition-inventory.csv,955f2a8c83ce121d9a3979463c51f6c3d893b2b79cb7bfa250fe591d515a02e7,CSV definition-index record for DefineText,,,"projection only; no asset bytes exported, transformed, redrawn, or generated",machine-extracted-structural-candidate,owner-provided SWF,"container=root; definitionDepth=0; tagOrdinal=902; payloadBytes=25; rawTagPayloadSha256=9143ce51000a7b4941bb30a24a5316e1c98430d8aae48f84cd496781b88e4984; exactTagIdentitySha256=dcfef02850490284ceae28432e7621b9e9c6f2cc1af1f0c99a445f70e2947497; runtime reachability unresolved; placement and bounds unresolved; renderer suitability unresolved; machineDefinitionIndexSha256=955f2a8c83ce121d9a3979463c51f6c3d893b2b79cb7bfa250fe591d515a02e7; Structural/static source-derived candidate only. The exported_file is the shared machine definition-index evidence, not a visual or renderer asset export. It is not an authoritative original-runtime baseline and establishes no runtime reachability, placement, asset usage, visual appearance, renderer suitability, human or owner acceptance, strict completion, or publication."
swf-definition-00903,169,,structural-button-definition-candidate,source-assets/flash/HELP MATH_ORIGINAL FILES/HELP_COURSES/ELMGR5/L4/TS/L4TS07.swf,,migrations/course-g05-l04-ts-007/audit/machine/g5-l4-pre-runtime-swf-definition-inventory.csv,955f2a8c83ce121d9a3979463c51f6c3d893b2b79cb7bfa250fe591d515a02e7,CSV definition-index record for DefineButton2,,,"projection only; no asset bytes exported, transformed, redrawn, or generated",machine-extracted-structural-candidate,owner-provided SWF,"container=root; definitionDepth=0; tagOrdinal=903; payloadBytes=182; rawTagPayloadSha256=67a8595710596cedb3220e1ad199da0411a681dcf884674596df9c83860df79d; exactTagIdentitySha256=d35328740149ed005adb6225135f8ba17478bfb541a132dc982e77896298474a; runtime reachability unresolved; placement and bounds unresolved; renderer suitability unresolved; machineDefinitionIndexSha256=955f2a8c83ce121d9a3979463c51f6c3d893b2b79cb7bfa250fe591d515a02e7; Structural/static source-derived candidate only. The exported_file is the shared machine definition-index evidence, not a visual or renderer asset export. It is not an authoritative original-runtime baseline and establishes no runtime reachability, placement, asset usage, visual appearance, renderer suitability, human or owner acceptance, strict completion, or publication."
swf-definition-00904,170,,structural-text-definition-candidate,source-assets/flash/HELP MATH_ORIGINAL FILES/HELP_COURSES/ELMGR5/L4/TS/L4TS07.swf,,migrations/course-g05-l04-ts-007/audit/machine/g5-l4-pre-runtime-swf-definition-inventory.csv,955f2a8c83ce121d9a3979463c51f6c3d893b2b79cb7bfa250fe591d515a02e7,CSV definition-index record for DefineText,,,"projection only; no asset bytes exported, transformed, redrawn, or generated",machine-extracted-structural-candidate,owner-provided SWF,"container=root; definitionDepth=0; tagOrdinal=904; payloadBytes=87; rawTagPayloadSha256=14ea34ef6b41bfa0ec8fea43133a7fc761273abf5f2057de20c6f9108b6f5320; exactTagIdentitySha256=f2be1250287b78f2dc3b30f169676ec1b79af14aee822a5dfd8f316b4cca0484; runtime reachability unresolved; placement and bounds unresolved; renderer suitability unresolved; machineDefinitionIndexSha256=955f2a8c83ce121d9a3979463c51f6c3d893b2b79cb7bfa250fe591d515a02e7; Structural/static source-derived candidate only. The exported_file is the shared machine definition-index evidence, not a visual or renderer asset export. It is not an authoritative original-runtime baseline and establishes no runtime reachability, placement, asset usage, visual appearance, renderer suitability, human or owner acceptance, strict completion, or publication."
swf-definition-00905,171,,structural-shape-definition-candidate,source-assets/flash/HELP MATH_ORIGINAL FILES/HELP_COURSES/ELMGR5/L4/TS/L4TS07.swf,,migrations/course-g05-l04-ts-007/audit/machine/g5-l4-pre-runtime-swf-definition-inventory.csv,955f2a8c83ce121d9a3979463c51f6c3d893b2b79cb7bfa250fe591d515a02e7,CSV definition-index record for DefineShape,,,"projection only; no asset bytes exported, transformed, redrawn, or generated",machine-extracted-structural-candidate,owner-provided SWF,"container=root; definitionDepth=0; tagOrdinal=905; payloadBytes=30; rawTagPayloadSha256=ffe8af8a75064ddd20282eb45a5c7660cabeea449a8957ef3a3aba5acc32ad89; exactTagIdentitySha256=bcf36fab983bd91653652f8bfc360de50fc06f5380b987602a630921fd139d89; runtime reachability unresolved; placement and bounds unresolved; renderer suitability unresolved; machineDefinitionIndexSha256=955f2a8c83ce121d9a3979463c51f6c3d893b2b79cb7bfa250fe591d515a02e7; Structural/static source-derived candidate only. The exported_file is the shared machine definition-index evidence, not a visual or renderer asset export. It is not an authoritative original-runtime baseline and establishes no runtime reachability, placement, asset usage, visual appearance, renderer suitability, human or owner acceptance, strict completion, or publication."
swf-definition-00906,172,,structural-shape-definition-candidate,source-assets/flash/HELP MATH_ORIGINAL FILES/HELP_COURSES/ELMGR5/L4/TS/L4TS07.swf,,migrations/course-g05-l04-ts-007/audit/machine/g5-l4-pre-runtime-swf-definition-inventory.csv,955f2a8c83ce121d9a3979463c51f6c3d893b2b79cb7bfa250fe591d515a02e7,CSV definition-index record for DefineShape,,,"projection only; no asset bytes exported, transformed, redrawn, or generated",machine-extracted-structural-candidate,owner-provided SWF,"container=root; definitionDepth=0; tagOrdinal=906; payloadBytes=45; rawTagPayloadSha256=860b3a7f875143c4a33d43ac750243aa75de3bea2d1056769ea845ec270946b0; exactTagIdentitySha256=7c106c030dfd129bd2b0fe553f79f7b164e1dc0bec9ff4a317dcd79492e85312; runtime reachability unresolved; placement and bounds unresolved; renderer suitability unresolved; machineDefinitionIndexSha256=955f2a8c83ce121d9a3979463c51f6c3d893b2b79cb7bfa250fe591d515a02e7; Structural/static source-derived candidate only. The exported_file is the shared machine definition-index evidence, not a visual or renderer asset export. It is not an authoritative original-runtime baseline and establishes no runtime reachability, placement, asset usage, visual appearance, renderer suitability, human or owner acceptance, strict completion, or publication."
swf-definition-00907,173,,structural-shape-definition-candidate,source-assets/flash/HELP MATH_ORIGINAL FILES/HELP_COURSES/ELMGR5/L4/TS/L4TS07.swf,,migrations/course-g05-l04-ts-007/audit/machine/g5-l4-pre-runtime-swf-definition-inventory.csv,955f2a8c83ce121d9a3979463c51f6c3d893b2b79cb7bfa250fe591d515a02e7,CSV definition-index record for DefineShape,,,"projection only; no asset bytes exported, transformed, redrawn, or generated",machine-extracted-structural-candidate,owner-provided SWF,"container=root; definitionDepth=0; tagOrdinal=907; payloadBytes=79; rawTagPayloadSha256=06bb44ad25394e43e62b7d38110237a8125fd202780c183704a5b37543747fcd; exactTagIdentitySha256=4735980e8f3fc1af0197104bf085d73c445f8ac249f1e401a971e81556c892ba; runtime reachability unresolved; placement and bounds unresolved; renderer suitability unresolved; machineDefinitionIndexSha256=955f2a8c83ce121d9a3979463c51f6c3d893b2b79cb7bfa250fe591d515a02e7; Structural/static source-derived candidate only. The exported_file is the shared machine definition-index evidence, not a visual or renderer asset export. It is not an authoritative original-runtime baseline and establishes no runtime reachability, placement, asset usage, visual appearance, renderer suitability, human or owner acceptance, strict completion, or publication."
swf-definition-00908,174,,structural-shape-definition-candidate,source-assets/flash/HELP MATH_ORIGINAL FILES/HELP_COURSES/ELMGR5/L4/TS/L4TS07.swf,,migrations/course-g05-l04-ts-007/audit/machine/g5-l4-pre-runtime-swf-definition-inventory.csv,955f2a8c83ce121d9a3979463c51f6c3d893b2b79cb7bfa250fe591d515a02e7,CSV definition-index record for DefineShape2,,,"projection only; no asset bytes exported, transformed, redrawn, or generated",machine-extracted-structural-candidate,owner-provided SWF,"container=root; definitionDepth=0; tagOrdinal=908; payloadBytes=95; rawTagPayloadSha256=663e67b44fd38267072ef9c02c661e1d075a389b77cd6de9c46acaae8cf41ea0; exactTagIdentitySha256=ef72537dd6d5601b0548781221f8c6b4ff44eb81b60eeac19c6572b672e3e314; runtime reachability unresolved; placement and bounds unresolved; renderer suitability unresolved; machineDefinitionIndexSha256=955f2a8c83ce121d9a3979463c51f6c3d893b2b79cb7bfa250fe591d515a02e7; Structural/static source-derived candidate only. The exported_file is the shared machine definition-index evidence, not a visual or renderer asset export. It is not an authoritative original-runtime baseline and establishes no runtime reachability, placement, asset usage, visual appearance, renderer suitability, human or owner acceptance, strict completion, or publication."
swf-definition-00909,175,,structural-shape-definition-candidate,source-assets/flash/HELP MATH_ORIGINAL FILES/HELP_COURSES/ELMGR5/L4/TS/L4TS07.swf,,migrations/course-g05-l04-ts-007/audit/machine/g5-l4-pre-runtime-swf-definition-inventory.csv,955f2a8c83ce121d9a3979463c51f6c3d893b2b79cb7bfa250fe591d515a02e7,CSV definition-index record for DefineShape2,,,"projection only; no asset bytes exported, transformed, redrawn, or generated",machine-extracted-structural-candidate,owner-provided SWF,"container=root; definitionDepth=0; tagOrdinal=909; payloadBytes=93; rawTagPayloadSha256=6dca855fd55b00af32218396295bb68953135091f032e7cb7a6232b079581c55; exactTagIdentitySha256=7a707c2cf09e4165bd1cf03beccab1016072d91715f599f30317152c43b9e2aa; runtime reachability unresolved; placement and bounds unresolved; renderer suitability unresolved; machineDefinitionIndexSha256=955f2a8c83ce121d9a3979463c51f6c3d893b2b79cb7bfa250fe591d515a02e7; Structural/static source-derived candidate only. The exported_file is the shared machine definition-index evidence, not a visual or renderer asset export. It is not an authoritative original-runtime baseline and establishes no runtime reachability, placement, asset usage, visual appearance, renderer suitability, human or owner acceptance, strict completion, or publication."
swf-definition-00910,176,,structural-shape-definition-candidate,source-assets/flash/HELP MATH_ORIGINAL FILES/HELP_COURSES/ELMGR5/L4/TS/L4TS07.swf,,migrations/course-g05-l04-ts-007/audit/machine/g5-l4-pre-runtime-swf-definition-inventory.csv,955f2a8c83ce121d9a3979463c51f6c3d893b2b79cb7bfa250fe591d515a02e7,CSV definition-index record for DefineShape2,,,"projection only; no asset bytes exported, transformed, redrawn, or generated",machine-extracted-structural-candidate,owner-provided SWF,"container=root; definitionDepth=0; tagOrdinal=910; payloadBytes=98; rawTagPayloadSha256=878c633c7047993cf258670e977bc2accdd893d94ee149c97326d030b95ef3a8; exactTagIdentitySha256=8d9c2a40bf338d197cbf9e78100a4d5a827b166100114f5c042e84ce5bb33442; runtime reachability unresolved; placement and bounds unresolved; renderer suitability unresolved; machineDefinitionIndexSha256=955f2a8c83ce121d9a3979463c51f6c3d893b2b79cb7bfa250fe591d515a02e7; Structural/static source-derived candidate only. The exported_file is the shared machine definition-index evidence, not a visual or renderer asset export. It is not an authoritative original-runtime baseline and establishes no runtime reachability, placement, asset usage, visual appearance, renderer suitability, human or owner acceptance, strict completion, or publication."
swf-definition-00911,177,,structural-shape-definition-candidate,source-assets/flash/HELP MATH_ORIGINAL FILES/HELP_COURSES/ELMGR5/L4/TS/L4TS07.swf,,migrations/course-g05-l04-ts-007/audit/machine/g5-l4-pre-runtime-swf-definition-inventory.csv,955f2a8c83ce121d9a3979463c51f6c3d893b2b79cb7bfa250fe591d515a02e7,CSV definition-index record for DefineShape2,,,"projection only; no asset bytes exported, transformed, redrawn, or generated",machine-extracted-structural-candidate,owner-provided SWF,"container=root; definitionDepth=0; tagOrdinal=911; payloadBytes=103; rawTagPayloadSha256=5f09ce479da94b626111a5ff09974f0a87a3fac0cdec5c497d5d451c5b0e389f; exactTagIdentitySha256=4f8a89bd783db908c868c74e8dfe7f2482e6ff5327214c56b2ee12e0b1330da2; runtime reachability unresolved; placement and bounds unresolved; renderer suitability unresolved; machineDefinitionIndexSha256=955f2a8c83ce121d9a3979463c51f6c3d893b2b79cb7bfa250fe591d515a02e7; Structural/static source-derived candidate only. The exported_file is the shared machine definition-index evidence, not a visual or renderer asset export. It is not an authoritative original-runtime baseline and establishes no runtime reachability, placement, asset usage, visual appearance, renderer suitability, human or owner acceptance, strict completion, or publication."
swf-definition-00912,178,,structural-shape-definition-candidate,source-assets/flash/HELP MATH_ORIGINAL FILES/HELP_COURSES/ELMGR5/L4/TS/L4TS07.swf,,migrations/course-g05-l04-ts-007/audit/machine/g5-l4-pre-runtime-swf-definition-inventory.csv,955f2a8c83ce121d9a3979463c51f6c3d893b2b79cb7bfa250fe591d515a02e7,CSV definition-index record for DefineShape2,,,"projection only; no asset bytes exported, transformed, redrawn, or generated",machine-extracted-structural-candidate,owner-provided SWF,"container=root; definitionDepth=0; tagOrdinal=912; payloadBytes=138; rawTagPayloadSha256=a6f96df08896227a91e5693fe21e92b7a037b3c061a9131e2d071cd64bc525d0; exactTagIdentitySha256=7ea884290a542e2f47d04acc775ef5006ae9c3a34cd113bb77b0895280e8c856; runtime reachability unresolved; placement and bounds unresolved; renderer suitability unresolved; machineDefinitionIndexSha256=955f2a8c83ce121d9a3979463c51f6c3d893b2b79cb7bfa250fe591d515a02e7; Structural/static source-derived candidate only. The exported_file is the shared machine definition-index evidence, not a visual or renderer asset export. It is not an authoritative original-runtime baseline and establishes no runtime reachability, placement, asset usage, visual appearance, renderer suitability, human or owner acceptance, strict completion, or publication."
swf-definition-00913,179,,structural-shape-definition-candidate,source-assets/flash/HELP MATH_ORIGINAL FILES/HELP_COURSES/ELMGR5/L4/TS/L4TS07.swf,,migrations/course-g05-l04-ts-007/audit/machine/g5-l4-pre-runtime-swf-definition-inventory.csv,955f2a8c83ce121d9a3979463c51f6c3d893b2b79cb7bfa250fe591d515a02e7,CSV definition-index record for DefineShape2,,,"projection only; no asset bytes exported, transformed, redrawn, or generated",machine-extracted-structural-candidate,owner-provided SWF,"container=root; definitionDepth=0; tagOrdinal=913; payloadBytes=304; rawTagPayloadSha256=54a452512a08a67ec10ea0547c1f4b918991894543f660a1602bcff8664c636c; exactTagIdentitySha256=f95a2ebfcfa671db7c9ba803d4dc586b834b44d07ccd0cc170f42beeb5fe6b67; runtime reachability unresolved; placement and bounds unresolved; renderer suitability unresolved; machineDefinitionIndexSha256=955f2a8c83ce121d9a3979463c51f6c3d893b2b79cb7bfa250fe591d515a02e7; Structural/static source-derived candidate only. The exported_file is the shared machine definition-index evidence, not a visual or renderer asset export. It is not an authoritative original-runtime baseline and establishes no runtime reachability, placement, asset usage, visual appearance, renderer suitability, human or owner acceptance, strict completion, or publication."
swf-definition-00914,180,,structural-shape-definition-candidate,source-assets/flash/HELP MATH_ORIGINAL FILES/HELP_COURSES/ELMGR5/L4/TS/L4TS07.swf,,migrations/course-g05-l04-ts-007/audit/machine/g5-l4-pre-runtime-swf-definition-inventory.csv,955f2a8c83ce121d9a3979463c51f6c3d893b2b79cb7bfa250fe591d515a02e7,CSV definition-index record for DefineShape2,,,"projection only; no asset bytes exported, transformed, redrawn, or generated",machine-extracted-structural-candidate,owner-provided SWF,"container=root; definitionDepth=0; tagOrdinal=914; payloadBytes=151; rawTagPayloadSha256=cb74c37afb737b5a9208d061472e09fd1584bfc3d6f72cf21d076ea97b4c4231; exactTagIdentitySha256=9260d9431501dcc37755044df57705be8410039ac3867fd068d1d576c7e7d283; runtime reachability unresolved; placement and bounds unresolved; renderer suitability unresolved; machineDefinitionIndexSha256=955f2a8c83ce121d9a3979463c51f6c3d893b2b79cb7bfa250fe591d515a02e7; Structural/static source-derived candidate only. The exported_file is the shared machine definition-index evidence, not a visual or renderer asset export. It is not an authoritative original-runtime baseline and establishes no runtime reachability, placement, asset usage, visual appearance, renderer suitability, human or owner acceptance, strict completion, or publication."
swf-definition-00915,181,,structural-shape-definition-candidate,source-assets/flash/HELP MATH_ORIGINAL FILES/HELP_COURSES/ELMGR5/L4/TS/L4TS07.swf,,migrations/course-g05-l04-ts-007/audit/machine/g5-l4-pre-runtime-swf-definition-inventory.csv,955f2a8c83ce121d9a3979463c51f6c3d893b2b79cb7bfa250fe591d515a02e7,CSV definition-index record for DefineShape2,,,"projection only; no asset bytes exported, transformed, redrawn, or generated",machine-extracted-structural-candidate,owner-provided SWF,"container=root; definitionDepth=0; tagOrdinal=915; payloadBytes=158; rawTagPayloadSha256=cbc400c7fb84115d4532850e061b014c7d4e40f4a08b9cfaed5c1b5d9cfc1d53; exactTagIdentitySha256=77c86287362ffe5ef719bab74636747fce159ee62440332356926dd907e65ea8; runtime reachability unresolved; placement and bounds unresolved; renderer suitability unresolved; machineDefinitionIndexSha256=955f2a8c83ce121d9a3979463c51f6c3d893b2b79cb7bfa250fe591d515a02e7; Structural/static source-derived candidate only. The exported_file is the shared machine definition-index evidence, not a visual or renderer asset export. It is not an authoritative original-runtime baseline and establishes no runtime reachability, placement, asset usage, visual appearance, renderer suitability, human or owner acceptance, strict completion, or publication."
swf-definition-00916,182,,structural-shape-definition-candidate,source-assets/flash/HELP MATH_ORIGINAL FILES/HELP_COURSES/ELMGR5/L4/TS/L4TS07.swf,,migrations/course-g05-l04-ts-007/audit/machine/g5-l4-pre-runtime-swf-definition-inventory.csv,955f2a8c83ce121d9a3979463c51f6c3d893b2b79cb7bfa250fe591d515a02e7,CSV definition-index record for DefineShape2,,,"projection only; no asset bytes exported, transformed, redrawn, or generated",machine-extracted-structural-candidate,owner-provided SWF,"container=root; definitionDepth=0; tagOrdinal=916; payloadBytes=167; rawTagPayloadSha256=b46abeb50627aac3d77b39bb8194f543d67c6dc293696d1bdfe137ba6b23f1b2; exactTagIdentitySha256=8e6f0bd11ecf229e6ae3768bd132b98f76222b05a16467875c2417b195cdfe9a; runtime reachability unresolved; placement and bounds unresolved; renderer suitability unresolved; machineDefinitionIndexSha256=955f2a8c83ce121d9a3979463c51f6c3d893b2b79cb7bfa250fe591d515a02e7; Structural/static source-derived candidate only. The exported_file is the shared machine definition-index evidence, not a visual or renderer asset export. It is not an authoritative original-runtime baseline and establishes no runtime reachability, placement, asset usage, visual appearance, renderer suitability, human or owner acceptance, strict completion, or publication."
swf-definition-00917,183,,structural-shape-definition-candidate,source-assets/flash/HELP MATH_ORIGINAL FILES/HELP_COURSES/ELMGR5/L4/TS/L4TS07.swf,,migrations/course-g05-l04-ts-007/audit/machine/g5-l4-pre-runtime-swf-definition-inventory.csv,955f2a8c83ce121d9a3979463c51f6c3d893b2b79cb7bfa250fe591d515a02e7,CSV definition-index record for DefineShape2,,,"projection only; no asset bytes exported, transformed, redrawn, or generated",machine-extracted-structural-candidate,owner-provided SWF,"container=root; definitionDepth=0; tagOrdinal=917; payloadBytes=192; rawTagPayloadSha256=182982446094dc050ebd0c9f38599826af135d97163bdcdfec24a846c617d581; exactTagIdentitySha256=88a43f3deb4c2d714ccf12bcedb6b99b88c09ae7feb2607f66ec8140752e1ce2; runtime reachability unresolved; placement and bounds unresolved; renderer suitability unresolved; machineDefinitionIndexSha256=955f2a8c83ce121d9a3979463c51f6c3d893b2b79cb7bfa250fe591d515a02e7; Structural/static source-derived candidate only. The exported_file is the shared machine definition-index evidence, not a visual or renderer asset export. It is not an authoritative original-runtime baseline and establishes no runtime reachability, placement, asset usage, visual appearance, renderer suitability, human or owner acceptance, strict completion, or publication."
swf-definition-00918,184,,structural-shape-definition-candidate,source-assets/flash/HELP MATH_ORIGINAL FILES/HELP_COURSES/ELMGR5/L4/TS/L4TS07.swf,,migrations/course-g05-l04-ts-007/audit/machine/g5-l4-pre-runtime-swf-definition-inventory.csv,955f2a8c83ce121d9a3979463c51f6c3d893b2b79cb7bfa250fe591d515a02e7,CSV definition-index record for DefineShape2,,,"projection only; no asset bytes exported, transformed, redrawn, or generated",machine-extracted-structural-candidate,owner-provided SWF,"container=root; definitionDepth=0; tagOrdinal=918; payloadBytes=473; rawTagPayloadSha256=70675ce47739077cf14f83cfe4c6e482783d2f2f1d586d21a6cf2bbb64bfaea6; exactTagIdentitySha256=f9793edcb25e24fc27f66b7b2dedc0f5d8181d296fd81e35b76db57ba2f11ce8; runtime reachability unresolved; placement and bounds unresolved; renderer suitability unresolved; machineDefinitionIndexSha256=955f2a8c83ce121d9a3979463c51f6c3d893b2b79cb7bfa250fe591d515a02e7; Structural/static source-derived candidate only. The exported_file is the shared machine definition-index evidence, not a visual or renderer asset export. It is not an authoritative original-runtime baseline and establishes no runtime reachability, placement, asset usage, visual appearance, renderer suitability, human or owner acceptance, strict completion, or publication."
swf-definition-00919,185,,structural-shape-definition-candidate,source-assets/flash/HELP MATH_ORIGINAL FILES/HELP_COURSES/ELMGR5/L4/TS/L4TS07.swf,,migrations/course-g05-l04-ts-007/audit/machine/g5-l4-pre-runtime-swf-definition-inventory.csv,955f2a8c83ce121d9a3979463c51f6c3d893b2b79cb7bfa250fe591d515a02e7,CSV definition-index record for DefineShape2,,,"projection only; no asset bytes exported, transformed, redrawn, or generated",machine-extracted-structural-candidate,owner-provided SWF,"container=root; definitionDepth=0; tagOrdinal=919; payloadBytes=210; rawTagPayloadSha256=95640b6e2723851f612c7411dc66ebd3e6e33c87b588914ecbf2caa7172da17b; exactTagIdentitySha256=c91d78ee45be2af7f9b2256967a3d32ac4505693b95de17464eb02982c4cec5c; runtime reachability unresolved; placement and bounds unresolved; renderer suitability unresolved; machineDefinitionIndexSha256=955f2a8c83ce121d9a3979463c51f6c3d893b2b79cb7bfa250fe591d515a02e7; Structural/static source-derived candidate only. The exported_file is the shared machine definition-index evidence, not a visual or renderer asset export. It is not an authoritative original-runtime baseline and establishes no runtime reachability, placement, asset usage, visual appearance, renderer suitability, human or owner acceptance, strict completion, or publication."
swf-definition-00920,186,,structural-shape-definition-candidate,source-assets/flash/HELP MATH_ORIGINAL FILES/HELP_COURSES/ELMGR5/L4/TS/L4TS07.swf,,migrations/course-g05-l04-ts-007/audit/machine/g5-l4-pre-runtime-swf-definition-inventory.csv,955f2a8c83ce121d9a3979463c51f6c3d893b2b79cb7bfa250fe591d515a02e7,CSV definition-index record for DefineShape2,,,"projection only; no asset bytes exported, transformed, redrawn, or generated",machine-extracted-structural-candidate,owner-provided SWF,"container=root; definitionDepth=0; tagOrdinal=920; payloadBytes=217; rawTagPayloadSha256=29da4ecbe9b09eb7b67679569e385ed5cfc9379dcca6ff7bac2fc1ff47e7651f; exactTagIdentitySha256=c63497ca613b1d53d48a10f8bd6eff259a9e30704cf4f53dcecca90a4ad88c24; runtime reachability unresolved; placement and bounds unresolved; renderer suitability unresolved; machineDefinitionIndexSha256=955f2a8c83ce121d9a3979463c51f6c3d893b2b79cb7bfa250fe591d515a02e7; Structural/static source-derived candidate only. The exported_file is the shared machine definition-index evidence, not a visual or renderer asset export. It is not an authoritative original-runtime baseline and establishes no runtime reachability, placement, asset usage, visual appearance, renderer suitability, human or owner acceptance, strict completion, or publication."
swf-definition-00921,187,,structural-shape-definition-candidate,source-assets/flash/HELP MATH_ORIGINAL FILES/HELP_COURSES/ELMGR5/L4/TS/L4TS07.swf,,migrations/course-g05-l04-ts-007/audit/machine/g5-l4-pre-runtime-swf-definition-inventory.csv,955f2a8c83ce121d9a3979463c51f6c3d893b2b79cb7bfa250fe591d515a02e7,CSV definition-index record for DefineShape2,,,"projection only; no asset bytes exported, transformed, redrawn, or generated",machine-extracted-structural-candidate,owner-provided SWF,"container=root; definitionDepth=0; tagOrdinal=921; payloadBytes=226; rawTagPayloadSha256=e374c0e62f3de563970e1fc531b1c77dd36dd7556f89e5e599e1af5a1bea6235; exactTagIdentitySha256=23df77324004ce75375b79b1f5d054b5fd4daf67eec2cb2f5ea70fd013638a6c; runtime reachability unresolved; placement and bounds unresolved; renderer suitability unresolved; machineDefinitionIndexSha256=955f2a8c83ce121d9a3979463c51f6c3d893b2b79cb7bfa250fe591d515a02e7; Structural/static source-derived candidate only. The exported_file is the shared machine definition-index evidence, not a visual or renderer asset export. It is not an authoritative original-runtime baseline and establishes no runtime reachability, placement, asset usage, visual appearance, renderer suitability, human or owner acceptance, strict completion, or publication."
swf-definition-00922,188,,structural-shape-definition-candidate,source-assets/flash/HELP MATH_ORIGINAL FILES/HELP_COURSES/ELMGR5/L4/TS/L4TS07.swf,,migrations/course-g05-l04-ts-007/audit/machine/g5-l4-pre-runtime-swf-definition-inventory.csv,955f2a8c83ce121d9a3979463c51f6c3d893b2b79cb7bfa250fe591d515a02e7,CSV definition-index record for DefineShape2,,,"projection only; no asset bytes exported, transformed, redrawn, or generated",machine-extracted-structural-candidate,owner-provided SWF,"container=root; definitionDepth=0; tagOrdinal=922; payloadBytes=255; rawTagPayloadSha256=40479887ff43aee06a8fc92bdae75b79a13b979ad66a09a551e59ef9614dbb90; exactTagIdentitySha256=be92dce0d2406a27942eae843d89023109f2a0d8d308ff7d842337ffcf14e22f; runtime reachability unresolved; placement and bounds unresolved; renderer suitability unresolved; machineDefinitionIndexSha256=955f2a8c83ce121d9a3979463c51f6c3d893b2b79cb7bfa250fe591d515a02e7; Structural/static source-derived candidate only. The exported_file is the shared machine definition-index evidence, not a visual or renderer asset export. It is not an authoritative original-runtime baseline and establishes no runtime reachability, placement, asset usage, visual appearance, renderer suitability, human or owner acceptance, strict completion, or publication."
swf-definition-00923,189,,structural-shape-definition-candidate,source-assets/flash/HELP MATH_ORIGINAL FILES/HELP_COURSES/ELMGR5/L4/TS/L4TS07.swf,,migrations/course-g05-l04-ts-007/audit/machine/g5-l4-pre-runtime-swf-definition-inventory.csv,955f2a8c83ce121d9a3979463c51f6c3d893b2b79cb7bfa250fe591d515a02e7,CSV definition-index record for DefineShape2,,,"projection only; no asset bytes exported, transformed, redrawn, or generated",machine-extracted-structural-candidate,owner-provided SWF,"container=root; definitionDepth=0; tagOrdinal=923; payloadBytes=597; rawTagPayloadSha256=e1ce62043e8cd2d2e1733156203e5055371109607c8332b21b95900039bbc9b9; exactTagIdentitySha256=347c335e882395ac2b5dcd290aa4a15af7a1c03389609c04144997d869990068; runtime reachability unresolved; placement and bounds unresolved; renderer suitability unresolved; machineDefinitionIndexSha256=955f2a8c83ce121d9a3979463c51f6c3d893b2b79cb7bfa250fe591d515a02e7; Structural/static source-derived candidate only. The exported_file is the shared machine definition-index evidence, not a visual or renderer asset export. It is not an authoritative original-runtime baseline and establishes no runtime reachability, placement, asset usage, visual appearance, renderer suitability, human or owner acceptance, strict completion, or publication."
swf-definition-00924,190,,structural-shape-definition-candidate,source-assets/flash/HELP MATH_ORIGINAL FILES/HELP_COURSES/ELMGR5/L4/TS/L4TS07.swf,,migrations/course-g05-l04-ts-007/audit/machine/g5-l4-pre-runtime-swf-definition-inventory.csv,955f2a8c83ce121d9a3979463c51f6c3d893b2b79cb7bfa250fe591d515a02e7,CSV definition-index record for DefineShape2,,,"projection only; no asset bytes exported, transformed, redrawn, or generated",machine-extracted-structural-candidate,owner-provided SWF,"container=root; definitionDepth=0; tagOrdinal=924; payloadBytes=269; rawTagPayloadSha256=6741e802c9a779fb169a1308f84f41975aeac5a69e18ef285eadb7e683ab8a3a; exactTagIdentitySha256=638c10c784f57635246926ba304e1119419439c36bbe2b39c09072ae30d1a320; runtime reachability unresolved; placement and bounds unresolved; renderer suitability unresolved; machineDefinitionIndexSha256=955f2a8c83ce121d9a3979463c51f6c3d893b2b79cb7bfa250fe591d515a02e7; Structural/static source-derived candidate only. The exported_file is the shared machine definition-index evidence, not a visual or renderer asset export. It is not an authoritative original-runtime baseline and establishes no runtime reachability, placement, asset usage, visual appearance, renderer suitability, human or owner acceptance, strict completion, or publication."
swf-definition-00925,191,,structural-shape-definition-candidate,source-assets/flash/HELP MATH_ORIGINAL FILES/HELP_COURSES/ELMGR5/L4/TS/L4TS07.swf,,migrations/course-g05-l04-ts-007/audit/machine/g5-l4-pre-runtime-swf-definition-inventory.csv,955f2a8c83ce121d9a3979463c51f6c3d893b2b79cb7bfa250fe591d515a02e7,CSV definition-index record for DefineShape2,,,"projection only; no asset bytes exported, transformed, redrawn, or generated",machine-extracted-structural-candidate,owner-provided SWF,"container=root; definitionDepth=0; tagOrdinal=925; payloadBytes=278; rawTagPayloadSha256=b83bc4d1ccfff5abbc2f059aacb53098e13c4705bfc02e1ac9c66bcf4a939556; exactTagIdentitySha256=aa3f00d2c77b79ca362ec106a05c46e8fcdeaba2ceeeecf9db764dc4eb1e04b7; runtime reachability unresolved; placement and bounds unresolved; renderer suitability unresolved; machineDefinitionIndexSha256=955f2a8c83ce121d9a3979463c51f6c3d893b2b79cb7bfa250fe591d515a02e7; Structural/static source-derived candidate only. The exported_file is the shared machine definition-index evidence, not a visual or renderer asset export. It is not an authoritative original-runtime baseline and establishes no runtime reachability, placement, asset usage, visual appearance, renderer suitability, human or owner acceptance, strict completion, or publication."
swf-definition-00926,192,,structural-shape-definition-candidate,source-assets/flash/HELP MATH_ORIGINAL FILES/HELP_COURSES/ELMGR5/L4/TS/L4TS07.swf,,migrations/course-g05-l04-ts-007/audit/machine/g5-l4-pre-runtime-swf-definition-inventory.csv,955f2a8c83ce121d9a3979463c51f6c3d893b2b79cb7bfa250fe591d515a02e7,CSV definition-index record for DefineShape2,,,"projection only; no asset bytes exported, transformed, redrawn, or generated",machine-extracted-structural-candidate,owner-provided SWF,"container=root; definitionDepth=0; tagOrdinal=926; payloadBytes=285; rawTagPayloadSha256=99616fae8f5b1d6e566ea6c77b4c3a2bb66766046ff12b7e715b8cde3e298afd; exactTagIdentitySha256=6f6849256424999bfebd9704b91e6936ea1b9cf62dc38b2d1603f7f25ded2d78; runtime reachability unresolved; placement and bounds unresolved; renderer suitability unresolved; machineDefinitionIndexSha256=955f2a8c83ce121d9a3979463c51f6c3d893b2b79cb7bfa250fe591d515a02e7; Structural/static source-derived candidate only. The exported_file is the shared machine definition-index evidence, not a visual or renderer asset export. It is not an authoritative original-runtime baseline and establishes no runtime reachability, placement, asset usage, visual appearance, renderer suitability, human or owner acceptance, strict completion, or publication."
swf-definition-00927,193,,structural-shape-definition-candidate,source-assets/flash/HELP MATH_ORIGINAL FILES/HELP_COURSES/ELMGR5/L4/TS/L4TS07.swf,,migrations/course-g05-l04-ts-007/audit/machine/g5-l4-pre-runtime-swf-definition-inventory.csv,955f2a8c83ce121d9a3979463c51f6c3d893b2b79cb7bfa250fe591d515a02e7,CSV definition-index record for DefineShape2,,,"projection only; no asset bytes exported, transformed, redrawn, or generated",machine-extracted-structural-candidate,owner-provided SWF,"container=root; definitionDepth=0; tagOrdinal=927; payloadBytes=310; rawTagPayloadSha256=d33cad60840646f6b8c4915dd68d775ce362189b00f69d0684e49faaa4640ea5; exactTagIdentitySha256=f2dcf8a912b37d8edc8f9b582b7f6afeeb270465e51de3b23c4c73ca14d17327; runtime reachability unresolved; placement and bounds unresolved; renderer suitability unresolved; machineDefinitionIndexSha256=955f2a8c83ce121d9a3979463c51f6c3d893b2b79cb7bfa250fe591d515a02e7; Structural/static source-derived candidate only. The exported_file is the shared machine definition-index evidence, not a visual or renderer asset export. It is not an authoritative original-runtime baseline and establishes no runtime reachability, placement, asset usage, visual appearance, renderer suitability, human or owner acceptance, strict completion, or publication."
swf-definition-00928,194,,structural-shape-definition-candidate,source-assets/flash/HELP MATH_ORIGINAL FILES/HELP_COURSES/ELMGR5/L4/TS/L4TS07.swf,,migrations/course-g05-l04-ts-007/audit/machine/g5-l4-pre-runtime-swf-definition-inventory.csv,955f2a8c83ce121d9a3979463c51f6c3d893b2b79cb7bfa250fe591d515a02e7,CSV definition-index record for DefineShape2,,,"projection only; no asset bytes exported, transformed, redrawn, or generated",machine-extracted-structural-candidate,owner-provided SWF,"container=root; definitionDepth=0; tagOrdinal=928; payloadBytes=744; rawTagPayloadSha256=785d6108b4d1b9b83c5d69c4ef3df9e71f98b341380fbe74ff76375aa2100a20; exactTagIdentitySha256=c8001da0e66c73af1f340b7afb1873ad97545520d0f18f91e91a79310e70adbc; runtime reachability unresolved; placement and bounds unresolved; renderer suitability unresolved; machineDefinitionIndexSha256=955f2a8c83ce121d9a3979463c51f6c3d893b2b79cb7bfa250fe591d515a02e7; Structural/static source-derived candidate only. The exported_file is the shared machine definition-index evidence, not a visual or renderer asset export. It is not an authoritative original-runtime baseline and establishes no runtime reachability, placement, asset usage, visual appearance, renderer suitability, human or owner acceptance, strict completion, or publication."
swf-definition-00929,195,,structural-sprite-definition-candidate,source-assets/flash/HELP MATH_ORIGINAL FILES/HELP_COURSES/ELMGR5/L4/TS/L4TS07.swf,,migrations/course-g05-l04-ts-007/audit/machine/g5-l4-pre-runtime-swf-definition-inventory.csv,955f2a8c83ce121d9a3979463c51f6c3d893b2b79cb7bfa250fe591d515a02e7,CSV definition-index record for DefineSprite,,,"projection only; no asset bytes exported, transformed, redrawn, or generated",machine-extracted-structural-candidate,owner-provided SWF,"container=root; definitionDepth=0; tagOrdinal=929; payloadBytes=6775; rawTagPayloadSha256=13e606abf6a1e26fc02740c5936719c8a938e5fa8014e847fa97c91b6f5edbfb; exactTagIdentitySha256=ba59828d3edcc324c96b4521bfd44671c326d43664033d94e740e87ce368e62d; declaredFrameCount=64; runtime reachability unresolved; placement and bounds unresolved; renderer suitability unresolved; machineDefinitionIndexSha256=955f2a8c83ce121d9a3979463c51f6c3d893b2b79cb7bfa250fe591d515a02e7; Structural/static source-derived candidate only. The exported_file is the shared machine definition-index evidence, not a visual or renderer asset export. It is not an authoritative original-runtime baseline and establishes no runtime reachability, placement, asset usage, visual appearance, renderer suitability, human or owner acceptance, strict completion, or publication."
swf-definition-01450,196,,structural-shape-definition-candidate,source-assets/flash/HELP MATH_ORIGINAL FILES/HELP_COURSES/ELMGR5/L4/TS/L4TS07.swf,,migrations/course-g05-l04-ts-007/audit/machine/g5-l4-pre-runtime-swf-definition-inventory.csv,955f2a8c83ce121d9a3979463c51f6c3d893b2b79cb7bfa250fe591d515a02e7,CSV definition-index record for DefineShape2,,,"projection only; no asset bytes exported, transformed, redrawn, or generated",machine-extracted-structural-candidate,owner-provided SWF,"container=root; definitionDepth=0; tagOrdinal=1450; payloadBytes=204; rawTagPayloadSha256=9aeb5e275a31bddda5cb37afef22e40de09dee3f4ee0906b05886bfe7ac81aa5; exactTagIdentitySha256=a5ef532e323142ab46387846c0ffc9860943528ff85adab59f51518b467680d8; runtime reachability unresolved; placement and bounds unresolved; renderer suitability unresolved; machineDefinitionIndexSha256=955f2a8c83ce121d9a3979463c51f6c3d893b2b79cb7bfa250fe591d515a02e7; Structural/static source-derived candidate only. The exported_file is the shared machine definition-index evidence, not a visual or renderer asset export. It is not an authoritative original-runtime baseline and establishes no runtime reachability, placement, asset usage, visual appearance, renderer suitability, human or owner acceptance, strict completion, or publication."
swf-definition-01451,197,,structural-text-definition-candidate,source-assets/flash/HELP MATH_ORIGINAL FILES/HELP_COURSES/ELMGR5/L4/TS/L4TS07.swf,,migrations/course-g05-l04-ts-007/audit/machine/g5-l4-pre-runtime-swf-definition-inventory.csv,955f2a8c83ce121d9a3979463c51f6c3d893b2b79cb7bfa250fe591d515a02e7,CSV definition-index record for DefineText,,,"projection only; no asset bytes exported, transformed, redrawn, or generated",machine-extracted-structural-candidate,owner-provided SWF,"container=root; definitionDepth=0; tagOrdinal=1451; payloadBytes=87; rawTagPayloadSha256=c68e98fdcfaf7f4828f30b69ec93ba477cce222539ea161eeae43ee2348e27a9; exactTagIdentitySha256=cfdcff15bfb5498dcf266166e0d545f1dc25e389b880bda279cef87d19d3bcdb; runtime reachability unresolved; placement and bounds unresolved; renderer suitability unresolved; machineDefinitionIndexSha256=955f2a8c83ce121d9a3979463c51f6c3d893b2b79cb7bfa250fe591d515a02e7; Structural/static source-derived candidate only. The exported_file is the shared machine definition-index evidence, not a visual or renderer asset export. It is not an authoritative original-runtime baseline and establishes no runtime reachability, placement, asset usage, visual appearance, renderer suitability, human or owner acceptance, strict completion, or publication."
swf-definition-01452,198,,structural-shape-definition-candidate,source-assets/flash/HELP MATH_ORIGINAL FILES/HELP_COURSES/ELMGR5/L4/TS/L4TS07.swf,,migrations/course-g05-l04-ts-007/audit/machine/g5-l4-pre-runtime-swf-definition-inventory.csv,955f2a8c83ce121d9a3979463c51f6c3d893b2b79cb7bfa250fe591d515a02e7,CSV definition-index record for DefineShape,,,"projection only; no asset bytes exported, transformed, redrawn, or generated",machine-extracted-structural-candidate,owner-provided SWF,"container=root; definitionDepth=0; tagOrdinal=1452; payloadBytes=25; rawTagPayloadSha256=acbe4fe10dbd2ac2702b54e387c4e1967204136f8d89da3a6a7bc0a2b178b2b9; exactTagIdentitySha256=e4c5b5253dc242c124cb5c9769d82ebfbb46325601291d73264f0de17887a8f5; runtime reachability unresolved; placement and bounds unresolved; renderer suitability unresolved; machineDefinitionIndexSha256=955f2a8c83ce121d9a3979463c51f6c3d893b2b79cb7bfa250fe591d515a02e7; Structural/static source-derived candidate only. The exported_file is the shared machine definition-index evidence, not a visual or renderer asset export. It is not an authoritative original-runtime baseline and establishes no runtime reachability, placement, asset usage, visual appearance, renderer suitability, human or owner acceptance, strict completion, or publication."
swf-definition-01453,199,,structural-shape-definition-candidate,source-assets/flash/HELP MATH_ORIGINAL FILES/HELP_COURSES/ELMGR5/L4/TS/L4TS07.swf,,migrations/course-g05-l04-ts-007/audit/machine/g5-l4-pre-runtime-swf-definition-inventory.csv,955f2a8c83ce121d9a3979463c51f6c3d893b2b79cb7bfa250fe591d515a02e7,CSV definition-index record for DefineShape3,,,"projection only; no asset bytes exported, transformed, redrawn, or generated",machine-extracted-structural-candidate,owner-provided SWF,"container=root; definitionDepth=0; tagOrdinal=1453; payloadBytes=32; rawTagPayloadSha256=825710b728873db5ff456b6bd37acce3f87b387e7d01242ce135e58f7c37257e; exactTagIdentitySha256=0ed76908efb85e85f776f2b85a34101054971c7073d9938f33e21b2c59d0d36e; runtime reachability unresolved; placement and bounds unresolved; renderer suitability unresolved; machineDefinitionIndexSha256=955f2a8c83ce121d9a3979463c51f6c3d893b2b79cb7bfa250fe591d515a02e7; Structural/static source-derived candidate only. The exported_file is the shared machine definition-index evidence, not a visual or renderer asset export. It is not an authoritative original-runtime baseline and establishes no runtime reachability, placement, asset usage, visual appearance, renderer suitability, human or owner acceptance, strict completion, or publication."
swf-definition-01454,200,,structural-button-definition-candidate,source-assets/flash/HELP MATH_ORIGINAL FILES/HELP_COURSES/ELMGR5/L4/TS/L4TS07.swf,,migrations/course-g05-l04-ts-007/audit/machine/g5-l4-pre-runtime-swf-definition-inventory.csv,955f2a8c83ce121d9a3979463c51f6c3d893b2b79cb7bfa250fe591d515a02e7,CSV definition-index record for DefineButton2,,,"projection only; no asset bytes exported, transformed, redrawn, or generated",machine-extracted-structural-candidate,owner-provided SWF,"container=root; definitionDepth=0; tagOrdinal=1454; payloadBytes=141; rawTagPayloadSha256=fe23804360f3da1c2af524ebec7e74bc69dad7cf412b43a8340940975108d362; exactTagIdentitySha256=74032a7f986f474d09cf6aafe746d8df5e15ad353a6a1c4a91e42b2e52236436; runtime reachability unresolved; placement and bounds unresolved; renderer suitability unresolved; machineDefinitionIndexSha256=955f2a8c83ce121d9a3979463c51f6c3d893b2b79cb7bfa250fe591d515a02e7; Structural/static source-derived candidate only. The exported_file is the shared machine definition-index evidence, not a visual or renderer asset export. It is not an authoritative original-runtime baseline and establishes no runtime reachability, placement, asset usage, visual appearance, renderer suitability, human or owner acceptance, strict completion, or publication."
swf-definition-01455,201,,structural-button-definition-candidate,source-assets/flash/HELP MATH_ORIGINAL FILES/HELP_COURSES/ELMGR5/L4/TS/L4TS07.swf,,migrations/course-g05-l04-ts-007/audit/machine/g5-l4-pre-runtime-swf-definition-inventory.csv,955f2a8c83ce121d9a3979463c51f6c3d893b2b79cb7bfa250fe591d515a02e7,CSV definition-index record for DefineButton2,,,"projection only; no asset bytes exported, transformed, redrawn, or generated",machine-extracted-structural-candidate,owner-provided SWF,"container=root; definitionDepth=0; tagOrdinal=1455; payloadBytes=141; rawTagPayloadSha256=1a6a337a2b5a01b7a7caa8c1f9f3f07da0a4efc4321903df3a44790008324a1c; exactTagIdentitySha256=43b3981e625191982187b6035ff82ff6dc1bd66cbdf87fe8bcb4a737d46aa897; runtime reachability unresolved; placement and bounds unresolved; renderer suitability unresolved; machineDefinitionIndexSha256=955f2a8c83ce121d9a3979463c51f6c3d893b2b79cb7bfa250fe591d515a02e7; Structural/static source-derived candidate only. The exported_file is the shared machine definition-index evidence, not a visual or renderer asset export. It is not an authoritative original-runtime baseline and establishes no runtime reachability, placement, asset usage, visual appearance, renderer suitability, human or owner acceptance, strict completion, or publication."
swf-definition-01456,202,,structural-button-definition-candidate,source-assets/flash/HELP MATH_ORIGINAL FILES/HELP_COURSES/ELMGR5/L4/TS/L4TS07.swf,,migrations/course-g05-l04-ts-007/audit/machine/g5-l4-pre-runtime-swf-definition-inventory.csv,955f2a8c83ce121d9a3979463c51f6c3d893b2b79cb7bfa250fe591d515a02e7,CSV definition-index record for DefineButton2,,,"projection only; no asset bytes exported, transformed, redrawn, or generated",machine-extracted-structural-candidate,owner-provided SWF,"container=root; definitionDepth=0; tagOrdinal=1456; payloadBytes=141; rawTagPayloadSha256=6ea418a5b072956d742cf13d92d873111669efb58d94d78b6a2593ac8b8d75ae; exactTagIdentitySha256=6bcbee9147d51c0a167ffdd2e398f7854a64f492e44ef74a6259be0b3ce4f71a; runtime reachability unresolved; placement and bounds unresolved; renderer suitability unresolved; machineDefinitionIndexSha256=955f2a8c83ce121d9a3979463c51f6c3d893b2b79cb7bfa250fe591d515a02e7; Structural/static source-derived candidate only. The exported_file is the shared machine definition-index evidence, not a visual or renderer asset export. It is not an authoritative original-runtime baseline and establishes no runtime reachability, placement, asset usage, visual appearance, renderer suitability, human or owner acceptance, strict completion, or publication."
swf-definition-01457,203,,structural-button-definition-candidate,source-assets/flash/HELP MATH_ORIGINAL FILES/HELP_COURSES/ELMGR5/L4/TS/L4TS07.swf,,migrations/course-g05-l04-ts-007/audit/machine/g5-l4-pre-runtime-swf-definition-inventory.csv,955f2a8c83ce121d9a3979463c51f6c3d893b2b79cb7bfa250fe591d515a02e7,CSV definition-index record for DefineButton2,,,"projection only; no asset bytes exported, transformed, redrawn, or generated",machine-extracted-structural-candidate,owner-provided SWF,"container=root; definitionDepth=0; tagOrdinal=1457; payloadBytes=134; rawTagPayloadSha256=009a2d940f7f5695abf8c60bba101fe897f7195fe907531b3bbd2a93d567df47; exactTagIdentitySha256=c8c288d6a7f702520edc1a2e0854bbe4a8cb666ff31909af63d408e4e316598c; runtime reachability unresolved; placement and bounds unresolved; renderer suitability unresolved; machineDefinitionIndexSha256=955f2a8c83ce121d9a3979463c51f6c3d893b2b79cb7bfa250fe591d515a02e7; Structural/static source-derived candidate only. The exported_file is the shared machine definition-index evidence, not a visual or renderer asset export. It is not an authoritative original-runtime baseline and establishes no runtime reachability, placement, asset usage, visual appearance, renderer suitability, human or owner acceptance, strict completion, or publication."
swf-definition-01459,204,,structural-shape-definition-candidate,source-assets/flash/HELP MATH_ORIGINAL FILES/HELP_COURSES/ELMGR5/L4/TS/L4TS07.swf,,migrations/course-g05-l04-ts-007/audit/machine/g5-l4-pre-runtime-swf-definition-inventory.csv,955f2a8c83ce121d9a3979463c51f6c3d893b2b79cb7bfa250fe591d515a02e7,CSV definition-index record for DefineShape3,,,"projection only; no asset bytes exported, transformed, redrawn, or generated",machine-extracted-structural-candidate,owner-provided SWF,"container=root; definitionDepth=0; tagOrdinal=1459; payloadBytes=129; rawTagPayloadSha256=9e4a53accd62c73f291f0e40e202fa6941297c37a4b91e448bb3a70e23317158; exactTagIdentitySha256=c38f8e47653b272593dfd810ed665004206f9c9e7af8e5a2a1bc1d7d012c0971; runtime reachability unresolved; placement and bounds unresolved; renderer suitability unresolved; machineDefinitionIndexSha256=955f2a8c83ce121d9a3979463c51f6c3d893b2b79cb7bfa250fe591d515a02e7; Structural/static source-derived candidate only. The exported_file is the shared machine definition-index evidence, not a visual or renderer asset export. It is not an authoritative original-runtime baseline and establishes no runtime reachability, placement, asset usage, visual appearance, renderer suitability, human or owner acceptance, strict completion, or publication."
swf-definition-01460,205,,structural-button-definition-candidate,source-assets/flash/HELP MATH_ORIGINAL FILES/HELP_COURSES/ELMGR5/L4/TS/L4TS07.swf,,migrations/course-g05-l04-ts-007/audit/machine/g5-l4-pre-runtime-swf-definition-inventory.csv,955f2a8c83ce121d9a3979463c51f6c3d893b2b79cb7bfa250fe591d515a02e7,CSV definition-index record for DefineButton2,,,"projection only; no asset bytes exported, transformed, redrawn, or generated",machine-extracted-structural-candidate,owner-provided SWF,"container=root; definitionDepth=0; tagOrdinal=1460; payloadBytes=221; rawTagPayloadSha256=4b60dbb59f8b264daafc92a445ba35a844515a174c140f3c1a4dfb60e97ab651; exactTagIdentitySha256=5312bd98a84a80ce077b544b01f0ef8902e77cb36f89f491a4cd932705e5505d; runtime reachability unresolved; placement and bounds unresolved; renderer suitability unresolved; machineDefinitionIndexSha256=955f2a8c83ce121d9a3979463c51f6c3d893b2b79cb7bfa250fe591d515a02e7; Structural/static source-derived candidate only. The exported_file is the shared machine definition-index evidence, not a visual or renderer asset export. It is not an authoritative original-runtime baseline and establishes no runtime reachability, placement, asset usage, visual appearance, renderer suitability, human or owner acceptance, strict completion, or publication."
swf-definition-01461,206,,structural-shape-definition-candidate,source-assets/flash/HELP MATH_ORIGINAL FILES/HELP_COURSES/ELMGR5/L4/TS/L4TS07.swf,,migrations/course-g05-l04-ts-007/audit/machine/g5-l4-pre-runtime-swf-definition-inventory.csv,955f2a8c83ce121d9a3979463c51f6c3d893b2b79cb7bfa250fe591d515a02e7,CSV definition-index record for DefineShape,,,"projection only; no asset bytes exported, transformed, redrawn, or generated",machine-extracted-structural-candidate,owner-provided SWF,"container=root; definitionDepth=0; tagOrdinal=1461; payloadBytes=35; rawTagPayloadSha256=2c8f1c74cce367e62d812b8fb29bc9857a16171440b0795a187e36ddb95b414f; exactTagIdentitySha256=4729012bb2a337afd57f7e6cfc6400fbac136762f909afe97e742eb0f66f8370; runtime reachability unresolved; placement and bounds unresolved; renderer suitability unresolved; machineDefinitionIndexSha256=955f2a8c83ce121d9a3979463c51f6c3d893b2b79cb7bfa250fe591d515a02e7; Structural/static source-derived candidate only. The exported_file is the shared machine definition-index evidence, not a visual or renderer asset export. It is not an authoritative original-runtime baseline and establishes no runtime reachability, placement, asset usage, visual appearance, renderer suitability, human or owner acceptance, strict completion, or publication."
swf-definition-01462,207,,structural-text-definition-candidate,source-assets/flash/HELP MATH_ORIGINAL FILES/HELP_COURSES/ELMGR5/L4/TS/L4TS07.swf,,migrations/course-g05-l04-ts-007/audit/machine/g5-l4-pre-runtime-swf-definition-inventory.csv,955f2a8c83ce121d9a3979463c51f6c3d893b2b79cb7bfa250fe591d515a02e7,CSV definition-index record for DefineText,,,"projection only; no asset bytes exported, transformed, redrawn, or generated",machine-extracted-structural-candidate,owner-provided SWF,"container=root; definitionDepth=0; tagOrdinal=1462; payloadBytes=170; rawTagPayloadSha256=c38f68ad86482c9beeda1ef797c974f1cc64a2be39b9af87be0851a170277cd7; exactTagIdentitySha256=166c27bc5f1b7bf16538b6e2d36d193574cf4e144e7f07c4d228f8d3f24c8a01; runtime reachability unresolved; placement and bounds unresolved; renderer suitability unresolved; machineDefinitionIndexSha256=955f2a8c83ce121d9a3979463c51f6c3d893b2b79cb7bfa250fe591d515a02e7; Structural/static source-derived candidate only. The exported_file is the shared machine definition-index evidence, not a visual or renderer asset export. It is not an authoritative original-runtime baseline and establishes no runtime reachability, placement, asset usage, visual appearance, renderer suitability, human or owner acceptance, strict completion, or publication."
swf-definition-01463,208,,structural-text-definition-candidate,source-assets/flash/HELP MATH_ORIGINAL FILES/HELP_COURSES/ELMGR5/L4/TS/L4TS07.swf,,migrations/course-g05-l04-ts-007/audit/machine/g5-l4-pre-runtime-swf-definition-inventory.csv,955f2a8c83ce121d9a3979463c51f6c3d893b2b79cb7bfa250fe591d515a02e7,CSV definition-index record for DefineText,,,"projection only; no asset bytes exported, transformed, redrawn, or generated",machine-extracted-structural-candidate,owner-provided SWF,"container=root; definitionDepth=0; tagOrdinal=1463; payloadBytes=186; rawTagPayloadSha256=27cb7cc2f9800b5f40f7448aaadb33ea0842584259a50ca885bc6c1753bf90a7; exactTagIdentitySha256=aa9b9844835679bba56ce580043a07f973d63025666deb809ee0af31d25d34ae; runtime reachability unresolved; placement and bounds unresolved; renderer suitability unresolved; machineDefinitionIndexSha256=955f2a8c83ce121d9a3979463c51f6c3d893b2b79cb7bfa250fe591d515a02e7; Structural/static source-derived candidate only. The exported_file is the shared machine definition-index evidence, not a visual or renderer asset export. It is not an authoritative original-runtime baseline and establishes no runtime reachability, placement, asset usage, visual appearance, renderer suitability, human or owner acceptance, strict completion, or publication."
swf-definition-01464,209,,structural-shape-definition-candidate,source-assets/flash/HELP MATH_ORIGINAL FILES/HELP_COURSES/ELMGR5/L4/TS/L4TS07.swf,,migrations/course-g05-l04-ts-007/audit/machine/g5-l4-pre-runtime-swf-definition-inventory.csv,955f2a8c83ce121d9a3979463c51f6c3d893b2b79cb7bfa250fe591d515a02e7,CSV definition-index record for DefineShape,,,"projection only; no asset bytes exported, transformed, redrawn, or generated",machine-extracted-structural-candidate,owner-provided SWF,"container=root; definitionDepth=0; tagOrdinal=1464; payloadBytes=65; rawTagPayloadSha256=32eee4248516e4505a386aef4061adc8e5c56ed108c0d42af1ea5a7bd8f2f3ed; exactTagIdentitySha256=f416872193ee76d76b471898b6519208bd7672b4c4081ae89c920dabab4be583; runtime reachability unresolved; placement and bounds unresolved; renderer suitability unresolved; machineDefinitionIndexSha256=955f2a8c83ce121d9a3979463c51f6c3d893b2b79cb7bfa250fe591d515a02e7; Structural/static source-derived candidate only. The exported_file is the shared machine definition-index evidence, not a visual or renderer asset export. It is not an authoritative original-runtime baseline and establishes no runtime reachability, placement, asset usage, visual appearance, renderer suitability, human or owner acceptance, strict completion, or publication."
swf-definition-01465,210,,structural-button-definition-candidate,source-assets/flash/HELP MATH_ORIGINAL FILES/HELP_COURSES/ELMGR5/L4/TS/L4TS07.swf,,migrations/course-g05-l04-ts-007/audit/machine/g5-l4-pre-runtime-swf-definition-inventory.csv,955f2a8c83ce121d9a3979463c51f6c3d893b2b79cb7bfa250fe591d515a02e7,CSV definition-index record for DefineButton2,,,"projection only; no asset bytes exported, transformed, redrawn, or generated",machine-extracted-structural-candidate,owner-provided SWF,"container=root; definitionDepth=0; tagOrdinal=1465; payloadBytes=177; rawTagPayloadSha256=c99e0bd18144a31a60a1724e109bc354ab25e3fab6be9ef673c30fd4be9d49c5; exactTagIdentitySha256=98114372d3fcadc446b4b4d06a2af84dad763fc1294b1b2e26fe4abfb8e3a95b; runtime reachability unresolved; placement and bounds unresolved; renderer suitability unresolved; machineDefinitionIndexSha256=955f2a8c83ce121d9a3979463c51f6c3d893b2b79cb7bfa250fe591d515a02e7; Structural/static source-derived candidate only. The exported_file is the shared machine definition-index evidence, not a visual or renderer asset export. It is not an authoritative original-runtime baseline and establishes no runtime reachability, placement, asset usage, visual appearance, renderer suitability, human or owner acceptance, strict completion, or publication."
swf-definition-01466,211,,structural-button-definition-candidate,source-assets/flash/HELP MATH_ORIGINAL FILES/HELP_COURSES/ELMGR5/L4/TS/L4TS07.swf,,migrations/course-g05-l04-ts-007/audit/machine/g5-l4-pre-runtime-swf-definition-inventory.csv,955f2a8c83ce121d9a3979463c51f6c3d893b2b79cb7bfa250fe591d515a02e7,CSV definition-index record for DefineButton2,,,"projection only; no asset bytes exported, transformed, redrawn, or generated",machine-extracted-structural-candidate,owner-provided SWF,"container=root; definitionDepth=0; tagOrdinal=1466; payloadBytes=178; rawTagPayloadSha256=c8e7c359c5b2e4c027cd37417a30cae2bfcfad52ec8fb502234ce1ffa01e4c8c; exactTagIdentitySha256=0ae2e09f0c0c5fda8b585620bdc0220163328ef2a52a33c7e85b3989565ad188; runtime reachability unresolved; placement and bounds unresolved; renderer suitability unresolved; machineDefinitionIndexSha256=955f2a8c83ce121d9a3979463c51f6c3d893b2b79cb7bfa250fe591d515a02e7; Structural/static source-derived candidate only. The exported_file is the shared machine definition-index evidence, not a visual or renderer asset export. It is not an authoritative original-runtime baseline and establishes no runtime reachability, placement, asset usage, visual appearance, renderer suitability, human or owner acceptance, strict completion, or publication."
swf-definition-01467,212,,structural-button-definition-candidate,source-assets/flash/HELP MATH_ORIGINAL FILES/HELP_COURSES/ELMGR5/L4/TS/L4TS07.swf,,migrations/course-g05-l04-ts-007/audit/machine/g5-l4-pre-runtime-swf-definition-inventory.csv,955f2a8c83ce121d9a3979463c51f6c3d893b2b79cb7bfa250fe591d515a02e7,CSV definition-index record for DefineButton2,,,"projection only; no asset bytes exported, transformed, redrawn, or generated",machine-extracted-structural-candidate,owner-provided SWF,"container=root; definitionDepth=0; tagOrdinal=1467; payloadBytes=178; rawTagPayloadSha256=ffccb84b42d6b38394004f6c4d6e879a5f14f7a9310cb633c367fcb27a7b84af; exactTagIdentitySha256=d6e96342980c624972444e98e60a76b86c6c7453e545df5af666d97691b8e642; runtime reachability unresolved; placement and bounds unresolved; renderer suitability unresolved; machineDefinitionIndexSha256=955f2a8c83ce121d9a3979463c51f6c3d893b2b79cb7bfa250fe591d515a02e7; Structural/static source-derived candidate only. The exported_file is the shared machine definition-index evidence, not a visual or renderer asset export. It is not an authoritative original-runtime baseline and establishes no runtime reachability, placement, asset usage, visual appearance, renderer suitability, human or owner acceptance, strict completion, or publication."
swf-definition-01468,213,,structural-text-definition-candidate,source-assets/flash/HELP MATH_ORIGINAL FILES/HELP_COURSES/ELMGR5/L4/TS/L4TS07.swf,,migrations/course-g05-l04-ts-007/audit/machine/g5-l4-pre-runtime-swf-definition-inventory.csv,955f2a8c83ce121d9a3979463c51f6c3d893b2b79cb7bfa250fe591d515a02e7,CSV definition-index record for DefineText,,,"projection only; no asset bytes exported, transformed, redrawn, or generated",machine-extracted-structural-candidate,owner-provided SWF,"container=root; definitionDepth=0; tagOrdinal=1468; payloadBytes=54; rawTagPayloadSha256=baab02db7c36d602625a330bea0c591cce85eee940aa3e23e140f619d10ac91a; exactTagIdentitySha256=d457a8263fda4ace1074d081f764523def48e88705748dde7c1157d8ae54a87e; runtime reachability unresolved; placement and bounds unresolved; renderer suitability unresolved; machineDefinitionIndexSha256=955f2a8c83ce121d9a3979463c51f6c3d893b2b79cb7bfa250fe591d515a02e7; Structural/static source-derived candidate only. The exported_file is the shared machine definition-index evidence, not a visual or renderer asset export. It is not an authoritative original-runtime baseline and establishes no runtime reachability, placement, asset usage, visual appearance, renderer suitability, human or owner acceptance, strict completion, or publication."
swf-definition-01469,214,,structural-text-definition-candidate,source-assets/flash/HELP MATH_ORIGINAL FILES/HELP_COURSES/ELMGR5/L4/TS/L4TS07.swf,,migrations/course-g05-l04-ts-007/audit/machine/g5-l4-pre-runtime-swf-definition-inventory.csv,955f2a8c83ce121d9a3979463c51f6c3d893b2b79cb7bfa250fe591d515a02e7,CSV definition-index record for DefineText,,,"projection only; no asset bytes exported, transformed, redrawn, or generated",machine-extracted-structural-candidate,owner-provided SWF,"container=root; definitionDepth=0; tagOrdinal=1469; payloadBytes=54; rawTagPayloadSha256=f7f514917f7e878f825fbe6f510ff327693116d5555730fa410a32a9b4bf0691; exactTagIdentitySha256=9303a0e04cea6dabedf22eed9a7df9fdfd280768f687cd48e44d72490136cf19; runtime reachability unresolved; placement and bounds unresolved; renderer suitability unresolved; machineDefinitionIndexSha256=955f2a8c83ce121d9a3979463c51f6c3d893b2b79cb7bfa250fe591d515a02e7; Structural/static source-derived candidate only. The exported_file is the shared machine definition-index evidence, not a visual or renderer asset export. It is not an authoritative original-runtime baseline and establishes no runtime reachability, placement, asset usage, visual appearance, renderer suitability, human or owner acceptance, strict completion, or publication."
swf-definition-01470,215,,structural-button-definition-candidate,source-assets/flash/HELP MATH_ORIGINAL FILES/HELP_COURSES/ELMGR5/L4/TS/L4TS07.swf,,migrations/course-g05-l04-ts-007/audit/machine/g5-l4-pre-runtime-swf-definition-inventory.csv,955f2a8c83ce121d9a3979463c51f6c3d893b2b79cb7bfa250fe591d515a02e7,CSV definition-index record for DefineButton2,,,"projection only; no asset bytes exported, transformed, redrawn, or generated",machine-extracted-structural-candidate,owner-provided SWF,"container=root; definitionDepth=0; tagOrdinal=1470; payloadBytes=188; rawTagPayloadSha256=30623f303d5eae5f4914a1b8cc056eaec2ec996022eda19dc6ebbf52d2b94052; exactTagIdentitySha256=eb049c31a3a4a01c3e6ef84246d255809dc6419e0a922765d11c3b543e4454e1; runtime reachability unresolved; placement and bounds unresolved; renderer suitability unresolved; machineDefinitionIndexSha256=955f2a8c83ce121d9a3979463c51f6c3d893b2b79cb7bfa250fe591d515a02e7; Structural/static source-derived candidate only. The exported_file is the shared machine definition-index evidence, not a visual or renderer asset export. It is not an authoritative original-runtime baseline and establishes no runtime reachability, placement, asset usage, visual appearance, renderer suitability, human or owner acceptance, strict completion, or publication."
swf-definition-01471,216,,structural-button-definition-candidate,source-assets/flash/HELP MATH_ORIGINAL FILES/HELP_COURSES/ELMGR5/L4/TS/L4TS07.swf,,migrations/course-g05-l04-ts-007/audit/machine/g5-l4-pre-runtime-swf-definition-inventory.csv,955f2a8c83ce121d9a3979463c51f6c3d893b2b79cb7bfa250fe591d515a02e7,CSV definition-index record for DefineButton2,,,"projection only; no asset bytes exported, transformed, redrawn, or generated",machine-extracted-structural-candidate,owner-provided SWF,"container=root; definitionDepth=0; tagOrdinal=1471; payloadBytes=188; rawTagPayloadSha256=e369381d5c1dd956f5dba510f704747625aa93a0eb8b53412df6e6f66d3777c5; exactTagIdentitySha256=2678704c150117a820855b13a42abd420021140bd2153b45f9faae3229122663; runtime reachability unresolved; placement and bounds unresolved; renderer suitability unresolved; machineDefinitionIndexSha256=955f2a8c83ce121d9a3979463c51f6c3d893b2b79cb7bfa250fe591d515a02e7; Structural/static source-derived candidate only. The exported_file is the shared machine definition-index evidence, not a visual or renderer asset export. It is not an authoritative original-runtime baseline and establishes no runtime reachability, placement, asset usage, visual appearance, renderer suitability, human or owner acceptance, strict completion, or publication."
swf-definition-01472,217,,structural-button-definition-candidate,source-assets/flash/HELP MATH_ORIGINAL FILES/HELP_COURSES/ELMGR5/L4/TS/L4TS07.swf,,migrations/course-g05-l04-ts-007/audit/machine/g5-l4-pre-runtime-swf-definition-inventory.csv,955f2a8c83ce121d9a3979463c51f6c3d893b2b79cb7bfa250fe591d515a02e7,CSV definition-index record for DefineButton2,,,"projection only; no asset bytes exported, transformed, redrawn, or generated",machine-extracted-structural-candidate,owner-provided SWF,"container=root; definitionDepth=0; tagOrdinal=1472; payloadBytes=177; rawTagPayloadSha256=eebbc293cda9b1d1421d6c04437607b64fa459cff4d97358c9c4bcaa25c28d7a; exactTagIdentitySha256=e098f1e155f3ad6dc557a8c606fe178b3cccb4598308d6988134f41f63993e38; runtime reachability unresolved; placement and bounds unresolved; renderer suitability unresolved; machineDefinitionIndexSha256=955f2a8c83ce121d9a3979463c51f6c3d893b2b79cb7bfa250fe591d515a02e7; Structural/static source-derived candidate only. The exported_file is the shared machine definition-index evidence, not a visual or renderer asset export. It is not an authoritative original-runtime baseline and establishes no runtime reachability, placement, asset usage, visual appearance, renderer suitability, human or owner acceptance, strict completion, or publication."
swf-definition-01473,218,,structural-morph-definition-candidate,source-assets/flash/HELP MATH_ORIGINAL FILES/HELP_COURSES/ELMGR5/L4/TS/L4TS07.swf,,migrations/course-g05-l04-ts-007/audit/machine/g5-l4-pre-runtime-swf-definition-inventory.csv,955f2a8c83ce121d9a3979463c51f6c3d893b2b79cb7bfa250fe591d515a02e7,CSV definition-index record for DefineMorphShape,,,"projection only; no asset bytes exported, transformed, redrawn, or generated",machine-extracted-structural-candidate,owner-provided SWF,"container=root; definitionDepth=0; tagOrdinal=1473; payloadBytes=80; rawTagPayloadSha256=9b37e0a9bac023c9236f5ebabd0d05de756e40e8924a4b8bfdbdc7063960970d; exactTagIdentitySha256=2d32158d1813241bc4a8f4aa0f78da91711a7266cb100d6f431685e265be6c0e; runtime reachability unresolved; placement and bounds unresolved; renderer suitability unresolved; machineDefinitionIndexSha256=955f2a8c83ce121d9a3979463c51f6c3d893b2b79cb7bfa250fe591d515a02e7; Structural/static source-derived candidate only. The exported_file is the shared machine definition-index evidence, not a visual or renderer asset export. It is not an authoritative original-runtime baseline and establishes no runtime reachability, placement, asset usage, visual appearance, renderer suitability, human or owner acceptance, strict completion, or publication."
swf-definition-01474,219,,structural-shape-definition-candidate,source-assets/flash/HELP MATH_ORIGINAL FILES/HELP_COURSES/ELMGR5/L4/TS/L4TS07.swf,,migrations/course-g05-l04-ts-007/audit/machine/g5-l4-pre-runtime-swf-definition-inventory.csv,955f2a8c83ce121d9a3979463c51f6c3d893b2b79cb7bfa250fe591d515a02e7,CSV definition-index record for DefineShape2,,,"projection only; no asset bytes exported, transformed, redrawn, or generated",machine-extracted-structural-candidate,owner-provided SWF,"container=root; definitionDepth=0; tagOrdinal=1474; payloadBytes=427; rawTagPayloadSha256=28d2fb0475d1505dda2faca540ab827a0b4fde87216ba9561fd176fc299a06df; exactTagIdentitySha256=79660485ba741c92421b4654ff5ea5d9503518d6b92b24b3cf513544e256720a; runtime reachability unresolved; placement and bounds unresolved; renderer suitability unresolved; machineDefinitionIndexSha256=955f2a8c83ce121d9a3979463c51f6c3d893b2b79cb7bfa250fe591d515a02e7; Structural/static source-derived candidate only. The exported_file is the shared machine definition-index evidence, not a visual or renderer asset export. It is not an authoritative original-runtime baseline and establishes no runtime reachability, placement, asset usage, visual appearance, renderer suitability, human or owner acceptance, strict completion, or publication."
swf-definition-01475,220,,structural-text-definition-candidate,source-assets/flash/HELP MATH_ORIGINAL FILES/HELP_COURSES/ELMGR5/L4/TS/L4TS07.swf,,migrations/course-g05-l04-ts-007/audit/machine/g5-l4-pre-runtime-swf-definition-inventory.csv,955f2a8c83ce121d9a3979463c51f6c3d893b2b79cb7bfa250fe591d515a02e7,CSV definition-index record for DefineText,,,"projection only; no asset bytes exported, transformed, redrawn, or generated",machine-extracted-structural-candidate,owner-provided SWF,"container=root; definitionDepth=0; tagOrdinal=1475; payloadBytes=25; rawTagPayloadSha256=758486b79d9bbafb00716bcc92310d8d60d9d6949b07916e312b43c8bb7d6cf3; exactTagIdentitySha256=4624b8d2612eb4e879877a6f9aad5ab684afe3d37fc3212e48f19624531c46ea; runtime reachability unresolved; placement and bounds unresolved; renderer suitability unresolved; machineDefinitionIndexSha256=955f2a8c83ce121d9a3979463c51f6c3d893b2b79cb7bfa250fe591d515a02e7; Structural/static source-derived candidate only. The exported_file is the shared machine definition-index evidence, not a visual or renderer asset export. It is not an authoritative original-runtime baseline and establishes no runtime reachability, placement, asset usage, visual appearance, renderer suitability, human or owner acceptance, strict completion, or publication."
swf-definition-01476,221,,structural-text-definition-candidate,source-assets/flash/HELP MATH_ORIGINAL FILES/HELP_COURSES/ELMGR5/L4/TS/L4TS07.swf,,migrations/course-g05-l04-ts-007/audit/machine/g5-l4-pre-runtime-swf-definition-inventory.csv,955f2a8c83ce121d9a3979463c51f6c3d893b2b79cb7bfa250fe591d515a02e7,CSV definition-index record for DefineText,,,"projection only; no asset bytes exported, transformed, redrawn, or generated",machine-extracted-structural-candidate,owner-provided SWF,"container=root; definitionDepth=0; tagOrdinal=1476; payloadBytes=25; rawTagPayloadSha256=b72f8d94174ec36eecab163d03205fabe968bb9f9c495e730076c78242f167f7; exactTagIdentitySha256=626b35dc7215843498cdb85f98937f5b1c0980affd8ac12367316691b4cc2847; runtime reachability unresolved; placement and bounds unresolved; renderer suitability unresolved; machineDefinitionIndexSha256=955f2a8c83ce121d9a3979463c51f6c3d893b2b79cb7bfa250fe591d515a02e7; Structural/static source-derived candidate only. The exported_file is the shared machine definition-index evidence, not a visual or renderer asset export. It is not an authoritative original-runtime baseline and establishes no runtime reachability, placement, asset usage, visual appearance, renderer suitability, human or owner acceptance, strict completion, or publication."
swf-definition-01477,222,,structural-text-definition-candidate,source-assets/flash/HELP MATH_ORIGINAL FILES/HELP_COURSES/ELMGR5/L4/TS/L4TS07.swf,,migrations/course-g05-l04-ts-007/audit/machine/g5-l4-pre-runtime-swf-definition-inventory.csv,955f2a8c83ce121d9a3979463c51f6c3d893b2b79cb7bfa250fe591d515a02e7,CSV definition-index record for DefineText,,,"projection only; no asset bytes exported, transformed, redrawn, or generated",machine-extracted-structural-candidate,owner-provided SWF,"container=root; definitionDepth=0; tagOrdinal=1477; payloadBytes=25; rawTagPayloadSha256=3978c34048e33bb02ecb8964781c0b9c1d471bedea84fec4483e071b4e940e7f; exactTagIdentitySha256=c77ee0eb66dd3606cec1dbbf1d347024be108bc902a9a5bb06dd2227039538a1; runtime reachability unresolved; placement and bounds unresolved; renderer suitability unresolved; machineDefinitionIndexSha256=955f2a8c83ce121d9a3979463c51f6c3d893b2b79cb7bfa250fe591d515a02e7; Structural/static source-derived candidate only. The exported_file is the shared machine definition-index evidence, not a visual or renderer asset export. It is not an authoritative original-runtime baseline and establishes no runtime reachability, placement, asset usage, visual appearance, renderer suitability, human or owner acceptance, strict completion, or publication."
swf-definition-01478,223,,structural-text-definition-candidate,source-assets/flash/HELP MATH_ORIGINAL FILES/HELP_COURSES/ELMGR5/L4/TS/L4TS07.swf,,migrations/course-g05-l04-ts-007/audit/machine/g5-l4-pre-runtime-swf-definition-inventory.csv,955f2a8c83ce121d9a3979463c51f6c3d893b2b79cb7bfa250fe591d515a02e7,CSV definition-index record for DefineText,,,"projection only; no asset bytes exported, transformed, redrawn, or generated",machine-extracted-structural-candidate,owner-provided SWF,"container=root; definitionDepth=0; tagOrdinal=1478; payloadBytes=25; rawTagPayloadSha256=0048c3da7bbdf5715a5c1cee7794d0233c807f61a2a45bc7576ae809437ab521; exactTagIdentitySha256=302c658a664c4f86613425167f950c735198a975848b06db9afe674aa987ef11; runtime reachability unresolved; placement and bounds unresolved; renderer suitability unresolved; machineDefinitionIndexSha256=955f2a8c83ce121d9a3979463c51f6c3d893b2b79cb7bfa250fe591d515a02e7; Structural/static source-derived candidate only. The exported_file is the shared machine definition-index evidence, not a visual or renderer asset export. It is not an authoritative original-runtime baseline and establishes no runtime reachability, placement, asset usage, visual appearance, renderer suitability, human or owner acceptance, strict completion, or publication."
swf-definition-01479,224,,structural-text-definition-candidate,source-assets/flash/HELP MATH_ORIGINAL FILES/HELP_COURSES/ELMGR5/L4/TS/L4TS07.swf,,migrations/course-g05-l04-ts-007/audit/machine/g5-l4-pre-runtime-swf-definition-inventory.csv,955f2a8c83ce121d9a3979463c51f6c3d893b2b79cb7bfa250fe591d515a02e7,CSV definition-index record for DefineText,,,"projection only; no asset bytes exported, transformed, redrawn, or generated",machine-extracted-structural-candidate,owner-provided SWF,"container=root; definitionDepth=0; tagOrdinal=1479; payloadBytes=25; rawTagPayloadSha256=62c8f63ed3bb8cc31259fa5d2fb7bd5fe8825031a93985db974fd42f62fcbd84; exactTagIdentitySha256=ee6ba883d09e3add67d9679648b334d58a39592e19725f5d88d49e65f181af33; runtime reachability unresolved; placement and bounds unresolved; renderer suitability unresolved; machineDefinitionIndexSha256=955f2a8c83ce121d9a3979463c51f6c3d893b2b79cb7bfa250fe591d515a02e7; Structural/static source-derived candidate only. The exported_file is the shared machine definition-index evidence, not a visual or renderer asset export. It is not an authoritative original-runtime baseline and establishes no runtime reachability, placement, asset usage, visual appearance, renderer suitability, human or owner acceptance, strict completion, or publication."
swf-definition-01480,225,,structural-text-definition-candidate,source-assets/flash/HELP MATH_ORIGINAL FILES/HELP_COURSES/ELMGR5/L4/TS/L4TS07.swf,,migrations/course-g05-l04-ts-007/audit/machine/g5-l4-pre-runtime-swf-definition-inventory.csv,955f2a8c83ce121d9a3979463c51f6c3d893b2b79cb7bfa250fe591d515a02e7,CSV definition-index record for DefineText,,,"projection only; no asset bytes exported, transformed, redrawn, or generated",machine-extracted-structural-candidate,owner-provided SWF,"container=root; definitionDepth=0; tagOrdinal=1480; payloadBytes=25; rawTagPayloadSha256=90f9e2c547cc11ce21e44e42d29cdc24ac481578944fe5003ed6a5b01691b85d; exactTagIdentitySha256=61f01460fc652df98f32e411b1de5a02f05b1d7362eb3f5e70a8731b8bcbd814; runtime reachability unresolved; placement and bounds unresolved; renderer suitability unresolved; machineDefinitionIndexSha256=955f2a8c83ce121d9a3979463c51f6c3d893b2b79cb7bfa250fe591d515a02e7; Structural/static source-derived candidate only. The exported_file is the shared machine definition-index evidence, not a visual or renderer asset export. It is not an authoritative original-runtime baseline and establishes no runtime reachability, placement, asset usage, visual appearance, renderer suitability, human or owner acceptance, strict completion, or publication."
swf-definition-01481,226,,structural-text-definition-candidate,source-assets/flash/HELP MATH_ORIGINAL FILES/HELP_COURSES/ELMGR5/L4/TS/L4TS07.swf,,migrations/course-g05-l04-ts-007/audit/machine/g5-l4-pre-runtime-swf-definition-inventory.csv,955f2a8c83ce121d9a3979463c51f6c3d893b2b79cb7bfa250fe591d515a02e7,CSV definition-index record for DefineText,,,"projection only; no asset bytes exported, transformed, redrawn, or generated",machine-extracted-structural-candidate,owner-provided SWF,"container=root; definitionDepth=0; tagOrdinal=1481; payloadBytes=25; rawTagPayloadSha256=3d078a8e2363dc0163a498a6767aff72cf7565786afc906d9dcfe77b0bfa58ce; exactTagIdentitySha256=6e697dc04d0421b0b45f5e6bd39900c74ed18a63860bdc6866fe1739c6e3340a; runtime reachability unresolved; placement and bounds unresolved; renderer suitability unresolved; machineDefinitionIndexSha256=955f2a8c83ce121d9a3979463c51f6c3d893b2b79cb7bfa250fe591d515a02e7; Structural/static source-derived candidate only. The exported_file is the shared machine definition-index evidence, not a visual or renderer asset export. It is not an authoritative original-runtime baseline and establishes no runtime reachability, placement, asset usage, visual appearance, renderer suitability, human or owner acceptance, strict completion, or publication."
swf-definition-01482,227,,structural-text-definition-candidate,source-assets/flash/HELP MATH_ORIGINAL FILES/HELP_COURSES/ELMGR5/L4/TS/L4TS07.swf,,migrations/course-g05-l04-ts-007/audit/machine/g5-l4-pre-runtime-swf-definition-inventory.csv,955f2a8c83ce121d9a3979463c51f6c3d893b2b79cb7bfa250fe591d515a02e7,CSV definition-index record for DefineText,,,"projection only; no asset bytes exported, transformed, redrawn, or generated",machine-extracted-structural-candidate,owner-provided SWF,"container=root; definitionDepth=0; tagOrdinal=1482; payloadBytes=25; rawTagPayloadSha256=7a15bc69cc290e07699b9bf783eac7a6898fd601fff5c08336964f673d412c57; exactTagIdentitySha256=4ea0032f7c21b66702f03137bd7a00fc9ab9cb2f7a7a4d84bdd2e95f483f48b3; runtime reachability unresolved; placement and bounds unresolved; renderer suitability unresolved; machineDefinitionIndexSha256=955f2a8c83ce121d9a3979463c51f6c3d893b2b79cb7bfa250fe591d515a02e7; Structural/static source-derived candidate only. The exported_file is the shared machine definition-index evidence, not a visual or renderer asset export. It is not an authoritative original-runtime baseline and establishes no runtime reachability, placement, asset usage, visual appearance, renderer suitability, human or owner acceptance, strict completion, or publication."
swf-definition-01483,228,,structural-text-definition-candidate,source-assets/flash/HELP MATH_ORIGINAL FILES/HELP_COURSES/ELMGR5/L4/TS/L4TS07.swf,,migrations/course-g05-l04-ts-007/audit/machine/g5-l4-pre-runtime-swf-definition-inventory.csv,955f2a8c83ce121d9a3979463c51f6c3d893b2b79cb7bfa250fe591d515a02e7,CSV definition-index record for DefineText,,,"projection only; no asset bytes exported, transformed, redrawn, or generated",machine-extracted-structural-candidate,owner-provided SWF,"container=root; definitionDepth=0; tagOrdinal=1483; payloadBytes=25; rawTagPayloadSha256=acd19d5c8ceee1cbd84eaf7cd8b1f64bf9a0576a2eea9d4e2fc8a62d6abba7c0; exactTagIdentitySha256=c50813e64367cafb00928067ebe05ffdf8cc271c706f298049506919e5d851e3; runtime reachability unresolved; placement and bounds unresolved; renderer suitability unresolved; machineDefinitionIndexSha256=955f2a8c83ce121d9a3979463c51f6c3d893b2b79cb7bfa250fe591d515a02e7; Structural/static source-derived candidate only. The exported_file is the shared machine definition-index evidence, not a visual or renderer asset export. It is not an authoritative original-runtime baseline and establishes no runtime reachability, placement, asset usage, visual appearance, renderer suitability, human or owner acceptance, strict completion, or publication."
swf-definition-01484,229,,structural-text-definition-candidate,source-assets/flash/HELP MATH_ORIGINAL FILES/HELP_COURSES/ELMGR5/L4/TS/L4TS07.swf,,migrations/course-g05-l04-ts-007/audit/machine/g5-l4-pre-runtime-swf-definition-inventory.csv,955f2a8c83ce121d9a3979463c51f6c3d893b2b79cb7bfa250fe591d515a02e7,CSV definition-index record for DefineText,,,"projection only; no asset bytes exported, transformed, redrawn, or generated",machine-extracted-structural-candidate,owner-provided SWF,"container=root; definitionDepth=0; tagOrdinal=1484; payloadBytes=25; rawTagPayloadSha256=189177883b7c3ba2f5d04126f82ecfcba470268ee9af2973001e468e502b7fba; exactTagIdentitySha256=8d43fa5a5fb78a9a4c3b4a80a4c0c6495fa49a2f65214f6789ff42d8d81dbf5d; runtime reachability unresolved; placement and bounds unresolved; renderer suitability unresolved; machineDefinitionIndexSha256=955f2a8c83ce121d9a3979463c51f6c3d893b2b79cb7bfa250fe591d515a02e7; Structural/static source-derived candidate only. The exported_file is the shared machine definition-index evidence, not a visual or renderer asset export. It is not an authoritative original-runtime baseline and establishes no runtime reachability, placement, asset usage, visual appearance, renderer suitability, human or owner acceptance, strict completion, or publication."
swf-definition-01485,230,,structural-text-definition-candidate,source-assets/flash/HELP MATH_ORIGINAL FILES/HELP_COURSES/ELMGR5/L4/TS/L4TS07.swf,,migrations/course-g05-l04-ts-007/audit/machine/g5-l4-pre-runtime-swf-definition-inventory.csv,955f2a8c83ce121d9a3979463c51f6c3d893b2b79cb7bfa250fe591d515a02e7,CSV definition-index record for DefineText,,,"projection only; no asset bytes exported, transformed, redrawn, or generated",machine-extracted-structural-candidate,owner-provided SWF,"container=root; definitionDepth=0; tagOrdinal=1485; payloadBytes=26; rawTagPayloadSha256=6b0ae348cbc5eed7f515d79c346493b55d319e54ee1f163bd4ad524080cebdea; exactTagIdentitySha256=b224bfd8b4d3c6a7a2e39ad35d865de94a2b6295d8005598e99de70a905246ba; runtime reachability unresolved; placement and bounds unresolved; renderer suitability unresolved; machineDefinitionIndexSha256=955f2a8c83ce121d9a3979463c51f6c3d893b2b79cb7bfa250fe591d515a02e7; Structural/static source-derived candidate only. The exported_file is the shared machine definition-index evidence, not a visual or renderer asset export. It is not an authoritative original-runtime baseline and establishes no runtime reachability, placement, asset usage, visual appearance, renderer suitability, human or owner acceptance, strict completion, or publication."
swf-definition-01486,231,,structural-text-definition-candidate,source-assets/flash/HELP MATH_ORIGINAL FILES/HELP_COURSES/ELMGR5/L4/TS/L4TS07.swf,,migrations/course-g05-l04-ts-007/audit/machine/g5-l4-pre-runtime-swf-definition-inventory.csv,955f2a8c83ce121d9a3979463c51f6c3d893b2b79cb7bfa250fe591d515a02e7,CSV definition-index record for DefineText,,,"projection only; no asset bytes exported, transformed, redrawn, or generated",machine-extracted-structural-candidate,owner-provided SWF,"container=root; definitionDepth=0; tagOrdinal=1486; payloadBytes=25; rawTagPayloadSha256=8911c5d25aee62a1e6abb80e00262e77bb6dceb52b584decae0428a286d9db6a; exactTagIdentitySha256=ef7765ffffd16797e9c8b07890c5fd36dd50144ef31097f30bc953d641907794; runtime reachability unresolved; placement and bounds unresolved; renderer suitability unresolved; machineDefinitionIndexSha256=955f2a8c83ce121d9a3979463c51f6c3d893b2b79cb7bfa250fe591d515a02e7; Structural/static source-derived candidate only. The exported_file is the shared machine definition-index evidence, not a visual or renderer asset export. It is not an authoritative original-runtime baseline and establishes no runtime reachability, placement, asset usage, visual appearance, renderer suitability, human or owner acceptance, strict completion, or publication."
swf-definition-01487,232,,structural-text-definition-candidate,source-assets/flash/HELP MATH_ORIGINAL FILES/HELP_COURSES/ELMGR5/L4/TS/L4TS07.swf,,migrations/course-g05-l04-ts-007/audit/machine/g5-l4-pre-runtime-swf-definition-inventory.csv,955f2a8c83ce121d9a3979463c51f6c3d893b2b79cb7bfa250fe591d515a02e7,CSV definition-index record for DefineText,,,"projection only; no asset bytes exported, transformed, redrawn, or generated",machine-extracted-structural-candidate,owner-provided SWF,"container=root; definitionDepth=0; tagOrdinal=1487; payloadBytes=25; rawTagPayloadSha256=f64e178032df06ed59261fb51c955386a3a0dbd0a1304f36bee323f70d3e8832; exactTagIdentitySha256=8cc0a366667ef5b482bbaa952d9fe6a7c2298997cdf0278aa7024e9eda1d0468; runtime reachability unresolved; placement and bounds unresolved; renderer suitability unresolved; machineDefinitionIndexSha256=955f2a8c83ce121d9a3979463c51f6c3d893b2b79cb7bfa250fe591d515a02e7; Structural/static source-derived candidate only. The exported_file is the shared machine definition-index evidence, not a visual or renderer asset export. It is not an authoritative original-runtime baseline and establishes no runtime reachability, placement, asset usage, visual appearance, renderer suitability, human or owner acceptance, strict completion, or publication."
swf-definition-01488,233,,structural-text-definition-candidate,source-assets/flash/HELP MATH_ORIGINAL FILES/HELP_COURSES/ELMGR5/L4/TS/L4TS07.swf,,migrations/course-g05-l04-ts-007/audit/machine/g5-l4-pre-runtime-swf-definition-inventory.csv,955f2a8c83ce121d9a3979463c51f6c3d893b2b79cb7bfa250fe591d515a02e7,CSV definition-index record for DefineText,,,"projection only; no asset bytes exported, transformed, redrawn, or generated",machine-extracted-structural-candidate,owner-provided SWF,"container=root; definitionDepth=0; tagOrdinal=1488; payloadBytes=25; rawTagPayloadSha256=a3373316681797e35dc26a91dc31d1b8bfd3633267d9b2678727d2fa4574b8a6; exactTagIdentitySha256=1f367c69c1d3f12627da582babad546cf8f19339812d0b7ba8ef9dd4af3c8cc1; runtime reachability unresolved; placement and bounds unresolved; renderer suitability unresolved; machineDefinitionIndexSha256=955f2a8c83ce121d9a3979463c51f6c3d893b2b79cb7bfa250fe591d515a02e7; Structural/static source-derived candidate only. The exported_file is the shared machine definition-index evidence, not a visual or renderer asset export. It is not an authoritative original-runtime baseline and establishes no runtime reachability, placement, asset usage, visual appearance, renderer suitability, human or owner acceptance, strict completion, or publication."
swf-definition-01489,234,,structural-text-definition-candidate,source-assets/flash/HELP MATH_ORIGINAL FILES/HELP_COURSES/ELMGR5/L4/TS/L4TS07.swf,,migrations/course-g05-l04-ts-007/audit/machine/g5-l4-pre-runtime-swf-definition-inventory.csv,955f2a8c83ce121d9a3979463c51f6c3d893b2b79cb7bfa250fe591d515a02e7,CSV definition-index record for DefineText,,,"projection only; no asset bytes exported, transformed, redrawn, or generated",machine-extracted-structural-candidate,owner-provided SWF,"container=root; definitionDepth=0; tagOrdinal=1489; payloadBytes=25; rawTagPayloadSha256=4a3497565e67a7ecacc46995c47fea0c7813cc89e136db61ae6e9b6db340c1c4; exactTagIdentitySha256=157e3cdc03fd394b96ff4e75da0840255fe4e5fea4a7bb08448dc8f98a9f71d2; runtime reachability unresolved; placement and bounds unresolved; renderer suitability unresolved; machineDefinitionIndexSha256=955f2a8c83ce121d9a3979463c51f6c3d893b2b79cb7bfa250fe591d515a02e7; Structural/static source-derived candidate only. The exported_file is the shared machine definition-index evidence, not a visual or renderer asset export. It is not an authoritative original-runtime baseline and establishes no runtime reachability, placement, asset usage, visual appearance, renderer suitability, human or owner acceptance, strict completion, or publication."
swf-definition-01490,235,,structural-text-definition-candidate,source-assets/flash/HELP MATH_ORIGINAL FILES/HELP_COURSES/ELMGR5/L4/TS/L4TS07.swf,,migrations/course-g05-l04-ts-007/audit/machine/g5-l4-pre-runtime-swf-definition-inventory.csv,955f2a8c83ce121d9a3979463c51f6c3d893b2b79cb7bfa250fe591d515a02e7,CSV definition-index record for DefineText,,,"projection only; no asset bytes exported, transformed, redrawn, or generated",machine-extracted-structural-candidate,owner-provided SWF,"container=root; definitionDepth=0; tagOrdinal=1490; payloadBytes=25; rawTagPayloadSha256=e30fba99b27308468d5bfbef5a0389a6f43bfdb827ca87db5377ceb420a20d66; exactTagIdentitySha256=654ec5986ad329980816f7141506f66808939de5da23cb178d7e05f8967a2ac9; runtime reachability unresolved; placement and bounds unresolved; renderer suitability unresolved; machineDefinitionIndexSha256=955f2a8c83ce121d9a3979463c51f6c3d893b2b79cb7bfa250fe591d515a02e7; Structural/static source-derived candidate only. The exported_file is the shared machine definition-index evidence, not a visual or renderer asset export. It is not an authoritative original-runtime baseline and establishes no runtime reachability, placement, asset usage, visual appearance, renderer suitability, human or owner acceptance, strict completion, or publication."
swf-definition-01491,236,,structural-text-definition-candidate,source-assets/flash/HELP MATH_ORIGINAL FILES/HELP_COURSES/ELMGR5/L4/TS/L4TS07.swf,,migrations/course-g05-l04-ts-007/audit/machine/g5-l4-pre-runtime-swf-definition-inventory.csv,955f2a8c83ce121d9a3979463c51f6c3d893b2b79cb7bfa250fe591d515a02e7,CSV definition-index record for DefineText,,,"projection only; no asset bytes exported, transformed, redrawn, or generated",machine-extracted-structural-candidate,owner-provided SWF,"container=root; definitionDepth=0; tagOrdinal=1491; payloadBytes=25; rawTagPayloadSha256=acf3c952da3d1e5c12bfa5bb3ccee4b738f12e5113cdcc337de79c61c9a66f34; exactTagIdentitySha256=9f4b17a8eefd2255c3b1babac5c4acf6c231d27c2d530102871111f965d54fe0; runtime reachability unresolved; placement and bounds unresolved; renderer suitability unresolved; machineDefinitionIndexSha256=955f2a8c83ce121d9a3979463c51f6c3d893b2b79cb7bfa250fe591d515a02e7; Structural/static source-derived candidate only. The exported_file is the shared machine definition-index evidence, not a visual or renderer asset export. It is not an authoritative original-runtime baseline and establishes no runtime reachability, placement, asset usage, visual appearance, renderer suitability, human or owner acceptance, strict completion, or publication."
swf-definition-01492,237,,structural-text-definition-candidate,source-assets/flash/HELP MATH_ORIGINAL FILES/HELP_COURSES/ELMGR5/L4/TS/L4TS07.swf,,migrations/course-g05-l04-ts-007/audit/machine/g5-l4-pre-runtime-swf-definition-inventory.csv,955f2a8c83ce121d9a3979463c51f6c3d893b2b79cb7bfa250fe591d515a02e7,CSV definition-index record for DefineText,,,"projection only; no asset bytes exported, transformed, redrawn, or generated",machine-extracted-structural-candidate,owner-provided SWF,"container=root; definitionDepth=0; tagOrdinal=1492; payloadBytes=25; rawTagPayloadSha256=1c2a73962136a33f23b8af7c5640ee6a4ae3e28be855f96b7b86b9d1798a22ce; exactTagIdentitySha256=46213bd7710a99b06a2c3f9240764565e52e82d7ca11e0a1cd12391648f4e2b8; runtime reachability unresolved; placement and bounds unresolved; renderer suitability unresolved; machineDefinitionIndexSha256=955f2a8c83ce121d9a3979463c51f6c3d893b2b79cb7bfa250fe591d515a02e7; Structural/static source-derived candidate only. The exported_file is the shared machine definition-index evidence, not a visual or renderer asset export. It is not an authoritative original-runtime baseline and establishes no runtime reachability, placement, asset usage, visual appearance, renderer suitability, human or owner acceptance, strict completion, or publication."
swf-definition-01493,238,,structural-text-definition-candidate,source-assets/flash/HELP MATH_ORIGINAL FILES/HELP_COURSES/ELMGR5/L4/TS/L4TS07.swf,,migrations/course-g05-l04-ts-007/audit/machine/g5-l4-pre-runtime-swf-definition-inventory.csv,955f2a8c83ce121d9a3979463c51f6c3d893b2b79cb7bfa250fe591d515a02e7,CSV definition-index record for DefineText,,,"projection only; no asset bytes exported, transformed, redrawn, or generated",machine-extracted-structural-candidate,owner-provided SWF,"container=root; definitionDepth=0; tagOrdinal=1493; payloadBytes=25; rawTagPayloadSha256=9df5457a82daff761f63d4a9ad7324352b165a5814d5a260026852cd5f40cbf3; exactTagIdentitySha256=6888fc77a2da9f5cd508401a39b6d2bd685ec3b9cdd7a07e348415163305950c; runtime reachability unresolved; placement and bounds unresolved; renderer suitability unresolved; machineDefinitionIndexSha256=955f2a8c83ce121d9a3979463c51f6c3d893b2b79cb7bfa250fe591d515a02e7; Structural/static source-derived candidate only. The exported_file is the shared machine definition-index evidence, not a visual or renderer asset export. It is not an authoritative original-runtime baseline and establishes no runtime reachability, placement, asset usage, visual appearance, renderer suitability, human or owner acceptance, strict completion, or publication."
swf-definition-01494,239,,structural-text-definition-candidate,source-assets/flash/HELP MATH_ORIGINAL FILES/HELP_COURSES/ELMGR5/L4/TS/L4TS07.swf,,migrations/course-g05-l04-ts-007/audit/machine/g5-l4-pre-runtime-swf-definition-inventory.csv,955f2a8c83ce121d9a3979463c51f6c3d893b2b79cb7bfa250fe591d515a02e7,CSV definition-index record for DefineText,,,"projection only; no asset bytes exported, transformed, redrawn, or generated",machine-extracted-structural-candidate,owner-provided SWF,"container=root; definitionDepth=0; tagOrdinal=1494; payloadBytes=25; rawTagPayloadSha256=7bfd0e2b64e48579d57abff40f31045a6cf08a2618a9525274565494d71b90e9; exactTagIdentitySha256=89dc7f8b23920d6761283d12109e9885e9624d7c00965c36fd9ea1cf483f2560; runtime reachability unresolved; placement and bounds unresolved; renderer suitability unresolved; machineDefinitionIndexSha256=955f2a8c83ce121d9a3979463c51f6c3d893b2b79cb7bfa250fe591d515a02e7; Structural/static source-derived candidate only. The exported_file is the shared machine definition-index evidence, not a visual or renderer asset export. It is not an authoritative original-runtime baseline and establishes no runtime reachability, placement, asset usage, visual appearance, renderer suitability, human or owner acceptance, strict completion, or publication."
swf-definition-01495,240,,structural-text-definition-candidate,source-assets/flash/HELP MATH_ORIGINAL FILES/HELP_COURSES/ELMGR5/L4/TS/L4TS07.swf,,migrations/course-g05-l04-ts-007/audit/machine/g5-l4-pre-runtime-swf-definition-inventory.csv,955f2a8c83ce121d9a3979463c51f6c3d893b2b79cb7bfa250fe591d515a02e7,CSV definition-index record for DefineText,,,"projection only; no asset bytes exported, transformed, redrawn, or generated",machine-extracted-structural-candidate,owner-provided SWF,"container=root; definitionDepth=0; tagOrdinal=1495; payloadBytes=26; rawTagPayloadSha256=0f628be91b214ec176d3d876b9827c0fcf8e6a33bd2ebc206849b84df36d3a7a; exactTagIdentitySha256=0a5998467ca037e817332f74822c29344121d24b8de43c71bc7b4e4508b39bd3; runtime reachability unresolved; placement and bounds unresolved; renderer suitability unresolved; machineDefinitionIndexSha256=955f2a8c83ce121d9a3979463c51f6c3d893b2b79cb7bfa250fe591d515a02e7; Structural/static source-derived candidate only. The exported_file is the shared machine definition-index evidence, not a visual or renderer asset export. It is not an authoritative original-runtime baseline and establishes no runtime reachability, placement, asset usage, visual appearance, renderer suitability, human or owner acceptance, strict completion, or publication."
swf-definition-01496,241,,structural-shape-definition-candidate,source-assets/flash/HELP MATH_ORIGINAL FILES/HELP_COURSES/ELMGR5/L4/TS/L4TS07.swf,,migrations/course-g05-l04-ts-007/audit/machine/g5-l4-pre-runtime-swf-definition-inventory.csv,955f2a8c83ce121d9a3979463c51f6c3d893b2b79cb7bfa250fe591d515a02e7,CSV definition-index record for DefineShape,,,"projection only; no asset bytes exported, transformed, redrawn, or generated",machine-extracted-structural-candidate,owner-provided SWF,"container=root; definitionDepth=0; tagOrdinal=1496; payloadBytes=146; rawTagPayloadSha256=28cf58dc80a0d2b904a9d09c5f9754d4a53490a0a7b1ae4cd19886eb21f8bc72; exactTagIdentitySha256=ef02b707076c20b20de0f0e9b0670e3ca965cceb328b6b14da3f5784b17cd732; runtime reachability unresolved; placement and bounds unresolved; renderer suitability unresolved; machineDefinitionIndexSha256=955f2a8c83ce121d9a3979463c51f6c3d893b2b79cb7bfa250fe591d515a02e7; Structural/static source-derived candidate only. The exported_file is the shared machine definition-index evidence, not a visual or renderer asset export. It is not an authoritative original-runtime baseline and establishes no runtime reachability, placement, asset usage, visual appearance, renderer suitability, human or owner acceptance, strict completion, or publication."
swf-definition-01497,242,,structural-morph-definition-candidate,source-assets/flash/HELP MATH_ORIGINAL FILES/HELP_COURSES/ELMGR5/L4/TS/L4TS07.swf,,migrations/course-g05-l04-ts-007/audit/machine/g5-l4-pre-runtime-swf-definition-inventory.csv,955f2a8c83ce121d9a3979463c51f6c3d893b2b79cb7bfa250fe591d515a02e7,CSV definition-index record for DefineMorphShape,,,"projection only; no asset bytes exported, transformed, redrawn, or generated",machine-extracted-structural-candidate,owner-provided SWF,"container=root; definitionDepth=0; tagOrdinal=1497; payloadBytes=80; rawTagPayloadSha256=355e6d585866f232a3181b8ed476c3d57ff002d41ecde4bd84715fc47442356b; exactTagIdentitySha256=e3a24d7333657ba2faaa6165d3c6004b7ed2170e5c711d52eb04e01e55dfcd71; runtime reachability unresolved; placement and bounds unresolved; renderer suitability unresolved; machineDefinitionIndexSha256=955f2a8c83ce121d9a3979463c51f6c3d893b2b79cb7bfa250fe591d515a02e7; Structural/static source-derived candidate only. The exported_file is the shared machine definition-index evidence, not a visual or renderer asset export. It is not an authoritative original-runtime baseline and establishes no runtime reachability, placement, asset usage, visual appearance, renderer suitability, human or owner acceptance, strict completion, or publication."
swf-definition-01498,243,,structural-shape-definition-candidate,source-assets/flash/HELP MATH_ORIGINAL FILES/HELP_COURSES/ELMGR5/L4/TS/L4TS07.swf,,migrations/course-g05-l04-ts-007/audit/machine/g5-l4-pre-runtime-swf-definition-inventory.csv,955f2a8c83ce121d9a3979463c51f6c3d893b2b79cb7bfa250fe591d515a02e7,CSV definition-index record for DefineShape,,,"projection only; no asset bytes exported, transformed, redrawn, or generated",machine-extracted-structural-candidate,owner-provided SWF,"container=root; definitionDepth=0; tagOrdinal=1498; payloadBytes=28; rawTagPayloadSha256=ee85ef2eab902e7dbdd35225e606898c13476f37f8582fd3e4daee74bfd4df45; exactTagIdentitySha256=0787f2c138df0081d57d72757f38fbc4e334046bab725d0064de4f04a30c31f6; runtime reachability unresolved; placement and bounds unresolved; renderer suitability unresolved; machineDefinitionIndexSha256=955f2a8c83ce121d9a3979463c51f6c3d893b2b79cb7bfa250fe591d515a02e7; Structural/static source-derived candidate only. The exported_file is the shared machine definition-index evidence, not a visual or renderer asset export. It is not an authoritative original-runtime baseline and establishes no runtime reachability, placement, asset usage, visual appearance, renderer suitability, human or owner acceptance, strict completion, or publication."
swf-definition-01499,244,,structural-shape-definition-candidate,source-assets/flash/HELP MATH_ORIGINAL FILES/HELP_COURSES/ELMGR5/L4/TS/L4TS07.swf,,migrations/course-g05-l04-ts-007/audit/machine/g5-l4-pre-runtime-swf-definition-inventory.csv,955f2a8c83ce121d9a3979463c51f6c3d893b2b79cb7bfa250fe591d515a02e7,CSV definition-index record for DefineShape,,,"projection only; no asset bytes exported, transformed, redrawn, or generated",machine-extracted-structural-candidate,owner-provided SWF,"container=root; definitionDepth=0; tagOrdinal=1499; payloadBytes=34; rawTagPayloadSha256=a2665516665888b12fad47aa1f839ed24cdc2c498da731169ae9b061d62d5fb2; exactTagIdentitySha256=f943bb934db118d4e40cdb524b3f9986d8749f62b571f6e151d4cf5b5b0a6cf7; runtime reachability unresolved; placement and bounds unresolved; renderer suitability unresolved; machineDefinitionIndexSha256=955f2a8c83ce121d9a3979463c51f6c3d893b2b79cb7bfa250fe591d515a02e7; Structural/static source-derived candidate only. The exported_file is the shared machine definition-index evidence, not a visual or renderer asset export. It is not an authoritative original-runtime baseline and establishes no runtime reachability, placement, asset usage, visual appearance, renderer suitability, human or owner acceptance, strict completion, or publication."
swf-definition-01500,245,,structural-shape-definition-candidate,source-assets/flash/HELP MATH_ORIGINAL FILES/HELP_COURSES/ELMGR5/L4/TS/L4TS07.swf,,migrations/course-g05-l04-ts-007/audit/machine/g5-l4-pre-runtime-swf-definition-inventory.csv,955f2a8c83ce121d9a3979463c51f6c3d893b2b79cb7bfa250fe591d515a02e7,CSV definition-index record for DefineShape2,,,"projection only; no asset bytes exported, transformed, redrawn, or generated",machine-extracted-structural-candidate,owner-provided SWF,"container=root; definitionDepth=0; tagOrdinal=1500; payloadBytes=452; rawTagPayloadSha256=6b354353bdb2f106786235ac6ac9edbfcbd399cd05ac9ea5d26ca28a83000d8a; exactTagIdentitySha256=80cbd34744537076be1aaba8884abd43fa573b7ab4a160f220b95e6e82f735fe; runtime reachability unresolved; placement and bounds unresolved; renderer suitability unresolved; machineDefinitionIndexSha256=955f2a8c83ce121d9a3979463c51f6c3d893b2b79cb7bfa250fe591d515a02e7; Structural/static source-derived candidate only. The exported_file is the shared machine definition-index evidence, not a visual or renderer asset export. It is not an authoritative original-runtime baseline and establishes no runtime reachability, placement, asset usage, visual appearance, renderer suitability, human or owner acceptance, strict completion, or publication."
swf-definition-01501,246,,structural-shape-definition-candidate,source-assets/flash/HELP MATH_ORIGINAL FILES/HELP_COURSES/ELMGR5/L4/TS/L4TS07.swf,,migrations/course-g05-l04-ts-007/audit/machine/g5-l4-pre-runtime-swf-definition-inventory.csv,955f2a8c83ce121d9a3979463c51f6c3d893b2b79cb7bfa250fe591d515a02e7,CSV definition-index record for DefineShape,,,"projection only; no asset bytes exported, transformed, redrawn, or generated",machine-extracted-structural-candidate,owner-provided SWF,"container=root; definitionDepth=0; tagOrdinal=1501; payloadBytes=34; rawTagPayloadSha256=ccb5e405da45b743558d854ff3919607f813abe782fcd7a4ae952cfb41acbc8b; exactTagIdentitySha256=65129e44c86b3b57005ee24d28c81fc1b55c0f7e89a2b45beb861272ec2a9aa6; runtime reachability unresolved; placement and bounds unresolved; renderer suitability unresolved; machineDefinitionIndexSha256=955f2a8c83ce121d9a3979463c51f6c3d893b2b79cb7bfa250fe591d515a02e7; Structural/static source-derived candidate only. The exported_file is the shared machine definition-index evidence, not a visual or renderer asset export. It is not an authoritative original-runtime baseline and establishes no runtime reachability, placement, asset usage, visual appearance, renderer suitability, human or owner acceptance, strict completion, or publication."
swf-definition-01502,247,,structural-shape-definition-candidate,source-assets/flash/HELP MATH_ORIGINAL FILES/HELP_COURSES/ELMGR5/L4/TS/L4TS07.swf,,migrations/course-g05-l04-ts-007/audit/machine/g5-l4-pre-runtime-swf-definition-inventory.csv,955f2a8c83ce121d9a3979463c51f6c3d893b2b79cb7bfa250fe591d515a02e7,CSV definition-index record for DefineShape,,,"projection only; no asset bytes exported, transformed, redrawn, or generated",machine-extracted-structural-candidate,owner-provided SWF,"container=root; definitionDepth=0; tagOrdinal=1502; payloadBytes=32; rawTagPayloadSha256=f78f6f5106eaf497425bea7fedb007c9238150156b5d504c767cc347ff2e51dc; exactTagIdentitySha256=4d36124222e3e5ee3d1cc29de1744ea1e63bec153c93e7d88cd2f284fd910335; runtime reachability unresolved; placement and bounds unresolved; renderer suitability unresolved; machineDefinitionIndexSha256=955f2a8c83ce121d9a3979463c51f6c3d893b2b79cb7bfa250fe591d515a02e7; Structural/static source-derived candidate only. The exported_file is the shared machine definition-index evidence, not a visual or renderer asset export. It is not an authoritative original-runtime baseline and establishes no runtime reachability, placement, asset usage, visual appearance, renderer suitability, human or owner acceptance, strict completion, or publication."
swf-definition-01503,248,,structural-shape-definition-candidate,source-assets/flash/HELP MATH_ORIGINAL FILES/HELP_COURSES/ELMGR5/L4/TS/L4TS07.swf,,migrations/course-g05-l04-ts-007/audit/machine/g5-l4-pre-runtime-swf-definition-inventory.csv,955f2a8c83ce121d9a3979463c51f6c3d893b2b79cb7bfa250fe591d515a02e7,CSV definition-index record for DefineShape3,,,"projection only; no asset bytes exported, transformed, redrawn, or generated",machine-extracted-structural-candidate,owner-provided SWF,"container=root; definitionDepth=0; tagOrdinal=1503; payloadBytes=35; rawTagPayloadSha256=bbe98bef96b336dfeb41ae54b83209f4921c2e7a1b976eb2ca6e5b4fe9675646; exactTagIdentitySha256=15255642197ddd09ce6ce529a2ab246ff7724013e2472f7c8812fe3ede91d0a9; runtime reachability unresolved; placement and bounds unresolved; renderer suitability unresolved; machineDefinitionIndexSha256=955f2a8c83ce121d9a3979463c51f6c3d893b2b79cb7bfa250fe591d515a02e7; Structural/static source-derived candidate only. The exported_file is the shared machine definition-index evidence, not a visual or renderer asset export. It is not an authoritative original-runtime baseline and establishes no runtime reachability, placement, asset usage, visual appearance, renderer suitability, human or owner acceptance, strict completion, or publication."
swf-definition-01504,249,,structural-shape-definition-candidate,source-assets/flash/HELP MATH_ORIGINAL FILES/HELP_COURSES/ELMGR5/L4/TS/L4TS07.swf,,migrations/course-g05-l04-ts-007/audit/machine/g5-l4-pre-runtime-swf-definition-inventory.csv,955f2a8c83ce121d9a3979463c51f6c3d893b2b79cb7bfa250fe591d515a02e7,CSV definition-index record for DefineShape,,,"projection only; no asset bytes exported, transformed, redrawn, or generated",machine-extracted-structural-candidate,owner-provided SWF,"container=root; definitionDepth=0; tagOrdinal=1504; payloadBytes=32; rawTagPayloadSha256=1a67bc871ae2b609448c6d573f3c9dc81bab774e79e19f9f36656f4c1d874720; exactTagIdentitySha256=2e86e32c55440a348b2ca4bca7b6266299aaefa10e6b511d15bcc587ca86172a; runtime reachability unresolved; placement and bounds unresolved; renderer suitability unresolved; machineDefinitionIndexSha256=955f2a8c83ce121d9a3979463c51f6c3d893b2b79cb7bfa250fe591d515a02e7; Structural/static source-derived candidate only. The exported_file is the shared machine definition-index evidence, not a visual or renderer asset export. It is not an authoritative original-runtime baseline and establishes no runtime reachability, placement, asset usage, visual appearance, renderer suitability, human or owner acceptance, strict completion, or publication."
swf-definition-01505,250,,structural-shape-definition-candidate,source-assets/flash/HELP MATH_ORIGINAL FILES/HELP_COURSES/ELMGR5/L4/TS/L4TS07.swf,,migrations/course-g05-l04-ts-007/audit/machine/g5-l4-pre-runtime-swf-definition-inventory.csv,955f2a8c83ce121d9a3979463c51f6c3d893b2b79cb7bfa250fe591d515a02e7,CSV definition-index record for DefineShape3,,,"projection only; no asset bytes exported, transformed, redrawn, or generated",machine-extracted-structural-candidate,owner-provided SWF,"container=root; definitionDepth=0; tagOrdinal=1505; payloadBytes=35; rawTagPayloadSha256=8d5c33dba19a2359f2b4a9ef8463d39772227265943c5b85dedd816ac66852f0; exactTagIdentitySha256=40525a6dc3354cb14dd326f21bb86af6b8418728129d32c87c4c0a7a3595f27d; runtime reachability unresolved; placement and bounds unresolved; renderer suitability unresolved; machineDefinitionIndexSha256=955f2a8c83ce121d9a3979463c51f6c3d893b2b79cb7bfa250fe591d515a02e7; Structural/static source-derived candidate only. The exported_file is the shared machine definition-index evidence, not a visual or renderer asset export. It is not an authoritative original-runtime baseline and establishes no runtime reachability, placement, asset usage, visual appearance, renderer suitability, human or owner acceptance, strict completion, or publication."
swf-definition-01506,251,,structural-sprite-definition-candidate,source-assets/flash/HELP MATH_ORIGINAL FILES/HELP_COURSES/ELMGR5/L4/TS/L4TS07.swf,,migrations/course-g05-l04-ts-007/audit/machine/g5-l4-pre-runtime-swf-definition-inventory.csv,955f2a8c83ce121d9a3979463c51f6c3d893b2b79cb7bfa250fe591d515a02e7,CSV definition-index record for DefineSprite,,,"projection only; no asset bytes exported, transformed, redrawn, or generated",machine-extracted-structural-candidate,owner-provided SWF,"container=root; definitionDepth=0; tagOrdinal=1506; payloadBytes=1858; rawTagPayloadSha256=8692209e2a91b6ea4aabb150cfef601a156016cce1fc34f7d0743eaa12130cca; exactTagIdentitySha256=7e9ea788c1e3f0313737639443832a59f4472eb242db9cf87ce2960c28598444; declaredFrameCount=83; runtime reachability unresolved; placement and bounds unresolved; renderer suitability unresolved; machineDefinitionIndexSha256=955f2a8c83ce121d9a3979463c51f6c3d893b2b79cb7bfa250fe591d515a02e7; Structural/static source-derived candidate only. The exported_file is the shared machine definition-index evidence, not a visual or renderer asset export. It is not an authoritative original-runtime baseline and establishes no runtime reachability, placement, asset usage, visual appearance, renderer suitability, human or owner acceptance, strict completion, or publication."
swf-definition-01777,252,,structural-shape-definition-candidate,source-assets/flash/HELP MATH_ORIGINAL FILES/HELP_COURSES/ELMGR5/L4/TS/L4TS07.swf,,migrations/course-g05-l04-ts-007/audit/machine/g5-l4-pre-runtime-swf-definition-inventory.csv,955f2a8c83ce121d9a3979463c51f6c3d893b2b79cb7bfa250fe591d515a02e7,CSV definition-index record for DefineShape3,,,"projection only; no asset bytes exported, transformed, redrawn, or generated",machine-extracted-structural-candidate,owner-provided SWF,"container=root; definitionDepth=0; tagOrdinal=1777; payloadBytes=57; rawTagPayloadSha256=e53da84c3624f576bff052aa0643ec35784585fdf5a482def385f7493cb19b04; exactTagIdentitySha256=70e6e2c6b5aaac943574160558f08b8dd9b77dd40cbb5127e8552d5b7f930802; runtime reachability unresolved; placement and bounds unresolved; renderer suitability unresolved; machineDefinitionIndexSha256=955f2a8c83ce121d9a3979463c51f6c3d893b2b79cb7bfa250fe591d515a02e7; Structural/static source-derived candidate only. The exported_file is the shared machine definition-index evidence, not a visual or renderer asset export. It is not an authoritative original-runtime baseline and establishes no runtime reachability, placement, asset usage, visual appearance, renderer suitability, human or owner acceptance, strict completion, or publication."
swf-definition-01778,253,,structural-shape-definition-candidate,source-assets/flash/HELP MATH_ORIGINAL FILES/HELP_COURSES/ELMGR5/L4/TS/L4TS07.swf,,migrations/course-g05-l04-ts-007/audit/machine/g5-l4-pre-runtime-swf-definition-inventory.csv,955f2a8c83ce121d9a3979463c51f6c3d893b2b79cb7bfa250fe591d515a02e7,CSV definition-index record for DefineShape,,,"projection only; no asset bytes exported, transformed, redrawn, or generated",machine-extracted-structural-candidate,owner-provided SWF,"container=root; definitionDepth=0; tagOrdinal=1778; payloadBytes=118; rawTagPayloadSha256=ed2bf028921c3df17c1e2f3b72f2d5d5ee5619e1a2ebbb6bb7af991aff4d67d9; exactTagIdentitySha256=920f40c8ee4865b273ecbbcb23df63968c2ff8194264e9336fbf9eb6e2d4a556; runtime reachability unresolved; placement and bounds unresolved; renderer suitability unresolved; machineDefinitionIndexSha256=955f2a8c83ce121d9a3979463c51f6c3d893b2b79cb7bfa250fe591d515a02e7; Structural/static source-derived candidate only. The exported_file is the shared machine definition-index evidence, not a visual or renderer asset export. It is not an authoritative original-runtime baseline and establishes no runtime reachability, placement, asset usage, visual appearance, renderer suitability, human or owner acceptance, strict completion, or publication."
swf-definition-01779,254,,structural-font-definition-candidate,source-assets/flash/HELP MATH_ORIGINAL FILES/HELP_COURSES/ELMGR5/L4/TS/L4TS07.swf,,migrations/course-g05-l04-ts-007/audit/machine/g5-l4-pre-runtime-swf-definition-inventory.csv,955f2a8c83ce121d9a3979463c51f6c3d893b2b79cb7bfa250fe591d515a02e7,CSV definition-index record for DefineFont2,,5,"projection only; no asset bytes exported, transformed, redrawn, or generated",machine-extracted-structural-candidate,owner-provided SWF,"swfEmbeddedFontName=GeoSlab703 MdCn BT; container=root; definitionDepth=0; tagOrdinal=1779; payloadBytes=316; rawTagPayloadSha256=a3508870b6abec65f6fea571e00149472980b5c11277d2567fffd2ec7e6f56c1; exactTagIdentitySha256=9b4ce367ad3436f0b1a8a5fd05f8f264fdfebf5c2fa8c83bf8c45ab32be8b2ec; runtime reachability unresolved; placement and bounds unresolved; renderer suitability unresolved; machineDefinitionIndexSha256=955f2a8c83ce121d9a3979463c51f6c3d893b2b79cb7bfa250fe591d515a02e7; Structural/static source-derived candidate only. The exported_file is the shared machine definition-index evidence, not a visual or renderer asset export. It is not an authoritative original-runtime baseline and establishes no runtime reachability, placement, asset usage, visual appearance, renderer suitability, human or owner acceptance, strict completion, or publication."
swf-definition-01781,255,,structural-text-definition-candidate,source-assets/flash/HELP MATH_ORIGINAL FILES/HELP_COURSES/ELMGR5/L4/TS/L4TS07.swf,,migrations/course-g05-l04-ts-007/audit/machine/g5-l4-pre-runtime-swf-definition-inventory.csv,955f2a8c83ce121d9a3979463c51f6c3d893b2b79cb7bfa250fe591d515a02e7,CSV definition-index record for DefineText,,,"projection only; no asset bytes exported, transformed, redrawn, or generated",machine-extracted-structural-candidate,owner-provided SWF,"container=root; definitionDepth=0; tagOrdinal=1781; payloadBytes=38; rawTagPayloadSha256=856dd9b4a4920c97d1d5c38c08b5318a6a0314cccc94ff96ee3c4a14183a2019; exactTagIdentitySha256=c5740dae00fdc6eb0d2aa361870303777df27c4c57f0c0cda02963e151b0681f; runtime reachability unresolved; placement and bounds unresolved; renderer suitability unresolved; machineDefinitionIndexSha256=955f2a8c83ce121d9a3979463c51f6c3d893b2b79cb7bfa250fe591d515a02e7; Structural/static source-derived candidate only. The exported_file is the shared machine definition-index evidence, not a visual or renderer asset export. It is not an authoritative original-runtime baseline and establishes no runtime reachability, placement, asset usage, visual appearance, renderer suitability, human or owner acceptance, strict completion, or publication."
swf-definition-01782,256,,structural-text-definition-candidate,source-assets/flash/HELP MATH_ORIGINAL FILES/HELP_COURSES/ELMGR5/L4/TS/L4TS07.swf,,migrations/course-g05-l04-ts-007/audit/machine/g5-l4-pre-runtime-swf-definition-inventory.csv,955f2a8c83ce121d9a3979463c51f6c3d893b2b79cb7bfa250fe591d515a02e7,CSV definition-index record for DefineText,,,"projection only; no asset bytes exported, transformed, redrawn, or generated",machine-extracted-structural-candidate,owner-provided SWF,"container=root; definitionDepth=0; tagOrdinal=1782; payloadBytes=38; rawTagPayloadSha256=c962b3869d5fdd4019410754dda43f7af4dfd1cab033d4989a0a52c5572d0f53; exactTagIdentitySha256=0c3ee5931e0ba23a6165c2953545b2fb5bcc2893a9630bb9321064b93dca46d6; runtime reachability unresolved; placement and bounds unresolved; renderer suitability unresolved; machineDefinitionIndexSha256=955f2a8c83ce121d9a3979463c51f6c3d893b2b79cb7bfa250fe591d515a02e7; Structural/static source-derived candidate only. The exported_file is the shared machine definition-index evidence, not a visual or renderer asset export. It is not an authoritative original-runtime baseline and establishes no runtime reachability, placement, asset usage, visual appearance, renderer suitability, human or owner acceptance, strict completion, or publication."
swf-definition-01783,257,,structural-shape-definition-candidate,source-assets/flash/HELP MATH_ORIGINAL FILES/HELP_COURSES/ELMGR5/L4/TS/L4TS07.swf,,migrations/course-g05-l04-ts-007/audit/machine/g5-l4-pre-runtime-swf-definition-inventory.csv,955f2a8c83ce121d9a3979463c51f6c3d893b2b79cb7bfa250fe591d515a02e7,CSV definition-index record for DefineShape3,,,"projection only; no asset bytes exported, transformed, redrawn, or generated",machine-extracted-structural-candidate,owner-provided SWF,"container=root; definitionDepth=0; tagOrdinal=1783; payloadBytes=292; rawTagPayloadSha256=cac13ff573dd2d01ccea070c0072089378f676da0c5cbd492b71cfa36b6b5171; exactTagIdentitySha256=cb84026f60ad2cab32a06f33c6ecc863290b71759e6c725895228537c2d9e497; runtime reachability unresolved; placement and bounds unresolved; renderer suitability unresolved; machineDefinitionIndexSha256=955f2a8c83ce121d9a3979463c51f6c3d893b2b79cb7bfa250fe591d515a02e7; Structural/static source-derived candidate only. The exported_file is the shared machine definition-index evidence, not a visual or renderer asset export. It is not an authoritative original-runtime baseline and establishes no runtime reachability, placement, asset usage, visual appearance, renderer suitability, human or owner acceptance, strict completion, or publication."
swf-definition-01784,258,,structural-shape-definition-candidate,source-assets/flash/HELP MATH_ORIGINAL FILES/HELP_COURSES/ELMGR5/L4/TS/L4TS07.swf,,migrations/course-g05-l04-ts-007/audit/machine/g5-l4-pre-runtime-swf-definition-inventory.csv,955f2a8c83ce121d9a3979463c51f6c3d893b2b79cb7bfa250fe591d515a02e7,CSV definition-index record for DefineShape3,,,"projection only; no asset bytes exported, transformed, redrawn, or generated",machine-extracted-structural-candidate,owner-provided SWF,"container=root; definitionDepth=0; tagOrdinal=1784; payloadBytes=923; rawTagPayloadSha256=53fc132ef6752a2dc682fa230347875a69a462fcddaaa6f145a29d05d47e64e6; exactTagIdentitySha256=8ecb6e1bc7be23d0cac7bca3bec694c73ed06de989150c0b6a53083da410bbe6; runtime reachability unresolved; placement and bounds unresolved; renderer suitability unresolved; machineDefinitionIndexSha256=955f2a8c83ce121d9a3979463c51f6c3d893b2b79cb7bfa250fe591d515a02e7; Structural/static source-derived candidate only. The exported_file is the shared machine definition-index evidence, not a visual or renderer asset export. It is not an authoritative original-runtime baseline and establishes no runtime reachability, placement, asset usage, visual appearance, renderer suitability, human or owner acceptance, strict completion, or publication."
swf-definition-01785,259,,structural-shape-definition-candidate,source-assets/flash/HELP MATH_ORIGINAL FILES/HELP_COURSES/ELMGR5/L4/TS/L4TS07.swf,,migrations/course-g05-l04-ts-007/audit/machine/g5-l4-pre-runtime-swf-definition-inventory.csv,955f2a8c83ce121d9a3979463c51f6c3d893b2b79cb7bfa250fe591d515a02e7,CSV definition-index record for DefineShape3,,,"projection only; no asset bytes exported, transformed, redrawn, or generated",machine-extracted-structural-candidate,owner-provided SWF,"container=root; definitionDepth=0; tagOrdinal=1785; payloadBytes=120; rawTagPayloadSha256=211ca21d783653d0ed962c053e53eda428d8f2e62c225f8fb4f5ba08d70c1cc2; exactTagIdentitySha256=55cf8e2c576f385f5ee72806bb3369a5f6d2828b2e240a0a169a050cd6f94059; runtime reachability unresolved; placement and bounds unresolved; renderer suitability unresolved; machineDefinitionIndexSha256=955f2a8c83ce121d9a3979463c51f6c3d893b2b79cb7bfa250fe591d515a02e7; Structural/static source-derived candidate only. The exported_file is the shared machine definition-index evidence, not a visual or renderer asset export. It is not an authoritative original-runtime baseline and establishes no runtime reachability, placement, asset usage, visual appearance, renderer suitability, human or owner acceptance, strict completion, or publication."
swf-definition-01786,260,,structural-shape-definition-candidate,source-assets/flash/HELP MATH_ORIGINAL FILES/HELP_COURSES/ELMGR5/L4/TS/L4TS07.swf,,migrations/course-g05-l04-ts-007/audit/machine/g5-l4-pre-runtime-swf-definition-inventory.csv,955f2a8c83ce121d9a3979463c51f6c3d893b2b79cb7bfa250fe591d515a02e7,CSV definition-index record for DefineShape3,,,"projection only; no asset bytes exported, transformed, redrawn, or generated",machine-extracted-structural-candidate,owner-provided SWF,"container=root; definitionDepth=0; tagOrdinal=1786; payloadBytes=272; rawTagPayloadSha256=f4177e071a10d07a59d821628a4e4fe9004e5faf9cd05fd02a119dbc561bac68; exactTagIdentitySha256=f86c144fd4fa1df865fe1e5c14b94b4db3448be6492035f323fc1496b0cac4a9; runtime reachability unresolved; placement and bounds unresolved; renderer suitability unresolved; machineDefinitionIndexSha256=955f2a8c83ce121d9a3979463c51f6c3d893b2b79cb7bfa250fe591d515a02e7; Structural/static source-derived candidate only. The exported_file is the shared machine definition-index evidence, not a visual or renderer asset export. It is not an authoritative original-runtime baseline and establishes no runtime reachability, placement, asset usage, visual appearance, renderer suitability, human or owner acceptance, strict completion, or publication."
swf-definition-01787,261,,structural-shape-definition-candidate,source-assets/flash/HELP MATH_ORIGINAL FILES/HELP_COURSES/ELMGR5/L4/TS/L4TS07.swf,,migrations/course-g05-l04-ts-007/audit/machine/g5-l4-pre-runtime-swf-definition-inventory.csv,955f2a8c83ce121d9a3979463c51f6c3d893b2b79cb7bfa250fe591d515a02e7,CSV definition-index record for DefineShape3,,,"projection only; no asset bytes exported, transformed, redrawn, or generated",machine-extracted-structural-candidate,owner-provided SWF,"container=root; definitionDepth=0; tagOrdinal=1787; payloadBytes=271; rawTagPayloadSha256=6ac92eb5010a312a5c02a7063f4b67852ee71a19898f94ebfa9c819ef9afab2a; exactTagIdentitySha256=e4b95cc9c55df6299ac76b3c5366c68c258b9e13abecb27d9b916ee458aa0285; runtime reachability unresolved; placement and bounds unresolved; renderer suitability unresolved; machineDefinitionIndexSha256=955f2a8c83ce121d9a3979463c51f6c3d893b2b79cb7bfa250fe591d515a02e7; Structural/static source-derived candidate only. The exported_file is the shared machine definition-index evidence, not a visual or renderer asset export. It is not an authoritative original-runtime baseline and establishes no runtime reachability, placement, asset usage, visual appearance, renderer suitability, human or owner acceptance, strict completion, or publication."
swf-definition-01788,262,,structural-shape-definition-candidate,source-assets/flash/HELP MATH_ORIGINAL FILES/HELP_COURSES/ELMGR5/L4/TS/L4TS07.swf,,migrations/course-g05-l04-ts-007/audit/machine/g5-l4-pre-runtime-swf-definition-inventory.csv,955f2a8c83ce121d9a3979463c51f6c3d893b2b79cb7bfa250fe591d515a02e7,CSV definition-index record for DefineShape3,,,"projection only; no asset bytes exported, transformed, redrawn, or generated",machine-extracted-structural-candidate,owner-provided SWF,"container=root; definitionDepth=0; tagOrdinal=1788; payloadBytes=263; rawTagPayloadSha256=97f016b99ac42e419381a7b5002cb662538e6633f9f5e0c09981f0481e0d2147; exactTagIdentitySha256=b49f80362e32a39fe43336f7a4921f5aec47d0192cbe64e41a9544c742a01f53; runtime reachability unresolved; placement and bounds unresolved; renderer suitability unresolved; machineDefinitionIndexSha256=955f2a8c83ce121d9a3979463c51f6c3d893b2b79cb7bfa250fe591d515a02e7; Structural/static source-derived candidate only. The exported_file is the shared machine definition-index evidence, not a visual or renderer asset export. It is not an authoritative original-runtime baseline and establishes no runtime reachability, placement, asset usage, visual appearance, renderer suitability, human or owner acceptance, strict completion, or publication."
swf-definition-01789,263,,structural-shape-definition-candidate,source-assets/flash/HELP MATH_ORIGINAL FILES/HELP_COURSES/ELMGR5/L4/TS/L4TS07.swf,,migrations/course-g05-l04-ts-007/audit/machine/g5-l4-pre-runtime-swf-definition-inventory.csv,955f2a8c83ce121d9a3979463c51f6c3d893b2b79cb7bfa250fe591d515a02e7,CSV definition-index record for DefineShape3,,,"projection only; no asset bytes exported, transformed, redrawn, or generated",machine-extracted-structural-candidate,owner-provided SWF,"container=root; definitionDepth=0; tagOrdinal=1789; payloadBytes=286; rawTagPayloadSha256=7bc7b021a18a016e180289798ff984ebebfaa22abba09d669ed6632d38b5d557; exactTagIdentitySha256=96a90dffb8681d3046443d8ff56a2d3b9f16ccbe637528ac01af0add48850ed8; runtime reachability unresolved; placement and bounds unresolved; renderer suitability unresolved; machineDefinitionIndexSha256=955f2a8c83ce121d9a3979463c51f6c3d893b2b79cb7bfa250fe591d515a02e7; Structural/static source-derived candidate only. The exported_file is the shared machine definition-index evidence, not a visual or renderer asset export. It is not an authoritative original-runtime baseline and establishes no runtime reachability, placement, asset usage, visual appearance, renderer suitability, human or owner acceptance, strict completion, or publication."
swf-definition-01790,264,,structural-shape-definition-candidate,source-assets/flash/HELP MATH_ORIGINAL FILES/HELP_COURSES/ELMGR5/L4/TS/L4TS07.swf,,migrations/course-g05-l04-ts-007/audit/machine/g5-l4-pre-runtime-swf-definition-inventory.csv,955f2a8c83ce121d9a3979463c51f6c3d893b2b79cb7bfa250fe591d515a02e7,CSV definition-index record for DefineShape3,,,"projection only; no asset bytes exported, transformed, redrawn, or generated",machine-extracted-structural-candidate,owner-provided SWF,"container=root; definitionDepth=0; tagOrdinal=1790; payloadBytes=264; rawTagPayloadSha256=8d98dad8d6a40160808cb7b965d93bd56d2db450ca558d0a97569edcfd6f00d3; exactTagIdentitySha256=91e4f67816b3710c345a40cde0a0b3ebeb92f0407749fd6874cd06cb2a1bb523; runtime reachability unresolved; placement and bounds unresolved; renderer suitability unresolved; machineDefinitionIndexSha256=955f2a8c83ce121d9a3979463c51f6c3d893b2b79cb7bfa250fe591d515a02e7; Structural/static source-derived candidate only. The exported_file is the shared machine definition-index evidence, not a visual or renderer asset export. It is not an authoritative original-runtime baseline and establishes no runtime reachability, placement, asset usage, visual appearance, renderer suitability, human or owner acceptance, strict completion, or publication."
swf-definition-01791,265,,structural-shape-definition-candidate,source-assets/flash/HELP MATH_ORIGINAL FILES/HELP_COURSES/ELMGR5/L4/TS/L4TS07.swf,,migrations/course-g05-l04-ts-007/audit/machine/g5-l4-pre-runtime-swf-definition-inventory.csv,955f2a8c83ce121d9a3979463c51f6c3d893b2b79cb7bfa250fe591d515a02e7,CSV definition-index record for DefineShape3,,,"projection only; no asset bytes exported, transformed, redrawn, or generated",machine-extracted-structural-candidate,owner-provided SWF,"container=root; definitionDepth=0; tagOrdinal=1791; payloadBytes=123; rawTagPayloadSha256=6b4f1fe2606deb66e34f8360d08b042cfd5e3ccf2f47585b0815f8c226141651; exactTagIdentitySha256=11989d74684f95dc99ae32c48e5637278ab71aa46fc296fa08a17ff92e7a1af9; runtime reachability unresolved; placement and bounds unresolved; renderer suitability unresolved; machineDefinitionIndexSha256=955f2a8c83ce121d9a3979463c51f6c3d893b2b79cb7bfa250fe591d515a02e7; Structural/static source-derived candidate only. The exported_file is the shared machine definition-index evidence, not a visual or renderer asset export. It is not an authoritative original-runtime baseline and establishes no runtime reachability, placement, asset usage, visual appearance, renderer suitability, human or owner acceptance, strict completion, or publication."
swf-definition-01792,266,,structural-shape-definition-candidate,source-assets/flash/HELP MATH_ORIGINAL FILES/HELP_COURSES/ELMGR5/L4/TS/L4TS07.swf,,migrations/course-g05-l04-ts-007/audit/machine/g5-l4-pre-runtime-swf-definition-inventory.csv,955f2a8c83ce121d9a3979463c51f6c3d893b2b79cb7bfa250fe591d515a02e7,CSV definition-index record for DefineShape3,,,"projection only; no asset bytes exported, transformed, redrawn, or generated",machine-extracted-structural-candidate,owner-provided SWF,"container=root; definitionDepth=0; tagOrdinal=1792; payloadBytes=929; rawTagPayloadSha256=0873671260ad3f5a41efedd1dc04c1219e8319f9ce2d2115e1dc7be7c82f1210; exactTagIdentitySha256=368b2f11ac24d78ba836f3cc318b215c39ccbb19b886e796cb119b4f435b3ff0; runtime reachability unresolved; placement and bounds unresolved; renderer suitability unresolved; machineDefinitionIndexSha256=955f2a8c83ce121d9a3979463c51f6c3d893b2b79cb7bfa250fe591d515a02e7; Structural/static source-derived candidate only. The exported_file is the shared machine definition-index evidence, not a visual or renderer asset export. It is not an authoritative original-runtime baseline and establishes no runtime reachability, placement, asset usage, visual appearance, renderer suitability, human or owner acceptance, strict completion, or publication."
swf-definition-01793,267,,structural-shape-definition-candidate,source-assets/flash/HELP MATH_ORIGINAL FILES/HELP_COURSES/ELMGR5/L4/TS/L4TS07.swf,,migrations/course-g05-l04-ts-007/audit/machine/g5-l4-pre-runtime-swf-definition-inventory.csv,955f2a8c83ce121d9a3979463c51f6c3d893b2b79cb7bfa250fe591d515a02e7,CSV definition-index record for DefineShape3,,,"projection only; no asset bytes exported, transformed, redrawn, or generated",machine-extracted-structural-candidate,owner-provided SWF,"container=root; definitionDepth=0; tagOrdinal=1793; payloadBytes=271; rawTagPayloadSha256=f6d26d51f44e42729f9df9b2dfa7555fc3b1c037f813d50daeee720888946bc1; exactTagIdentitySha256=1c80a0e05f332bc5cda57c995315b2633202f12fefbfe5f1521a2caca001be11; runtime reachability unresolved; placement and bounds unresolved; renderer suitability unresolved; machineDefinitionIndexSha256=955f2a8c83ce121d9a3979463c51f6c3d893b2b79cb7bfa250fe591d515a02e7; Structural/static source-derived candidate only. The exported_file is the shared machine definition-index evidence, not a visual or renderer asset export. It is not an authoritative original-runtime baseline and establishes no runtime reachability, placement, asset usage, visual appearance, renderer suitability, human or owner acceptance, strict completion, or publication."
swf-definition-01794,268,,structural-shape-definition-candidate,source-assets/flash/HELP MATH_ORIGINAL FILES/HELP_COURSES/ELMGR5/L4/TS/L4TS07.swf,,migrations/course-g05-l04-ts-007/audit/machine/g5-l4-pre-runtime-swf-definition-inventory.csv,955f2a8c83ce121d9a3979463c51f6c3d893b2b79cb7bfa250fe591d515a02e7,CSV definition-index record for DefineShape3,,,"projection only; no asset bytes exported, transformed, redrawn, or generated",machine-extracted-structural-candidate,owner-provided SWF,"container=root; definitionDepth=0; tagOrdinal=1794; payloadBytes=178; rawTagPayloadSha256=5d894c677c22c8b613707c279e000a72a81aad10a11780d0fd5da2f20c25e8ac; exactTagIdentitySha256=f16722dfb2e57b2f615b7cb2be59df46fef728b4889fb7cd4e712f446cd0346a; runtime reachability unresolved; placement and bounds unresolved; renderer suitability unresolved; machineDefinitionIndexSha256=955f2a8c83ce121d9a3979463c51f6c3d893b2b79cb7bfa250fe591d515a02e7; Structural/static source-derived candidate only. The exported_file is the shared machine definition-index evidence, not a visual or renderer asset export. It is not an authoritative original-runtime baseline and establishes no runtime reachability, placement, asset usage, visual appearance, renderer suitability, human or owner acceptance, strict completion, or publication."
swf-definition-01795,269,,structural-sprite-definition-candidate,source-assets/flash/HELP MATH_ORIGINAL FILES/HELP_COURSES/ELMGR5/L4/TS/L4TS07.swf,,migrations/course-g05-l04-ts-007/audit/machine/g5-l4-pre-runtime-swf-definition-inventory.csv,955f2a8c83ce121d9a3979463c51f6c3d893b2b79cb7bfa250fe591d515a02e7,CSV definition-index record for DefineSprite,,,"projection only; no asset bytes exported, transformed, redrawn, or generated",machine-extracted-structural-candidate,owner-provided SWF,"container=root; definitionDepth=0; tagOrdinal=1795; payloadBytes=12597; rawTagPayloadSha256=e4b8f4a3eb2f8f9f5c1460b475a5cb233d011ed1ad6d7bf194429ee487e65d53; exactTagIdentitySha256=37b659f8663bc9deb5ecf232b303be7b6be3311252a6c19a1c5bc01fbadcc8a2; declaredFrameCount=28; runtime reachability unresolved; placement and bounds unresolved; renderer suitability unresolved; machineDefinitionIndexSha256=955f2a8c83ce121d9a3979463c51f6c3d893b2b79cb7bfa250fe591d515a02e7; Structural/static source-derived candidate only. The exported_file is the shared machine definition-index evidence, not a visual or renderer asset export. It is not an authoritative original-runtime baseline and establishes no runtime reachability, placement, asset usage, visual appearance, renderer suitability, human or owner acceptance, strict completion, or publication."
swf-definition-01919,270,,structural-morph-definition-candidate,source-assets/flash/HELP MATH_ORIGINAL FILES/HELP_COURSES/ELMGR5/L4/TS/L4TS07.swf,,migrations/course-g05-l04-ts-007/audit/machine/g5-l4-pre-runtime-swf-definition-inventory.csv,955f2a8c83ce121d9a3979463c51f6c3d893b2b79cb7bfa250fe591d515a02e7,CSV definition-index record for DefineMorphShape,,,"projection only; no asset bytes exported, transformed, redrawn, or generated",machine-extracted-structural-candidate,owner-provided SWF,"container=root; definitionDepth=0; tagOrdinal=1919; payloadBytes=412; rawTagPayloadSha256=2ae48a685142e4680f9cd0f368bf2b80d244421f7844f13733597327465bcc1f; exactTagIdentitySha256=ccf73ec4d488d0cecdbed0d14da8eac791192098168fb2d8dc1269532e436d19; runtime reachability unresolved; placement and bounds unresolved; renderer suitability unresolved; machineDefinitionIndexSha256=955f2a8c83ce121d9a3979463c51f6c3d893b2b79cb7bfa250fe591d515a02e7; Structural/static source-derived candidate only. The exported_file is the shared machine definition-index evidence, not a visual or renderer asset export. It is not an authoritative original-runtime baseline and establishes no runtime reachability, placement, asset usage, visual appearance, renderer suitability, human or owner acceptance, strict completion, or publication."
swf-definition-01920,271,,structural-morph-definition-candidate,source-assets/flash/HELP MATH_ORIGINAL FILES/HELP_COURSES/ELMGR5/L4/TS/L4TS07.swf,,migrations/course-g05-l04-ts-007/audit/machine/g5-l4-pre-runtime-swf-definition-inventory.csv,955f2a8c83ce121d9a3979463c51f6c3d893b2b79cb7bfa250fe591d515a02e7,CSV definition-index record for DefineMorphShape,,,"projection only; no asset bytes exported, transformed, redrawn, or generated",machine-extracted-structural-candidate,owner-provided SWF,"container=root; definitionDepth=0; tagOrdinal=1920; payloadBytes=452; rawTagPayloadSha256=8eb9a8f4aa4b1421a44467275cbb077e0ff6b10f8b2b069c286385163fafd76a; exactTagIdentitySha256=4f66c30d4471e271d56807143ace840bd528a654cab0f67f290afbe83dfa1140; runtime reachability unresolved; placement and bounds unresolved; renderer suitability unresolved; machineDefinitionIndexSha256=955f2a8c83ce121d9a3979463c51f6c3d893b2b79cb7bfa250fe591d515a02e7; Structural/static source-derived candidate only. The exported_file is the shared machine definition-index evidence, not a visual or renderer asset export. It is not an authoritative original-runtime baseline and establishes no runtime reachability, placement, asset usage, visual appearance, renderer suitability, human or owner acceptance, strict completion, or publication."
swf-definition-01921,272,,structural-shape-definition-candidate,source-assets/flash/HELP MATH_ORIGINAL FILES/HELP_COURSES/ELMGR5/L4/TS/L4TS07.swf,,migrations/course-g05-l04-ts-007/audit/machine/g5-l4-pre-runtime-swf-definition-inventory.csv,955f2a8c83ce121d9a3979463c51f6c3d893b2b79cb7bfa250fe591d515a02e7,CSV definition-index record for DefineShape,,,"projection only; no asset bytes exported, transformed, redrawn, or generated",machine-extracted-structural-candidate,owner-provided SWF,"container=root; definitionDepth=0; tagOrdinal=1921; payloadBytes=176; rawTagPayloadSha256=4713968d9e0f2e698f4ea0203d10dc5411bbee5985a731f27c05a73b2426e5e6; exactTagIdentitySha256=b91155f57bb546863df641e884e369b530f483def19a937af671f0327bc2c200; runtime reachability unresolved; placement and bounds unresolved; renderer suitability unresolved; machineDefinitionIndexSha256=955f2a8c83ce121d9a3979463c51f6c3d893b2b79cb7bfa250fe591d515a02e7; Structural/static source-derived candidate only. The exported_file is the shared machine definition-index evidence, not a visual or renderer asset export. It is not an authoritative original-runtime baseline and establishes no runtime reachability, placement, asset usage, visual appearance, renderer suitability, human or owner acceptance, strict completion, or publication."
swf-definition-01922,273,,structural-shape-definition-candidate,source-assets/flash/HELP MATH_ORIGINAL FILES/HELP_COURSES/ELMGR5/L4/TS/L4TS07.swf,,migrations/course-g05-l04-ts-007/audit/machine/g5-l4-pre-runtime-swf-definition-inventory.csv,955f2a8c83ce121d9a3979463c51f6c3d893b2b79cb7bfa250fe591d515a02e7,CSV definition-index record for DefineShape,,,"projection only; no asset bytes exported, transformed, redrawn, or generated",machine-extracted-structural-candidate,owner-provided SWF,"container=root; definitionDepth=0; tagOrdinal=1922; payloadBytes=93; rawTagPayloadSha256=467feedcbbb50dc4eae3d85bd44a2efafd670791d79b24eb9d3135bfba05a3da; exactTagIdentitySha256=0f84c615b498348985a0597e71b5fdc0a936a6cbd86dd7ade9c67441e652ec83; runtime reachability unresolved; placement and bounds unresolved; renderer suitability unresolved; machineDefinitionIndexSha256=955f2a8c83ce121d9a3979463c51f6c3d893b2b79cb7bfa250fe591d515a02e7; Structural/static source-derived candidate only. The exported_file is the shared machine definition-index evidence, not a visual or renderer asset export. It is not an authoritative original-runtime baseline and establishes no runtime reachability, placement, asset usage, visual appearance, renderer suitability, human or owner acceptance, strict completion, or publication."
swf-definition-01923,274,,structural-sprite-definition-candidate,source-assets/flash/HELP MATH_ORIGINAL FILES/HELP_COURSES/ELMGR5/L4/TS/L4TS07.swf,,migrations/course-g05-l04-ts-007/audit/machine/g5-l4-pre-runtime-swf-definition-inventory.csv,955f2a8c83ce121d9a3979463c51f6c3d893b2b79cb7bfa250fe591d515a02e7,CSV definition-index record for DefineSprite,,,"projection only; no asset bytes exported, transformed, redrawn, or generated",machine-extracted-structural-candidate,owner-provided SWF,"container=root; definitionDepth=0; tagOrdinal=1923; payloadBytes=16; rawTagPayloadSha256=429742dfcf066d2a83222a2673909c670892e21d2d7fd58d3f6ff4f01e1f7760; exactTagIdentitySha256=b57bbd9f112df8bd81665501ec274a3c8a1a71fda95a58aba746218460b59c40; declaredFrameCount=1; runtime reachability unresolved; placement and bounds unresolved; renderer suitability unresolved; machineDefinitionIndexSha256=955f2a8c83ce121d9a3979463c51f6c3d893b2b79cb7bfa250fe591d515a02e7; Structural/static source-derived candidate only. The exported_file is the shared machine definition-index evidence, not a visual or renderer asset export. It is not an authoritative original-runtime baseline and establishes no runtime reachability, placement, asset usage, visual appearance, renderer suitability, human or owner acceptance, strict completion, or publication."
swf-definition-01927,275,,structural-shape-definition-candidate,source-assets/flash/HELP MATH_ORIGINAL FILES/HELP_COURSES/ELMGR5/L4/TS/L4TS07.swf,,migrations/course-g05-l04-ts-007/audit/machine/g5-l4-pre-runtime-swf-definition-inventory.csv,955f2a8c83ce121d9a3979463c51f6c3d893b2b79cb7bfa250fe591d515a02e7,CSV definition-index record for DefineShape3,,,"projection only; no asset bytes exported, transformed, redrawn, or generated",machine-extracted-structural-candidate,owner-provided SWF,"container=root; definitionDepth=0; tagOrdinal=1927; payloadBytes=143; rawTagPayloadSha256=8988a846b04871251fd3690e62aad5fcab8fbb3ccfa23f4ad35901666be0052e; exactTagIdentitySha256=a733985c9e14ae3ec354343f39cdb6959fa447f7d23e2d6ad6781e7d62f4c650; runtime reachability unresolved; placement and bounds unresolved; renderer suitability unresolved; machineDefinitionIndexSha256=955f2a8c83ce121d9a3979463c51f6c3d893b2b79cb7bfa250fe591d515a02e7; Structural/static source-derived candidate only. The exported_file is the shared machine definition-index evidence, not a visual or renderer asset export. It is not an authoritative original-runtime baseline and establishes no runtime reachability, placement, asset usage, visual appearance, renderer suitability, human or owner acceptance, strict completion, or publication."
swf-definition-01928,276,,structural-shape-definition-candidate,source-assets/flash/HELP MATH_ORIGINAL FILES/HELP_COURSES/ELMGR5/L4/TS/L4TS07.swf,,migrations/course-g05-l04-ts-007/audit/machine/g5-l4-pre-runtime-swf-definition-inventory.csv,955f2a8c83ce121d9a3979463c51f6c3d893b2b79cb7bfa250fe591d515a02e7,CSV definition-index record for DefineShape3,,,"projection only; no asset bytes exported, transformed, redrawn, or generated",machine-extracted-structural-candidate,owner-provided SWF,"container=root; definitionDepth=0; tagOrdinal=1928; payloadBytes=231; rawTagPayloadSha256=6e656e9d518be54aba468d49d3fa392bd8d75bd41c5e9002650c43ce97e6bedc; exactTagIdentitySha256=226be2dc4e1fbcc358ba9b8a9141cc30aaff20e9a34b5abc9035acd11e9eb131; runtime reachability unresolved; placement and bounds unresolved; renderer suitability unresolved; machineDefinitionIndexSha256=955f2a8c83ce121d9a3979463c51f6c3d893b2b79cb7bfa250fe591d515a02e7; Structural/static source-derived candidate only. The exported_file is the shared machine definition-index evidence, not a visual or renderer asset export. It is not an authoritative original-runtime baseline and establishes no runtime reachability, placement, asset usage, visual appearance, renderer suitability, human or owner acceptance, strict completion, or publication."
swf-definition-01929,277,,structural-font-definition-candidate,source-assets/flash/HELP MATH_ORIGINAL FILES/HELP_COURSES/ELMGR5/L4/TS/L4TS07.swf,,migrations/course-g05-l04-ts-007/audit/machine/g5-l4-pre-runtime-swf-definition-inventory.csv,955f2a8c83ce121d9a3979463c51f6c3d893b2b79cb7bfa250fe591d515a02e7,CSV definition-index record for DefineFont2,,5,"projection only; no asset bytes exported, transformed, redrawn, or generated",machine-extracted-structural-candidate,owner-provided SWF,"swfEmbeddedFontName=Arial; container=root; definitionDepth=0; tagOrdinal=1929; payloadBytes=233; rawTagPayloadSha256=1e4cbe370a351c4ef3d438a3cfd32994a68757e9aecfcc68bdb407cceca8332c; exactTagIdentitySha256=9062efcd62584dbe45aff83a808b0daf0043032b17fab5f0019a1ded8d62fa61; runtime reachability unresolved; placement and bounds unresolved; renderer suitability unresolved; machineDefinitionIndexSha256=955f2a8c83ce121d9a3979463c51f6c3d893b2b79cb7bfa250fe591d515a02e7; Structural/static source-derived candidate only. The exported_file is the shared machine definition-index evidence, not a visual or renderer asset export. It is not an authoritative original-runtime baseline and establishes no runtime reachability, placement, asset usage, visual appearance, renderer suitability, human or owner acceptance, strict completion, or publication."
swf-definition-01931,278,,structural-text-definition-candidate,source-assets/flash/HELP MATH_ORIGINAL FILES/HELP_COURSES/ELMGR5/L4/TS/L4TS07.swf,,migrations/course-g05-l04-ts-007/audit/machine/g5-l4-pre-runtime-swf-definition-inventory.csv,955f2a8c83ce121d9a3979463c51f6c3d893b2b79cb7bfa250fe591d515a02e7,CSV definition-index record for DefineText,,,"projection only; no asset bytes exported, transformed, redrawn, or generated",machine-extracted-structural-candidate,owner-provided SWF,"container=root; definitionDepth=0; tagOrdinal=1931; payloadBytes=39; rawTagPayloadSha256=7925b7875fb09ff3711e5f8c430f72785faf66efa9c87d951197ec5becb7ea4d; exactTagIdentitySha256=30642a2112669e2f17763ae9d24d7cdbc4d6b15a26e3cad01a43445cb17280fe; runtime reachability unresolved; placement and bounds unresolved; renderer suitability unresolved; machineDefinitionIndexSha256=955f2a8c83ce121d9a3979463c51f6c3d893b2b79cb7bfa250fe591d515a02e7; Structural/static source-derived candidate only. The exported_file is the shared machine definition-index evidence, not a visual or renderer asset export. It is not an authoritative original-runtime baseline and establishes no runtime reachability, placement, asset usage, visual appearance, renderer suitability, human or owner acceptance, strict completion, or publication."
swf-definition-01932,279,,structural-text-definition-candidate,source-assets/flash/HELP MATH_ORIGINAL FILES/HELP_COURSES/ELMGR5/L4/TS/L4TS07.swf,,migrations/course-g05-l04-ts-007/audit/machine/g5-l4-pre-runtime-swf-definition-inventory.csv,955f2a8c83ce121d9a3979463c51f6c3d893b2b79cb7bfa250fe591d515a02e7,CSV definition-index record for DefineText,,,"projection only; no asset bytes exported, transformed, redrawn, or generated",machine-extracted-structural-candidate,owner-provided SWF,"container=root; definitionDepth=0; tagOrdinal=1932; payloadBytes=39; rawTagPayloadSha256=ca2f598c1ae060bda76ed0efa496a432ca6ef78b9153fa9dd3cf5d8d8795455f; exactTagIdentitySha256=af989297509eac6aab8be19f64ac75ca9058c9f0af1abf66c0e10e156467e445; runtime reachability unresolved; placement and bounds unresolved; renderer suitability unresolved; machineDefinitionIndexSha256=955f2a8c83ce121d9a3979463c51f6c3d893b2b79cb7bfa250fe591d515a02e7; Structural/static source-derived candidate only. The exported_file is the shared machine definition-index evidence, not a visual or renderer asset export. It is not an authoritative original-runtime baseline and establishes no runtime reachability, placement, asset usage, visual appearance, renderer suitability, human or owner acceptance, strict completion, or publication."
swf-definition-01933,280,,structural-morph-definition-candidate,source-assets/flash/HELP MATH_ORIGINAL FILES/HELP_COURSES/ELMGR5/L4/TS/L4TS07.swf,,migrations/course-g05-l04-ts-007/audit/machine/g5-l4-pre-runtime-swf-definition-inventory.csv,955f2a8c83ce121d9a3979463c51f6c3d893b2b79cb7bfa250fe591d515a02e7,CSV definition-index record for DefineMorphShape,,,"projection only; no asset bytes exported, transformed, redrawn, or generated",machine-extracted-structural-candidate,owner-provided SWF,"container=root; definitionDepth=0; tagOrdinal=1933; payloadBytes=451; rawTagPayloadSha256=c9a5059533c27456aea3545ac743088831c0daea3597c3cbaa5fd8ba3aaea202; exactTagIdentitySha256=fa83ed3d9df47f6b0c2aab103281a13c852e0bfb9718d9e20eaf64dbac39d846; runtime reachability unresolved; placement and bounds unresolved; renderer suitability unresolved; machineDefinitionIndexSha256=955f2a8c83ce121d9a3979463c51f6c3d893b2b79cb7bfa250fe591d515a02e7; Structural/static source-derived candidate only. The exported_file is the shared machine definition-index evidence, not a visual or renderer asset export. It is not an authoritative original-runtime baseline and establishes no runtime reachability, placement, asset usage, visual appearance, renderer suitability, human or owner acceptance, strict completion, or publication."
swf-definition-01934,281,,structural-morph-definition-candidate,source-assets/flash/HELP MATH_ORIGINAL FILES/HELP_COURSES/ELMGR5/L4/TS/L4TS07.swf,,migrations/course-g05-l04-ts-007/audit/machine/g5-l4-pre-runtime-swf-definition-inventory.csv,955f2a8c83ce121d9a3979463c51f6c3d893b2b79cb7bfa250fe591d515a02e7,CSV definition-index record for DefineMorphShape,,,"projection only; no asset bytes exported, transformed, redrawn, or generated",machine-extracted-structural-candidate,owner-provided SWF,"container=root; definitionDepth=0; tagOrdinal=1934; payloadBytes=412; rawTagPayloadSha256=008136dc2f6a728a8139e97c94bab2a471c6c777b2a68a17ee5d9c4b5a226dd3; exactTagIdentitySha256=79a029201e60a4ce40c03e673baeae73fa56b456c94a139f59777c39ebf14fa3; runtime reachability unresolved; placement and bounds unresolved; renderer suitability unresolved; machineDefinitionIndexSha256=955f2a8c83ce121d9a3979463c51f6c3d893b2b79cb7bfa250fe591d515a02e7; Structural/static source-derived candidate only. The exported_file is the shared machine definition-index evidence, not a visual or renderer asset export. It is not an authoritative original-runtime baseline and establishes no runtime reachability, placement, asset usage, visual appearance, renderer suitability, human or owner acceptance, strict completion, or publication."
swf-definition-01935,282,,structural-shape-definition-candidate,source-assets/flash/HELP MATH_ORIGINAL FILES/HELP_COURSES/ELMGR5/L4/TS/L4TS07.swf,,migrations/course-g05-l04-ts-007/audit/machine/g5-l4-pre-runtime-swf-definition-inventory.csv,955f2a8c83ce121d9a3979463c51f6c3d893b2b79cb7bfa250fe591d515a02e7,CSV definition-index record for DefineShape3,,,"projection only; no asset bytes exported, transformed, redrawn, or generated",machine-extracted-structural-candidate,owner-provided SWF,"container=root; definitionDepth=0; tagOrdinal=1935; payloadBytes=148; rawTagPayloadSha256=1bd1a0ef32acb6652291b218390207d0692246623b6592bd7dd13ad8d2a7e7f2; exactTagIdentitySha256=00641af1c49d83d7e73b4228e9b7484ec30fe33186413c9fcd0a27592061dd73; runtime reachability unresolved; placement and bounds unresolved; renderer suitability unresolved; machineDefinitionIndexSha256=955f2a8c83ce121d9a3979463c51f6c3d893b2b79cb7bfa250fe591d515a02e7; Structural/static source-derived candidate only. The exported_file is the shared machine definition-index evidence, not a visual or renderer asset export. It is not an authoritative original-runtime baseline and establishes no runtime reachability, placement, asset usage, visual appearance, renderer suitability, human or owner acceptance, strict completion, or publication."
swf-definition-01936,283,,structural-sprite-definition-candidate,source-assets/flash/HELP MATH_ORIGINAL FILES/HELP_COURSES/ELMGR5/L4/TS/L4TS07.swf,,migrations/course-g05-l04-ts-007/audit/machine/g5-l4-pre-runtime-swf-definition-inventory.csv,955f2a8c83ce121d9a3979463c51f6c3d893b2b79cb7bfa250fe591d515a02e7,CSV definition-index record for DefineSprite,,,"projection only; no asset bytes exported, transformed, redrawn, or generated",machine-extracted-structural-candidate,owner-provided SWF,"container=root; definitionDepth=0; tagOrdinal=1936; payloadBytes=13321; rawTagPayloadSha256=f66c70c1f583e2545cff6d0ac5128616c16d22ae0795cc56a9dabdb24e80c530; exactTagIdentitySha256=c8692dd1ee8844ba8a777b68960bf149f1c861cf44db3bee6e9398cc408ca703; declaredFrameCount=31; runtime reachability unresolved; placement and bounds unresolved; renderer suitability unresolved; machineDefinitionIndexSha256=955f2a8c83ce121d9a3979463c51f6c3d893b2b79cb7bfa250fe591d515a02e7; Structural/static source-derived candidate only. The exported_file is the shared machine definition-index evidence, not a visual or renderer asset export. It is not an authoritative original-runtime baseline and establishes no runtime reachability, placement, asset usage, visual appearance, renderer suitability, human or owner acceptance, strict completion, or publication."
swf-definition-02057,284,,structural-shape-definition-candidate,source-assets/flash/HELP MATH_ORIGINAL FILES/HELP_COURSES/ELMGR5/L4/TS/L4TS07.swf,,migrations/course-g05-l04-ts-007/audit/machine/g5-l4-pre-runtime-swf-definition-inventory.csv,955f2a8c83ce121d9a3979463c51f6c3d893b2b79cb7bfa250fe591d515a02e7,CSV definition-index record for DefineShape3,,,"projection only; no asset bytes exported, transformed, redrawn, or generated",machine-extracted-structural-candidate,owner-provided SWF,"container=root; definitionDepth=0; tagOrdinal=2057; payloadBytes=4269; rawTagPayloadSha256=14e9ee7d30f4271154defee934ca4107e1062c110a0aa60352b9bf325f1575e6; exactTagIdentitySha256=d05ce53e685d0c78b1a108549da43bfd0d396bf7f6ca7c6ad854a02465965a09; runtime reachability unresolved; placement and bounds unresolved; renderer suitability unresolved; machineDefinitionIndexSha256=955f2a8c83ce121d9a3979463c51f6c3d893b2b79cb7bfa250fe591d515a02e7; Structural/static source-derived candidate only. The exported_file is the shared machine definition-index evidence, not a visual or renderer asset export. It is not an authoritative original-runtime baseline and establishes no runtime reachability, placement, asset usage, visual appearance, renderer suitability, human or owner acceptance, strict completion, or publication."
swf-definition-02058,285,,structural-morph-definition-candidate,source-assets/flash/HELP MATH_ORIGINAL FILES/HELP_COURSES/ELMGR5/L4/TS/L4TS07.swf,,migrations/course-g05-l04-ts-007/audit/machine/g5-l4-pre-runtime-swf-definition-inventory.csv,955f2a8c83ce121d9a3979463c51f6c3d893b2b79cb7bfa250fe591d515a02e7,CSV definition-index record for DefineMorphShape,,,"projection only; no asset bytes exported, transformed, redrawn, or generated",machine-extracted-structural-candidate,owner-provided SWF,"container=root; definitionDepth=0; tagOrdinal=2058; payloadBytes=76; rawTagPayloadSha256=98e98531b03f9d43e1e2317afc6c36a25d54a4def2e1884e58e74d88ced9dd91; exactTagIdentitySha256=46919c406c09ab0329914e36c5cfa923a2a35f6dbfda06e181550ecb3338b346; runtime reachability unresolved; placement and bounds unresolved; renderer suitability unresolved; machineDefinitionIndexSha256=955f2a8c83ce121d9a3979463c51f6c3d893b2b79cb7bfa250fe591d515a02e7; Structural/static source-derived candidate only. The exported_file is the shared machine definition-index evidence, not a visual or renderer asset export. It is not an authoritative original-runtime baseline and establishes no runtime reachability, placement, asset usage, visual appearance, renderer suitability, human or owner acceptance, strict completion, or publication."
swf-definition-02059,286,,structural-shape-definition-candidate,source-assets/flash/HELP MATH_ORIGINAL FILES/HELP_COURSES/ELMGR5/L4/TS/L4TS07.swf,,migrations/course-g05-l04-ts-007/audit/machine/g5-l4-pre-runtime-swf-definition-inventory.csv,955f2a8c83ce121d9a3979463c51f6c3d893b2b79cb7bfa250fe591d515a02e7,CSV definition-index record for DefineShape3,,,"projection only; no asset bytes exported, transformed, redrawn, or generated",machine-extracted-structural-candidate,owner-provided SWF,"container=root; definitionDepth=0; tagOrdinal=2059; payloadBytes=1006; rawTagPayloadSha256=8bb06ac9ebf6c6a22bf61c0dfcbb3ce743e80ede537861bce2b2347c3dbe9864; exactTagIdentitySha256=6018fd7a6aff59b879d68b5a90dd319e57ce0883ab2abd0db3c5717662c8b306; runtime reachability unresolved; placement and bounds unresolved; renderer suitability unresolved; machineDefinitionIndexSha256=955f2a8c83ce121d9a3979463c51f6c3d893b2b79cb7bfa250fe591d515a02e7; Structural/static source-derived candidate only. The exported_file is the shared machine definition-index evidence, not a visual or renderer asset export. It is not an authoritative original-runtime baseline and establishes no runtime reachability, placement, asset usage, visual appearance, renderer suitability, human or owner acceptance, strict completion, or publication."
swf-definition-02060,287,,structural-shape-definition-candidate,source-assets/flash/HELP MATH_ORIGINAL FILES/HELP_COURSES/ELMGR5/L4/TS/L4TS07.swf,,migrations/course-g05-l04-ts-007/audit/machine/g5-l4-pre-runtime-swf-definition-inventory.csv,955f2a8c83ce121d9a3979463c51f6c3d893b2b79cb7bfa250fe591d515a02e7,CSV definition-index record for DefineShape2,,,"projection only; no asset bytes exported, transformed, redrawn, or generated",machine-extracted-structural-candidate,owner-provided SWF,"container=root; definitionDepth=0; tagOrdinal=2060; payloadBytes=1062; rawTagPayloadSha256=e6c3f492068bafd8abcca228fdc54f5bede237cd60bb1b1b0aa2d2c445e4f9aa; exactTagIdentitySha256=a1d497e4799e357b3f1ca36c4d4a988a2ce8dc320be6d4d0875151d1a07073d7; runtime reachability unresolved; placement and bounds unresolved; renderer suitability unresolved; machineDefinitionIndexSha256=955f2a8c83ce121d9a3979463c51f6c3d893b2b79cb7bfa250fe591d515a02e7; Structural/static source-derived candidate only. The exported_file is the shared machine definition-index evidence, not a visual or renderer asset export. It is not an authoritative original-runtime baseline and establishes no runtime reachability, placement, asset usage, visual appearance, renderer suitability, human or owner acceptance, strict completion, or publication."
swf-definition-02061,288,,structural-morph-definition-candidate,source-assets/flash/HELP MATH_ORIGINAL FILES/HELP_COURSES/ELMGR5/L4/TS/L4TS07.swf,,migrations/course-g05-l04-ts-007/audit/machine/g5-l4-pre-runtime-swf-definition-inventory.csv,955f2a8c83ce121d9a3979463c51f6c3d893b2b79cb7bfa250fe591d515a02e7,CSV definition-index record for DefineMorphShape,,,"projection only; no asset bytes exported, transformed, redrawn, or generated",machine-extracted-structural-candidate,owner-provided SWF,"container=root; definitionDepth=0; tagOrdinal=2061; payloadBytes=77; rawTagPayloadSha256=5af65afcd1d66fe4db1236fc778f2d0e70e834d1a2437c2a5250247b1ef1ff29; exactTagIdentitySha256=979c32189bcef19e3716b8f5c575489543ec0fee3dadc06f83fa1a9c2d6f4fc7; runtime reachability unresolved; placement and bounds unresolved; renderer suitability unresolved; machineDefinitionIndexSha256=955f2a8c83ce121d9a3979463c51f6c3d893b2b79cb7bfa250fe591d515a02e7; Structural/static source-derived candidate only. The exported_file is the shared machine definition-index evidence, not a visual or renderer asset export. It is not an authoritative original-runtime baseline and establishes no runtime reachability, placement, asset usage, visual appearance, renderer suitability, human or owner acceptance, strict completion, or publication."
swf-definition-02062,289,,structural-font-definition-candidate,source-assets/flash/HELP MATH_ORIGINAL FILES/HELP_COURSES/ELMGR5/L4/TS/L4TS07.swf,,migrations/course-g05-l04-ts-007/audit/machine/g5-l4-pre-runtime-swf-definition-inventory.csv,955f2a8c83ce121d9a3979463c51f6c3d893b2b79cb7bfa250fe591d515a02e7,CSV definition-index record for DefineFont2,,10,"projection only; no asset bytes exported, transformed, redrawn, or generated",machine-extracted-structural-candidate,owner-provided SWF,"swfEmbeddedFontName=Bertram LET; container=root; definitionDepth=0; tagOrdinal=2062; payloadBytes=966; rawTagPayloadSha256=6b32c62a15b43df739b4cb94913415714d17ee60e2d0a7ca4ce156aa031cb49b; exactTagIdentitySha256=a44abf7a7ebf139be018d7e43f127d4b428014c2c43cd3b15b15e41df3397605; runtime reachability unresolved; placement and bounds unresolved; renderer suitability unresolved; machineDefinitionIndexSha256=955f2a8c83ce121d9a3979463c51f6c3d893b2b79cb7bfa250fe591d515a02e7; Structural/static source-derived candidate only. The exported_file is the shared machine definition-index evidence, not a visual or renderer asset export. It is not an authoritative original-runtime baseline and establishes no runtime reachability, placement, asset usage, visual appearance, renderer suitability, human or owner acceptance, strict completion, or publication."
swf-definition-02064,290,,structural-text-definition-candidate,source-assets/flash/HELP MATH_ORIGINAL FILES/HELP_COURSES/ELMGR5/L4/TS/L4TS07.swf,,migrations/course-g05-l04-ts-007/audit/machine/g5-l4-pre-runtime-swf-definition-inventory.csv,955f2a8c83ce121d9a3979463c51f6c3d893b2b79cb7bfa250fe591d515a02e7,CSV definition-index record for DefineText,,,"projection only; no asset bytes exported, transformed, redrawn, or generated",machine-extracted-structural-candidate,owner-provided SWF,"container=root; definitionDepth=0; tagOrdinal=2064; payloadBytes=46; rawTagPayloadSha256=86441f2dbec5abec9c66296333668b6853f0bc6a1327ba8b944d605cb1db5773; exactTagIdentitySha256=bd448bb3e9319027cd8fcc4d62dba835382570802aa2ba645cfdf6945705996b; runtime reachability unresolved; placement and bounds unresolved; renderer suitability unresolved; machineDefinitionIndexSha256=955f2a8c83ce121d9a3979463c51f6c3d893b2b79cb7bfa250fe591d515a02e7; Structural/static source-derived candidate only. The exported_file is the shared machine definition-index evidence, not a visual or renderer asset export. It is not an authoritative original-runtime baseline and establishes no runtime reachability, placement, asset usage, visual appearance, renderer suitability, human or owner acceptance, strict completion, or publication."
swf-definition-02065,291,,structural-morph-definition-candidate,source-assets/flash/HELP MATH_ORIGINAL FILES/HELP_COURSES/ELMGR5/L4/TS/L4TS07.swf,,migrations/course-g05-l04-ts-007/audit/machine/g5-l4-pre-runtime-swf-definition-inventory.csv,955f2a8c83ce121d9a3979463c51f6c3d893b2b79cb7bfa250fe591d515a02e7,CSV definition-index record for DefineMorphShape,,,"projection only; no asset bytes exported, transformed, redrawn, or generated",machine-extracted-structural-candidate,owner-provided SWF,"container=root; definitionDepth=0; tagOrdinal=2065; payloadBytes=77; rawTagPayloadSha256=5f1d19ec95bfdc5e8c510caf2bd8574433272a172ceb9ebe8ef764cd2150e087; exactTagIdentitySha256=7ff68a039c734986eba1b9b127ceaa101c8d1a4c61b5f27df4827d5f3f05b47f; runtime reachability unresolved; placement and bounds unresolved; renderer suitability unresolved; machineDefinitionIndexSha256=955f2a8c83ce121d9a3979463c51f6c3d893b2b79cb7bfa250fe591d515a02e7; Structural/static source-derived candidate only. The exported_file is the shared machine definition-index evidence, not a visual or renderer asset export. It is not an authoritative original-runtime baseline and establishes no runtime reachability, placement, asset usage, visual appearance, renderer suitability, human or owner acceptance, strict completion, or publication."
swf-definition-02066,292,,structural-morph-definition-candidate,source-assets/flash/HELP MATH_ORIGINAL FILES/HELP_COURSES/ELMGR5/L4/TS/L4TS07.swf,,migrations/course-g05-l04-ts-007/audit/machine/g5-l4-pre-runtime-swf-definition-inventory.csv,955f2a8c83ce121d9a3979463c51f6c3d893b2b79cb7bfa250fe591d515a02e7,CSV definition-index record for DefineMorphShape,,,"projection only; no asset bytes exported, transformed, redrawn, or generated",machine-extracted-structural-candidate,owner-provided SWF,"container=root; definitionDepth=0; tagOrdinal=2066; payloadBytes=76; rawTagPayloadSha256=9ecc517a7e4d4c70f491e12627d58af8b65bef44c140bb2636875e2fe1c91813; exactTagIdentitySha256=2fc5e0fae1c6d4509aa33f2bce32873b45d4929b41bf412e3edc3b7ca1ec6d86; runtime reachability unresolved; placement and bounds unresolved; renderer suitability unresolved; machineDefinitionIndexSha256=955f2a8c83ce121d9a3979463c51f6c3d893b2b79cb7bfa250fe591d515a02e7; Structural/static source-derived candidate only. The exported_file is the shared machine definition-index evidence, not a visual or renderer asset export. It is not an authoritative original-runtime baseline and establishes no runtime reachability, placement, asset usage, visual appearance, renderer suitability, human or owner acceptance, strict completion, or publication."
swf-definition-02067,293,,structural-shape-definition-candidate,source-assets/flash/HELP MATH_ORIGINAL FILES/HELP_COURSES/ELMGR5/L4/TS/L4TS07.swf,,migrations/course-g05-l04-ts-007/audit/machine/g5-l4-pre-runtime-swf-definition-inventory.csv,955f2a8c83ce121d9a3979463c51f6c3d893b2b79cb7bfa250fe591d515a02e7,CSV definition-index record for DefineShape3,,,"projection only; no asset bytes exported, transformed, redrawn, or generated",machine-extracted-structural-candidate,owner-provided SWF,"container=root; definitionDepth=0; tagOrdinal=2067; payloadBytes=32; rawTagPayloadSha256=3bdcd3489fc7cad53daffa9c0d71e71cd20c36651dbae197d0a021b7a01c9c0e; exactTagIdentitySha256=e7c84c848c2aa213b0cc700165385e464dbb76ebf32f1a031e9ece7165a586d5; runtime reachability unresolved; placement and bounds unresolved; renderer suitability unresolved; machineDefinitionIndexSha256=955f2a8c83ce121d9a3979463c51f6c3d893b2b79cb7bfa250fe591d515a02e7; Structural/static source-derived candidate only. The exported_file is the shared machine definition-index evidence, not a visual or renderer asset export. It is not an authoritative original-runtime baseline and establishes no runtime reachability, placement, asset usage, visual appearance, renderer suitability, human or owner acceptance, strict completion, or publication."
swf-definition-02068,294,,structural-sprite-definition-candidate,source-assets/flash/HELP MATH_ORIGINAL FILES/HELP_COURSES/ELMGR5/L4/TS/L4TS07.swf,,migrations/course-g05-l04-ts-007/audit/machine/g5-l4-pre-runtime-swf-definition-inventory.csv,955f2a8c83ce121d9a3979463c51f6c3d893b2b79cb7bfa250fe591d515a02e7,CSV definition-index record for DefineSprite,,,"projection only; no asset bytes exported, transformed, redrawn, or generated",machine-extracted-structural-candidate,owner-provided SWF,"container=root; definitionDepth=0; tagOrdinal=2068; payloadBytes=12956; rawTagPayloadSha256=3f1df235cdf3496c812208d209d60ed15e31f6b6068726db3c862447aee9992f; exactTagIdentitySha256=004f0af25852772e989bfa2d1ea0f77cd240faf38129fa6a82b7173127d0dd21; declaredFrameCount=29; runtime reachability unresolved; placement and bounds unresolved; renderer suitability unresolved; machineDefinitionIndexSha256=955f2a8c83ce121d9a3979463c51f6c3d893b2b79cb7bfa250fe591d515a02e7; Structural/static source-derived candidate only. The exported_file is the shared machine definition-index evidence, not a visual or renderer asset export. It is not an authoritative original-runtime baseline and establishes no runtime reachability, placement, asset usage, visual appearance, renderer suitability, human or owner acceptance, strict completion, or publication."
swf-definition-02196,295,,structural-shape-definition-candidate,source-assets/flash/HELP MATH_ORIGINAL FILES/HELP_COURSES/ELMGR5/L4/TS/L4TS07.swf,,migrations/course-g05-l04-ts-007/audit/machine/g5-l4-pre-runtime-swf-definition-inventory.csv,955f2a8c83ce121d9a3979463c51f6c3d893b2b79cb7bfa250fe591d515a02e7,CSV definition-index record for DefineShape3,,,"projection only; no asset bytes exported, transformed, redrawn, or generated",machine-extracted-structural-candidate,owner-provided SWF,"container=root; definitionDepth=0; tagOrdinal=2196; payloadBytes=2737; rawTagPayloadSha256=95114da56e985d5bece17f46846aede5f4bced151d5c2ec5d1968f255af5f133; exactTagIdentitySha256=3c0818dd15d3a729315d1bffefa0af7db8f28c25787b474cd3f77347075f7e8a; runtime reachability unresolved; placement and bounds unresolved; renderer suitability unresolved; machineDefinitionIndexSha256=955f2a8c83ce121d9a3979463c51f6c3d893b2b79cb7bfa250fe591d515a02e7; Structural/static source-derived candidate only. The exported_file is the shared machine definition-index evidence, not a visual or renderer asset export. It is not an authoritative original-runtime baseline and establishes no runtime reachability, placement, asset usage, visual appearance, renderer suitability, human or owner acceptance, strict completion, or publication."
swf-definition-02197,296,,structural-morph-definition-candidate,source-assets/flash/HELP MATH_ORIGINAL FILES/HELP_COURSES/ELMGR5/L4/TS/L4TS07.swf,,migrations/course-g05-l04-ts-007/audit/machine/g5-l4-pre-runtime-swf-definition-inventory.csv,955f2a8c83ce121d9a3979463c51f6c3d893b2b79cb7bfa250fe591d515a02e7,CSV definition-index record for DefineMorphShape,,,"projection only; no asset bytes exported, transformed, redrawn, or generated",machine-extracted-structural-candidate,owner-provided SWF,"container=root; definitionDepth=0; tagOrdinal=2197; payloadBytes=162; rawTagPayloadSha256=3b4cc496d9670bf8caa21d499c3adeec848a44f8a603c074e11f11f8d5df2c0e; exactTagIdentitySha256=f3ca62c449fa08cbf2d816b9cea7d02b7613f176b33c4885ad26a44ad426cc3b; runtime reachability unresolved; placement and bounds unresolved; renderer suitability unresolved; machineDefinitionIndexSha256=955f2a8c83ce121d9a3979463c51f6c3d893b2b79cb7bfa250fe591d515a02e7; Structural/static source-derived candidate only. The exported_file is the shared machine definition-index evidence, not a visual or renderer asset export. It is not an authoritative original-runtime baseline and establishes no runtime reachability, placement, asset usage, visual appearance, renderer suitability, human or owner acceptance, strict completion, or publication."
swf-definition-02198,297,,structural-shape-definition-candidate,source-assets/flash/HELP MATH_ORIGINAL FILES/HELP_COURSES/ELMGR5/L4/TS/L4TS07.swf,,migrations/course-g05-l04-ts-007/audit/machine/g5-l4-pre-runtime-swf-definition-inventory.csv,955f2a8c83ce121d9a3979463c51f6c3d893b2b79cb7bfa250fe591d515a02e7,CSV definition-index record for DefineShape,,,"projection only; no asset bytes exported, transformed, redrawn, or generated",machine-extracted-structural-candidate,owner-provided SWF,"container=root; definitionDepth=0; tagOrdinal=2198; payloadBytes=60; rawTagPayloadSha256=b5446c826c1b2daa59ad9ffc0e52dff5601013020a16d4168ffdd6a13237a78a; exactTagIdentitySha256=ecf4e25c096468412de76d15f5d6fd15763b7c0de04e256c71f022380e875d01; runtime reachability unresolved; placement and bounds unresolved; renderer suitability unresolved; machineDefinitionIndexSha256=955f2a8c83ce121d9a3979463c51f6c3d893b2b79cb7bfa250fe591d515a02e7; Structural/static source-derived candidate only. The exported_file is the shared machine definition-index evidence, not a visual or renderer asset export. It is not an authoritative original-runtime baseline and establishes no runtime reachability, placement, asset usage, visual appearance, renderer suitability, human or owner acceptance, strict completion, or publication."
swf-definition-02199,298,,structural-shape-definition-candidate,source-assets/flash/HELP MATH_ORIGINAL FILES/HELP_COURSES/ELMGR5/L4/TS/L4TS07.swf,,migrations/course-g05-l04-ts-007/audit/machine/g5-l4-pre-runtime-swf-definition-inventory.csv,955f2a8c83ce121d9a3979463c51f6c3d893b2b79cb7bfa250fe591d515a02e7,CSV definition-index record for DefineShape,,,"projection only; no asset bytes exported, transformed, redrawn, or generated",machine-extracted-structural-candidate,owner-provided SWF,"container=root; definitionDepth=0; tagOrdinal=2199; payloadBytes=737; rawTagPayloadSha256=f4469adc377d4c44a018bf8b8972bd93db08b6b7695b1ba1de89c844613a8787; exactTagIdentitySha256=4e85595384981b115eb9f934c4eb5fe65673768b6dd7c5b62340105fff30e390; runtime reachability unresolved; placement and bounds unresolved; renderer suitability unresolved; machineDefinitionIndexSha256=955f2a8c83ce121d9a3979463c51f6c3d893b2b79cb7bfa250fe591d515a02e7; Structural/static source-derived candidate only. The exported_file is the shared machine definition-index evidence, not a visual or renderer asset export. It is not an authoritative original-runtime baseline and establishes no runtime reachability, placement, asset usage, visual appearance, renderer suitability, human or owner acceptance, strict completion, or publication."
swf-definition-02200,299,,structural-font-definition-candidate,source-assets/flash/HELP MATH_ORIGINAL FILES/HELP_COURSES/ELMGR5/L4/TS/L4TS07.swf,,migrations/course-g05-l04-ts-007/audit/machine/g5-l4-pre-runtime-swf-definition-inventory.csv,955f2a8c83ce121d9a3979463c51f6c3d893b2b79cb7bfa250fe591d515a02e7,CSV definition-index record for DefineFont2,,10,"projection only; no asset bytes exported, transformed, redrawn, or generated",machine-extracted-structural-candidate,owner-provided SWF,"swfEmbeddedFontName=Eras Bold ITC; container=root; definitionDepth=0; tagOrdinal=2200; payloadBytes=902; rawTagPayloadSha256=2a5c5d7d052e21f5308b7e53b2cc6b08654fc0d4cb47776768e41af5ff02eb7e; exactTagIdentitySha256=af580722479d84b8203d3d94a350442da9d5042b3960ccb5a1342ba2d0ac955d; runtime reachability unresolved; placement and bounds unresolved; renderer suitability unresolved; machineDefinitionIndexSha256=955f2a8c83ce121d9a3979463c51f6c3d893b2b79cb7bfa250fe591d515a02e7; Structural/static source-derived candidate only. The exported_file is the shared machine definition-index evidence, not a visual or renderer asset export. It is not an authoritative original-runtime baseline and establishes no runtime reachability, placement, asset usage, visual appearance, renderer suitability, human or owner acceptance, strict completion, or publication."
swf-definition-02202,300,,structural-text-definition-candidate,source-assets/flash/HELP MATH_ORIGINAL FILES/HELP_COURSES/ELMGR5/L4/TS/L4TS07.swf,,migrations/course-g05-l04-ts-007/audit/machine/g5-l4-pre-runtime-swf-definition-inventory.csv,955f2a8c83ce121d9a3979463c51f6c3d893b2b79cb7bfa250fe591d515a02e7,CSV definition-index record for DefineText,,,"projection only; no asset bytes exported, transformed, redrawn, or generated",machine-extracted-structural-candidate,owner-provided SWF,"container=root; definitionDepth=0; tagOrdinal=2202; payloadBytes=47; rawTagPayloadSha256=da7db3b392356b84e34325a918195fb853f972974d20b72b13836feb616eccc2; exactTagIdentitySha256=bc1e5b3b5f73d1e2897f2cf630a2d0172d622c6b705dda380b6a7729715aea72; runtime reachability unresolved; placement and bounds unresolved; renderer suitability unresolved; machineDefinitionIndexSha256=955f2a8c83ce121d9a3979463c51f6c3d893b2b79cb7bfa250fe591d515a02e7; Structural/static source-derived candidate only. The exported_file is the shared machine definition-index evidence, not a visual or renderer asset export. It is not an authoritative original-runtime baseline and establishes no runtime reachability, placement, asset usage, visual appearance, renderer suitability, human or owner acceptance, strict completion, or publication."
swf-definition-02203,301,,structural-morph-definition-candidate,source-assets/flash/HELP MATH_ORIGINAL FILES/HELP_COURSES/ELMGR5/L4/TS/L4TS07.swf,,migrations/course-g05-l04-ts-007/audit/machine/g5-l4-pre-runtime-swf-definition-inventory.csv,955f2a8c83ce121d9a3979463c51f6c3d893b2b79cb7bfa250fe591d515a02e7,CSV definition-index record for DefineMorphShape,,,"projection only; no asset bytes exported, transformed, redrawn, or generated",machine-extracted-structural-candidate,owner-provided SWF,"container=root; definitionDepth=0; tagOrdinal=2203; payloadBytes=172; rawTagPayloadSha256=b2e391ca15837583f9ad56081694dc334588d9c3aeaf3e91d4dfae2b255a30d4; exactTagIdentitySha256=49ac5e3e715aead12a1876d8db004b9585791e9a84587b52c56377ee32cecf5a; runtime reachability unresolved; placement and bounds unresolved; renderer suitability unresolved; machineDefinitionIndexSha256=955f2a8c83ce121d9a3979463c51f6c3d893b2b79cb7bfa250fe591d515a02e7; Structural/static source-derived candidate only. The exported_file is the shared machine definition-index evidence, not a visual or renderer asset export. It is not an authoritative original-runtime baseline and establishes no runtime reachability, placement, asset usage, visual appearance, renderer suitability, human or owner acceptance, strict completion, or publication."
swf-definition-02204,302,,structural-morph-definition-candidate,source-assets/flash/HELP MATH_ORIGINAL FILES/HELP_COURSES/ELMGR5/L4/TS/L4TS07.swf,,migrations/course-g05-l04-ts-007/audit/machine/g5-l4-pre-runtime-swf-definition-inventory.csv,955f2a8c83ce121d9a3979463c51f6c3d893b2b79cb7bfa250fe591d515a02e7,CSV definition-index record for DefineMorphShape,,,"projection only; no asset bytes exported, transformed, redrawn, or generated",machine-extracted-structural-candidate,owner-provided SWF,"container=root; definitionDepth=0; tagOrdinal=2204; payloadBytes=172; rawTagPayloadSha256=19ecb34d604f07345eb35f28eb466adfa8448fb38ffbc77de0c7d916bf126bef; exactTagIdentitySha256=d3133c55dc90a626d51af7d94eaf14d46553fdd5ac4085bee946508add8a74b1; runtime reachability unresolved; placement and bounds unresolved; renderer suitability unresolved; machineDefinitionIndexSha256=955f2a8c83ce121d9a3979463c51f6c3d893b2b79cb7bfa250fe591d515a02e7; Structural/static source-derived candidate only. The exported_file is the shared machine definition-index evidence, not a visual or renderer asset export. It is not an authoritative original-runtime baseline and establishes no runtime reachability, placement, asset usage, visual appearance, renderer suitability, human or owner acceptance, strict completion, or publication."
swf-definition-02205,303,,structural-morph-definition-candidate,source-assets/flash/HELP MATH_ORIGINAL FILES/HELP_COURSES/ELMGR5/L4/TS/L4TS07.swf,,migrations/course-g05-l04-ts-007/audit/machine/g5-l4-pre-runtime-swf-definition-inventory.csv,955f2a8c83ce121d9a3979463c51f6c3d893b2b79cb7bfa250fe591d515a02e7,CSV definition-index record for DefineMorphShape,,,"projection only; no asset bytes exported, transformed, redrawn, or generated",machine-extracted-structural-candidate,owner-provided SWF,"container=root; definitionDepth=0; tagOrdinal=2205; payloadBytes=172; rawTagPayloadSha256=edff3a8856feead289f3500fd09ce3fe568f45b5360ce520f0c1fca9bf8d4a8b; exactTagIdentitySha256=442e6702864afa20e70f04f65b17762811e3178c89607dfaf00156ae2277b0f8; runtime reachability unresolved; placement and bounds unresolved; renderer suitability unresolved; machineDefinitionIndexSha256=955f2a8c83ce121d9a3979463c51f6c3d893b2b79cb7bfa250fe591d515a02e7; Structural/static source-derived candidate only. The exported_file is the shared machine definition-index evidence, not a visual or renderer asset export. It is not an authoritative original-runtime baseline and establishes no runtime reachability, placement, asset usage, visual appearance, renderer suitability, human or owner acceptance, strict completion, or publication."
swf-definition-02206,304,,structural-morph-definition-candidate,source-assets/flash/HELP MATH_ORIGINAL FILES/HELP_COURSES/ELMGR5/L4/TS/L4TS07.swf,,migrations/course-g05-l04-ts-007/audit/machine/g5-l4-pre-runtime-swf-definition-inventory.csv,955f2a8c83ce121d9a3979463c51f6c3d893b2b79cb7bfa250fe591d515a02e7,CSV definition-index record for DefineMorphShape,,,"projection only; no asset bytes exported, transformed, redrawn, or generated",machine-extracted-structural-candidate,owner-provided SWF,"container=root; definitionDepth=0; tagOrdinal=2206; payloadBytes=162; rawTagPayloadSha256=99bf78fa85ac7d36a1e588be0af37773aebf257a32710270549cc27cc26c6b69; exactTagIdentitySha256=5a3b036fb993afaed14bbdb6bf3e3ef94430a8cfc1f1ef313c8358224c6287f8; runtime reachability unresolved; placement and bounds unresolved; renderer suitability unresolved; machineDefinitionIndexSha256=955f2a8c83ce121d9a3979463c51f6c3d893b2b79cb7bfa250fe591d515a02e7; Structural/static source-derived candidate only. The exported_file is the shared machine definition-index evidence, not a visual or renderer asset export. It is not an authoritative original-runtime baseline and establishes no runtime reachability, placement, asset usage, visual appearance, renderer suitability, human or owner acceptance, strict completion, or publication."
swf-definition-02207,305,,structural-shape-definition-candidate,source-assets/flash/HELP MATH_ORIGINAL FILES/HELP_COURSES/ELMGR5/L4/TS/L4TS07.swf,,migrations/course-g05-l04-ts-007/audit/machine/g5-l4-pre-runtime-swf-definition-inventory.csv,955f2a8c83ce121d9a3979463c51f6c3d893b2b79cb7bfa250fe591d515a02e7,CSV definition-index record for DefineShape3,,,"projection only; no asset bytes exported, transformed, redrawn, or generated",machine-extracted-structural-candidate,owner-provided SWF,"container=root; definitionDepth=0; tagOrdinal=2207; payloadBytes=76; rawTagPayloadSha256=7ab8d7b611b1f64fe0bcef3805fb6d6ac6eceefd500f98bfb4e0a3804217f7bc; exactTagIdentitySha256=e1d2b3efab603bc360f4baf617b6be38fe5eee07f2975aa1af324f0fef4d68d2; runtime reachability unresolved; placement and bounds unresolved; renderer suitability unresolved; machineDefinitionIndexSha256=955f2a8c83ce121d9a3979463c51f6c3d893b2b79cb7bfa250fe591d515a02e7; Structural/static source-derived candidate only. The exported_file is the shared machine definition-index evidence, not a visual or renderer asset export. It is not an authoritative original-runtime baseline and establishes no runtime reachability, placement, asset usage, visual appearance, renderer suitability, human or owner acceptance, strict completion, or publication."
swf-definition-02208,306,,structural-sprite-definition-candidate,source-assets/flash/HELP MATH_ORIGINAL FILES/HELP_COURSES/ELMGR5/L4/TS/L4TS07.swf,,migrations/course-g05-l04-ts-007/audit/machine/g5-l4-pre-runtime-swf-definition-inventory.csv,955f2a8c83ce121d9a3979463c51f6c3d893b2b79cb7bfa250fe591d515a02e7,CSV definition-index record for DefineSprite,,,"projection only; no asset bytes exported, transformed, redrawn, or generated",machine-extracted-structural-candidate,owner-provided SWF,"container=root; definitionDepth=0; tagOrdinal=2208; payloadBytes=12312; rawTagPayloadSha256=0648f5c614d2bab931cc2d7de7ddd33ebd5f90330c121d7241483ca6a7c30173; exactTagIdentitySha256=86384c25244072ef1cb98f6f09e49225aeb7194b27d449b6869442d11b7acc7c; declaredFrameCount=28; runtime reachability unresolved; placement and bounds unresolved; renderer suitability unresolved; machineDefinitionIndexSha256=955f2a8c83ce121d9a3979463c51f6c3d893b2b79cb7bfa250fe591d515a02e7; Structural/static source-derived candidate only. The exported_file is the shared machine definition-index evidence, not a visual or renderer asset export. It is not an authoritative original-runtime baseline and establishes no runtime reachability, placement, asset usage, visual appearance, renderer suitability, human or owner acceptance, strict completion, or publication."
swf-definition-02326,307,,structural-morph-definition-candidate,source-assets/flash/HELP MATH_ORIGINAL FILES/HELP_COURSES/ELMGR5/L4/TS/L4TS07.swf,,migrations/course-g05-l04-ts-007/audit/machine/g5-l4-pre-runtime-swf-definition-inventory.csv,955f2a8c83ce121d9a3979463c51f6c3d893b2b79cb7bfa250fe591d515a02e7,CSV definition-index record for DefineMorphShape,,,"projection only; no asset bytes exported, transformed, redrawn, or generated",machine-extracted-structural-candidate,owner-provided SWF,"container=root; definitionDepth=0; tagOrdinal=2326; payloadBytes=204; rawTagPayloadSha256=24fd0164d8d4b1882454a6c8835422dcb3df11ab31208db25650134d9c8244bd; exactTagIdentitySha256=92de8512bb9fe5c0130eb8fd3bfc838a0fc11c263be7abbafd1fa7d547cae82d; runtime reachability unresolved; placement and bounds unresolved; renderer suitability unresolved; machineDefinitionIndexSha256=955f2a8c83ce121d9a3979463c51f6c3d893b2b79cb7bfa250fe591d515a02e7; Structural/static source-derived candidate only. The exported_file is the shared machine definition-index evidence, not a visual or renderer asset export. It is not an authoritative original-runtime baseline and establishes no runtime reachability, placement, asset usage, visual appearance, renderer suitability, human or owner acceptance, strict completion, or publication."
swf-definition-02327,308,,structural-morph-definition-candidate,source-assets/flash/HELP MATH_ORIGINAL FILES/HELP_COURSES/ELMGR5/L4/TS/L4TS07.swf,,migrations/course-g05-l04-ts-007/audit/machine/g5-l4-pre-runtime-swf-definition-inventory.csv,955f2a8c83ce121d9a3979463c51f6c3d893b2b79cb7bfa250fe591d515a02e7,CSV definition-index record for DefineMorphShape,,,"projection only; no asset bytes exported, transformed, redrawn, or generated",machine-extracted-structural-candidate,owner-provided SWF,"container=root; definitionDepth=0; tagOrdinal=2327; payloadBytes=169; rawTagPayloadSha256=f5f5db80c3bb27e9188222efee6a51b68d44b9c0ee022f950eaa3f4cac9d5fd0; exactTagIdentitySha256=d045dad833cbe9e6b9224708e280f2f499f4a1bc2036a374483bc84d3a3b6f0d; runtime reachability unresolved; placement and bounds unresolved; renderer suitability unresolved; machineDefinitionIndexSha256=955f2a8c83ce121d9a3979463c51f6c3d893b2b79cb7bfa250fe591d515a02e7; Structural/static source-derived candidate only. The exported_file is the shared machine definition-index evidence, not a visual or renderer asset export. It is not an authoritative original-runtime baseline and establishes no runtime reachability, placement, asset usage, visual appearance, renderer suitability, human or owner acceptance, strict completion, or publication."
swf-definition-02328,309,,structural-morph-definition-candidate,source-assets/flash/HELP MATH_ORIGINAL FILES/HELP_COURSES/ELMGR5/L4/TS/L4TS07.swf,,migrations/course-g05-l04-ts-007/audit/machine/g5-l4-pre-runtime-swf-definition-inventory.csv,955f2a8c83ce121d9a3979463c51f6c3d893b2b79cb7bfa250fe591d515a02e7,CSV definition-index record for DefineMorphShape,,,"projection only; no asset bytes exported, transformed, redrawn, or generated",machine-extracted-structural-candidate,owner-provided SWF,"container=root; definitionDepth=0; tagOrdinal=2328; payloadBytes=179; rawTagPayloadSha256=fff33a152e5e2fe905ec7d7536ab77a8a261c973921684d35aeef460ea98a528; exactTagIdentitySha256=f03691fe1e28369d39387731ae63a4fce884b0ff268f69ffbf40bd4cd22b2540; runtime reachability unresolved; placement and bounds unresolved; renderer suitability unresolved; machineDefinitionIndexSha256=955f2a8c83ce121d9a3979463c51f6c3d893b2b79cb7bfa250fe591d515a02e7; Structural/static source-derived candidate only. The exported_file is the shared machine definition-index evidence, not a visual or renderer asset export. It is not an authoritative original-runtime baseline and establishes no runtime reachability, placement, asset usage, visual appearance, renderer suitability, human or owner acceptance, strict completion, or publication."
swf-definition-02329,310,,structural-morph-definition-candidate,source-assets/flash/HELP MATH_ORIGINAL FILES/HELP_COURSES/ELMGR5/L4/TS/L4TS07.swf,,migrations/course-g05-l04-ts-007/audit/machine/g5-l4-pre-runtime-swf-definition-inventory.csv,955f2a8c83ce121d9a3979463c51f6c3d893b2b79cb7bfa250fe591d515a02e7,CSV definition-index record for DefineMorphShape,,,"projection only; no asset bytes exported, transformed, redrawn, or generated",machine-extracted-structural-candidate,owner-provided SWF,"container=root; definitionDepth=0; tagOrdinal=2329; payloadBytes=170; rawTagPayloadSha256=485bb6f1eaa5d6238ce5b95596c6942be53e2f47d0001146d2113359d17bdf25; exactTagIdentitySha256=fe5c26d639c389bb28bc7b72edc56965fb7ad12b55c03e56d9481c4d6791f61b; runtime reachability unresolved; placement and bounds unresolved; renderer suitability unresolved; machineDefinitionIndexSha256=955f2a8c83ce121d9a3979463c51f6c3d893b2b79cb7bfa250fe591d515a02e7; Structural/static source-derived candidate only. The exported_file is the shared machine definition-index evidence, not a visual or renderer asset export. It is not an authoritative original-runtime baseline and establishes no runtime reachability, placement, asset usage, visual appearance, renderer suitability, human or owner acceptance, strict completion, or publication."
swf-definition-02330,311,,structural-morph-definition-candidate,source-assets/flash/HELP MATH_ORIGINAL FILES/HELP_COURSES/ELMGR5/L4/TS/L4TS07.swf,,migrations/course-g05-l04-ts-007/audit/machine/g5-l4-pre-runtime-swf-definition-inventory.csv,955f2a8c83ce121d9a3979463c51f6c3d893b2b79cb7bfa250fe591d515a02e7,CSV definition-index record for DefineMorphShape,,,"projection only; no asset bytes exported, transformed, redrawn, or generated",machine-extracted-structural-candidate,owner-provided SWF,"container=root; definitionDepth=0; tagOrdinal=2330; payloadBytes=172; rawTagPayloadSha256=15f5b31bb0b5b6dd6c848916be9b5a0268ce0dd7a93bf0a4924be356197e81b2; exactTagIdentitySha256=725639d410e40a288bb9b0481fdc05fef3e6bc5da06564dc66549baa06cc8320; runtime reachability unresolved; placement and bounds unresolved; renderer suitability unresolved; machineDefinitionIndexSha256=955f2a8c83ce121d9a3979463c51f6c3d893b2b79cb7bfa250fe591d515a02e7; Structural/static source-derived candidate only. The exported_file is the shared machine definition-index evidence, not a visual or renderer asset export. It is not an authoritative original-runtime baseline and establishes no runtime reachability, placement, asset usage, visual appearance, renderer suitability, human or owner acceptance, strict completion, or publication."
swf-definition-02331,312,,structural-morph-definition-candidate,source-assets/flash/HELP MATH_ORIGINAL FILES/HELP_COURSES/ELMGR5/L4/TS/L4TS07.swf,,migrations/course-g05-l04-ts-007/audit/machine/g5-l4-pre-runtime-swf-definition-inventory.csv,955f2a8c83ce121d9a3979463c51f6c3d893b2b79cb7bfa250fe591d515a02e7,CSV definition-index record for DefineMorphShape,,,"projection only; no asset bytes exported, transformed, redrawn, or generated",machine-extracted-structural-candidate,owner-provided SWF,"container=root; definitionDepth=0; tagOrdinal=2331; payloadBytes=187; rawTagPayloadSha256=5e2560898444e35b6773b54eedd074ec532100ef86113dcd6ade1c1161241934; exactTagIdentitySha256=d6257b9208036b356de39c4d35dab82a6989bce2e6379901471ac22aaa292781; runtime reachability unresolved; placement and bounds unresolved; renderer suitability unresolved; machineDefinitionIndexSha256=955f2a8c83ce121d9a3979463c51f6c3d893b2b79cb7bfa250fe591d515a02e7; Structural/static source-derived candidate only. The exported_file is the shared machine definition-index evidence, not a visual or renderer asset export. It is not an authoritative original-runtime baseline and establishes no runtime reachability, placement, asset usage, visual appearance, renderer suitability, human or owner acceptance, strict completion, or publication."
swf-definition-02332,313,,structural-morph-definition-candidate,source-assets/flash/HELP MATH_ORIGINAL FILES/HELP_COURSES/ELMGR5/L4/TS/L4TS07.swf,,migrations/course-g05-l04-ts-007/audit/machine/g5-l4-pre-runtime-swf-definition-inventory.csv,955f2a8c83ce121d9a3979463c51f6c3d893b2b79cb7bfa250fe591d515a02e7,CSV definition-index record for DefineMorphShape,,,"projection only; no asset bytes exported, transformed, redrawn, or generated",machine-extracted-structural-candidate,owner-provided SWF,"container=root; definitionDepth=0; tagOrdinal=2332; payloadBytes=315; rawTagPayloadSha256=e9221829c4230854f625d355ec4fbfabdf748c6db38536d3f3d8ea5279342f0f; exactTagIdentitySha256=0b6065c58e02c1aef9fcd020bfe50c0b394eb25c22f50fadbf64fcf64500da11; runtime reachability unresolved; placement and bounds unresolved; renderer suitability unresolved; machineDefinitionIndexSha256=955f2a8c83ce121d9a3979463c51f6c3d893b2b79cb7bfa250fe591d515a02e7; Structural/static source-derived candidate only. The exported_file is the shared machine definition-index evidence, not a visual or renderer asset export. It is not an authoritative original-runtime baseline and establishes no runtime reachability, placement, asset usage, visual appearance, renderer suitability, human or owner acceptance, strict completion, or publication."
swf-definition-02333,314,,structural-morph-definition-candidate,source-assets/flash/HELP MATH_ORIGINAL FILES/HELP_COURSES/ELMGR5/L4/TS/L4TS07.swf,,migrations/course-g05-l04-ts-007/audit/machine/g5-l4-pre-runtime-swf-definition-inventory.csv,955f2a8c83ce121d9a3979463c51f6c3d893b2b79cb7bfa250fe591d515a02e7,CSV definition-index record for DefineMorphShape,,,"projection only; no asset bytes exported, transformed, redrawn, or generated",machine-extracted-structural-candidate,owner-provided SWF,"container=root; definitionDepth=0; tagOrdinal=2333; payloadBytes=315; rawTagPayloadSha256=d23e52b59e779c7ab04d048ff88939a0caf4131efc0f7441b33c796b77ece9e3; exactTagIdentitySha256=1f64b86fa04d57ca0277eb711e97a9891d2a21fba51f6294093dc6ba765ab96b; runtime reachability unresolved; placement and bounds unresolved; renderer suitability unresolved; machineDefinitionIndexSha256=955f2a8c83ce121d9a3979463c51f6c3d893b2b79cb7bfa250fe591d515a02e7; Structural/static source-derived candidate only. The exported_file is the shared machine definition-index evidence, not a visual or renderer asset export. It is not an authoritative original-runtime baseline and establishes no runtime reachability, placement, asset usage, visual appearance, renderer suitability, human or owner acceptance, strict completion, or publication."
swf-definition-02334,315,,structural-morph-definition-candidate,source-assets/flash/HELP MATH_ORIGINAL FILES/HELP_COURSES/ELMGR5/L4/TS/L4TS07.swf,,migrations/course-g05-l04-ts-007/audit/machine/g5-l4-pre-runtime-swf-definition-inventory.csv,955f2a8c83ce121d9a3979463c51f6c3d893b2b79cb7bfa250fe591d515a02e7,CSV definition-index record for DefineMorphShape,,,"projection only; no asset bytes exported, transformed, redrawn, or generated",machine-extracted-structural-candidate,owner-provided SWF,"container=root; definitionDepth=0; tagOrdinal=2334; payloadBytes=205; rawTagPayloadSha256=2b1980658039c041bd8821b931454e90dedf23febfb7e6ee3b7ce0f30a5f0265; exactTagIdentitySha256=2b5b368e79b13f0f06f4abe99006f8a101cd648ffc385029294d4bb23f53897f; runtime reachability unresolved; placement and bounds unresolved; renderer suitability unresolved; machineDefinitionIndexSha256=955f2a8c83ce121d9a3979463c51f6c3d893b2b79cb7bfa250fe591d515a02e7; Structural/static source-derived candidate only. The exported_file is the shared machine definition-index evidence, not a visual or renderer asset export. It is not an authoritative original-runtime baseline and establishes no runtime reachability, placement, asset usage, visual appearance, renderer suitability, human or owner acceptance, strict completion, or publication."
swf-definition-02335,316,,structural-morph-definition-candidate,source-assets/flash/HELP MATH_ORIGINAL FILES/HELP_COURSES/ELMGR5/L4/TS/L4TS07.swf,,migrations/course-g05-l04-ts-007/audit/machine/g5-l4-pre-runtime-swf-definition-inventory.csv,955f2a8c83ce121d9a3979463c51f6c3d893b2b79cb7bfa250fe591d515a02e7,CSV definition-index record for DefineMorphShape,,,"projection only; no asset bytes exported, transformed, redrawn, or generated",machine-extracted-structural-candidate,owner-provided SWF,"container=root; definitionDepth=0; tagOrdinal=2335; payloadBytes=168; rawTagPayloadSha256=f8fb92c5deb2e9a8ea84baf5ab2cfe9f1631c8c73b4428e04ec52b163620fb49; exactTagIdentitySha256=1feae2a91960ae3c1d43a122e44e27f1a16a28324cc94c5944ed54a7c67e06a6; runtime reachability unresolved; placement and bounds unresolved; renderer suitability unresolved; machineDefinitionIndexSha256=955f2a8c83ce121d9a3979463c51f6c3d893b2b79cb7bfa250fe591d515a02e7; Structural/static source-derived candidate only. The exported_file is the shared machine definition-index evidence, not a visual or renderer asset export. It is not an authoritative original-runtime baseline and establishes no runtime reachability, placement, asset usage, visual appearance, renderer suitability, human or owner acceptance, strict completion, or publication."
swf-definition-02336,317,,structural-morph-definition-candidate,source-assets/flash/HELP MATH_ORIGINAL FILES/HELP_COURSES/ELMGR5/L4/TS/L4TS07.swf,,migrations/course-g05-l04-ts-007/audit/machine/g5-l4-pre-runtime-swf-definition-inventory.csv,955f2a8c83ce121d9a3979463c51f6c3d893b2b79cb7bfa250fe591d515a02e7,CSV definition-index record for DefineMorphShape,,,"projection only; no asset bytes exported, transformed, redrawn, or generated",machine-extracted-structural-candidate,owner-provided SWF,"container=root; definitionDepth=0; tagOrdinal=2336; payloadBytes=170; rawTagPayloadSha256=61d402583e66f635133beeac256d7b9889960d2a5c26a4c5523435b9b4b816b5; exactTagIdentitySha256=76ad824f0a22631b63866abc3f19252cb3a80d9c1421a9525502834abacb4dac; runtime reachability unresolved; placement and bounds unresolved; renderer suitability unresolved; machineDefinitionIndexSha256=955f2a8c83ce121d9a3979463c51f6c3d893b2b79cb7bfa250fe591d515a02e7; Structural/static source-derived candidate only. The exported_file is the shared machine definition-index evidence, not a visual or renderer asset export. It is not an authoritative original-runtime baseline and establishes no runtime reachability, placement, asset usage, visual appearance, renderer suitability, human or owner acceptance, strict completion, or publication."
swf-definition-02337,318,,structural-morph-definition-candidate,source-assets/flash/HELP MATH_ORIGINAL FILES/HELP_COURSES/ELMGR5/L4/TS/L4TS07.swf,,migrations/course-g05-l04-ts-007/audit/machine/g5-l4-pre-runtime-swf-definition-inventory.csv,955f2a8c83ce121d9a3979463c51f6c3d893b2b79cb7bfa250fe591d515a02e7,CSV definition-index record for DefineMorphShape,,,"projection only; no asset bytes exported, transformed, redrawn, or generated",machine-extracted-structural-candidate,owner-provided SWF,"container=root; definitionDepth=0; tagOrdinal=2337; payloadBytes=326; rawTagPayloadSha256=fe61f540e0574b3f962367286d65f7d8e77ada0b5e821566451632972d7586c5; exactTagIdentitySha256=f875c5b96c52459e5d2ec326f86c566144f282751e662167f3d6aa9671c3911d; runtime reachability unresolved; placement and bounds unresolved; renderer suitability unresolved; machineDefinitionIndexSha256=955f2a8c83ce121d9a3979463c51f6c3d893b2b79cb7bfa250fe591d515a02e7; Structural/static source-derived candidate only. The exported_file is the shared machine definition-index evidence, not a visual or renderer asset export. It is not an authoritative original-runtime baseline and establishes no runtime reachability, placement, asset usage, visual appearance, renderer suitability, human or owner acceptance, strict completion, or publication."
swf-definition-02338,319,,structural-morph-definition-candidate,source-assets/flash/HELP MATH_ORIGINAL FILES/HELP_COURSES/ELMGR5/L4/TS/L4TS07.swf,,migrations/course-g05-l04-ts-007/audit/machine/g5-l4-pre-runtime-swf-definition-inventory.csv,955f2a8c83ce121d9a3979463c51f6c3d893b2b79cb7bfa250fe591d515a02e7,CSV definition-index record for DefineMorphShape,,,"projection only; no asset bytes exported, transformed, redrawn, or generated",machine-extracted-structural-candidate,owner-provided SWF,"container=root; definitionDepth=0; tagOrdinal=2338; payloadBytes=315; rawTagPayloadSha256=10a1c3e68c4a5e411dcdb3f7283a3d3ad04a6e1f6503240f5316044b6638df4b; exactTagIdentitySha256=f7a046a890c3e07ff80d6855b605a335702f7e0029e2603865fd36324a4026bb; runtime reachability unresolved; placement and bounds unresolved; renderer suitability unresolved; machineDefinitionIndexSha256=955f2a8c83ce121d9a3979463c51f6c3d893b2b79cb7bfa250fe591d515a02e7; Structural/static source-derived candidate only. The exported_file is the shared machine definition-index evidence, not a visual or renderer asset export. It is not an authoritative original-runtime baseline and establishes no runtime reachability, placement, asset usage, visual appearance, renderer suitability, human or owner acceptance, strict completion, or publication."
swf-definition-02339,320,,structural-morph-definition-candidate,source-assets/flash/HELP MATH_ORIGINAL FILES/HELP_COURSES/ELMGR5/L4/TS/L4TS07.swf,,migrations/course-g05-l04-ts-007/audit/machine/g5-l4-pre-runtime-swf-definition-inventory.csv,955f2a8c83ce121d9a3979463c51f6c3d893b2b79cb7bfa250fe591d515a02e7,CSV definition-index record for DefineMorphShape,,,"projection only; no asset bytes exported, transformed, redrawn, or generated",machine-extracted-structural-candidate,owner-provided SWF,"container=root; definitionDepth=0; tagOrdinal=2339; payloadBytes=168; rawTagPayloadSha256=b6143602dbac47856bb12e1d9eb8a607dae98461cbd3094918f58f0ff5069833; exactTagIdentitySha256=b97419105491abe36c14340493b2cd6257334d963e095deebacaaf33bb260475; runtime reachability unresolved; placement and bounds unresolved; renderer suitability unresolved; machineDefinitionIndexSha256=955f2a8c83ce121d9a3979463c51f6c3d893b2b79cb7bfa250fe591d515a02e7; Structural/static source-derived candidate only. The exported_file is the shared machine definition-index evidence, not a visual or renderer asset export. It is not an authoritative original-runtime baseline and establishes no runtime reachability, placement, asset usage, visual appearance, renderer suitability, human or owner acceptance, strict completion, or publication."
swf-definition-02340,321,,structural-morph-definition-candidate,source-assets/flash/HELP MATH_ORIGINAL FILES/HELP_COURSES/ELMGR5/L4/TS/L4TS07.swf,,migrations/course-g05-l04-ts-007/audit/machine/g5-l4-pre-runtime-swf-definition-inventory.csv,955f2a8c83ce121d9a3979463c51f6c3d893b2b79cb7bfa250fe591d515a02e7,CSV definition-index record for DefineMorphShape,,,"projection only; no asset bytes exported, transformed, redrawn, or generated",machine-extracted-structural-candidate,owner-provided SWF,"container=root; definitionDepth=0; tagOrdinal=2340; payloadBytes=178; rawTagPayloadSha256=9f355e4ed2a712e7848c19c25f385d9a8c8d5b972505ef718cb287e949f0a3d2; exactTagIdentitySha256=90d7a379d3f53d53dc4133b70854676524666afa7c52ba8f5f148aaf841e69a7; runtime reachability unresolved; placement and bounds unresolved; renderer suitability unresolved; machineDefinitionIndexSha256=955f2a8c83ce121d9a3979463c51f6c3d893b2b79cb7bfa250fe591d515a02e7; Structural/static source-derived candidate only. The exported_file is the shared machine definition-index evidence, not a visual or renderer asset export. It is not an authoritative original-runtime baseline and establishes no runtime reachability, placement, asset usage, visual appearance, renderer suitability, human or owner acceptance, strict completion, or publication."
swf-definition-02341,322,,structural-morph-definition-candidate,source-assets/flash/HELP MATH_ORIGINAL FILES/HELP_COURSES/ELMGR5/L4/TS/L4TS07.swf,,migrations/course-g05-l04-ts-007/audit/machine/g5-l4-pre-runtime-swf-definition-inventory.csv,955f2a8c83ce121d9a3979463c51f6c3d893b2b79cb7bfa250fe591d515a02e7,CSV definition-index record for DefineMorphShape,,,"projection only; no asset bytes exported, transformed, redrawn, or generated",machine-extracted-structural-candidate,owner-provided SWF,"container=root; definitionDepth=0; tagOrdinal=2341; payloadBytes=170; rawTagPayloadSha256=ff0aed7b80f490bb1c40e4175480b636f0e2aa983eab35820e15fa5d42db18c2; exactTagIdentitySha256=86363dd7094e23af2cc1ff7b5052d34b979f6891d772ee05d0cc9c4c602d6c1e; runtime reachability unresolved; placement and bounds unresolved; renderer suitability unresolved; machineDefinitionIndexSha256=955f2a8c83ce121d9a3979463c51f6c3d893b2b79cb7bfa250fe591d515a02e7; Structural/static source-derived candidate only. The exported_file is the shared machine definition-index evidence, not a visual or renderer asset export. It is not an authoritative original-runtime baseline and establishes no runtime reachability, placement, asset usage, visual appearance, renderer suitability, human or owner acceptance, strict completion, or publication."
swf-definition-02342,323,,structural-shape-definition-candidate,source-assets/flash/HELP MATH_ORIGINAL FILES/HELP_COURSES/ELMGR5/L4/TS/L4TS07.swf,,migrations/course-g05-l04-ts-007/audit/machine/g5-l4-pre-runtime-swf-definition-inventory.csv,955f2a8c83ce121d9a3979463c51f6c3d893b2b79cb7bfa250fe591d515a02e7,CSV definition-index record for DefineShape3,,,"projection only; no asset bytes exported, transformed, redrawn, or generated",machine-extracted-structural-candidate,owner-provided SWF,"container=root; definitionDepth=0; tagOrdinal=2342; payloadBytes=81; rawTagPayloadSha256=4a61a83e0d161f6521add9ee4321ab980a1214b2668fd3d90cd995fd8012db50; exactTagIdentitySha256=3f6578c8be9b5ad962ecce5e1b51a7ff299529d2d099a60afc588d791cb2f01d; runtime reachability unresolved; placement and bounds unresolved; renderer suitability unresolved; machineDefinitionIndexSha256=955f2a8c83ce121d9a3979463c51f6c3d893b2b79cb7bfa250fe591d515a02e7; Structural/static source-derived candidate only. The exported_file is the shared machine definition-index evidence, not a visual or renderer asset export. It is not an authoritative original-runtime baseline and establishes no runtime reachability, placement, asset usage, visual appearance, renderer suitability, human or owner acceptance, strict completion, or publication."
swf-definition-02343,324,,structural-morph-definition-candidate,source-assets/flash/HELP MATH_ORIGINAL FILES/HELP_COURSES/ELMGR5/L4/TS/L4TS07.swf,,migrations/course-g05-l04-ts-007/audit/machine/g5-l4-pre-runtime-swf-definition-inventory.csv,955f2a8c83ce121d9a3979463c51f6c3d893b2b79cb7bfa250fe591d515a02e7,CSV definition-index record for DefineMorphShape,,,"projection only; no asset bytes exported, transformed, redrawn, or generated",machine-extracted-structural-candidate,owner-provided SWF,"container=root; definitionDepth=0; tagOrdinal=2343; payloadBytes=186; rawTagPayloadSha256=24dc12ba4c13856ae34925e71b2bb4900bc7d1adf07584ce371013cc84e9912c; exactTagIdentitySha256=f5f6cfb3a35c2fa88e001b144c67527bcd4eeba90944ccbbffba99219837e857; runtime reachability unresolved; placement and bounds unresolved; renderer suitability unresolved; machineDefinitionIndexSha256=955f2a8c83ce121d9a3979463c51f6c3d893b2b79cb7bfa250fe591d515a02e7; Structural/static source-derived candidate only. The exported_file is the shared machine definition-index evidence, not a visual or renderer asset export. It is not an authoritative original-runtime baseline and establishes no runtime reachability, placement, asset usage, visual appearance, renderer suitability, human or owner acceptance, strict completion, or publication."
swf-definition-02344,325,,structural-shape-definition-candidate,source-assets/flash/HELP MATH_ORIGINAL FILES/HELP_COURSES/ELMGR5/L4/TS/L4TS07.swf,,migrations/course-g05-l04-ts-007/audit/machine/g5-l4-pre-runtime-swf-definition-inventory.csv,955f2a8c83ce121d9a3979463c51f6c3d893b2b79cb7bfa250fe591d515a02e7,CSV definition-index record for DefineShape3,,,"projection only; no asset bytes exported, transformed, redrawn, or generated",machine-extracted-structural-candidate,owner-provided SWF,"container=root; definitionDepth=0; tagOrdinal=2344; payloadBytes=152; rawTagPayloadSha256=b65ea8fbac290609a61f592f4dc46f4641f944d3feb4aecd9a01393a3796a29c; exactTagIdentitySha256=02ffd81f795c2663014475ac01e60d1ebef7bdcdeb05791f00ecece692d586f9; runtime reachability unresolved; placement and bounds unresolved; renderer suitability unresolved; machineDefinitionIndexSha256=955f2a8c83ce121d9a3979463c51f6c3d893b2b79cb7bfa250fe591d515a02e7; Structural/static source-derived candidate only. The exported_file is the shared machine definition-index evidence, not a visual or renderer asset export. It is not an authoritative original-runtime baseline and establishes no runtime reachability, placement, asset usage, visual appearance, renderer suitability, human or owner acceptance, strict completion, or publication."
swf-definition-02345,326,,structural-morph-definition-candidate,source-assets/flash/HELP MATH_ORIGINAL FILES/HELP_COURSES/ELMGR5/L4/TS/L4TS07.swf,,migrations/course-g05-l04-ts-007/audit/machine/g5-l4-pre-runtime-swf-definition-inventory.csv,955f2a8c83ce121d9a3979463c51f6c3d893b2b79cb7bfa250fe591d515a02e7,CSV definition-index record for DefineMorphShape,,,"projection only; no asset bytes exported, transformed, redrawn, or generated",machine-extracted-structural-candidate,owner-provided SWF,"container=root; definitionDepth=0; tagOrdinal=2345; payloadBytes=194; rawTagPayloadSha256=2c39f49c39069504e97e3ff67b1caf97429dc167bd43aec1ff19da7e38fd1ad8; exactTagIdentitySha256=07aff42a2f36e34d42c8d5c7d383158e2607599a563259fb12fed8676b9058f1; runtime reachability unresolved; placement and bounds unresolved; renderer suitability unresolved; machineDefinitionIndexSha256=955f2a8c83ce121d9a3979463c51f6c3d893b2b79cb7bfa250fe591d515a02e7; Structural/static source-derived candidate only. The exported_file is the shared machine definition-index evidence, not a visual or renderer asset export. It is not an authoritative original-runtime baseline and establishes no runtime reachability, placement, asset usage, visual appearance, renderer suitability, human or owner acceptance, strict completion, or publication."
swf-definition-02346,327,,structural-morph-definition-candidate,source-assets/flash/HELP MATH_ORIGINAL FILES/HELP_COURSES/ELMGR5/L4/TS/L4TS07.swf,,migrations/course-g05-l04-ts-007/audit/machine/g5-l4-pre-runtime-swf-definition-inventory.csv,955f2a8c83ce121d9a3979463c51f6c3d893b2b79cb7bfa250fe591d515a02e7,CSV definition-index record for DefineMorphShape,,,"projection only; no asset bytes exported, transformed, redrawn, or generated",machine-extracted-structural-candidate,owner-provided SWF,"container=root; definitionDepth=0; tagOrdinal=2346; payloadBytes=172; rawTagPayloadSha256=2a503d6f11379e27c8977fd56c5152bfdd49b093aae5481e6dd3be0c350ef6aa; exactTagIdentitySha256=eb820717e3568d35ef9c5b2d4e0de1d4460f5740e9da253d54e806046c2f92ba; runtime reachability unresolved; placement and bounds unresolved; renderer suitability unresolved; machineDefinitionIndexSha256=955f2a8c83ce121d9a3979463c51f6c3d893b2b79cb7bfa250fe591d515a02e7; Structural/static source-derived candidate only. The exported_file is the shared machine definition-index evidence, not a visual or renderer asset export. It is not an authoritative original-runtime baseline and establishes no runtime reachability, placement, asset usage, visual appearance, renderer suitability, human or owner acceptance, strict completion, or publication."
swf-definition-02347,328,,structural-morph-definition-candidate,source-assets/flash/HELP MATH_ORIGINAL FILES/HELP_COURSES/ELMGR5/L4/TS/L4TS07.swf,,migrations/course-g05-l04-ts-007/audit/machine/g5-l4-pre-runtime-swf-definition-inventory.csv,955f2a8c83ce121d9a3979463c51f6c3d893b2b79cb7bfa250fe591d515a02e7,CSV definition-index record for DefineMorphShape,,,"projection only; no asset bytes exported, transformed, redrawn, or generated",machine-extracted-structural-candidate,owner-provided SWF,"container=root; definitionDepth=0; tagOrdinal=2347; payloadBytes=334; rawTagPayloadSha256=5f9ed0d29f8377178f24cf61ab7b27a6e2ae988b23f4d30ed12aca392b1ccd9a; exactTagIdentitySha256=e9c3d148ea48ce7e6c100ad6f8c4e6f6cc81b6c5873fd864146bb9f8039a6aa6; runtime reachability unresolved; placement and bounds unresolved; renderer suitability unresolved; machineDefinitionIndexSha256=955f2a8c83ce121d9a3979463c51f6c3d893b2b79cb7bfa250fe591d515a02e7; Structural/static source-derived candidate only. The exported_file is the shared machine definition-index evidence, not a visual or renderer asset export. It is not an authoritative original-runtime baseline and establishes no runtime reachability, placement, asset usage, visual appearance, renderer suitability, human or owner acceptance, strict completion, or publication."
swf-definition-02348,329,,structural-morph-definition-candidate,source-assets/flash/HELP MATH_ORIGINAL FILES/HELP_COURSES/ELMGR5/L4/TS/L4TS07.swf,,migrations/course-g05-l04-ts-007/audit/machine/g5-l4-pre-runtime-swf-definition-inventory.csv,955f2a8c83ce121d9a3979463c51f6c3d893b2b79cb7bfa250fe591d515a02e7,CSV definition-index record for DefineMorphShape,,,"projection only; no asset bytes exported, transformed, redrawn, or generated",machine-extracted-structural-candidate,owner-provided SWF,"container=root; definitionDepth=0; tagOrdinal=2348; payloadBytes=167; rawTagPayloadSha256=4f352bbde405e9de57c58980b42ebff86fafba6c410d523672ce3d229686202c; exactTagIdentitySha256=d0bb5579cd1822fc367b608ff68e8211295e798793b4b28b92e3d2424a11ec31; runtime reachability unresolved; placement and bounds unresolved; renderer suitability unresolved; machineDefinitionIndexSha256=955f2a8c83ce121d9a3979463c51f6c3d893b2b79cb7bfa250fe591d515a02e7; Structural/static source-derived candidate only. The exported_file is the shared machine definition-index evidence, not a visual or renderer asset export. It is not an authoritative original-runtime baseline and establishes no runtime reachability, placement, asset usage, visual appearance, renderer suitability, human or owner acceptance, strict completion, or publication."
swf-definition-02349,330,,structural-morph-definition-candidate,source-assets/flash/HELP MATH_ORIGINAL FILES/HELP_COURSES/ELMGR5/L4/TS/L4TS07.swf,,migrations/course-g05-l04-ts-007/audit/machine/g5-l4-pre-runtime-swf-definition-inventory.csv,955f2a8c83ce121d9a3979463c51f6c3d893b2b79cb7bfa250fe591d515a02e7,CSV definition-index record for DefineMorphShape,,,"projection only; no asset bytes exported, transformed, redrawn, or generated",machine-extracted-structural-candidate,owner-provided SWF,"container=root; definitionDepth=0; tagOrdinal=2349; payloadBytes=169; rawTagPayloadSha256=9655c3ce32ac8bd78b53252acc6a4148228c9d0dbe3e1b0d89d6d748a5bb9ab5; exactTagIdentitySha256=f5c840458e3d7348953b5e15cb0c44928a786a8d9ef298913b6daa6f00f2edd7; runtime reachability unresolved; placement and bounds unresolved; renderer suitability unresolved; machineDefinitionIndexSha256=955f2a8c83ce121d9a3979463c51f6c3d893b2b79cb7bfa250fe591d515a02e7; Structural/static source-derived candidate only. The exported_file is the shared machine definition-index evidence, not a visual or renderer asset export. It is not an authoritative original-runtime baseline and establishes no runtime reachability, placement, asset usage, visual appearance, renderer suitability, human or owner acceptance, strict completion, or publication."
swf-definition-02350,331,,structural-shape-definition-candidate,source-assets/flash/HELP MATH_ORIGINAL FILES/HELP_COURSES/ELMGR5/L4/TS/L4TS07.swf,,migrations/course-g05-l04-ts-007/audit/machine/g5-l4-pre-runtime-swf-definition-inventory.csv,955f2a8c83ce121d9a3979463c51f6c3d893b2b79cb7bfa250fe591d515a02e7,CSV definition-index record for DefineShape3,,,"projection only; no asset bytes exported, transformed, redrawn, or generated",machine-extracted-structural-candidate,owner-provided SWF,"container=root; definitionDepth=0; tagOrdinal=2350; payloadBytes=138; rawTagPayloadSha256=1fa5cc5ea485e2a40c20fe941b8f6d7de43d5de21193302696f05c13887a7d59; exactTagIdentitySha256=db872bcfa15311cf50de1dd5f37cd4ef8aa19d83da2f926fa0fb9a6dac644623; runtime reachability unresolved; placement and bounds unresolved; renderer suitability unresolved; machineDefinitionIndexSha256=955f2a8c83ce121d9a3979463c51f6c3d893b2b79cb7bfa250fe591d515a02e7; Structural/static source-derived candidate only. The exported_file is the shared machine definition-index evidence, not a visual or renderer asset export. It is not an authoritative original-runtime baseline and establishes no runtime reachability, placement, asset usage, visual appearance, renderer suitability, human or owner acceptance, strict completion, or publication."
swf-definition-02351,332,,structural-shape-definition-candidate,source-assets/flash/HELP MATH_ORIGINAL FILES/HELP_COURSES/ELMGR5/L4/TS/L4TS07.swf,,migrations/course-g05-l04-ts-007/audit/machine/g5-l4-pre-runtime-swf-definition-inventory.csv,955f2a8c83ce121d9a3979463c51f6c3d893b2b79cb7bfa250fe591d515a02e7,CSV definition-index record for DefineShape3,,,"projection only; no asset bytes exported, transformed, redrawn, or generated",machine-extracted-structural-candidate,owner-provided SWF,"container=root; definitionDepth=0; tagOrdinal=2351; payloadBytes=142; rawTagPayloadSha256=858d62723b96f1f2d6c6755cbfaa188842ece05371bb018f2e166b589ad7999d; exactTagIdentitySha256=90e732dbe1411fe54f01ff60a5991f5e7a5917211573d765d6800a90f658847d; runtime reachability unresolved; placement and bounds unresolved; renderer suitability unresolved; machineDefinitionIndexSha256=955f2a8c83ce121d9a3979463c51f6c3d893b2b79cb7bfa250fe591d515a02e7; Structural/static source-derived candidate only. The exported_file is the shared machine definition-index evidence, not a visual or renderer asset export. It is not an authoritative original-runtime baseline and establishes no runtime reachability, placement, asset usage, visual appearance, renderer suitability, human or owner acceptance, strict completion, or publication."
swf-definition-02352,333,,structural-font-definition-candidate,source-assets/flash/HELP MATH_ORIGINAL FILES/HELP_COURSES/ELMGR5/L4/TS/L4TS07.swf,,migrations/course-g05-l04-ts-007/audit/machine/g5-l4-pre-runtime-swf-definition-inventory.csv,955f2a8c83ce121d9a3979463c51f6c3d893b2b79cb7bfa250fe591d515a02e7,CSV definition-index record for DefineFont2,,7,"projection only; no asset bytes exported, transformed, redrawn, or generated",machine-extracted-structural-candidate,owner-provided SWF,"swfEmbeddedFontName=Performa Black SSi; container=root; definitionDepth=0; tagOrdinal=2352; payloadBytes=587; rawTagPayloadSha256=0b15c02f2d1d0dfdf740900bae7b240b3b3daaafaae4d97f42c2f20d899ead80; exactTagIdentitySha256=c75e2197ebcb926845fd0b3e4435f327c83cbb2c6c6fd5f71d87cca1e4f0d4db; runtime reachability unresolved; placement and bounds unresolved; renderer suitability unresolved; machineDefinitionIndexSha256=955f2a8c83ce121d9a3979463c51f6c3d893b2b79cb7bfa250fe591d515a02e7; Structural/static source-derived candidate only. The exported_file is the shared machine definition-index evidence, not a visual or renderer asset export. It is not an authoritative original-runtime baseline and establishes no runtime reachability, placement, asset usage, visual appearance, renderer suitability, human or owner acceptance, strict completion, or publication."
swf-definition-02354,334,,structural-text-definition-candidate,source-assets/flash/HELP MATH_ORIGINAL FILES/HELP_COURSES/ELMGR5/L4/TS/L4TS07.swf,,migrations/course-g05-l04-ts-007/audit/machine/g5-l4-pre-runtime-swf-definition-inventory.csv,955f2a8c83ce121d9a3979463c51f6c3d893b2b79cb7bfa250fe591d515a02e7,CSV definition-index record for DefineText,,,"projection only; no asset bytes exported, transformed, redrawn, or generated",machine-extracted-structural-candidate,owner-provided SWF,"container=root; definitionDepth=0; tagOrdinal=2354; payloadBytes=39; rawTagPayloadSha256=6b9a24bdae2ed0ae6b400c7ba1b30fcd0b45e353106f7909555b9a245d12229b; exactTagIdentitySha256=b646e04ace32e2d372b801918f7955707bcf253f7b6e8e0bfa1a45459076c642; runtime reachability unresolved; placement and bounds unresolved; renderer suitability unresolved; machineDefinitionIndexSha256=955f2a8c83ce121d9a3979463c51f6c3d893b2b79cb7bfa250fe591d515a02e7; Structural/static source-derived candidate only. The exported_file is the shared machine definition-index evidence, not a visual or renderer asset export. It is not an authoritative original-runtime baseline and establishes no runtime reachability, placement, asset usage, visual appearance, renderer suitability, human or owner acceptance, strict completion, or publication."
swf-definition-02355,335,,structural-text-definition-candidate,source-assets/flash/HELP MATH_ORIGINAL FILES/HELP_COURSES/ELMGR5/L4/TS/L4TS07.swf,,migrations/course-g05-l04-ts-007/audit/machine/g5-l4-pre-runtime-swf-definition-inventory.csv,955f2a8c83ce121d9a3979463c51f6c3d893b2b79cb7bfa250fe591d515a02e7,CSV definition-index record for DefineText,,,"projection only; no asset bytes exported, transformed, redrawn, or generated",machine-extracted-structural-candidate,owner-provided SWF,"container=root; definitionDepth=0; tagOrdinal=2355; payloadBytes=39; rawTagPayloadSha256=8e678ca79581e2fc57bcc4a125cf7b24d692e50c5d9cc7f06ff02ceb8bc5465b; exactTagIdentitySha256=4d80aed8acd7295778129ebeba8ce62afbfea27ec5bfa245d0ef7cb68b7ed336; runtime reachability unresolved; placement and bounds unresolved; renderer suitability unresolved; machineDefinitionIndexSha256=955f2a8c83ce121d9a3979463c51f6c3d893b2b79cb7bfa250fe591d515a02e7; Structural/static source-derived candidate only. The exported_file is the shared machine definition-index evidence, not a visual or renderer asset export. It is not an authoritative original-runtime baseline and establishes no runtime reachability, placement, asset usage, visual appearance, renderer suitability, human or owner acceptance, strict completion, or publication."
swf-definition-02356,336,,structural-text-definition-candidate,source-assets/flash/HELP MATH_ORIGINAL FILES/HELP_COURSES/ELMGR5/L4/TS/L4TS07.swf,,migrations/course-g05-l04-ts-007/audit/machine/g5-l4-pre-runtime-swf-definition-inventory.csv,955f2a8c83ce121d9a3979463c51f6c3d893b2b79cb7bfa250fe591d515a02e7,CSV definition-index record for DefineText,,,"projection only; no asset bytes exported, transformed, redrawn, or generated",machine-extracted-structural-candidate,owner-provided SWF,"container=root; definitionDepth=0; tagOrdinal=2356; payloadBytes=39; rawTagPayloadSha256=acde85b60f20ad3b91196420189d0e097aae4d5b83baf95da21799fc42be1c15; exactTagIdentitySha256=225a5f6da6b2eebe56267d6ef08190461fa8e44055c6de57db9062fb9ed86d7c; runtime reachability unresolved; placement and bounds unresolved; renderer suitability unresolved; machineDefinitionIndexSha256=955f2a8c83ce121d9a3979463c51f6c3d893b2b79cb7bfa250fe591d515a02e7; Structural/static source-derived candidate only. The exported_file is the shared machine definition-index evidence, not a visual or renderer asset export. It is not an authoritative original-runtime baseline and establishes no runtime reachability, placement, asset usage, visual appearance, renderer suitability, human or owner acceptance, strict completion, or publication."
swf-definition-02357,337,,structural-morph-definition-candidate,source-assets/flash/HELP MATH_ORIGINAL FILES/HELP_COURSES/ELMGR5/L4/TS/L4TS07.swf,,migrations/course-g05-l04-ts-007/audit/machine/g5-l4-pre-runtime-swf-definition-inventory.csv,955f2a8c83ce121d9a3979463c51f6c3d893b2b79cb7bfa250fe591d515a02e7,CSV definition-index record for DefineMorphShape,,,"projection only; no asset bytes exported, transformed, redrawn, or generated",machine-extracted-structural-candidate,owner-provided SWF,"container=root; definitionDepth=0; tagOrdinal=2357; payloadBytes=95; rawTagPayloadSha256=3c9e90ed498d614a7d638f93d5dcf152ca2ca51de4dce350bc6f4183a70d4908; exactTagIdentitySha256=358468ad318a41631f20c42381b5d553aa7fbb0c3df332665e2d32d74f31a786; runtime reachability unresolved; placement and bounds unresolved; renderer suitability unresolved; machineDefinitionIndexSha256=955f2a8c83ce121d9a3979463c51f6c3d893b2b79cb7bfa250fe591d515a02e7; Structural/static source-derived candidate only. The exported_file is the shared machine definition-index evidence, not a visual or renderer asset export. It is not an authoritative original-runtime baseline and establishes no runtime reachability, placement, asset usage, visual appearance, renderer suitability, human or owner acceptance, strict completion, or publication."
swf-definition-02358,338,,structural-morph-definition-candidate,source-assets/flash/HELP MATH_ORIGINAL FILES/HELP_COURSES/ELMGR5/L4/TS/L4TS07.swf,,migrations/course-g05-l04-ts-007/audit/machine/g5-l4-pre-runtime-swf-definition-inventory.csv,955f2a8c83ce121d9a3979463c51f6c3d893b2b79cb7bfa250fe591d515a02e7,CSV definition-index record for DefineMorphShape,,,"projection only; no asset bytes exported, transformed, redrawn, or generated",machine-extracted-structural-candidate,owner-provided SWF,"container=root; definitionDepth=0; tagOrdinal=2358; payloadBytes=274; rawTagPayloadSha256=e6252e7746208b941d2f08998a2f3ba09d62911166d6367c5294dabc98179578; exactTagIdentitySha256=43c41b6d49469d12cac9261de5dcef0664196d377d5fcfe86e68e520351fa918; runtime reachability unresolved; placement and bounds unresolved; renderer suitability unresolved; machineDefinitionIndexSha256=955f2a8c83ce121d9a3979463c51f6c3d893b2b79cb7bfa250fe591d515a02e7; Structural/static source-derived candidate only. The exported_file is the shared machine definition-index evidence, not a visual or renderer asset export. It is not an authoritative original-runtime baseline and establishes no runtime reachability, placement, asset usage, visual appearance, renderer suitability, human or owner acceptance, strict completion, or publication."
swf-definition-02359,339,,structural-shape-definition-candidate,source-assets/flash/HELP MATH_ORIGINAL FILES/HELP_COURSES/ELMGR5/L4/TS/L4TS07.swf,,migrations/course-g05-l04-ts-007/audit/machine/g5-l4-pre-runtime-swf-definition-inventory.csv,955f2a8c83ce121d9a3979463c51f6c3d893b2b79cb7bfa250fe591d515a02e7,CSV definition-index record for DefineShape3,,,"projection only; no asset bytes exported, transformed, redrawn, or generated",machine-extracted-structural-candidate,owner-provided SWF,"container=root; definitionDepth=0; tagOrdinal=2359; payloadBytes=86; rawTagPayloadSha256=101a09e087bfb54b0d10f6884f2d53e72df5355ee633a2095c4e814799a9d82e; exactTagIdentitySha256=93f9ef0ec3c2910067e51ec8c4e75f0954d57012155844fa922b8ff2c46ae383; runtime reachability unresolved; placement and bounds unresolved; renderer suitability unresolved; machineDefinitionIndexSha256=955f2a8c83ce121d9a3979463c51f6c3d893b2b79cb7bfa250fe591d515a02e7; Structural/static source-derived candidate only. The exported_file is the shared machine definition-index evidence, not a visual or renderer asset export. It is not an authoritative original-runtime baseline and establishes no runtime reachability, placement, asset usage, visual appearance, renderer suitability, human or owner acceptance, strict completion, or publication."
swf-definition-02360,340,,structural-sprite-definition-candidate,source-assets/flash/HELP MATH_ORIGINAL FILES/HELP_COURSES/ELMGR5/L4/TS/L4TS07.swf,,migrations/course-g05-l04-ts-007/audit/machine/g5-l4-pre-runtime-swf-definition-inventory.csv,955f2a8c83ce121d9a3979463c51f6c3d893b2b79cb7bfa250fe591d515a02e7,CSV definition-index record for DefineSprite,,,"projection only; no asset bytes exported, transformed, redrawn, or generated",machine-extracted-structural-candidate,owner-provided SWF,"container=root; definitionDepth=0; tagOrdinal=2360; payloadBytes=15408; rawTagPayloadSha256=0dddc34781c53a9448415d2404f76c21516d6c412310b0cb407f43506b1bb8e4; exactTagIdentitySha256=f650f096f95bbd48adb41242a848cdcb8d3cf9c3e6769624de44b3f2c6220533; declaredFrameCount=27; runtime reachability unresolved; placement and bounds unresolved; renderer suitability unresolved; machineDefinitionIndexSha256=955f2a8c83ce121d9a3979463c51f6c3d893b2b79cb7bfa250fe591d515a02e7; Structural/static source-derived candidate only. The exported_file is the shared machine definition-index evidence, not a visual or renderer asset export. It is not an authoritative original-runtime baseline and establishes no runtime reachability, placement, asset usage, visual appearance, renderer suitability, human or owner acceptance, strict completion, or publication."
swf-definition-02533,341,,structural-morph-definition-candidate,source-assets/flash/HELP MATH_ORIGINAL FILES/HELP_COURSES/ELMGR5/L4/TS/L4TS07.swf,,migrations/course-g05-l04-ts-007/audit/machine/g5-l4-pre-runtime-swf-definition-inventory.csv,955f2a8c83ce121d9a3979463c51f6c3d893b2b79cb7bfa250fe591d515a02e7,CSV definition-index record for DefineMorphShape,,,"projection only; no asset bytes exported, transformed, redrawn, or generated",machine-extracted-structural-candidate,owner-provided SWF,"container=root; definitionDepth=0; tagOrdinal=2533; payloadBytes=230; rawTagPayloadSha256=fb43bb4b01f660cfabe785b03ae49d46167f3145995bafcd70e52c31bfd378f0; exactTagIdentitySha256=8ae608f7c8ae588251c174cd2dc5b1e07fd218c350e8571235f4077f5d927e78; runtime reachability unresolved; placement and bounds unresolved; renderer suitability unresolved; machineDefinitionIndexSha256=955f2a8c83ce121d9a3979463c51f6c3d893b2b79cb7bfa250fe591d515a02e7; Structural/static source-derived candidate only. The exported_file is the shared machine definition-index evidence, not a visual or renderer asset export. It is not an authoritative original-runtime baseline and establishes no runtime reachability, placement, asset usage, visual appearance, renderer suitability, human or owner acceptance, strict completion, or publication."
swf-definition-02534,342,,structural-shape-definition-candidate,source-assets/flash/HELP MATH_ORIGINAL FILES/HELP_COURSES/ELMGR5/L4/TS/L4TS07.swf,,migrations/course-g05-l04-ts-007/audit/machine/g5-l4-pre-runtime-swf-definition-inventory.csv,955f2a8c83ce121d9a3979463c51f6c3d893b2b79cb7bfa250fe591d515a02e7,CSV definition-index record for DefineShape3,,,"projection only; no asset bytes exported, transformed, redrawn, or generated",machine-extracted-structural-candidate,owner-provided SWF,"container=root; definitionDepth=0; tagOrdinal=2534; payloadBytes=717; rawTagPayloadSha256=f7654f0a30ec89f54c0f9689310d7633e95fb326d5b4e7712801e18eb6f87f72; exactTagIdentitySha256=2c9644c46a4df6c488fc4a749694ca31cdc5672f5c89a189205fa7f969e87b56; runtime reachability unresolved; placement and bounds unresolved; renderer suitability unresolved; machineDefinitionIndexSha256=955f2a8c83ce121d9a3979463c51f6c3d893b2b79cb7bfa250fe591d515a02e7; Structural/static source-derived candidate only. The exported_file is the shared machine definition-index evidence, not a visual or renderer asset export. It is not an authoritative original-runtime baseline and establishes no runtime reachability, placement, asset usage, visual appearance, renderer suitability, human or owner acceptance, strict completion, or publication."
swf-definition-02535,343,,structural-morph-definition-candidate,source-assets/flash/HELP MATH_ORIGINAL FILES/HELP_COURSES/ELMGR5/L4/TS/L4TS07.swf,,migrations/course-g05-l04-ts-007/audit/machine/g5-l4-pre-runtime-swf-definition-inventory.csv,955f2a8c83ce121d9a3979463c51f6c3d893b2b79cb7bfa250fe591d515a02e7,CSV definition-index record for DefineMorphShape,,,"projection only; no asset bytes exported, transformed, redrawn, or generated",machine-extracted-structural-candidate,owner-provided SWF,"container=root; definitionDepth=0; tagOrdinal=2535; payloadBytes=230; rawTagPayloadSha256=bbefa9114505a62b56d9da762f99f5e197247541a37961af0a7749e9da680766; exactTagIdentitySha256=1ab59c6684787f03e36b53772a3805926a32b628e3463be7f1cd5d76b0c00003; runtime reachability unresolved; placement and bounds unresolved; renderer suitability unresolved; machineDefinitionIndexSha256=955f2a8c83ce121d9a3979463c51f6c3d893b2b79cb7bfa250fe591d515a02e7; Structural/static source-derived candidate only. The exported_file is the shared machine definition-index evidence, not a visual or renderer asset export. It is not an authoritative original-runtime baseline and establishes no runtime reachability, placement, asset usage, visual appearance, renderer suitability, human or owner acceptance, strict completion, or publication."
swf-definition-02536,344,,structural-shape-definition-candidate,source-assets/flash/HELP MATH_ORIGINAL FILES/HELP_COURSES/ELMGR5/L4/TS/L4TS07.swf,,migrations/course-g05-l04-ts-007/audit/machine/g5-l4-pre-runtime-swf-definition-inventory.csv,955f2a8c83ce121d9a3979463c51f6c3d893b2b79cb7bfa250fe591d515a02e7,CSV definition-index record for DefineShape3,,,"projection only; no asset bytes exported, transformed, redrawn, or generated",machine-extracted-structural-candidate,owner-provided SWF,"container=root; definitionDepth=0; tagOrdinal=2536; payloadBytes=864; rawTagPayloadSha256=e5c5fb16fd1ca7eca590ae8a1b5b76488aa99572e94d6154c3ff3c15663f36f1; exactTagIdentitySha256=ef66f08e437bb025dc0da466484fd08c5f216decdb44cc16acc7b3b0873f267c; runtime reachability unresolved; placement and bounds unresolved; renderer suitability unresolved; machineDefinitionIndexSha256=955f2a8c83ce121d9a3979463c51f6c3d893b2b79cb7bfa250fe591d515a02e7; Structural/static source-derived candidate only. The exported_file is the shared machine definition-index evidence, not a visual or renderer asset export. It is not an authoritative original-runtime baseline and establishes no runtime reachability, placement, asset usage, visual appearance, renderer suitability, human or owner acceptance, strict completion, or publication."
swf-definition-02537,345,,structural-font-definition-candidate,source-assets/flash/HELP MATH_ORIGINAL FILES/HELP_COURSES/ELMGR5/L4/TS/L4TS07.swf,,migrations/course-g05-l04-ts-007/audit/machine/g5-l4-pre-runtime-swf-definition-inventory.csv,955f2a8c83ce121d9a3979463c51f6c3d893b2b79cb7bfa250fe591d515a02e7,CSV definition-index record for DefineFont2,,10,"projection only; no asset bytes exported, transformed, redrawn, or generated",machine-extracted-structural-candidate,owner-provided SWF,"swfEmbeddedFontName=Helvetica Condensed; container=root; definitionDepth=0; tagOrdinal=2537; payloadBytes=958; rawTagPayloadSha256=47e9f11d3b4f1fa3416b40235805ea6cf7ecf85f1aa11cefb6fde3668a37db40; exactTagIdentitySha256=e14eab990cb0d162e0dd71822595c8227bde243b086f6ef5ca3fcc50b22ba6f0; runtime reachability unresolved; placement and bounds unresolved; renderer suitability unresolved; machineDefinitionIndexSha256=955f2a8c83ce121d9a3979463c51f6c3d893b2b79cb7bfa250fe591d515a02e7; Structural/static source-derived candidate only. The exported_file is the shared machine definition-index evidence, not a visual or renderer asset export. It is not an authoritative original-runtime baseline and establishes no runtime reachability, placement, asset usage, visual appearance, renderer suitability, human or owner acceptance, strict completion, or publication."
swf-definition-02539,346,,structural-text-definition-candidate,source-assets/flash/HELP MATH_ORIGINAL FILES/HELP_COURSES/ELMGR5/L4/TS/L4TS07.swf,,migrations/course-g05-l04-ts-007/audit/machine/g5-l4-pre-runtime-swf-definition-inventory.csv,955f2a8c83ce121d9a3979463c51f6c3d893b2b79cb7bfa250fe591d515a02e7,CSV definition-index record for DefineText,,,"projection only; no asset bytes exported, transformed, redrawn, or generated",machine-extracted-structural-candidate,owner-provided SWF,"container=root; definitionDepth=0; tagOrdinal=2539; payloadBytes=46; rawTagPayloadSha256=3ad6afa27213963011ebfb60412bb797ed09df24f8fcbe236767ac74d0ebf1ce; exactTagIdentitySha256=5d24208ab007e1ab9e93f65729b7b7c0a80f8c993d1c97d776a2950b87480dc4; runtime reachability unresolved; placement and bounds unresolved; renderer suitability unresolved; machineDefinitionIndexSha256=955f2a8c83ce121d9a3979463c51f6c3d893b2b79cb7bfa250fe591d515a02e7; Structural/static source-derived candidate only. The exported_file is the shared machine definition-index evidence, not a visual or renderer asset export. It is not an authoritative original-runtime baseline and establishes no runtime reachability, placement, asset usage, visual appearance, renderer suitability, human or owner acceptance, strict completion, or publication."
swf-definition-02540,347,,structural-text-definition-candidate,source-assets/flash/HELP MATH_ORIGINAL FILES/HELP_COURSES/ELMGR5/L4/TS/L4TS07.swf,,migrations/course-g05-l04-ts-007/audit/machine/g5-l4-pre-runtime-swf-definition-inventory.csv,955f2a8c83ce121d9a3979463c51f6c3d893b2b79cb7bfa250fe591d515a02e7,CSV definition-index record for DefineText,,,"projection only; no asset bytes exported, transformed, redrawn, or generated",machine-extracted-structural-candidate,owner-provided SWF,"container=root; definitionDepth=0; tagOrdinal=2540; payloadBytes=46; rawTagPayloadSha256=4f51f796aec35d53ca1debb95ffa5fef41fa2604e250e445b4b102ae8e06a09b; exactTagIdentitySha256=1c6d31e002dc9e35e1fc796000ce5ff56c301b79837474e8088fed345df057c6; runtime reachability unresolved; placement and bounds unresolved; renderer suitability unresolved; machineDefinitionIndexSha256=955f2a8c83ce121d9a3979463c51f6c3d893b2b79cb7bfa250fe591d515a02e7; Structural/static source-derived candidate only. The exported_file is the shared machine definition-index evidence, not a visual or renderer asset export. It is not an authoritative original-runtime baseline and establishes no runtime reachability, placement, asset usage, visual appearance, renderer suitability, human or owner acceptance, strict completion, or publication."
swf-definition-02541,348,,structural-morph-definition-candidate,source-assets/flash/HELP MATH_ORIGINAL FILES/HELP_COURSES/ELMGR5/L4/TS/L4TS07.swf,,migrations/course-g05-l04-ts-007/audit/machine/g5-l4-pre-runtime-swf-definition-inventory.csv,955f2a8c83ce121d9a3979463c51f6c3d893b2b79cb7bfa250fe591d515a02e7,CSV definition-index record for DefineMorphShape,,,"projection only; no asset bytes exported, transformed, redrawn, or generated",machine-extracted-structural-candidate,owner-provided SWF,"container=root; definitionDepth=0; tagOrdinal=2541; payloadBytes=230; rawTagPayloadSha256=3d0e3a4b7f8957aee019ce0a43b31ef4c511604237ebc209f51357bc21a4c4d0; exactTagIdentitySha256=1118d7180501d3d6042dabe9e582affcd5b9257e36cbfef2d5c0e9a1531b2918; runtime reachability unresolved; placement and bounds unresolved; renderer suitability unresolved; machineDefinitionIndexSha256=955f2a8c83ce121d9a3979463c51f6c3d893b2b79cb7bfa250fe591d515a02e7; Structural/static source-derived candidate only. The exported_file is the shared machine definition-index evidence, not a visual or renderer asset export. It is not an authoritative original-runtime baseline and establishes no runtime reachability, placement, asset usage, visual appearance, renderer suitability, human or owner acceptance, strict completion, or publication."
swf-definition-02542,349,,structural-morph-definition-candidate,source-assets/flash/HELP MATH_ORIGINAL FILES/HELP_COURSES/ELMGR5/L4/TS/L4TS07.swf,,migrations/course-g05-l04-ts-007/audit/machine/g5-l4-pre-runtime-swf-definition-inventory.csv,955f2a8c83ce121d9a3979463c51f6c3d893b2b79cb7bfa250fe591d515a02e7,CSV definition-index record for DefineMorphShape,,,"projection only; no asset bytes exported, transformed, redrawn, or generated",machine-extracted-structural-candidate,owner-provided SWF,"container=root; definitionDepth=0; tagOrdinal=2542; payloadBytes=230; rawTagPayloadSha256=21c0eff3e551139898cd74921f8c9057085f0b4efb996fb502c1d097ae26adcb; exactTagIdentitySha256=b5785d875b7b6ad1f4682143ddf64396a6c6a2cef9ef1aa285e0ff5c186ddde0; runtime reachability unresolved; placement and bounds unresolved; renderer suitability unresolved; machineDefinitionIndexSha256=955f2a8c83ce121d9a3979463c51f6c3d893b2b79cb7bfa250fe591d515a02e7; Structural/static source-derived candidate only. The exported_file is the shared machine definition-index evidence, not a visual or renderer asset export. It is not an authoritative original-runtime baseline and establishes no runtime reachability, placement, asset usage, visual appearance, renderer suitability, human or owner acceptance, strict completion, or publication."
swf-definition-02543,350,,structural-shape-definition-candidate,source-assets/flash/HELP MATH_ORIGINAL FILES/HELP_COURSES/ELMGR5/L4/TS/L4TS07.swf,,migrations/course-g05-l04-ts-007/audit/machine/g5-l4-pre-runtime-swf-definition-inventory.csv,955f2a8c83ce121d9a3979463c51f6c3d893b2b79cb7bfa250fe591d515a02e7,CSV definition-index record for DefineShape,,,"projection only; no asset bytes exported, transformed, redrawn, or generated",machine-extracted-structural-candidate,owner-provided SWF,"container=root; definitionDepth=0; tagOrdinal=2543; payloadBytes=845; rawTagPayloadSha256=f86ed97a23af21a93bba36e3e4d52f1345dacd3a817b76d07f5a83a7b84452a9; exactTagIdentitySha256=63ed11aeae72fe6bf2cdbbe9980de165b735044de286d91df3a6c75d98adf2f1; runtime reachability unresolved; placement and bounds unresolved; renderer suitability unresolved; machineDefinitionIndexSha256=955f2a8c83ce121d9a3979463c51f6c3d893b2b79cb7bfa250fe591d515a02e7; Structural/static source-derived candidate only. The exported_file is the shared machine definition-index evidence, not a visual or renderer asset export. It is not an authoritative original-runtime baseline and establishes no runtime reachability, placement, asset usage, visual appearance, renderer suitability, human or owner acceptance, strict completion, or publication."
swf-definition-02544,351,,structural-shape-definition-candidate,source-assets/flash/HELP MATH_ORIGINAL FILES/HELP_COURSES/ELMGR5/L4/TS/L4TS07.swf,,migrations/course-g05-l04-ts-007/audit/machine/g5-l4-pre-runtime-swf-definition-inventory.csv,955f2a8c83ce121d9a3979463c51f6c3d893b2b79cb7bfa250fe591d515a02e7,CSV definition-index record for DefineShape3,,,"projection only; no asset bytes exported, transformed, redrawn, or generated",machine-extracted-structural-candidate,owner-provided SWF,"container=root; definitionDepth=0; tagOrdinal=2544; payloadBytes=110; rawTagPayloadSha256=cd77f84e5d8688cf0c60311161ea81821497c7fd0f6368c64757f5e766a06753; exactTagIdentitySha256=f0b3db0fefced0cc0b488d0ad84341103485c55821d2f983b14fc63ff2952fbb; runtime reachability unresolved; placement and bounds unresolved; renderer suitability unresolved; machineDefinitionIndexSha256=955f2a8c83ce121d9a3979463c51f6c3d893b2b79cb7bfa250fe591d515a02e7; Structural/static source-derived candidate only. The exported_file is the shared machine definition-index evidence, not a visual or renderer asset export. It is not an authoritative original-runtime baseline and establishes no runtime reachability, placement, asset usage, visual appearance, renderer suitability, human or owner acceptance, strict completion, or publication."
swf-definition-02545,352,,structural-sprite-definition-candidate,source-assets/flash/HELP MATH_ORIGINAL FILES/HELP_COURSES/ELMGR5/L4/TS/L4TS07.swf,,migrations/course-g05-l04-ts-007/audit/machine/g5-l4-pre-runtime-swf-definition-inventory.csv,955f2a8c83ce121d9a3979463c51f6c3d893b2b79cb7bfa250fe591d515a02e7,CSV definition-index record for DefineSprite,,,"projection only; no asset bytes exported, transformed, redrawn, or generated",machine-extracted-structural-candidate,owner-provided SWF,"container=root; definitionDepth=0; tagOrdinal=2545; payloadBytes=5957; rawTagPayloadSha256=12129ae44f74316bd0cc4563b837f399e652c450db3e70b39bb131fa2fd35adf; exactTagIdentitySha256=23cd8fab1ed2c01a87702aacb87b2f464e41d687dc42b326adbe91d4f8c00eff; declaredFrameCount=25; runtime reachability unresolved; placement and bounds unresolved; renderer suitability unresolved; machineDefinitionIndexSha256=955f2a8c83ce121d9a3979463c51f6c3d893b2b79cb7bfa250fe591d515a02e7; Structural/static source-derived candidate only. The exported_file is the shared machine definition-index evidence, not a visual or renderer asset export. It is not an authoritative original-runtime baseline and establishes no runtime reachability, placement, asset usage, visual appearance, renderer suitability, human or owner acceptance, strict completion, or publication."
swf-definition-02698,353,,structural-morph-definition-candidate,source-assets/flash/HELP MATH_ORIGINAL FILES/HELP_COURSES/ELMGR5/L4/TS/L4TS07.swf,,migrations/course-g05-l04-ts-007/audit/machine/g5-l4-pre-runtime-swf-definition-inventory.csv,955f2a8c83ce121d9a3979463c51f6c3d893b2b79cb7bfa250fe591d515a02e7,CSV definition-index record for DefineMorphShape,,,"projection only; no asset bytes exported, transformed, redrawn, or generated",machine-extracted-structural-candidate,owner-provided SWF,"container=root; definitionDepth=0; tagOrdinal=2698; payloadBytes=857; rawTagPayloadSha256=673df32a3989db64fc02e111cb4a82f18db6238d461e474e2f5e5162a57ae6b6; exactTagIdentitySha256=242b72d3b4679321a81027130071801e8ed14ad828f935f35ac9f2d886063127; runtime reachability unresolved; placement and bounds unresolved; renderer suitability unresolved; machineDefinitionIndexSha256=955f2a8c83ce121d9a3979463c51f6c3d893b2b79cb7bfa250fe591d515a02e7; Structural/static source-derived candidate only. The exported_file is the shared machine definition-index evidence, not a visual or renderer asset export. It is not an authoritative original-runtime baseline and establishes no runtime reachability, placement, asset usage, visual appearance, renderer suitability, human or owner acceptance, strict completion, or publication."
swf-definition-02699,354,,structural-morph-definition-candidate,source-assets/flash/HELP MATH_ORIGINAL FILES/HELP_COURSES/ELMGR5/L4/TS/L4TS07.swf,,migrations/course-g05-l04-ts-007/audit/machine/g5-l4-pre-runtime-swf-definition-inventory.csv,955f2a8c83ce121d9a3979463c51f6c3d893b2b79cb7bfa250fe591d515a02e7,CSV definition-index record for DefineMorphShape,,,"projection only; no asset bytes exported, transformed, redrawn, or generated",machine-extracted-structural-candidate,owner-provided SWF,"container=root; definitionDepth=0; tagOrdinal=2699; payloadBytes=851; rawTagPayloadSha256=3de909fba711bf3f5397ddf7acce395b1ee62d152f575b1e4cc9664b5a3c19e4; exactTagIdentitySha256=ba57a68b7d6c8416518b3ccaf9e897baf1ee26dc1f6c0492349d304e078b7e32; runtime reachability unresolved; placement and bounds unresolved; renderer suitability unresolved; machineDefinitionIndexSha256=955f2a8c83ce121d9a3979463c51f6c3d893b2b79cb7bfa250fe591d515a02e7; Structural/static source-derived candidate only. The exported_file is the shared machine definition-index evidence, not a visual or renderer asset export. It is not an authoritative original-runtime baseline and establishes no runtime reachability, placement, asset usage, visual appearance, renderer suitability, human or owner acceptance, strict completion, or publication."
swf-definition-02700,355,,structural-morph-definition-candidate,source-assets/flash/HELP MATH_ORIGINAL FILES/HELP_COURSES/ELMGR5/L4/TS/L4TS07.swf,,migrations/course-g05-l04-ts-007/audit/machine/g5-l4-pre-runtime-swf-definition-inventory.csv,955f2a8c83ce121d9a3979463c51f6c3d893b2b79cb7bfa250fe591d515a02e7,CSV definition-index record for DefineMorphShape,,,"projection only; no asset bytes exported, transformed, redrawn, or generated",machine-extracted-structural-candidate,owner-provided SWF,"container=root; definitionDepth=0; tagOrdinal=2700; payloadBytes=251; rawTagPayloadSha256=b776eb45b8ac9ad0a77ce69a5756a199bd3743db96dd365bb564bb8436798100; exactTagIdentitySha256=d37d1621a63836484de36c303d2880ed368161a3b6043165abcf5f87f138add0; runtime reachability unresolved; placement and bounds unresolved; renderer suitability unresolved; machineDefinitionIndexSha256=955f2a8c83ce121d9a3979463c51f6c3d893b2b79cb7bfa250fe591d515a02e7; Structural/static source-derived candidate only. The exported_file is the shared machine definition-index evidence, not a visual or renderer asset export. It is not an authoritative original-runtime baseline and establishes no runtime reachability, placement, asset usage, visual appearance, renderer suitability, human or owner acceptance, strict completion, or publication."
swf-definition-02701,356,,structural-shape-definition-candidate,source-assets/flash/HELP MATH_ORIGINAL FILES/HELP_COURSES/ELMGR5/L4/TS/L4TS07.swf,,migrations/course-g05-l04-ts-007/audit/machine/g5-l4-pre-runtime-swf-definition-inventory.csv,955f2a8c83ce121d9a3979463c51f6c3d893b2b79cb7bfa250fe591d515a02e7,CSV definition-index record for DefineShape,,,"projection only; no asset bytes exported, transformed, redrawn, or generated",machine-extracted-structural-candidate,owner-provided SWF,"container=root; definitionDepth=0; tagOrdinal=2701; payloadBytes=61; rawTagPayloadSha256=6ec75bb4d7850558ac6465ad1553a7e3c10a028dd7fdeefa87cf51a170bd502e; exactTagIdentitySha256=93f51d256fd43e6e349ae09b9af45e97a2e455ecd9ef4822170a3e332f9ced99; runtime reachability unresolved; placement and bounds unresolved; renderer suitability unresolved; machineDefinitionIndexSha256=955f2a8c83ce121d9a3979463c51f6c3d893b2b79cb7bfa250fe591d515a02e7; Structural/static source-derived candidate only. The exported_file is the shared machine definition-index evidence, not a visual or renderer asset export. It is not an authoritative original-runtime baseline and establishes no runtime reachability, placement, asset usage, visual appearance, renderer suitability, human or owner acceptance, strict completion, or publication."
swf-definition-02702,357,,structural-morph-definition-candidate,source-assets/flash/HELP MATH_ORIGINAL FILES/HELP_COURSES/ELMGR5/L4/TS/L4TS07.swf,,migrations/course-g05-l04-ts-007/audit/machine/g5-l4-pre-runtime-swf-definition-inventory.csv,955f2a8c83ce121d9a3979463c51f6c3d893b2b79cb7bfa250fe591d515a02e7,CSV definition-index record for DefineMorphShape,,,"projection only; no asset bytes exported, transformed, redrawn, or generated",machine-extracted-structural-candidate,owner-provided SWF,"container=root; definitionDepth=0; tagOrdinal=2702; payloadBytes=257; rawTagPayloadSha256=ace6812d53dea7358249ac54700d78e4a2dc48f3f6a9211af2ff7a277841d676; exactTagIdentitySha256=caf7e8db1eb5f2d785336973725793afb6ae289360c3740de0a8c5fee1952e3c; runtime reachability unresolved; placement and bounds unresolved; renderer suitability unresolved; machineDefinitionIndexSha256=955f2a8c83ce121d9a3979463c51f6c3d893b2b79cb7bfa250fe591d515a02e7; Structural/static source-derived candidate only. The exported_file is the shared machine definition-index evidence, not a visual or renderer asset export. It is not an authoritative original-runtime baseline and establishes no runtime reachability, placement, asset usage, visual appearance, renderer suitability, human or owner acceptance, strict completion, or publication."
swf-definition-02703,358,,structural-font-definition-candidate,source-assets/flash/HELP MATH_ORIGINAL FILES/HELP_COURSES/ELMGR5/L4/TS/L4TS07.swf,,migrations/course-g05-l04-ts-007/audit/machine/g5-l4-pre-runtime-swf-definition-inventory.csv,955f2a8c83ce121d9a3979463c51f6c3d893b2b79cb7bfa250fe591d515a02e7,CSV definition-index record for DefineFont2,,11,"projection only; no asset bytes exported, transformed, redrawn, or generated",machine-extracted-structural-candidate,owner-provided SWF,"swfEmbeddedFontName=Revue BT; container=root; definitionDepth=0; tagOrdinal=2703; payloadBytes=731; rawTagPayloadSha256=4ae744e8a82653668aea66da1c0a45872b3c53db9d13388bd123bb105b660852; exactTagIdentitySha256=e309c23ed7b6b86c8896dc50c4c60e7b2e65f4b19b5e5228cb0b31bbb9880a07; runtime reachability unresolved; placement and bounds unresolved; renderer suitability unresolved; machineDefinitionIndexSha256=955f2a8c83ce121d9a3979463c51f6c3d893b2b79cb7bfa250fe591d515a02e7; Structural/static source-derived candidate only. The exported_file is the shared machine definition-index evidence, not a visual or renderer asset export. It is not an authoritative original-runtime baseline and establishes no runtime reachability, placement, asset usage, visual appearance, renderer suitability, human or owner acceptance, strict completion, or publication."
swf-definition-02705,359,,structural-text-definition-candidate,source-assets/flash/HELP MATH_ORIGINAL FILES/HELP_COURSES/ELMGR5/L4/TS/L4TS07.swf,,migrations/course-g05-l04-ts-007/audit/machine/g5-l4-pre-runtime-swf-definition-inventory.csv,955f2a8c83ce121d9a3979463c51f6c3d893b2b79cb7bfa250fe591d515a02e7,CSV definition-index record for DefineText,,,"projection only; no asset bytes exported, transformed, redrawn, or generated",machine-extracted-structural-candidate,owner-provided SWF,"container=root; definitionDepth=0; tagOrdinal=2705; payloadBytes=46; rawTagPayloadSha256=ce3447b265a92899f7a26c991a1abaeda0eaa9fa0abbe862961ee0fd5ff2bf30; exactTagIdentitySha256=eca5934c8002d0fa5128ab4f794075b87cae4c3429303b1ad08caeb4a3967382; runtime reachability unresolved; placement and bounds unresolved; renderer suitability unresolved; machineDefinitionIndexSha256=955f2a8c83ce121d9a3979463c51f6c3d893b2b79cb7bfa250fe591d515a02e7; Structural/static source-derived candidate only. The exported_file is the shared machine definition-index evidence, not a visual or renderer asset export. It is not an authoritative original-runtime baseline and establishes no runtime reachability, placement, asset usage, visual appearance, renderer suitability, human or owner acceptance, strict completion, or publication."
swf-definition-02706,360,,structural-text-definition-candidate,source-assets/flash/HELP MATH_ORIGINAL FILES/HELP_COURSES/ELMGR5/L4/TS/L4TS07.swf,,migrations/course-g05-l04-ts-007/audit/machine/g5-l4-pre-runtime-swf-definition-inventory.csv,955f2a8c83ce121d9a3979463c51f6c3d893b2b79cb7bfa250fe591d515a02e7,CSV definition-index record for DefineText,,,"projection only; no asset bytes exported, transformed, redrawn, or generated",machine-extracted-structural-candidate,owner-provided SWF,"container=root; definitionDepth=0; tagOrdinal=2706; payloadBytes=46; rawTagPayloadSha256=f88d2cf603989a0c2a3343a4ea7086371e59ee6471fc9abb0ab40f956639a5f3; exactTagIdentitySha256=4a8afa7f64a1b30650349b52e6ee70ed57cd4210ca9fa0f324d6b949db99ff2a; runtime reachability unresolved; placement and bounds unresolved; renderer suitability unresolved; machineDefinitionIndexSha256=955f2a8c83ce121d9a3979463c51f6c3d893b2b79cb7bfa250fe591d515a02e7; Structural/static source-derived candidate only. The exported_file is the shared machine definition-index evidence, not a visual or renderer asset export. It is not an authoritative original-runtime baseline and establishes no runtime reachability, placement, asset usage, visual appearance, renderer suitability, human or owner acceptance, strict completion, or publication."
swf-definition-02707,361,,structural-morph-definition-candidate,source-assets/flash/HELP MATH_ORIGINAL FILES/HELP_COURSES/ELMGR5/L4/TS/L4TS07.swf,,migrations/course-g05-l04-ts-007/audit/machine/g5-l4-pre-runtime-swf-definition-inventory.csv,955f2a8c83ce121d9a3979463c51f6c3d893b2b79cb7bfa250fe591d515a02e7,CSV definition-index record for DefineMorphShape,,,"projection only; no asset bytes exported, transformed, redrawn, or generated",machine-extracted-structural-candidate,owner-provided SWF,"container=root; definitionDepth=0; tagOrdinal=2707; payloadBytes=924; rawTagPayloadSha256=e2b02a7b57c7d6b61abca23cbe610fee471524152ac9d5c129f739235c1dfe64; exactTagIdentitySha256=ed2118d49f5c68f57d92e06878528f1c89b3b59991c827adbc573ab71feac54d; runtime reachability unresolved; placement and bounds unresolved; renderer suitability unresolved; machineDefinitionIndexSha256=955f2a8c83ce121d9a3979463c51f6c3d893b2b79cb7bfa250fe591d515a02e7; Structural/static source-derived candidate only. The exported_file is the shared machine definition-index evidence, not a visual or renderer asset export. It is not an authoritative original-runtime baseline and establishes no runtime reachability, placement, asset usage, visual appearance, renderer suitability, human or owner acceptance, strict completion, or publication."
swf-definition-02708,362,,structural-morph-definition-candidate,source-assets/flash/HELP MATH_ORIGINAL FILES/HELP_COURSES/ELMGR5/L4/TS/L4TS07.swf,,migrations/course-g05-l04-ts-007/audit/machine/g5-l4-pre-runtime-swf-definition-inventory.csv,955f2a8c83ce121d9a3979463c51f6c3d893b2b79cb7bfa250fe591d515a02e7,CSV definition-index record for DefineMorphShape,,,"projection only; no asset bytes exported, transformed, redrawn, or generated",machine-extracted-structural-candidate,owner-provided SWF,"container=root; definitionDepth=0; tagOrdinal=2708; payloadBytes=257; rawTagPayloadSha256=454ebf5a0e55714305db73405988c6e2490ad5ad576e3fb14f943f38ad1bd9b2; exactTagIdentitySha256=701a70648f218cda714fd77dfafead8de765b22f0a850c8fdc31329cf7119115; runtime reachability unresolved; placement and bounds unresolved; renderer suitability unresolved; machineDefinitionIndexSha256=955f2a8c83ce121d9a3979463c51f6c3d893b2b79cb7bfa250fe591d515a02e7; Structural/static source-derived candidate only. The exported_file is the shared machine definition-index evidence, not a visual or renderer asset export. It is not an authoritative original-runtime baseline and establishes no runtime reachability, placement, asset usage, visual appearance, renderer suitability, human or owner acceptance, strict completion, or publication."
swf-definition-02709,363,,structural-shape-definition-candidate,source-assets/flash/HELP MATH_ORIGINAL FILES/HELP_COURSES/ELMGR5/L4/TS/L4TS07.swf,,migrations/course-g05-l04-ts-007/audit/machine/g5-l4-pre-runtime-swf-definition-inventory.csv,955f2a8c83ce121d9a3979463c51f6c3d893b2b79cb7bfa250fe591d515a02e7,CSV definition-index record for DefineShape3,,,"projection only; no asset bytes exported, transformed, redrawn, or generated",machine-extracted-structural-candidate,owner-provided SWF,"container=root; definitionDepth=0; tagOrdinal=2709; payloadBytes=303; rawTagPayloadSha256=ab9cf0058251cc4586c9c406a8ded406cbcb6e58092f382a195a7cb26cb96266; exactTagIdentitySha256=a600d11dd9a38e5bccb4e2c99b3c47b258c229d856a79b5878529d8360cf4b89; runtime reachability unresolved; placement and bounds unresolved; renderer suitability unresolved; machineDefinitionIndexSha256=955f2a8c83ce121d9a3979463c51f6c3d893b2b79cb7bfa250fe591d515a02e7; Structural/static source-derived candidate only. The exported_file is the shared machine definition-index evidence, not a visual or renderer asset export. It is not an authoritative original-runtime baseline and establishes no runtime reachability, placement, asset usage, visual appearance, renderer suitability, human or owner acceptance, strict completion, or publication."
swf-definition-02710,364,,structural-shape-definition-candidate,source-assets/flash/HELP MATH_ORIGINAL FILES/HELP_COURSES/ELMGR5/L4/TS/L4TS07.swf,,migrations/course-g05-l04-ts-007/audit/machine/g5-l4-pre-runtime-swf-definition-inventory.csv,955f2a8c83ce121d9a3979463c51f6c3d893b2b79cb7bfa250fe591d515a02e7,CSV definition-index record for DefineShape3,,,"projection only; no asset bytes exported, transformed, redrawn, or generated",machine-extracted-structural-candidate,owner-provided SWF,"container=root; definitionDepth=0; tagOrdinal=2710; payloadBytes=92; rawTagPayloadSha256=26f4b95f0673427809aa78fe9cddb795d4fe06f223d85bcfe77a9973096d12fe; exactTagIdentitySha256=3c86b913335af81d8e6b099c2aa552d11a7398d3f4cde8d6300c4596755c1c08; runtime reachability unresolved; placement and bounds unresolved; renderer suitability unresolved; machineDefinitionIndexSha256=955f2a8c83ce121d9a3979463c51f6c3d893b2b79cb7bfa250fe591d515a02e7; Structural/static source-derived candidate only. The exported_file is the shared machine definition-index evidence, not a visual or renderer asset export. It is not an authoritative original-runtime baseline and establishes no runtime reachability, placement, asset usage, visual appearance, renderer suitability, human or owner acceptance, strict completion, or publication."
swf-definition-02711,365,,structural-sprite-definition-candidate,source-assets/flash/HELP MATH_ORIGINAL FILES/HELP_COURSES/ELMGR5/L4/TS/L4TS07.swf,,migrations/course-g05-l04-ts-007/audit/machine/g5-l4-pre-runtime-swf-definition-inventory.csv,955f2a8c83ce121d9a3979463c51f6c3d893b2b79cb7bfa250fe591d515a02e7,CSV definition-index record for DefineSprite,,,"projection only; no asset bytes exported, transformed, redrawn, or generated",machine-extracted-structural-candidate,owner-provided SWF,"container=root; definitionDepth=0; tagOrdinal=2711; payloadBytes=12751; rawTagPayloadSha256=d18512d22d591ad8872c2f46f36159739d310c429b589534440a1cd56f51c9be; exactTagIdentitySha256=306439e7cf161d7e942d93322a22e40ff755d833bbb07c1505c4f637bbb7fea7; declaredFrameCount=28; runtime reachability unresolved; placement and bounds unresolved; renderer suitability unresolved; machineDefinitionIndexSha256=955f2a8c83ce121d9a3979463c51f6c3d893b2b79cb7bfa250fe591d515a02e7; Structural/static source-derived candidate only. The exported_file is the shared machine definition-index evidence, not a visual or renderer asset export. It is not an authoritative original-runtime baseline and establishes no runtime reachability, placement, asset usage, visual appearance, renderer suitability, human or owner acceptance, strict completion, or publication."
swf-definition-02846,366,,structural-morph-definition-candidate,source-assets/flash/HELP MATH_ORIGINAL FILES/HELP_COURSES/ELMGR5/L4/TS/L4TS07.swf,,migrations/course-g05-l04-ts-007/audit/machine/g5-l4-pre-runtime-swf-definition-inventory.csv,955f2a8c83ce121d9a3979463c51f6c3d893b2b79cb7bfa250fe591d515a02e7,CSV definition-index record for DefineMorphShape,,,"projection only; no asset bytes exported, transformed, redrawn, or generated",machine-extracted-structural-candidate,owner-provided SWF,"container=root; definitionDepth=0; tagOrdinal=2846; payloadBytes=147; rawTagPayloadSha256=20406b68c1bb1ad8e5f5be1de661d4b4db1f1db365e3f115b0b2614579302d36; exactTagIdentitySha256=76d9dc7be0a2f25075724eebb8c61b0da7d0df3e5c4d05a48437abd87a1bbc62; runtime reachability unresolved; placement and bounds unresolved; renderer suitability unresolved; machineDefinitionIndexSha256=955f2a8c83ce121d9a3979463c51f6c3d893b2b79cb7bfa250fe591d515a02e7; Structural/static source-derived candidate only. The exported_file is the shared machine definition-index evidence, not a visual or renderer asset export. It is not an authoritative original-runtime baseline and establishes no runtime reachability, placement, asset usage, visual appearance, renderer suitability, human or owner acceptance, strict completion, or publication."
swf-definition-02847,367,,structural-morph-definition-candidate,source-assets/flash/HELP MATH_ORIGINAL FILES/HELP_COURSES/ELMGR5/L4/TS/L4TS07.swf,,migrations/course-g05-l04-ts-007/audit/machine/g5-l4-pre-runtime-swf-definition-inventory.csv,955f2a8c83ce121d9a3979463c51f6c3d893b2b79cb7bfa250fe591d515a02e7,CSV definition-index record for DefineMorphShape,,,"projection only; no asset bytes exported, transformed, redrawn, or generated",machine-extracted-structural-candidate,owner-provided SWF,"container=root; definitionDepth=0; tagOrdinal=2847; payloadBytes=142; rawTagPayloadSha256=7d8d0b5f7dc094ad8ec0a50aa250b2310a3e2ecc02a8dcbb36b7e3d33022311c; exactTagIdentitySha256=47aa7dd30da0dc8f9d5c5e08727482939e86f2b7e6f1058b818436a01c085262; runtime reachability unresolved; placement and bounds unresolved; renderer suitability unresolved; machineDefinitionIndexSha256=955f2a8c83ce121d9a3979463c51f6c3d893b2b79cb7bfa250fe591d515a02e7; Structural/static source-derived candidate only. The exported_file is the shared machine definition-index evidence, not a visual or renderer asset export. It is not an authoritative original-runtime baseline and establishes no runtime reachability, placement, asset usage, visual appearance, renderer suitability, human or owner acceptance, strict completion, or publication."
swf-definition-02848,368,,structural-morph-definition-candidate,source-assets/flash/HELP MATH_ORIGINAL FILES/HELP_COURSES/ELMGR5/L4/TS/L4TS07.swf,,migrations/course-g05-l04-ts-007/audit/machine/g5-l4-pre-runtime-swf-definition-inventory.csv,955f2a8c83ce121d9a3979463c51f6c3d893b2b79cb7bfa250fe591d515a02e7,CSV definition-index record for DefineMorphShape,,,"projection only; no asset bytes exported, transformed, redrawn, or generated",machine-extracted-structural-candidate,owner-provided SWF,"container=root; definitionDepth=0; tagOrdinal=2848; payloadBytes=143; rawTagPayloadSha256=189280dc55d122c4298ba68b57a030cdabfd824e4fc6ed59edf75a1aee78ba2d; exactTagIdentitySha256=c60d993362cee872cd3c4499389fb06d9d3e94dc325f162408e9283e4548e8b5; runtime reachability unresolved; placement and bounds unresolved; renderer suitability unresolved; machineDefinitionIndexSha256=955f2a8c83ce121d9a3979463c51f6c3d893b2b79cb7bfa250fe591d515a02e7; Structural/static source-derived candidate only. The exported_file is the shared machine definition-index evidence, not a visual or renderer asset export. It is not an authoritative original-runtime baseline and establishes no runtime reachability, placement, asset usage, visual appearance, renderer suitability, human or owner acceptance, strict completion, or publication."
swf-definition-02849,369,,structural-morph-definition-candidate,source-assets/flash/HELP MATH_ORIGINAL FILES/HELP_COURSES/ELMGR5/L4/TS/L4TS07.swf,,migrations/course-g05-l04-ts-007/audit/machine/g5-l4-pre-runtime-swf-definition-inventory.csv,955f2a8c83ce121d9a3979463c51f6c3d893b2b79cb7bfa250fe591d515a02e7,CSV definition-index record for DefineMorphShape,,,"projection only; no asset bytes exported, transformed, redrawn, or generated",machine-extracted-structural-candidate,owner-provided SWF,"container=root; definitionDepth=0; tagOrdinal=2849; payloadBytes=143; rawTagPayloadSha256=4879bd9c502bcff1706585baa4bb681de2c4baba9650781dbb515b5383cf3f7f; exactTagIdentitySha256=a2a5ea9d6840637815aaedecb0ee9378485d6844a724d708772266f379a1e510; runtime reachability unresolved; placement and bounds unresolved; renderer suitability unresolved; machineDefinitionIndexSha256=955f2a8c83ce121d9a3979463c51f6c3d893b2b79cb7bfa250fe591d515a02e7; Structural/static source-derived candidate only. The exported_file is the shared machine definition-index evidence, not a visual or renderer asset export. It is not an authoritative original-runtime baseline and establishes no runtime reachability, placement, asset usage, visual appearance, renderer suitability, human or owner acceptance, strict completion, or publication."
swf-definition-02850,370,,structural-morph-definition-candidate,source-assets/flash/HELP MATH_ORIGINAL FILES/HELP_COURSES/ELMGR5/L4/TS/L4TS07.swf,,migrations/course-g05-l04-ts-007/audit/machine/g5-l4-pre-runtime-swf-definition-inventory.csv,955f2a8c83ce121d9a3979463c51f6c3d893b2b79cb7bfa250fe591d515a02e7,CSV definition-index record for DefineMorphShape,,,"projection only; no asset bytes exported, transformed, redrawn, or generated",machine-extracted-structural-candidate,owner-provided SWF,"container=root; definitionDepth=0; tagOrdinal=2850; payloadBytes=143; rawTagPayloadSha256=61c5334f4e9e946cb91d55796c536d592e4e68252cd541894decf43fe58bf60a; exactTagIdentitySha256=04fbd5baeec72ed1ce6ca69c4fb5a3c274d30d6a3f7c3f9a685dfaad45764ebf; runtime reachability unresolved; placement and bounds unresolved; renderer suitability unresolved; machineDefinitionIndexSha256=955f2a8c83ce121d9a3979463c51f6c3d893b2b79cb7bfa250fe591d515a02e7; Structural/static source-derived candidate only. The exported_file is the shared machine definition-index evidence, not a visual or renderer asset export. It is not an authoritative original-runtime baseline and establishes no runtime reachability, placement, asset usage, visual appearance, renderer suitability, human or owner acceptance, strict completion, or publication."
swf-definition-02851,371,,structural-morph-definition-candidate,source-assets/flash/HELP MATH_ORIGINAL FILES/HELP_COURSES/ELMGR5/L4/TS/L4TS07.swf,,migrations/course-g05-l04-ts-007/audit/machine/g5-l4-pre-runtime-swf-definition-inventory.csv,955f2a8c83ce121d9a3979463c51f6c3d893b2b79cb7bfa250fe591d515a02e7,CSV definition-index record for DefineMorphShape,,,"projection only; no asset bytes exported, transformed, redrawn, or generated",machine-extracted-structural-candidate,owner-provided SWF,"container=root; definitionDepth=0; tagOrdinal=2851; payloadBytes=138; rawTagPayloadSha256=0dff151779c197b2022a7b6921947503da89fb82e73faa7fb83ccfa14f35b326; exactTagIdentitySha256=f3b80282972e17fd1033885bfc9d3a61393acf684d0076e30491b6d45bed7474; runtime reachability unresolved; placement and bounds unresolved; renderer suitability unresolved; machineDefinitionIndexSha256=955f2a8c83ce121d9a3979463c51f6c3d893b2b79cb7bfa250fe591d515a02e7; Structural/static source-derived candidate only. The exported_file is the shared machine definition-index evidence, not a visual or renderer asset export. It is not an authoritative original-runtime baseline and establishes no runtime reachability, placement, asset usage, visual appearance, renderer suitability, human or owner acceptance, strict completion, or publication."
swf-definition-02852,372,,structural-morph-definition-candidate,source-assets/flash/HELP MATH_ORIGINAL FILES/HELP_COURSES/ELMGR5/L4/TS/L4TS07.swf,,migrations/course-g05-l04-ts-007/audit/machine/g5-l4-pre-runtime-swf-definition-inventory.csv,955f2a8c83ce121d9a3979463c51f6c3d893b2b79cb7bfa250fe591d515a02e7,CSV definition-index record for DefineMorphShape,,,"projection only; no asset bytes exported, transformed, redrawn, or generated",machine-extracted-structural-candidate,owner-provided SWF,"container=root; definitionDepth=0; tagOrdinal=2852; payloadBytes=138; rawTagPayloadSha256=c236fddbb43dd57ca9fe8051a3267ce6d121fcde8ff275038810e0bc12472c32; exactTagIdentitySha256=b833aa06b605f102e3828f664de76db8e4f9ebc67da260df54abc4849b0f358d; runtime reachability unresolved; placement and bounds unresolved; renderer suitability unresolved; machineDefinitionIndexSha256=955f2a8c83ce121d9a3979463c51f6c3d893b2b79cb7bfa250fe591d515a02e7; Structural/static source-derived candidate only. The exported_file is the shared machine definition-index evidence, not a visual or renderer asset export. It is not an authoritative original-runtime baseline and establishes no runtime reachability, placement, asset usage, visual appearance, renderer suitability, human or owner acceptance, strict completion, or publication."
swf-definition-02853,373,,structural-morph-definition-candidate,source-assets/flash/HELP MATH_ORIGINAL FILES/HELP_COURSES/ELMGR5/L4/TS/L4TS07.swf,,migrations/course-g05-l04-ts-007/audit/machine/g5-l4-pre-runtime-swf-definition-inventory.csv,955f2a8c83ce121d9a3979463c51f6c3d893b2b79cb7bfa250fe591d515a02e7,CSV definition-index record for DefineMorphShape,,,"projection only; no asset bytes exported, transformed, redrawn, or generated",machine-extracted-structural-candidate,owner-provided SWF,"container=root; definitionDepth=0; tagOrdinal=2853; payloadBytes=136; rawTagPayloadSha256=f7915900aba00645d40da4e07e7ea0bee91cedd96bed624ebeb012b67cd02925; exactTagIdentitySha256=f80ff8c047ab4104d992ccf7ff6517c5e7967130d099ad2201e85dead942f5eb; runtime reachability unresolved; placement and bounds unresolved; renderer suitability unresolved; machineDefinitionIndexSha256=955f2a8c83ce121d9a3979463c51f6c3d893b2b79cb7bfa250fe591d515a02e7; Structural/static source-derived candidate only. The exported_file is the shared machine definition-index evidence, not a visual or renderer asset export. It is not an authoritative original-runtime baseline and establishes no runtime reachability, placement, asset usage, visual appearance, renderer suitability, human or owner acceptance, strict completion, or publication."
swf-definition-02854,374,,structural-morph-definition-candidate,source-assets/flash/HELP MATH_ORIGINAL FILES/HELP_COURSES/ELMGR5/L4/TS/L4TS07.swf,,migrations/course-g05-l04-ts-007/audit/machine/g5-l4-pre-runtime-swf-definition-inventory.csv,955f2a8c83ce121d9a3979463c51f6c3d893b2b79cb7bfa250fe591d515a02e7,CSV definition-index record for DefineMorphShape,,,"projection only; no asset bytes exported, transformed, redrawn, or generated",machine-extracted-structural-candidate,owner-provided SWF,"container=root; definitionDepth=0; tagOrdinal=2854; payloadBytes=139; rawTagPayloadSha256=e45eb6d1e235acda411b75b91fca23802f66f3cbc04c21735647154067a64bd6; exactTagIdentitySha256=1a6c3067473a5d311b7d963d3b0ff2c96ee35dc3801cc5842f4a93b3b450f481; runtime reachability unresolved; placement and bounds unresolved; renderer suitability unresolved; machineDefinitionIndexSha256=955f2a8c83ce121d9a3979463c51f6c3d893b2b79cb7bfa250fe591d515a02e7; Structural/static source-derived candidate only. The exported_file is the shared machine definition-index evidence, not a visual or renderer asset export. It is not an authoritative original-runtime baseline and establishes no runtime reachability, placement, asset usage, visual appearance, renderer suitability, human or owner acceptance, strict completion, or publication."
swf-definition-02855,375,,structural-morph-definition-candidate,source-assets/flash/HELP MATH_ORIGINAL FILES/HELP_COURSES/ELMGR5/L4/TS/L4TS07.swf,,migrations/course-g05-l04-ts-007/audit/machine/g5-l4-pre-runtime-swf-definition-inventory.csv,955f2a8c83ce121d9a3979463c51f6c3d893b2b79cb7bfa250fe591d515a02e7,CSV definition-index record for DefineMorphShape,,,"projection only; no asset bytes exported, transformed, redrawn, or generated",machine-extracted-structural-candidate,owner-provided SWF,"container=root; definitionDepth=0; tagOrdinal=2855; payloadBytes=138; rawTagPayloadSha256=6eb084cef76a2c77888a4d34a122360ae6b1b786d19edefbcfcf356d2a316b51; exactTagIdentitySha256=cb9e292c57ddd84a83e9840a9c07a757ac7b9d070bd01d964ad102e45ba212b9; runtime reachability unresolved; placement and bounds unresolved; renderer suitability unresolved; machineDefinitionIndexSha256=955f2a8c83ce121d9a3979463c51f6c3d893b2b79cb7bfa250fe591d515a02e7; Structural/static source-derived candidate only. The exported_file is the shared machine definition-index evidence, not a visual or renderer asset export. It is not an authoritative original-runtime baseline and establishes no runtime reachability, placement, asset usage, visual appearance, renderer suitability, human or owner acceptance, strict completion, or publication."
swf-definition-02856,376,,structural-morph-definition-candidate,source-assets/flash/HELP MATH_ORIGINAL FILES/HELP_COURSES/ELMGR5/L4/TS/L4TS07.swf,,migrations/course-g05-l04-ts-007/audit/machine/g5-l4-pre-runtime-swf-definition-inventory.csv,955f2a8c83ce121d9a3979463c51f6c3d893b2b79cb7bfa250fe591d515a02e7,CSV definition-index record for DefineMorphShape,,,"projection only; no asset bytes exported, transformed, redrawn, or generated",machine-extracted-structural-candidate,owner-provided SWF,"container=root; definitionDepth=0; tagOrdinal=2856; payloadBytes=147; rawTagPayloadSha256=86b6dcb0ec49071b6866c275e80bd9c49ae7696eec83995d0eacf09b713d0898; exactTagIdentitySha256=f35a676017f3787e75f79711403fcee30a50d2c5a2e12a84441f58fb933a47d3; runtime reachability unresolved; placement and bounds unresolved; renderer suitability unresolved; machineDefinitionIndexSha256=955f2a8c83ce121d9a3979463c51f6c3d893b2b79cb7bfa250fe591d515a02e7; Structural/static source-derived candidate only. The exported_file is the shared machine definition-index evidence, not a visual or renderer asset export. It is not an authoritative original-runtime baseline and establishes no runtime reachability, placement, asset usage, visual appearance, renderer suitability, human or owner acceptance, strict completion, or publication."
swf-definition-02857,377,,structural-morph-definition-candidate,source-assets/flash/HELP MATH_ORIGINAL FILES/HELP_COURSES/ELMGR5/L4/TS/L4TS07.swf,,migrations/course-g05-l04-ts-007/audit/machine/g5-l4-pre-runtime-swf-definition-inventory.csv,955f2a8c83ce121d9a3979463c51f6c3d893b2b79cb7bfa250fe591d515a02e7,CSV definition-index record for DefineMorphShape,,,"projection only; no asset bytes exported, transformed, redrawn, or generated",machine-extracted-structural-candidate,owner-provided SWF,"container=root; definitionDepth=0; tagOrdinal=2857; payloadBytes=142; rawTagPayloadSha256=4713cdf56f626d4cca858d294096340f593fd53f5023af6b266105ea4a5a4659; exactTagIdentitySha256=d4d6e4d06b560277e51200efdba36a870ddbf939b95d80459c773da27c4f4073; runtime reachability unresolved; placement and bounds unresolved; renderer suitability unresolved; machineDefinitionIndexSha256=955f2a8c83ce121d9a3979463c51f6c3d893b2b79cb7bfa250fe591d515a02e7; Structural/static source-derived candidate only. The exported_file is the shared machine definition-index evidence, not a visual or renderer asset export. It is not an authoritative original-runtime baseline and establishes no runtime reachability, placement, asset usage, visual appearance, renderer suitability, human or owner acceptance, strict completion, or publication."
swf-definition-02858,378,,structural-morph-definition-candidate,source-assets/flash/HELP MATH_ORIGINAL FILES/HELP_COURSES/ELMGR5/L4/TS/L4TS07.swf,,migrations/course-g05-l04-ts-007/audit/machine/g5-l4-pre-runtime-swf-definition-inventory.csv,955f2a8c83ce121d9a3979463c51f6c3d893b2b79cb7bfa250fe591d515a02e7,CSV definition-index record for DefineMorphShape,,,"projection only; no asset bytes exported, transformed, redrawn, or generated",machine-extracted-structural-candidate,owner-provided SWF,"container=root; definitionDepth=0; tagOrdinal=2858; payloadBytes=143; rawTagPayloadSha256=527a0c0024bbd323fe7da6c4c07bbd734ea7b9a1a063bc5c5d707c676612733d; exactTagIdentitySha256=8c4245bb9e3bb1a009b4e1320e28fda611a759360ee14f11a7b89fa44f3e6e21; runtime reachability unresolved; placement and bounds unresolved; renderer suitability unresolved; machineDefinitionIndexSha256=955f2a8c83ce121d9a3979463c51f6c3d893b2b79cb7bfa250fe591d515a02e7; Structural/static source-derived candidate only. The exported_file is the shared machine definition-index evidence, not a visual or renderer asset export. It is not an authoritative original-runtime baseline and establishes no runtime reachability, placement, asset usage, visual appearance, renderer suitability, human or owner acceptance, strict completion, or publication."
swf-definition-02859,379,,structural-morph-definition-candidate,source-assets/flash/HELP MATH_ORIGINAL FILES/HELP_COURSES/ELMGR5/L4/TS/L4TS07.swf,,migrations/course-g05-l04-ts-007/audit/machine/g5-l4-pre-runtime-swf-definition-inventory.csv,955f2a8c83ce121d9a3979463c51f6c3d893b2b79cb7bfa250fe591d515a02e7,CSV definition-index record for DefineMorphShape,,,"projection only; no asset bytes exported, transformed, redrawn, or generated",machine-extracted-structural-candidate,owner-provided SWF,"container=root; definitionDepth=0; tagOrdinal=2859; payloadBytes=143; rawTagPayloadSha256=b7a17e6001170d9e2854d21a4265dc96c94ba9fed1a632d4dd22b731749669c4; exactTagIdentitySha256=cf343ee4fa412f18ac3c7bedb80ef993064b2288a917ee32fd8e9c9512d8eefd; runtime reachability unresolved; placement and bounds unresolved; renderer suitability unresolved; machineDefinitionIndexSha256=955f2a8c83ce121d9a3979463c51f6c3d893b2b79cb7bfa250fe591d515a02e7; Structural/static source-derived candidate only. The exported_file is the shared machine definition-index evidence, not a visual or renderer asset export. It is not an authoritative original-runtime baseline and establishes no runtime reachability, placement, asset usage, visual appearance, renderer suitability, human or owner acceptance, strict completion, or publication."
swf-definition-02860,380,,structural-morph-definition-candidate,source-assets/flash/HELP MATH_ORIGINAL FILES/HELP_COURSES/ELMGR5/L4/TS/L4TS07.swf,,migrations/course-g05-l04-ts-007/audit/machine/g5-l4-pre-runtime-swf-definition-inventory.csv,955f2a8c83ce121d9a3979463c51f6c3d893b2b79cb7bfa250fe591d515a02e7,CSV definition-index record for DefineMorphShape,,,"projection only; no asset bytes exported, transformed, redrawn, or generated",machine-extracted-structural-candidate,owner-provided SWF,"container=root; definitionDepth=0; tagOrdinal=2860; payloadBytes=143; rawTagPayloadSha256=caeb026628ca170384c0ae91e83709d6076b7b68bb08b9fdacfa2e365e667ff6; exactTagIdentitySha256=56ad607bf815a1ea3ab17b51027b4582071bc57d65df19aec01dee9d33cd883c; runtime reachability unresolved; placement and bounds unresolved; renderer suitability unresolved; machineDefinitionIndexSha256=955f2a8c83ce121d9a3979463c51f6c3d893b2b79cb7bfa250fe591d515a02e7; Structural/static source-derived candidate only. The exported_file is the shared machine definition-index evidence, not a visual or renderer asset export. It is not an authoritative original-runtime baseline and establishes no runtime reachability, placement, asset usage, visual appearance, renderer suitability, human or owner acceptance, strict completion, or publication."
swf-definition-02861,381,,structural-morph-definition-candidate,source-assets/flash/HELP MATH_ORIGINAL FILES/HELP_COURSES/ELMGR5/L4/TS/L4TS07.swf,,migrations/course-g05-l04-ts-007/audit/machine/g5-l4-pre-runtime-swf-definition-inventory.csv,955f2a8c83ce121d9a3979463c51f6c3d893b2b79cb7bfa250fe591d515a02e7,CSV definition-index record for DefineMorphShape,,,"projection only; no asset bytes exported, transformed, redrawn, or generated",machine-extracted-structural-candidate,owner-provided SWF,"container=root; definitionDepth=0; tagOrdinal=2861; payloadBytes=134; rawTagPayloadSha256=5916e4c2b31142479909389ab76cd410e20aba6eba9722891ab872a58356dd33; exactTagIdentitySha256=fdd8c60d12d64c8b3cec35bed01e1910be3757b1dddde7e682ee737d222c978c; runtime reachability unresolved; placement and bounds unresolved; renderer suitability unresolved; machineDefinitionIndexSha256=955f2a8c83ce121d9a3979463c51f6c3d893b2b79cb7bfa250fe591d515a02e7; Structural/static source-derived candidate only. The exported_file is the shared machine definition-index evidence, not a visual or renderer asset export. It is not an authoritative original-runtime baseline and establishes no runtime reachability, placement, asset usage, visual appearance, renderer suitability, human or owner acceptance, strict completion, or publication."
swf-definition-02862,382,,structural-morph-definition-candidate,source-assets/flash/HELP MATH_ORIGINAL FILES/HELP_COURSES/ELMGR5/L4/TS/L4TS07.swf,,migrations/course-g05-l04-ts-007/audit/machine/g5-l4-pre-runtime-swf-definition-inventory.csv,955f2a8c83ce121d9a3979463c51f6c3d893b2b79cb7bfa250fe591d515a02e7,CSV definition-index record for DefineMorphShape,,,"projection only; no asset bytes exported, transformed, redrawn, or generated",machine-extracted-structural-candidate,owner-provided SWF,"container=root; definitionDepth=0; tagOrdinal=2862; payloadBytes=134; rawTagPayloadSha256=1ed1cb3e4490f7e6011c68eba8babc94851cc97b4d58499c51be95e4e0c6231b; exactTagIdentitySha256=4ad01f1fa6abb50017fe8b9320f315ab5a153603ed4e3d838447cda66eba1e8d; runtime reachability unresolved; placement and bounds unresolved; renderer suitability unresolved; machineDefinitionIndexSha256=955f2a8c83ce121d9a3979463c51f6c3d893b2b79cb7bfa250fe591d515a02e7; Structural/static source-derived candidate only. The exported_file is the shared machine definition-index evidence, not a visual or renderer asset export. It is not an authoritative original-runtime baseline and establishes no runtime reachability, placement, asset usage, visual appearance, renderer suitability, human or owner acceptance, strict completion, or publication."
swf-definition-02863,383,,structural-morph-definition-candidate,source-assets/flash/HELP MATH_ORIGINAL FILES/HELP_COURSES/ELMGR5/L4/TS/L4TS07.swf,,migrations/course-g05-l04-ts-007/audit/machine/g5-l4-pre-runtime-swf-definition-inventory.csv,955f2a8c83ce121d9a3979463c51f6c3d893b2b79cb7bfa250fe591d515a02e7,CSV definition-index record for DefineMorphShape,,,"projection only; no asset bytes exported, transformed, redrawn, or generated",machine-extracted-structural-candidate,owner-provided SWF,"container=root; definitionDepth=0; tagOrdinal=2863; payloadBytes=130; rawTagPayloadSha256=1b59db5c702862bbeba70f9e5956dde91b16db4abe52118c8b7f2e68da6d265f; exactTagIdentitySha256=b421509c51f5a4fc8af73a62292c345aaa8bca08e16ce2e7b8eaba09ff33f8ca; runtime reachability unresolved; placement and bounds unresolved; renderer suitability unresolved; machineDefinitionIndexSha256=955f2a8c83ce121d9a3979463c51f6c3d893b2b79cb7bfa250fe591d515a02e7; Structural/static source-derived candidate only. The exported_file is the shared machine definition-index evidence, not a visual or renderer asset export. It is not an authoritative original-runtime baseline and establishes no runtime reachability, placement, asset usage, visual appearance, renderer suitability, human or owner acceptance, strict completion, or publication."
swf-definition-02864,384,,structural-morph-definition-candidate,source-assets/flash/HELP MATH_ORIGINAL FILES/HELP_COURSES/ELMGR5/L4/TS/L4TS07.swf,,migrations/course-g05-l04-ts-007/audit/machine/g5-l4-pre-runtime-swf-definition-inventory.csv,955f2a8c83ce121d9a3979463c51f6c3d893b2b79cb7bfa250fe591d515a02e7,CSV definition-index record for DefineMorphShape,,,"projection only; no asset bytes exported, transformed, redrawn, or generated",machine-extracted-structural-candidate,owner-provided SWF,"container=root; definitionDepth=0; tagOrdinal=2864; payloadBytes=135; rawTagPayloadSha256=0f92baaa21d262de624bbf92869ee4362dfc7ff9dadb99a9d99d9f8377c12dd8; exactTagIdentitySha256=c353334b5a6f59372aee2cb4e5e5ea6def0b249c4512572bbb67b6f54ed845b9; runtime reachability unresolved; placement and bounds unresolved; renderer suitability unresolved; machineDefinitionIndexSha256=955f2a8c83ce121d9a3979463c51f6c3d893b2b79cb7bfa250fe591d515a02e7; Structural/static source-derived candidate only. The exported_file is the shared machine definition-index evidence, not a visual or renderer asset export. It is not an authoritative original-runtime baseline and establishes no runtime reachability, placement, asset usage, visual appearance, renderer suitability, human or owner acceptance, strict completion, or publication."
swf-definition-02865,385,,structural-morph-definition-candidate,source-assets/flash/HELP MATH_ORIGINAL FILES/HELP_COURSES/ELMGR5/L4/TS/L4TS07.swf,,migrations/course-g05-l04-ts-007/audit/machine/g5-l4-pre-runtime-swf-definition-inventory.csv,955f2a8c83ce121d9a3979463c51f6c3d893b2b79cb7bfa250fe591d515a02e7,CSV definition-index record for DefineMorphShape,,,"projection only; no asset bytes exported, transformed, redrawn, or generated",machine-extracted-structural-candidate,owner-provided SWF,"container=root; definitionDepth=0; tagOrdinal=2865; payloadBytes=133; rawTagPayloadSha256=e79906071613799c73071f17a4fffe4fd5f21b263b6e4ac0c208a056f6bee3ed; exactTagIdentitySha256=9421e97050588345a8d394b5c6966a9914b24de76eeaa71742c9e55fe46245ef; runtime reachability unresolved; placement and bounds unresolved; renderer suitability unresolved; machineDefinitionIndexSha256=955f2a8c83ce121d9a3979463c51f6c3d893b2b79cb7bfa250fe591d515a02e7; Structural/static source-derived candidate only. The exported_file is the shared machine definition-index evidence, not a visual or renderer asset export. It is not an authoritative original-runtime baseline and establishes no runtime reachability, placement, asset usage, visual appearance, renderer suitability, human or owner acceptance, strict completion, or publication."
swf-definition-02866,386,,structural-shape-definition-candidate,source-assets/flash/HELP MATH_ORIGINAL FILES/HELP_COURSES/ELMGR5/L4/TS/L4TS07.swf,,migrations/course-g05-l04-ts-007/audit/machine/g5-l4-pre-runtime-swf-definition-inventory.csv,955f2a8c83ce121d9a3979463c51f6c3d893b2b79cb7bfa250fe591d515a02e7,CSV definition-index record for DefineShape3,,,"projection only; no asset bytes exported, transformed, redrawn, or generated",machine-extracted-structural-candidate,owner-provided SWF,"container=root; definitionDepth=0; tagOrdinal=2866; payloadBytes=70; rawTagPayloadSha256=60787840abc1ffb0f6d5eea1eb51b6978d3a1bc13a5213ba01419f034dcd8cef; exactTagIdentitySha256=2566d922f7c07d8a5c05d2019a14f4269f38577d2335cfbbae8b8d0fe95717f2; runtime reachability unresolved; placement and bounds unresolved; renderer suitability unresolved; machineDefinitionIndexSha256=955f2a8c83ce121d9a3979463c51f6c3d893b2b79cb7bfa250fe591d515a02e7; Structural/static source-derived candidate only. The exported_file is the shared machine definition-index evidence, not a visual or renderer asset export. It is not an authoritative original-runtime baseline and establishes no runtime reachability, placement, asset usage, visual appearance, renderer suitability, human or owner acceptance, strict completion, or publication."
swf-definition-02867,387,,structural-morph-definition-candidate,source-assets/flash/HELP MATH_ORIGINAL FILES/HELP_COURSES/ELMGR5/L4/TS/L4TS07.swf,,migrations/course-g05-l04-ts-007/audit/machine/g5-l4-pre-runtime-swf-definition-inventory.csv,955f2a8c83ce121d9a3979463c51f6c3d893b2b79cb7bfa250fe591d515a02e7,CSV definition-index record for DefineMorphShape,,,"projection only; no asset bytes exported, transformed, redrawn, or generated",machine-extracted-structural-candidate,owner-provided SWF,"container=root; definitionDepth=0; tagOrdinal=2867; payloadBytes=147; rawTagPayloadSha256=099ab2a9ca046d970d508aea88f667a9289e4b403f8ae625c680736427832eb2; exactTagIdentitySha256=c1bfc91b8c0b95119844f34963057d4d83f18cd2d59a14171a83f00efee42666; runtime reachability unresolved; placement and bounds unresolved; renderer suitability unresolved; machineDefinitionIndexSha256=955f2a8c83ce121d9a3979463c51f6c3d893b2b79cb7bfa250fe591d515a02e7; Structural/static source-derived candidate only. The exported_file is the shared machine definition-index evidence, not a visual or renderer asset export. It is not an authoritative original-runtime baseline and establishes no runtime reachability, placement, asset usage, visual appearance, renderer suitability, human or owner acceptance, strict completion, or publication."
swf-definition-02868,388,,structural-morph-definition-candidate,source-assets/flash/HELP MATH_ORIGINAL FILES/HELP_COURSES/ELMGR5/L4/TS/L4TS07.swf,,migrations/course-g05-l04-ts-007/audit/machine/g5-l4-pre-runtime-swf-definition-inventory.csv,955f2a8c83ce121d9a3979463c51f6c3d893b2b79cb7bfa250fe591d515a02e7,CSV definition-index record for DefineMorphShape,,,"projection only; no asset bytes exported, transformed, redrawn, or generated",machine-extracted-structural-candidate,owner-provided SWF,"container=root; definitionDepth=0; tagOrdinal=2868; payloadBytes=227; rawTagPayloadSha256=d6ca3b21f2673aa8d1e4e525a364df135441b2cf439582fd03279fd9e31b27ed; exactTagIdentitySha256=394d3e9a45b110376906375eabf88430ac31e294bb34835b3e5bc768930ab210; runtime reachability unresolved; placement and bounds unresolved; renderer suitability unresolved; machineDefinitionIndexSha256=955f2a8c83ce121d9a3979463c51f6c3d893b2b79cb7bfa250fe591d515a02e7; Structural/static source-derived candidate only. The exported_file is the shared machine definition-index evidence, not a visual or renderer asset export. It is not an authoritative original-runtime baseline and establishes no runtime reachability, placement, asset usage, visual appearance, renderer suitability, human or owner acceptance, strict completion, or publication."
swf-definition-02869,389,,structural-shape-definition-candidate,source-assets/flash/HELP MATH_ORIGINAL FILES/HELP_COURSES/ELMGR5/L4/TS/L4TS07.swf,,migrations/course-g05-l04-ts-007/audit/machine/g5-l4-pre-runtime-swf-definition-inventory.csv,955f2a8c83ce121d9a3979463c51f6c3d893b2b79cb7bfa250fe591d515a02e7,CSV definition-index record for DefineShape3,,,"projection only; no asset bytes exported, transformed, redrawn, or generated",machine-extracted-structural-candidate,owner-provided SWF,"container=root; definitionDepth=0; tagOrdinal=2869; payloadBytes=501; rawTagPayloadSha256=70b596900d1889123540d1e8737909d09f98e3d8aa3698043f8b820e19a33bf7; exactTagIdentitySha256=4f7cca4286ae9eac5b926f5597b09fb1aa403b1b89f3a02a75750a617d5bee88; runtime reachability unresolved; placement and bounds unresolved; renderer suitability unresolved; machineDefinitionIndexSha256=955f2a8c83ce121d9a3979463c51f6c3d893b2b79cb7bfa250fe591d515a02e7; Structural/static source-derived candidate only. The exported_file is the shared machine definition-index evidence, not a visual or renderer asset export. It is not an authoritative original-runtime baseline and establishes no runtime reachability, placement, asset usage, visual appearance, renderer suitability, human or owner acceptance, strict completion, or publication."
swf-definition-02870,390,,structural-shape-definition-candidate,source-assets/flash/HELP MATH_ORIGINAL FILES/HELP_COURSES/ELMGR5/L4/TS/L4TS07.swf,,migrations/course-g05-l04-ts-007/audit/machine/g5-l4-pre-runtime-swf-definition-inventory.csv,955f2a8c83ce121d9a3979463c51f6c3d893b2b79cb7bfa250fe591d515a02e7,CSV definition-index record for DefineShape3,,,"projection only; no asset bytes exported, transformed, redrawn, or generated",machine-extracted-structural-candidate,owner-provided SWF,"container=root; definitionDepth=0; tagOrdinal=2870; payloadBytes=66; rawTagPayloadSha256=c95bb4561d5f4f69737ad37c863126b46276fab7aaaef6b491a26206ba77bb5e; exactTagIdentitySha256=6418f44842a9bdfc1566f797fac3dad43c6c38f58b1eecacb87f55f46f00f77a; runtime reachability unresolved; placement and bounds unresolved; renderer suitability unresolved; machineDefinitionIndexSha256=955f2a8c83ce121d9a3979463c51f6c3d893b2b79cb7bfa250fe591d515a02e7; Structural/static source-derived candidate only. The exported_file is the shared machine definition-index evidence, not a visual or renderer asset export. It is not an authoritative original-runtime baseline and establishes no runtime reachability, placement, asset usage, visual appearance, renderer suitability, human or owner acceptance, strict completion, or publication."
swf-definition-02871,391,,structural-morph-definition-candidate,source-assets/flash/HELP MATH_ORIGINAL FILES/HELP_COURSES/ELMGR5/L4/TS/L4TS07.swf,,migrations/course-g05-l04-ts-007/audit/machine/g5-l4-pre-runtime-swf-definition-inventory.csv,955f2a8c83ce121d9a3979463c51f6c3d893b2b79cb7bfa250fe591d515a02e7,CSV definition-index record for DefineMorphShape,,,"projection only; no asset bytes exported, transformed, redrawn, or generated",machine-extracted-structural-candidate,owner-provided SWF,"container=root; definitionDepth=0; tagOrdinal=2871; payloadBytes=224; rawTagPayloadSha256=a76f59207ac9f39ec308f9016d01c8b29e26610dbfb66fa84dd517ea8b735413; exactTagIdentitySha256=684b5ad6a201b2c95318f75172960a9bd71b8c59c5b08e18ab1e6d1ac5648888; runtime reachability unresolved; placement and bounds unresolved; renderer suitability unresolved; machineDefinitionIndexSha256=955f2a8c83ce121d9a3979463c51f6c3d893b2b79cb7bfa250fe591d515a02e7; Structural/static source-derived candidate only. The exported_file is the shared machine definition-index evidence, not a visual or renderer asset export. It is not an authoritative original-runtime baseline and establishes no runtime reachability, placement, asset usage, visual appearance, renderer suitability, human or owner acceptance, strict completion, or publication."
swf-definition-02872,392,,structural-shape-definition-candidate,source-assets/flash/HELP MATH_ORIGINAL FILES/HELP_COURSES/ELMGR5/L4/TS/L4TS07.swf,,migrations/course-g05-l04-ts-007/audit/machine/g5-l4-pre-runtime-swf-definition-inventory.csv,955f2a8c83ce121d9a3979463c51f6c3d893b2b79cb7bfa250fe591d515a02e7,CSV definition-index record for DefineShape3,,,"projection only; no asset bytes exported, transformed, redrawn, or generated",machine-extracted-structural-candidate,owner-provided SWF,"container=root; definitionDepth=0; tagOrdinal=2872; payloadBytes=250; rawTagPayloadSha256=e3c7640b43cc4b5029f2b63eca949696a2d77b1d7e37b0a85fefcc7e95ce2f34; exactTagIdentitySha256=af029597772044898bdd77940acc14e84960f2634f29c6f9ca5bd3467da0ffd6; runtime reachability unresolved; placement and bounds unresolved; renderer suitability unresolved; machineDefinitionIndexSha256=955f2a8c83ce121d9a3979463c51f6c3d893b2b79cb7bfa250fe591d515a02e7; Structural/static source-derived candidate only. The exported_file is the shared machine definition-index evidence, not a visual or renderer asset export. It is not an authoritative original-runtime baseline and establishes no runtime reachability, placement, asset usage, visual appearance, renderer suitability, human or owner acceptance, strict completion, or publication."
swf-definition-02873,393,,structural-font-definition-candidate,source-assets/flash/HELP MATH_ORIGINAL FILES/HELP_COURSES/ELMGR5/L4/TS/L4TS07.swf,,migrations/course-g05-l04-ts-007/audit/machine/g5-l4-pre-runtime-swf-definition-inventory.csv,955f2a8c83ce121d9a3979463c51f6c3d893b2b79cb7bfa250fe591d515a02e7,CSV definition-index record for DefineFont2,,8,"projection only; no asset bytes exported, transformed, redrawn, or generated",machine-extracted-structural-candidate,owner-provided SWF,"swfEmbeddedFontName=MicrogrammaDBolExt; container=root; definitionDepth=0; tagOrdinal=2873; payloadBytes=570; rawTagPayloadSha256=1a3678ba6c80a25ae964be8aaf57b935d9b677d567e05b798907428687c19859; exactTagIdentitySha256=c6592edf75b0458097d79fd3715345fa2fe9b5cdd481915a831c35f5b39aabad; runtime reachability unresolved; placement and bounds unresolved; renderer suitability unresolved; machineDefinitionIndexSha256=955f2a8c83ce121d9a3979463c51f6c3d893b2b79cb7bfa250fe591d515a02e7; Structural/static source-derived candidate only. The exported_file is the shared machine definition-index evidence, not a visual or renderer asset export. It is not an authoritative original-runtime baseline and establishes no runtime reachability, placement, asset usage, visual appearance, renderer suitability, human or owner acceptance, strict completion, or publication."
swf-definition-02875,394,,structural-text-definition-candidate,source-assets/flash/HELP MATH_ORIGINAL FILES/HELP_COURSES/ELMGR5/L4/TS/L4TS07.swf,,migrations/course-g05-l04-ts-007/audit/machine/g5-l4-pre-runtime-swf-definition-inventory.csv,955f2a8c83ce121d9a3979463c51f6c3d893b2b79cb7bfa250fe591d515a02e7,CSV definition-index record for DefineText,,,"projection only; no asset bytes exported, transformed, redrawn, or generated",machine-extracted-structural-candidate,owner-provided SWF,"container=root; definitionDepth=0; tagOrdinal=2875; payloadBytes=46; rawTagPayloadSha256=a127ca759151c484bb57cecaea9c5100500d03c6bc4a67e4967959125a834fa1; exactTagIdentitySha256=873e6621d393ac087621d34d9e67c7c3715e152a60e334940501d25c46ef33cc; runtime reachability unresolved; placement and bounds unresolved; renderer suitability unresolved; machineDefinitionIndexSha256=955f2a8c83ce121d9a3979463c51f6c3d893b2b79cb7bfa250fe591d515a02e7; Structural/static source-derived candidate only. The exported_file is the shared machine definition-index evidence, not a visual or renderer asset export. It is not an authoritative original-runtime baseline and establishes no runtime reachability, placement, asset usage, visual appearance, renderer suitability, human or owner acceptance, strict completion, or publication."
swf-definition-02876,395,,structural-text-definition-candidate,source-assets/flash/HELP MATH_ORIGINAL FILES/HELP_COURSES/ELMGR5/L4/TS/L4TS07.swf,,migrations/course-g05-l04-ts-007/audit/machine/g5-l4-pre-runtime-swf-definition-inventory.csv,955f2a8c83ce121d9a3979463c51f6c3d893b2b79cb7bfa250fe591d515a02e7,CSV definition-index record for DefineText,,,"projection only; no asset bytes exported, transformed, redrawn, or generated",machine-extracted-structural-candidate,owner-provided SWF,"container=root; definitionDepth=0; tagOrdinal=2876; payloadBytes=46; rawTagPayloadSha256=78d87ae8e0230de2fdf1643d24bafcdf801944742d546816319e0eab473f980a; exactTagIdentitySha256=75092d1297e8f151d3ee475ea4a4297db3e1fe0f3a35044e472b48652625e2a3; runtime reachability unresolved; placement and bounds unresolved; renderer suitability unresolved; machineDefinitionIndexSha256=955f2a8c83ce121d9a3979463c51f6c3d893b2b79cb7bfa250fe591d515a02e7; Structural/static source-derived candidate only. The exported_file is the shared machine definition-index evidence, not a visual or renderer asset export. It is not an authoritative original-runtime baseline and establishes no runtime reachability, placement, asset usage, visual appearance, renderer suitability, human or owner acceptance, strict completion, or publication."
swf-definition-02877,396,,structural-shape-definition-candidate,source-assets/flash/HELP MATH_ORIGINAL FILES/HELP_COURSES/ELMGR5/L4/TS/L4TS07.swf,,migrations/course-g05-l04-ts-007/audit/machine/g5-l4-pre-runtime-swf-definition-inventory.csv,955f2a8c83ce121d9a3979463c51f6c3d893b2b79cb7bfa250fe591d515a02e7,CSV definition-index record for DefineShape3,,,"projection only; no asset bytes exported, transformed, redrawn, or generated",machine-extracted-structural-candidate,owner-provided SWF,"container=root; definitionDepth=0; tagOrdinal=2877; payloadBytes=106; rawTagPayloadSha256=d80031acfe192df531f25a4ee19ef9fbcfb79b096370597290dda283ee78c957; exactTagIdentitySha256=972b225516fa73bd05690ecf48338a1184542b2b6fd6c62ab99a57e1b06f63f2; runtime reachability unresolved; placement and bounds unresolved; renderer suitability unresolved; machineDefinitionIndexSha256=955f2a8c83ce121d9a3979463c51f6c3d893b2b79cb7bfa250fe591d515a02e7; Structural/static source-derived candidate only. The exported_file is the shared machine definition-index evidence, not a visual or renderer asset export. It is not an authoritative original-runtime baseline and establishes no runtime reachability, placement, asset usage, visual appearance, renderer suitability, human or owner acceptance, strict completion, or publication."
swf-definition-02878,397,,structural-sprite-definition-candidate,source-assets/flash/HELP MATH_ORIGINAL FILES/HELP_COURSES/ELMGR5/L4/TS/L4TS07.swf,,migrations/course-g05-l04-ts-007/audit/machine/g5-l4-pre-runtime-swf-definition-inventory.csv,955f2a8c83ce121d9a3979463c51f6c3d893b2b79cb7bfa250fe591d515a02e7,CSV definition-index record for DefineSprite,,,"projection only; no asset bytes exported, transformed, redrawn, or generated",machine-extracted-structural-candidate,owner-provided SWF,"container=root; definitionDepth=0; tagOrdinal=2878; payloadBytes=13165; rawTagPayloadSha256=d800fcd9ba9d73af0030c9f4579194c4997e43d392fb4f3b2c53b3bbc77723f6; exactTagIdentitySha256=19268ef20d34718aa80a3e3281812f3c818e1e8466c7e7ff0aa05482e07c4eb3; declaredFrameCount=25; runtime reachability unresolved; placement and bounds unresolved; renderer suitability unresolved; machineDefinitionIndexSha256=955f2a8c83ce121d9a3979463c51f6c3d893b2b79cb7bfa250fe591d515a02e7; Structural/static source-derived candidate only. The exported_file is the shared machine definition-index evidence, not a visual or renderer asset export. It is not an authoritative original-runtime baseline and establishes no runtime reachability, placement, asset usage, visual appearance, renderer suitability, human or owner acceptance, strict completion, or publication."
swf-definition-03029,398,,structural-morph-definition-candidate,source-assets/flash/HELP MATH_ORIGINAL FILES/HELP_COURSES/ELMGR5/L4/TS/L4TS07.swf,,migrations/course-g05-l04-ts-007/audit/machine/g5-l4-pre-runtime-swf-definition-inventory.csv,955f2a8c83ce121d9a3979463c51f6c3d893b2b79cb7bfa250fe591d515a02e7,CSV definition-index record for DefineMorphShape,,,"projection only; no asset bytes exported, transformed, redrawn, or generated",machine-extracted-structural-candidate,owner-provided SWF,"container=root; definitionDepth=0; tagOrdinal=3029; payloadBytes=408; rawTagPayloadSha256=52ec043d6e6036704bc7c059ad209d02d6774c8c7e5c81891463575c0c0e2425; exactTagIdentitySha256=7bca8df228aa635067e6374dd507e0393c86f09976cf5e337475c96851f0dfe5; runtime reachability unresolved; placement and bounds unresolved; renderer suitability unresolved; machineDefinitionIndexSha256=955f2a8c83ce121d9a3979463c51f6c3d893b2b79cb7bfa250fe591d515a02e7; Structural/static source-derived candidate only. The exported_file is the shared machine definition-index evidence, not a visual or renderer asset export. It is not an authoritative original-runtime baseline and establishes no runtime reachability, placement, asset usage, visual appearance, renderer suitability, human or owner acceptance, strict completion, or publication."
swf-definition-03030,399,,structural-morph-definition-candidate,source-assets/flash/HELP MATH_ORIGINAL FILES/HELP_COURSES/ELMGR5/L4/TS/L4TS07.swf,,migrations/course-g05-l04-ts-007/audit/machine/g5-l4-pre-runtime-swf-definition-inventory.csv,955f2a8c83ce121d9a3979463c51f6c3d893b2b79cb7bfa250fe591d515a02e7,CSV definition-index record for DefineMorphShape,,,"projection only; no asset bytes exported, transformed, redrawn, or generated",machine-extracted-structural-candidate,owner-provided SWF,"container=root; definitionDepth=0; tagOrdinal=3030; payloadBytes=537; rawTagPayloadSha256=546c47f62d7c8ceb6ad1f566dc05edf500360e7fe8645dfd25703dde26d665c6; exactTagIdentitySha256=e1b20f36cc681547740ba0952499f6b50928fc69dde340830963d9743e0d1861; runtime reachability unresolved; placement and bounds unresolved; renderer suitability unresolved; machineDefinitionIndexSha256=955f2a8c83ce121d9a3979463c51f6c3d893b2b79cb7bfa250fe591d515a02e7; Structural/static source-derived candidate only. The exported_file is the shared machine definition-index evidence, not a visual or renderer asset export. It is not an authoritative original-runtime baseline and establishes no runtime reachability, placement, asset usage, visual appearance, renderer suitability, human or owner acceptance, strict completion, or publication."
swf-definition-03031,400,,structural-morph-definition-candidate,source-assets/flash/HELP MATH_ORIGINAL FILES/HELP_COURSES/ELMGR5/L4/TS/L4TS07.swf,,migrations/course-g05-l04-ts-007/audit/machine/g5-l4-pre-runtime-swf-definition-inventory.csv,955f2a8c83ce121d9a3979463c51f6c3d893b2b79cb7bfa250fe591d515a02e7,CSV definition-index record for DefineMorphShape,,,"projection only; no asset bytes exported, transformed, redrawn, or generated",machine-extracted-structural-candidate,owner-provided SWF,"container=root; definitionDepth=0; tagOrdinal=3031; payloadBytes=537; rawTagPayloadSha256=8b5ac29f8221c67cbf025fd45d0467f511d96bc1597681a37f83d6d1e97de4af; exactTagIdentitySha256=16253d2c13d513f01fbca5490cd0aa9c6426f6cef377950f56f6e1c6aefb7055; runtime reachability unresolved; placement and bounds unresolved; renderer suitability unresolved; machineDefinitionIndexSha256=955f2a8c83ce121d9a3979463c51f6c3d893b2b79cb7bfa250fe591d515a02e7; Structural/static source-derived candidate only. The exported_file is the shared machine definition-index evidence, not a visual or renderer asset export. It is not an authoritative original-runtime baseline and establishes no runtime reachability, placement, asset usage, visual appearance, renderer suitability, human or owner acceptance, strict completion, or publication."
swf-definition-03032,401,,structural-morph-definition-candidate,source-assets/flash/HELP MATH_ORIGINAL FILES/HELP_COURSES/ELMGR5/L4/TS/L4TS07.swf,,migrations/course-g05-l04-ts-007/audit/machine/g5-l4-pre-runtime-swf-definition-inventory.csv,955f2a8c83ce121d9a3979463c51f6c3d893b2b79cb7bfa250fe591d515a02e7,CSV definition-index record for DefineMorphShape,,,"projection only; no asset bytes exported, transformed, redrawn, or generated",machine-extracted-structural-candidate,owner-provided SWF,"container=root; definitionDepth=0; tagOrdinal=3032; payloadBytes=409; rawTagPayloadSha256=d88b11004881d97a0aefa0e2a3b685d3c89d8e907f706b39ebad762d4a9d4fe3; exactTagIdentitySha256=7e35615f248d9daac9129a41279b6badbc3e6048471cf6bf9119512ede9de914; runtime reachability unresolved; placement and bounds unresolved; renderer suitability unresolved; machineDefinitionIndexSha256=955f2a8c83ce121d9a3979463c51f6c3d893b2b79cb7bfa250fe591d515a02e7; Structural/static source-derived candidate only. The exported_file is the shared machine definition-index evidence, not a visual or renderer asset export. It is not an authoritative original-runtime baseline and establishes no runtime reachability, placement, asset usage, visual appearance, renderer suitability, human or owner acceptance, strict completion, or publication."
swf-definition-03033,402,,structural-shape-definition-candidate,source-assets/flash/HELP MATH_ORIGINAL FILES/HELP_COURSES/ELMGR5/L4/TS/L4TS07.swf,,migrations/course-g05-l04-ts-007/audit/machine/g5-l4-pre-runtime-swf-definition-inventory.csv,955f2a8c83ce121d9a3979463c51f6c3d893b2b79cb7bfa250fe591d515a02e7,CSV definition-index record for DefineShape3,,,"projection only; no asset bytes exported, transformed, redrawn, or generated",machine-extracted-structural-candidate,owner-provided SWF,"container=root; definitionDepth=0; tagOrdinal=3033; payloadBytes=197; rawTagPayloadSha256=710aea817bd0b3d4501c42b7cb01fe2fa6084abf5c7890b8a54a40a29e95b23a; exactTagIdentitySha256=933a723fd8d5517d2e1b379169ed98f7772c9942da883d3ca4352634bc7ed8b6; runtime reachability unresolved; placement and bounds unresolved; renderer suitability unresolved; machineDefinitionIndexSha256=955f2a8c83ce121d9a3979463c51f6c3d893b2b79cb7bfa250fe591d515a02e7; Structural/static source-derived candidate only. The exported_file is the shared machine definition-index evidence, not a visual or renderer asset export. It is not an authoritative original-runtime baseline and establishes no runtime reachability, placement, asset usage, visual appearance, renderer suitability, human or owner acceptance, strict completion, or publication."
swf-definition-03034,403,,structural-sprite-definition-candidate,source-assets/flash/HELP MATH_ORIGINAL FILES/HELP_COURSES/ELMGR5/L4/TS/L4TS07.swf,,migrations/course-g05-l04-ts-007/audit/machine/g5-l4-pre-runtime-swf-definition-inventory.csv,955f2a8c83ce121d9a3979463c51f6c3d893b2b79cb7bfa250fe591d515a02e7,CSV definition-index record for DefineSprite,,,"projection only; no asset bytes exported, transformed, redrawn, or generated",machine-extracted-structural-candidate,owner-provided SWF,"container=root; definitionDepth=0; tagOrdinal=3034; payloadBytes=216; rawTagPayloadSha256=f57bba25e5e5849830e66ebd2edb0566bfb051d0f81b9f6e440bc53f6cff9a96; exactTagIdentitySha256=44312d5d75a10741af04ff66579cb0ebecb2f1556635e371722d5bdfe028007c; declaredFrameCount=22; runtime reachability unresolved; placement and bounds unresolved; renderer suitability unresolved; machineDefinitionIndexSha256=955f2a8c83ce121d9a3979463c51f6c3d893b2b79cb7bfa250fe591d515a02e7; Structural/static source-derived candidate only. The exported_file is the shared machine definition-index evidence, not a visual or renderer asset export. It is not an authoritative original-runtime baseline and establishes no runtime reachability, placement, asset usage, visual appearance, renderer suitability, human or owner acceptance, strict completion, or publication."
swf-definition-03081,404,,structural-bitmap-definition-candidate,source-assets/flash/HELP MATH_ORIGINAL FILES/HELP_COURSES/ELMGR5/L4/TS/L4TS07.swf,,migrations/course-g05-l04-ts-007/audit/machine/g5-l4-pre-runtime-swf-definition-inventory.csv,955f2a8c83ce121d9a3979463c51f6c3d893b2b79cb7bfa250fe591d515a02e7,CSV definition-index record for DefineBitsJPEG3,,,"projection only; no asset bytes exported, transformed, redrawn, or generated",machine-extracted-structural-candidate,owner-provided SWF,"container=root; definitionDepth=0; tagOrdinal=3081; payloadBytes=2819; rawTagPayloadSha256=6dc82ac00b57dd03d490b22e139063985bb6bc587fc940280b53d27a4cbd0150; exactTagIdentitySha256=e9596263e76005ee665bfb2370f0e24b27285c58bef089d77e6b00d474b701be; runtime reachability unresolved; placement and bounds unresolved; renderer suitability unresolved; machineDefinitionIndexSha256=955f2a8c83ce121d9a3979463c51f6c3d893b2b79cb7bfa250fe591d515a02e7; Structural/static source-derived candidate only. The exported_file is the shared machine definition-index evidence, not a visual or renderer asset export. It is not an authoritative original-runtime baseline and establishes no runtime reachability, placement, asset usage, visual appearance, renderer suitability, human or owner acceptance, strict completion, or publication."
swf-definition-03082,405,,structural-shape-definition-candidate,source-assets/flash/HELP MATH_ORIGINAL FILES/HELP_COURSES/ELMGR5/L4/TS/L4TS07.swf,,migrations/course-g05-l04-ts-007/audit/machine/g5-l4-pre-runtime-swf-definition-inventory.csv,955f2a8c83ce121d9a3979463c51f6c3d893b2b79cb7bfa250fe591d515a02e7,CSV definition-index record for DefineShape,,,"projection only; no asset bytes exported, transformed, redrawn, or generated",machine-extracted-structural-candidate,owner-provided SWF,"container=root; definitionDepth=0; tagOrdinal=3082; payloadBytes=54; rawTagPayloadSha256=a6ae02949a56d7e643cea63bc7e08f71761d9062fc398fff952b12ea4ab632fe; exactTagIdentitySha256=afad7e90e5acf9877ec2079c9fdfde1d2ce2518a95edb9c0f315b2bf00a6cdfc; runtime reachability unresolved; placement and bounds unresolved; renderer suitability unresolved; machineDefinitionIndexSha256=955f2a8c83ce121d9a3979463c51f6c3d893b2b79cb7bfa250fe591d515a02e7; Structural/static source-derived candidate only. The exported_file is the shared machine definition-index evidence, not a visual or renderer asset export. It is not an authoritative original-runtime baseline and establishes no runtime reachability, placement, asset usage, visual appearance, renderer suitability, human or owner acceptance, strict completion, or publication."
swf-definition-03083,406,,structural-morph-definition-candidate,source-assets/flash/HELP MATH_ORIGINAL FILES/HELP_COURSES/ELMGR5/L4/TS/L4TS07.swf,,migrations/course-g05-l04-ts-007/audit/machine/g5-l4-pre-runtime-swf-definition-inventory.csv,955f2a8c83ce121d9a3979463c51f6c3d893b2b79cb7bfa250fe591d515a02e7,CSV definition-index record for DefineMorphShape,,,"projection only; no asset bytes exported, transformed, redrawn, or generated",machine-extracted-structural-candidate,owner-provided SWF,"container=root; definitionDepth=0; tagOrdinal=3083; payloadBytes=236; rawTagPayloadSha256=79ddeb9fcd0d321f734f0dd283a4701c23f0241811c7b46bfffa360cc849df9d; exactTagIdentitySha256=c92e142751f49ccace41936ef7811bcca1eb555cfd9f1d59bee3007b5e46d4b8; runtime reachability unresolved; placement and bounds unresolved; renderer suitability unresolved; machineDefinitionIndexSha256=955f2a8c83ce121d9a3979463c51f6c3d893b2b79cb7bfa250fe591d515a02e7; Structural/static source-derived candidate only. The exported_file is the shared machine definition-index evidence, not a visual or renderer asset export. It is not an authoritative original-runtime baseline and establishes no runtime reachability, placement, asset usage, visual appearance, renderer suitability, human or owner acceptance, strict completion, or publication."
swf-definition-03084,407,,structural-shape-definition-candidate,source-assets/flash/HELP MATH_ORIGINAL FILES/HELP_COURSES/ELMGR5/L4/TS/L4TS07.swf,,migrations/course-g05-l04-ts-007/audit/machine/g5-l4-pre-runtime-swf-definition-inventory.csv,955f2a8c83ce121d9a3979463c51f6c3d893b2b79cb7bfa250fe591d515a02e7,CSV definition-index record for DefineShape3,,,"projection only; no asset bytes exported, transformed, redrawn, or generated",machine-extracted-structural-candidate,owner-provided SWF,"container=root; definitionDepth=0; tagOrdinal=3084; payloadBytes=1953; rawTagPayloadSha256=c7aa0c741827c417f4d2010dc06681f322153cfbc966191dd2171d3ec64dee7b; exactTagIdentitySha256=df76773818cb3429da175e7d54f296cbd0f16ce6cc8720752e9bf2648110285d; runtime reachability unresolved; placement and bounds unresolved; renderer suitability unresolved; machineDefinitionIndexSha256=955f2a8c83ce121d9a3979463c51f6c3d893b2b79cb7bfa250fe591d515a02e7; Structural/static source-derived candidate only. The exported_file is the shared machine definition-index evidence, not a visual or renderer asset export. It is not an authoritative original-runtime baseline and establishes no runtime reachability, placement, asset usage, visual appearance, renderer suitability, human or owner acceptance, strict completion, or publication."
swf-definition-03085,408,,structural-shape-definition-candidate,source-assets/flash/HELP MATH_ORIGINAL FILES/HELP_COURSES/ELMGR5/L4/TS/L4TS07.swf,,migrations/course-g05-l04-ts-007/audit/machine/g5-l4-pre-runtime-swf-definition-inventory.csv,955f2a8c83ce121d9a3979463c51f6c3d893b2b79cb7bfa250fe591d515a02e7,CSV definition-index record for DefineShape3,,,"projection only; no asset bytes exported, transformed, redrawn, or generated",machine-extracted-structural-candidate,owner-provided SWF,"container=root; definitionDepth=0; tagOrdinal=3085; payloadBytes=768; rawTagPayloadSha256=5be78649d60c4deec462939b80945b6e663e6052caef1d41a306d89d3fcfd6b8; exactTagIdentitySha256=43177b3847d4dbb57883636356c7b76728a746fd3f858322ebc574e179da930e; runtime reachability unresolved; placement and bounds unresolved; renderer suitability unresolved; machineDefinitionIndexSha256=955f2a8c83ce121d9a3979463c51f6c3d893b2b79cb7bfa250fe591d515a02e7; Structural/static source-derived candidate only. The exported_file is the shared machine definition-index evidence, not a visual or renderer asset export. It is not an authoritative original-runtime baseline and establishes no runtime reachability, placement, asset usage, visual appearance, renderer suitability, human or owner acceptance, strict completion, or publication."
swf-definition-03086,409,,structural-shape-definition-candidate,source-assets/flash/HELP MATH_ORIGINAL FILES/HELP_COURSES/ELMGR5/L4/TS/L4TS07.swf,,migrations/course-g05-l04-ts-007/audit/machine/g5-l4-pre-runtime-swf-definition-inventory.csv,955f2a8c83ce121d9a3979463c51f6c3d893b2b79cb7bfa250fe591d515a02e7,CSV definition-index record for DefineShape3,,,"projection only; no asset bytes exported, transformed, redrawn, or generated",machine-extracted-structural-candidate,owner-provided SWF,"container=root; definitionDepth=0; tagOrdinal=3086; payloadBytes=761; rawTagPayloadSha256=ad901e3a0258b56bed69fe64568d403ca7af7c0c2e08e2c5022548586f6b2d1b; exactTagIdentitySha256=57b6701df441faec73b51f0ff42b5527675c04933b490a2954b703fbc8f521de; runtime reachability unresolved; placement and bounds unresolved; renderer suitability unresolved; machineDefinitionIndexSha256=955f2a8c83ce121d9a3979463c51f6c3d893b2b79cb7bfa250fe591d515a02e7; Structural/static source-derived candidate only. The exported_file is the shared machine definition-index evidence, not a visual or renderer asset export. It is not an authoritative original-runtime baseline and establishes no runtime reachability, placement, asset usage, visual appearance, renderer suitability, human or owner acceptance, strict completion, or publication."
swf-definition-03087,410,,structural-shape-definition-candidate,source-assets/flash/HELP MATH_ORIGINAL FILES/HELP_COURSES/ELMGR5/L4/TS/L4TS07.swf,,migrations/course-g05-l04-ts-007/audit/machine/g5-l4-pre-runtime-swf-definition-inventory.csv,955f2a8c83ce121d9a3979463c51f6c3d893b2b79cb7bfa250fe591d515a02e7,CSV definition-index record for DefineShape3,,,"projection only; no asset bytes exported, transformed, redrawn, or generated",machine-extracted-structural-candidate,owner-provided SWF,"container=root; definitionDepth=0; tagOrdinal=3087; payloadBytes=840; rawTagPayloadSha256=2ddf2eb7c7c1f9a3b5745fb57dbe6a164838a2a909520348a6c61bb3393219ca; exactTagIdentitySha256=7883a79ed04bc6ea0b266f5566c31ac73d969cb9b2d0cc03311812cb710bcf45; runtime reachability unresolved; placement and bounds unresolved; renderer suitability unresolved; machineDefinitionIndexSha256=955f2a8c83ce121d9a3979463c51f6c3d893b2b79cb7bfa250fe591d515a02e7; Structural/static source-derived candidate only. The exported_file is the shared machine definition-index evidence, not a visual or renderer asset export. It is not an authoritative original-runtime baseline and establishes no runtime reachability, placement, asset usage, visual appearance, renderer suitability, human or owner acceptance, strict completion, or publication."
swf-definition-03088,411,,structural-shape-definition-candidate,source-assets/flash/HELP MATH_ORIGINAL FILES/HELP_COURSES/ELMGR5/L4/TS/L4TS07.swf,,migrations/course-g05-l04-ts-007/audit/machine/g5-l4-pre-runtime-swf-definition-inventory.csv,955f2a8c83ce121d9a3979463c51f6c3d893b2b79cb7bfa250fe591d515a02e7,CSV definition-index record for DefineShape3,,,"projection only; no asset bytes exported, transformed, redrawn, or generated",machine-extracted-structural-candidate,owner-provided SWF,"container=root; definitionDepth=0; tagOrdinal=3088; payloadBytes=902; rawTagPayloadSha256=3ec83a1fa2f08f2f72c7d959cfcb93db53231b3bb8b2d4915a1d66cc15127210; exactTagIdentitySha256=e2f325cd35c2a6408f56221308de6d2bfccd29f09251f69cc50ea841214f1768; runtime reachability unresolved; placement and bounds unresolved; renderer suitability unresolved; machineDefinitionIndexSha256=955f2a8c83ce121d9a3979463c51f6c3d893b2b79cb7bfa250fe591d515a02e7; Structural/static source-derived candidate only. The exported_file is the shared machine definition-index evidence, not a visual or renderer asset export. It is not an authoritative original-runtime baseline and establishes no runtime reachability, placement, asset usage, visual appearance, renderer suitability, human or owner acceptance, strict completion, or publication."
swf-definition-03089,412,,structural-shape-definition-candidate,source-assets/flash/HELP MATH_ORIGINAL FILES/HELP_COURSES/ELMGR5/L4/TS/L4TS07.swf,,migrations/course-g05-l04-ts-007/audit/machine/g5-l4-pre-runtime-swf-definition-inventory.csv,955f2a8c83ce121d9a3979463c51f6c3d893b2b79cb7bfa250fe591d515a02e7,CSV definition-index record for DefineShape3,,,"projection only; no asset bytes exported, transformed, redrawn, or generated",machine-extracted-structural-candidate,owner-provided SWF,"container=root; definitionDepth=0; tagOrdinal=3089; payloadBytes=1026; rawTagPayloadSha256=91274c71e6fb35a07dad862ceaa74b950b8c562ad0c71f8698bb9a8089e4d6cf; exactTagIdentitySha256=81067e2eff5708658448e117525e24d5df46261a9ddb1cb8129c8631ad2bbc5c; runtime reachability unresolved; placement and bounds unresolved; renderer suitability unresolved; machineDefinitionIndexSha256=955f2a8c83ce121d9a3979463c51f6c3d893b2b79cb7bfa250fe591d515a02e7; Structural/static source-derived candidate only. The exported_file is the shared machine definition-index evidence, not a visual or renderer asset export. It is not an authoritative original-runtime baseline and establishes no runtime reachability, placement, asset usage, visual appearance, renderer suitability, human or owner acceptance, strict completion, or publication."
swf-definition-03090,413,,structural-shape-definition-candidate,source-assets/flash/HELP MATH_ORIGINAL FILES/HELP_COURSES/ELMGR5/L4/TS/L4TS07.swf,,migrations/course-g05-l04-ts-007/audit/machine/g5-l4-pre-runtime-swf-definition-inventory.csv,955f2a8c83ce121d9a3979463c51f6c3d893b2b79cb7bfa250fe591d515a02e7,CSV definition-index record for DefineShape3,,,"projection only; no asset bytes exported, transformed, redrawn, or generated",machine-extracted-structural-candidate,owner-provided SWF,"container=root; definitionDepth=0; tagOrdinal=3090; payloadBytes=1134; rawTagPayloadSha256=1e223082ddb6ce1c332282b194dd0b3be43481f1735a16eb58d3a6251002caf4; exactTagIdentitySha256=0fe54ee4a6d259f415eaacac199784b45914b71b482e2618601a69dbf4736528; runtime reachability unresolved; placement and bounds unresolved; renderer suitability unresolved; machineDefinitionIndexSha256=955f2a8c83ce121d9a3979463c51f6c3d893b2b79cb7bfa250fe591d515a02e7; Structural/static source-derived candidate only. The exported_file is the shared machine definition-index evidence, not a visual or renderer asset export. It is not an authoritative original-runtime baseline and establishes no runtime reachability, placement, asset usage, visual appearance, renderer suitability, human or owner acceptance, strict completion, or publication."
swf-definition-03091,414,,structural-shape-definition-candidate,source-assets/flash/HELP MATH_ORIGINAL FILES/HELP_COURSES/ELMGR5/L4/TS/L4TS07.swf,,migrations/course-g05-l04-ts-007/audit/machine/g5-l4-pre-runtime-swf-definition-inventory.csv,955f2a8c83ce121d9a3979463c51f6c3d893b2b79cb7bfa250fe591d515a02e7,CSV definition-index record for DefineShape3,,,"projection only; no asset bytes exported, transformed, redrawn, or generated",machine-extracted-structural-candidate,owner-provided SWF,"container=root; definitionDepth=0; tagOrdinal=3091; payloadBytes=1062; rawTagPayloadSha256=3cabaf45195cf8c0216d5543be614eb6de2f64ba57e586fd4c7edda1e9ca2013; exactTagIdentitySha256=6575cdfe90254dc8d72423647ff0ea39a2627387afa68fb4558083ca9bbcd8f6; runtime reachability unresolved; placement and bounds unresolved; renderer suitability unresolved; machineDefinitionIndexSha256=955f2a8c83ce121d9a3979463c51f6c3d893b2b79cb7bfa250fe591d515a02e7; Structural/static source-derived candidate only. The exported_file is the shared machine definition-index evidence, not a visual or renderer asset export. It is not an authoritative original-runtime baseline and establishes no runtime reachability, placement, asset usage, visual appearance, renderer suitability, human or owner acceptance, strict completion, or publication."
swf-definition-03092,415,,structural-shape-definition-candidate,source-assets/flash/HELP MATH_ORIGINAL FILES/HELP_COURSES/ELMGR5/L4/TS/L4TS07.swf,,migrations/course-g05-l04-ts-007/audit/machine/g5-l4-pre-runtime-swf-definition-inventory.csv,955f2a8c83ce121d9a3979463c51f6c3d893b2b79cb7bfa250fe591d515a02e7,CSV definition-index record for DefineShape3,,,"projection only; no asset bytes exported, transformed, redrawn, or generated",machine-extracted-structural-candidate,owner-provided SWF,"container=root; definitionDepth=0; tagOrdinal=3092; payloadBytes=1215; rawTagPayloadSha256=5df3b16ea66c679cadb28dfc1886a3843d883f932a2ab6e4cd33b600f9f2ba28; exactTagIdentitySha256=f70ff06b027efb65d7b02f87b1cbcdedf226b672b691e142d19293527090f293; runtime reachability unresolved; placement and bounds unresolved; renderer suitability unresolved; machineDefinitionIndexSha256=955f2a8c83ce121d9a3979463c51f6c3d893b2b79cb7bfa250fe591d515a02e7; Structural/static source-derived candidate only. The exported_file is the shared machine definition-index evidence, not a visual or renderer asset export. It is not an authoritative original-runtime baseline and establishes no runtime reachability, placement, asset usage, visual appearance, renderer suitability, human or owner acceptance, strict completion, or publication."
swf-definition-03093,416,,structural-shape-definition-candidate,source-assets/flash/HELP MATH_ORIGINAL FILES/HELP_COURSES/ELMGR5/L4/TS/L4TS07.swf,,migrations/course-g05-l04-ts-007/audit/machine/g5-l4-pre-runtime-swf-definition-inventory.csv,955f2a8c83ce121d9a3979463c51f6c3d893b2b79cb7bfa250fe591d515a02e7,CSV definition-index record for DefineShape3,,,"projection only; no asset bytes exported, transformed, redrawn, or generated",machine-extracted-structural-candidate,owner-provided SWF,"container=root; definitionDepth=0; tagOrdinal=3093; payloadBytes=1200; rawTagPayloadSha256=4654a8586ebec28ac579ea349ffec5ab1deadd0319fe260c5299acecd8ba62bb; exactTagIdentitySha256=48f610616593c8c0ce77e294aaf4234e1af0a09c38dedd5d927db40712940b55; runtime reachability unresolved; placement and bounds unresolved; renderer suitability unresolved; machineDefinitionIndexSha256=955f2a8c83ce121d9a3979463c51f6c3d893b2b79cb7bfa250fe591d515a02e7; Structural/static source-derived candidate only. The exported_file is the shared machine definition-index evidence, not a visual or renderer asset export. It is not an authoritative original-runtime baseline and establishes no runtime reachability, placement, asset usage, visual appearance, renderer suitability, human or owner acceptance, strict completion, or publication."
swf-definition-03094,417,,structural-shape-definition-candidate,source-assets/flash/HELP MATH_ORIGINAL FILES/HELP_COURSES/ELMGR5/L4/TS/L4TS07.swf,,migrations/course-g05-l04-ts-007/audit/machine/g5-l4-pre-runtime-swf-definition-inventory.csv,955f2a8c83ce121d9a3979463c51f6c3d893b2b79cb7bfa250fe591d515a02e7,CSV definition-index record for DefineShape3,,,"projection only; no asset bytes exported, transformed, redrawn, or generated",machine-extracted-structural-candidate,owner-provided SWF,"container=root; definitionDepth=0; tagOrdinal=3094; payloadBytes=1360; rawTagPayloadSha256=936e1de98e3b0f26b661cd694dcc316825361936fcd4bc5d5ae47ee668809062; exactTagIdentitySha256=800e48aea54b593316f07d47a5b7f3ebd6877972461fd8673a791a19ff0d3014; runtime reachability unresolved; placement and bounds unresolved; renderer suitability unresolved; machineDefinitionIndexSha256=955f2a8c83ce121d9a3979463c51f6c3d893b2b79cb7bfa250fe591d515a02e7; Structural/static source-derived candidate only. The exported_file is the shared machine definition-index evidence, not a visual or renderer asset export. It is not an authoritative original-runtime baseline and establishes no runtime reachability, placement, asset usage, visual appearance, renderer suitability, human or owner acceptance, strict completion, or publication."
swf-definition-03095,418,,structural-shape-definition-candidate,source-assets/flash/HELP MATH_ORIGINAL FILES/HELP_COURSES/ELMGR5/L4/TS/L4TS07.swf,,migrations/course-g05-l04-ts-007/audit/machine/g5-l4-pre-runtime-swf-definition-inventory.csv,955f2a8c83ce121d9a3979463c51f6c3d893b2b79cb7bfa250fe591d515a02e7,CSV definition-index record for DefineShape3,,,"projection only; no asset bytes exported, transformed, redrawn, or generated",machine-extracted-structural-candidate,owner-provided SWF,"container=root; definitionDepth=0; tagOrdinal=3095; payloadBytes=1284; rawTagPayloadSha256=e2cb516f83a25bdb72242e19f0e7ed20d23997db1d73efb7442e64e079e583db; exactTagIdentitySha256=db31a178e2fde8974cf90f6b0ba75acbc176d1aa4e29edb0729cb2178d2707c8; runtime reachability unresolved; placement and bounds unresolved; renderer suitability unresolved; machineDefinitionIndexSha256=955f2a8c83ce121d9a3979463c51f6c3d893b2b79cb7bfa250fe591d515a02e7; Structural/static source-derived candidate only. The exported_file is the shared machine definition-index evidence, not a visual or renderer asset export. It is not an authoritative original-runtime baseline and establishes no runtime reachability, placement, asset usage, visual appearance, renderer suitability, human or owner acceptance, strict completion, or publication."
swf-definition-03096,419,,structural-shape-definition-candidate,source-assets/flash/HELP MATH_ORIGINAL FILES/HELP_COURSES/ELMGR5/L4/TS/L4TS07.swf,,migrations/course-g05-l04-ts-007/audit/machine/g5-l4-pre-runtime-swf-definition-inventory.csv,955f2a8c83ce121d9a3979463c51f6c3d893b2b79cb7bfa250fe591d515a02e7,CSV definition-index record for DefineShape3,,,"projection only; no asset bytes exported, transformed, redrawn, or generated",machine-extracted-structural-candidate,owner-provided SWF,"container=root; definitionDepth=0; tagOrdinal=3096; payloadBytes=1239; rawTagPayloadSha256=074f2452a063032fd389bb3d5cdb1706a1406f24762af7bd4753b6d3da64e3fb; exactTagIdentitySha256=5c3943cb211a49684c130ade98979c02c256ed761d432de99ddb2d63607c491e; runtime reachability unresolved; placement and bounds unresolved; renderer suitability unresolved; machineDefinitionIndexSha256=955f2a8c83ce121d9a3979463c51f6c3d893b2b79cb7bfa250fe591d515a02e7; Structural/static source-derived candidate only. The exported_file is the shared machine definition-index evidence, not a visual or renderer asset export. It is not an authoritative original-runtime baseline and establishes no runtime reachability, placement, asset usage, visual appearance, renderer suitability, human or owner acceptance, strict completion, or publication."
swf-definition-03097,420,,structural-shape-definition-candidate,source-assets/flash/HELP MATH_ORIGINAL FILES/HELP_COURSES/ELMGR5/L4/TS/L4TS07.swf,,migrations/course-g05-l04-ts-007/audit/machine/g5-l4-pre-runtime-swf-definition-inventory.csv,955f2a8c83ce121d9a3979463c51f6c3d893b2b79cb7bfa250fe591d515a02e7,CSV definition-index record for DefineShape3,,,"projection only; no asset bytes exported, transformed, redrawn, or generated",machine-extracted-structural-candidate,owner-provided SWF,"container=root; definitionDepth=0; tagOrdinal=3097; payloadBytes=981; rawTagPayloadSha256=6b587b73f016667f7e9a92b981fcd5521ef314e00b46e13d5c66ea0154e0933f; exactTagIdentitySha256=7912db948e3fbf8206227d7005067b263e3a2a8f5713df40500543144655e02e; runtime reachability unresolved; placement and bounds unresolved; renderer suitability unresolved; machineDefinitionIndexSha256=955f2a8c83ce121d9a3979463c51f6c3d893b2b79cb7bfa250fe591d515a02e7; Structural/static source-derived candidate only. The exported_file is the shared machine definition-index evidence, not a visual or renderer asset export. It is not an authoritative original-runtime baseline and establishes no runtime reachability, placement, asset usage, visual appearance, renderer suitability, human or owner acceptance, strict completion, or publication."
swf-definition-03098,421,,structural-shape-definition-candidate,source-assets/flash/HELP MATH_ORIGINAL FILES/HELP_COURSES/ELMGR5/L4/TS/L4TS07.swf,,migrations/course-g05-l04-ts-007/audit/machine/g5-l4-pre-runtime-swf-definition-inventory.csv,955f2a8c83ce121d9a3979463c51f6c3d893b2b79cb7bfa250fe591d515a02e7,CSV definition-index record for DefineShape3,,,"projection only; no asset bytes exported, transformed, redrawn, or generated",machine-extracted-structural-candidate,owner-provided SWF,"container=root; definitionDepth=0; tagOrdinal=3098; payloadBytes=1110; rawTagPayloadSha256=f80edc5accb7ee45a6dfaa8d602073e56a355b9be220798f46be732a40dcf72b; exactTagIdentitySha256=4fe18e16166928ccb3269189300878395f941af9a5bd22721f7776e25f6f7e83; runtime reachability unresolved; placement and bounds unresolved; renderer suitability unresolved; machineDefinitionIndexSha256=955f2a8c83ce121d9a3979463c51f6c3d893b2b79cb7bfa250fe591d515a02e7; Structural/static source-derived candidate only. The exported_file is the shared machine definition-index evidence, not a visual or renderer asset export. It is not an authoritative original-runtime baseline and establishes no runtime reachability, placement, asset usage, visual appearance, renderer suitability, human or owner acceptance, strict completion, or publication."
swf-definition-03099,422,,structural-shape-definition-candidate,source-assets/flash/HELP MATH_ORIGINAL FILES/HELP_COURSES/ELMGR5/L4/TS/L4TS07.swf,,migrations/course-g05-l04-ts-007/audit/machine/g5-l4-pre-runtime-swf-definition-inventory.csv,955f2a8c83ce121d9a3979463c51f6c3d893b2b79cb7bfa250fe591d515a02e7,CSV definition-index record for DefineShape3,,,"projection only; no asset bytes exported, transformed, redrawn, or generated",machine-extracted-structural-candidate,owner-provided SWF,"container=root; definitionDepth=0; tagOrdinal=3099; payloadBytes=905; rawTagPayloadSha256=cf8a3aa0070a7705749f0fa215d7ee7b3f9476df73cda9cd11865894e9a2499d; exactTagIdentitySha256=4d9cf331a6ac34644b88401e145b62be78a897ee304a53a8eea3505c090fe2e2; runtime reachability unresolved; placement and bounds unresolved; renderer suitability unresolved; machineDefinitionIndexSha256=955f2a8c83ce121d9a3979463c51f6c3d893b2b79cb7bfa250fe591d515a02e7; Structural/static source-derived candidate only. The exported_file is the shared machine definition-index evidence, not a visual or renderer asset export. It is not an authoritative original-runtime baseline and establishes no runtime reachability, placement, asset usage, visual appearance, renderer suitability, human or owner acceptance, strict completion, or publication."
swf-definition-03100,423,,structural-shape-definition-candidate,source-assets/flash/HELP MATH_ORIGINAL FILES/HELP_COURSES/ELMGR5/L4/TS/L4TS07.swf,,migrations/course-g05-l04-ts-007/audit/machine/g5-l4-pre-runtime-swf-definition-inventory.csv,955f2a8c83ce121d9a3979463c51f6c3d893b2b79cb7bfa250fe591d515a02e7,CSV definition-index record for DefineShape3,,,"projection only; no asset bytes exported, transformed, redrawn, or generated",machine-extracted-structural-candidate,owner-provided SWF,"container=root; definitionDepth=0; tagOrdinal=3100; payloadBytes=943; rawTagPayloadSha256=d7976a034ee55c841965b8750d8ac7cd725b4c3ba4203aacfdedd2eebd8411f8; exactTagIdentitySha256=7b68a2c129dc859b606220dda2bfb66576ff79badc3cc2e0d4c0963b68adbec1; runtime reachability unresolved; placement and bounds unresolved; renderer suitability unresolved; machineDefinitionIndexSha256=955f2a8c83ce121d9a3979463c51f6c3d893b2b79cb7bfa250fe591d515a02e7; Structural/static source-derived candidate only. The exported_file is the shared machine definition-index evidence, not a visual or renderer asset export. It is not an authoritative original-runtime baseline and establishes no runtime reachability, placement, asset usage, visual appearance, renderer suitability, human or owner acceptance, strict completion, or publication."
swf-definition-03101,424,,structural-shape-definition-candidate,source-assets/flash/HELP MATH_ORIGINAL FILES/HELP_COURSES/ELMGR5/L4/TS/L4TS07.swf,,migrations/course-g05-l04-ts-007/audit/machine/g5-l4-pre-runtime-swf-definition-inventory.csv,955f2a8c83ce121d9a3979463c51f6c3d893b2b79cb7bfa250fe591d515a02e7,CSV definition-index record for DefineShape3,,,"projection only; no asset bytes exported, transformed, redrawn, or generated",machine-extracted-structural-candidate,owner-provided SWF,"container=root; definitionDepth=0; tagOrdinal=3101; payloadBytes=819; rawTagPayloadSha256=bd289652c8854bbb5f85ce10e552e969b12019b36dc6b570ac3e6557fcf0ef4e; exactTagIdentitySha256=8467827fdd49f5415d6b21c5ec211a17d8750aa9d1aded34caf507c8ea6c6234; runtime reachability unresolved; placement and bounds unresolved; renderer suitability unresolved; machineDefinitionIndexSha256=955f2a8c83ce121d9a3979463c51f6c3d893b2b79cb7bfa250fe591d515a02e7; Structural/static source-derived candidate only. The exported_file is the shared machine definition-index evidence, not a visual or renderer asset export. It is not an authoritative original-runtime baseline and establishes no runtime reachability, placement, asset usage, visual appearance, renderer suitability, human or owner acceptance, strict completion, or publication."
swf-definition-03102,425,,structural-shape-definition-candidate,source-assets/flash/HELP MATH_ORIGINAL FILES/HELP_COURSES/ELMGR5/L4/TS/L4TS07.swf,,migrations/course-g05-l04-ts-007/audit/machine/g5-l4-pre-runtime-swf-definition-inventory.csv,955f2a8c83ce121d9a3979463c51f6c3d893b2b79cb7bfa250fe591d515a02e7,CSV definition-index record for DefineShape3,,,"projection only; no asset bytes exported, transformed, redrawn, or generated",machine-extracted-structural-candidate,owner-provided SWF,"container=root; definitionDepth=0; tagOrdinal=3102; payloadBytes=942; rawTagPayloadSha256=f4f19394c760562837da543dec1653c26e9fd7eb339c41758ec1e9ec5b4b10b3; exactTagIdentitySha256=675cd0ca20925b3624a30b90ffebd3461bded1d9a8d6eb091419201ae0320d6c; runtime reachability unresolved; placement and bounds unresolved; renderer suitability unresolved; machineDefinitionIndexSha256=955f2a8c83ce121d9a3979463c51f6c3d893b2b79cb7bfa250fe591d515a02e7; Structural/static source-derived candidate only. The exported_file is the shared machine definition-index evidence, not a visual or renderer asset export. It is not an authoritative original-runtime baseline and establishes no runtime reachability, placement, asset usage, visual appearance, renderer suitability, human or owner acceptance, strict completion, or publication."
swf-definition-03103,426,,structural-shape-definition-candidate,source-assets/flash/HELP MATH_ORIGINAL FILES/HELP_COURSES/ELMGR5/L4/TS/L4TS07.swf,,migrations/course-g05-l04-ts-007/audit/machine/g5-l4-pre-runtime-swf-definition-inventory.csv,955f2a8c83ce121d9a3979463c51f6c3d893b2b79cb7bfa250fe591d515a02e7,CSV definition-index record for DefineShape3,,,"projection only; no asset bytes exported, transformed, redrawn, or generated",machine-extracted-structural-candidate,owner-provided SWF,"container=root; definitionDepth=0; tagOrdinal=3103; payloadBytes=723; rawTagPayloadSha256=59ae504d1917296c7827b2cb1d8756761813489219553e7eee5d1948b0609600; exactTagIdentitySha256=1ef2e725d8e257986d42e7f73a3741bbe8a17b179f5a02a32b04bc2379d1595a; runtime reachability unresolved; placement and bounds unresolved; renderer suitability unresolved; machineDefinitionIndexSha256=955f2a8c83ce121d9a3979463c51f6c3d893b2b79cb7bfa250fe591d515a02e7; Structural/static source-derived candidate only. The exported_file is the shared machine definition-index evidence, not a visual or renderer asset export. It is not an authoritative original-runtime baseline and establishes no runtime reachability, placement, asset usage, visual appearance, renderer suitability, human or owner acceptance, strict completion, or publication."
swf-definition-03104,427,,structural-sprite-definition-candidate,source-assets/flash/HELP MATH_ORIGINAL FILES/HELP_COURSES/ELMGR5/L4/TS/L4TS07.swf,,migrations/course-g05-l04-ts-007/audit/machine/g5-l4-pre-runtime-swf-definition-inventory.csv,955f2a8c83ce121d9a3979463c51f6c3d893b2b79cb7bfa250fe591d515a02e7,CSV definition-index record for DefineSprite,,,"projection only; no asset bytes exported, transformed, redrawn, or generated",machine-extracted-structural-candidate,owner-provided SWF,"container=root; definitionDepth=0; tagOrdinal=3104; payloadBytes=246; rawTagPayloadSha256=23ab3f754f1303af6bf51935e8166cac2941ba4e40ad8bf32d9e2af244f6880f; exactTagIdentitySha256=cbcd40084b3945ab62d509595b96d259690bed770901d7a7543b0f3c7d0edf71; declaredFrameCount=19; runtime reachability unresolved; placement and bounds unresolved; renderer suitability unresolved; machineDefinitionIndexSha256=955f2a8c83ce121d9a3979463c51f6c3d893b2b79cb7bfa250fe591d515a02e7; Structural/static source-derived candidate only. The exported_file is the shared machine definition-index evidence, not a visual or renderer asset export. It is not an authoritative original-runtime baseline and establishes no runtime reachability, placement, asset usage, visual appearance, renderer suitability, human or owner acceptance, strict completion, or publication."
swf-definition-03157,428,,structural-morph-definition-candidate,source-assets/flash/HELP MATH_ORIGINAL FILES/HELP_COURSES/ELMGR5/L4/TS/L4TS07.swf,,migrations/course-g05-l04-ts-007/audit/machine/g5-l4-pre-runtime-swf-definition-inventory.csv,955f2a8c83ce121d9a3979463c51f6c3d893b2b79cb7bfa250fe591d515a02e7,CSV definition-index record for DefineMorphShape,,,"projection only; no asset bytes exported, transformed, redrawn, or generated",machine-extracted-structural-candidate,owner-provided SWF,"container=root; definitionDepth=0; tagOrdinal=3157; payloadBytes=777; rawTagPayloadSha256=b8137fbe0e55377d2723a1aa48c8a328d29b1d3b679219a0aad211605eb1d0c1; exactTagIdentitySha256=697262ea4fc8bc221af6d0ab4511366b145d65c041f2724da4300e79cec48422; runtime reachability unresolved; placement and bounds unresolved; renderer suitability unresolved; machineDefinitionIndexSha256=955f2a8c83ce121d9a3979463c51f6c3d893b2b79cb7bfa250fe591d515a02e7; Structural/static source-derived candidate only. The exported_file is the shared machine definition-index evidence, not a visual or renderer asset export. It is not an authoritative original-runtime baseline and establishes no runtime reachability, placement, asset usage, visual appearance, renderer suitability, human or owner acceptance, strict completion, or publication."
swf-definition-03158,429,,structural-shape-definition-candidate,source-assets/flash/HELP MATH_ORIGINAL FILES/HELP_COURSES/ELMGR5/L4/TS/L4TS07.swf,,migrations/course-g05-l04-ts-007/audit/machine/g5-l4-pre-runtime-swf-definition-inventory.csv,955f2a8c83ce121d9a3979463c51f6c3d893b2b79cb7bfa250fe591d515a02e7,CSV definition-index record for DefineShape3,,,"projection only; no asset bytes exported, transformed, redrawn, or generated",machine-extracted-structural-candidate,owner-provided SWF,"container=root; definitionDepth=0; tagOrdinal=3158; payloadBytes=36; rawTagPayloadSha256=712c9a568c6caf8b0322e6d8b80b916f9b30a7acfe5800bfbabaf223b2a5ea5f; exactTagIdentitySha256=61529cafef14104b69576aa6393ddb02b847af4e5652c5e52f1fde1af2d07c23; runtime reachability unresolved; placement and bounds unresolved; renderer suitability unresolved; machineDefinitionIndexSha256=955f2a8c83ce121d9a3979463c51f6c3d893b2b79cb7bfa250fe591d515a02e7; Structural/static source-derived candidate only. The exported_file is the shared machine definition-index evidence, not a visual or renderer asset export. It is not an authoritative original-runtime baseline and establishes no runtime reachability, placement, asset usage, visual appearance, renderer suitability, human or owner acceptance, strict completion, or publication."
swf-definition-03159,430,,structural-morph-definition-candidate,source-assets/flash/HELP MATH_ORIGINAL FILES/HELP_COURSES/ELMGR5/L4/TS/L4TS07.swf,,migrations/course-g05-l04-ts-007/audit/machine/g5-l4-pre-runtime-swf-definition-inventory.csv,955f2a8c83ce121d9a3979463c51f6c3d893b2b79cb7bfa250fe591d515a02e7,CSV definition-index record for DefineMorphShape,,,"projection only; no asset bytes exported, transformed, redrawn, or generated",machine-extracted-structural-candidate,owner-provided SWF,"container=root; definitionDepth=0; tagOrdinal=3159; payloadBytes=610; rawTagPayloadSha256=03594a81d6354b290b549933a5f54ed7e64f11624654a75e3f003926e40b2e15; exactTagIdentitySha256=d02540b17d6ac6a62c7dbcebcee1be165accb9867f12a82e6770bc2e09255699; runtime reachability unresolved; placement and bounds unresolved; renderer suitability unresolved; machineDefinitionIndexSha256=955f2a8c83ce121d9a3979463c51f6c3d893b2b79cb7bfa250fe591d515a02e7; Structural/static source-derived candidate only. The exported_file is the shared machine definition-index evidence, not a visual or renderer asset export. It is not an authoritative original-runtime baseline and establishes no runtime reachability, placement, asset usage, visual appearance, renderer suitability, human or owner acceptance, strict completion, or publication."
swf-definition-03160,431,,structural-text-definition-candidate,source-assets/flash/HELP MATH_ORIGINAL FILES/HELP_COURSES/ELMGR5/L4/TS/L4TS07.swf,,migrations/course-g05-l04-ts-007/audit/machine/g5-l4-pre-runtime-swf-definition-inventory.csv,955f2a8c83ce121d9a3979463c51f6c3d893b2b79cb7bfa250fe591d515a02e7,CSV definition-index record for DefineText,,,"projection only; no asset bytes exported, transformed, redrawn, or generated",machine-extracted-structural-candidate,owner-provided SWF,"container=root; definitionDepth=0; tagOrdinal=3160; payloadBytes=44; rawTagPayloadSha256=e79e7231fdec8771ac07767f22c0d5ad1e788813533824806e000355d9984a1d; exactTagIdentitySha256=3f889e494b28d5247a73d34be7fd60df4775d95e19c54c080330f678cf9d14f8; runtime reachability unresolved; placement and bounds unresolved; renderer suitability unresolved; machineDefinitionIndexSha256=955f2a8c83ce121d9a3979463c51f6c3d893b2b79cb7bfa250fe591d515a02e7; Structural/static source-derived candidate only. The exported_file is the shared machine definition-index evidence, not a visual or renderer asset export. It is not an authoritative original-runtime baseline and establishes no runtime reachability, placement, asset usage, visual appearance, renderer suitability, human or owner acceptance, strict completion, or publication."
swf-definition-03161,432,,structural-text-definition-candidate,source-assets/flash/HELP MATH_ORIGINAL FILES/HELP_COURSES/ELMGR5/L4/TS/L4TS07.swf,,migrations/course-g05-l04-ts-007/audit/machine/g5-l4-pre-runtime-swf-definition-inventory.csv,955f2a8c83ce121d9a3979463c51f6c3d893b2b79cb7bfa250fe591d515a02e7,CSV definition-index record for DefineText,,,"projection only; no asset bytes exported, transformed, redrawn, or generated",machine-extracted-structural-candidate,owner-provided SWF,"container=root; definitionDepth=0; tagOrdinal=3161; payloadBytes=44; rawTagPayloadSha256=bae13b68250ad461980507a0efd52451b2b229c7f6c30bb42d27629093ca208f; exactTagIdentitySha256=56238b6715cc93a5c25a0b1b174c64f4114b79698026f31bcf8ac23d04adbe8d; runtime reachability unresolved; placement and bounds unresolved; renderer suitability unresolved; machineDefinitionIndexSha256=955f2a8c83ce121d9a3979463c51f6c3d893b2b79cb7bfa250fe591d515a02e7; Structural/static source-derived candidate only. The exported_file is the shared machine definition-index evidence, not a visual or renderer asset export. It is not an authoritative original-runtime baseline and establishes no runtime reachability, placement, asset usage, visual appearance, renderer suitability, human or owner acceptance, strict completion, or publication."
swf-definition-03162,433,,structural-shape-definition-candidate,source-assets/flash/HELP MATH_ORIGINAL FILES/HELP_COURSES/ELMGR5/L4/TS/L4TS07.swf,,migrations/course-g05-l04-ts-007/audit/machine/g5-l4-pre-runtime-swf-definition-inventory.csv,955f2a8c83ce121d9a3979463c51f6c3d893b2b79cb7bfa250fe591d515a02e7,CSV definition-index record for DefineShape3,,,"projection only; no asset bytes exported, transformed, redrawn, or generated",machine-extracted-structural-candidate,owner-provided SWF,"container=root; definitionDepth=0; tagOrdinal=3162; payloadBytes=410; rawTagPayloadSha256=6af977ed5fcf9465d32f650ef143bda93043defb50ad8dd7c3d5d71960c96998; exactTagIdentitySha256=d1c532d087959121f79b161703e4615a9f95da0ebfbb1fdab1cd23a6bd003bc5; runtime reachability unresolved; placement and bounds unresolved; renderer suitability unresolved; machineDefinitionIndexSha256=955f2a8c83ce121d9a3979463c51f6c3d893b2b79cb7bfa250fe591d515a02e7; Structural/static source-derived candidate only. The exported_file is the shared machine definition-index evidence, not a visual or renderer asset export. It is not an authoritative original-runtime baseline and establishes no runtime reachability, placement, asset usage, visual appearance, renderer suitability, human or owner acceptance, strict completion, or publication."
swf-definition-03163,434,,structural-morph-definition-candidate,source-assets/flash/HELP MATH_ORIGINAL FILES/HELP_COURSES/ELMGR5/L4/TS/L4TS07.swf,,migrations/course-g05-l04-ts-007/audit/machine/g5-l4-pre-runtime-swf-definition-inventory.csv,955f2a8c83ce121d9a3979463c51f6c3d893b2b79cb7bfa250fe591d515a02e7,CSV definition-index record for DefineMorphShape,,,"projection only; no asset bytes exported, transformed, redrawn, or generated",machine-extracted-structural-candidate,owner-provided SWF,"container=root; definitionDepth=0; tagOrdinal=3163; payloadBytes=610; rawTagPayloadSha256=f1034d5b6562427f3b3271036f47bf587e9b7ff42e5d0c7abd2b6f458564a052; exactTagIdentitySha256=02b54edf5bc45c1cee5be6faf8b86aaa04519981a28039baba77a1a896def54e; runtime reachability unresolved; placement and bounds unresolved; renderer suitability unresolved; machineDefinitionIndexSha256=955f2a8c83ce121d9a3979463c51f6c3d893b2b79cb7bfa250fe591d515a02e7; Structural/static source-derived candidate only. The exported_file is the shared machine definition-index evidence, not a visual or renderer asset export. It is not an authoritative original-runtime baseline and establishes no runtime reachability, placement, asset usage, visual appearance, renderer suitability, human or owner acceptance, strict completion, or publication."
swf-definition-03164,435,,structural-shape-definition-candidate,source-assets/flash/HELP MATH_ORIGINAL FILES/HELP_COURSES/ELMGR5/L4/TS/L4TS07.swf,,migrations/course-g05-l04-ts-007/audit/machine/g5-l4-pre-runtime-swf-definition-inventory.csv,955f2a8c83ce121d9a3979463c51f6c3d893b2b79cb7bfa250fe591d515a02e7,CSV definition-index record for DefineShape3,,,"projection only; no asset bytes exported, transformed, redrawn, or generated",machine-extracted-structural-candidate,owner-provided SWF,"container=root; definitionDepth=0; tagOrdinal=3164; payloadBytes=219; rawTagPayloadSha256=db7589bf30996bffda0cbba0052fce494dd8b7cd66c20974d8edde731c552939; exactTagIdentitySha256=6030d2da1bd6ff055dc579919b97f243dd1ceb11c71f857663c915fdea2f571b; runtime reachability unresolved; placement and bounds unresolved; renderer suitability unresolved; machineDefinitionIndexSha256=955f2a8c83ce121d9a3979463c51f6c3d893b2b79cb7bfa250fe591d515a02e7; Structural/static source-derived candidate only. The exported_file is the shared machine definition-index evidence, not a visual or renderer asset export. It is not an authoritative original-runtime baseline and establishes no runtime reachability, placement, asset usage, visual appearance, renderer suitability, human or owner acceptance, strict completion, or publication."
swf-definition-03165,436,,structural-sprite-definition-candidate,source-assets/flash/HELP MATH_ORIGINAL FILES/HELP_COURSES/ELMGR5/L4/TS/L4TS07.swf,,migrations/course-g05-l04-ts-007/audit/machine/g5-l4-pre-runtime-swf-definition-inventory.csv,955f2a8c83ce121d9a3979463c51f6c3d893b2b79cb7bfa250fe591d515a02e7,CSV definition-index record for DefineSprite,,,"projection only; no asset bytes exported, transformed, redrawn, or generated",machine-extracted-structural-candidate,owner-provided SWF,"container=root; definitionDepth=0; tagOrdinal=3165; payloadBytes=11977; rawTagPayloadSha256=1cb260f23b611768543d9fe6a6857aa5b617dacb3a3b29bf2fd3f1e53467f6bb; exactTagIdentitySha256=b033d931aa3d4343b0ebf3024b5a9ddc591c9cee7724f797b4ce4fb5eb9aadcc; declaredFrameCount=27; runtime reachability unresolved; placement and bounds unresolved; renderer suitability unresolved; machineDefinitionIndexSha256=955f2a8c83ce121d9a3979463c51f6c3d893b2b79cb7bfa250fe591d515a02e7; Structural/static source-derived candidate only. The exported_file is the shared machine definition-index evidence, not a visual or renderer asset export. It is not an authoritative original-runtime baseline and establishes no runtime reachability, placement, asset usage, visual appearance, renderer suitability, human or owner acceptance, strict completion, or publication."
swf-definition-03286,437,,structural-text-definition-candidate,source-assets/flash/HELP MATH_ORIGINAL FILES/HELP_COURSES/ELMGR5/L4/TS/L4TS07.swf,,migrations/course-g05-l04-ts-007/audit/machine/g5-l4-pre-runtime-swf-definition-inventory.csv,955f2a8c83ce121d9a3979463c51f6c3d893b2b79cb7bfa250fe591d515a02e7,CSV definition-index record for DefineText,,,"projection only; no asset bytes exported, transformed, redrawn, or generated",machine-extracted-structural-candidate,owner-provided SWF,"container=root; definitionDepth=0; tagOrdinal=3286; payloadBytes=41; rawTagPayloadSha256=3b464ab66aeff929f744032bf3f6ef224c6248951d917d5f0009f89e1c0459f9; exactTagIdentitySha256=011e6d78e66698b8be49b61c477798159a450be1b10e8b819f2621a6fa48ff09; runtime reachability unresolved; placement and bounds unresolved; renderer suitability unresolved; machineDefinitionIndexSha256=955f2a8c83ce121d9a3979463c51f6c3d893b2b79cb7bfa250fe591d515a02e7; Structural/static source-derived candidate only. The exported_file is the shared machine definition-index evidence, not a visual or renderer asset export. It is not an authoritative original-runtime baseline and establishes no runtime reachability, placement, asset usage, visual appearance, renderer suitability, human or owner acceptance, strict completion, or publication."
swf-definition-03287,438,,structural-shape-definition-candidate,source-assets/flash/HELP MATH_ORIGINAL FILES/HELP_COURSES/ELMGR5/L4/TS/L4TS07.swf,,migrations/course-g05-l04-ts-007/audit/machine/g5-l4-pre-runtime-swf-definition-inventory.csv,955f2a8c83ce121d9a3979463c51f6c3d893b2b79cb7bfa250fe591d515a02e7,CSV definition-index record for DefineShape3,,,"projection only; no asset bytes exported, transformed, redrawn, or generated",machine-extracted-structural-candidate,owner-provided SWF,"container=root; definitionDepth=0; tagOrdinal=3287; payloadBytes=88; rawTagPayloadSha256=65c4fb820ea462623255562a5ef543e99c8651cab51ee0cc81a5651d69a20b14; exactTagIdentitySha256=a40a49217834ff3198bcef0841ab19f07b2f7d2eddfb0e7b2f8e3ed1609b4f85; runtime reachability unresolved; placement and bounds unresolved; renderer suitability unresolved; machineDefinitionIndexSha256=955f2a8c83ce121d9a3979463c51f6c3d893b2b79cb7bfa250fe591d515a02e7; Structural/static source-derived candidate only. The exported_file is the shared machine definition-index evidence, not a visual or renderer asset export. It is not an authoritative original-runtime baseline and establishes no runtime reachability, placement, asset usage, visual appearance, renderer suitability, human or owner acceptance, strict completion, or publication."
swf-definition-03288,439,,structural-shape-definition-candidate,source-assets/flash/HELP MATH_ORIGINAL FILES/HELP_COURSES/ELMGR5/L4/TS/L4TS07.swf,,migrations/course-g05-l04-ts-007/audit/machine/g5-l4-pre-runtime-swf-definition-inventory.csv,955f2a8c83ce121d9a3979463c51f6c3d893b2b79cb7bfa250fe591d515a02e7,CSV definition-index record for DefineShape,,,"projection only; no asset bytes exported, transformed, redrawn, or generated",machine-extracted-structural-candidate,owner-provided SWF,"container=root; definitionDepth=0; tagOrdinal=3288; payloadBytes=155; rawTagPayloadSha256=821f9f58a5d0a64e6dbc54479dd4c5deb38020620572a2096cb1d63d8e3426a6; exactTagIdentitySha256=cc717b1aada5fda6c60e3ff03e0b0e5b93a2cdd643a6cbf7308f14a60ed27eba; runtime reachability unresolved; placement and bounds unresolved; renderer suitability unresolved; machineDefinitionIndexSha256=955f2a8c83ce121d9a3979463c51f6c3d893b2b79cb7bfa250fe591d515a02e7; Structural/static source-derived candidate only. The exported_file is the shared machine definition-index evidence, not a visual or renderer asset export. It is not an authoritative original-runtime baseline and establishes no runtime reachability, placement, asset usage, visual appearance, renderer suitability, human or owner acceptance, strict completion, or publication."
swf-definition-03289,440,,structural-text-definition-candidate,source-assets/flash/HELP MATH_ORIGINAL FILES/HELP_COURSES/ELMGR5/L4/TS/L4TS07.swf,,migrations/course-g05-l04-ts-007/audit/machine/g5-l4-pre-runtime-swf-definition-inventory.csv,955f2a8c83ce121d9a3979463c51f6c3d893b2b79cb7bfa250fe591d515a02e7,CSV definition-index record for DefineText,,,"projection only; no asset bytes exported, transformed, redrawn, or generated",machine-extracted-structural-candidate,owner-provided SWF,"container=root; definitionDepth=0; tagOrdinal=3289; payloadBytes=827; rawTagPayloadSha256=22a4c1d6dd57b0af9bace9c15a100a0231078ede785148c8c5fe44ef3d363d55; exactTagIdentitySha256=45463f639d49504fb6ef81e9ae3fb806c28e818fe9a9d95baadd7cb958f621d9; runtime reachability unresolved; placement and bounds unresolved; renderer suitability unresolved; machineDefinitionIndexSha256=955f2a8c83ce121d9a3979463c51f6c3d893b2b79cb7bfa250fe591d515a02e7; Structural/static source-derived candidate only. The exported_file is the shared machine definition-index evidence, not a visual or renderer asset export. It is not an authoritative original-runtime baseline and establishes no runtime reachability, placement, asset usage, visual appearance, renderer suitability, human or owner acceptance, strict completion, or publication."
swf-definition-03290,441,,structural-shape-definition-candidate,source-assets/flash/HELP MATH_ORIGINAL FILES/HELP_COURSES/ELMGR5/L4/TS/L4TS07.swf,,migrations/course-g05-l04-ts-007/audit/machine/g5-l4-pre-runtime-swf-definition-inventory.csv,955f2a8c83ce121d9a3979463c51f6c3d893b2b79cb7bfa250fe591d515a02e7,CSV definition-index record for DefineShape,,,"projection only; no asset bytes exported, transformed, redrawn, or generated",machine-extracted-structural-candidate,owner-provided SWF,"container=root; definitionDepth=0; tagOrdinal=3290; payloadBytes=77; rawTagPayloadSha256=e0d59cf3fa4034aec769a430e4cd4a1453e3ca39512882927cc68d102fffe99b; exactTagIdentitySha256=fdc48fb38b363137e5b3c2756da601d79b2c295eeeade2a05c1d7a1b401c07af; runtime reachability unresolved; placement and bounds unresolved; renderer suitability unresolved; machineDefinitionIndexSha256=955f2a8c83ce121d9a3979463c51f6c3d893b2b79cb7bfa250fe591d515a02e7; Structural/static source-derived candidate only. The exported_file is the shared machine definition-index evidence, not a visual or renderer asset export. It is not an authoritative original-runtime baseline and establishes no runtime reachability, placement, asset usage, visual appearance, renderer suitability, human or owner acceptance, strict completion, or publication."
swf-definition-03291,442,,structural-shape-definition-candidate,source-assets/flash/HELP MATH_ORIGINAL FILES/HELP_COURSES/ELMGR5/L4/TS/L4TS07.swf,,migrations/course-g05-l04-ts-007/audit/machine/g5-l4-pre-runtime-swf-definition-inventory.csv,955f2a8c83ce121d9a3979463c51f6c3d893b2b79cb7bfa250fe591d515a02e7,CSV definition-index record for DefineShape3,,,"projection only; no asset bytes exported, transformed, redrawn, or generated",machine-extracted-structural-candidate,owner-provided SWF,"container=root; definitionDepth=0; tagOrdinal=3291; payloadBytes=66; rawTagPayloadSha256=b76db1934c9f41598c4b35fa26eed9fcaeec5e4527fabe6071c7064df186d944; exactTagIdentitySha256=65332eb0c6d0adf5e3e46b2c880e579d52cd95f419e6b7ee760991967c0c1d80; runtime reachability unresolved; placement and bounds unresolved; renderer suitability unresolved; machineDefinitionIndexSha256=955f2a8c83ce121d9a3979463c51f6c3d893b2b79cb7bfa250fe591d515a02e7; Structural/static source-derived candidate only. The exported_file is the shared machine definition-index evidence, not a visual or renderer asset export. It is not an authoritative original-runtime baseline and establishes no runtime reachability, placement, asset usage, visual appearance, renderer suitability, human or owner acceptance, strict completion, or publication."
swf-definition-03292,443,,structural-shape-definition-candidate,source-assets/flash/HELP MATH_ORIGINAL FILES/HELP_COURSES/ELMGR5/L4/TS/L4TS07.swf,,migrations/course-g05-l04-ts-007/audit/machine/g5-l4-pre-runtime-swf-definition-inventory.csv,955f2a8c83ce121d9a3979463c51f6c3d893b2b79cb7bfa250fe591d515a02e7,CSV definition-index record for DefineShape3,,,"projection only; no asset bytes exported, transformed, redrawn, or generated",machine-extracted-structural-candidate,owner-provided SWF,"container=root; definitionDepth=0; tagOrdinal=3292; payloadBytes=145; rawTagPayloadSha256=452686759ff2842b208171c2ebe3b7206866fbd6e79bad0d42a94ec6b4df1420; exactTagIdentitySha256=493541e64b9842c38a0e1cc88391839ccd3eb1c41ace95e09c6328f895319755; runtime reachability unresolved; placement and bounds unresolved; renderer suitability unresolved; machineDefinitionIndexSha256=955f2a8c83ce121d9a3979463c51f6c3d893b2b79cb7bfa250fe591d515a02e7; Structural/static source-derived candidate only. The exported_file is the shared machine definition-index evidence, not a visual or renderer asset export. It is not an authoritative original-runtime baseline and establishes no runtime reachability, placement, asset usage, visual appearance, renderer suitability, human or owner acceptance, strict completion, or publication."
swf-definition-03293,444,,structural-shape-definition-candidate,source-assets/flash/HELP MATH_ORIGINAL FILES/HELP_COURSES/ELMGR5/L4/TS/L4TS07.swf,,migrations/course-g05-l04-ts-007/audit/machine/g5-l4-pre-runtime-swf-definition-inventory.csv,955f2a8c83ce121d9a3979463c51f6c3d893b2b79cb7bfa250fe591d515a02e7,CSV definition-index record for DefineShape,,,"projection only; no asset bytes exported, transformed, redrawn, or generated",machine-extracted-structural-candidate,owner-provided SWF,"container=root; definitionDepth=0; tagOrdinal=3293; payloadBytes=128; rawTagPayloadSha256=485a8e0fd7a14eaf5a3040f5a48acb1b2f123997f358ff07d63c611f37f1f924; exactTagIdentitySha256=62a74003dbb7a3d4cd2044e4cb12fedcd08c7f249f61bbb08c3e2d09a5d3e857; runtime reachability unresolved; placement and bounds unresolved; renderer suitability unresolved; machineDefinitionIndexSha256=955f2a8c83ce121d9a3979463c51f6c3d893b2b79cb7bfa250fe591d515a02e7; Structural/static source-derived candidate only. The exported_file is the shared machine definition-index evidence, not a visual or renderer asset export. It is not an authoritative original-runtime baseline and establishes no runtime reachability, placement, asset usage, visual appearance, renderer suitability, human or owner acceptance, strict completion, or publication."
swf-definition-03294,445,,structural-text-definition-candidate,source-assets/flash/HELP MATH_ORIGINAL FILES/HELP_COURSES/ELMGR5/L4/TS/L4TS07.swf,,migrations/course-g05-l04-ts-007/audit/machine/g5-l4-pre-runtime-swf-definition-inventory.csv,955f2a8c83ce121d9a3979463c51f6c3d893b2b79cb7bfa250fe591d515a02e7,CSV definition-index record for DefineText,,,"projection only; no asset bytes exported, transformed, redrawn, or generated",machine-extracted-structural-candidate,owner-provided SWF,"container=root; definitionDepth=0; tagOrdinal=3294; payloadBytes=37; rawTagPayloadSha256=fc7fe05afa8a3f333146e3421c99c8fc08600f267bb29bd5fe9dfbe672b769bc; exactTagIdentitySha256=77f4ae9b992e04194d9dfead74927e63a51b40de7926cf24802bce55ce32fd76; runtime reachability unresolved; placement and bounds unresolved; renderer suitability unresolved; machineDefinitionIndexSha256=955f2a8c83ce121d9a3979463c51f6c3d893b2b79cb7bfa250fe591d515a02e7; Structural/static source-derived candidate only. The exported_file is the shared machine definition-index evidence, not a visual or renderer asset export. It is not an authoritative original-runtime baseline and establishes no runtime reachability, placement, asset usage, visual appearance, renderer suitability, human or owner acceptance, strict completion, or publication."
swf-definition-03295,446,,structural-shape-definition-candidate,source-assets/flash/HELP MATH_ORIGINAL FILES/HELP_COURSES/ELMGR5/L4/TS/L4TS07.swf,,migrations/course-g05-l04-ts-007/audit/machine/g5-l4-pre-runtime-swf-definition-inventory.csv,955f2a8c83ce121d9a3979463c51f6c3d893b2b79cb7bfa250fe591d515a02e7,CSV definition-index record for DefineShape3,,,"projection only; no asset bytes exported, transformed, redrawn, or generated",machine-extracted-structural-candidate,owner-provided SWF,"container=root; definitionDepth=0; tagOrdinal=3295; payloadBytes=145; rawTagPayloadSha256=cfb9b5292424097a1cd6b56e6067b00fc54148c2b7bb8afc3f99cd9eab0657ba; exactTagIdentitySha256=20ad8563c40aeb460a66d6ab896c0aff87c7cdbd5452c71bf696ba34772affad; runtime reachability unresolved; placement and bounds unresolved; renderer suitability unresolved; machineDefinitionIndexSha256=955f2a8c83ce121d9a3979463c51f6c3d893b2b79cb7bfa250fe591d515a02e7; Structural/static source-derived candidate only. The exported_file is the shared machine definition-index evidence, not a visual or renderer asset export. It is not an authoritative original-runtime baseline and establishes no runtime reachability, placement, asset usage, visual appearance, renderer suitability, human or owner acceptance, strict completion, or publication."
swf-definition-03296,447,,structural-shape-definition-candidate,source-assets/flash/HELP MATH_ORIGINAL FILES/HELP_COURSES/ELMGR5/L4/TS/L4TS07.swf,,migrations/course-g05-l04-ts-007/audit/machine/g5-l4-pre-runtime-swf-definition-inventory.csv,955f2a8c83ce121d9a3979463c51f6c3d893b2b79cb7bfa250fe591d515a02e7,CSV definition-index record for DefineShape3,,,"projection only; no asset bytes exported, transformed, redrawn, or generated",machine-extracted-structural-candidate,owner-provided SWF,"container=root; definitionDepth=0; tagOrdinal=3296; payloadBytes=138; rawTagPayloadSha256=72962c595f0d1b7d490e46db7c52cf497e77c38d80f30f6756702427a436102e; exactTagIdentitySha256=bd7aba5c50ad8390a2889868e3cb29a1ecb8e33a968040a5b7902cd3b15c327f; runtime reachability unresolved; placement and bounds unresolved; renderer suitability unresolved; machineDefinitionIndexSha256=955f2a8c83ce121d9a3979463c51f6c3d893b2b79cb7bfa250fe591d515a02e7; Structural/static source-derived candidate only. The exported_file is the shared machine definition-index evidence, not a visual or renderer asset export. It is not an authoritative original-runtime baseline and establishes no runtime reachability, placement, asset usage, visual appearance, renderer suitability, human or owner acceptance, strict completion, or publication."
swf-definition-03297,448,,structural-shape-definition-candidate,source-assets/flash/HELP MATH_ORIGINAL FILES/HELP_COURSES/ELMGR5/L4/TS/L4TS07.swf,,migrations/course-g05-l04-ts-007/audit/machine/g5-l4-pre-runtime-swf-definition-inventory.csv,955f2a8c83ce121d9a3979463c51f6c3d893b2b79cb7bfa250fe591d515a02e7,CSV definition-index record for DefineShape,,,"projection only; no asset bytes exported, transformed, redrawn, or generated",machine-extracted-structural-candidate,owner-provided SWF,"container=root; definitionDepth=0; tagOrdinal=3297; payloadBytes=66; rawTagPayloadSha256=83ab6b9d0244c70cbe394fe0867b2a945eab388d8d7a3d96b9c6d677642e5af8; exactTagIdentitySha256=d9d369f7d07076dc38736cf2a1452f99b1ecdd5e03a5bd7e2c21d49b488a1fd2; runtime reachability unresolved; placement and bounds unresolved; renderer suitability unresolved; machineDefinitionIndexSha256=955f2a8c83ce121d9a3979463c51f6c3d893b2b79cb7bfa250fe591d515a02e7; Structural/static source-derived candidate only. The exported_file is the shared machine definition-index evidence, not a visual or renderer asset export. It is not an authoritative original-runtime baseline and establishes no runtime reachability, placement, asset usage, visual appearance, renderer suitability, human or owner acceptance, strict completion, or publication."
swf-definition-03298,449,,structural-button-definition-candidate,source-assets/flash/HELP MATH_ORIGINAL FILES/HELP_COURSES/ELMGR5/L4/TS/L4TS07.swf,,migrations/course-g05-l04-ts-007/audit/machine/g5-l4-pre-runtime-swf-definition-inventory.csv,955f2a8c83ce121d9a3979463c51f6c3d893b2b79cb7bfa250fe591d515a02e7,CSV definition-index record for DefineButton2,,,"projection only; no asset bytes exported, transformed, redrawn, or generated",machine-extracted-structural-candidate,owner-provided SWF,"container=root; definitionDepth=0; tagOrdinal=3298; payloadBytes=178; rawTagPayloadSha256=76af91ec528bc52c85c896c42bd07418429064b642227f374f44b7e2f5910788; exactTagIdentitySha256=ad68f9a09824a9fb4c49b9e1dc33bbc31c97e30882325f4e3d0ec862b445c559; runtime reachability unresolved; placement and bounds unresolved; renderer suitability unresolved; machineDefinitionIndexSha256=955f2a8c83ce121d9a3979463c51f6c3d893b2b79cb7bfa250fe591d515a02e7; Structural/static source-derived candidate only. The exported_file is the shared machine definition-index evidence, not a visual or renderer asset export. It is not an authoritative original-runtime baseline and establishes no runtime reachability, placement, asset usage, visual appearance, renderer suitability, human or owner acceptance, strict completion, or publication."
swf-definition-03299,450,,structural-button-definition-candidate,source-assets/flash/HELP MATH_ORIGINAL FILES/HELP_COURSES/ELMGR5/L4/TS/L4TS07.swf,,migrations/course-g05-l04-ts-007/audit/machine/g5-l4-pre-runtime-swf-definition-inventory.csv,955f2a8c83ce121d9a3979463c51f6c3d893b2b79cb7bfa250fe591d515a02e7,CSV definition-index record for DefineButton2,,,"projection only; no asset bytes exported, transformed, redrawn, or generated",machine-extracted-structural-candidate,owner-provided SWF,"container=root; definitionDepth=0; tagOrdinal=3299; payloadBytes=173; rawTagPayloadSha256=b9cf28e999af24dac7d353a640f7c17e1534f29f6dcc60f8686c53e07c2853a7; exactTagIdentitySha256=595213c1de5b3642fed11f0c16b35a71183386538bad6e9733d368ad39461167; runtime reachability unresolved; placement and bounds unresolved; renderer suitability unresolved; machineDefinitionIndexSha256=955f2a8c83ce121d9a3979463c51f6c3d893b2b79cb7bfa250fe591d515a02e7; Structural/static source-derived candidate only. The exported_file is the shared machine definition-index evidence, not a visual or renderer asset export. It is not an authoritative original-runtime baseline and establishes no runtime reachability, placement, asset usage, visual appearance, renderer suitability, human or owner acceptance, strict completion, or publication."
swf-definition-03300,451,,structural-button-definition-candidate,source-assets/flash/HELP MATH_ORIGINAL FILES/HELP_COURSES/ELMGR5/L4/TS/L4TS07.swf,,migrations/course-g05-l04-ts-007/audit/machine/g5-l4-pre-runtime-swf-definition-inventory.csv,955f2a8c83ce121d9a3979463c51f6c3d893b2b79cb7bfa250fe591d515a02e7,CSV definition-index record for DefineButton2,,,"projection only; no asset bytes exported, transformed, redrawn, or generated",machine-extracted-structural-candidate,owner-provided SWF,"container=root; definitionDepth=0; tagOrdinal=3300; payloadBytes=175; rawTagPayloadSha256=34f76637a103f4c81ecd59183dc7455f9af7ca104bffee21f29bb07d4a7ce514; exactTagIdentitySha256=bb5ea5d232ff13e0c1b9b78c771877c03ca7ca5904c5d2f6a0c8ab63a1a30223; runtime reachability unresolved; placement and bounds unresolved; renderer suitability unresolved; machineDefinitionIndexSha256=955f2a8c83ce121d9a3979463c51f6c3d893b2b79cb7bfa250fe591d515a02e7; Structural/static source-derived candidate only. The exported_file is the shared machine definition-index evidence, not a visual or renderer asset export. It is not an authoritative original-runtime baseline and establishes no runtime reachability, placement, asset usage, visual appearance, renderer suitability, human or owner acceptance, strict completion, or publication."
swf-definition-03301,452,,structural-button-definition-candidate,source-assets/flash/HELP MATH_ORIGINAL FILES/HELP_COURSES/ELMGR5/L4/TS/L4TS07.swf,,migrations/course-g05-l04-ts-007/audit/machine/g5-l4-pre-runtime-swf-definition-inventory.csv,955f2a8c83ce121d9a3979463c51f6c3d893b2b79cb7bfa250fe591d515a02e7,CSV definition-index record for DefineButton2,,,"projection only; no asset bytes exported, transformed, redrawn, or generated",machine-extracted-structural-candidate,owner-provided SWF,"container=root; definitionDepth=0; tagOrdinal=3301; payloadBytes=168; rawTagPayloadSha256=2e502a09fa51b1559bd81efdcdbbd54b5c3897bf8600fb0d81a45f9a57b6fc3c; exactTagIdentitySha256=e2a995f6d058dc7597f31d2306a9c371564dbb640d101e1525405fa84bada103; runtime reachability unresolved; placement and bounds unresolved; renderer suitability unresolved; machineDefinitionIndexSha256=955f2a8c83ce121d9a3979463c51f6c3d893b2b79cb7bfa250fe591d515a02e7; Structural/static source-derived candidate only. The exported_file is the shared machine definition-index evidence, not a visual or renderer asset export. It is not an authoritative original-runtime baseline and establishes no runtime reachability, placement, asset usage, visual appearance, renderer suitability, human or owner acceptance, strict completion, or publication."
swf-definition-03302,453,,structural-button-definition-candidate,source-assets/flash/HELP MATH_ORIGINAL FILES/HELP_COURSES/ELMGR5/L4/TS/L4TS07.swf,,migrations/course-g05-l04-ts-007/audit/machine/g5-l4-pre-runtime-swf-definition-inventory.csv,955f2a8c83ce121d9a3979463c51f6c3d893b2b79cb7bfa250fe591d515a02e7,CSV definition-index record for DefineButton2,,,"projection only; no asset bytes exported, transformed, redrawn, or generated",machine-extracted-structural-candidate,owner-provided SWF,"container=root; definitionDepth=0; tagOrdinal=3302; payloadBytes=169; rawTagPayloadSha256=65ea46e87d721d3b7151097887b81b5e7841b16654f8e284dc0cdebe0c5dc62f; exactTagIdentitySha256=3013acf6c219262014baa12c05767eb373c1bf15534883b305e6139c19871751; runtime reachability unresolved; placement and bounds unresolved; renderer suitability unresolved; machineDefinitionIndexSha256=955f2a8c83ce121d9a3979463c51f6c3d893b2b79cb7bfa250fe591d515a02e7; Structural/static source-derived candidate only. The exported_file is the shared machine definition-index evidence, not a visual or renderer asset export. It is not an authoritative original-runtime baseline and establishes no runtime reachability, placement, asset usage, visual appearance, renderer suitability, human or owner acceptance, strict completion, or publication."
swf-definition-03303,454,,structural-button-definition-candidate,source-assets/flash/HELP MATH_ORIGINAL FILES/HELP_COURSES/ELMGR5/L4/TS/L4TS07.swf,,migrations/course-g05-l04-ts-007/audit/machine/g5-l4-pre-runtime-swf-definition-inventory.csv,955f2a8c83ce121d9a3979463c51f6c3d893b2b79cb7bfa250fe591d515a02e7,CSV definition-index record for DefineButton2,,,"projection only; no asset bytes exported, transformed, redrawn, or generated",machine-extracted-structural-candidate,owner-provided SWF,"container=root; definitionDepth=0; tagOrdinal=3303; payloadBytes=173; rawTagPayloadSha256=fe4143717ac6cf9ea5ddb23d6d965dcc4760ad293b9d7dc2dd9cf41d4d324bbd; exactTagIdentitySha256=52d52b0332fbb26c467394f11ccb497b50944a54df9b3a037eaba49e0b1e147f; runtime reachability unresolved; placement and bounds unresolved; renderer suitability unresolved; machineDefinitionIndexSha256=955f2a8c83ce121d9a3979463c51f6c3d893b2b79cb7bfa250fe591d515a02e7; Structural/static source-derived candidate only. The exported_file is the shared machine definition-index evidence, not a visual or renderer asset export. It is not an authoritative original-runtime baseline and establishes no runtime reachability, placement, asset usage, visual appearance, renderer suitability, human or owner acceptance, strict completion, or publication."
swf-definition-03304,455,,structural-button-definition-candidate,source-assets/flash/HELP MATH_ORIGINAL FILES/HELP_COURSES/ELMGR5/L4/TS/L4TS07.swf,,migrations/course-g05-l04-ts-007/audit/machine/g5-l4-pre-runtime-swf-definition-inventory.csv,955f2a8c83ce121d9a3979463c51f6c3d893b2b79cb7bfa250fe591d515a02e7,CSV definition-index record for DefineButton2,,,"projection only; no asset bytes exported, transformed, redrawn, or generated",machine-extracted-structural-candidate,owner-provided SWF,"container=root; definitionDepth=0; tagOrdinal=3304; payloadBytes=174; rawTagPayloadSha256=1eed0a9cc83a549c00f6b7d94484d0b47f031b313ad90ec5ad7668c193756a23; exactTagIdentitySha256=b50bf36bd16b5db19e600d0483c35b9a064b35b3926e5ae860bdf4fc1b6d4d77; runtime reachability unresolved; placement and bounds unresolved; renderer suitability unresolved; machineDefinitionIndexSha256=955f2a8c83ce121d9a3979463c51f6c3d893b2b79cb7bfa250fe591d515a02e7; Structural/static source-derived candidate only. The exported_file is the shared machine definition-index evidence, not a visual or renderer asset export. It is not an authoritative original-runtime baseline and establishes no runtime reachability, placement, asset usage, visual appearance, renderer suitability, human or owner acceptance, strict completion, or publication."
swf-definition-03305,456,,structural-button-definition-candidate,source-assets/flash/HELP MATH_ORIGINAL FILES/HELP_COURSES/ELMGR5/L4/TS/L4TS07.swf,,migrations/course-g05-l04-ts-007/audit/machine/g5-l4-pre-runtime-swf-definition-inventory.csv,955f2a8c83ce121d9a3979463c51f6c3d893b2b79cb7bfa250fe591d515a02e7,CSV definition-index record for DefineButton2,,,"projection only; no asset bytes exported, transformed, redrawn, or generated",machine-extracted-structural-candidate,owner-provided SWF,"container=root; definitionDepth=0; tagOrdinal=3305; payloadBytes=176; rawTagPayloadSha256=0f2c12b229fde9c0d329b57d31af29864ded53b508bbd35464d6cf32c7918e54; exactTagIdentitySha256=fc2d7c79fd37419cde85b144e684154edc931c459e81f78574c9813a34c8ab67; runtime reachability unresolved; placement and bounds unresolved; renderer suitability unresolved; machineDefinitionIndexSha256=955f2a8c83ce121d9a3979463c51f6c3d893b2b79cb7bfa250fe591d515a02e7; Structural/static source-derived candidate only. The exported_file is the shared machine definition-index evidence, not a visual or renderer asset export. It is not an authoritative original-runtime baseline and establishes no runtime reachability, placement, asset usage, visual appearance, renderer suitability, human or owner acceptance, strict completion, or publication."
swf-definition-03306,457,,structural-button-definition-candidate,source-assets/flash/HELP MATH_ORIGINAL FILES/HELP_COURSES/ELMGR5/L4/TS/L4TS07.swf,,migrations/course-g05-l04-ts-007/audit/machine/g5-l4-pre-runtime-swf-definition-inventory.csv,955f2a8c83ce121d9a3979463c51f6c3d893b2b79cb7bfa250fe591d515a02e7,CSV definition-index record for DefineButton2,,,"projection only; no asset bytes exported, transformed, redrawn, or generated",machine-extracted-structural-candidate,owner-provided SWF,"container=root; definitionDepth=0; tagOrdinal=3306; payloadBytes=166; rawTagPayloadSha256=7c286455e95354b21ceabe43d3fe626b80c7211cf9ad0d92ed02d0b35faf9d0d; exactTagIdentitySha256=29039345b3516ecff3ff7663caba94f0a7c8d3b43f5f31ddd2034499343603e9; runtime reachability unresolved; placement and bounds unresolved; renderer suitability unresolved; machineDefinitionIndexSha256=955f2a8c83ce121d9a3979463c51f6c3d893b2b79cb7bfa250fe591d515a02e7; Structural/static source-derived candidate only. The exported_file is the shared machine definition-index evidence, not a visual or renderer asset export. It is not an authoritative original-runtime baseline and establishes no runtime reachability, placement, asset usage, visual appearance, renderer suitability, human or owner acceptance, strict completion, or publication."
swf-definition-03307,458,,structural-button-definition-candidate,source-assets/flash/HELP MATH_ORIGINAL FILES/HELP_COURSES/ELMGR5/L4/TS/L4TS07.swf,,migrations/course-g05-l04-ts-007/audit/machine/g5-l4-pre-runtime-swf-definition-inventory.csv,955f2a8c83ce121d9a3979463c51f6c3d893b2b79cb7bfa250fe591d515a02e7,CSV definition-index record for DefineButton2,,,"projection only; no asset bytes exported, transformed, redrawn, or generated",machine-extracted-structural-candidate,owner-provided SWF,"container=root; definitionDepth=0; tagOrdinal=3307; payloadBytes=173; rawTagPayloadSha256=70ba510138a70859d457716f9346637e257c7487e48b257b4d001f36e70cf1cc; exactTagIdentitySha256=c198e88f3ecbbf5559f53e3a5447c27d9d95c4ca2bf0ab9cb2429fb253181dd4; runtime reachability unresolved; placement and bounds unresolved; renderer suitability unresolved; machineDefinitionIndexSha256=955f2a8c83ce121d9a3979463c51f6c3d893b2b79cb7bfa250fe591d515a02e7; Structural/static source-derived candidate only. The exported_file is the shared machine definition-index evidence, not a visual or renderer asset export. It is not an authoritative original-runtime baseline and establishes no runtime reachability, placement, asset usage, visual appearance, renderer suitability, human or owner acceptance, strict completion, or publication."
swf-definition-03308,459,,structural-button-definition-candidate,source-assets/flash/HELP MATH_ORIGINAL FILES/HELP_COURSES/ELMGR5/L4/TS/L4TS07.swf,,migrations/course-g05-l04-ts-007/audit/machine/g5-l4-pre-runtime-swf-definition-inventory.csv,955f2a8c83ce121d9a3979463c51f6c3d893b2b79cb7bfa250fe591d515a02e7,CSV definition-index record for DefineButton2,,,"projection only; no asset bytes exported, transformed, redrawn, or generated",machine-extracted-structural-candidate,owner-provided SWF,"container=root; definitionDepth=0; tagOrdinal=3308; payloadBytes=169; rawTagPayloadSha256=8fe1ff16d4483d2ce1a502fc53b45a4ad158c280d99e19175cd18a0547cb6985; exactTagIdentitySha256=1e59d67e58d906d9e6d607339126b3cc4c52b073e0190b90aaf1ae7424453573; runtime reachability unresolved; placement and bounds unresolved; renderer suitability unresolved; machineDefinitionIndexSha256=955f2a8c83ce121d9a3979463c51f6c3d893b2b79cb7bfa250fe591d515a02e7; Structural/static source-derived candidate only. The exported_file is the shared machine definition-index evidence, not a visual or renderer asset export. It is not an authoritative original-runtime baseline and establishes no runtime reachability, placement, asset usage, visual appearance, renderer suitability, human or owner acceptance, strict completion, or publication."
swf-definition-03309,460,,structural-sprite-definition-candidate,source-assets/flash/HELP MATH_ORIGINAL FILES/HELP_COURSES/ELMGR5/L4/TS/L4TS07.swf,,migrations/course-g05-l04-ts-007/audit/machine/g5-l4-pre-runtime-swf-definition-inventory.csv,955f2a8c83ce121d9a3979463c51f6c3d893b2b79cb7bfa250fe591d515a02e7,CSV definition-index record for DefineSprite,,,"projection only; no asset bytes exported, transformed, redrawn, or generated",machine-extracted-structural-candidate,owner-provided SWF,"container=root; definitionDepth=0; tagOrdinal=3309; payloadBytes=582; rawTagPayloadSha256=e4ee6508ad83e4e6a1e8ff3f49a284d68c9795347eba8ace618528cf3f0cd190; exactTagIdentitySha256=cb0f2ea51dd9c3a601a54540f0cab9517f09b2225d0d11bf813e3cf161d64ff4; declaredFrameCount=70; runtime reachability unresolved; placement and bounds unresolved; renderer suitability unresolved; machineDefinitionIndexSha256=955f2a8c83ce121d9a3979463c51f6c3d893b2b79cb7bfa250fe591d515a02e7; Structural/static source-derived candidate only. The exported_file is the shared machine definition-index evidence, not a visual or renderer asset export. It is not an authoritative original-runtime baseline and establishes no runtime reachability, placement, asset usage, visual appearance, renderer suitability, human or owner acceptance, strict completion, or publication."
swf-definition-03408,461,,structural-shape-definition-candidate,source-assets/flash/HELP MATH_ORIGINAL FILES/HELP_COURSES/ELMGR5/L4/TS/L4TS07.swf,,migrations/course-g05-l04-ts-007/audit/machine/g5-l4-pre-runtime-swf-definition-inventory.csv,955f2a8c83ce121d9a3979463c51f6c3d893b2b79cb7bfa250fe591d515a02e7,CSV definition-index record for DefineShape,,,"projection only; no asset bytes exported, transformed, redrawn, or generated",machine-extracted-structural-candidate,owner-provided SWF,"container=root; definitionDepth=0; tagOrdinal=3408; payloadBytes=25; rawTagPayloadSha256=8ef9a3787c028d8b4850b4d198bee65b2c0c9b491d91487c473d6a80c6bdaaa4; exactTagIdentitySha256=9872067ec5d6989a32ee90daacd5029f2a3c2044a3437e2d2cf5530344f246e8; runtime reachability unresolved; placement and bounds unresolved; renderer suitability unresolved; machineDefinitionIndexSha256=955f2a8c83ce121d9a3979463c51f6c3d893b2b79cb7bfa250fe591d515a02e7; Structural/static source-derived candidate only. The exported_file is the shared machine definition-index evidence, not a visual or renderer asset export. It is not an authoritative original-runtime baseline and establishes no runtime reachability, placement, asset usage, visual appearance, renderer suitability, human or owner acceptance, strict completion, or publication."
swf-definition-03409,462,,structural-sprite-definition-candidate,source-assets/flash/HELP MATH_ORIGINAL FILES/HELP_COURSES/ELMGR5/L4/TS/L4TS07.swf,,migrations/course-g05-l04-ts-007/audit/machine/g5-l4-pre-runtime-swf-definition-inventory.csv,955f2a8c83ce121d9a3979463c51f6c3d893b2b79cb7bfa250fe591d515a02e7,CSV definition-index record for DefineSprite,,,"projection only; no asset bytes exported, transformed, redrawn, or generated",machine-extracted-structural-candidate,owner-provided SWF,"container=root; definitionDepth=0; tagOrdinal=3409; payloadBytes=296335; rawTagPayloadSha256=651efceaf02d63dd53274e77828120ab2af9ec63414a4d04a160b60a8226c981; exactTagIdentitySha256=e4ff79e49c8818e4ed731195cbb87d2fb68c77e5176dc576842307072a30e7f4; declaredFrameCount=684; runtime reachability unresolved; placement and bounds unresolved; renderer suitability unresolved; machineDefinitionIndexSha256=955f2a8c83ce121d9a3979463c51f6c3d893b2b79cb7bfa250fe591d515a02e7; Structural/static source-derived candidate only. The exported_file is the shared machine definition-index evidence, not a visual or renderer asset export. It is not an authoritative original-runtime baseline and establishes no runtime reachability, placement, asset usage, visual appearance, renderer suitability, human or owner acceptance, strict completion, or publication."
swf-definition-05385,463,,structural-text-definition-candidate,source-assets/flash/HELP MATH_ORIGINAL FILES/HELP_COURSES/ELMGR5/L4/TS/L4TS07.swf,,migrations/course-g05-l04-ts-007/audit/machine/g5-l4-pre-runtime-swf-definition-inventory.csv,955f2a8c83ce121d9a3979463c51f6c3d893b2b79cb7bfa250fe591d515a02e7,CSV definition-index record for DefineText,,,"projection only; no asset bytes exported, transformed, redrawn, or generated",machine-extracted-structural-candidate,owner-provided SWF,"container=root; definitionDepth=0; tagOrdinal=5385; payloadBytes=104; rawTagPayloadSha256=6620c337f85a100e7e48322c8db124b44c766f48b6ae9eae94ca19e3dddc197c; exactTagIdentitySha256=6ca3ddc1e2c3db806bc428c50ba90362c2b3eaf2010252fb97e4b3905591fb78; runtime reachability unresolved; placement and bounds unresolved; renderer suitability unresolved; machineDefinitionIndexSha256=955f2a8c83ce121d9a3979463c51f6c3d893b2b79cb7bfa250fe591d515a02e7; Structural/static source-derived candidate only. The exported_file is the shared machine definition-index evidence, not a visual or renderer asset export. It is not an authoritative original-runtime baseline and establishes no runtime reachability, placement, asset usage, visual appearance, renderer suitability, human or owner acceptance, strict completion, or publication."
swf-definition-05387,464,,structural-shape-definition-candidate,source-assets/flash/HELP MATH_ORIGINAL FILES/HELP_COURSES/ELMGR5/L4/TS/L4TS07.swf,,migrations/course-g05-l04-ts-007/audit/machine/g5-l4-pre-runtime-swf-definition-inventory.csv,955f2a8c83ce121d9a3979463c51f6c3d893b2b79cb7bfa250fe591d515a02e7,CSV definition-index record for DefineShape,,,"projection only; no asset bytes exported, transformed, redrawn, or generated",machine-extracted-structural-candidate,owner-provided SWF,"container=root; definitionDepth=0; tagOrdinal=5387; payloadBytes=1493; rawTagPayloadSha256=2916a6361e3168ac051e2d607e144fb11545c9c5b8b30f65b6bb51d68ba67310; exactTagIdentitySha256=41f2c1cab1b953d81e186ceb412b77f3b7d30728fc1e40be333b64155cd7529a; runtime reachability unresolved; placement and bounds unresolved; renderer suitability unresolved; machineDefinitionIndexSha256=955f2a8c83ce121d9a3979463c51f6c3d893b2b79cb7bfa250fe591d515a02e7; Structural/static source-derived candidate only. The exported_file is the shared machine definition-index evidence, not a visual or renderer asset export. It is not an authoritative original-runtime baseline and establishes no runtime reachability, placement, asset usage, visual appearance, renderer suitability, human or owner acceptance, strict completion, or publication."
