frame,requirement_id,frame_domain_id,trace_id,entry_state_sha256,time_ms,scenario,language,kind,expected_state,trigger,baseline_file,baseline_sha256,implementation_file,implementation_sha256,diff_file,diff_sha256,normalized_rmse,timing_result,visual_result,evidence_source,reviewer,notes
1,req-default-root-en,root,default-root-en,bf209e3302a76c14fff3e7e12f6fdc0f9bc01d4934aadd03334b5c3cf61b7cf1,0,default,en,structural-specification-initial,source-root-structural-specification-only; nativeStage=800x600; rootFrame=1/50; structuralReasons=initial-one-indexed-frame|root-named-placement|structural-action:DoInitAction; runtimeReachability=unresolved,source-static-root-frame-selection-only; no runtime trigger or causality claimed; strictAcceptanceEffect=none,,,,,,,,,,audit/scenario-inventory.json@sha256:28dd4e2151eb2441797fa22a9a552f078800a7642a5d254716dacf325c56d7d2; baseline/ffdec-root-frames.json@sha256:bffd06fb7a2b0b18374798204aa932e580cc4bac6636bd2cd49341e2bf52fe0c; evidence/full-frame-coverage.json@sha256:d5bf88e0503553c16bf0a08ed570095a3bf2c940e7c709f31a6a082216fe3df4; migrations/shell-course-g04-l10-index-local/audit/trace-specs/lesson-releases/lesson-g04-l10-perimeter-area/req-default-root-en.json@sha256:328f370798b3e3dacff41af9d01bf0c7e9c6a7f3c945262a1d28238c6cbff179; migrations/lesson-release-trace-spec-indexes/lesson-g04-l10-perimeter-area.json@sha256:d2f846831fa9a5c7c3a7e9cb0276a8b3671fbf6c26d17067bf4610c132e8687f; audit/frame-domain-disposition.json@sha256:1dc69e29b1e2fe30c3594ba4c08c3f55ee96deaa5071051fb10a0c7e8e9f77a9,,"Source-evidenced root structural specification only. Runtime reachability and natural playback remain unresolved. EN and ES rows bind separate exact coverage identities; no language visual difference or bilingual acceptance is asserted. Audio cue content, timing, host synchronization, and Replay behavior remain unresolved. Nested keyframes are not invented. Baseline, implementation, diff, RMSE, timing, visual-result, and reviewer fields are intentionally blank. Fidelity, human review, owner acceptance, strict completion, and publication remain unresolved. strictAcceptanceEffect=none."
1,req-default-root-es,root,default-root-es,4e4bcf0390c6fd9bb1539b0c26a8555d9e4034ef5c591548bdb1f9a506f70067,0,default,es,structural-specification-initial,source-root-structural-specification-only; nativeStage=800x600; rootFrame=1/50; structuralReasons=initial-one-indexed-frame|root-named-placement|structural-action:DoInitAction; runtimeReachability=unresolved,source-static-root-frame-selection-only; no runtime trigger or causality claimed; strictAcceptanceEffect=none,,,,,,,,,,audit/scenario-inventory.json@sha256:28dd4e2151eb2441797fa22a9a552f078800a7642a5d254716dacf325c56d7d2; baseline/ffdec-root-frames.json@sha256:bffd06fb7a2b0b18374798204aa932e580cc4bac6636bd2cd49341e2bf52fe0c; evidence/full-frame-coverage.json@sha256:d5bf88e0503553c16bf0a08ed570095a3bf2c940e7c709f31a6a082216fe3df4; migrations/shell-course-g04-l10-index-local/audit/trace-specs/lesson-releases/lesson-g04-l10-perimeter-area/req-default-root-es.json@sha256:a0a6dbfe5a8271e312792c1cc2b30a5ad08a0044e59aa44c831660f730759592; migrations/lesson-release-trace-spec-indexes/lesson-g04-l10-perimeter-area.json@sha256:d2f846831fa9a5c7c3a7e9cb0276a8b3671fbf6c26d17067bf4610c132e8687f; audit/frame-domain-disposition.json@sha256:1dc69e29b1e2fe30c3594ba4c08c3f55ee96deaa5071051fb10a0c7e8e9f77a9,,"Source-evidenced root structural specification only. Runtime reachability and natural playback remain unresolved. EN and ES rows bind separate exact coverage identities; no language visual difference or bilingual acceptance is asserted. Audio cue content, timing, host synchronization, and Replay behavior remain unresolved. Nested keyframes are not invented. Baseline, implementation, diff, RMSE, timing, visual-result, and reviewer fields are intentionally blank. Fidelity, human review, owner acceptance, strict completion, and publication remain unresolved. strictAcceptanceEffect=none."
2,req-default-root-en,root,default-root-en,bf209e3302a76c14fff3e7e12f6fdc0f9bc01d4934aadd03334b5c3cf61b7cf1,83.333333,default,en,structural-specification-transition,source-root-structural-specification-only; nativeStage=800x600; rootFrame=2/50; structuralReasons=exported-action-script|static-root-render-hash-transition|structural-action:DoAction; runtimeReachability=unresolved,source-static-root-frame-selection-only; no runtime trigger or causality claimed; strictAcceptanceEffect=none,,,,,,,,,,audit/scenario-inventory.json@sha256:28dd4e2151eb2441797fa22a9a552f078800a7642a5d254716dacf325c56d7d2; baseline/ffdec-root-frames.json@sha256:bffd06fb7a2b0b18374798204aa932e580cc4bac6636bd2cd49341e2bf52fe0c; evidence/full-frame-coverage.json@sha256:d5bf88e0503553c16bf0a08ed570095a3bf2c940e7c709f31a6a082216fe3df4; migrations/shell-course-g04-l10-index-local/audit/trace-specs/lesson-releases/lesson-g04-l10-perimeter-area/req-default-root-en.json@sha256:328f370798b3e3dacff41af9d01bf0c7e9c6a7f3c945262a1d28238c6cbff179; migrations/lesson-release-trace-spec-indexes/lesson-g04-l10-perimeter-area.json@sha256:d2f846831fa9a5c7c3a7e9cb0276a8b3671fbf6c26d17067bf4610c132e8687f; audit/frame-domain-disposition.json@sha256:1dc69e29b1e2fe30c3594ba4c08c3f55ee96deaa5071051fb10a0c7e8e9f77a9,,"Source-evidenced root structural specification only. Runtime reachability and natural playback remain unresolved. EN and ES rows bind separate exact coverage identities; no language visual difference or bilingual acceptance is asserted. Audio cue content, timing, host synchronization, and Replay behavior remain unresolved. Nested keyframes are not invented. Baseline, implementation, diff, RMSE, timing, visual-result, and reviewer fields are intentionally blank. Fidelity, human review, owner acceptance, strict completion, and publication remain unresolved. strictAcceptanceEffect=none."
2,req-default-root-es,root,default-root-es,4e4bcf0390c6fd9bb1539b0c26a8555d9e4034ef5c591548bdb1f9a506f70067,83.333333,default,es,structural-specification-transition,source-root-structural-specification-only; nativeStage=800x600; rootFrame=2/50; structuralReasons=exported-action-script|static-root-render-hash-transition|structural-action:DoAction; runtimeReachability=unresolved,source-static-root-frame-selection-only; no runtime trigger or causality claimed; strictAcceptanceEffect=none,,,,,,,,,,audit/scenario-inventory.json@sha256:28dd4e2151eb2441797fa22a9a552f078800a7642a5d254716dacf325c56d7d2; baseline/ffdec-root-frames.json@sha256:bffd06fb7a2b0b18374798204aa932e580cc4bac6636bd2cd49341e2bf52fe0c; evidence/full-frame-coverage.json@sha256:d5bf88e0503553c16bf0a08ed570095a3bf2c940e7c709f31a6a082216fe3df4; migrations/shell-course-g04-l10-index-local/audit/trace-specs/lesson-releases/lesson-g04-l10-perimeter-area/req-default-root-es.json@sha256:a0a6dbfe5a8271e312792c1cc2b30a5ad08a0044e59aa44c831660f730759592; migrations/lesson-release-trace-spec-indexes/lesson-g04-l10-perimeter-area.json@sha256:d2f846831fa9a5c7c3a7e9cb0276a8b3671fbf6c26d17067bf4610c132e8687f; audit/frame-domain-disposition.json@sha256:1dc69e29b1e2fe30c3594ba4c08c3f55ee96deaa5071051fb10a0c7e8e9f77a9,,"Source-evidenced root structural specification only. Runtime reachability and natural playback remain unresolved. EN and ES rows bind separate exact coverage identities; no language visual difference or bilingual acceptance is asserted. Audio cue content, timing, host synchronization, and Replay behavior remain unresolved. Nested keyframes are not invented. Baseline, implementation, diff, RMSE, timing, visual-result, and reviewer fields are intentionally blank. Fidelity, human review, owner acceptance, strict completion, and publication remain unresolved. strictAcceptanceEffect=none."
3,req-default-root-en,root,default-root-en,bf209e3302a76c14fff3e7e12f6fdc0f9bc01d4934aadd03334b5c3cf61b7cf1,166.666667,default,en,structural-specification-transition,source-root-structural-specification-only; nativeStage=800x600; rootFrame=3/50; structuralReasons=static-root-render-hash-transition; runtimeReachability=unresolved,source-static-root-frame-selection-only; no runtime trigger or causality claimed; strictAcceptanceEffect=none,,,,,,,,,,audit/scenario-inventory.json@sha256:28dd4e2151eb2441797fa22a9a552f078800a7642a5d254716dacf325c56d7d2; baseline/ffdec-root-frames.json@sha256:bffd06fb7a2b0b18374798204aa932e580cc4bac6636bd2cd49341e2bf52fe0c; evidence/full-frame-coverage.json@sha256:d5bf88e0503553c16bf0a08ed570095a3bf2c940e7c709f31a6a082216fe3df4; migrations/shell-course-g04-l10-index-local/audit/trace-specs/lesson-releases/lesson-g04-l10-perimeter-area/req-default-root-en.json@sha256:328f370798b3e3dacff41af9d01bf0c7e9c6a7f3c945262a1d28238c6cbff179; migrations/lesson-release-trace-spec-indexes/lesson-g04-l10-perimeter-area.json@sha256:d2f846831fa9a5c7c3a7e9cb0276a8b3671fbf6c26d17067bf4610c132e8687f; audit/frame-domain-disposition.json@sha256:1dc69e29b1e2fe30c3594ba4c08c3f55ee96deaa5071051fb10a0c7e8e9f77a9,,"Source-evidenced root structural specification only. Runtime reachability and natural playback remain unresolved. EN and ES rows bind separate exact coverage identities; no language visual difference or bilingual acceptance is asserted. Audio cue content, timing, host synchronization, and Replay behavior remain unresolved. Nested keyframes are not invented. Baseline, implementation, diff, RMSE, timing, visual-result, and reviewer fields are intentionally blank. Fidelity, human review, owner acceptance, strict completion, and publication remain unresolved. strictAcceptanceEffect=none."
3,req-default-root-es,root,default-root-es,4e4bcf0390c6fd9bb1539b0c26a8555d9e4034ef5c591548bdb1f9a506f70067,166.666667,default,es,structural-specification-transition,source-root-structural-specification-only; nativeStage=800x600; rootFrame=3/50; structuralReasons=static-root-render-hash-transition; runtimeReachability=unresolved,source-static-root-frame-selection-only; no runtime trigger or causality claimed; strictAcceptanceEffect=none,,,,,,,,,,audit/scenario-inventory.json@sha256:28dd4e2151eb2441797fa22a9a552f078800a7642a5d254716dacf325c56d7d2; baseline/ffdec-root-frames.json@sha256:bffd06fb7a2b0b18374798204aa932e580cc4bac6636bd2cd49341e2bf52fe0c; evidence/full-frame-coverage.json@sha256:d5bf88e0503553c16bf0a08ed570095a3bf2c940e7c709f31a6a082216fe3df4; migrations/shell-course-g04-l10-index-local/audit/trace-specs/lesson-releases/lesson-g04-l10-perimeter-area/req-default-root-es.json@sha256:a0a6dbfe5a8271e312792c1cc2b30a5ad08a0044e59aa44c831660f730759592; migrations/lesson-release-trace-spec-indexes/lesson-g04-l10-perimeter-area.json@sha256:d2f846831fa9a5c7c3a7e9cb0276a8b3671fbf6c26d17067bf4610c132e8687f; audit/frame-domain-disposition.json@sha256:1dc69e29b1e2fe30c3594ba4c08c3f55ee96deaa5071051fb10a0c7e8e9f77a9,,"Source-evidenced root structural specification only. Runtime reachability and natural playback remain unresolved. EN and ES rows bind separate exact coverage identities; no language visual difference or bilingual acceptance is asserted. Audio cue content, timing, host synchronization, and Replay behavior remain unresolved. Nested keyframes are not invented. Baseline, implementation, diff, RMSE, timing, visual-result, and reviewer fields are intentionally blank. Fidelity, human review, owner acceptance, strict completion, and publication remain unresolved. strictAcceptanceEffect=none."
4,req-default-root-en,root,default-root-en,bf209e3302a76c14fff3e7e12f6fdc0f9bc01d4934aadd03334b5c3cf61b7cf1,250,default,en,structural-specification-transition,source-root-structural-specification-only; nativeStage=800x600; rootFrame=4/50; structuralReasons=static-root-render-hash-transition; runtimeReachability=unresolved,source-static-root-frame-selection-only; no runtime trigger or causality claimed; strictAcceptanceEffect=none,,,,,,,,,,audit/scenario-inventory.json@sha256:28dd4e2151eb2441797fa22a9a552f078800a7642a5d254716dacf325c56d7d2; baseline/ffdec-root-frames.json@sha256:bffd06fb7a2b0b18374798204aa932e580cc4bac6636bd2cd49341e2bf52fe0c; evidence/full-frame-coverage.json@sha256:d5bf88e0503553c16bf0a08ed570095a3bf2c940e7c709f31a6a082216fe3df4; migrations/shell-course-g04-l10-index-local/audit/trace-specs/lesson-releases/lesson-g04-l10-perimeter-area/req-default-root-en.json@sha256:328f370798b3e3dacff41af9d01bf0c7e9c6a7f3c945262a1d28238c6cbff179; migrations/lesson-release-trace-spec-indexes/lesson-g04-l10-perimeter-area.json@sha256:d2f846831fa9a5c7c3a7e9cb0276a8b3671fbf6c26d17067bf4610c132e8687f; audit/frame-domain-disposition.json@sha256:1dc69e29b1e2fe30c3594ba4c08c3f55ee96deaa5071051fb10a0c7e8e9f77a9,,"Source-evidenced root structural specification only. Runtime reachability and natural playback remain unresolved. EN and ES rows bind separate exact coverage identities; no language visual difference or bilingual acceptance is asserted. Audio cue content, timing, host synchronization, and Replay behavior remain unresolved. Nested keyframes are not invented. Baseline, implementation, diff, RMSE, timing, visual-result, and reviewer fields are intentionally blank. Fidelity, human review, owner acceptance, strict completion, and publication remain unresolved. strictAcceptanceEffect=none."
4,req-default-root-es,root,default-root-es,4e4bcf0390c6fd9bb1539b0c26a8555d9e4034ef5c591548bdb1f9a506f70067,250,default,es,structural-specification-transition,source-root-structural-specification-only; nativeStage=800x600; rootFrame=4/50; structuralReasons=static-root-render-hash-transition; runtimeReachability=unresolved,source-static-root-frame-selection-only; no runtime trigger or causality claimed; strictAcceptanceEffect=none,,,,,,,,,,audit/scenario-inventory.json@sha256:28dd4e2151eb2441797fa22a9a552f078800a7642a5d254716dacf325c56d7d2; baseline/ffdec-root-frames.json@sha256:bffd06fb7a2b0b18374798204aa932e580cc4bac6636bd2cd49341e2bf52fe0c; evidence/full-frame-coverage.json@sha256:d5bf88e0503553c16bf0a08ed570095a3bf2c940e7c709f31a6a082216fe3df4; migrations/shell-course-g04-l10-index-local/audit/trace-specs/lesson-releases/lesson-g04-l10-perimeter-area/req-default-root-es.json@sha256:a0a6dbfe5a8271e312792c1cc2b30a5ad08a0044e59aa44c831660f730759592; migrations/lesson-release-trace-spec-indexes/lesson-g04-l10-perimeter-area.json@sha256:d2f846831fa9a5c7c3a7e9cb0276a8b3671fbf6c26d17067bf4610c132e8687f; audit/frame-domain-disposition.json@sha256:1dc69e29b1e2fe30c3594ba4c08c3f55ee96deaa5071051fb10a0c7e8e9f77a9,,"Source-evidenced root structural specification only. Runtime reachability and natural playback remain unresolved. EN and ES rows bind separate exact coverage identities; no language visual difference or bilingual acceptance is asserted. Audio cue content, timing, host synchronization, and Replay behavior remain unresolved. Nested keyframes are not invented. Baseline, implementation, diff, RMSE, timing, visual-result, and reviewer fields are intentionally blank. Fidelity, human review, owner acceptance, strict completion, and publication remain unresolved. strictAcceptanceEffect=none."
5,req-default-root-en,root,default-root-en,bf209e3302a76c14fff3e7e12f6fdc0f9bc01d4934aadd03334b5c3cf61b7cf1,333.333333,default,en,structural-specification-transition,source-root-structural-specification-only; nativeStage=800x600; rootFrame=5/50; structuralReasons=static-root-render-hash-transition; runtimeReachability=unresolved,source-static-root-frame-selection-only; no runtime trigger or causality claimed; strictAcceptanceEffect=none,,,,,,,,,,audit/scenario-inventory.json@sha256:28dd4e2151eb2441797fa22a9a552f078800a7642a5d254716dacf325c56d7d2; baseline/ffdec-root-frames.json@sha256:bffd06fb7a2b0b18374798204aa932e580cc4bac6636bd2cd49341e2bf52fe0c; evidence/full-frame-coverage.json@sha256:d5bf88e0503553c16bf0a08ed570095a3bf2c940e7c709f31a6a082216fe3df4; migrations/shell-course-g04-l10-index-local/audit/trace-specs/lesson-releases/lesson-g04-l10-perimeter-area/req-default-root-en.json@sha256:328f370798b3e3dacff41af9d01bf0c7e9c6a7f3c945262a1d28238c6cbff179; migrations/lesson-release-trace-spec-indexes/lesson-g04-l10-perimeter-area.json@sha256:d2f846831fa9a5c7c3a7e9cb0276a8b3671fbf6c26d17067bf4610c132e8687f; audit/frame-domain-disposition.json@sha256:1dc69e29b1e2fe30c3594ba4c08c3f55ee96deaa5071051fb10a0c7e8e9f77a9,,"Source-evidenced root structural specification only. Runtime reachability and natural playback remain unresolved. EN and ES rows bind separate exact coverage identities; no language visual difference or bilingual acceptance is asserted. Audio cue content, timing, host synchronization, and Replay behavior remain unresolved. Nested keyframes are not invented. Baseline, implementation, diff, RMSE, timing, visual-result, and reviewer fields are intentionally blank. Fidelity, human review, owner acceptance, strict completion, and publication remain unresolved. strictAcceptanceEffect=none."
5,req-default-root-es,root,default-root-es,4e4bcf0390c6fd9bb1539b0c26a8555d9e4034ef5c591548bdb1f9a506f70067,333.333333,default,es,structural-specification-transition,source-root-structural-specification-only; nativeStage=800x600; rootFrame=5/50; structuralReasons=static-root-render-hash-transition; runtimeReachability=unresolved,source-static-root-frame-selection-only; no runtime trigger or causality claimed; strictAcceptanceEffect=none,,,,,,,,,,audit/scenario-inventory.json@sha256:28dd4e2151eb2441797fa22a9a552f078800a7642a5d254716dacf325c56d7d2; baseline/ffdec-root-frames.json@sha256:bffd06fb7a2b0b18374798204aa932e580cc4bac6636bd2cd49341e2bf52fe0c; evidence/full-frame-coverage.json@sha256:d5bf88e0503553c16bf0a08ed570095a3bf2c940e7c709f31a6a082216fe3df4; migrations/shell-course-g04-l10-index-local/audit/trace-specs/lesson-releases/lesson-g04-l10-perimeter-area/req-default-root-es.json@sha256:a0a6dbfe5a8271e312792c1cc2b30a5ad08a0044e59aa44c831660f730759592; migrations/lesson-release-trace-spec-indexes/lesson-g04-l10-perimeter-area.json@sha256:d2f846831fa9a5c7c3a7e9cb0276a8b3671fbf6c26d17067bf4610c132e8687f; audit/frame-domain-disposition.json@sha256:1dc69e29b1e2fe30c3594ba4c08c3f55ee96deaa5071051fb10a0c7e8e9f77a9,,"Source-evidenced root structural specification only. Runtime reachability and natural playback remain unresolved. EN and ES rows bind separate exact coverage identities; no language visual difference or bilingual acceptance is asserted. Audio cue content, timing, host synchronization, and Replay behavior remain unresolved. Nested keyframes are not invented. Baseline, implementation, diff, RMSE, timing, visual-result, and reviewer fields are intentionally blank. Fidelity, human review, owner acceptance, strict completion, and publication remain unresolved. strictAcceptanceEffect=none."
6,req-default-root-en,root,default-root-en,bf209e3302a76c14fff3e7e12f6fdc0f9bc01d4934aadd03334b5c3cf61b7cf1,416.666667,default,en,structural-specification-transition,source-root-structural-specification-only; nativeStage=800x600; rootFrame=6/50; structuralReasons=static-root-render-hash-transition; runtimeReachability=unresolved,source-static-root-frame-selection-only; no runtime trigger or causality claimed; strictAcceptanceEffect=none,,,,,,,,,,audit/scenario-inventory.json@sha256:28dd4e2151eb2441797fa22a9a552f078800a7642a5d254716dacf325c56d7d2; baseline/ffdec-root-frames.json@sha256:bffd06fb7a2b0b18374798204aa932e580cc4bac6636bd2cd49341e2bf52fe0c; evidence/full-frame-coverage.json@sha256:d5bf88e0503553c16bf0a08ed570095a3bf2c940e7c709f31a6a082216fe3df4; migrations/shell-course-g04-l10-index-local/audit/trace-specs/lesson-releases/lesson-g04-l10-perimeter-area/req-default-root-en.json@sha256:328f370798b3e3dacff41af9d01bf0c7e9c6a7f3c945262a1d28238c6cbff179; migrations/lesson-release-trace-spec-indexes/lesson-g04-l10-perimeter-area.json@sha256:d2f846831fa9a5c7c3a7e9cb0276a8b3671fbf6c26d17067bf4610c132e8687f; audit/frame-domain-disposition.json@sha256:1dc69e29b1e2fe30c3594ba4c08c3f55ee96deaa5071051fb10a0c7e8e9f77a9,,"Source-evidenced root structural specification only. Runtime reachability and natural playback remain unresolved. EN and ES rows bind separate exact coverage identities; no language visual difference or bilingual acceptance is asserted. Audio cue content, timing, host synchronization, and Replay behavior remain unresolved. Nested keyframes are not invented. Baseline, implementation, diff, RMSE, timing, visual-result, and reviewer fields are intentionally blank. Fidelity, human review, owner acceptance, strict completion, and publication remain unresolved. strictAcceptanceEffect=none."
6,req-default-root-es,root,default-root-es,4e4bcf0390c6fd9bb1539b0c26a8555d9e4034ef5c591548bdb1f9a506f70067,416.666667,default,es,structural-specification-transition,source-root-structural-specification-only; nativeStage=800x600; rootFrame=6/50; structuralReasons=static-root-render-hash-transition; runtimeReachability=unresolved,source-static-root-frame-selection-only; no runtime trigger or causality claimed; strictAcceptanceEffect=none,,,,,,,,,,audit/scenario-inventory.json@sha256:28dd4e2151eb2441797fa22a9a552f078800a7642a5d254716dacf325c56d7d2; baseline/ffdec-root-frames.json@sha256:bffd06fb7a2b0b18374798204aa932e580cc4bac6636bd2cd49341e2bf52fe0c; evidence/full-frame-coverage.json@sha256:d5bf88e0503553c16bf0a08ed570095a3bf2c940e7c709f31a6a082216fe3df4; migrations/shell-course-g04-l10-index-local/audit/trace-specs/lesson-releases/lesson-g04-l10-perimeter-area/req-default-root-es.json@sha256:a0a6dbfe5a8271e312792c1cc2b30a5ad08a0044e59aa44c831660f730759592; migrations/lesson-release-trace-spec-indexes/lesson-g04-l10-perimeter-area.json@sha256:d2f846831fa9a5c7c3a7e9cb0276a8b3671fbf6c26d17067bf4610c132e8687f; audit/frame-domain-disposition.json@sha256:1dc69e29b1e2fe30c3594ba4c08c3f55ee96deaa5071051fb10a0c7e8e9f77a9,,"Source-evidenced root structural specification only. Runtime reachability and natural playback remain unresolved. EN and ES rows bind separate exact coverage identities; no language visual difference or bilingual acceptance is asserted. Audio cue content, timing, host synchronization, and Replay behavior remain unresolved. Nested keyframes are not invented. Baseline, implementation, diff, RMSE, timing, visual-result, and reviewer fields are intentionally blank. Fidelity, human review, owner acceptance, strict completion, and publication remain unresolved. strictAcceptanceEffect=none."
7,req-default-root-en,root,default-root-en,bf209e3302a76c14fff3e7e12f6fdc0f9bc01d4934aadd03334b5c3cf61b7cf1,500,default,en,structural-specification-transition,source-root-structural-specification-only; nativeStage=800x600; rootFrame=7/50; structuralReasons=static-root-render-hash-transition; runtimeReachability=unresolved,source-static-root-frame-selection-only; no runtime trigger or causality claimed; strictAcceptanceEffect=none,,,,,,,,,,audit/scenario-inventory.json@sha256:28dd4e2151eb2441797fa22a9a552f078800a7642a5d254716dacf325c56d7d2; baseline/ffdec-root-frames.json@sha256:bffd06fb7a2b0b18374798204aa932e580cc4bac6636bd2cd49341e2bf52fe0c; evidence/full-frame-coverage.json@sha256:d5bf88e0503553c16bf0a08ed570095a3bf2c940e7c709f31a6a082216fe3df4; migrations/shell-course-g04-l10-index-local/audit/trace-specs/lesson-releases/lesson-g04-l10-perimeter-area/req-default-root-en.json@sha256:328f370798b3e3dacff41af9d01bf0c7e9c6a7f3c945262a1d28238c6cbff179; migrations/lesson-release-trace-spec-indexes/lesson-g04-l10-perimeter-area.json@sha256:d2f846831fa9a5c7c3a7e9cb0276a8b3671fbf6c26d17067bf4610c132e8687f; audit/frame-domain-disposition.json@sha256:1dc69e29b1e2fe30c3594ba4c08c3f55ee96deaa5071051fb10a0c7e8e9f77a9,,"Source-evidenced root structural specification only. Runtime reachability and natural playback remain unresolved. EN and ES rows bind separate exact coverage identities; no language visual difference or bilingual acceptance is asserted. Audio cue content, timing, host synchronization, and Replay behavior remain unresolved. Nested keyframes are not invented. Baseline, implementation, diff, RMSE, timing, visual-result, and reviewer fields are intentionally blank. Fidelity, human review, owner acceptance, strict completion, and publication remain unresolved. strictAcceptanceEffect=none."
7,req-default-root-es,root,default-root-es,4e4bcf0390c6fd9bb1539b0c26a8555d9e4034ef5c591548bdb1f9a506f70067,500,default,es,structural-specification-transition,source-root-structural-specification-only; nativeStage=800x600; rootFrame=7/50; structuralReasons=static-root-render-hash-transition; runtimeReachability=unresolved,source-static-root-frame-selection-only; no runtime trigger or causality claimed; strictAcceptanceEffect=none,,,,,,,,,,audit/scenario-inventory.json@sha256:28dd4e2151eb2441797fa22a9a552f078800a7642a5d254716dacf325c56d7d2; baseline/ffdec-root-frames.json@sha256:bffd06fb7a2b0b18374798204aa932e580cc4bac6636bd2cd49341e2bf52fe0c; evidence/full-frame-coverage.json@sha256:d5bf88e0503553c16bf0a08ed570095a3bf2c940e7c709f31a6a082216fe3df4; migrations/shell-course-g04-l10-index-local/audit/trace-specs/lesson-releases/lesson-g04-l10-perimeter-area/req-default-root-es.json@sha256:a0a6dbfe5a8271e312792c1cc2b30a5ad08a0044e59aa44c831660f730759592; migrations/lesson-release-trace-spec-indexes/lesson-g04-l10-perimeter-area.json@sha256:d2f846831fa9a5c7c3a7e9cb0276a8b3671fbf6c26d17067bf4610c132e8687f; audit/frame-domain-disposition.json@sha256:1dc69e29b1e2fe30c3594ba4c08c3f55ee96deaa5071051fb10a0c7e8e9f77a9,,"Source-evidenced root structural specification only. Runtime reachability and natural playback remain unresolved. EN and ES rows bind separate exact coverage identities; no language visual difference or bilingual acceptance is asserted. Audio cue content, timing, host synchronization, and Replay behavior remain unresolved. Nested keyframes are not invented. Baseline, implementation, diff, RMSE, timing, visual-result, and reviewer fields are intentionally blank. Fidelity, human review, owner acceptance, strict completion, and publication remain unresolved. strictAcceptanceEffect=none."
8,req-default-root-en,root,default-root-en,bf209e3302a76c14fff3e7e12f6fdc0f9bc01d4934aadd03334b5c3cf61b7cf1,583.333333,default,en,structural-specification-transition,source-root-structural-specification-only; nativeStage=800x600; rootFrame=8/50; structuralReasons=static-root-render-hash-transition; runtimeReachability=unresolved,source-static-root-frame-selection-only; no runtime trigger or causality claimed; strictAcceptanceEffect=none,,,,,,,,,,audit/scenario-inventory.json@sha256:28dd4e2151eb2441797fa22a9a552f078800a7642a5d254716dacf325c56d7d2; baseline/ffdec-root-frames.json@sha256:bffd06fb7a2b0b18374798204aa932e580cc4bac6636bd2cd49341e2bf52fe0c; evidence/full-frame-coverage.json@sha256:d5bf88e0503553c16bf0a08ed570095a3bf2c940e7c709f31a6a082216fe3df4; migrations/shell-course-g04-l10-index-local/audit/trace-specs/lesson-releases/lesson-g04-l10-perimeter-area/req-default-root-en.json@sha256:328f370798b3e3dacff41af9d01bf0c7e9c6a7f3c945262a1d28238c6cbff179; migrations/lesson-release-trace-spec-indexes/lesson-g04-l10-perimeter-area.json@sha256:d2f846831fa9a5c7c3a7e9cb0276a8b3671fbf6c26d17067bf4610c132e8687f; audit/frame-domain-disposition.json@sha256:1dc69e29b1e2fe30c3594ba4c08c3f55ee96deaa5071051fb10a0c7e8e9f77a9,,"Source-evidenced root structural specification only. Runtime reachability and natural playback remain unresolved. EN and ES rows bind separate exact coverage identities; no language visual difference or bilingual acceptance is asserted. Audio cue content, timing, host synchronization, and Replay behavior remain unresolved. Nested keyframes are not invented. Baseline, implementation, diff, RMSE, timing, visual-result, and reviewer fields are intentionally blank. Fidelity, human review, owner acceptance, strict completion, and publication remain unresolved. strictAcceptanceEffect=none."
8,req-default-root-es,root,default-root-es,4e4bcf0390c6fd9bb1539b0c26a8555d9e4034ef5c591548bdb1f9a506f70067,583.333333,default,es,structural-specification-transition,source-root-structural-specification-only; nativeStage=800x600; rootFrame=8/50; structuralReasons=static-root-render-hash-transition; runtimeReachability=unresolved,source-static-root-frame-selection-only; no runtime trigger or causality claimed; strictAcceptanceEffect=none,,,,,,,,,,audit/scenario-inventory.json@sha256:28dd4e2151eb2441797fa22a9a552f078800a7642a5d254716dacf325c56d7d2; baseline/ffdec-root-frames.json@sha256:bffd06fb7a2b0b18374798204aa932e580cc4bac6636bd2cd49341e2bf52fe0c; evidence/full-frame-coverage.json@sha256:d5bf88e0503553c16bf0a08ed570095a3bf2c940e7c709f31a6a082216fe3df4; migrations/shell-course-g04-l10-index-local/audit/trace-specs/lesson-releases/lesson-g04-l10-perimeter-area/req-default-root-es.json@sha256:a0a6dbfe5a8271e312792c1cc2b30a5ad08a0044e59aa44c831660f730759592; migrations/lesson-release-trace-spec-indexes/lesson-g04-l10-perimeter-area.json@sha256:d2f846831fa9a5c7c3a7e9cb0276a8b3671fbf6c26d17067bf4610c132e8687f; audit/frame-domain-disposition.json@sha256:1dc69e29b1e2fe30c3594ba4c08c3f55ee96deaa5071051fb10a0c7e8e9f77a9,,"Source-evidenced root structural specification only. Runtime reachability and natural playback remain unresolved. EN and ES rows bind separate exact coverage identities; no language visual difference or bilingual acceptance is asserted. Audio cue content, timing, host synchronization, and Replay behavior remain unresolved. Nested keyframes are not invented. Baseline, implementation, diff, RMSE, timing, visual-result, and reviewer fields are intentionally blank. Fidelity, human review, owner acceptance, strict completion, and publication remain unresolved. strictAcceptanceEffect=none."
9,req-default-root-en,root,default-root-en,bf209e3302a76c14fff3e7e12f6fdc0f9bc01d4934aadd03334b5c3cf61b7cf1,666.666667,default,en,structural-specification-transition,source-root-structural-specification-only; nativeStage=800x600; rootFrame=9/50; structuralReasons=static-root-render-hash-transition; runtimeReachability=unresolved,source-static-root-frame-selection-only; no runtime trigger or causality claimed; strictAcceptanceEffect=none,,,,,,,,,,audit/scenario-inventory.json@sha256:28dd4e2151eb2441797fa22a9a552f078800a7642a5d254716dacf325c56d7d2; baseline/ffdec-root-frames.json@sha256:bffd06fb7a2b0b18374798204aa932e580cc4bac6636bd2cd49341e2bf52fe0c; evidence/full-frame-coverage.json@sha256:d5bf88e0503553c16bf0a08ed570095a3bf2c940e7c709f31a6a082216fe3df4; migrations/shell-course-g04-l10-index-local/audit/trace-specs/lesson-releases/lesson-g04-l10-perimeter-area/req-default-root-en.json@sha256:328f370798b3e3dacff41af9d01bf0c7e9c6a7f3c945262a1d28238c6cbff179; migrations/lesson-release-trace-spec-indexes/lesson-g04-l10-perimeter-area.json@sha256:d2f846831fa9a5c7c3a7e9cb0276a8b3671fbf6c26d17067bf4610c132e8687f; audit/frame-domain-disposition.json@sha256:1dc69e29b1e2fe30c3594ba4c08c3f55ee96deaa5071051fb10a0c7e8e9f77a9,,"Source-evidenced root structural specification only. Runtime reachability and natural playback remain unresolved. EN and ES rows bind separate exact coverage identities; no language visual difference or bilingual acceptance is asserted. Audio cue content, timing, host synchronization, and Replay behavior remain unresolved. Nested keyframes are not invented. Baseline, implementation, diff, RMSE, timing, visual-result, and reviewer fields are intentionally blank. Fidelity, human review, owner acceptance, strict completion, and publication remain unresolved. strictAcceptanceEffect=none."
9,req-default-root-es,root,default-root-es,4e4bcf0390c6fd9bb1539b0c26a8555d9e4034ef5c591548bdb1f9a506f70067,666.666667,default,es,structural-specification-transition,source-root-structural-specification-only; nativeStage=800x600; rootFrame=9/50; structuralReasons=static-root-render-hash-transition; runtimeReachability=unresolved,source-static-root-frame-selection-only; no runtime trigger or causality claimed; strictAcceptanceEffect=none,,,,,,,,,,audit/scenario-inventory.json@sha256:28dd4e2151eb2441797fa22a9a552f078800a7642a5d254716dacf325c56d7d2; baseline/ffdec-root-frames.json@sha256:bffd06fb7a2b0b18374798204aa932e580cc4bac6636bd2cd49341e2bf52fe0c; evidence/full-frame-coverage.json@sha256:d5bf88e0503553c16bf0a08ed570095a3bf2c940e7c709f31a6a082216fe3df4; migrations/shell-course-g04-l10-index-local/audit/trace-specs/lesson-releases/lesson-g04-l10-perimeter-area/req-default-root-es.json@sha256:a0a6dbfe5a8271e312792c1cc2b30a5ad08a0044e59aa44c831660f730759592; migrations/lesson-release-trace-spec-indexes/lesson-g04-l10-perimeter-area.json@sha256:d2f846831fa9a5c7c3a7e9cb0276a8b3671fbf6c26d17067bf4610c132e8687f; audit/frame-domain-disposition.json@sha256:1dc69e29b1e2fe30c3594ba4c08c3f55ee96deaa5071051fb10a0c7e8e9f77a9,,"Source-evidenced root structural specification only. Runtime reachability and natural playback remain unresolved. EN and ES rows bind separate exact coverage identities; no language visual difference or bilingual acceptance is asserted. Audio cue content, timing, host synchronization, and Replay behavior remain unresolved. Nested keyframes are not invented. Baseline, implementation, diff, RMSE, timing, visual-result, and reviewer fields are intentionally blank. Fidelity, human review, owner acceptance, strict completion, and publication remain unresolved. strictAcceptanceEffect=none."
10,req-default-root-en,root,default-root-en,bf209e3302a76c14fff3e7e12f6fdc0f9bc01d4934aadd03334b5c3cf61b7cf1,750,default,en,structural-specification-transition,source-root-structural-specification-only; nativeStage=800x600; rootFrame=10/50; structuralReasons=static-root-render-hash-transition; runtimeReachability=unresolved,source-static-root-frame-selection-only; no runtime trigger or causality claimed; strictAcceptanceEffect=none,,,,,,,,,,audit/scenario-inventory.json@sha256:28dd4e2151eb2441797fa22a9a552f078800a7642a5d254716dacf325c56d7d2; baseline/ffdec-root-frames.json@sha256:bffd06fb7a2b0b18374798204aa932e580cc4bac6636bd2cd49341e2bf52fe0c; evidence/full-frame-coverage.json@sha256:d5bf88e0503553c16bf0a08ed570095a3bf2c940e7c709f31a6a082216fe3df4; migrations/shell-course-g04-l10-index-local/audit/trace-specs/lesson-releases/lesson-g04-l10-perimeter-area/req-default-root-en.json@sha256:328f370798b3e3dacff41af9d01bf0c7e9c6a7f3c945262a1d28238c6cbff179; migrations/lesson-release-trace-spec-indexes/lesson-g04-l10-perimeter-area.json@sha256:d2f846831fa9a5c7c3a7e9cb0276a8b3671fbf6c26d17067bf4610c132e8687f; audit/frame-domain-disposition.json@sha256:1dc69e29b1e2fe30c3594ba4c08c3f55ee96deaa5071051fb10a0c7e8e9f77a9,,"Source-evidenced root structural specification only. Runtime reachability and natural playback remain unresolved. EN and ES rows bind separate exact coverage identities; no language visual difference or bilingual acceptance is asserted. Audio cue content, timing, host synchronization, and Replay behavior remain unresolved. Nested keyframes are not invented. Baseline, implementation, diff, RMSE, timing, visual-result, and reviewer fields are intentionally blank. Fidelity, human review, owner acceptance, strict completion, and publication remain unresolved. strictAcceptanceEffect=none."
10,req-default-root-es,root,default-root-es,4e4bcf0390c6fd9bb1539b0c26a8555d9e4034ef5c591548bdb1f9a506f70067,750,default,es,structural-specification-transition,source-root-structural-specification-only; nativeStage=800x600; rootFrame=10/50; structuralReasons=static-root-render-hash-transition; runtimeReachability=unresolved,source-static-root-frame-selection-only; no runtime trigger or causality claimed; strictAcceptanceEffect=none,,,,,,,,,,audit/scenario-inventory.json@sha256:28dd4e2151eb2441797fa22a9a552f078800a7642a5d254716dacf325c56d7d2; baseline/ffdec-root-frames.json@sha256:bffd06fb7a2b0b18374798204aa932e580cc4bac6636bd2cd49341e2bf52fe0c; evidence/full-frame-coverage.json@sha256:d5bf88e0503553c16bf0a08ed570095a3bf2c940e7c709f31a6a082216fe3df4; migrations/shell-course-g04-l10-index-local/audit/trace-specs/lesson-releases/lesson-g04-l10-perimeter-area/req-default-root-es.json@sha256:a0a6dbfe5a8271e312792c1cc2b30a5ad08a0044e59aa44c831660f730759592; migrations/lesson-release-trace-spec-indexes/lesson-g04-l10-perimeter-area.json@sha256:d2f846831fa9a5c7c3a7e9cb0276a8b3671fbf6c26d17067bf4610c132e8687f; audit/frame-domain-disposition.json@sha256:1dc69e29b1e2fe30c3594ba4c08c3f55ee96deaa5071051fb10a0c7e8e9f77a9,,"Source-evidenced root structural specification only. Runtime reachability and natural playback remain unresolved. EN and ES rows bind separate exact coverage identities; no language visual difference or bilingual acceptance is asserted. Audio cue content, timing, host synchronization, and Replay behavior remain unresolved. Nested keyframes are not invented. Baseline, implementation, diff, RMSE, timing, visual-result, and reviewer fields are intentionally blank. Fidelity, human review, owner acceptance, strict completion, and publication remain unresolved. strictAcceptanceEffect=none."
11,req-default-root-en,root,default-root-en,bf209e3302a76c14fff3e7e12f6fdc0f9bc01d4934aadd03334b5c3cf61b7cf1,833.333333,default,en,structural-specification-transition,source-root-structural-specification-only; nativeStage=800x600; rootFrame=11/50; structuralReasons=static-root-render-hash-transition; runtimeReachability=unresolved,source-static-root-frame-selection-only; no runtime trigger or causality claimed; strictAcceptanceEffect=none,,,,,,,,,,audit/scenario-inventory.json@sha256:28dd4e2151eb2441797fa22a9a552f078800a7642a5d254716dacf325c56d7d2; baseline/ffdec-root-frames.json@sha256:bffd06fb7a2b0b18374798204aa932e580cc4bac6636bd2cd49341e2bf52fe0c; evidence/full-frame-coverage.json@sha256:d5bf88e0503553c16bf0a08ed570095a3bf2c940e7c709f31a6a082216fe3df4; migrations/shell-course-g04-l10-index-local/audit/trace-specs/lesson-releases/lesson-g04-l10-perimeter-area/req-default-root-en.json@sha256:328f370798b3e3dacff41af9d01bf0c7e9c6a7f3c945262a1d28238c6cbff179; migrations/lesson-release-trace-spec-indexes/lesson-g04-l10-perimeter-area.json@sha256:d2f846831fa9a5c7c3a7e9cb0276a8b3671fbf6c26d17067bf4610c132e8687f; audit/frame-domain-disposition.json@sha256:1dc69e29b1e2fe30c3594ba4c08c3f55ee96deaa5071051fb10a0c7e8e9f77a9,,"Source-evidenced root structural specification only. Runtime reachability and natural playback remain unresolved. EN and ES rows bind separate exact coverage identities; no language visual difference or bilingual acceptance is asserted. Audio cue content, timing, host synchronization, and Replay behavior remain unresolved. Nested keyframes are not invented. Baseline, implementation, diff, RMSE, timing, visual-result, and reviewer fields are intentionally blank. Fidelity, human review, owner acceptance, strict completion, and publication remain unresolved. strictAcceptanceEffect=none."
11,req-default-root-es,root,default-root-es,4e4bcf0390c6fd9bb1539b0c26a8555d9e4034ef5c591548bdb1f9a506f70067,833.333333,default,es,structural-specification-transition,source-root-structural-specification-only; nativeStage=800x600; rootFrame=11/50; structuralReasons=static-root-render-hash-transition; runtimeReachability=unresolved,source-static-root-frame-selection-only; no runtime trigger or causality claimed; strictAcceptanceEffect=none,,,,,,,,,,audit/scenario-inventory.json@sha256:28dd4e2151eb2441797fa22a9a552f078800a7642a5d254716dacf325c56d7d2; baseline/ffdec-root-frames.json@sha256:bffd06fb7a2b0b18374798204aa932e580cc4bac6636bd2cd49341e2bf52fe0c; evidence/full-frame-coverage.json@sha256:d5bf88e0503553c16bf0a08ed570095a3bf2c940e7c709f31a6a082216fe3df4; migrations/shell-course-g04-l10-index-local/audit/trace-specs/lesson-releases/lesson-g04-l10-perimeter-area/req-default-root-es.json@sha256:a0a6dbfe5a8271e312792c1cc2b30a5ad08a0044e59aa44c831660f730759592; migrations/lesson-release-trace-spec-indexes/lesson-g04-l10-perimeter-area.json@sha256:d2f846831fa9a5c7c3a7e9cb0276a8b3671fbf6c26d17067bf4610c132e8687f; audit/frame-domain-disposition.json@sha256:1dc69e29b1e2fe30c3594ba4c08c3f55ee96deaa5071051fb10a0c7e8e9f77a9,,"Source-evidenced root structural specification only. Runtime reachability and natural playback remain unresolved. EN and ES rows bind separate exact coverage identities; no language visual difference or bilingual acceptance is asserted. Audio cue content, timing, host synchronization, and Replay behavior remain unresolved. Nested keyframes are not invented. Baseline, implementation, diff, RMSE, timing, visual-result, and reviewer fields are intentionally blank. Fidelity, human review, owner acceptance, strict completion, and publication remain unresolved. strictAcceptanceEffect=none."
12,req-default-root-en,root,default-root-en,bf209e3302a76c14fff3e7e12f6fdc0f9bc01d4934aadd03334b5c3cf61b7cf1,916.666667,default,en,structural-specification-transition,source-root-structural-specification-only; nativeStage=800x600; rootFrame=12/50; structuralReasons=static-root-render-hash-transition; runtimeReachability=unresolved,source-static-root-frame-selection-only; no runtime trigger or causality claimed; strictAcceptanceEffect=none,,,,,,,,,,audit/scenario-inventory.json@sha256:28dd4e2151eb2441797fa22a9a552f078800a7642a5d254716dacf325c56d7d2; baseline/ffdec-root-frames.json@sha256:bffd06fb7a2b0b18374798204aa932e580cc4bac6636bd2cd49341e2bf52fe0c; evidence/full-frame-coverage.json@sha256:d5bf88e0503553c16bf0a08ed570095a3bf2c940e7c709f31a6a082216fe3df4; migrations/shell-course-g04-l10-index-local/audit/trace-specs/lesson-releases/lesson-g04-l10-perimeter-area/req-default-root-en.json@sha256:328f370798b3e3dacff41af9d01bf0c7e9c6a7f3c945262a1d28238c6cbff179; migrations/lesson-release-trace-spec-indexes/lesson-g04-l10-perimeter-area.json@sha256:d2f846831fa9a5c7c3a7e9cb0276a8b3671fbf6c26d17067bf4610c132e8687f; audit/frame-domain-disposition.json@sha256:1dc69e29b1e2fe30c3594ba4c08c3f55ee96deaa5071051fb10a0c7e8e9f77a9,,"Source-evidenced root structural specification only. Runtime reachability and natural playback remain unresolved. EN and ES rows bind separate exact coverage identities; no language visual difference or bilingual acceptance is asserted. Audio cue content, timing, host synchronization, and Replay behavior remain unresolved. Nested keyframes are not invented. Baseline, implementation, diff, RMSE, timing, visual-result, and reviewer fields are intentionally blank. Fidelity, human review, owner acceptance, strict completion, and publication remain unresolved. strictAcceptanceEffect=none."
12,req-default-root-es,root,default-root-es,4e4bcf0390c6fd9bb1539b0c26a8555d9e4034ef5c591548bdb1f9a506f70067,916.666667,default,es,structural-specification-transition,source-root-structural-specification-only; nativeStage=800x600; rootFrame=12/50; structuralReasons=static-root-render-hash-transition; runtimeReachability=unresolved,source-static-root-frame-selection-only; no runtime trigger or causality claimed; strictAcceptanceEffect=none,,,,,,,,,,audit/scenario-inventory.json@sha256:28dd4e2151eb2441797fa22a9a552f078800a7642a5d254716dacf325c56d7d2; baseline/ffdec-root-frames.json@sha256:bffd06fb7a2b0b18374798204aa932e580cc4bac6636bd2cd49341e2bf52fe0c; evidence/full-frame-coverage.json@sha256:d5bf88e0503553c16bf0a08ed570095a3bf2c940e7c709f31a6a082216fe3df4; migrations/shell-course-g04-l10-index-local/audit/trace-specs/lesson-releases/lesson-g04-l10-perimeter-area/req-default-root-es.json@sha256:a0a6dbfe5a8271e312792c1cc2b30a5ad08a0044e59aa44c831660f730759592; migrations/lesson-release-trace-spec-indexes/lesson-g04-l10-perimeter-area.json@sha256:d2f846831fa9a5c7c3a7e9cb0276a8b3671fbf6c26d17067bf4610c132e8687f; audit/frame-domain-disposition.json@sha256:1dc69e29b1e2fe30c3594ba4c08c3f55ee96deaa5071051fb10a0c7e8e9f77a9,,"Source-evidenced root structural specification only. Runtime reachability and natural playback remain unresolved. EN and ES rows bind separate exact coverage identities; no language visual difference or bilingual acceptance is asserted. Audio cue content, timing, host synchronization, and Replay behavior remain unresolved. Nested keyframes are not invented. Baseline, implementation, diff, RMSE, timing, visual-result, and reviewer fields are intentionally blank. Fidelity, human review, owner acceptance, strict completion, and publication remain unresolved. strictAcceptanceEffect=none."
13,req-default-root-en,root,default-root-en,bf209e3302a76c14fff3e7e12f6fdc0f9bc01d4934aadd03334b5c3cf61b7cf1,1000,default,en,structural-specification-transition,source-root-structural-specification-only; nativeStage=800x600; rootFrame=13/50; structuralReasons=static-root-render-hash-transition; runtimeReachability=unresolved,source-static-root-frame-selection-only; no runtime trigger or causality claimed; strictAcceptanceEffect=none,,,,,,,,,,audit/scenario-inventory.json@sha256:28dd4e2151eb2441797fa22a9a552f078800a7642a5d254716dacf325c56d7d2; baseline/ffdec-root-frames.json@sha256:bffd06fb7a2b0b18374798204aa932e580cc4bac6636bd2cd49341e2bf52fe0c; evidence/full-frame-coverage.json@sha256:d5bf88e0503553c16bf0a08ed570095a3bf2c940e7c709f31a6a082216fe3df4; migrations/shell-course-g04-l10-index-local/audit/trace-specs/lesson-releases/lesson-g04-l10-perimeter-area/req-default-root-en.json@sha256:328f370798b3e3dacff41af9d01bf0c7e9c6a7f3c945262a1d28238c6cbff179; migrations/lesson-release-trace-spec-indexes/lesson-g04-l10-perimeter-area.json@sha256:d2f846831fa9a5c7c3a7e9cb0276a8b3671fbf6c26d17067bf4610c132e8687f; audit/frame-domain-disposition.json@sha256:1dc69e29b1e2fe30c3594ba4c08c3f55ee96deaa5071051fb10a0c7e8e9f77a9,,"Source-evidenced root structural specification only. Runtime reachability and natural playback remain unresolved. EN and ES rows bind separate exact coverage identities; no language visual difference or bilingual acceptance is asserted. Audio cue content, timing, host synchronization, and Replay behavior remain unresolved. Nested keyframes are not invented. Baseline, implementation, diff, RMSE, timing, visual-result, and reviewer fields are intentionally blank. Fidelity, human review, owner acceptance, strict completion, and publication remain unresolved. strictAcceptanceEffect=none."
13,req-default-root-es,root,default-root-es,4e4bcf0390c6fd9bb1539b0c26a8555d9e4034ef5c591548bdb1f9a506f70067,1000,default,es,structural-specification-transition,source-root-structural-specification-only; nativeStage=800x600; rootFrame=13/50; structuralReasons=static-root-render-hash-transition; runtimeReachability=unresolved,source-static-root-frame-selection-only; no runtime trigger or causality claimed; strictAcceptanceEffect=none,,,,,,,,,,audit/scenario-inventory.json@sha256:28dd4e2151eb2441797fa22a9a552f078800a7642a5d254716dacf325c56d7d2; baseline/ffdec-root-frames.json@sha256:bffd06fb7a2b0b18374798204aa932e580cc4bac6636bd2cd49341e2bf52fe0c; evidence/full-frame-coverage.json@sha256:d5bf88e0503553c16bf0a08ed570095a3bf2c940e7c709f31a6a082216fe3df4; migrations/shell-course-g04-l10-index-local/audit/trace-specs/lesson-releases/lesson-g04-l10-perimeter-area/req-default-root-es.json@sha256:a0a6dbfe5a8271e312792c1cc2b30a5ad08a0044e59aa44c831660f730759592; migrations/lesson-release-trace-spec-indexes/lesson-g04-l10-perimeter-area.json@sha256:d2f846831fa9a5c7c3a7e9cb0276a8b3671fbf6c26d17067bf4610c132e8687f; audit/frame-domain-disposition.json@sha256:1dc69e29b1e2fe30c3594ba4c08c3f55ee96deaa5071051fb10a0c7e8e9f77a9,,"Source-evidenced root structural specification only. Runtime reachability and natural playback remain unresolved. EN and ES rows bind separate exact coverage identities; no language visual difference or bilingual acceptance is asserted. Audio cue content, timing, host synchronization, and Replay behavior remain unresolved. Nested keyframes are not invented. Baseline, implementation, diff, RMSE, timing, visual-result, and reviewer fields are intentionally blank. Fidelity, human review, owner acceptance, strict completion, and publication remain unresolved. strictAcceptanceEffect=none."
14,req-default-root-en,root,default-root-en,bf209e3302a76c14fff3e7e12f6fdc0f9bc01d4934aadd03334b5c3cf61b7cf1,1083.333333,default,en,structural-specification-transition,source-root-structural-specification-only; nativeStage=800x600; rootFrame=14/50; structuralReasons=static-root-render-hash-transition; runtimeReachability=unresolved,source-static-root-frame-selection-only; no runtime trigger or causality claimed; strictAcceptanceEffect=none,,,,,,,,,,audit/scenario-inventory.json@sha256:28dd4e2151eb2441797fa22a9a552f078800a7642a5d254716dacf325c56d7d2; baseline/ffdec-root-frames.json@sha256:bffd06fb7a2b0b18374798204aa932e580cc4bac6636bd2cd49341e2bf52fe0c; evidence/full-frame-coverage.json@sha256:d5bf88e0503553c16bf0a08ed570095a3bf2c940e7c709f31a6a082216fe3df4; migrations/shell-course-g04-l10-index-local/audit/trace-specs/lesson-releases/lesson-g04-l10-perimeter-area/req-default-root-en.json@sha256:328f370798b3e3dacff41af9d01bf0c7e9c6a7f3c945262a1d28238c6cbff179; migrations/lesson-release-trace-spec-indexes/lesson-g04-l10-perimeter-area.json@sha256:d2f846831fa9a5c7c3a7e9cb0276a8b3671fbf6c26d17067bf4610c132e8687f; audit/frame-domain-disposition.json@sha256:1dc69e29b1e2fe30c3594ba4c08c3f55ee96deaa5071051fb10a0c7e8e9f77a9,,"Source-evidenced root structural specification only. Runtime reachability and natural playback remain unresolved. EN and ES rows bind separate exact coverage identities; no language visual difference or bilingual acceptance is asserted. Audio cue content, timing, host synchronization, and Replay behavior remain unresolved. Nested keyframes are not invented. Baseline, implementation, diff, RMSE, timing, visual-result, and reviewer fields are intentionally blank. Fidelity, human review, owner acceptance, strict completion, and publication remain unresolved. strictAcceptanceEffect=none."
14,req-default-root-es,root,default-root-es,4e4bcf0390c6fd9bb1539b0c26a8555d9e4034ef5c591548bdb1f9a506f70067,1083.333333,default,es,structural-specification-transition,source-root-structural-specification-only; nativeStage=800x600; rootFrame=14/50; structuralReasons=static-root-render-hash-transition; runtimeReachability=unresolved,source-static-root-frame-selection-only; no runtime trigger or causality claimed; strictAcceptanceEffect=none,,,,,,,,,,audit/scenario-inventory.json@sha256:28dd4e2151eb2441797fa22a9a552f078800a7642a5d254716dacf325c56d7d2; baseline/ffdec-root-frames.json@sha256:bffd06fb7a2b0b18374798204aa932e580cc4bac6636bd2cd49341e2bf52fe0c; evidence/full-frame-coverage.json@sha256:d5bf88e0503553c16bf0a08ed570095a3bf2c940e7c709f31a6a082216fe3df4; migrations/shell-course-g04-l10-index-local/audit/trace-specs/lesson-releases/lesson-g04-l10-perimeter-area/req-default-root-es.json@sha256:a0a6dbfe5a8271e312792c1cc2b30a5ad08a0044e59aa44c831660f730759592; migrations/lesson-release-trace-spec-indexes/lesson-g04-l10-perimeter-area.json@sha256:d2f846831fa9a5c7c3a7e9cb0276a8b3671fbf6c26d17067bf4610c132e8687f; audit/frame-domain-disposition.json@sha256:1dc69e29b1e2fe30c3594ba4c08c3f55ee96deaa5071051fb10a0c7e8e9f77a9,,"Source-evidenced root structural specification only. Runtime reachability and natural playback remain unresolved. EN and ES rows bind separate exact coverage identities; no language visual difference or bilingual acceptance is asserted. Audio cue content, timing, host synchronization, and Replay behavior remain unresolved. Nested keyframes are not invented. Baseline, implementation, diff, RMSE, timing, visual-result, and reviewer fields are intentionally blank. Fidelity, human review, owner acceptance, strict completion, and publication remain unresolved. strictAcceptanceEffect=none."
15,req-default-root-en,root,default-root-en,bf209e3302a76c14fff3e7e12f6fdc0f9bc01d4934aadd03334b5c3cf61b7cf1,1166.666667,default,en,structural-specification-transition,source-root-structural-specification-only; nativeStage=800x600; rootFrame=15/50; structuralReasons=static-root-render-hash-transition; runtimeReachability=unresolved,source-static-root-frame-selection-only; no runtime trigger or causality claimed; strictAcceptanceEffect=none,,,,,,,,,,audit/scenario-inventory.json@sha256:28dd4e2151eb2441797fa22a9a552f078800a7642a5d254716dacf325c56d7d2; baseline/ffdec-root-frames.json@sha256:bffd06fb7a2b0b18374798204aa932e580cc4bac6636bd2cd49341e2bf52fe0c; evidence/full-frame-coverage.json@sha256:d5bf88e0503553c16bf0a08ed570095a3bf2c940e7c709f31a6a082216fe3df4; migrations/shell-course-g04-l10-index-local/audit/trace-specs/lesson-releases/lesson-g04-l10-perimeter-area/req-default-root-en.json@sha256:328f370798b3e3dacff41af9d01bf0c7e9c6a7f3c945262a1d28238c6cbff179; migrations/lesson-release-trace-spec-indexes/lesson-g04-l10-perimeter-area.json@sha256:d2f846831fa9a5c7c3a7e9cb0276a8b3671fbf6c26d17067bf4610c132e8687f; audit/frame-domain-disposition.json@sha256:1dc69e29b1e2fe30c3594ba4c08c3f55ee96deaa5071051fb10a0c7e8e9f77a9,,"Source-evidenced root structural specification only. Runtime reachability and natural playback remain unresolved. EN and ES rows bind separate exact coverage identities; no language visual difference or bilingual acceptance is asserted. Audio cue content, timing, host synchronization, and Replay behavior remain unresolved. Nested keyframes are not invented. Baseline, implementation, diff, RMSE, timing, visual-result, and reviewer fields are intentionally blank. Fidelity, human review, owner acceptance, strict completion, and publication remain unresolved. strictAcceptanceEffect=none."
15,req-default-root-es,root,default-root-es,4e4bcf0390c6fd9bb1539b0c26a8555d9e4034ef5c591548bdb1f9a506f70067,1166.666667,default,es,structural-specification-transition,source-root-structural-specification-only; nativeStage=800x600; rootFrame=15/50; structuralReasons=static-root-render-hash-transition; runtimeReachability=unresolved,source-static-root-frame-selection-only; no runtime trigger or causality claimed; strictAcceptanceEffect=none,,,,,,,,,,audit/scenario-inventory.json@sha256:28dd4e2151eb2441797fa22a9a552f078800a7642a5d254716dacf325c56d7d2; baseline/ffdec-root-frames.json@sha256:bffd06fb7a2b0b18374798204aa932e580cc4bac6636bd2cd49341e2bf52fe0c; evidence/full-frame-coverage.json@sha256:d5bf88e0503553c16bf0a08ed570095a3bf2c940e7c709f31a6a082216fe3df4; migrations/shell-course-g04-l10-index-local/audit/trace-specs/lesson-releases/lesson-g04-l10-perimeter-area/req-default-root-es.json@sha256:a0a6dbfe5a8271e312792c1cc2b30a5ad08a0044e59aa44c831660f730759592; migrations/lesson-release-trace-spec-indexes/lesson-g04-l10-perimeter-area.json@sha256:d2f846831fa9a5c7c3a7e9cb0276a8b3671fbf6c26d17067bf4610c132e8687f; audit/frame-domain-disposition.json@sha256:1dc69e29b1e2fe30c3594ba4c08c3f55ee96deaa5071051fb10a0c7e8e9f77a9,,"Source-evidenced root structural specification only. Runtime reachability and natural playback remain unresolved. EN and ES rows bind separate exact coverage identities; no language visual difference or bilingual acceptance is asserted. Audio cue content, timing, host synchronization, and Replay behavior remain unresolved. Nested keyframes are not invented. Baseline, implementation, diff, RMSE, timing, visual-result, and reviewer fields are intentionally blank. Fidelity, human review, owner acceptance, strict completion, and publication remain unresolved. strictAcceptanceEffect=none."
16,req-default-root-en,root,default-root-en,bf209e3302a76c14fff3e7e12f6fdc0f9bc01d4934aadd03334b5c3cf61b7cf1,1250,default,en,structural-specification-transition,source-root-structural-specification-only; nativeStage=800x600; rootFrame=16/50; structuralReasons=static-root-render-hash-transition; runtimeReachability=unresolved,source-static-root-frame-selection-only; no runtime trigger or causality claimed; strictAcceptanceEffect=none,,,,,,,,,,audit/scenario-inventory.json@sha256:28dd4e2151eb2441797fa22a9a552f078800a7642a5d254716dacf325c56d7d2; baseline/ffdec-root-frames.json@sha256:bffd06fb7a2b0b18374798204aa932e580cc4bac6636bd2cd49341e2bf52fe0c; evidence/full-frame-coverage.json@sha256:d5bf88e0503553c16bf0a08ed570095a3bf2c940e7c709f31a6a082216fe3df4; migrations/shell-course-g04-l10-index-local/audit/trace-specs/lesson-releases/lesson-g04-l10-perimeter-area/req-default-root-en.json@sha256:328f370798b3e3dacff41af9d01bf0c7e9c6a7f3c945262a1d28238c6cbff179; migrations/lesson-release-trace-spec-indexes/lesson-g04-l10-perimeter-area.json@sha256:d2f846831fa9a5c7c3a7e9cb0276a8b3671fbf6c26d17067bf4610c132e8687f; audit/frame-domain-disposition.json@sha256:1dc69e29b1e2fe30c3594ba4c08c3f55ee96deaa5071051fb10a0c7e8e9f77a9,,"Source-evidenced root structural specification only. Runtime reachability and natural playback remain unresolved. EN and ES rows bind separate exact coverage identities; no language visual difference or bilingual acceptance is asserted. Audio cue content, timing, host synchronization, and Replay behavior remain unresolved. Nested keyframes are not invented. Baseline, implementation, diff, RMSE, timing, visual-result, and reviewer fields are intentionally blank. Fidelity, human review, owner acceptance, strict completion, and publication remain unresolved. strictAcceptanceEffect=none."
16,req-default-root-es,root,default-root-es,4e4bcf0390c6fd9bb1539b0c26a8555d9e4034ef5c591548bdb1f9a506f70067,1250,default,es,structural-specification-transition,source-root-structural-specification-only; nativeStage=800x600; rootFrame=16/50; structuralReasons=static-root-render-hash-transition; runtimeReachability=unresolved,source-static-root-frame-selection-only; no runtime trigger or causality claimed; strictAcceptanceEffect=none,,,,,,,,,,audit/scenario-inventory.json@sha256:28dd4e2151eb2441797fa22a9a552f078800a7642a5d254716dacf325c56d7d2; baseline/ffdec-root-frames.json@sha256:bffd06fb7a2b0b18374798204aa932e580cc4bac6636bd2cd49341e2bf52fe0c; evidence/full-frame-coverage.json@sha256:d5bf88e0503553c16bf0a08ed570095a3bf2c940e7c709f31a6a082216fe3df4; migrations/shell-course-g04-l10-index-local/audit/trace-specs/lesson-releases/lesson-g04-l10-perimeter-area/req-default-root-es.json@sha256:a0a6dbfe5a8271e312792c1cc2b30a5ad08a0044e59aa44c831660f730759592; migrations/lesson-release-trace-spec-indexes/lesson-g04-l10-perimeter-area.json@sha256:d2f846831fa9a5c7c3a7e9cb0276a8b3671fbf6c26d17067bf4610c132e8687f; audit/frame-domain-disposition.json@sha256:1dc69e29b1e2fe30c3594ba4c08c3f55ee96deaa5071051fb10a0c7e8e9f77a9,,"Source-evidenced root structural specification only. Runtime reachability and natural playback remain unresolved. EN and ES rows bind separate exact coverage identities; no language visual difference or bilingual acceptance is asserted. Audio cue content, timing, host synchronization, and Replay behavior remain unresolved. Nested keyframes are not invented. Baseline, implementation, diff, RMSE, timing, visual-result, and reviewer fields are intentionally blank. Fidelity, human review, owner acceptance, strict completion, and publication remain unresolved. strictAcceptanceEffect=none."
17,req-default-root-en,root,default-root-en,bf209e3302a76c14fff3e7e12f6fdc0f9bc01d4934aadd03334b5c3cf61b7cf1,1333.333333,default,en,structural-specification-transition,source-root-structural-specification-only; nativeStage=800x600; rootFrame=17/50; structuralReasons=static-root-render-hash-transition; runtimeReachability=unresolved,source-static-root-frame-selection-only; no runtime trigger or causality claimed; strictAcceptanceEffect=none,,,,,,,,,,audit/scenario-inventory.json@sha256:28dd4e2151eb2441797fa22a9a552f078800a7642a5d254716dacf325c56d7d2; baseline/ffdec-root-frames.json@sha256:bffd06fb7a2b0b18374798204aa932e580cc4bac6636bd2cd49341e2bf52fe0c; evidence/full-frame-coverage.json@sha256:d5bf88e0503553c16bf0a08ed570095a3bf2c940e7c709f31a6a082216fe3df4; migrations/shell-course-g04-l10-index-local/audit/trace-specs/lesson-releases/lesson-g04-l10-perimeter-area/req-default-root-en.json@sha256:328f370798b3e3dacff41af9d01bf0c7e9c6a7f3c945262a1d28238c6cbff179; migrations/lesson-release-trace-spec-indexes/lesson-g04-l10-perimeter-area.json@sha256:d2f846831fa9a5c7c3a7e9cb0276a8b3671fbf6c26d17067bf4610c132e8687f; audit/frame-domain-disposition.json@sha256:1dc69e29b1e2fe30c3594ba4c08c3f55ee96deaa5071051fb10a0c7e8e9f77a9,,"Source-evidenced root structural specification only. Runtime reachability and natural playback remain unresolved. EN and ES rows bind separate exact coverage identities; no language visual difference or bilingual acceptance is asserted. Audio cue content, timing, host synchronization, and Replay behavior remain unresolved. Nested keyframes are not invented. Baseline, implementation, diff, RMSE, timing, visual-result, and reviewer fields are intentionally blank. Fidelity, human review, owner acceptance, strict completion, and publication remain unresolved. strictAcceptanceEffect=none."
17,req-default-root-es,root,default-root-es,4e4bcf0390c6fd9bb1539b0c26a8555d9e4034ef5c591548bdb1f9a506f70067,1333.333333,default,es,structural-specification-transition,source-root-structural-specification-only; nativeStage=800x600; rootFrame=17/50; structuralReasons=static-root-render-hash-transition; runtimeReachability=unresolved,source-static-root-frame-selection-only; no runtime trigger or causality claimed; strictAcceptanceEffect=none,,,,,,,,,,audit/scenario-inventory.json@sha256:28dd4e2151eb2441797fa22a9a552f078800a7642a5d254716dacf325c56d7d2; baseline/ffdec-root-frames.json@sha256:bffd06fb7a2b0b18374798204aa932e580cc4bac6636bd2cd49341e2bf52fe0c; evidence/full-frame-coverage.json@sha256:d5bf88e0503553c16bf0a08ed570095a3bf2c940e7c709f31a6a082216fe3df4; migrations/shell-course-g04-l10-index-local/audit/trace-specs/lesson-releases/lesson-g04-l10-perimeter-area/req-default-root-es.json@sha256:a0a6dbfe5a8271e312792c1cc2b30a5ad08a0044e59aa44c831660f730759592; migrations/lesson-release-trace-spec-indexes/lesson-g04-l10-perimeter-area.json@sha256:d2f846831fa9a5c7c3a7e9cb0276a8b3671fbf6c26d17067bf4610c132e8687f; audit/frame-domain-disposition.json@sha256:1dc69e29b1e2fe30c3594ba4c08c3f55ee96deaa5071051fb10a0c7e8e9f77a9,,"Source-evidenced root structural specification only. Runtime reachability and natural playback remain unresolved. EN and ES rows bind separate exact coverage identities; no language visual difference or bilingual acceptance is asserted. Audio cue content, timing, host synchronization, and Replay behavior remain unresolved. Nested keyframes are not invented. Baseline, implementation, diff, RMSE, timing, visual-result, and reviewer fields are intentionally blank. Fidelity, human review, owner acceptance, strict completion, and publication remain unresolved. strictAcceptanceEffect=none."
18,req-default-root-en,root,default-root-en,bf209e3302a76c14fff3e7e12f6fdc0f9bc01d4934aadd03334b5c3cf61b7cf1,1416.666667,default,en,structural-specification-transition,source-root-structural-specification-only; nativeStage=800x600; rootFrame=18/50; structuralReasons=static-root-render-hash-transition; runtimeReachability=unresolved,source-static-root-frame-selection-only; no runtime trigger or causality claimed; strictAcceptanceEffect=none,,,,,,,,,,audit/scenario-inventory.json@sha256:28dd4e2151eb2441797fa22a9a552f078800a7642a5d254716dacf325c56d7d2; baseline/ffdec-root-frames.json@sha256:bffd06fb7a2b0b18374798204aa932e580cc4bac6636bd2cd49341e2bf52fe0c; evidence/full-frame-coverage.json@sha256:d5bf88e0503553c16bf0a08ed570095a3bf2c940e7c709f31a6a082216fe3df4; migrations/shell-course-g04-l10-index-local/audit/trace-specs/lesson-releases/lesson-g04-l10-perimeter-area/req-default-root-en.json@sha256:328f370798b3e3dacff41af9d01bf0c7e9c6a7f3c945262a1d28238c6cbff179; migrations/lesson-release-trace-spec-indexes/lesson-g04-l10-perimeter-area.json@sha256:d2f846831fa9a5c7c3a7e9cb0276a8b3671fbf6c26d17067bf4610c132e8687f; audit/frame-domain-disposition.json@sha256:1dc69e29b1e2fe30c3594ba4c08c3f55ee96deaa5071051fb10a0c7e8e9f77a9,,"Source-evidenced root structural specification only. Runtime reachability and natural playback remain unresolved. EN and ES rows bind separate exact coverage identities; no language visual difference or bilingual acceptance is asserted. Audio cue content, timing, host synchronization, and Replay behavior remain unresolved. Nested keyframes are not invented. Baseline, implementation, diff, RMSE, timing, visual-result, and reviewer fields are intentionally blank. Fidelity, human review, owner acceptance, strict completion, and publication remain unresolved. strictAcceptanceEffect=none."
18,req-default-root-es,root,default-root-es,4e4bcf0390c6fd9bb1539b0c26a8555d9e4034ef5c591548bdb1f9a506f70067,1416.666667,default,es,structural-specification-transition,source-root-structural-specification-only; nativeStage=800x600; rootFrame=18/50; structuralReasons=static-root-render-hash-transition; runtimeReachability=unresolved,source-static-root-frame-selection-only; no runtime trigger or causality claimed; strictAcceptanceEffect=none,,,,,,,,,,audit/scenario-inventory.json@sha256:28dd4e2151eb2441797fa22a9a552f078800a7642a5d254716dacf325c56d7d2; baseline/ffdec-root-frames.json@sha256:bffd06fb7a2b0b18374798204aa932e580cc4bac6636bd2cd49341e2bf52fe0c; evidence/full-frame-coverage.json@sha256:d5bf88e0503553c16bf0a08ed570095a3bf2c940e7c709f31a6a082216fe3df4; migrations/shell-course-g04-l10-index-local/audit/trace-specs/lesson-releases/lesson-g04-l10-perimeter-area/req-default-root-es.json@sha256:a0a6dbfe5a8271e312792c1cc2b30a5ad08a0044e59aa44c831660f730759592; migrations/lesson-release-trace-spec-indexes/lesson-g04-l10-perimeter-area.json@sha256:d2f846831fa9a5c7c3a7e9cb0276a8b3671fbf6c26d17067bf4610c132e8687f; audit/frame-domain-disposition.json@sha256:1dc69e29b1e2fe30c3594ba4c08c3f55ee96deaa5071051fb10a0c7e8e9f77a9,,"Source-evidenced root structural specification only. Runtime reachability and natural playback remain unresolved. EN and ES rows bind separate exact coverage identities; no language visual difference or bilingual acceptance is asserted. Audio cue content, timing, host synchronization, and Replay behavior remain unresolved. Nested keyframes are not invented. Baseline, implementation, diff, RMSE, timing, visual-result, and reviewer fields are intentionally blank. Fidelity, human review, owner acceptance, strict completion, and publication remain unresolved. strictAcceptanceEffect=none."
19,req-default-root-en,root,default-root-en,bf209e3302a76c14fff3e7e12f6fdc0f9bc01d4934aadd03334b5c3cf61b7cf1,1500,default,en,structural-specification-transition,source-root-structural-specification-only; nativeStage=800x600; rootFrame=19/50; structuralReasons=static-root-render-hash-transition; runtimeReachability=unresolved,source-static-root-frame-selection-only; no runtime trigger or causality claimed; strictAcceptanceEffect=none,,,,,,,,,,audit/scenario-inventory.json@sha256:28dd4e2151eb2441797fa22a9a552f078800a7642a5d254716dacf325c56d7d2; baseline/ffdec-root-frames.json@sha256:bffd06fb7a2b0b18374798204aa932e580cc4bac6636bd2cd49341e2bf52fe0c; evidence/full-frame-coverage.json@sha256:d5bf88e0503553c16bf0a08ed570095a3bf2c940e7c709f31a6a082216fe3df4; migrations/shell-course-g04-l10-index-local/audit/trace-specs/lesson-releases/lesson-g04-l10-perimeter-area/req-default-root-en.json@sha256:328f370798b3e3dacff41af9d01bf0c7e9c6a7f3c945262a1d28238c6cbff179; migrations/lesson-release-trace-spec-indexes/lesson-g04-l10-perimeter-area.json@sha256:d2f846831fa9a5c7c3a7e9cb0276a8b3671fbf6c26d17067bf4610c132e8687f; audit/frame-domain-disposition.json@sha256:1dc69e29b1e2fe30c3594ba4c08c3f55ee96deaa5071051fb10a0c7e8e9f77a9,,"Source-evidenced root structural specification only. Runtime reachability and natural playback remain unresolved. EN and ES rows bind separate exact coverage identities; no language visual difference or bilingual acceptance is asserted. Audio cue content, timing, host synchronization, and Replay behavior remain unresolved. Nested keyframes are not invented. Baseline, implementation, diff, RMSE, timing, visual-result, and reviewer fields are intentionally blank. Fidelity, human review, owner acceptance, strict completion, and publication remain unresolved. strictAcceptanceEffect=none."
19,req-default-root-es,root,default-root-es,4e4bcf0390c6fd9bb1539b0c26a8555d9e4034ef5c591548bdb1f9a506f70067,1500,default,es,structural-specification-transition,source-root-structural-specification-only; nativeStage=800x600; rootFrame=19/50; structuralReasons=static-root-render-hash-transition; runtimeReachability=unresolved,source-static-root-frame-selection-only; no runtime trigger or causality claimed; strictAcceptanceEffect=none,,,,,,,,,,audit/scenario-inventory.json@sha256:28dd4e2151eb2441797fa22a9a552f078800a7642a5d254716dacf325c56d7d2; baseline/ffdec-root-frames.json@sha256:bffd06fb7a2b0b18374798204aa932e580cc4bac6636bd2cd49341e2bf52fe0c; evidence/full-frame-coverage.json@sha256:d5bf88e0503553c16bf0a08ed570095a3bf2c940e7c709f31a6a082216fe3df4; migrations/shell-course-g04-l10-index-local/audit/trace-specs/lesson-releases/lesson-g04-l10-perimeter-area/req-default-root-es.json@sha256:a0a6dbfe5a8271e312792c1cc2b30a5ad08a0044e59aa44c831660f730759592; migrations/lesson-release-trace-spec-indexes/lesson-g04-l10-perimeter-area.json@sha256:d2f846831fa9a5c7c3a7e9cb0276a8b3671fbf6c26d17067bf4610c132e8687f; audit/frame-domain-disposition.json@sha256:1dc69e29b1e2fe30c3594ba4c08c3f55ee96deaa5071051fb10a0c7e8e9f77a9,,"Source-evidenced root structural specification only. Runtime reachability and natural playback remain unresolved. EN and ES rows bind separate exact coverage identities; no language visual difference or bilingual acceptance is asserted. Audio cue content, timing, host synchronization, and Replay behavior remain unresolved. Nested keyframes are not invented. Baseline, implementation, diff, RMSE, timing, visual-result, and reviewer fields are intentionally blank. Fidelity, human review, owner acceptance, strict completion, and publication remain unresolved. strictAcceptanceEffect=none."
20,req-default-root-en,root,default-root-en,bf209e3302a76c14fff3e7e12f6fdc0f9bc01d4934aadd03334b5c3cf61b7cf1,1583.333333,default,en,structural-specification-transition,source-root-structural-specification-only; nativeStage=800x600; rootFrame=20/50; structuralReasons=static-root-render-hash-transition; runtimeReachability=unresolved,source-static-root-frame-selection-only; no runtime trigger or causality claimed; strictAcceptanceEffect=none,,,,,,,,,,audit/scenario-inventory.json@sha256:28dd4e2151eb2441797fa22a9a552f078800a7642a5d254716dacf325c56d7d2; baseline/ffdec-root-frames.json@sha256:bffd06fb7a2b0b18374798204aa932e580cc4bac6636bd2cd49341e2bf52fe0c; evidence/full-frame-coverage.json@sha256:d5bf88e0503553c16bf0a08ed570095a3bf2c940e7c709f31a6a082216fe3df4; migrations/shell-course-g04-l10-index-local/audit/trace-specs/lesson-releases/lesson-g04-l10-perimeter-area/req-default-root-en.json@sha256:328f370798b3e3dacff41af9d01bf0c7e9c6a7f3c945262a1d28238c6cbff179; migrations/lesson-release-trace-spec-indexes/lesson-g04-l10-perimeter-area.json@sha256:d2f846831fa9a5c7c3a7e9cb0276a8b3671fbf6c26d17067bf4610c132e8687f; audit/frame-domain-disposition.json@sha256:1dc69e29b1e2fe30c3594ba4c08c3f55ee96deaa5071051fb10a0c7e8e9f77a9,,"Source-evidenced root structural specification only. Runtime reachability and natural playback remain unresolved. EN and ES rows bind separate exact coverage identities; no language visual difference or bilingual acceptance is asserted. Audio cue content, timing, host synchronization, and Replay behavior remain unresolved. Nested keyframes are not invented. Baseline, implementation, diff, RMSE, timing, visual-result, and reviewer fields are intentionally blank. Fidelity, human review, owner acceptance, strict completion, and publication remain unresolved. strictAcceptanceEffect=none."
20,req-default-root-es,root,default-root-es,4e4bcf0390c6fd9bb1539b0c26a8555d9e4034ef5c591548bdb1f9a506f70067,1583.333333,default,es,structural-specification-transition,source-root-structural-specification-only; nativeStage=800x600; rootFrame=20/50; structuralReasons=static-root-render-hash-transition; runtimeReachability=unresolved,source-static-root-frame-selection-only; no runtime trigger or causality claimed; strictAcceptanceEffect=none,,,,,,,,,,audit/scenario-inventory.json@sha256:28dd4e2151eb2441797fa22a9a552f078800a7642a5d254716dacf325c56d7d2; baseline/ffdec-root-frames.json@sha256:bffd06fb7a2b0b18374798204aa932e580cc4bac6636bd2cd49341e2bf52fe0c; evidence/full-frame-coverage.json@sha256:d5bf88e0503553c16bf0a08ed570095a3bf2c940e7c709f31a6a082216fe3df4; migrations/shell-course-g04-l10-index-local/audit/trace-specs/lesson-releases/lesson-g04-l10-perimeter-area/req-default-root-es.json@sha256:a0a6dbfe5a8271e312792c1cc2b30a5ad08a0044e59aa44c831660f730759592; migrations/lesson-release-trace-spec-indexes/lesson-g04-l10-perimeter-area.json@sha256:d2f846831fa9a5c7c3a7e9cb0276a8b3671fbf6c26d17067bf4610c132e8687f; audit/frame-domain-disposition.json@sha256:1dc69e29b1e2fe30c3594ba4c08c3f55ee96deaa5071051fb10a0c7e8e9f77a9,,"Source-evidenced root structural specification only. Runtime reachability and natural playback remain unresolved. EN and ES rows bind separate exact coverage identities; no language visual difference or bilingual acceptance is asserted. Audio cue content, timing, host synchronization, and Replay behavior remain unresolved. Nested keyframes are not invented. Baseline, implementation, diff, RMSE, timing, visual-result, and reviewer fields are intentionally blank. Fidelity, human review, owner acceptance, strict completion, and publication remain unresolved. strictAcceptanceEffect=none."
21,req-default-root-en,root,default-root-en,bf209e3302a76c14fff3e7e12f6fdc0f9bc01d4934aadd03334b5c3cf61b7cf1,1666.666667,default,en,structural-specification-transition,source-root-structural-specification-only; nativeStage=800x600; rootFrame=21/50; structuralReasons=static-root-render-hash-transition; runtimeReachability=unresolved,source-static-root-frame-selection-only; no runtime trigger or causality claimed; strictAcceptanceEffect=none,,,,,,,,,,audit/scenario-inventory.json@sha256:28dd4e2151eb2441797fa22a9a552f078800a7642a5d254716dacf325c56d7d2; baseline/ffdec-root-frames.json@sha256:bffd06fb7a2b0b18374798204aa932e580cc4bac6636bd2cd49341e2bf52fe0c; evidence/full-frame-coverage.json@sha256:d5bf88e0503553c16bf0a08ed570095a3bf2c940e7c709f31a6a082216fe3df4; migrations/shell-course-g04-l10-index-local/audit/trace-specs/lesson-releases/lesson-g04-l10-perimeter-area/req-default-root-en.json@sha256:328f370798b3e3dacff41af9d01bf0c7e9c6a7f3c945262a1d28238c6cbff179; migrations/lesson-release-trace-spec-indexes/lesson-g04-l10-perimeter-area.json@sha256:d2f846831fa9a5c7c3a7e9cb0276a8b3671fbf6c26d17067bf4610c132e8687f; audit/frame-domain-disposition.json@sha256:1dc69e29b1e2fe30c3594ba4c08c3f55ee96deaa5071051fb10a0c7e8e9f77a9,,"Source-evidenced root structural specification only. Runtime reachability and natural playback remain unresolved. EN and ES rows bind separate exact coverage identities; no language visual difference or bilingual acceptance is asserted. Audio cue content, timing, host synchronization, and Replay behavior remain unresolved. Nested keyframes are not invented. Baseline, implementation, diff, RMSE, timing, visual-result, and reviewer fields are intentionally blank. Fidelity, human review, owner acceptance, strict completion, and publication remain unresolved. strictAcceptanceEffect=none."
21,req-default-root-es,root,default-root-es,4e4bcf0390c6fd9bb1539b0c26a8555d9e4034ef5c591548bdb1f9a506f70067,1666.666667,default,es,structural-specification-transition,source-root-structural-specification-only; nativeStage=800x600; rootFrame=21/50; structuralReasons=static-root-render-hash-transition; runtimeReachability=unresolved,source-static-root-frame-selection-only; no runtime trigger or causality claimed; strictAcceptanceEffect=none,,,,,,,,,,audit/scenario-inventory.json@sha256:28dd4e2151eb2441797fa22a9a552f078800a7642a5d254716dacf325c56d7d2; baseline/ffdec-root-frames.json@sha256:bffd06fb7a2b0b18374798204aa932e580cc4bac6636bd2cd49341e2bf52fe0c; evidence/full-frame-coverage.json@sha256:d5bf88e0503553c16bf0a08ed570095a3bf2c940e7c709f31a6a082216fe3df4; migrations/shell-course-g04-l10-index-local/audit/trace-specs/lesson-releases/lesson-g04-l10-perimeter-area/req-default-root-es.json@sha256:a0a6dbfe5a8271e312792c1cc2b30a5ad08a0044e59aa44c831660f730759592; migrations/lesson-release-trace-spec-indexes/lesson-g04-l10-perimeter-area.json@sha256:d2f846831fa9a5c7c3a7e9cb0276a8b3671fbf6c26d17067bf4610c132e8687f; audit/frame-domain-disposition.json@sha256:1dc69e29b1e2fe30c3594ba4c08c3f55ee96deaa5071051fb10a0c7e8e9f77a9,,"Source-evidenced root structural specification only. Runtime reachability and natural playback remain unresolved. EN and ES rows bind separate exact coverage identities; no language visual difference or bilingual acceptance is asserted. Audio cue content, timing, host synchronization, and Replay behavior remain unresolved. Nested keyframes are not invented. Baseline, implementation, diff, RMSE, timing, visual-result, and reviewer fields are intentionally blank. Fidelity, human review, owner acceptance, strict completion, and publication remain unresolved. strictAcceptanceEffect=none."
22,req-default-root-en,root,default-root-en,bf209e3302a76c14fff3e7e12f6fdc0f9bc01d4934aadd03334b5c3cf61b7cf1,1750,default,en,structural-specification-transition,source-root-structural-specification-only; nativeStage=800x600; rootFrame=22/50; structuralReasons=static-root-render-hash-transition; runtimeReachability=unresolved,source-static-root-frame-selection-only; no runtime trigger or causality claimed; strictAcceptanceEffect=none,,,,,,,,,,audit/scenario-inventory.json@sha256:28dd4e2151eb2441797fa22a9a552f078800a7642a5d254716dacf325c56d7d2; baseline/ffdec-root-frames.json@sha256:bffd06fb7a2b0b18374798204aa932e580cc4bac6636bd2cd49341e2bf52fe0c; evidence/full-frame-coverage.json@sha256:d5bf88e0503553c16bf0a08ed570095a3bf2c940e7c709f31a6a082216fe3df4; migrations/shell-course-g04-l10-index-local/audit/trace-specs/lesson-releases/lesson-g04-l10-perimeter-area/req-default-root-en.json@sha256:328f370798b3e3dacff41af9d01bf0c7e9c6a7f3c945262a1d28238c6cbff179; migrations/lesson-release-trace-spec-indexes/lesson-g04-l10-perimeter-area.json@sha256:d2f846831fa9a5c7c3a7e9cb0276a8b3671fbf6c26d17067bf4610c132e8687f; audit/frame-domain-disposition.json@sha256:1dc69e29b1e2fe30c3594ba4c08c3f55ee96deaa5071051fb10a0c7e8e9f77a9,,"Source-evidenced root structural specification only. Runtime reachability and natural playback remain unresolved. EN and ES rows bind separate exact coverage identities; no language visual difference or bilingual acceptance is asserted. Audio cue content, timing, host synchronization, and Replay behavior remain unresolved. Nested keyframes are not invented. Baseline, implementation, diff, RMSE, timing, visual-result, and reviewer fields are intentionally blank. Fidelity, human review, owner acceptance, strict completion, and publication remain unresolved. strictAcceptanceEffect=none."
22,req-default-root-es,root,default-root-es,4e4bcf0390c6fd9bb1539b0c26a8555d9e4034ef5c591548bdb1f9a506f70067,1750,default,es,structural-specification-transition,source-root-structural-specification-only; nativeStage=800x600; rootFrame=22/50; structuralReasons=static-root-render-hash-transition; runtimeReachability=unresolved,source-static-root-frame-selection-only; no runtime trigger or causality claimed; strictAcceptanceEffect=none,,,,,,,,,,audit/scenario-inventory.json@sha256:28dd4e2151eb2441797fa22a9a552f078800a7642a5d254716dacf325c56d7d2; baseline/ffdec-root-frames.json@sha256:bffd06fb7a2b0b18374798204aa932e580cc4bac6636bd2cd49341e2bf52fe0c; evidence/full-frame-coverage.json@sha256:d5bf88e0503553c16bf0a08ed570095a3bf2c940e7c709f31a6a082216fe3df4; migrations/shell-course-g04-l10-index-local/audit/trace-specs/lesson-releases/lesson-g04-l10-perimeter-area/req-default-root-es.json@sha256:a0a6dbfe5a8271e312792c1cc2b30a5ad08a0044e59aa44c831660f730759592; migrations/lesson-release-trace-spec-indexes/lesson-g04-l10-perimeter-area.json@sha256:d2f846831fa9a5c7c3a7e9cb0276a8b3671fbf6c26d17067bf4610c132e8687f; audit/frame-domain-disposition.json@sha256:1dc69e29b1e2fe30c3594ba4c08c3f55ee96deaa5071051fb10a0c7e8e9f77a9,,"Source-evidenced root structural specification only. Runtime reachability and natural playback remain unresolved. EN and ES rows bind separate exact coverage identities; no language visual difference or bilingual acceptance is asserted. Audio cue content, timing, host synchronization, and Replay behavior remain unresolved. Nested keyframes are not invented. Baseline, implementation, diff, RMSE, timing, visual-result, and reviewer fields are intentionally blank. Fidelity, human review, owner acceptance, strict completion, and publication remain unresolved. strictAcceptanceEffect=none."
23,req-default-root-en,root,default-root-en,bf209e3302a76c14fff3e7e12f6fdc0f9bc01d4934aadd03334b5c3cf61b7cf1,1833.333333,default,en,structural-specification-transition,source-root-structural-specification-only; nativeStage=800x600; rootFrame=23/50; structuralReasons=static-root-render-hash-transition; runtimeReachability=unresolved,source-static-root-frame-selection-only; no runtime trigger or causality claimed; strictAcceptanceEffect=none,,,,,,,,,,audit/scenario-inventory.json@sha256:28dd4e2151eb2441797fa22a9a552f078800a7642a5d254716dacf325c56d7d2; baseline/ffdec-root-frames.json@sha256:bffd06fb7a2b0b18374798204aa932e580cc4bac6636bd2cd49341e2bf52fe0c; evidence/full-frame-coverage.json@sha256:d5bf88e0503553c16bf0a08ed570095a3bf2c940e7c709f31a6a082216fe3df4; migrations/shell-course-g04-l10-index-local/audit/trace-specs/lesson-releases/lesson-g04-l10-perimeter-area/req-default-root-en.json@sha256:328f370798b3e3dacff41af9d01bf0c7e9c6a7f3c945262a1d28238c6cbff179; migrations/lesson-release-trace-spec-indexes/lesson-g04-l10-perimeter-area.json@sha256:d2f846831fa9a5c7c3a7e9cb0276a8b3671fbf6c26d17067bf4610c132e8687f; audit/frame-domain-disposition.json@sha256:1dc69e29b1e2fe30c3594ba4c08c3f55ee96deaa5071051fb10a0c7e8e9f77a9,,"Source-evidenced root structural specification only. Runtime reachability and natural playback remain unresolved. EN and ES rows bind separate exact coverage identities; no language visual difference or bilingual acceptance is asserted. Audio cue content, timing, host synchronization, and Replay behavior remain unresolved. Nested keyframes are not invented. Baseline, implementation, diff, RMSE, timing, visual-result, and reviewer fields are intentionally blank. Fidelity, human review, owner acceptance, strict completion, and publication remain unresolved. strictAcceptanceEffect=none."
23,req-default-root-es,root,default-root-es,4e4bcf0390c6fd9bb1539b0c26a8555d9e4034ef5c591548bdb1f9a506f70067,1833.333333,default,es,structural-specification-transition,source-root-structural-specification-only; nativeStage=800x600; rootFrame=23/50; structuralReasons=static-root-render-hash-transition; runtimeReachability=unresolved,source-static-root-frame-selection-only; no runtime trigger or causality claimed; strictAcceptanceEffect=none,,,,,,,,,,audit/scenario-inventory.json@sha256:28dd4e2151eb2441797fa22a9a552f078800a7642a5d254716dacf325c56d7d2; baseline/ffdec-root-frames.json@sha256:bffd06fb7a2b0b18374798204aa932e580cc4bac6636bd2cd49341e2bf52fe0c; evidence/full-frame-coverage.json@sha256:d5bf88e0503553c16bf0a08ed570095a3bf2c940e7c709f31a6a082216fe3df4; migrations/shell-course-g04-l10-index-local/audit/trace-specs/lesson-releases/lesson-g04-l10-perimeter-area/req-default-root-es.json@sha256:a0a6dbfe5a8271e312792c1cc2b30a5ad08a0044e59aa44c831660f730759592; migrations/lesson-release-trace-spec-indexes/lesson-g04-l10-perimeter-area.json@sha256:d2f846831fa9a5c7c3a7e9cb0276a8b3671fbf6c26d17067bf4610c132e8687f; audit/frame-domain-disposition.json@sha256:1dc69e29b1e2fe30c3594ba4c08c3f55ee96deaa5071051fb10a0c7e8e9f77a9,,"Source-evidenced root structural specification only. Runtime reachability and natural playback remain unresolved. EN and ES rows bind separate exact coverage identities; no language visual difference or bilingual acceptance is asserted. Audio cue content, timing, host synchronization, and Replay behavior remain unresolved. Nested keyframes are not invented. Baseline, implementation, diff, RMSE, timing, visual-result, and reviewer fields are intentionally blank. Fidelity, human review, owner acceptance, strict completion, and publication remain unresolved. strictAcceptanceEffect=none."
24,req-default-root-en,root,default-root-en,bf209e3302a76c14fff3e7e12f6fdc0f9bc01d4934aadd03334b5c3cf61b7cf1,1916.666667,default,en,structural-specification-transition,source-root-structural-specification-only; nativeStage=800x600; rootFrame=24/50; structuralReasons=static-root-render-hash-transition; runtimeReachability=unresolved,source-static-root-frame-selection-only; no runtime trigger or causality claimed; strictAcceptanceEffect=none,,,,,,,,,,audit/scenario-inventory.json@sha256:28dd4e2151eb2441797fa22a9a552f078800a7642a5d254716dacf325c56d7d2; baseline/ffdec-root-frames.json@sha256:bffd06fb7a2b0b18374798204aa932e580cc4bac6636bd2cd49341e2bf52fe0c; evidence/full-frame-coverage.json@sha256:d5bf88e0503553c16bf0a08ed570095a3bf2c940e7c709f31a6a082216fe3df4; migrations/shell-course-g04-l10-index-local/audit/trace-specs/lesson-releases/lesson-g04-l10-perimeter-area/req-default-root-en.json@sha256:328f370798b3e3dacff41af9d01bf0c7e9c6a7f3c945262a1d28238c6cbff179; migrations/lesson-release-trace-spec-indexes/lesson-g04-l10-perimeter-area.json@sha256:d2f846831fa9a5c7c3a7e9cb0276a8b3671fbf6c26d17067bf4610c132e8687f; audit/frame-domain-disposition.json@sha256:1dc69e29b1e2fe30c3594ba4c08c3f55ee96deaa5071051fb10a0c7e8e9f77a9,,"Source-evidenced root structural specification only. Runtime reachability and natural playback remain unresolved. EN and ES rows bind separate exact coverage identities; no language visual difference or bilingual acceptance is asserted. Audio cue content, timing, host synchronization, and Replay behavior remain unresolved. Nested keyframes are not invented. Baseline, implementation, diff, RMSE, timing, visual-result, and reviewer fields are intentionally blank. Fidelity, human review, owner acceptance, strict completion, and publication remain unresolved. strictAcceptanceEffect=none."
24,req-default-root-es,root,default-root-es,4e4bcf0390c6fd9bb1539b0c26a8555d9e4034ef5c591548bdb1f9a506f70067,1916.666667,default,es,structural-specification-transition,source-root-structural-specification-only; nativeStage=800x600; rootFrame=24/50; structuralReasons=static-root-render-hash-transition; runtimeReachability=unresolved,source-static-root-frame-selection-only; no runtime trigger or causality claimed; strictAcceptanceEffect=none,,,,,,,,,,audit/scenario-inventory.json@sha256:28dd4e2151eb2441797fa22a9a552f078800a7642a5d254716dacf325c56d7d2; baseline/ffdec-root-frames.json@sha256:bffd06fb7a2b0b18374798204aa932e580cc4bac6636bd2cd49341e2bf52fe0c; evidence/full-frame-coverage.json@sha256:d5bf88e0503553c16bf0a08ed570095a3bf2c940e7c709f31a6a082216fe3df4; migrations/shell-course-g04-l10-index-local/audit/trace-specs/lesson-releases/lesson-g04-l10-perimeter-area/req-default-root-es.json@sha256:a0a6dbfe5a8271e312792c1cc2b30a5ad08a0044e59aa44c831660f730759592; migrations/lesson-release-trace-spec-indexes/lesson-g04-l10-perimeter-area.json@sha256:d2f846831fa9a5c7c3a7e9cb0276a8b3671fbf6c26d17067bf4610c132e8687f; audit/frame-domain-disposition.json@sha256:1dc69e29b1e2fe30c3594ba4c08c3f55ee96deaa5071051fb10a0c7e8e9f77a9,,"Source-evidenced root structural specification only. Runtime reachability and natural playback remain unresolved. EN and ES rows bind separate exact coverage identities; no language visual difference or bilingual acceptance is asserted. Audio cue content, timing, host synchronization, and Replay behavior remain unresolved. Nested keyframes are not invented. Baseline, implementation, diff, RMSE, timing, visual-result, and reviewer fields are intentionally blank. Fidelity, human review, owner acceptance, strict completion, and publication remain unresolved. strictAcceptanceEffect=none."
25,req-default-root-en,root,default-root-en,bf209e3302a76c14fff3e7e12f6fdc0f9bc01d4934aadd03334b5c3cf61b7cf1,2000,default,en,structural-specification-transition,source-root-structural-specification-only; nativeStage=800x600; rootFrame=25/50; structuralReasons=static-root-render-hash-transition; runtimeReachability=unresolved,source-static-root-frame-selection-only; no runtime trigger or causality claimed; strictAcceptanceEffect=none,,,,,,,,,,audit/scenario-inventory.json@sha256:28dd4e2151eb2441797fa22a9a552f078800a7642a5d254716dacf325c56d7d2; baseline/ffdec-root-frames.json@sha256:bffd06fb7a2b0b18374798204aa932e580cc4bac6636bd2cd49341e2bf52fe0c; evidence/full-frame-coverage.json@sha256:d5bf88e0503553c16bf0a08ed570095a3bf2c940e7c709f31a6a082216fe3df4; migrations/shell-course-g04-l10-index-local/audit/trace-specs/lesson-releases/lesson-g04-l10-perimeter-area/req-default-root-en.json@sha256:328f370798b3e3dacff41af9d01bf0c7e9c6a7f3c945262a1d28238c6cbff179; migrations/lesson-release-trace-spec-indexes/lesson-g04-l10-perimeter-area.json@sha256:d2f846831fa9a5c7c3a7e9cb0276a8b3671fbf6c26d17067bf4610c132e8687f; audit/frame-domain-disposition.json@sha256:1dc69e29b1e2fe30c3594ba4c08c3f55ee96deaa5071051fb10a0c7e8e9f77a9,,"Source-evidenced root structural specification only. Runtime reachability and natural playback remain unresolved. EN and ES rows bind separate exact coverage identities; no language visual difference or bilingual acceptance is asserted. Audio cue content, timing, host synchronization, and Replay behavior remain unresolved. Nested keyframes are not invented. Baseline, implementation, diff, RMSE, timing, visual-result, and reviewer fields are intentionally blank. Fidelity, human review, owner acceptance, strict completion, and publication remain unresolved. strictAcceptanceEffect=none."
25,req-default-root-es,root,default-root-es,4e4bcf0390c6fd9bb1539b0c26a8555d9e4034ef5c591548bdb1f9a506f70067,2000,default,es,structural-specification-transition,source-root-structural-specification-only; nativeStage=800x600; rootFrame=25/50; structuralReasons=static-root-render-hash-transition; runtimeReachability=unresolved,source-static-root-frame-selection-only; no runtime trigger or causality claimed; strictAcceptanceEffect=none,,,,,,,,,,audit/scenario-inventory.json@sha256:28dd4e2151eb2441797fa22a9a552f078800a7642a5d254716dacf325c56d7d2; baseline/ffdec-root-frames.json@sha256:bffd06fb7a2b0b18374798204aa932e580cc4bac6636bd2cd49341e2bf52fe0c; evidence/full-frame-coverage.json@sha256:d5bf88e0503553c16bf0a08ed570095a3bf2c940e7c709f31a6a082216fe3df4; migrations/shell-course-g04-l10-index-local/audit/trace-specs/lesson-releases/lesson-g04-l10-perimeter-area/req-default-root-es.json@sha256:a0a6dbfe5a8271e312792c1cc2b30a5ad08a0044e59aa44c831660f730759592; migrations/lesson-release-trace-spec-indexes/lesson-g04-l10-perimeter-area.json@sha256:d2f846831fa9a5c7c3a7e9cb0276a8b3671fbf6c26d17067bf4610c132e8687f; audit/frame-domain-disposition.json@sha256:1dc69e29b1e2fe30c3594ba4c08c3f55ee96deaa5071051fb10a0c7e8e9f77a9,,"Source-evidenced root structural specification only. Runtime reachability and natural playback remain unresolved. EN and ES rows bind separate exact coverage identities; no language visual difference or bilingual acceptance is asserted. Audio cue content, timing, host synchronization, and Replay behavior remain unresolved. Nested keyframes are not invented. Baseline, implementation, diff, RMSE, timing, visual-result, and reviewer fields are intentionally blank. Fidelity, human review, owner acceptance, strict completion, and publication remain unresolved. strictAcceptanceEffect=none."
26,req-default-root-en,root,default-root-en,bf209e3302a76c14fff3e7e12f6fdc0f9bc01d4934aadd03334b5c3cf61b7cf1,2083.333333,default,en,structural-specification-transition,source-root-structural-specification-only; nativeStage=800x600; rootFrame=26/50; structuralReasons=static-root-render-hash-transition; runtimeReachability=unresolved,source-static-root-frame-selection-only; no runtime trigger or causality claimed; strictAcceptanceEffect=none,,,,,,,,,,audit/scenario-inventory.json@sha256:28dd4e2151eb2441797fa22a9a552f078800a7642a5d254716dacf325c56d7d2; baseline/ffdec-root-frames.json@sha256:bffd06fb7a2b0b18374798204aa932e580cc4bac6636bd2cd49341e2bf52fe0c; evidence/full-frame-coverage.json@sha256:d5bf88e0503553c16bf0a08ed570095a3bf2c940e7c709f31a6a082216fe3df4; migrations/shell-course-g04-l10-index-local/audit/trace-specs/lesson-releases/lesson-g04-l10-perimeter-area/req-default-root-en.json@sha256:328f370798b3e3dacff41af9d01bf0c7e9c6a7f3c945262a1d28238c6cbff179; migrations/lesson-release-trace-spec-indexes/lesson-g04-l10-perimeter-area.json@sha256:d2f846831fa9a5c7c3a7e9cb0276a8b3671fbf6c26d17067bf4610c132e8687f; audit/frame-domain-disposition.json@sha256:1dc69e29b1e2fe30c3594ba4c08c3f55ee96deaa5071051fb10a0c7e8e9f77a9,,"Source-evidenced root structural specification only. Runtime reachability and natural playback remain unresolved. EN and ES rows bind separate exact coverage identities; no language visual difference or bilingual acceptance is asserted. Audio cue content, timing, host synchronization, and Replay behavior remain unresolved. Nested keyframes are not invented. Baseline, implementation, diff, RMSE, timing, visual-result, and reviewer fields are intentionally blank. Fidelity, human review, owner acceptance, strict completion, and publication remain unresolved. strictAcceptanceEffect=none."
26,req-default-root-es,root,default-root-es,4e4bcf0390c6fd9bb1539b0c26a8555d9e4034ef5c591548bdb1f9a506f70067,2083.333333,default,es,structural-specification-transition,source-root-structural-specification-only; nativeStage=800x600; rootFrame=26/50; structuralReasons=static-root-render-hash-transition; runtimeReachability=unresolved,source-static-root-frame-selection-only; no runtime trigger or causality claimed; strictAcceptanceEffect=none,,,,,,,,,,audit/scenario-inventory.json@sha256:28dd4e2151eb2441797fa22a9a552f078800a7642a5d254716dacf325c56d7d2; baseline/ffdec-root-frames.json@sha256:bffd06fb7a2b0b18374798204aa932e580cc4bac6636bd2cd49341e2bf52fe0c; evidence/full-frame-coverage.json@sha256:d5bf88e0503553c16bf0a08ed570095a3bf2c940e7c709f31a6a082216fe3df4; migrations/shell-course-g04-l10-index-local/audit/trace-specs/lesson-releases/lesson-g04-l10-perimeter-area/req-default-root-es.json@sha256:a0a6dbfe5a8271e312792c1cc2b30a5ad08a0044e59aa44c831660f730759592; migrations/lesson-release-trace-spec-indexes/lesson-g04-l10-perimeter-area.json@sha256:d2f846831fa9a5c7c3a7e9cb0276a8b3671fbf6c26d17067bf4610c132e8687f; audit/frame-domain-disposition.json@sha256:1dc69e29b1e2fe30c3594ba4c08c3f55ee96deaa5071051fb10a0c7e8e9f77a9,,"Source-evidenced root structural specification only. Runtime reachability and natural playback remain unresolved. EN and ES rows bind separate exact coverage identities; no language visual difference or bilingual acceptance is asserted. Audio cue content, timing, host synchronization, and Replay behavior remain unresolved. Nested keyframes are not invented. Baseline, implementation, diff, RMSE, timing, visual-result, and reviewer fields are intentionally blank. Fidelity, human review, owner acceptance, strict completion, and publication remain unresolved. strictAcceptanceEffect=none."
27,req-default-root-en,root,default-root-en,bf209e3302a76c14fff3e7e12f6fdc0f9bc01d4934aadd03334b5c3cf61b7cf1,2166.666667,default,en,structural-specification-transition,source-root-structural-specification-only; nativeStage=800x600; rootFrame=27/50; structuralReasons=static-root-render-hash-transition; runtimeReachability=unresolved,source-static-root-frame-selection-only; no runtime trigger or causality claimed; strictAcceptanceEffect=none,,,,,,,,,,audit/scenario-inventory.json@sha256:28dd4e2151eb2441797fa22a9a552f078800a7642a5d254716dacf325c56d7d2; baseline/ffdec-root-frames.json@sha256:bffd06fb7a2b0b18374798204aa932e580cc4bac6636bd2cd49341e2bf52fe0c; evidence/full-frame-coverage.json@sha256:d5bf88e0503553c16bf0a08ed570095a3bf2c940e7c709f31a6a082216fe3df4; migrations/shell-course-g04-l10-index-local/audit/trace-specs/lesson-releases/lesson-g04-l10-perimeter-area/req-default-root-en.json@sha256:328f370798b3e3dacff41af9d01bf0c7e9c6a7f3c945262a1d28238c6cbff179; migrations/lesson-release-trace-spec-indexes/lesson-g04-l10-perimeter-area.json@sha256:d2f846831fa9a5c7c3a7e9cb0276a8b3671fbf6c26d17067bf4610c132e8687f; audit/frame-domain-disposition.json@sha256:1dc69e29b1e2fe30c3594ba4c08c3f55ee96deaa5071051fb10a0c7e8e9f77a9,,"Source-evidenced root structural specification only. Runtime reachability and natural playback remain unresolved. EN and ES rows bind separate exact coverage identities; no language visual difference or bilingual acceptance is asserted. Audio cue content, timing, host synchronization, and Replay behavior remain unresolved. Nested keyframes are not invented. Baseline, implementation, diff, RMSE, timing, visual-result, and reviewer fields are intentionally blank. Fidelity, human review, owner acceptance, strict completion, and publication remain unresolved. strictAcceptanceEffect=none."
27,req-default-root-es,root,default-root-es,4e4bcf0390c6fd9bb1539b0c26a8555d9e4034ef5c591548bdb1f9a506f70067,2166.666667,default,es,structural-specification-transition,source-root-structural-specification-only; nativeStage=800x600; rootFrame=27/50; structuralReasons=static-root-render-hash-transition; runtimeReachability=unresolved,source-static-root-frame-selection-only; no runtime trigger or causality claimed; strictAcceptanceEffect=none,,,,,,,,,,audit/scenario-inventory.json@sha256:28dd4e2151eb2441797fa22a9a552f078800a7642a5d254716dacf325c56d7d2; baseline/ffdec-root-frames.json@sha256:bffd06fb7a2b0b18374798204aa932e580cc4bac6636bd2cd49341e2bf52fe0c; evidence/full-frame-coverage.json@sha256:d5bf88e0503553c16bf0a08ed570095a3bf2c940e7c709f31a6a082216fe3df4; migrations/shell-course-g04-l10-index-local/audit/trace-specs/lesson-releases/lesson-g04-l10-perimeter-area/req-default-root-es.json@sha256:a0a6dbfe5a8271e312792c1cc2b30a5ad08a0044e59aa44c831660f730759592; migrations/lesson-release-trace-spec-indexes/lesson-g04-l10-perimeter-area.json@sha256:d2f846831fa9a5c7c3a7e9cb0276a8b3671fbf6c26d17067bf4610c132e8687f; audit/frame-domain-disposition.json@sha256:1dc69e29b1e2fe30c3594ba4c08c3f55ee96deaa5071051fb10a0c7e8e9f77a9,,"Source-evidenced root structural specification only. Runtime reachability and natural playback remain unresolved. EN and ES rows bind separate exact coverage identities; no language visual difference or bilingual acceptance is asserted. Audio cue content, timing, host synchronization, and Replay behavior remain unresolved. Nested keyframes are not invented. Baseline, implementation, diff, RMSE, timing, visual-result, and reviewer fields are intentionally blank. Fidelity, human review, owner acceptance, strict completion, and publication remain unresolved. strictAcceptanceEffect=none."
28,req-default-root-en,root,default-root-en,bf209e3302a76c14fff3e7e12f6fdc0f9bc01d4934aadd03334b5c3cf61b7cf1,2250,default,en,structural-specification-transition,source-root-structural-specification-only; nativeStage=800x600; rootFrame=28/50; structuralReasons=static-root-render-hash-transition; runtimeReachability=unresolved,source-static-root-frame-selection-only; no runtime trigger or causality claimed; strictAcceptanceEffect=none,,,,,,,,,,audit/scenario-inventory.json@sha256:28dd4e2151eb2441797fa22a9a552f078800a7642a5d254716dacf325c56d7d2; baseline/ffdec-root-frames.json@sha256:bffd06fb7a2b0b18374798204aa932e580cc4bac6636bd2cd49341e2bf52fe0c; evidence/full-frame-coverage.json@sha256:d5bf88e0503553c16bf0a08ed570095a3bf2c940e7c709f31a6a082216fe3df4; migrations/shell-course-g04-l10-index-local/audit/trace-specs/lesson-releases/lesson-g04-l10-perimeter-area/req-default-root-en.json@sha256:328f370798b3e3dacff41af9d01bf0c7e9c6a7f3c945262a1d28238c6cbff179; migrations/lesson-release-trace-spec-indexes/lesson-g04-l10-perimeter-area.json@sha256:d2f846831fa9a5c7c3a7e9cb0276a8b3671fbf6c26d17067bf4610c132e8687f; audit/frame-domain-disposition.json@sha256:1dc69e29b1e2fe30c3594ba4c08c3f55ee96deaa5071051fb10a0c7e8e9f77a9,,"Source-evidenced root structural specification only. Runtime reachability and natural playback remain unresolved. EN and ES rows bind separate exact coverage identities; no language visual difference or bilingual acceptance is asserted. Audio cue content, timing, host synchronization, and Replay behavior remain unresolved. Nested keyframes are not invented. Baseline, implementation, diff, RMSE, timing, visual-result, and reviewer fields are intentionally blank. Fidelity, human review, owner acceptance, strict completion, and publication remain unresolved. strictAcceptanceEffect=none."
28,req-default-root-es,root,default-root-es,4e4bcf0390c6fd9bb1539b0c26a8555d9e4034ef5c591548bdb1f9a506f70067,2250,default,es,structural-specification-transition,source-root-structural-specification-only; nativeStage=800x600; rootFrame=28/50; structuralReasons=static-root-render-hash-transition; runtimeReachability=unresolved,source-static-root-frame-selection-only; no runtime trigger or causality claimed; strictAcceptanceEffect=none,,,,,,,,,,audit/scenario-inventory.json@sha256:28dd4e2151eb2441797fa22a9a552f078800a7642a5d254716dacf325c56d7d2; baseline/ffdec-root-frames.json@sha256:bffd06fb7a2b0b18374798204aa932e580cc4bac6636bd2cd49341e2bf52fe0c; evidence/full-frame-coverage.json@sha256:d5bf88e0503553c16bf0a08ed570095a3bf2c940e7c709f31a6a082216fe3df4; migrations/shell-course-g04-l10-index-local/audit/trace-specs/lesson-releases/lesson-g04-l10-perimeter-area/req-default-root-es.json@sha256:a0a6dbfe5a8271e312792c1cc2b30a5ad08a0044e59aa44c831660f730759592; migrations/lesson-release-trace-spec-indexes/lesson-g04-l10-perimeter-area.json@sha256:d2f846831fa9a5c7c3a7e9cb0276a8b3671fbf6c26d17067bf4610c132e8687f; audit/frame-domain-disposition.json@sha256:1dc69e29b1e2fe30c3594ba4c08c3f55ee96deaa5071051fb10a0c7e8e9f77a9,,"Source-evidenced root structural specification only. Runtime reachability and natural playback remain unresolved. EN and ES rows bind separate exact coverage identities; no language visual difference or bilingual acceptance is asserted. Audio cue content, timing, host synchronization, and Replay behavior remain unresolved. Nested keyframes are not invented. Baseline, implementation, diff, RMSE, timing, visual-result, and reviewer fields are intentionally blank. Fidelity, human review, owner acceptance, strict completion, and publication remain unresolved. strictAcceptanceEffect=none."
29,req-default-root-en,root,default-root-en,bf209e3302a76c14fff3e7e12f6fdc0f9bc01d4934aadd03334b5c3cf61b7cf1,2333.333333,default,en,structural-specification-transition,source-root-structural-specification-only; nativeStage=800x600; rootFrame=29/50; structuralReasons=static-root-render-hash-transition; runtimeReachability=unresolved,source-static-root-frame-selection-only; no runtime trigger or causality claimed; strictAcceptanceEffect=none,,,,,,,,,,audit/scenario-inventory.json@sha256:28dd4e2151eb2441797fa22a9a552f078800a7642a5d254716dacf325c56d7d2; baseline/ffdec-root-frames.json@sha256:bffd06fb7a2b0b18374798204aa932e580cc4bac6636bd2cd49341e2bf52fe0c; evidence/full-frame-coverage.json@sha256:d5bf88e0503553c16bf0a08ed570095a3bf2c940e7c709f31a6a082216fe3df4; migrations/shell-course-g04-l10-index-local/audit/trace-specs/lesson-releases/lesson-g04-l10-perimeter-area/req-default-root-en.json@sha256:328f370798b3e3dacff41af9d01bf0c7e9c6a7f3c945262a1d28238c6cbff179; migrations/lesson-release-trace-spec-indexes/lesson-g04-l10-perimeter-area.json@sha256:d2f846831fa9a5c7c3a7e9cb0276a8b3671fbf6c26d17067bf4610c132e8687f; audit/frame-domain-disposition.json@sha256:1dc69e29b1e2fe30c3594ba4c08c3f55ee96deaa5071051fb10a0c7e8e9f77a9,,"Source-evidenced root structural specification only. Runtime reachability and natural playback remain unresolved. EN and ES rows bind separate exact coverage identities; no language visual difference or bilingual acceptance is asserted. Audio cue content, timing, host synchronization, and Replay behavior remain unresolved. Nested keyframes are not invented. Baseline, implementation, diff, RMSE, timing, visual-result, and reviewer fields are intentionally blank. Fidelity, human review, owner acceptance, strict completion, and publication remain unresolved. strictAcceptanceEffect=none."
29,req-default-root-es,root,default-root-es,4e4bcf0390c6fd9bb1539b0c26a8555d9e4034ef5c591548bdb1f9a506f70067,2333.333333,default,es,structural-specification-transition,source-root-structural-specification-only; nativeStage=800x600; rootFrame=29/50; structuralReasons=static-root-render-hash-transition; runtimeReachability=unresolved,source-static-root-frame-selection-only; no runtime trigger or causality claimed; strictAcceptanceEffect=none,,,,,,,,,,audit/scenario-inventory.json@sha256:28dd4e2151eb2441797fa22a9a552f078800a7642a5d254716dacf325c56d7d2; baseline/ffdec-root-frames.json@sha256:bffd06fb7a2b0b18374798204aa932e580cc4bac6636bd2cd49341e2bf52fe0c; evidence/full-frame-coverage.json@sha256:d5bf88e0503553c16bf0a08ed570095a3bf2c940e7c709f31a6a082216fe3df4; migrations/shell-course-g04-l10-index-local/audit/trace-specs/lesson-releases/lesson-g04-l10-perimeter-area/req-default-root-es.json@sha256:a0a6dbfe5a8271e312792c1cc2b30a5ad08a0044e59aa44c831660f730759592; migrations/lesson-release-trace-spec-indexes/lesson-g04-l10-perimeter-area.json@sha256:d2f846831fa9a5c7c3a7e9cb0276a8b3671fbf6c26d17067bf4610c132e8687f; audit/frame-domain-disposition.json@sha256:1dc69e29b1e2fe30c3594ba4c08c3f55ee96deaa5071051fb10a0c7e8e9f77a9,,"Source-evidenced root structural specification only. Runtime reachability and natural playback remain unresolved. EN and ES rows bind separate exact coverage identities; no language visual difference or bilingual acceptance is asserted. Audio cue content, timing, host synchronization, and Replay behavior remain unresolved. Nested keyframes are not invented. Baseline, implementation, diff, RMSE, timing, visual-result, and reviewer fields are intentionally blank. Fidelity, human review, owner acceptance, strict completion, and publication remain unresolved. strictAcceptanceEffect=none."
30,req-default-root-en,root,default-root-en,bf209e3302a76c14fff3e7e12f6fdc0f9bc01d4934aadd03334b5c3cf61b7cf1,2416.666667,default,en,structural-specification-transition,source-root-structural-specification-only; nativeStage=800x600; rootFrame=30/50; structuralReasons=static-root-render-hash-transition; runtimeReachability=unresolved,source-static-root-frame-selection-only; no runtime trigger or causality claimed; strictAcceptanceEffect=none,,,,,,,,,,audit/scenario-inventory.json@sha256:28dd4e2151eb2441797fa22a9a552f078800a7642a5d254716dacf325c56d7d2; baseline/ffdec-root-frames.json@sha256:bffd06fb7a2b0b18374798204aa932e580cc4bac6636bd2cd49341e2bf52fe0c; evidence/full-frame-coverage.json@sha256:d5bf88e0503553c16bf0a08ed570095a3bf2c940e7c709f31a6a082216fe3df4; migrations/shell-course-g04-l10-index-local/audit/trace-specs/lesson-releases/lesson-g04-l10-perimeter-area/req-default-root-en.json@sha256:328f370798b3e3dacff41af9d01bf0c7e9c6a7f3c945262a1d28238c6cbff179; migrations/lesson-release-trace-spec-indexes/lesson-g04-l10-perimeter-area.json@sha256:d2f846831fa9a5c7c3a7e9cb0276a8b3671fbf6c26d17067bf4610c132e8687f; audit/frame-domain-disposition.json@sha256:1dc69e29b1e2fe30c3594ba4c08c3f55ee96deaa5071051fb10a0c7e8e9f77a9,,"Source-evidenced root structural specification only. Runtime reachability and natural playback remain unresolved. EN and ES rows bind separate exact coverage identities; no language visual difference or bilingual acceptance is asserted. Audio cue content, timing, host synchronization, and Replay behavior remain unresolved. Nested keyframes are not invented. Baseline, implementation, diff, RMSE, timing, visual-result, and reviewer fields are intentionally blank. Fidelity, human review, owner acceptance, strict completion, and publication remain unresolved. strictAcceptanceEffect=none."
30,req-default-root-es,root,default-root-es,4e4bcf0390c6fd9bb1539b0c26a8555d9e4034ef5c591548bdb1f9a506f70067,2416.666667,default,es,structural-specification-transition,source-root-structural-specification-only; nativeStage=800x600; rootFrame=30/50; structuralReasons=static-root-render-hash-transition; runtimeReachability=unresolved,source-static-root-frame-selection-only; no runtime trigger or causality claimed; strictAcceptanceEffect=none,,,,,,,,,,audit/scenario-inventory.json@sha256:28dd4e2151eb2441797fa22a9a552f078800a7642a5d254716dacf325c56d7d2; baseline/ffdec-root-frames.json@sha256:bffd06fb7a2b0b18374798204aa932e580cc4bac6636bd2cd49341e2bf52fe0c; evidence/full-frame-coverage.json@sha256:d5bf88e0503553c16bf0a08ed570095a3bf2c940e7c709f31a6a082216fe3df4; migrations/shell-course-g04-l10-index-local/audit/trace-specs/lesson-releases/lesson-g04-l10-perimeter-area/req-default-root-es.json@sha256:a0a6dbfe5a8271e312792c1cc2b30a5ad08a0044e59aa44c831660f730759592; migrations/lesson-release-trace-spec-indexes/lesson-g04-l10-perimeter-area.json@sha256:d2f846831fa9a5c7c3a7e9cb0276a8b3671fbf6c26d17067bf4610c132e8687f; audit/frame-domain-disposition.json@sha256:1dc69e29b1e2fe30c3594ba4c08c3f55ee96deaa5071051fb10a0c7e8e9f77a9,,"Source-evidenced root structural specification only. Runtime reachability and natural playback remain unresolved. EN and ES rows bind separate exact coverage identities; no language visual difference or bilingual acceptance is asserted. Audio cue content, timing, host synchronization, and Replay behavior remain unresolved. Nested keyframes are not invented. Baseline, implementation, diff, RMSE, timing, visual-result, and reviewer fields are intentionally blank. Fidelity, human review, owner acceptance, strict completion, and publication remain unresolved. strictAcceptanceEffect=none."
31,req-default-root-en,root,default-root-en,bf209e3302a76c14fff3e7e12f6fdc0f9bc01d4934aadd03334b5c3cf61b7cf1,2500,default,en,structural-specification-transition,source-root-structural-specification-only; nativeStage=800x600; rootFrame=31/50; structuralReasons=static-root-render-hash-transition; runtimeReachability=unresolved,source-static-root-frame-selection-only; no runtime trigger or causality claimed; strictAcceptanceEffect=none,,,,,,,,,,audit/scenario-inventory.json@sha256:28dd4e2151eb2441797fa22a9a552f078800a7642a5d254716dacf325c56d7d2; baseline/ffdec-root-frames.json@sha256:bffd06fb7a2b0b18374798204aa932e580cc4bac6636bd2cd49341e2bf52fe0c; evidence/full-frame-coverage.json@sha256:d5bf88e0503553c16bf0a08ed570095a3bf2c940e7c709f31a6a082216fe3df4; migrations/shell-course-g04-l10-index-local/audit/trace-specs/lesson-releases/lesson-g04-l10-perimeter-area/req-default-root-en.json@sha256:328f370798b3e3dacff41af9d01bf0c7e9c6a7f3c945262a1d28238c6cbff179; migrations/lesson-release-trace-spec-indexes/lesson-g04-l10-perimeter-area.json@sha256:d2f846831fa9a5c7c3a7e9cb0276a8b3671fbf6c26d17067bf4610c132e8687f; audit/frame-domain-disposition.json@sha256:1dc69e29b1e2fe30c3594ba4c08c3f55ee96deaa5071051fb10a0c7e8e9f77a9,,"Source-evidenced root structural specification only. Runtime reachability and natural playback remain unresolved. EN and ES rows bind separate exact coverage identities; no language visual difference or bilingual acceptance is asserted. Audio cue content, timing, host synchronization, and Replay behavior remain unresolved. Nested keyframes are not invented. Baseline, implementation, diff, RMSE, timing, visual-result, and reviewer fields are intentionally blank. Fidelity, human review, owner acceptance, strict completion, and publication remain unresolved. strictAcceptanceEffect=none."
31,req-default-root-es,root,default-root-es,4e4bcf0390c6fd9bb1539b0c26a8555d9e4034ef5c591548bdb1f9a506f70067,2500,default,es,structural-specification-transition,source-root-structural-specification-only; nativeStage=800x600; rootFrame=31/50; structuralReasons=static-root-render-hash-transition; runtimeReachability=unresolved,source-static-root-frame-selection-only; no runtime trigger or causality claimed; strictAcceptanceEffect=none,,,,,,,,,,audit/scenario-inventory.json@sha256:28dd4e2151eb2441797fa22a9a552f078800a7642a5d254716dacf325c56d7d2; baseline/ffdec-root-frames.json@sha256:bffd06fb7a2b0b18374798204aa932e580cc4bac6636bd2cd49341e2bf52fe0c; evidence/full-frame-coverage.json@sha256:d5bf88e0503553c16bf0a08ed570095a3bf2c940e7c709f31a6a082216fe3df4; migrations/shell-course-g04-l10-index-local/audit/trace-specs/lesson-releases/lesson-g04-l10-perimeter-area/req-default-root-es.json@sha256:a0a6dbfe5a8271e312792c1cc2b30a5ad08a0044e59aa44c831660f730759592; migrations/lesson-release-trace-spec-indexes/lesson-g04-l10-perimeter-area.json@sha256:d2f846831fa9a5c7c3a7e9cb0276a8b3671fbf6c26d17067bf4610c132e8687f; audit/frame-domain-disposition.json@sha256:1dc69e29b1e2fe30c3594ba4c08c3f55ee96deaa5071051fb10a0c7e8e9f77a9,,"Source-evidenced root structural specification only. Runtime reachability and natural playback remain unresolved. EN and ES rows bind separate exact coverage identities; no language visual difference or bilingual acceptance is asserted. Audio cue content, timing, host synchronization, and Replay behavior remain unresolved. Nested keyframes are not invented. Baseline, implementation, diff, RMSE, timing, visual-result, and reviewer fields are intentionally blank. Fidelity, human review, owner acceptance, strict completion, and publication remain unresolved. strictAcceptanceEffect=none."
32,req-default-root-en,root,default-root-en,bf209e3302a76c14fff3e7e12f6fdc0f9bc01d4934aadd03334b5c3cf61b7cf1,2583.333333,default,en,structural-specification-transition,source-root-structural-specification-only; nativeStage=800x600; rootFrame=32/50; structuralReasons=static-root-render-hash-transition; runtimeReachability=unresolved,source-static-root-frame-selection-only; no runtime trigger or causality claimed; strictAcceptanceEffect=none,,,,,,,,,,audit/scenario-inventory.json@sha256:28dd4e2151eb2441797fa22a9a552f078800a7642a5d254716dacf325c56d7d2; baseline/ffdec-root-frames.json@sha256:bffd06fb7a2b0b18374798204aa932e580cc4bac6636bd2cd49341e2bf52fe0c; evidence/full-frame-coverage.json@sha256:d5bf88e0503553c16bf0a08ed570095a3bf2c940e7c709f31a6a082216fe3df4; migrations/shell-course-g04-l10-index-local/audit/trace-specs/lesson-releases/lesson-g04-l10-perimeter-area/req-default-root-en.json@sha256:328f370798b3e3dacff41af9d01bf0c7e9c6a7f3c945262a1d28238c6cbff179; migrations/lesson-release-trace-spec-indexes/lesson-g04-l10-perimeter-area.json@sha256:d2f846831fa9a5c7c3a7e9cb0276a8b3671fbf6c26d17067bf4610c132e8687f; audit/frame-domain-disposition.json@sha256:1dc69e29b1e2fe30c3594ba4c08c3f55ee96deaa5071051fb10a0c7e8e9f77a9,,"Source-evidenced root structural specification only. Runtime reachability and natural playback remain unresolved. EN and ES rows bind separate exact coverage identities; no language visual difference or bilingual acceptance is asserted. Audio cue content, timing, host synchronization, and Replay behavior remain unresolved. Nested keyframes are not invented. Baseline, implementation, diff, RMSE, timing, visual-result, and reviewer fields are intentionally blank. Fidelity, human review, owner acceptance, strict completion, and publication remain unresolved. strictAcceptanceEffect=none."
32,req-default-root-es,root,default-root-es,4e4bcf0390c6fd9bb1539b0c26a8555d9e4034ef5c591548bdb1f9a506f70067,2583.333333,default,es,structural-specification-transition,source-root-structural-specification-only; nativeStage=800x600; rootFrame=32/50; structuralReasons=static-root-render-hash-transition; runtimeReachability=unresolved,source-static-root-frame-selection-only; no runtime trigger or causality claimed; strictAcceptanceEffect=none,,,,,,,,,,audit/scenario-inventory.json@sha256:28dd4e2151eb2441797fa22a9a552f078800a7642a5d254716dacf325c56d7d2; baseline/ffdec-root-frames.json@sha256:bffd06fb7a2b0b18374798204aa932e580cc4bac6636bd2cd49341e2bf52fe0c; evidence/full-frame-coverage.json@sha256:d5bf88e0503553c16bf0a08ed570095a3bf2c940e7c709f31a6a082216fe3df4; migrations/shell-course-g04-l10-index-local/audit/trace-specs/lesson-releases/lesson-g04-l10-perimeter-area/req-default-root-es.json@sha256:a0a6dbfe5a8271e312792c1cc2b30a5ad08a0044e59aa44c831660f730759592; migrations/lesson-release-trace-spec-indexes/lesson-g04-l10-perimeter-area.json@sha256:d2f846831fa9a5c7c3a7e9cb0276a8b3671fbf6c26d17067bf4610c132e8687f; audit/frame-domain-disposition.json@sha256:1dc69e29b1e2fe30c3594ba4c08c3f55ee96deaa5071051fb10a0c7e8e9f77a9,,"Source-evidenced root structural specification only. Runtime reachability and natural playback remain unresolved. EN and ES rows bind separate exact coverage identities; no language visual difference or bilingual acceptance is asserted. Audio cue content, timing, host synchronization, and Replay behavior remain unresolved. Nested keyframes are not invented. Baseline, implementation, diff, RMSE, timing, visual-result, and reviewer fields are intentionally blank. Fidelity, human review, owner acceptance, strict completion, and publication remain unresolved. strictAcceptanceEffect=none."
33,req-default-root-en,root,default-root-en,bf209e3302a76c14fff3e7e12f6fdc0f9bc01d4934aadd03334b5c3cf61b7cf1,2666.666667,default,en,structural-specification-transition,source-root-structural-specification-only; nativeStage=800x600; rootFrame=33/50; structuralReasons=static-root-render-hash-transition; runtimeReachability=unresolved,source-static-root-frame-selection-only; no runtime trigger or causality claimed; strictAcceptanceEffect=none,,,,,,,,,,audit/scenario-inventory.json@sha256:28dd4e2151eb2441797fa22a9a552f078800a7642a5d254716dacf325c56d7d2; baseline/ffdec-root-frames.json@sha256:bffd06fb7a2b0b18374798204aa932e580cc4bac6636bd2cd49341e2bf52fe0c; evidence/full-frame-coverage.json@sha256:d5bf88e0503553c16bf0a08ed570095a3bf2c940e7c709f31a6a082216fe3df4; migrations/shell-course-g04-l10-index-local/audit/trace-specs/lesson-releases/lesson-g04-l10-perimeter-area/req-default-root-en.json@sha256:328f370798b3e3dacff41af9d01bf0c7e9c6a7f3c945262a1d28238c6cbff179; migrations/lesson-release-trace-spec-indexes/lesson-g04-l10-perimeter-area.json@sha256:d2f846831fa9a5c7c3a7e9cb0276a8b3671fbf6c26d17067bf4610c132e8687f; audit/frame-domain-disposition.json@sha256:1dc69e29b1e2fe30c3594ba4c08c3f55ee96deaa5071051fb10a0c7e8e9f77a9,,"Source-evidenced root structural specification only. Runtime reachability and natural playback remain unresolved. EN and ES rows bind separate exact coverage identities; no language visual difference or bilingual acceptance is asserted. Audio cue content, timing, host synchronization, and Replay behavior remain unresolved. Nested keyframes are not invented. Baseline, implementation, diff, RMSE, timing, visual-result, and reviewer fields are intentionally blank. Fidelity, human review, owner acceptance, strict completion, and publication remain unresolved. strictAcceptanceEffect=none."
33,req-default-root-es,root,default-root-es,4e4bcf0390c6fd9bb1539b0c26a8555d9e4034ef5c591548bdb1f9a506f70067,2666.666667,default,es,structural-specification-transition,source-root-structural-specification-only; nativeStage=800x600; rootFrame=33/50; structuralReasons=static-root-render-hash-transition; runtimeReachability=unresolved,source-static-root-frame-selection-only; no runtime trigger or causality claimed; strictAcceptanceEffect=none,,,,,,,,,,audit/scenario-inventory.json@sha256:28dd4e2151eb2441797fa22a9a552f078800a7642a5d254716dacf325c56d7d2; baseline/ffdec-root-frames.json@sha256:bffd06fb7a2b0b18374798204aa932e580cc4bac6636bd2cd49341e2bf52fe0c; evidence/full-frame-coverage.json@sha256:d5bf88e0503553c16bf0a08ed570095a3bf2c940e7c709f31a6a082216fe3df4; migrations/shell-course-g04-l10-index-local/audit/trace-specs/lesson-releases/lesson-g04-l10-perimeter-area/req-default-root-es.json@sha256:a0a6dbfe5a8271e312792c1cc2b30a5ad08a0044e59aa44c831660f730759592; migrations/lesson-release-trace-spec-indexes/lesson-g04-l10-perimeter-area.json@sha256:d2f846831fa9a5c7c3a7e9cb0276a8b3671fbf6c26d17067bf4610c132e8687f; audit/frame-domain-disposition.json@sha256:1dc69e29b1e2fe30c3594ba4c08c3f55ee96deaa5071051fb10a0c7e8e9f77a9,,"Source-evidenced root structural specification only. Runtime reachability and natural playback remain unresolved. EN and ES rows bind separate exact coverage identities; no language visual difference or bilingual acceptance is asserted. Audio cue content, timing, host synchronization, and Replay behavior remain unresolved. Nested keyframes are not invented. Baseline, implementation, diff, RMSE, timing, visual-result, and reviewer fields are intentionally blank. Fidelity, human review, owner acceptance, strict completion, and publication remain unresolved. strictAcceptanceEffect=none."
34,req-default-root-en,root,default-root-en,bf209e3302a76c14fff3e7e12f6fdc0f9bc01d4934aadd03334b5c3cf61b7cf1,2750,default,en,structural-specification-transition,source-root-structural-specification-only; nativeStage=800x600; rootFrame=34/50; structuralReasons=static-root-render-hash-transition; runtimeReachability=unresolved,source-static-root-frame-selection-only; no runtime trigger or causality claimed; strictAcceptanceEffect=none,,,,,,,,,,audit/scenario-inventory.json@sha256:28dd4e2151eb2441797fa22a9a552f078800a7642a5d254716dacf325c56d7d2; baseline/ffdec-root-frames.json@sha256:bffd06fb7a2b0b18374798204aa932e580cc4bac6636bd2cd49341e2bf52fe0c; evidence/full-frame-coverage.json@sha256:d5bf88e0503553c16bf0a08ed570095a3bf2c940e7c709f31a6a082216fe3df4; migrations/shell-course-g04-l10-index-local/audit/trace-specs/lesson-releases/lesson-g04-l10-perimeter-area/req-default-root-en.json@sha256:328f370798b3e3dacff41af9d01bf0c7e9c6a7f3c945262a1d28238c6cbff179; migrations/lesson-release-trace-spec-indexes/lesson-g04-l10-perimeter-area.json@sha256:d2f846831fa9a5c7c3a7e9cb0276a8b3671fbf6c26d17067bf4610c132e8687f; audit/frame-domain-disposition.json@sha256:1dc69e29b1e2fe30c3594ba4c08c3f55ee96deaa5071051fb10a0c7e8e9f77a9,,"Source-evidenced root structural specification only. Runtime reachability and natural playback remain unresolved. EN and ES rows bind separate exact coverage identities; no language visual difference or bilingual acceptance is asserted. Audio cue content, timing, host synchronization, and Replay behavior remain unresolved. Nested keyframes are not invented. Baseline, implementation, diff, RMSE, timing, visual-result, and reviewer fields are intentionally blank. Fidelity, human review, owner acceptance, strict completion, and publication remain unresolved. strictAcceptanceEffect=none."
34,req-default-root-es,root,default-root-es,4e4bcf0390c6fd9bb1539b0c26a8555d9e4034ef5c591548bdb1f9a506f70067,2750,default,es,structural-specification-transition,source-root-structural-specification-only; nativeStage=800x600; rootFrame=34/50; structuralReasons=static-root-render-hash-transition; runtimeReachability=unresolved,source-static-root-frame-selection-only; no runtime trigger or causality claimed; strictAcceptanceEffect=none,,,,,,,,,,audit/scenario-inventory.json@sha256:28dd4e2151eb2441797fa22a9a552f078800a7642a5d254716dacf325c56d7d2; baseline/ffdec-root-frames.json@sha256:bffd06fb7a2b0b18374798204aa932e580cc4bac6636bd2cd49341e2bf52fe0c; evidence/full-frame-coverage.json@sha256:d5bf88e0503553c16bf0a08ed570095a3bf2c940e7c709f31a6a082216fe3df4; migrations/shell-course-g04-l10-index-local/audit/trace-specs/lesson-releases/lesson-g04-l10-perimeter-area/req-default-root-es.json@sha256:a0a6dbfe5a8271e312792c1cc2b30a5ad08a0044e59aa44c831660f730759592; migrations/lesson-release-trace-spec-indexes/lesson-g04-l10-perimeter-area.json@sha256:d2f846831fa9a5c7c3a7e9cb0276a8b3671fbf6c26d17067bf4610c132e8687f; audit/frame-domain-disposition.json@sha256:1dc69e29b1e2fe30c3594ba4c08c3f55ee96deaa5071051fb10a0c7e8e9f77a9,,"Source-evidenced root structural specification only. Runtime reachability and natural playback remain unresolved. EN and ES rows bind separate exact coverage identities; no language visual difference or bilingual acceptance is asserted. Audio cue content, timing, host synchronization, and Replay behavior remain unresolved. Nested keyframes are not invented. Baseline, implementation, diff, RMSE, timing, visual-result, and reviewer fields are intentionally blank. Fidelity, human review, owner acceptance, strict completion, and publication remain unresolved. strictAcceptanceEffect=none."
35,req-default-root-en,root,default-root-en,bf209e3302a76c14fff3e7e12f6fdc0f9bc01d4934aadd03334b5c3cf61b7cf1,2833.333333,default,en,structural-specification-transition,source-root-structural-specification-only; nativeStage=800x600; rootFrame=35/50; structuralReasons=exported-action-script|script-stop-state|static-root-render-hash-transition|structural-action:DoAction; runtimeReachability=unresolved,source-static-root-frame-selection-only; no runtime trigger or causality claimed; strictAcceptanceEffect=none,,,,,,,,,,audit/scenario-inventory.json@sha256:28dd4e2151eb2441797fa22a9a552f078800a7642a5d254716dacf325c56d7d2; baseline/ffdec-root-frames.json@sha256:bffd06fb7a2b0b18374798204aa932e580cc4bac6636bd2cd49341e2bf52fe0c; evidence/full-frame-coverage.json@sha256:d5bf88e0503553c16bf0a08ed570095a3bf2c940e7c709f31a6a082216fe3df4; migrations/shell-course-g04-l10-index-local/audit/trace-specs/lesson-releases/lesson-g04-l10-perimeter-area/req-default-root-en.json@sha256:328f370798b3e3dacff41af9d01bf0c7e9c6a7f3c945262a1d28238c6cbff179; migrations/lesson-release-trace-spec-indexes/lesson-g04-l10-perimeter-area.json@sha256:d2f846831fa9a5c7c3a7e9cb0276a8b3671fbf6c26d17067bf4610c132e8687f; audit/frame-domain-disposition.json@sha256:1dc69e29b1e2fe30c3594ba4c08c3f55ee96deaa5071051fb10a0c7e8e9f77a9,,"Source-evidenced root structural specification only. Runtime reachability and natural playback remain unresolved. EN and ES rows bind separate exact coverage identities; no language visual difference or bilingual acceptance is asserted. Audio cue content, timing, host synchronization, and Replay behavior remain unresolved. Nested keyframes are not invented. Baseline, implementation, diff, RMSE, timing, visual-result, and reviewer fields are intentionally blank. Fidelity, human review, owner acceptance, strict completion, and publication remain unresolved. strictAcceptanceEffect=none."
35,req-default-root-es,root,default-root-es,4e4bcf0390c6fd9bb1539b0c26a8555d9e4034ef5c591548bdb1f9a506f70067,2833.333333,default,es,structural-specification-transition,source-root-structural-specification-only; nativeStage=800x600; rootFrame=35/50; structuralReasons=exported-action-script|script-stop-state|static-root-render-hash-transition|structural-action:DoAction; runtimeReachability=unresolved,source-static-root-frame-selection-only; no runtime trigger or causality claimed; strictAcceptanceEffect=none,,,,,,,,,,audit/scenario-inventory.json@sha256:28dd4e2151eb2441797fa22a9a552f078800a7642a5d254716dacf325c56d7d2; baseline/ffdec-root-frames.json@sha256:bffd06fb7a2b0b18374798204aa932e580cc4bac6636bd2cd49341e2bf52fe0c; evidence/full-frame-coverage.json@sha256:d5bf88e0503553c16bf0a08ed570095a3bf2c940e7c709f31a6a082216fe3df4; migrations/shell-course-g04-l10-index-local/audit/trace-specs/lesson-releases/lesson-g04-l10-perimeter-area/req-default-root-es.json@sha256:a0a6dbfe5a8271e312792c1cc2b30a5ad08a0044e59aa44c831660f730759592; migrations/lesson-release-trace-spec-indexes/lesson-g04-l10-perimeter-area.json@sha256:d2f846831fa9a5c7c3a7e9cb0276a8b3671fbf6c26d17067bf4610c132e8687f; audit/frame-domain-disposition.json@sha256:1dc69e29b1e2fe30c3594ba4c08c3f55ee96deaa5071051fb10a0c7e8e9f77a9,,"Source-evidenced root structural specification only. Runtime reachability and natural playback remain unresolved. EN and ES rows bind separate exact coverage identities; no language visual difference or bilingual acceptance is asserted. Audio cue content, timing, host synchronization, and Replay behavior remain unresolved. Nested keyframes are not invented. Baseline, implementation, diff, RMSE, timing, visual-result, and reviewer fields are intentionally blank. Fidelity, human review, owner acceptance, strict completion, and publication remain unresolved. strictAcceptanceEffect=none."
36,req-default-root-en,root,default-root-en,bf209e3302a76c14fff3e7e12f6fdc0f9bc01d4934aadd03334b5c3cf61b7cf1,2916.666667,default,en,structural-specification-transition,source-root-structural-specification-only; nativeStage=800x600; rootFrame=36/50; structuralReasons=static-root-render-hash-transition; runtimeReachability=unresolved,source-static-root-frame-selection-only; no runtime trigger or causality claimed; strictAcceptanceEffect=none,,,,,,,,,,audit/scenario-inventory.json@sha256:28dd4e2151eb2441797fa22a9a552f078800a7642a5d254716dacf325c56d7d2; baseline/ffdec-root-frames.json@sha256:bffd06fb7a2b0b18374798204aa932e580cc4bac6636bd2cd49341e2bf52fe0c; evidence/full-frame-coverage.json@sha256:d5bf88e0503553c16bf0a08ed570095a3bf2c940e7c709f31a6a082216fe3df4; migrations/shell-course-g04-l10-index-local/audit/trace-specs/lesson-releases/lesson-g04-l10-perimeter-area/req-default-root-en.json@sha256:328f370798b3e3dacff41af9d01bf0c7e9c6a7f3c945262a1d28238c6cbff179; migrations/lesson-release-trace-spec-indexes/lesson-g04-l10-perimeter-area.json@sha256:d2f846831fa9a5c7c3a7e9cb0276a8b3671fbf6c26d17067bf4610c132e8687f; audit/frame-domain-disposition.json@sha256:1dc69e29b1e2fe30c3594ba4c08c3f55ee96deaa5071051fb10a0c7e8e9f77a9,,"Source-evidenced root structural specification only. Runtime reachability and natural playback remain unresolved. EN and ES rows bind separate exact coverage identities; no language visual difference or bilingual acceptance is asserted. Audio cue content, timing, host synchronization, and Replay behavior remain unresolved. Nested keyframes are not invented. Baseline, implementation, diff, RMSE, timing, visual-result, and reviewer fields are intentionally blank. Fidelity, human review, owner acceptance, strict completion, and publication remain unresolved. strictAcceptanceEffect=none."
36,req-default-root-es,root,default-root-es,4e4bcf0390c6fd9bb1539b0c26a8555d9e4034ef5c591548bdb1f9a506f70067,2916.666667,default,es,structural-specification-transition,source-root-structural-specification-only; nativeStage=800x600; rootFrame=36/50; structuralReasons=static-root-render-hash-transition; runtimeReachability=unresolved,source-static-root-frame-selection-only; no runtime trigger or causality claimed; strictAcceptanceEffect=none,,,,,,,,,,audit/scenario-inventory.json@sha256:28dd4e2151eb2441797fa22a9a552f078800a7642a5d254716dacf325c56d7d2; baseline/ffdec-root-frames.json@sha256:bffd06fb7a2b0b18374798204aa932e580cc4bac6636bd2cd49341e2bf52fe0c; evidence/full-frame-coverage.json@sha256:d5bf88e0503553c16bf0a08ed570095a3bf2c940e7c709f31a6a082216fe3df4; migrations/shell-course-g04-l10-index-local/audit/trace-specs/lesson-releases/lesson-g04-l10-perimeter-area/req-default-root-es.json@sha256:a0a6dbfe5a8271e312792c1cc2b30a5ad08a0044e59aa44c831660f730759592; migrations/lesson-release-trace-spec-indexes/lesson-g04-l10-perimeter-area.json@sha256:d2f846831fa9a5c7c3a7e9cb0276a8b3671fbf6c26d17067bf4610c132e8687f; audit/frame-domain-disposition.json@sha256:1dc69e29b1e2fe30c3594ba4c08c3f55ee96deaa5071051fb10a0c7e8e9f77a9,,"Source-evidenced root structural specification only. Runtime reachability and natural playback remain unresolved. EN and ES rows bind separate exact coverage identities; no language visual difference or bilingual acceptance is asserted. Audio cue content, timing, host synchronization, and Replay behavior remain unresolved. Nested keyframes are not invented. Baseline, implementation, diff, RMSE, timing, visual-result, and reviewer fields are intentionally blank. Fidelity, human review, owner acceptance, strict completion, and publication remain unresolved. strictAcceptanceEffect=none."
37,req-default-root-en,root,default-root-en,bf209e3302a76c14fff3e7e12f6fdc0f9bc01d4934aadd03334b5c3cf61b7cf1,3000,default,en,structural-specification-transition,source-root-structural-specification-only; nativeStage=800x600; rootFrame=37/50; structuralReasons=exported-action-script|static-root-render-hash-transition|structural-action:DoAction; runtimeReachability=unresolved,source-static-root-frame-selection-only; no runtime trigger or causality claimed; strictAcceptanceEffect=none,,,,,,,,,,audit/scenario-inventory.json@sha256:28dd4e2151eb2441797fa22a9a552f078800a7642a5d254716dacf325c56d7d2; baseline/ffdec-root-frames.json@sha256:bffd06fb7a2b0b18374798204aa932e580cc4bac6636bd2cd49341e2bf52fe0c; evidence/full-frame-coverage.json@sha256:d5bf88e0503553c16bf0a08ed570095a3bf2c940e7c709f31a6a082216fe3df4; migrations/shell-course-g04-l10-index-local/audit/trace-specs/lesson-releases/lesson-g04-l10-perimeter-area/req-default-root-en.json@sha256:328f370798b3e3dacff41af9d01bf0c7e9c6a7f3c945262a1d28238c6cbff179; migrations/lesson-release-trace-spec-indexes/lesson-g04-l10-perimeter-area.json@sha256:d2f846831fa9a5c7c3a7e9cb0276a8b3671fbf6c26d17067bf4610c132e8687f; audit/frame-domain-disposition.json@sha256:1dc69e29b1e2fe30c3594ba4c08c3f55ee96deaa5071051fb10a0c7e8e9f77a9,,"Source-evidenced root structural specification only. Runtime reachability and natural playback remain unresolved. EN and ES rows bind separate exact coverage identities; no language visual difference or bilingual acceptance is asserted. Audio cue content, timing, host synchronization, and Replay behavior remain unresolved. Nested keyframes are not invented. Baseline, implementation, diff, RMSE, timing, visual-result, and reviewer fields are intentionally blank. Fidelity, human review, owner acceptance, strict completion, and publication remain unresolved. strictAcceptanceEffect=none."
37,req-default-root-es,root,default-root-es,4e4bcf0390c6fd9bb1539b0c26a8555d9e4034ef5c591548bdb1f9a506f70067,3000,default,es,structural-specification-transition,source-root-structural-specification-only; nativeStage=800x600; rootFrame=37/50; structuralReasons=exported-action-script|static-root-render-hash-transition|structural-action:DoAction; runtimeReachability=unresolved,source-static-root-frame-selection-only; no runtime trigger or causality claimed; strictAcceptanceEffect=none,,,,,,,,,,audit/scenario-inventory.json@sha256:28dd4e2151eb2441797fa22a9a552f078800a7642a5d254716dacf325c56d7d2; baseline/ffdec-root-frames.json@sha256:bffd06fb7a2b0b18374798204aa932e580cc4bac6636bd2cd49341e2bf52fe0c; evidence/full-frame-coverage.json@sha256:d5bf88e0503553c16bf0a08ed570095a3bf2c940e7c709f31a6a082216fe3df4; migrations/shell-course-g04-l10-index-local/audit/trace-specs/lesson-releases/lesson-g04-l10-perimeter-area/req-default-root-es.json@sha256:a0a6dbfe5a8271e312792c1cc2b30a5ad08a0044e59aa44c831660f730759592; migrations/lesson-release-trace-spec-indexes/lesson-g04-l10-perimeter-area.json@sha256:d2f846831fa9a5c7c3a7e9cb0276a8b3671fbf6c26d17067bf4610c132e8687f; audit/frame-domain-disposition.json@sha256:1dc69e29b1e2fe30c3594ba4c08c3f55ee96deaa5071051fb10a0c7e8e9f77a9,,"Source-evidenced root structural specification only. Runtime reachability and natural playback remain unresolved. EN and ES rows bind separate exact coverage identities; no language visual difference or bilingual acceptance is asserted. Audio cue content, timing, host synchronization, and Replay behavior remain unresolved. Nested keyframes are not invented. Baseline, implementation, diff, RMSE, timing, visual-result, and reviewer fields are intentionally blank. Fidelity, human review, owner acceptance, strict completion, and publication remain unresolved. strictAcceptanceEffect=none."
38,req-default-root-en,root,default-root-en,bf209e3302a76c14fff3e7e12f6fdc0f9bc01d4934aadd03334b5c3cf61b7cf1,3083.333333,default,en,structural-specification-transition,source-root-structural-specification-only; nativeStage=800x600; rootFrame=38/50; structuralReasons=exported-action-script|root-named-placement|static-root-render-hash-transition; runtimeReachability=unresolved,source-static-root-frame-selection-only; no runtime trigger or causality claimed; strictAcceptanceEffect=none,,,,,,,,,,audit/scenario-inventory.json@sha256:28dd4e2151eb2441797fa22a9a552f078800a7642a5d254716dacf325c56d7d2; baseline/ffdec-root-frames.json@sha256:bffd06fb7a2b0b18374798204aa932e580cc4bac6636bd2cd49341e2bf52fe0c; evidence/full-frame-coverage.json@sha256:d5bf88e0503553c16bf0a08ed570095a3bf2c940e7c709f31a6a082216fe3df4; migrations/shell-course-g04-l10-index-local/audit/trace-specs/lesson-releases/lesson-g04-l10-perimeter-area/req-default-root-en.json@sha256:328f370798b3e3dacff41af9d01bf0c7e9c6a7f3c945262a1d28238c6cbff179; migrations/lesson-release-trace-spec-indexes/lesson-g04-l10-perimeter-area.json@sha256:d2f846831fa9a5c7c3a7e9cb0276a8b3671fbf6c26d17067bf4610c132e8687f; audit/frame-domain-disposition.json@sha256:1dc69e29b1e2fe30c3594ba4c08c3f55ee96deaa5071051fb10a0c7e8e9f77a9,,"Source-evidenced root structural specification only. Runtime reachability and natural playback remain unresolved. EN and ES rows bind separate exact coverage identities; no language visual difference or bilingual acceptance is asserted. Audio cue content, timing, host synchronization, and Replay behavior remain unresolved. Nested keyframes are not invented. Baseline, implementation, diff, RMSE, timing, visual-result, and reviewer fields are intentionally blank. Fidelity, human review, owner acceptance, strict completion, and publication remain unresolved. strictAcceptanceEffect=none."
38,req-default-root-es,root,default-root-es,4e4bcf0390c6fd9bb1539b0c26a8555d9e4034ef5c591548bdb1f9a506f70067,3083.333333,default,es,structural-specification-transition,source-root-structural-specification-only; nativeStage=800x600; rootFrame=38/50; structuralReasons=exported-action-script|root-named-placement|static-root-render-hash-transition; runtimeReachability=unresolved,source-static-root-frame-selection-only; no runtime trigger or causality claimed; strictAcceptanceEffect=none,,,,,,,,,,audit/scenario-inventory.json@sha256:28dd4e2151eb2441797fa22a9a552f078800a7642a5d254716dacf325c56d7d2; baseline/ffdec-root-frames.json@sha256:bffd06fb7a2b0b18374798204aa932e580cc4bac6636bd2cd49341e2bf52fe0c; evidence/full-frame-coverage.json@sha256:d5bf88e0503553c16bf0a08ed570095a3bf2c940e7c709f31a6a082216fe3df4; migrations/shell-course-g04-l10-index-local/audit/trace-specs/lesson-releases/lesson-g04-l10-perimeter-area/req-default-root-es.json@sha256:a0a6dbfe5a8271e312792c1cc2b30a5ad08a0044e59aa44c831660f730759592; migrations/lesson-release-trace-spec-indexes/lesson-g04-l10-perimeter-area.json@sha256:d2f846831fa9a5c7c3a7e9cb0276a8b3671fbf6c26d17067bf4610c132e8687f; audit/frame-domain-disposition.json@sha256:1dc69e29b1e2fe30c3594ba4c08c3f55ee96deaa5071051fb10a0c7e8e9f77a9,,"Source-evidenced root structural specification only. Runtime reachability and natural playback remain unresolved. EN and ES rows bind separate exact coverage identities; no language visual difference or bilingual acceptance is asserted. Audio cue content, timing, host synchronization, and Replay behavior remain unresolved. Nested keyframes are not invented. Baseline, implementation, diff, RMSE, timing, visual-result, and reviewer fields are intentionally blank. Fidelity, human review, owner acceptance, strict completion, and publication remain unresolved. strictAcceptanceEffect=none."
48,req-default-root-en,root,default-root-en,bf209e3302a76c14fff3e7e12f6fdc0f9bc01d4934aadd03334b5c3cf61b7cf1,3916.666667,default,en,structural-specification-transition,source-root-structural-specification-only; nativeStage=800x600; rootFrame=48/50; structuralReasons=static-root-render-hash-transition; runtimeReachability=unresolved,source-static-root-frame-selection-only; no runtime trigger or causality claimed; strictAcceptanceEffect=none,,,,,,,,,,audit/scenario-inventory.json@sha256:28dd4e2151eb2441797fa22a9a552f078800a7642a5d254716dacf325c56d7d2; baseline/ffdec-root-frames.json@sha256:bffd06fb7a2b0b18374798204aa932e580cc4bac6636bd2cd49341e2bf52fe0c; evidence/full-frame-coverage.json@sha256:d5bf88e0503553c16bf0a08ed570095a3bf2c940e7c709f31a6a082216fe3df4; migrations/shell-course-g04-l10-index-local/audit/trace-specs/lesson-releases/lesson-g04-l10-perimeter-area/req-default-root-en.json@sha256:328f370798b3e3dacff41af9d01bf0c7e9c6a7f3c945262a1d28238c6cbff179; migrations/lesson-release-trace-spec-indexes/lesson-g04-l10-perimeter-area.json@sha256:d2f846831fa9a5c7c3a7e9cb0276a8b3671fbf6c26d17067bf4610c132e8687f; audit/frame-domain-disposition.json@sha256:1dc69e29b1e2fe30c3594ba4c08c3f55ee96deaa5071051fb10a0c7e8e9f77a9,,"Source-evidenced root structural specification only. Runtime reachability and natural playback remain unresolved. EN and ES rows bind separate exact coverage identities; no language visual difference or bilingual acceptance is asserted. Audio cue content, timing, host synchronization, and Replay behavior remain unresolved. Nested keyframes are not invented. Baseline, implementation, diff, RMSE, timing, visual-result, and reviewer fields are intentionally blank. Fidelity, human review, owner acceptance, strict completion, and publication remain unresolved. strictAcceptanceEffect=none."
48,req-default-root-es,root,default-root-es,4e4bcf0390c6fd9bb1539b0c26a8555d9e4034ef5c591548bdb1f9a506f70067,3916.666667,default,es,structural-specification-transition,source-root-structural-specification-only; nativeStage=800x600; rootFrame=48/50; structuralReasons=static-root-render-hash-transition; runtimeReachability=unresolved,source-static-root-frame-selection-only; no runtime trigger or causality claimed; strictAcceptanceEffect=none,,,,,,,,,,audit/scenario-inventory.json@sha256:28dd4e2151eb2441797fa22a9a552f078800a7642a5d254716dacf325c56d7d2; baseline/ffdec-root-frames.json@sha256:bffd06fb7a2b0b18374798204aa932e580cc4bac6636bd2cd49341e2bf52fe0c; evidence/full-frame-coverage.json@sha256:d5bf88e0503553c16bf0a08ed570095a3bf2c940e7c709f31a6a082216fe3df4; migrations/shell-course-g04-l10-index-local/audit/trace-specs/lesson-releases/lesson-g04-l10-perimeter-area/req-default-root-es.json@sha256:a0a6dbfe5a8271e312792c1cc2b30a5ad08a0044e59aa44c831660f730759592; migrations/lesson-release-trace-spec-indexes/lesson-g04-l10-perimeter-area.json@sha256:d2f846831fa9a5c7c3a7e9cb0276a8b3671fbf6c26d17067bf4610c132e8687f; audit/frame-domain-disposition.json@sha256:1dc69e29b1e2fe30c3594ba4c08c3f55ee96deaa5071051fb10a0c7e8e9f77a9,,"Source-evidenced root structural specification only. Runtime reachability and natural playback remain unresolved. EN and ES rows bind separate exact coverage identities; no language visual difference or bilingual acceptance is asserted. Audio cue content, timing, host synchronization, and Replay behavior remain unresolved. Nested keyframes are not invented. Baseline, implementation, diff, RMSE, timing, visual-result, and reviewer fields are intentionally blank. Fidelity, human review, owner acceptance, strict completion, and publication remain unresolved. strictAcceptanceEffect=none."
49,req-default-root-en,root,default-root-en,bf209e3302a76c14fff3e7e12f6fdc0f9bc01d4934aadd03334b5c3cf61b7cf1,4000,default,en,structural-specification-transition,source-root-structural-specification-only; nativeStage=800x600; rootFrame=49/50; structuralReasons=event-handler:release|exported-action-script|frame-label:start|root-named-placement|script-stop-state|static-root-render-hash-transition|structural-action:DoAction; runtimeReachability=unresolved,source-static-root-frame-selection-only; no runtime trigger or causality claimed; strictAcceptanceEffect=none,,,,,,,,,,audit/scenario-inventory.json@sha256:28dd4e2151eb2441797fa22a9a552f078800a7642a5d254716dacf325c56d7d2; baseline/ffdec-root-frames.json@sha256:bffd06fb7a2b0b18374798204aa932e580cc4bac6636bd2cd49341e2bf52fe0c; evidence/full-frame-coverage.json@sha256:d5bf88e0503553c16bf0a08ed570095a3bf2c940e7c709f31a6a082216fe3df4; migrations/shell-course-g04-l10-index-local/audit/trace-specs/lesson-releases/lesson-g04-l10-perimeter-area/req-default-root-en.json@sha256:328f370798b3e3dacff41af9d01bf0c7e9c6a7f3c945262a1d28238c6cbff179; migrations/lesson-release-trace-spec-indexes/lesson-g04-l10-perimeter-area.json@sha256:d2f846831fa9a5c7c3a7e9cb0276a8b3671fbf6c26d17067bf4610c132e8687f; audit/frame-domain-disposition.json@sha256:1dc69e29b1e2fe30c3594ba4c08c3f55ee96deaa5071051fb10a0c7e8e9f77a9,,"Source-evidenced root structural specification only. Runtime reachability and natural playback remain unresolved. EN and ES rows bind separate exact coverage identities; no language visual difference or bilingual acceptance is asserted. Audio cue content, timing, host synchronization, and Replay behavior remain unresolved. Nested keyframes are not invented. Baseline, implementation, diff, RMSE, timing, visual-result, and reviewer fields are intentionally blank. Fidelity, human review, owner acceptance, strict completion, and publication remain unresolved. strictAcceptanceEffect=none."
49,req-default-root-es,root,default-root-es,4e4bcf0390c6fd9bb1539b0c26a8555d9e4034ef5c591548bdb1f9a506f70067,4000,default,es,structural-specification-transition,source-root-structural-specification-only; nativeStage=800x600; rootFrame=49/50; structuralReasons=event-handler:release|exported-action-script|frame-label:start|root-named-placement|script-stop-state|static-root-render-hash-transition|structural-action:DoAction; runtimeReachability=unresolved,source-static-root-frame-selection-only; no runtime trigger or causality claimed; strictAcceptanceEffect=none,,,,,,,,,,audit/scenario-inventory.json@sha256:28dd4e2151eb2441797fa22a9a552f078800a7642a5d254716dacf325c56d7d2; baseline/ffdec-root-frames.json@sha256:bffd06fb7a2b0b18374798204aa932e580cc4bac6636bd2cd49341e2bf52fe0c; evidence/full-frame-coverage.json@sha256:d5bf88e0503553c16bf0a08ed570095a3bf2c940e7c709f31a6a082216fe3df4; migrations/shell-course-g04-l10-index-local/audit/trace-specs/lesson-releases/lesson-g04-l10-perimeter-area/req-default-root-es.json@sha256:a0a6dbfe5a8271e312792c1cc2b30a5ad08a0044e59aa44c831660f730759592; migrations/lesson-release-trace-spec-indexes/lesson-g04-l10-perimeter-area.json@sha256:d2f846831fa9a5c7c3a7e9cb0276a8b3671fbf6c26d17067bf4610c132e8687f; audit/frame-domain-disposition.json@sha256:1dc69e29b1e2fe30c3594ba4c08c3f55ee96deaa5071051fb10a0c7e8e9f77a9,,"Source-evidenced root structural specification only. Runtime reachability and natural playback remain unresolved. EN and ES rows bind separate exact coverage identities; no language visual difference or bilingual acceptance is asserted. Audio cue content, timing, host synchronization, and Replay behavior remain unresolved. Nested keyframes are not invented. Baseline, implementation, diff, RMSE, timing, visual-result, and reviewer fields are intentionally blank. Fidelity, human review, owner acceptance, strict completion, and publication remain unresolved. strictAcceptanceEffect=none."
50,req-default-root-en,root,default-root-en,bf209e3302a76c14fff3e7e12f6fdc0f9bc01d4934aadd03334b5c3cf61b7cf1,4083.333333,default,en,structural-specification-terminal,source-root-structural-specification-only; nativeStage=800x600; rootFrame=50/50; structuralReasons=event-handler:release|event-handler:rollOut|event-handler:rollOver|exported-action-script|frame-label:Main|root-named-placement|script-stop-state|static-root-render-hash-transition|structural-action:DoAction|terminal-structural-frame; runtimeReachability=unresolved,source-static-root-frame-selection-only; no runtime trigger or causality claimed; strictAcceptanceEffect=none,,,,,,,,,,audit/scenario-inventory.json@sha256:28dd4e2151eb2441797fa22a9a552f078800a7642a5d254716dacf325c56d7d2; baseline/ffdec-root-frames.json@sha256:bffd06fb7a2b0b18374798204aa932e580cc4bac6636bd2cd49341e2bf52fe0c; evidence/full-frame-coverage.json@sha256:d5bf88e0503553c16bf0a08ed570095a3bf2c940e7c709f31a6a082216fe3df4; migrations/shell-course-g04-l10-index-local/audit/trace-specs/lesson-releases/lesson-g04-l10-perimeter-area/req-default-root-en.json@sha256:328f370798b3e3dacff41af9d01bf0c7e9c6a7f3c945262a1d28238c6cbff179; migrations/lesson-release-trace-spec-indexes/lesson-g04-l10-perimeter-area.json@sha256:d2f846831fa9a5c7c3a7e9cb0276a8b3671fbf6c26d17067bf4610c132e8687f; audit/frame-domain-disposition.json@sha256:1dc69e29b1e2fe30c3594ba4c08c3f55ee96deaa5071051fb10a0c7e8e9f77a9,,"Source-evidenced root structural specification only. Runtime reachability and natural playback remain unresolved. EN and ES rows bind separate exact coverage identities; no language visual difference or bilingual acceptance is asserted. Audio cue content, timing, host synchronization, and Replay behavior remain unresolved. Nested keyframes are not invented. Baseline, implementation, diff, RMSE, timing, visual-result, and reviewer fields are intentionally blank. Fidelity, human review, owner acceptance, strict completion, and publication remain unresolved. strictAcceptanceEffect=none."
50,req-default-root-es,root,default-root-es,4e4bcf0390c6fd9bb1539b0c26a8555d9e4034ef5c591548bdb1f9a506f70067,4083.333333,default,es,structural-specification-terminal,source-root-structural-specification-only; nativeStage=800x600; rootFrame=50/50; structuralReasons=event-handler:release|event-handler:rollOut|event-handler:rollOver|exported-action-script|frame-label:Main|root-named-placement|script-stop-state|static-root-render-hash-transition|structural-action:DoAction|terminal-structural-frame; runtimeReachability=unresolved,source-static-root-frame-selection-only; no runtime trigger or causality claimed; strictAcceptanceEffect=none,,,,,,,,,,audit/scenario-inventory.json@sha256:28dd4e2151eb2441797fa22a9a552f078800a7642a5d254716dacf325c56d7d2; baseline/ffdec-root-frames.json@sha256:bffd06fb7a2b0b18374798204aa932e580cc4bac6636bd2cd49341e2bf52fe0c; evidence/full-frame-coverage.json@sha256:d5bf88e0503553c16bf0a08ed570095a3bf2c940e7c709f31a6a082216fe3df4; migrations/shell-course-g04-l10-index-local/audit/trace-specs/lesson-releases/lesson-g04-l10-perimeter-area/req-default-root-es.json@sha256:a0a6dbfe5a8271e312792c1cc2b30a5ad08a0044e59aa44c831660f730759592; migrations/lesson-release-trace-spec-indexes/lesson-g04-l10-perimeter-area.json@sha256:d2f846831fa9a5c7c3a7e9cb0276a8b3671fbf6c26d17067bf4610c132e8687f; audit/frame-domain-disposition.json@sha256:1dc69e29b1e2fe30c3594ba4c08c3f55ee96deaa5071051fb10a0c7e8e9f77a9,,"Source-evidenced root structural specification only. Runtime reachability and natural playback remain unresolved. EN and ES rows bind separate exact coverage identities; no language visual difference or bilingual acceptance is asserted. Audio cue content, timing, host synchronization, and Replay behavior remain unresolved. Nested keyframes are not invented. Baseline, implementation, diff, RMSE, timing, visual-result, and reviewer fields are intentionally blank. Fidelity, human review, owner acceptance, strict completion, and publication remain unresolved. strictAcceptanceEffect=none."
