asset_id,swf_character_id,library_symbol,type,source_file,source_frame,exported_file,sha256,format,dimensions_or_bounds,font_glyphs,transformation,confidence,license_or_provenance,notes
swf-definition-00010,1,,shape,source-assets/flash/HELP MATH_ORIGINAL FILES/HELP_COURSES/ELMGR5/L5/FQ/L5FQ03.swf,,,f899c0b763d18e48de72a0536581f0046dc845a07698b7a8a4be3181865b774b,DefineShape,,,none; machine census only; no renderer export,machine-extracted-definition-candidate,owner-provided SWF,container=root; definitionDepth=0; tagOrdinal=10; payloadBytes=2421; rawTagPayloadSha256=f899c0b763d18e48de72a0536581f0046dc845a07698b7a8a4be3181865b774b; exactTagIdentitySha256=8e1422cfa78ef22bb63323d6da74d33f0fe1cbce3f2616c7337ecd32ef58c1b4; runtime reachability unresolved; placement and bounds unresolved; renderer suitability unresolved
swf-definition-00012,2,Bauhaus Md BT,font,source-assets/flash/HELP MATH_ORIGINAL FILES/HELP_COURSES/ELMGR5/L5/FQ/L5FQ03.swf,,,3b2bf29ebb7d91a62cc78648122e183a1c0c3e4db7755b5b4c301086dd462d19,DefineFont2,,115,none; machine census only; no renderer export,machine-extracted-definition-candidate,owner-provided SWF,container=root; definitionDepth=0; tagOrdinal=12; payloadBytes=8558; rawTagPayloadSha256=3b2bf29ebb7d91a62cc78648122e183a1c0c3e4db7755b5b4c301086dd462d19; exactTagIdentitySha256=683959d625fa6a7ded6e56a9a62c5b268ea1e253823cd26f2f30a68fd866dd82; runtime reachability unresolved; placement and bounds unresolved; renderer suitability unresolved
swf-definition-00013,3,,text,source-assets/flash/HELP MATH_ORIGINAL FILES/HELP_COURSES/ELMGR5/L5/FQ/L5FQ03.swf,,,f3f64590b41430e785f7df4ae4b14beadf397c4d09d153d934cddc72f51a5bfe,DefineText,,,none; machine census only; no renderer export,machine-extracted-definition-candidate,owner-provided SWF,container=root; definitionDepth=0; tagOrdinal=13; payloadBytes=103; rawTagPayloadSha256=f3f64590b41430e785f7df4ae4b14beadf397c4d09d153d934cddc72f51a5bfe; exactTagIdentitySha256=07ee2af51e410925a6bff9af66d248597332b1b62c83900f9f76cfca56a5f541; runtime reachability unresolved; placement and bounds unresolved; renderer suitability unresolved
swf-definition-00015,4,Verdana,font,source-assets/flash/HELP MATH_ORIGINAL FILES/HELP_COURSES/ELMGR5/L5/FQ/L5FQ03.swf,,,6417e62a26a269f1544097745f2b8aa38542369a9dd4845e826b0bee67a146f9,DefineFont2,,0,none; machine census only; no renderer export,machine-extracted-definition-candidate,owner-provided SWF,container=root; definitionDepth=0; tagOrdinal=15; payloadBytes=17; rawTagPayloadSha256=6417e62a26a269f1544097745f2b8aa38542369a9dd4845e826b0bee67a146f9; exactTagIdentitySha256=ae34f08187575c0910644ae77ec92482d3ac600757770c7486badf12f00b353c; runtime reachability unresolved; placement and bounds unresolved; renderer suitability unresolved
swf-definition-00016,5,,text,source-assets/flash/HELP MATH_ORIGINAL FILES/HELP_COURSES/ELMGR5/L5/FQ/L5FQ03.swf,,,6f30193d4cc0e93ede8234a1a5b74caf2ab62fd81d034a8c96c549aae51772f6,DefineEditText,,,none; machine census only; no renderer export,machine-extracted-definition-candidate,owner-provided SWF,container=root; definitionDepth=0; tagOrdinal=16; payloadBytes=30; rawTagPayloadSha256=6f30193d4cc0e93ede8234a1a5b74caf2ab62fd81d034a8c96c549aae51772f6; exactTagIdentitySha256=624bd2c088037ff6bf249f639a969737f1ff429888ed67740c4f2b14ab3a453a; runtime reachability unresolved; placement and bounds unresolved; renderer suitability unresolved
swf-definition-00017,6,,shape,source-assets/flash/HELP MATH_ORIGINAL FILES/HELP_COURSES/ELMGR5/L5/FQ/L5FQ03.swf,,,f10183bfa53a8e59723fec0147680d52f0dc1e3dc94e2c676275a0bef05951a0,DefineShape3,,,none; machine census only; no renderer export,machine-extracted-definition-candidate,owner-provided SWF,container=root; definitionDepth=0; tagOrdinal=17; payloadBytes=398; rawTagPayloadSha256=f10183bfa53a8e59723fec0147680d52f0dc1e3dc94e2c676275a0bef05951a0; exactTagIdentitySha256=da8ae7ece9b499dec324edb3f6705062ca94494bfee52872cc33f93b5cad8144; runtime reachability unresolved; placement and bounds unresolved; renderer suitability unresolved
swf-definition-00018,7,,shape,source-assets/flash/HELP MATH_ORIGINAL FILES/HELP_COURSES/ELMGR5/L5/FQ/L5FQ03.swf,,,31b822c68778383fb82968f3b7d3713ffb9ccfb1295707f3de65266af6f9b861,DefineShape3,,,none; machine census only; no renderer export,machine-extracted-definition-candidate,owner-provided SWF,container=root; definitionDepth=0; tagOrdinal=18; payloadBytes=93; rawTagPayloadSha256=31b822c68778383fb82968f3b7d3713ffb9ccfb1295707f3de65266af6f9b861; exactTagIdentitySha256=c1a14360a9714865c9054e24afb05ba56422389c88b37c9793c53606a391442b; runtime reachability unresolved; placement and bounds unresolved; renderer suitability unresolved
swf-definition-00019,8,,shape,source-assets/flash/HELP MATH_ORIGINAL FILES/HELP_COURSES/ELMGR5/L5/FQ/L5FQ03.swf,,,8e6ada5e6688456f48808b43eed055d624ade2f422f0b0f158dfbed85f3ca93c,DefineShape3,,,none; machine census only; no renderer export,machine-extracted-definition-candidate,owner-provided SWF,container=root; definitionDepth=0; tagOrdinal=19; payloadBytes=82; rawTagPayloadSha256=8e6ada5e6688456f48808b43eed055d624ade2f422f0b0f158dfbed85f3ca93c; exactTagIdentitySha256=ef448ecc0c477739f42622513e66a4e6193c6b333fff07fb80cf02bf144fd056; runtime reachability unresolved; placement and bounds unresolved; renderer suitability unresolved
swf-definition-00020,9,Arial,font,source-assets/flash/HELP MATH_ORIGINAL FILES/HELP_COURSES/ELMGR5/L5/FQ/L5FQ03.swf,,,1c409a226d95d64c358d5e59790d5a56c8c99528482353e13a16767933ed7ce5,DefineFont2,,7,none; machine census only; no renderer export,machine-extracted-definition-candidate,owner-provided SWF,container=root; definitionDepth=0; tagOrdinal=20; payloadBytes=561; rawTagPayloadSha256=1c409a226d95d64c358d5e59790d5a56c8c99528482353e13a16767933ed7ce5; exactTagIdentitySha256=718a9d0b6610646ec841699b821d3db32166acfdd07b2924034ff2804babf6b9; runtime reachability unresolved; placement and bounds unresolved; renderer suitability unresolved
swf-definition-00021,10,,text,source-assets/flash/HELP MATH_ORIGINAL FILES/HELP_COURSES/ELMGR5/L5/FQ/L5FQ03.swf,,,dc3899ddee90555e7f27ad96399229d141c355bc9d5b4d2af6fdbe04633dc164,DefineText,,,none; machine census only; no renderer export,machine-extracted-definition-candidate,owner-provided SWF,container=root; definitionDepth=0; tagOrdinal=21; payloadBytes=40; rawTagPayloadSha256=dc3899ddee90555e7f27ad96399229d141c355bc9d5b4d2af6fdbe04633dc164; exactTagIdentitySha256=ca536a7016311ebdc60465a58b5e33c8071e73e5665efec503fee6a9d095d134; runtime reachability unresolved; placement and bounds unresolved; renderer suitability unresolved
swf-definition-00022,11,,shape,source-assets/flash/HELP MATH_ORIGINAL FILES/HELP_COURSES/ELMGR5/L5/FQ/L5FQ03.swf,,,c3b7bb748328c187379da8653d5b2c55fbb38fc88298cf6440f6a630bd940a22,DefineShape3,,,none; machine census only; no renderer export,machine-extracted-definition-candidate,owner-provided SWF,container=root; definitionDepth=0; tagOrdinal=22; payloadBytes=93; rawTagPayloadSha256=c3b7bb748328c187379da8653d5b2c55fbb38fc88298cf6440f6a630bd940a22; exactTagIdentitySha256=7489ad90f38cda91225d454e33fd5d85ec43199277d0779346060b57597fe396; runtime reachability unresolved; placement and bounds unresolved; renderer suitability unresolved
swf-definition-00023,12,,button,source-assets/flash/HELP MATH_ORIGINAL FILES/HELP_COURSES/ELMGR5/L5/FQ/L5FQ03.swf,,,95eaedba186672841e19851e7b22b08c73debb75298d4764e8207fd4109d3461,DefineButton2,,,none; machine census only; no renderer export,machine-extracted-definition-candidate,owner-provided SWF,container=root; definitionDepth=0; tagOrdinal=23; payloadBytes=845; rawTagPayloadSha256=95eaedba186672841e19851e7b22b08c73debb75298d4764e8207fd4109d3461; exactTagIdentitySha256=f57f63f4aad8643b5cbfec0ab704b678d40e54df52cc6bf6b15ea1b83c1d7700; runtime reachability unresolved; placement and bounds unresolved; renderer suitability unresolved
swf-definition-00024,13,,text,source-assets/flash/HELP MATH_ORIGINAL FILES/HELP_COURSES/ELMGR5/L5/FQ/L5FQ03.swf,,,8464e13a045c95faa1445c6fd0e9157ec04ee916de002d7371b5995d0de08179,DefineText,,,none; machine census only; no renderer export,machine-extracted-definition-candidate,owner-provided SWF,container=root; definitionDepth=0; tagOrdinal=24; payloadBytes=88; rawTagPayloadSha256=8464e13a045c95faa1445c6fd0e9157ec04ee916de002d7371b5995d0de08179; exactTagIdentitySha256=ece3120e1d9d89881646a493186e80c1f11222c1ff4139d0cd8cd502beeaa9a3; runtime reachability unresolved; placement and bounds unresolved; renderer suitability unresolved
swf-definition-00025,14,,text,source-assets/flash/HELP MATH_ORIGINAL FILES/HELP_COURSES/ELMGR5/L5/FQ/L5FQ03.swf,,,0c43c36a1534e9780f41f2d50ac1aa92a8dc37d07bfc56046b501b9ab71706cb,DefineText,,,none; machine census only; no renderer export,machine-extracted-definition-candidate,owner-provided SWF,container=root; definitionDepth=0; tagOrdinal=25; payloadBytes=54; rawTagPayloadSha256=0c43c36a1534e9780f41f2d50ac1aa92a8dc37d07bfc56046b501b9ab71706cb; exactTagIdentitySha256=a835a2c26d7ca0043823216d7ed3b8646ba52bfdfff40775325cdec09fc6e71e; runtime reachability unresolved; placement and bounds unresolved; renderer suitability unresolved
swf-definition-00026,15,,text,source-assets/flash/HELP MATH_ORIGINAL FILES/HELP_COURSES/ELMGR5/L5/FQ/L5FQ03.swf,,,0548cfb05497ee24540a6ee7e100370d3c63ad67b28814ed2fee940c8166b339,DefineEditText,,,none; machine census only; no renderer export,machine-extracted-definition-candidate,owner-provided SWF,container=root; definitionDepth=0; tagOrdinal=26; payloadBytes=30; rawTagPayloadSha256=0548cfb05497ee24540a6ee7e100370d3c63ad67b28814ed2fee940c8166b339; exactTagIdentitySha256=29ca1923bbf196367321ac00b4f0c60b88a19112d7f090bf8e913961256b9711; runtime reachability unresolved; placement and bounds unresolved; renderer suitability unresolved
swf-definition-00027,16,,sprite,source-assets/flash/HELP MATH_ORIGINAL FILES/HELP_COURSES/ELMGR5/L5/FQ/L5FQ03.swf,,,ed05b95f7ffc0943a1eb19f91f5beb14ee7e8911909b9f1085c144e7d6f69b6e,DefineSprite,,,none; machine census only; no renderer export,machine-extracted-definition-candidate,owner-provided SWF,container=root; definitionDepth=0; tagOrdinal=27; payloadBytes=1475; rawTagPayloadSha256=ed05b95f7ffc0943a1eb19f91f5beb14ee7e8911909b9f1085c144e7d6f69b6e; exactTagIdentitySha256=430b092f9d9a03e4d5999e8d3477bff48dcd59f1397676036762195a79002777; declaredFrameCount=2; runtime reachability unresolved; placement and bounds unresolved; renderer suitability unresolved
swf-definition-00038,17,,shape,source-assets/flash/HELP MATH_ORIGINAL FILES/HELP_COURSES/ELMGR5/L5/FQ/L5FQ03.swf,,,e73b6d5bdf40fbbddf5b590648e28cf0367f858b8155732d8b6090bfab7d77a8,DefineShape,,,none; machine census only; no renderer export,machine-extracted-definition-candidate,owner-provided SWF,container=root; definitionDepth=0; tagOrdinal=38; payloadBytes=101; rawTagPayloadSha256=e73b6d5bdf40fbbddf5b590648e28cf0367f858b8155732d8b6090bfab7d77a8; exactTagIdentitySha256=b78774ef2c6ce699b6b50c15195aeb7539e4f60eaa69c6d3bbfc4372a1593cc8; runtime reachability unresolved; placement and bounds unresolved; renderer suitability unresolved
swf-definition-00039,18,,text,source-assets/flash/HELP MATH_ORIGINAL FILES/HELP_COURSES/ELMGR5/L5/FQ/L5FQ03.swf,,,049b4a6df62daa0d4ce530262a3ec569c80eeea98ba0abf614e256b02c3d9e7d,DefineEditText,,,none; machine census only; no renderer export,machine-extracted-definition-candidate,owner-provided SWF,container=root; definitionDepth=0; tagOrdinal=39; payloadBytes=32; rawTagPayloadSha256=049b4a6df62daa0d4ce530262a3ec569c80eeea98ba0abf614e256b02c3d9e7d; exactTagIdentitySha256=f3a54857de9a2428b29d70b7099f0aa4b22732d8289c1be69934d349aaf33085; runtime reachability unresolved; placement and bounds unresolved; renderer suitability unresolved
swf-definition-00040,19,,text,source-assets/flash/HELP MATH_ORIGINAL FILES/HELP_COURSES/ELMGR5/L5/FQ/L5FQ03.swf,,,308b2cf4e675a7e709a4497ee91d153ce7b87c7a09217612767f92bc88bda5e6,DefineEditText,,,none; machine census only; no renderer export,machine-extracted-definition-candidate,owner-provided SWF,container=root; definitionDepth=0; tagOrdinal=40; payloadBytes=37; rawTagPayloadSha256=308b2cf4e675a7e709a4497ee91d153ce7b87c7a09217612767f92bc88bda5e6; exactTagIdentitySha256=52ebf179f6863f5771e42de54535b3343fc610e8450f1f47a7da3cf690fc1889; runtime reachability unresolved; placement and bounds unresolved; renderer suitability unresolved
swf-definition-00041,20,,text,source-assets/flash/HELP MATH_ORIGINAL FILES/HELP_COURSES/ELMGR5/L5/FQ/L5FQ03.swf,,,86c3ab26c6de09240b0e0e92fc413c7c43b84162e54a9cd80c510fda8438cfe0,DefineEditText,,,none; machine census only; no renderer export,machine-extracted-definition-candidate,owner-provided SWF,container=root; definitionDepth=0; tagOrdinal=41; payloadBytes=33; rawTagPayloadSha256=86c3ab26c6de09240b0e0e92fc413c7c43b84162e54a9cd80c510fda8438cfe0; exactTagIdentitySha256=01279e0658e109d22441779f0742785544d4488340e7d3eab9ef1a69c0af8881; runtime reachability unresolved; placement and bounds unresolved; renderer suitability unresolved
swf-definition-00042,21,,text,source-assets/flash/HELP MATH_ORIGINAL FILES/HELP_COURSES/ELMGR5/L5/FQ/L5FQ03.swf,,,9b018e3d9bf3684a1da80a25450ab23b9388a08db3ee9c422e2b7aa8073b941b,DefineText,,,none; machine census only; no renderer export,machine-extracted-definition-candidate,owner-provided SWF,container=root; definitionDepth=0; tagOrdinal=42; payloadBytes=55; rawTagPayloadSha256=9b018e3d9bf3684a1da80a25450ab23b9388a08db3ee9c422e2b7aa8073b941b; exactTagIdentitySha256=62666a3646b6e2c0b24a95217e8bb19ebe562374c4b19c1d25182d4736d40cbe; runtime reachability unresolved; placement and bounds unresolved; renderer suitability unresolved
swf-definition-00043,22,,shape,source-assets/flash/HELP MATH_ORIGINAL FILES/HELP_COURSES/ELMGR5/L5/FQ/L5FQ03.swf,,,e46bd697bcfb775289b4e6b3e72ae133b3d8207095bd9005b1298677fe60675b,DefineShape,,,none; machine census only; no renderer export,machine-extracted-definition-candidate,owner-provided SWF,container=root; definitionDepth=0; tagOrdinal=43; payloadBytes=38; rawTagPayloadSha256=e46bd697bcfb775289b4e6b3e72ae133b3d8207095bd9005b1298677fe60675b; exactTagIdentitySha256=04156ea284dbaa4205085af1ba49673badd6ace9588e6323e33bb51b6877a644; runtime reachability unresolved; placement and bounds unresolved; renderer suitability unresolved
swf-definition-00044,23,,shape,source-assets/flash/HELP MATH_ORIGINAL FILES/HELP_COURSES/ELMGR5/L5/FQ/L5FQ03.swf,,,7eb341d561f707cafa5b5680cc7aafaa0e37c536528e97d377bf2a9a55153a69,DefineShape3,,,none; machine census only; no renderer export,machine-extracted-definition-candidate,owner-provided SWF,container=root; definitionDepth=0; tagOrdinal=44; payloadBytes=452; rawTagPayloadSha256=7eb341d561f707cafa5b5680cc7aafaa0e37c536528e97d377bf2a9a55153a69; exactTagIdentitySha256=5674217325def5c23d7e5e3ac32aca3fb90ef00e6e23345ae7d02c1f948391be; runtime reachability unresolved; placement and bounds unresolved; renderer suitability unresolved
swf-definition-00045,24,,text,source-assets/flash/HELP MATH_ORIGINAL FILES/HELP_COURSES/ELMGR5/L5/FQ/L5FQ03.swf,,,1d9ab82bc773c7cb40fb5127d27776912b06d81e5bf4beadb58abbc0979c0408,DefineText,,,none; machine census only; no renderer export,machine-extracted-definition-candidate,owner-provided SWF,container=root; definitionDepth=0; tagOrdinal=45; payloadBytes=25; rawTagPayloadSha256=1d9ab82bc773c7cb40fb5127d27776912b06d81e5bf4beadb58abbc0979c0408; exactTagIdentitySha256=5663cf7426a7fa84d695f38b5d105688457f230b23c1e4c5903f9e1c3513301f; runtime reachability unresolved; placement and bounds unresolved; renderer suitability unresolved
swf-definition-00046,25,,text,source-assets/flash/HELP MATH_ORIGINAL FILES/HELP_COURSES/ELMGR5/L5/FQ/L5FQ03.swf,,,26d4c57e3831307eef18ee81e2708c045a42ccd0b2e1b5591abf0462253ddf5f,DefineText,,,none; machine census only; no renderer export,machine-extracted-definition-candidate,owner-provided SWF,container=root; definitionDepth=0; tagOrdinal=46; payloadBytes=38; rawTagPayloadSha256=26d4c57e3831307eef18ee81e2708c045a42ccd0b2e1b5591abf0462253ddf5f; exactTagIdentitySha256=49f00a73165f2c355a66aeab70c6f15fb8c0ecef798f58ac77d571f63322e0fa; runtime reachability unresolved; placement and bounds unresolved; renderer suitability unresolved
swf-definition-00047,26,,shape,source-assets/flash/HELP MATH_ORIGINAL FILES/HELP_COURSES/ELMGR5/L5/FQ/L5FQ03.swf,,,1f334def61cdd82d2aed71dc7834886cf4a61ab08660b160a5721faf8c64a157,DefineShape3,,,none; machine census only; no renderer export,machine-extracted-definition-candidate,owner-provided SWF,container=root; definitionDepth=0; tagOrdinal=47; payloadBytes=32; rawTagPayloadSha256=1f334def61cdd82d2aed71dc7834886cf4a61ab08660b160a5721faf8c64a157; exactTagIdentitySha256=4c078e6460ab753191d0e1b9289a4bf41570196a4c0db6b367086d133aad4a64; runtime reachability unresolved; placement and bounds unresolved; renderer suitability unresolved
swf-definition-00048,27,,button,source-assets/flash/HELP MATH_ORIGINAL FILES/HELP_COURSES/ELMGR5/L5/FQ/L5FQ03.swf,,,8053d70ac605ad9cde7f4fbb1c88d8f5702d919c833b8981bb3800aa3faa4c00,DefineButton2,,,none; machine census only; no renderer export,machine-extracted-definition-candidate,owner-provided SWF,container=root; definitionDepth=0; tagOrdinal=48; payloadBytes=13; rawTagPayloadSha256=8053d70ac605ad9cde7f4fbb1c88d8f5702d919c833b8981bb3800aa3faa4c00; exactTagIdentitySha256=dff7d271f89d3c79af099965afee19e72251f74e8ffb202a66bcd9e39b5e8170; runtime reachability unresolved; placement and bounds unresolved; renderer suitability unresolved
swf-definition-00049,28,,sprite,source-assets/flash/HELP MATH_ORIGINAL FILES/HELP_COURSES/ELMGR5/L5/FQ/L5FQ03.swf,,,9bc974f9235fb682b73d5bd368329470ecf9aa77758ed6424675756ea64e9860,DefineSprite,,,none; machine census only; no renderer export,machine-extracted-definition-candidate,owner-provided SWF,container=root; definitionDepth=0; tagOrdinal=49; payloadBytes=74; rawTagPayloadSha256=9bc974f9235fb682b73d5bd368329470ecf9aa77758ed6424675756ea64e9860; exactTagIdentitySha256=fcf35540536dfba1de63775e6e6e58220d482404a54405451a383b5c5bc22ef7; declaredFrameCount=1; runtime reachability unresolved; placement and bounds unresolved; renderer suitability unresolved
swf-definition-00056,29,,shape,source-assets/flash/HELP MATH_ORIGINAL FILES/HELP_COURSES/ELMGR5/L5/FQ/L5FQ03.swf,,,4b024c1610b3b20c25ef2ecaa35e8180acb519900e0935cfc7c12f4294096fc1,DefineShape3,,,none; machine census only; no renderer export,machine-extracted-definition-candidate,owner-provided SWF,container=root; definitionDepth=0; tagOrdinal=56; payloadBytes=452; rawTagPayloadSha256=4b024c1610b3b20c25ef2ecaa35e8180acb519900e0935cfc7c12f4294096fc1; exactTagIdentitySha256=b9b2e49b7ef49e3410f7898690682f961ebdfefe6998d2b4199f38b36f5be541; runtime reachability unresolved; placement and bounds unresolved; renderer suitability unresolved
swf-definition-00057,30,,text,source-assets/flash/HELP MATH_ORIGINAL FILES/HELP_COURSES/ELMGR5/L5/FQ/L5FQ03.swf,,,9d61be543c366781a143906575c8ce7829a189a18f19a9ae3b50578b597ef8b6,DefineText,,,none; machine census only; no renderer export,machine-extracted-definition-candidate,owner-provided SWF,container=root; definitionDepth=0; tagOrdinal=57; payloadBytes=25; rawTagPayloadSha256=9d61be543c366781a143906575c8ce7829a189a18f19a9ae3b50578b597ef8b6; exactTagIdentitySha256=e57beb620be1f48a91406b0de2acd6b1d65e40bd568d31ea9258ab232e34f846; runtime reachability unresolved; placement and bounds unresolved; renderer suitability unresolved
swf-definition-00058,31,,text,source-assets/flash/HELP MATH_ORIGINAL FILES/HELP_COURSES/ELMGR5/L5/FQ/L5FQ03.swf,,,69070ab1970e47111fc644ebc5dafd7498581f5e65a2b65da6682db9b416532d,DefineText,,,none; machine census only; no renderer export,machine-extracted-definition-candidate,owner-provided SWF,container=root; definitionDepth=0; tagOrdinal=58; payloadBytes=36; rawTagPayloadSha256=69070ab1970e47111fc644ebc5dafd7498581f5e65a2b65da6682db9b416532d; exactTagIdentitySha256=1710b6b3309549e74fd64b61b8d2ca5a68ab4b8846cca45843882cf2f04229c3; runtime reachability unresolved; placement and bounds unresolved; renderer suitability unresolved
swf-definition-00059,32,,sprite,source-assets/flash/HELP MATH_ORIGINAL FILES/HELP_COURSES/ELMGR5/L5/FQ/L5FQ03.swf,,,20ccc2f722a83de67c05957d0e674e2ac0368f0b6e944b51baff5e98b75cda77,DefineSprite,,,none; machine census only; no renderer export,machine-extracted-definition-candidate,owner-provided SWF,container=root; definitionDepth=0; tagOrdinal=59; payloadBytes=73; rawTagPayloadSha256=20ccc2f722a83de67c05957d0e674e2ac0368f0b6e944b51baff5e98b75cda77; exactTagIdentitySha256=7035d62720487d754a625dc307960304ab1dcf1f081cd0ae1de6fc376faa0a8a; declaredFrameCount=1; runtime reachability unresolved; placement and bounds unresolved; renderer suitability unresolved
swf-definition-00066,33,,shape,source-assets/flash/HELP MATH_ORIGINAL FILES/HELP_COURSES/ELMGR5/L5/FQ/L5FQ03.swf,,,da4571a814f4864622721fd5777661422540e4d4bb1ec90e906bd4bf4127d582,DefineShape3,,,none; machine census only; no renderer export,machine-extracted-definition-candidate,owner-provided SWF,container=root; definitionDepth=0; tagOrdinal=66; payloadBytes=452; rawTagPayloadSha256=da4571a814f4864622721fd5777661422540e4d4bb1ec90e906bd4bf4127d582; exactTagIdentitySha256=8902d989c06de10245d4473844bb65fe8dc962a72d523acd2673ade7a3f96589; runtime reachability unresolved; placement and bounds unresolved; renderer suitability unresolved
swf-definition-00067,34,,text,source-assets/flash/HELP MATH_ORIGINAL FILES/HELP_COURSES/ELMGR5/L5/FQ/L5FQ03.swf,,,60f48d7982da77d933ccb3a7e216a785f7dad21405d4e61ca30c9ff77cdbbc98,DefineText,,,none; machine census only; no renderer export,machine-extracted-definition-candidate,owner-provided SWF,container=root; definitionDepth=0; tagOrdinal=67; payloadBytes=25; rawTagPayloadSha256=60f48d7982da77d933ccb3a7e216a785f7dad21405d4e61ca30c9ff77cdbbc98; exactTagIdentitySha256=f7d2f1519094d588f036719fc7f3de0506b7691c9344c5323528614b6d66ab8e; runtime reachability unresolved; placement and bounds unresolved; renderer suitability unresolved
swf-definition-00068,35,,text,source-assets/flash/HELP MATH_ORIGINAL FILES/HELP_COURSES/ELMGR5/L5/FQ/L5FQ03.swf,,,5b61343dac73f3760e886b6359499de3677c6eacec80315b36f2ef6bd6a1dbae,DefineText,,,none; machine census only; no renderer export,machine-extracted-definition-candidate,owner-provided SWF,container=root; definitionDepth=0; tagOrdinal=68; payloadBytes=33; rawTagPayloadSha256=5b61343dac73f3760e886b6359499de3677c6eacec80315b36f2ef6bd6a1dbae; exactTagIdentitySha256=f5243fb9f8faa478817e22fcf505d523f3bf6bd64e9b2f4c30ac361114ca07de; runtime reachability unresolved; placement and bounds unresolved; renderer suitability unresolved
swf-definition-00069,36,,sprite,source-assets/flash/HELP MATH_ORIGINAL FILES/HELP_COURSES/ELMGR5/L5/FQ/L5FQ03.swf,,,2c63b786567275443251d230a925817636078189fe3dab7fcb14d31df6719531,DefineSprite,,,none; machine census only; no renderer export,machine-extracted-definition-candidate,owner-provided SWF,container=root; definitionDepth=0; tagOrdinal=69; payloadBytes=73; rawTagPayloadSha256=2c63b786567275443251d230a925817636078189fe3dab7fcb14d31df6719531; exactTagIdentitySha256=ec9e6166aca58f3979eb3a02f7318b28e5c857f84e4c68587ee46877f102274b; declaredFrameCount=1; runtime reachability unresolved; placement and bounds unresolved; renderer suitability unresolved
swf-definition-00076,37,,shape,source-assets/flash/HELP MATH_ORIGINAL FILES/HELP_COURSES/ELMGR5/L5/FQ/L5FQ03.swf,,,28b1ccb62dfc187d26656df093c74cbf9fe934f6d031a3d13008525ffa647a70,DefineShape3,,,none; machine census only; no renderer export,machine-extracted-definition-candidate,owner-provided SWF,container=root; definitionDepth=0; tagOrdinal=76; payloadBytes=452; rawTagPayloadSha256=28b1ccb62dfc187d26656df093c74cbf9fe934f6d031a3d13008525ffa647a70; exactTagIdentitySha256=2f75e7d582e56dc01110624e77b442ee89857a78cbe5c09df3095aa962522aeb; runtime reachability unresolved; placement and bounds unresolved; renderer suitability unresolved
swf-definition-00077,38,,text,source-assets/flash/HELP MATH_ORIGINAL FILES/HELP_COURSES/ELMGR5/L5/FQ/L5FQ03.swf,,,239df96e3c08edea3cccdc2274f6c40f5d7bc64e554dad816b795d6b6524a0a0,DefineText,,,none; machine census only; no renderer export,machine-extracted-definition-candidate,owner-provided SWF,container=root; definitionDepth=0; tagOrdinal=77; payloadBytes=25; rawTagPayloadSha256=239df96e3c08edea3cccdc2274f6c40f5d7bc64e554dad816b795d6b6524a0a0; exactTagIdentitySha256=d38d0f3f0fc13fa14ffcb3d21cdc5b05df3284c054560220b4bae3af0a6810bb; runtime reachability unresolved; placement and bounds unresolved; renderer suitability unresolved
swf-definition-00078,39,,text,source-assets/flash/HELP MATH_ORIGINAL FILES/HELP_COURSES/ELMGR5/L5/FQ/L5FQ03.swf,,,c8a3b867fb023df93391ccc69b791f5a349134c601f9e0e36eefdd88c0271980,DefineText,,,none; machine census only; no renderer export,machine-extracted-definition-candidate,owner-provided SWF,container=root; definitionDepth=0; tagOrdinal=78; payloadBytes=31; rawTagPayloadSha256=c8a3b867fb023df93391ccc69b791f5a349134c601f9e0e36eefdd88c0271980; exactTagIdentitySha256=68426c4bf020f2c0e2066d245513aef89cba60c336e611db09c2dfc3c51ca66e; runtime reachability unresolved; placement and bounds unresolved; renderer suitability unresolved
swf-definition-00079,40,,sprite,source-assets/flash/HELP MATH_ORIGINAL FILES/HELP_COURSES/ELMGR5/L5/FQ/L5FQ03.swf,,,b31f9682f484126ac0776c276c28b89b53f093f6a6fcf484928bf0cc91a33cf8,DefineSprite,,,none; machine census only; no renderer export,machine-extracted-definition-candidate,owner-provided SWF,container=root; definitionDepth=0; tagOrdinal=79; payloadBytes=73; rawTagPayloadSha256=b31f9682f484126ac0776c276c28b89b53f093f6a6fcf484928bf0cc91a33cf8; exactTagIdentitySha256=e4b5d300084aba9a1ca7043b4a0ea756ed25835b6535a874a481b7d31c72ab8f; declaredFrameCount=1; runtime reachability unresolved; placement and bounds unresolved; renderer suitability unresolved
swf-definition-00086,41,,shape,source-assets/flash/HELP MATH_ORIGINAL FILES/HELP_COURSES/ELMGR5/L5/FQ/L5FQ03.swf,,,92dd23d8fffe53c549701cb00c11984baea87baad09df5ff5e7ef8cb89320e64,DefineShape,,,none; machine census only; no renderer export,machine-extracted-definition-candidate,owner-provided SWF,container=root; definitionDepth=0; tagOrdinal=86; payloadBytes=160; rawTagPayloadSha256=92dd23d8fffe53c549701cb00c11984baea87baad09df5ff5e7ef8cb89320e64; exactTagIdentitySha256=e3fc766eb555b4c1e44306faea8529ef366a83d328df76f1756067eeb8f43ffb; runtime reachability unresolved; placement and bounds unresolved; renderer suitability unresolved
swf-definition-00087,42,,shape,source-assets/flash/HELP MATH_ORIGINAL FILES/HELP_COURSES/ELMGR5/L5/FQ/L5FQ03.swf,,,5581bbbd5a54d08eed077344dcfc976227a1e4c90dfe094ac9c4ed312e5ebb6b,DefineShape3,,,none; machine census only; no renderer export,machine-extracted-definition-candidate,owner-provided SWF,container=root; definitionDepth=0; tagOrdinal=87; payloadBytes=59; rawTagPayloadSha256=5581bbbd5a54d08eed077344dcfc976227a1e4c90dfe094ac9c4ed312e5ebb6b; exactTagIdentitySha256=801d3e59805178dafeb6aae43b450a08614898d19bacb62ad4df58b9a19b4a3c; runtime reachability unresolved; placement and bounds unresolved; renderer suitability unresolved
swf-definition-00088,43,Gill Sans MT,font,source-assets/flash/HELP MATH_ORIGINAL FILES/HELP_COURSES/ELMGR5/L5/FQ/L5FQ03.swf,,,2df4f72b35e90f66ed43e02e7b29cc76d88eb1e8ff6e6f1fe213b690eb97d3a8,DefineFont2,,5,none; machine census only; no renderer export,machine-extracted-definition-candidate,owner-provided SWF,container=root; definitionDepth=0; tagOrdinal=88; payloadBytes=353; rawTagPayloadSha256=2df4f72b35e90f66ed43e02e7b29cc76d88eb1e8ff6e6f1fe213b690eb97d3a8; exactTagIdentitySha256=40c997975cfe6d44614ff2b5526e45a836b7f166d043291ce010824b49e06896; runtime reachability unresolved; placement and bounds unresolved; renderer suitability unresolved
swf-definition-00089,44,,text,source-assets/flash/HELP MATH_ORIGINAL FILES/HELP_COURSES/ELMGR5/L5/FQ/L5FQ03.swf,,,c5e5bad0fcf8cb29e455eb766aa59f98e3614fd997d3ccbc308bfbdd8b6898ce,DefineText,,,none; machine census only; no renderer export,machine-extracted-definition-candidate,owner-provided SWF,container=root; definitionDepth=0; tagOrdinal=89; payloadBytes=25; rawTagPayloadSha256=c5e5bad0fcf8cb29e455eb766aa59f98e3614fd997d3ccbc308bfbdd8b6898ce; exactTagIdentitySha256=064983a5bbda78f2aac53493a5e2cd2a277fd0fd07da02accf3837ef6bf0d460; runtime reachability unresolved; placement and bounds unresolved; renderer suitability unresolved
swf-definition-00090,45,,text,source-assets/flash/HELP MATH_ORIGINAL FILES/HELP_COURSES/ELMGR5/L5/FQ/L5FQ03.swf,,,3a769166decd6386ebce892b92eb323082e025b346a860a517c7f6d35537d2f7,DefineText,,,none; machine census only; no renderer export,machine-extracted-definition-candidate,owner-provided SWF,container=root; definitionDepth=0; tagOrdinal=90; payloadBytes=25; rawTagPayloadSha256=3a769166decd6386ebce892b92eb323082e025b346a860a517c7f6d35537d2f7; exactTagIdentitySha256=84a6753a342b31c7ccac6cf0cbfb94c81721a22ab5b15001c90f8401b9cd26db; runtime reachability unresolved; placement and bounds unresolved; renderer suitability unresolved
swf-definition-00091,46,,shape,source-assets/flash/HELP MATH_ORIGINAL FILES/HELP_COURSES/ELMGR5/L5/FQ/L5FQ03.swf,,,46174aaac632f71d4233cb2457daee11576b7d51eee5790d5b76ace82f572b62,DefineShape3,,,none; machine census only; no renderer export,machine-extracted-definition-candidate,owner-provided SWF,container=root; definitionDepth=0; tagOrdinal=91; payloadBytes=59; rawTagPayloadSha256=46174aaac632f71d4233cb2457daee11576b7d51eee5790d5b76ace82f572b62; exactTagIdentitySha256=59087424ba4ff8bb5538824fdd52b31a275fb9c550e683c68df2ead78d1e3d48; runtime reachability unresolved; placement and bounds unresolved; renderer suitability unresolved
swf-definition-00092,47,,text,source-assets/flash/HELP MATH_ORIGINAL FILES/HELP_COURSES/ELMGR5/L5/FQ/L5FQ03.swf,,,0edc725e59c1a1fbac5648f38bc3aacbc45645491b4a9c9a1c909e06f93f4d94,DefineText,,,none; machine census only; no renderer export,machine-extracted-definition-candidate,owner-provided SWF,container=root; definitionDepth=0; tagOrdinal=92; payloadBytes=25; rawTagPayloadSha256=0edc725e59c1a1fbac5648f38bc3aacbc45645491b4a9c9a1c909e06f93f4d94; exactTagIdentitySha256=730a03c6d7b43784a7cb09f7538723fed39fd58402d2f7bd88a27472676247f7; runtime reachability unresolved; placement and bounds unresolved; renderer suitability unresolved
swf-definition-00093,48,,text,source-assets/flash/HELP MATH_ORIGINAL FILES/HELP_COURSES/ELMGR5/L5/FQ/L5FQ03.swf,,,f1147a06455a218c6577ca2ed7651bc0f1c6ad28b1df54e839bf160391072d67,DefineText,,,none; machine census only; no renderer export,machine-extracted-definition-candidate,owner-provided SWF,container=root; definitionDepth=0; tagOrdinal=93; payloadBytes=25; rawTagPayloadSha256=f1147a06455a218c6577ca2ed7651bc0f1c6ad28b1df54e839bf160391072d67; exactTagIdentitySha256=18848b04f20e9544b415d041cb8a877d74983f7a733edc65056053b715c8279e; runtime reachability unresolved; placement and bounds unresolved; renderer suitability unresolved
swf-definition-00094,49,,shape,source-assets/flash/HELP MATH_ORIGINAL FILES/HELP_COURSES/ELMGR5/L5/FQ/L5FQ03.swf,,,8e1a831efa14f62571075ccdd4b6c215e032505e424cda12d356ac191e1170ef,DefineShape3,,,none; machine census only; no renderer export,machine-extracted-definition-candidate,owner-provided SWF,container=root; definitionDepth=0; tagOrdinal=94; payloadBytes=60; rawTagPayloadSha256=8e1a831efa14f62571075ccdd4b6c215e032505e424cda12d356ac191e1170ef; exactTagIdentitySha256=1d9b36c611839bc0f32d24201b94b3a7936c497d162757a3b4737abd195d68ff; runtime reachability unresolved; placement and bounds unresolved; renderer suitability unresolved
swf-definition-00095,50,,button,source-assets/flash/HELP MATH_ORIGINAL FILES/HELP_COURSES/ELMGR5/L5/FQ/L5FQ03.swf,,,fe4116f6460028fc25046eec5fbb921f88d284b4517bbcd0d5c685882116d093,DefineButton2,,,none; machine census only; no renderer export,machine-extracted-definition-candidate,owner-provided SWF,container=root; definitionDepth=0; tagOrdinal=95; payloadBytes=234; rawTagPayloadSha256=fe4116f6460028fc25046eec5fbb921f88d284b4517bbcd0d5c685882116d093; exactTagIdentitySha256=be74f9802212713b9fda2e7aeeafacaf1462be73ac968adfc1e95050344a1ca4; runtime reachability unresolved; placement and bounds unresolved; renderer suitability unresolved
swf-definition-00096,51,,shape,source-assets/flash/HELP MATH_ORIGINAL FILES/HELP_COURSES/ELMGR5/L5/FQ/L5FQ03.swf,,,82c561cd237022a946ffae8b242ddf8c6c4d6277676d0ad20c541f4e0a2e9508,DefineShape3,,,none; machine census only; no renderer export,machine-extracted-definition-candidate,owner-provided SWF,container=root; definitionDepth=0; tagOrdinal=96; payloadBytes=59; rawTagPayloadSha256=82c561cd237022a946ffae8b242ddf8c6c4d6277676d0ad20c541f4e0a2e9508; exactTagIdentitySha256=c165406acd0edb6c1e6411018a6cba338921f84ba9c9076b7531c275da70eaf8; runtime reachability unresolved; placement and bounds unresolved; renderer suitability unresolved
swf-definition-00097,52,,text,source-assets/flash/HELP MATH_ORIGINAL FILES/HELP_COURSES/ELMGR5/L5/FQ/L5FQ03.swf,,,27cfbf3445df2b4dc0dc591c5501d24fe9d804049d311de58943f79d7fbf8e1e,DefineText,,,none; machine census only; no renderer export,machine-extracted-definition-candidate,owner-provided SWF,container=root; definitionDepth=0; tagOrdinal=97; payloadBytes=32; rawTagPayloadSha256=27cfbf3445df2b4dc0dc591c5501d24fe9d804049d311de58943f79d7fbf8e1e; exactTagIdentitySha256=ed16e583719e53a9ca6ab44b6fc3101c6b90a0f2ee12700dca7acc05fce81d88; runtime reachability unresolved; placement and bounds unresolved; renderer suitability unresolved
swf-definition-00098,53,,shape,source-assets/flash/HELP MATH_ORIGINAL FILES/HELP_COURSES/ELMGR5/L5/FQ/L5FQ03.swf,,,c1a769605225a1efe2649edc46ff71bcc0fb0e4128427104342950fa9646bc34,DefineShape3,,,none; machine census only; no renderer export,machine-extracted-definition-candidate,owner-provided SWF,container=root; definitionDepth=0; tagOrdinal=98; payloadBytes=59; rawTagPayloadSha256=c1a769605225a1efe2649edc46ff71bcc0fb0e4128427104342950fa9646bc34; exactTagIdentitySha256=53791120f950d9e8b2319d387dd850fd7d768f373d53dd631f02cd8a3de0290a; runtime reachability unresolved; placement and bounds unresolved; renderer suitability unresolved
swf-definition-00099,54,,text,source-assets/flash/HELP MATH_ORIGINAL FILES/HELP_COURSES/ELMGR5/L5/FQ/L5FQ03.swf,,,c96b79ed89c9dba358ba005613c83211a00d66308e323713693b1395753e0341,DefineText,,,none; machine census only; no renderer export,machine-extracted-definition-candidate,owner-provided SWF,container=root; definitionDepth=0; tagOrdinal=99; payloadBytes=32; rawTagPayloadSha256=c96b79ed89c9dba358ba005613c83211a00d66308e323713693b1395753e0341; exactTagIdentitySha256=2c82f35a811720fe6d526a5b73d35f7c4fc926f6039ef79213ab8e2d2073e486; runtime reachability unresolved; placement and bounds unresolved; renderer suitability unresolved
swf-definition-00100,55,,shape,source-assets/flash/HELP MATH_ORIGINAL FILES/HELP_COURSES/ELMGR5/L5/FQ/L5FQ03.swf,,,ac3dfcbe1ef228a185cf43f56909613b8543d0618e7e0f879958c1560494ce90,DefineShape3,,,none; machine census only; no renderer export,machine-extracted-definition-candidate,owner-provided SWF,container=root; definitionDepth=0; tagOrdinal=100; payloadBytes=60; rawTagPayloadSha256=ac3dfcbe1ef228a185cf43f56909613b8543d0618e7e0f879958c1560494ce90; exactTagIdentitySha256=d64b377ed587fda8c478e29d405385fea07658cd0d879422f4c7d13ac7914f4e; runtime reachability unresolved; placement and bounds unresolved; renderer suitability unresolved
swf-definition-00101,56,,button,source-assets/flash/HELP MATH_ORIGINAL FILES/HELP_COURSES/ELMGR5/L5/FQ/L5FQ03.swf,,,aa143ff8a6f9fa7de1270be4f42fe9cd3e451401ff0a6847a0edcd9971162811,DefineButton2,,,none; machine census only; no renderer export,machine-extracted-definition-candidate,owner-provided SWF,container=root; definitionDepth=0; tagOrdinal=101; payloadBytes=214; rawTagPayloadSha256=aa143ff8a6f9fa7de1270be4f42fe9cd3e451401ff0a6847a0edcd9971162811; exactTagIdentitySha256=ee394b7177f7c7c65afe8d70daeaf29870fcfb1bb008ae16b5fc80a0ac69d1b8; runtime reachability unresolved; placement and bounds unresolved; renderer suitability unresolved
swf-definition-00102,57,,shape,source-assets/flash/HELP MATH_ORIGINAL FILES/HELP_COURSES/ELMGR5/L5/FQ/L5FQ03.swf,,,e38d07200b66edaa2ac8f982ab6b18ec575998d86a8187f75093e66a60ef57ad,DefineShape3,,,none; machine census only; no renderer export,machine-extracted-definition-candidate,owner-provided SWF,container=root; definitionDepth=0; tagOrdinal=102; payloadBytes=30; rawTagPayloadSha256=e38d07200b66edaa2ac8f982ab6b18ec575998d86a8187f75093e66a60ef57ad; exactTagIdentitySha256=0b0837acaf05a528552a19c7b7328f02b9ba0f37b2b637dd3b9908e7653213ea; runtime reachability unresolved; placement and bounds unresolved; renderer suitability unresolved
swf-definition-00103,58,,shape,source-assets/flash/HELP MATH_ORIGINAL FILES/HELP_COURSES/ELMGR5/L5/FQ/L5FQ03.swf,,,d5c9be4f4602d3d8db859b3e7e9426c23c58c453a380d62b3edf1092d82fcd1d,DefineShape,,,none; machine census only; no renderer export,machine-extracted-definition-candidate,owner-provided SWF,container=root; definitionDepth=0; tagOrdinal=103; payloadBytes=26; rawTagPayloadSha256=d5c9be4f4602d3d8db859b3e7e9426c23c58c453a380d62b3edf1092d82fcd1d; exactTagIdentitySha256=451df6954e20ece6e5d009e342008b6f1b3f3a420c21434f814ae547144274e5; runtime reachability unresolved; placement and bounds unresolved; renderer suitability unresolved
swf-definition-00104,59,,shape,source-assets/flash/HELP MATH_ORIGINAL FILES/HELP_COURSES/ELMGR5/L5/FQ/L5FQ03.swf,,,e681482cca12dcc1394183e902489075bfebac30fc27e7098079fc7c1ccf4963,DefineShape,,,none; machine census only; no renderer export,machine-extracted-definition-candidate,owner-provided SWF,container=root; definitionDepth=0; tagOrdinal=104; payloadBytes=27; rawTagPayloadSha256=e681482cca12dcc1394183e902489075bfebac30fc27e7098079fc7c1ccf4963; exactTagIdentitySha256=88eb2dee4c2cee0e8abd25fa839b20b23b7f4dfb0e34912446c61b63389a8a45; runtime reachability unresolved; placement and bounds unresolved; renderer suitability unresolved
swf-definition-00105,60,,button,source-assets/flash/HELP MATH_ORIGINAL FILES/HELP_COURSES/ELMGR5/L5/FQ/L5FQ03.swf,,,8b9f2198ba0b8c128d899962458e27acf6ccc49baaa7d38f7cce1b539e3b7834,DefineButton2,,,none; machine census only; no renderer export,machine-extracted-definition-candidate,owner-provided SWF,container=root; definitionDepth=0; tagOrdinal=105; payloadBytes=38; rawTagPayloadSha256=8b9f2198ba0b8c128d899962458e27acf6ccc49baaa7d38f7cce1b539e3b7834; exactTagIdentitySha256=d50eed824c36e36cf24544e4ecf8a52e0a88fd455947fde4abc8561adcb87477; runtime reachability unresolved; placement and bounds unresolved; renderer suitability unresolved
swf-definition-00106,61,,shape,source-assets/flash/HELP MATH_ORIGINAL FILES/HELP_COURSES/ELMGR5/L5/FQ/L5FQ03.swf,,,2234fd1a2c86e53b04abe5843c2fc64531d227d99ef458996741af847a01e25c,DefineShape,,,none; machine census only; no renderer export,machine-extracted-definition-candidate,owner-provided SWF,container=root; definitionDepth=0; tagOrdinal=106; payloadBytes=38; rawTagPayloadSha256=2234fd1a2c86e53b04abe5843c2fc64531d227d99ef458996741af847a01e25c; exactTagIdentitySha256=7c1925d59dd2f8d7b32ee249f117d0c23329692150b7a67091cc4c5d87c1608d; runtime reachability unresolved; placement and bounds unresolved; renderer suitability unresolved
swf-definition-00107,62,,shape,source-assets/flash/HELP MATH_ORIGINAL FILES/HELP_COURSES/ELMGR5/L5/FQ/L5FQ03.swf,,,1110dca49cc1d84a47971ceb1dcd3fcd0899223e2c8067683c39acaf6b0b66e6,DefineShape,,,none; machine census only; no renderer export,machine-extracted-definition-candidate,owner-provided SWF,container=root; definitionDepth=0; tagOrdinal=107; payloadBytes=38; rawTagPayloadSha256=1110dca49cc1d84a47971ceb1dcd3fcd0899223e2c8067683c39acaf6b0b66e6; exactTagIdentitySha256=916cb480ff5d7e0ef291a9f459e0317c18ca304afa9c356d28c6ddceff640553; runtime reachability unresolved; placement and bounds unresolved; renderer suitability unresolved
swf-definition-00108,63,,button,source-assets/flash/HELP MATH_ORIGINAL FILES/HELP_COURSES/ELMGR5/L5/FQ/L5FQ03.swf,,,e9a25809597efbcdad0d93bcf4ef79cf1a401c1c3d7ae2adc3867e9f92fb4889,DefineButton2,,,none; machine census only; no renderer export,machine-extracted-definition-candidate,owner-provided SWF,container=root; definitionDepth=0; tagOrdinal=108; payloadBytes=34; rawTagPayloadSha256=e9a25809597efbcdad0d93bcf4ef79cf1a401c1c3d7ae2adc3867e9f92fb4889; exactTagIdentitySha256=0f73e824fe62fdc2b1ee13f2c82726af0f0ba0655a1916af37181b994e9eba4d; runtime reachability unresolved; placement and bounds unresolved; renderer suitability unresolved
swf-definition-00109,64,,sprite,source-assets/flash/HELP MATH_ORIGINAL FILES/HELP_COURSES/ELMGR5/L5/FQ/L5FQ03.swf,,,86f4d9becc1a2bd78bbf5b851fa631656581fdc33ceb309e72ddb02d9173e0bb,DefineSprite,,,none; machine census only; no renderer export,machine-extracted-definition-candidate,owner-provided SWF,container=root; definitionDepth=0; tagOrdinal=109; payloadBytes=147; rawTagPayloadSha256=86f4d9becc1a2bd78bbf5b851fa631656581fdc33ceb309e72ddb02d9173e0bb; exactTagIdentitySha256=e8cd4a179b1720fbf606c90b31a15734763d10651c0d6725edaf8c2389c2ed4a; declaredFrameCount=2; runtime reachability unresolved; placement and bounds unresolved; renderer suitability unresolved
swf-definition-00118,65,,sprite,source-assets/flash/HELP MATH_ORIGINAL FILES/HELP_COURSES/ELMGR5/L5/FQ/L5FQ03.swf,,,a5943a5b4c7d06137380f55170efa09f2858eadc9e69c773a6c404d79390f878,DefineSprite,,,none; machine census only; no renderer export,machine-extracted-definition-candidate,owner-provided SWF,container=root; definitionDepth=0; tagOrdinal=118; payloadBytes=2001; rawTagPayloadSha256=a5943a5b4c7d06137380f55170efa09f2858eadc9e69c773a6c404d79390f878; exactTagIdentitySha256=2641cc3424420bc14192196dfd3503927b3c3a1f466f5312596b3c13b53f1179; declaredFrameCount=8; runtime reachability unresolved; placement and bounds unresolved; renderer suitability unresolved
swf-definition-00144,66,,text,source-assets/flash/HELP MATH_ORIGINAL FILES/HELP_COURSES/ELMGR5/L5/FQ/L5FQ03.swf,,,a754e6bd2626b0e3fc351205d1e34fc24a2f9c479d8f6a9a1f654e1ace4f9227,DefineEditText,,,none; machine census only; no renderer export,machine-extracted-definition-candidate,owner-provided SWF,container=root; definitionDepth=0; tagOrdinal=144; payloadBytes=37; rawTagPayloadSha256=a754e6bd2626b0e3fc351205d1e34fc24a2f9c479d8f6a9a1f654e1ace4f9227; exactTagIdentitySha256=8a7cb644abdc954adb33a32634a4ea365f70f3bb1be7b2174e142f3c45d2f440; runtime reachability unresolved; placement and bounds unresolved; renderer suitability unresolved
swf-definition-00145,67,,text,source-assets/flash/HELP MATH_ORIGINAL FILES/HELP_COURSES/ELMGR5/L5/FQ/L5FQ03.swf,,,f7a438025545830e0e7570c5527c14b78717dc6f6b78349c830d95a2e4f68dd6,DefineEditText,,,none; machine census only; no renderer export,machine-extracted-definition-candidate,owner-provided SWF,container=root; definitionDepth=0; tagOrdinal=145; payloadBytes=33; rawTagPayloadSha256=f7a438025545830e0e7570c5527c14b78717dc6f6b78349c830d95a2e4f68dd6; exactTagIdentitySha256=ad1edf1b8a0e465f83cea7b9540ae524cb29be4aaca1b2359cad9d7497236fb5; runtime reachability unresolved; placement and bounds unresolved; renderer suitability unresolved
swf-definition-00146,68,,text,source-assets/flash/HELP MATH_ORIGINAL FILES/HELP_COURSES/ELMGR5/L5/FQ/L5FQ03.swf,,,6e173c97a87d873b907f08e1adf7aea6f9bfbeb8a97c29be8004c4e527d75d03,DefineText,,,none; machine census only; no renderer export,machine-extracted-definition-candidate,owner-provided SWF,container=root; definitionDepth=0; tagOrdinal=146; payloadBytes=51; rawTagPayloadSha256=6e173c97a87d873b907f08e1adf7aea6f9bfbeb8a97c29be8004c4e527d75d03; exactTagIdentitySha256=8798fd131b301cf9b30b2b3f069a428ebc5509742822f4035b5d361a77aa288e; runtime reachability unresolved; placement and bounds unresolved; renderer suitability unresolved
swf-definition-00147,69,,shape,source-assets/flash/HELP MATH_ORIGINAL FILES/HELP_COURSES/ELMGR5/L5/FQ/L5FQ03.swf,,,d18cdc915aa6140019665fb1fabf73e67e52399507f8e280c75d3d6a836236d3,DefineShape,,,none; machine census only; no renderer export,machine-extracted-definition-candidate,owner-provided SWF,container=root; definitionDepth=0; tagOrdinal=147; payloadBytes=38; rawTagPayloadSha256=d18cdc915aa6140019665fb1fabf73e67e52399507f8e280c75d3d6a836236d3; exactTagIdentitySha256=860584275985d48e74ec211e6477e15d1885025f47e24df57b36a6ca3fae5213; runtime reachability unresolved; placement and bounds unresolved; renderer suitability unresolved
swf-definition-00148,70,,shape,source-assets/flash/HELP MATH_ORIGINAL FILES/HELP_COURSES/ELMGR5/L5/FQ/L5FQ03.swf,,,71a9f295161631f6f4473f6b40109414c85e16effaa640931bda1b489d26dab2,DefineShape3,,,none; machine census only; no renderer export,machine-extracted-definition-candidate,owner-provided SWF,container=root; definitionDepth=0; tagOrdinal=148; payloadBytes=452; rawTagPayloadSha256=71a9f295161631f6f4473f6b40109414c85e16effaa640931bda1b489d26dab2; exactTagIdentitySha256=d7df2b18a72e0fe12df882bff4ff4dc1f55e5bff239464195ce8f8a1db63ce25; runtime reachability unresolved; placement and bounds unresolved; renderer suitability unresolved
swf-definition-00149,71,,text,source-assets/flash/HELP MATH_ORIGINAL FILES/HELP_COURSES/ELMGR5/L5/FQ/L5FQ03.swf,,,9b82ee739f22e64121d8606643377c44e09fa14ad5090510f8841fd81ba6e8d6,DefineText,,,none; machine census only; no renderer export,machine-extracted-definition-candidate,owner-provided SWF,container=root; definitionDepth=0; tagOrdinal=149; payloadBytes=34; rawTagPayloadSha256=9b82ee739f22e64121d8606643377c44e09fa14ad5090510f8841fd81ba6e8d6; exactTagIdentitySha256=bc6b33358b4b666a21d539de39344023c8832e4d8f8ad938078f2b9e34041b3c; runtime reachability unresolved; placement and bounds unresolved; renderer suitability unresolved
swf-definition-00150,72,,sprite,source-assets/flash/HELP MATH_ORIGINAL FILES/HELP_COURSES/ELMGR5/L5/FQ/L5FQ03.swf,,,e92324b426d1a41747bd76d2be35ffe77d3936c248c3bc1a0eb6759cf5ba3514,DefineSprite,,,none; machine census only; no renderer export,machine-extracted-definition-candidate,owner-provided SWF,container=root; definitionDepth=0; tagOrdinal=150; payloadBytes=73; rawTagPayloadSha256=e92324b426d1a41747bd76d2be35ffe77d3936c248c3bc1a0eb6759cf5ba3514; exactTagIdentitySha256=f27d0feadd967f289800c45e28c0c77bddda553b92f79c4ae6a8f0f276ef69fc; declaredFrameCount=1; runtime reachability unresolved; placement and bounds unresolved; renderer suitability unresolved
swf-definition-00157,73,,shape,source-assets/flash/HELP MATH_ORIGINAL FILES/HELP_COURSES/ELMGR5/L5/FQ/L5FQ03.swf,,,ccfbe12c033f2932d4f7326c56f4686e816ccd01e4aebe4ab9168d4e46a1c2aa,DefineShape3,,,none; machine census only; no renderer export,machine-extracted-definition-candidate,owner-provided SWF,container=root; definitionDepth=0; tagOrdinal=157; payloadBytes=452; rawTagPayloadSha256=ccfbe12c033f2932d4f7326c56f4686e816ccd01e4aebe4ab9168d4e46a1c2aa; exactTagIdentitySha256=aaf90ac93791abd4bf0c2b858e2f560a51b1d7eec372890fe3ec14dedcdd347c; runtime reachability unresolved; placement and bounds unresolved; renderer suitability unresolved
swf-definition-00158,74,,text,source-assets/flash/HELP MATH_ORIGINAL FILES/HELP_COURSES/ELMGR5/L5/FQ/L5FQ03.swf,,,6bdc88e07d8336d61966c40938a2049ea8fec52e8fd84651a72b606f87c2ed13,DefineText,,,none; machine census only; no renderer export,machine-extracted-definition-candidate,owner-provided SWF,container=root; definitionDepth=0; tagOrdinal=158; payloadBytes=34; rawTagPayloadSha256=6bdc88e07d8336d61966c40938a2049ea8fec52e8fd84651a72b606f87c2ed13; exactTagIdentitySha256=856cd071227b7297911d03af10f28edc031130a773e03cebf4391d0b68856c34; runtime reachability unresolved; placement and bounds unresolved; renderer suitability unresolved
swf-definition-00159,75,,sprite,source-assets/flash/HELP MATH_ORIGINAL FILES/HELP_COURSES/ELMGR5/L5/FQ/L5FQ03.swf,,,7d6dac98e448812345c748192a935d46a3f2f5f4f8123cfa1101baba98d42bb1,DefineSprite,,,none; machine census only; no renderer export,machine-extracted-definition-candidate,owner-provided SWF,container=root; definitionDepth=0; tagOrdinal=159; payloadBytes=72; rawTagPayloadSha256=7d6dac98e448812345c748192a935d46a3f2f5f4f8123cfa1101baba98d42bb1; exactTagIdentitySha256=4f23b97d3d322042b63b1972c0b0dc6dddc4109da43d271fefa6bf80aab984f7; declaredFrameCount=1; runtime reachability unresolved; placement and bounds unresolved; renderer suitability unresolved
swf-definition-00166,76,,shape,source-assets/flash/HELP MATH_ORIGINAL FILES/HELP_COURSES/ELMGR5/L5/FQ/L5FQ03.swf,,,89a4ef45da3f864e9ff266d15da570d5e74cdff1b4ef6c8175ace6886f40ee8f,DefineShape3,,,none; machine census only; no renderer export,machine-extracted-definition-candidate,owner-provided SWF,container=root; definitionDepth=0; tagOrdinal=166; payloadBytes=452; rawTagPayloadSha256=89a4ef45da3f864e9ff266d15da570d5e74cdff1b4ef6c8175ace6886f40ee8f; exactTagIdentitySha256=2347d156f745df2a468ce01142a4bbe3c01ec40c10e67ef1bc3b246370a82f9f; runtime reachability unresolved; placement and bounds unresolved; renderer suitability unresolved
swf-definition-00167,77,,text,source-assets/flash/HELP MATH_ORIGINAL FILES/HELP_COURSES/ELMGR5/L5/FQ/L5FQ03.swf,,,f8f7ef256fb00f6e705fcec0d63e34f632b44adc0daa5a295f655c243ac9ca71,DefineText,,,none; machine census only; no renderer export,machine-extracted-definition-candidate,owner-provided SWF,container=root; definitionDepth=0; tagOrdinal=167; payloadBytes=35; rawTagPayloadSha256=f8f7ef256fb00f6e705fcec0d63e34f632b44adc0daa5a295f655c243ac9ca71; exactTagIdentitySha256=30d049661e873e315bf9bd929d30e0822a00aedd321eab93740d1e24858ebe39; runtime reachability unresolved; placement and bounds unresolved; renderer suitability unresolved
swf-definition-00168,78,,sprite,source-assets/flash/HELP MATH_ORIGINAL FILES/HELP_COURSES/ELMGR5/L5/FQ/L5FQ03.swf,,,b9d06a5bde4a20ab17912ce1e02f51df4b69416b0e6ad47eedc19e04aabe3b51,DefineSprite,,,none; machine census only; no renderer export,machine-extracted-definition-candidate,owner-provided SWF,container=root; definitionDepth=0; tagOrdinal=168; payloadBytes=72; rawTagPayloadSha256=b9d06a5bde4a20ab17912ce1e02f51df4b69416b0e6ad47eedc19e04aabe3b51; exactTagIdentitySha256=096b57b74e50448f0c38e9d973508e10e03af3a9e9073c0ed1196c7e75a56589; declaredFrameCount=1; runtime reachability unresolved; placement and bounds unresolved; renderer suitability unresolved
swf-definition-00175,79,,shape,source-assets/flash/HELP MATH_ORIGINAL FILES/HELP_COURSES/ELMGR5/L5/FQ/L5FQ03.swf,,,3bf2a1eb4f5aaf0c4bb02a2bebed82549f99c4ab8e33a68d3b86c36ff3efc6cf,DefineShape3,,,none; machine census only; no renderer export,machine-extracted-definition-candidate,owner-provided SWF,container=root; definitionDepth=0; tagOrdinal=175; payloadBytes=452; rawTagPayloadSha256=3bf2a1eb4f5aaf0c4bb02a2bebed82549f99c4ab8e33a68d3b86c36ff3efc6cf; exactTagIdentitySha256=8d8e6c2f1857425ede388bd2631bbd37b07c373a7defa188f8069b519d62fa2b; runtime reachability unresolved; placement and bounds unresolved; renderer suitability unresolved
swf-definition-00176,80,,text,source-assets/flash/HELP MATH_ORIGINAL FILES/HELP_COURSES/ELMGR5/L5/FQ/L5FQ03.swf,,,8493ad77c51817ca378239a640f24f850115199686e4ed21393771fe3b03f6dc,DefineText,,,none; machine census only; no renderer export,machine-extracted-definition-candidate,owner-provided SWF,container=root; definitionDepth=0; tagOrdinal=176; payloadBytes=32; rawTagPayloadSha256=8493ad77c51817ca378239a640f24f850115199686e4ed21393771fe3b03f6dc; exactTagIdentitySha256=b3a1b776fc2ff18157fd6e071fa902e06c6b05bc22cc84249b5466129c9f2ff4; runtime reachability unresolved; placement and bounds unresolved; renderer suitability unresolved
swf-definition-00177,81,,sprite,source-assets/flash/HELP MATH_ORIGINAL FILES/HELP_COURSES/ELMGR5/L5/FQ/L5FQ03.swf,,,93e83c7ccde8fb6525352636b91841303bb9d71d677ea7b722b74b4f2a06de89,DefineSprite,,,none; machine census only; no renderer export,machine-extracted-definition-candidate,owner-provided SWF,container=root; definitionDepth=0; tagOrdinal=177; payloadBytes=73; rawTagPayloadSha256=93e83c7ccde8fb6525352636b91841303bb9d71d677ea7b722b74b4f2a06de89; exactTagIdentitySha256=ba7b5be005190045ca320abbf3f9ee404e3736413b9625bc3d7e2172299ec950; declaredFrameCount=1; runtime reachability unresolved; placement and bounds unresolved; renderer suitability unresolved
swf-definition-00184,82,,text,source-assets/flash/HELP MATH_ORIGINAL FILES/HELP_COURSES/ELMGR5/L5/FQ/L5FQ03.swf,,,d1e9850563f3429759a6ba7724e191338430ba036116b790f19275d39a67d1a2,DefineEditText,,,none; machine census only; no renderer export,machine-extracted-definition-candidate,owner-provided SWF,container=root; definitionDepth=0; tagOrdinal=184; payloadBytes=37; rawTagPayloadSha256=d1e9850563f3429759a6ba7724e191338430ba036116b790f19275d39a67d1a2; exactTagIdentitySha256=793f19300e67ba94e1e0b464b63786ec34d09a63430f8d1a45bcec4b8639aea8; runtime reachability unresolved; placement and bounds unresolved; renderer suitability unresolved
swf-definition-00185,83,,text,source-assets/flash/HELP MATH_ORIGINAL FILES/HELP_COURSES/ELMGR5/L5/FQ/L5FQ03.swf,,,41513711a0a0b8afeb233323075712846cfee60b10d3e7d1ffe36aa50b063c11,DefineEditText,,,none; machine census only; no renderer export,machine-extracted-definition-candidate,owner-provided SWF,container=root; definitionDepth=0; tagOrdinal=185; payloadBytes=33; rawTagPayloadSha256=41513711a0a0b8afeb233323075712846cfee60b10d3e7d1ffe36aa50b063c11; exactTagIdentitySha256=92690c03795ab2aa63819407ed58a0fa51f79cfbf378740e944482899bf29ee5; runtime reachability unresolved; placement and bounds unresolved; renderer suitability unresolved
swf-definition-00186,84,,text,source-assets/flash/HELP MATH_ORIGINAL FILES/HELP_COURSES/ELMGR5/L5/FQ/L5FQ03.swf,,,e4bf0303b78d64fe09174dfe1c7fda22ec1cda4bd5da195732598427ecffa688,DefineText,,,none; machine census only; no renderer export,machine-extracted-definition-candidate,owner-provided SWF,container=root; definitionDepth=0; tagOrdinal=186; payloadBytes=49; rawTagPayloadSha256=e4bf0303b78d64fe09174dfe1c7fda22ec1cda4bd5da195732598427ecffa688; exactTagIdentitySha256=d48270ae685be8425416fb70fac9a5bc6e14112bd3216fc27456c6a3796e95a9; runtime reachability unresolved; placement and bounds unresolved; renderer suitability unresolved
swf-definition-00187,85,,shape,source-assets/flash/HELP MATH_ORIGINAL FILES/HELP_COURSES/ELMGR5/L5/FQ/L5FQ03.swf,,,174dbde63124ba26e96cf0bb7cdef8e1883f3a169cb0dd49f5a86cbb73ac04be,DefineShape,,,none; machine census only; no renderer export,machine-extracted-definition-candidate,owner-provided SWF,container=root; definitionDepth=0; tagOrdinal=187; payloadBytes=38; rawTagPayloadSha256=174dbde63124ba26e96cf0bb7cdef8e1883f3a169cb0dd49f5a86cbb73ac04be; exactTagIdentitySha256=fd29dd09b28b9ca850ae995db66c76a6c0f7f09d8ba5c4527fa4b11cad75ec4d; runtime reachability unresolved; placement and bounds unresolved; renderer suitability unresolved
swf-definition-00188,86,,shape,source-assets/flash/HELP MATH_ORIGINAL FILES/HELP_COURSES/ELMGR5/L5/FQ/L5FQ03.swf,,,7536b0c076a6826f8a1cd225307790bf3e460a04ad23f6b0e8f358ace563728d,DefineShape3,,,none; machine census only; no renderer export,machine-extracted-definition-candidate,owner-provided SWF,container=root; definitionDepth=0; tagOrdinal=188; payloadBytes=452; rawTagPayloadSha256=7536b0c076a6826f8a1cd225307790bf3e460a04ad23f6b0e8f358ace563728d; exactTagIdentitySha256=bd804a758bd0ac986b10fd3e2454d81b51123a5997bed234a04794b647b10cfd; runtime reachability unresolved; placement and bounds unresolved; renderer suitability unresolved
swf-definition-00189,87,,text,source-assets/flash/HELP MATH_ORIGINAL FILES/HELP_COURSES/ELMGR5/L5/FQ/L5FQ03.swf,,,e01389df768df009421b055de31f11cab22ffab9a19a0a3f0a7a1b52eeae6bf9,DefineText,,,none; machine census only; no renderer export,machine-extracted-definition-candidate,owner-provided SWF,container=root; definitionDepth=0; tagOrdinal=189; payloadBytes=37; rawTagPayloadSha256=e01389df768df009421b055de31f11cab22ffab9a19a0a3f0a7a1b52eeae6bf9; exactTagIdentitySha256=ce1aff5fac7ba0df90449c8c3b97281024c4eb2bf47bad19368480988911b164; runtime reachability unresolved; placement and bounds unresolved; renderer suitability unresolved
swf-definition-00190,88,,sprite,source-assets/flash/HELP MATH_ORIGINAL FILES/HELP_COURSES/ELMGR5/L5/FQ/L5FQ03.swf,,,f9f2cf8e6a12206b7b46a779b0a253e0e38bb5d971df83b217e323ba5e9b4070,DefineSprite,,,none; machine census only; no renderer export,machine-extracted-definition-candidate,owner-provided SWF,container=root; definitionDepth=0; tagOrdinal=190; payloadBytes=74; rawTagPayloadSha256=f9f2cf8e6a12206b7b46a779b0a253e0e38bb5d971df83b217e323ba5e9b4070; exactTagIdentitySha256=f03fa6bc0877abc6e5faae3972db7bca6492c147180e62141f57445cde0cbaf9; declaredFrameCount=1; runtime reachability unresolved; placement and bounds unresolved; renderer suitability unresolved
swf-definition-00197,89,,shape,source-assets/flash/HELP MATH_ORIGINAL FILES/HELP_COURSES/ELMGR5/L5/FQ/L5FQ03.swf,,,d65cf93e77dfcaeebe58236c33c3219637402db0b56547784474beea924e7d96,DefineShape3,,,none; machine census only; no renderer export,machine-extracted-definition-candidate,owner-provided SWF,container=root; definitionDepth=0; tagOrdinal=197; payloadBytes=452; rawTagPayloadSha256=d65cf93e77dfcaeebe58236c33c3219637402db0b56547784474beea924e7d96; exactTagIdentitySha256=851c9dff84244eb1967f326fc2af171460af9276adcd31b5293d55ca2c0fbcca; runtime reachability unresolved; placement and bounds unresolved; renderer suitability unresolved
swf-definition-00198,90,,text,source-assets/flash/HELP MATH_ORIGINAL FILES/HELP_COURSES/ELMGR5/L5/FQ/L5FQ03.swf,,,45249228f5894150366a56cd73a1d7ca88e4d15f7638a2dee2a96629f1561508,DefineText,,,none; machine census only; no renderer export,machine-extracted-definition-candidate,owner-provided SWF,container=root; definitionDepth=0; tagOrdinal=198; payloadBytes=37; rawTagPayloadSha256=45249228f5894150366a56cd73a1d7ca88e4d15f7638a2dee2a96629f1561508; exactTagIdentitySha256=c20c5b517b086189be6b4166f1b7d1f66930cfb97685bc6abaaacd6021ead532; runtime reachability unresolved; placement and bounds unresolved; renderer suitability unresolved
swf-definition-00199,91,,sprite,source-assets/flash/HELP MATH_ORIGINAL FILES/HELP_COURSES/ELMGR5/L5/FQ/L5FQ03.swf,,,26569bea92bdfeac7774c1d8065dba151d8c257aa751440c1a6a451aea7db7cd,DefineSprite,,,none; machine census only; no renderer export,machine-extracted-definition-candidate,owner-provided SWF,container=root; definitionDepth=0; tagOrdinal=199; payloadBytes=73; rawTagPayloadSha256=26569bea92bdfeac7774c1d8065dba151d8c257aa751440c1a6a451aea7db7cd; exactTagIdentitySha256=78500cdad33c0cbb20e7351668cefa5d826552286e9277b779e65c5c2f2e8b8b; declaredFrameCount=1; runtime reachability unresolved; placement and bounds unresolved; renderer suitability unresolved
swf-definition-00206,92,,shape,source-assets/flash/HELP MATH_ORIGINAL FILES/HELP_COURSES/ELMGR5/L5/FQ/L5FQ03.swf,,,f41dd3322f6d574c19c532f55377a810ea6a53c6488a5ff4ac3d5e18c87cf072,DefineShape3,,,none; machine census only; no renderer export,machine-extracted-definition-candidate,owner-provided SWF,container=root; definitionDepth=0; tagOrdinal=206; payloadBytes=452; rawTagPayloadSha256=f41dd3322f6d574c19c532f55377a810ea6a53c6488a5ff4ac3d5e18c87cf072; exactTagIdentitySha256=66cb523dc44476a3f3df6ab36f69b214339679612dfed393d239ed1942e43a19; runtime reachability unresolved; placement and bounds unresolved; renderer suitability unresolved
swf-definition-00207,93,,text,source-assets/flash/HELP MATH_ORIGINAL FILES/HELP_COURSES/ELMGR5/L5/FQ/L5FQ03.swf,,,26df6cd58bd913a1d2f6f1fd1ddd0b868be7d9263088873cb44ebe4ac6b71705,DefineText,,,none; machine census only; no renderer export,machine-extracted-definition-candidate,owner-provided SWF,container=root; definitionDepth=0; tagOrdinal=207; payloadBytes=34; rawTagPayloadSha256=26df6cd58bd913a1d2f6f1fd1ddd0b868be7d9263088873cb44ebe4ac6b71705; exactTagIdentitySha256=10b192ae75f9cfff329e68dbebccbb5728b62eacd493166a8f68c9a4eca32363; runtime reachability unresolved; placement and bounds unresolved; renderer suitability unresolved
swf-definition-00208,94,,sprite,source-assets/flash/HELP MATH_ORIGINAL FILES/HELP_COURSES/ELMGR5/L5/FQ/L5FQ03.swf,,,ef1c1b509ab3218054cd0939ace4427613b61b79dba2867a33f0e311120e8274,DefineSprite,,,none; machine census only; no renderer export,machine-extracted-definition-candidate,owner-provided SWF,container=root; definitionDepth=0; tagOrdinal=208; payloadBytes=72; rawTagPayloadSha256=ef1c1b509ab3218054cd0939ace4427613b61b79dba2867a33f0e311120e8274; exactTagIdentitySha256=9894f10a3c358a156e5227ed58056ee0fcd493bce7534e5a8177754e718d6d61; declaredFrameCount=1; runtime reachability unresolved; placement and bounds unresolved; renderer suitability unresolved
swf-definition-00215,95,,shape,source-assets/flash/HELP MATH_ORIGINAL FILES/HELP_COURSES/ELMGR5/L5/FQ/L5FQ03.swf,,,8717c22c495547c237aeeba827d8db5626ece107e1cabbe2d3c33036787a0229,DefineShape3,,,none; machine census only; no renderer export,machine-extracted-definition-candidate,owner-provided SWF,container=root; definitionDepth=0; tagOrdinal=215; payloadBytes=452; rawTagPayloadSha256=8717c22c495547c237aeeba827d8db5626ece107e1cabbe2d3c33036787a0229; exactTagIdentitySha256=d893c726c3e57a5fed0da122eb13dea28412cb08aa6287955c628cb84c30eec9; runtime reachability unresolved; placement and bounds unresolved; renderer suitability unresolved
swf-definition-00216,96,,text,source-assets/flash/HELP MATH_ORIGINAL FILES/HELP_COURSES/ELMGR5/L5/FQ/L5FQ03.swf,,,4b012d33a607e867116611fd54ff652dbc69f24cdbb2772d6e64912bd2d03bcb,DefineText,,,none; machine census only; no renderer export,machine-extracted-definition-candidate,owner-provided SWF,container=root; definitionDepth=0; tagOrdinal=216; payloadBytes=31; rawTagPayloadSha256=4b012d33a607e867116611fd54ff652dbc69f24cdbb2772d6e64912bd2d03bcb; exactTagIdentitySha256=538c6435883c3be746b51998f2f35108c39558c84bd891d876a7f6fe8026560d; runtime reachability unresolved; placement and bounds unresolved; renderer suitability unresolved
swf-definition-00217,97,,sprite,source-assets/flash/HELP MATH_ORIGINAL FILES/HELP_COURSES/ELMGR5/L5/FQ/L5FQ03.swf,,,9453ed022e518af1c1ecc67d8afc9d23a9e24ef335c996c38c905100a27b02aa,DefineSprite,,,none; machine census only; no renderer export,machine-extracted-definition-candidate,owner-provided SWF,container=root; definitionDepth=0; tagOrdinal=217; payloadBytes=74; rawTagPayloadSha256=9453ed022e518af1c1ecc67d8afc9d23a9e24ef335c996c38c905100a27b02aa; exactTagIdentitySha256=3e1098f816fc891b883515f3a0ad2a0252c69a8c193ed5b21606620f07499ee3; declaredFrameCount=1; runtime reachability unresolved; placement and bounds unresolved; renderer suitability unresolved
swf-definition-00224,98,,text,source-assets/flash/HELP MATH_ORIGINAL FILES/HELP_COURSES/ELMGR5/L5/FQ/L5FQ03.swf,,,c45f043aef87f201dbf598957383ce598c20c5bb627efa9fbc246b2680972f88,DefineEditText,,,none; machine census only; no renderer export,machine-extracted-definition-candidate,owner-provided SWF,container=root; definitionDepth=0; tagOrdinal=224; payloadBytes=37; rawTagPayloadSha256=c45f043aef87f201dbf598957383ce598c20c5bb627efa9fbc246b2680972f88; exactTagIdentitySha256=f9138ce45c105a2316d1be65f0b9265d2c55ad78b03188abe4fe08c97364bd08; runtime reachability unresolved; placement and bounds unresolved; renderer suitability unresolved
swf-definition-00225,99,,text,source-assets/flash/HELP MATH_ORIGINAL FILES/HELP_COURSES/ELMGR5/L5/FQ/L5FQ03.swf,,,e1a517a804d58e05106f931265ac9b83e8ed2902bfde8fbd6e6914d1feae8d66,DefineEditText,,,none; machine census only; no renderer export,machine-extracted-definition-candidate,owner-provided SWF,container=root; definitionDepth=0; tagOrdinal=225; payloadBytes=33; rawTagPayloadSha256=e1a517a804d58e05106f931265ac9b83e8ed2902bfde8fbd6e6914d1feae8d66; exactTagIdentitySha256=f3c0866316d11f4290c60d3197b271c67c7453ffb17c2810c5989e674900ee6f; runtime reachability unresolved; placement and bounds unresolved; renderer suitability unresolved
swf-definition-00226,100,,text,source-assets/flash/HELP MATH_ORIGINAL FILES/HELP_COURSES/ELMGR5/L5/FQ/L5FQ03.swf,,,311713c1797b3288692dff0b809d9497daf39c76ce73e6c5ba39b2c5f4f9cb0d,DefineText,,,none; machine census only; no renderer export,machine-extracted-definition-candidate,owner-provided SWF,container=root; definitionDepth=0; tagOrdinal=226; payloadBytes=57; rawTagPayloadSha256=311713c1797b3288692dff0b809d9497daf39c76ce73e6c5ba39b2c5f4f9cb0d; exactTagIdentitySha256=1fb13270765dd2380a921fd861c9b2efd7eb179367c60cdc7e6b73867773eb1f; runtime reachability unresolved; placement and bounds unresolved; renderer suitability unresolved
swf-definition-00227,101,,shape,source-assets/flash/HELP MATH_ORIGINAL FILES/HELP_COURSES/ELMGR5/L5/FQ/L5FQ03.swf,,,55bc30c268b74515710aa12d2b2bed8de656f6050c9df0c893c17503da68e573,DefineShape,,,none; machine census only; no renderer export,machine-extracted-definition-candidate,owner-provided SWF,container=root; definitionDepth=0; tagOrdinal=227; payloadBytes=38; rawTagPayloadSha256=55bc30c268b74515710aa12d2b2bed8de656f6050c9df0c893c17503da68e573; exactTagIdentitySha256=5d7646fe3993e7cd6dea93493e9d112e5009a673add1aeac9ca93980f45d18c6; runtime reachability unresolved; placement and bounds unresolved; renderer suitability unresolved
swf-definition-00228,102,,shape,source-assets/flash/HELP MATH_ORIGINAL FILES/HELP_COURSES/ELMGR5/L5/FQ/L5FQ03.swf,,,034fbc9daab0f413e822c8864483ca6cf38ad566a89e636d4d25ffcfac64ac5a,DefineShape3,,,none; machine census only; no renderer export,machine-extracted-definition-candidate,owner-provided SWF,container=root; definitionDepth=0; tagOrdinal=228; payloadBytes=452; rawTagPayloadSha256=034fbc9daab0f413e822c8864483ca6cf38ad566a89e636d4d25ffcfac64ac5a; exactTagIdentitySha256=1acb1732b51dbfa0158349448568dd876901a8870135e66da698c51394f2c38a; runtime reachability unresolved; placement and bounds unresolved; renderer suitability unresolved
swf-definition-00229,103,,text,source-assets/flash/HELP MATH_ORIGINAL FILES/HELP_COURSES/ELMGR5/L5/FQ/L5FQ03.swf,,,19ad20913498bef9334b5ce3a7350e20327321c769ccec56796dcd64b0f0c21c,DefineText,,,none; machine census only; no renderer export,machine-extracted-definition-candidate,owner-provided SWF,container=root; definitionDepth=0; tagOrdinal=229; payloadBytes=37; rawTagPayloadSha256=19ad20913498bef9334b5ce3a7350e20327321c769ccec56796dcd64b0f0c21c; exactTagIdentitySha256=61002ff24c3bd2c45ec234cea0b098cab8551049152b4e6c7d7539986518680b; runtime reachability unresolved; placement and bounds unresolved; renderer suitability unresolved
swf-definition-00230,104,,sprite,source-assets/flash/HELP MATH_ORIGINAL FILES/HELP_COURSES/ELMGR5/L5/FQ/L5FQ03.swf,,,d76f0d4cb4143b88df5055809987a5df0064d382ad972829ee5efc804f3ad488,DefineSprite,,,none; machine census only; no renderer export,machine-extracted-definition-candidate,owner-provided SWF,container=root; definitionDepth=0; tagOrdinal=230; payloadBytes=73; rawTagPayloadSha256=d76f0d4cb4143b88df5055809987a5df0064d382ad972829ee5efc804f3ad488; exactTagIdentitySha256=93d37fe1cc3599551fb5b56e8828eb5bdb0299a3ba97071e4f16082a5f602660; declaredFrameCount=1; runtime reachability unresolved; placement and bounds unresolved; renderer suitability unresolved
swf-definition-00237,105,,shape,source-assets/flash/HELP MATH_ORIGINAL FILES/HELP_COURSES/ELMGR5/L5/FQ/L5FQ03.swf,,,cb9c09ed158134bfc2b4ac91b9768d4df3039365ac3c51a74b7d9006221c8333,DefineShape3,,,none; machine census only; no renderer export,machine-extracted-definition-candidate,owner-provided SWF,container=root; definitionDepth=0; tagOrdinal=237; payloadBytes=452; rawTagPayloadSha256=cb9c09ed158134bfc2b4ac91b9768d4df3039365ac3c51a74b7d9006221c8333; exactTagIdentitySha256=5e507335248b495759402564192fb0a5b3f4e08dc3ff147649bb2237184c6bfe; runtime reachability unresolved; placement and bounds unresolved; renderer suitability unresolved
swf-definition-00238,106,,text,source-assets/flash/HELP MATH_ORIGINAL FILES/HELP_COURSES/ELMGR5/L5/FQ/L5FQ03.swf,,,d5f273cca6f63fea66fc0b5332bc23f9149ea35270dc6c289b19cc788e8fa1ae,DefineText,,,none; machine census only; no renderer export,machine-extracted-definition-candidate,owner-provided SWF,container=root; definitionDepth=0; tagOrdinal=238; payloadBytes=37; rawTagPayloadSha256=d5f273cca6f63fea66fc0b5332bc23f9149ea35270dc6c289b19cc788e8fa1ae; exactTagIdentitySha256=d8f7e1852916eb8a4a953d317dfc977a3027ed8cd17f4a0f9d8a7656e39df491; runtime reachability unresolved; placement and bounds unresolved; renderer suitability unresolved
swf-definition-00239,107,,sprite,source-assets/flash/HELP MATH_ORIGINAL FILES/HELP_COURSES/ELMGR5/L5/FQ/L5FQ03.swf,,,65258e4089555607129336aa5950c950a211513cae0bcf0ca90c5a125aae093d,DefineSprite,,,none; machine census only; no renderer export,machine-extracted-definition-candidate,owner-provided SWF,container=root; definitionDepth=0; tagOrdinal=239; payloadBytes=74; rawTagPayloadSha256=65258e4089555607129336aa5950c950a211513cae0bcf0ca90c5a125aae093d; exactTagIdentitySha256=bb51fdf50039597f5ea1085f2aa5f813184f48c0cc88b96cdf6975ef10a1a794; declaredFrameCount=1; runtime reachability unresolved; placement and bounds unresolved; renderer suitability unresolved
swf-definition-00246,108,,shape,source-assets/flash/HELP MATH_ORIGINAL FILES/HELP_COURSES/ELMGR5/L5/FQ/L5FQ03.swf,,,98a6e7ab27d073b683761da1b116c772a1de1c8819d7d5e7c97262c3c2eec945,DefineShape3,,,none; machine census only; no renderer export,machine-extracted-definition-candidate,owner-provided SWF,container=root; definitionDepth=0; tagOrdinal=246; payloadBytes=452; rawTagPayloadSha256=98a6e7ab27d073b683761da1b116c772a1de1c8819d7d5e7c97262c3c2eec945; exactTagIdentitySha256=f56433e27a2430651b1726f33375f53cda95863c591557c90b10d32d5ce45c31; runtime reachability unresolved; placement and bounds unresolved; renderer suitability unresolved
swf-definition-00247,109,,text,source-assets/flash/HELP MATH_ORIGINAL FILES/HELP_COURSES/ELMGR5/L5/FQ/L5FQ03.swf,,,24f2b3aecbe10ab5c836ece0ca2761a491d322ca190aed29dda5bec3fec774ce,DefineText,,,none; machine census only; no renderer export,machine-extracted-definition-candidate,owner-provided SWF,container=root; definitionDepth=0; tagOrdinal=247; payloadBytes=31; rawTagPayloadSha256=24f2b3aecbe10ab5c836ece0ca2761a491d322ca190aed29dda5bec3fec774ce; exactTagIdentitySha256=61d875768f24c27c50d2da7c40e183683db705822bd003a42d097f238248bd49; runtime reachability unresolved; placement and bounds unresolved; renderer suitability unresolved
swf-definition-00248,110,,sprite,source-assets/flash/HELP MATH_ORIGINAL FILES/HELP_COURSES/ELMGR5/L5/FQ/L5FQ03.swf,,,ab9998cff95e1c96ad433be623d642f5e3414f1f561315f9c24ab4b2bff66334,DefineSprite,,,none; machine census only; no renderer export,machine-extracted-definition-candidate,owner-provided SWF,container=root; definitionDepth=0; tagOrdinal=248; payloadBytes=74; rawTagPayloadSha256=ab9998cff95e1c96ad433be623d642f5e3414f1f561315f9c24ab4b2bff66334; exactTagIdentitySha256=c6df7f0a7f295cfbe1aadaa4f5421e885843284d50840d5138ddf6f40a1a34c5; declaredFrameCount=1; runtime reachability unresolved; placement and bounds unresolved; renderer suitability unresolved
swf-definition-00255,111,,shape,source-assets/flash/HELP MATH_ORIGINAL FILES/HELP_COURSES/ELMGR5/L5/FQ/L5FQ03.swf,,,1c191e8e4c96f5b29d5b31cf6df2225ae0feb3477776cf39b3756ed3b1ea4ec0,DefineShape3,,,none; machine census only; no renderer export,machine-extracted-definition-candidate,owner-provided SWF,container=root; definitionDepth=0; tagOrdinal=255; payloadBytes=452; rawTagPayloadSha256=1c191e8e4c96f5b29d5b31cf6df2225ae0feb3477776cf39b3756ed3b1ea4ec0; exactTagIdentitySha256=a3ba8d2eb9a158953fc0d55247a44bff47363004f16b13421a0d060bb2d92669; runtime reachability unresolved; placement and bounds unresolved; renderer suitability unresolved
swf-definition-00256,112,,text,source-assets/flash/HELP MATH_ORIGINAL FILES/HELP_COURSES/ELMGR5/L5/FQ/L5FQ03.swf,,,e66907625a582c52e4f95515c0fc58f914f5d89b5278388ea00e90184eeb0313,DefineText,,,none; machine census only; no renderer export,machine-extracted-definition-candidate,owner-provided SWF,container=root; definitionDepth=0; tagOrdinal=256; payloadBytes=31; rawTagPayloadSha256=e66907625a582c52e4f95515c0fc58f914f5d89b5278388ea00e90184eeb0313; exactTagIdentitySha256=52b4b3bf73764bf51c502dbe0c3f78413501ef62be7e68347fa1fa9fc0b26f6f; runtime reachability unresolved; placement and bounds unresolved; renderer suitability unresolved
swf-definition-00257,113,,sprite,source-assets/flash/HELP MATH_ORIGINAL FILES/HELP_COURSES/ELMGR5/L5/FQ/L5FQ03.swf,,,84fa1fa0c37c16a8d324587aa50383e3af0d4a8cfe3dfe817256e96aa7c22769,DefineSprite,,,none; machine census only; no renderer export,machine-extracted-definition-candidate,owner-provided SWF,container=root; definitionDepth=0; tagOrdinal=257; payloadBytes=75; rawTagPayloadSha256=84fa1fa0c37c16a8d324587aa50383e3af0d4a8cfe3dfe817256e96aa7c22769; exactTagIdentitySha256=23d400c5d55bc37147494ca90619fe1d602b1dbf393d2c8397ce11dcdf89334d; declaredFrameCount=1; runtime reachability unresolved; placement and bounds unresolved; renderer suitability unresolved
swf-definition-00264,114,,text,source-assets/flash/HELP MATH_ORIGINAL FILES/HELP_COURSES/ELMGR5/L5/FQ/L5FQ03.swf,,,7a9c06e84104b29e46ff07587b0bc1dd7bc9923b5c891d4d49c43b0d97a3f5ae,DefineEditText,,,none; machine census only; no renderer export,machine-extracted-definition-candidate,owner-provided SWF,container=root; definitionDepth=0; tagOrdinal=264; payloadBytes=31; rawTagPayloadSha256=7a9c06e84104b29e46ff07587b0bc1dd7bc9923b5c891d4d49c43b0d97a3f5ae; exactTagIdentitySha256=2dbcf45f22fa94d91a3c27ba0a816e7aff2f72eb14d9b580df96f52b110eda59; runtime reachability unresolved; placement and bounds unresolved; renderer suitability unresolved
swf-definition-00265,115,,text,source-assets/flash/HELP MATH_ORIGINAL FILES/HELP_COURSES/ELMGR5/L5/FQ/L5FQ03.swf,,,54da31551e780051dc06fdb0936a4173024ef62e2352f58c94b23f8bab3a8d43,DefineEditText,,,none; machine census only; no renderer export,machine-extracted-definition-candidate,owner-provided SWF,container=root; definitionDepth=0; tagOrdinal=265; payloadBytes=31; rawTagPayloadSha256=54da31551e780051dc06fdb0936a4173024ef62e2352f58c94b23f8bab3a8d43; exactTagIdentitySha256=abcf718011ee32280369eb9edf065ece22df4c72e7f638c58002e8104c876b90; runtime reachability unresolved; placement and bounds unresolved; renderer suitability unresolved
swf-definition-00266,116,,text,source-assets/flash/HELP MATH_ORIGINAL FILES/HELP_COURSES/ELMGR5/L5/FQ/L5FQ03.swf,,,051772eadd40e740cbcb6a6af359d5cb2d0d61ebcd0b2bfefb4ae2b60b1c5173,DefineEditText,,,none; machine census only; no renderer export,machine-extracted-definition-candidate,owner-provided SWF,container=root; definitionDepth=0; tagOrdinal=266; payloadBytes=31; rawTagPayloadSha256=051772eadd40e740cbcb6a6af359d5cb2d0d61ebcd0b2bfefb4ae2b60b1c5173; exactTagIdentitySha256=ef097e542b9dd194e01437f46097f9b3054fb0f70ed77391880e279258bc719f; runtime reachability unresolved; placement and bounds unresolved; renderer suitability unresolved
swf-definition-00267,117,,text,source-assets/flash/HELP MATH_ORIGINAL FILES/HELP_COURSES/ELMGR5/L5/FQ/L5FQ03.swf,,,7a140e436c0f5cec064c847f9353188888618dd202ca65df867280498438189b,DefineEditText,,,none; machine census only; no renderer export,machine-extracted-definition-candidate,owner-provided SWF,container=root; definitionDepth=0; tagOrdinal=267; payloadBytes=31; rawTagPayloadSha256=7a140e436c0f5cec064c847f9353188888618dd202ca65df867280498438189b; exactTagIdentitySha256=ed4d716678a2949ad0f4956b9dd82949e4d0c324ea82bfa9ec3417fa0e77341f; runtime reachability unresolved; placement and bounds unresolved; renderer suitability unresolved
swf-definition-00268,118,,text,source-assets/flash/HELP MATH_ORIGINAL FILES/HELP_COURSES/ELMGR5/L5/FQ/L5FQ03.swf,,,df048b1d679cda084875a595ff80de6a48f823b117a7274e1553db1e914f53b6,DefineEditText,,,none; machine census only; no renderer export,machine-extracted-definition-candidate,owner-provided SWF,container=root; definitionDepth=0; tagOrdinal=268; payloadBytes=31; rawTagPayloadSha256=df048b1d679cda084875a595ff80de6a48f823b117a7274e1553db1e914f53b6; exactTagIdentitySha256=7ea03791ac4b6d03df4591c8bfb3b2e9ad80520b44edfc5ff55fd5e322efa679; runtime reachability unresolved; placement and bounds unresolved; renderer suitability unresolved
swf-definition-00269,119,,text,source-assets/flash/HELP MATH_ORIGINAL FILES/HELP_COURSES/ELMGR5/L5/FQ/L5FQ03.swf,,,d6ac864851002497dfb86a4bfe34f8f574cc2ae0d9e251053d2a471ec76846e1,DefineEditText,,,none; machine census only; no renderer export,machine-extracted-definition-candidate,owner-provided SWF,container=root; definitionDepth=0; tagOrdinal=269; payloadBytes=31; rawTagPayloadSha256=d6ac864851002497dfb86a4bfe34f8f574cc2ae0d9e251053d2a471ec76846e1; exactTagIdentitySha256=5b468f808fd5ca31651f9463836ca7c7293f30190df1403ab6c01ba19f22906e; runtime reachability unresolved; placement and bounds unresolved; renderer suitability unresolved
swf-definition-00270,120,,text,source-assets/flash/HELP MATH_ORIGINAL FILES/HELP_COURSES/ELMGR5/L5/FQ/L5FQ03.swf,,,8ee08e99491add7305c13f0ae6b03275759a2ff09087238b208de18175401cf7,DefineEditText,,,none; machine census only; no renderer export,machine-extracted-definition-candidate,owner-provided SWF,container=root; definitionDepth=0; tagOrdinal=270; payloadBytes=31; rawTagPayloadSha256=8ee08e99491add7305c13f0ae6b03275759a2ff09087238b208de18175401cf7; exactTagIdentitySha256=a1c17e5a9e0f551c8a6d28e70a1d47d02aba8cb8819efffffaf9e830c77f86cf; runtime reachability unresolved; placement and bounds unresolved; renderer suitability unresolved
swf-definition-00271,121,,text,source-assets/flash/HELP MATH_ORIGINAL FILES/HELP_COURSES/ELMGR5/L5/FQ/L5FQ03.swf,,,2595a603da64d6b53c5f4df0bf3022b6d0c85b8d87940fd478c7fb739faa0ce4,DefineEditText,,,none; machine census only; no renderer export,machine-extracted-definition-candidate,owner-provided SWF,container=root; definitionDepth=0; tagOrdinal=271; payloadBytes=31; rawTagPayloadSha256=2595a603da64d6b53c5f4df0bf3022b6d0c85b8d87940fd478c7fb739faa0ce4; exactTagIdentitySha256=500364b1f43d2c4394a880969e92a8731c42c8698d9e0597c321985d543cb24e; runtime reachability unresolved; placement and bounds unresolved; renderer suitability unresolved
swf-definition-00272,122,,text,source-assets/flash/HELP MATH_ORIGINAL FILES/HELP_COURSES/ELMGR5/L5/FQ/L5FQ03.swf,,,a890fe376b41dfbc29812d753bb9b806db3345e74596f732a54d90d8af94c1f0,DefineEditText,,,none; machine census only; no renderer export,machine-extracted-definition-candidate,owner-provided SWF,container=root; definitionDepth=0; tagOrdinal=272; payloadBytes=31; rawTagPayloadSha256=a890fe376b41dfbc29812d753bb9b806db3345e74596f732a54d90d8af94c1f0; exactTagIdentitySha256=17e88e1d4bce64af976aac0fb9ecdb1349fa7dda28e67ccd8e394d797a4b7b9f; runtime reachability unresolved; placement and bounds unresolved; renderer suitability unresolved
swf-definition-00273,123,,text,source-assets/flash/HELP MATH_ORIGINAL FILES/HELP_COURSES/ELMGR5/L5/FQ/L5FQ03.swf,,,1868d92e282baff20464b7d4b10dd3be1fa577e4e197b3c3dd5f09b4b2deb4a3,DefineEditText,,,none; machine census only; no renderer export,machine-extracted-definition-candidate,owner-provided SWF,container=root; definitionDepth=0; tagOrdinal=273; payloadBytes=31; rawTagPayloadSha256=1868d92e282baff20464b7d4b10dd3be1fa577e4e197b3c3dd5f09b4b2deb4a3; exactTagIdentitySha256=2696c7eb562b2d9ae4fb3fa125fb50b02ccc525b36bbad101e98e2fd9ae8b693; runtime reachability unresolved; placement and bounds unresolved; renderer suitability unresolved
swf-definition-00274,124,,text,source-assets/flash/HELP MATH_ORIGINAL FILES/HELP_COURSES/ELMGR5/L5/FQ/L5FQ03.swf,,,c9aed370160836d750ce41e4f277c2d4544e78db51241b8d1da2d3f931d0f44e,DefineEditText,,,none; machine census only; no renderer export,machine-extracted-definition-candidate,owner-provided SWF,container=root; definitionDepth=0; tagOrdinal=274; payloadBytes=37; rawTagPayloadSha256=c9aed370160836d750ce41e4f277c2d4544e78db51241b8d1da2d3f931d0f44e; exactTagIdentitySha256=a15fe17a5c26b8f5ab0654dbac12714ad3555852bc536ce6310bf13c33864582; runtime reachability unresolved; placement and bounds unresolved; renderer suitability unresolved
swf-definition-00275,125,,text,source-assets/flash/HELP MATH_ORIGINAL FILES/HELP_COURSES/ELMGR5/L5/FQ/L5FQ03.swf,,,138a4e31501bdb5fb46f08ef9c610b2eef37da10029c93535c4a17e0caa78b13,DefineEditText,,,none; machine census only; no renderer export,machine-extracted-definition-candidate,owner-provided SWF,container=root; definitionDepth=0; tagOrdinal=275; payloadBytes=33; rawTagPayloadSha256=138a4e31501bdb5fb46f08ef9c610b2eef37da10029c93535c4a17e0caa78b13; exactTagIdentitySha256=6c7362810c4cb7a680fd0cde60779a62850f5bad4bffb097c63e18935332c554; runtime reachability unresolved; placement and bounds unresolved; renderer suitability unresolved
swf-definition-00276,126,,text,source-assets/flash/HELP MATH_ORIGINAL FILES/HELP_COURSES/ELMGR5/L5/FQ/L5FQ03.swf,,,42e344a13cdafac08ae96a54e88778d3240e7824f0b5a7b997ef15814efc098c,DefineText,,,none; machine census only; no renderer export,machine-extracted-definition-candidate,owner-provided SWF,container=root; definitionDepth=0; tagOrdinal=276; payloadBytes=55; rawTagPayloadSha256=42e344a13cdafac08ae96a54e88778d3240e7824f0b5a7b997ef15814efc098c; exactTagIdentitySha256=23f898fbd989e97e932fa36488b677285f52fda57e32ab881b166ca69fd9cf47; runtime reachability unresolved; placement and bounds unresolved; renderer suitability unresolved
swf-definition-00277,127,,shape,source-assets/flash/HELP MATH_ORIGINAL FILES/HELP_COURSES/ELMGR5/L5/FQ/L5FQ03.swf,,,6bb7fb8743a041cb20e5d5a87d6d2c11a8331ad50564d15a90363f9a9f441251,DefineShape,,,none; machine census only; no renderer export,machine-extracted-definition-candidate,owner-provided SWF,container=root; definitionDepth=0; tagOrdinal=277; payloadBytes=38; rawTagPayloadSha256=6bb7fb8743a041cb20e5d5a87d6d2c11a8331ad50564d15a90363f9a9f441251; exactTagIdentitySha256=14f261daa0d03ff7a0b5dde7f37eed63a4d90851cae3ba2bf407660b0a6a5f3c; runtime reachability unresolved; placement and bounds unresolved; renderer suitability unresolved
swf-definition-00278,128,,shape,source-assets/flash/HELP MATH_ORIGINAL FILES/HELP_COURSES/ELMGR5/L5/FQ/L5FQ03.swf,,,4a04289f298f1f6e10f0cdb9c0a577b77773337827cd005e8e846629688fa1cf,DefineShape3,,,none; machine census only; no renderer export,machine-extracted-definition-candidate,owner-provided SWF,container=root; definitionDepth=0; tagOrdinal=278; payloadBytes=452; rawTagPayloadSha256=4a04289f298f1f6e10f0cdb9c0a577b77773337827cd005e8e846629688fa1cf; exactTagIdentitySha256=f31bb8021fd7e00aa7524401ef4ab5dc0cc50d610daff8899a752b311f1a26e5; runtime reachability unresolved; placement and bounds unresolved; renderer suitability unresolved
swf-definition-00279,129,,text,source-assets/flash/HELP MATH_ORIGINAL FILES/HELP_COURSES/ELMGR5/L5/FQ/L5FQ03.swf,,,20915c72e97c7178a4b471f9d30226a07cd5c8ff7c40ffcf3a14245b8241215d,DefineText,,,none; machine census only; no renderer export,machine-extracted-definition-candidate,owner-provided SWF,container=root; definitionDepth=0; tagOrdinal=279; payloadBytes=38; rawTagPayloadSha256=20915c72e97c7178a4b471f9d30226a07cd5c8ff7c40ffcf3a14245b8241215d; exactTagIdentitySha256=ef70937293e45d9241e1fe82b87226a67bad18cf6efcf19e09bad209b266e702; runtime reachability unresolved; placement and bounds unresolved; renderer suitability unresolved
swf-definition-00280,130,,sprite,source-assets/flash/HELP MATH_ORIGINAL FILES/HELP_COURSES/ELMGR5/L5/FQ/L5FQ03.swf,,,08e2537bcd0c1c7ec0cff2de2f1a2698e582c19b4bbbf26f5b4aadecc16bdacf,DefineSprite,,,none; machine census only; no renderer export,machine-extracted-definition-candidate,owner-provided SWF,container=root; definitionDepth=0; tagOrdinal=280; payloadBytes=74; rawTagPayloadSha256=08e2537bcd0c1c7ec0cff2de2f1a2698e582c19b4bbbf26f5b4aadecc16bdacf; exactTagIdentitySha256=e774e14649cdfc6bce92fdd0c5d381096c38d7cbe26f7a2f6cb8e21e48aceed5; declaredFrameCount=1; runtime reachability unresolved; placement and bounds unresolved; renderer suitability unresolved
swf-definition-00287,131,,shape,source-assets/flash/HELP MATH_ORIGINAL FILES/HELP_COURSES/ELMGR5/L5/FQ/L5FQ03.swf,,,abcb67f9594db3bbb8f518aedb728f1775c40fc557728054f26861bdd79286dd,DefineShape3,,,none; machine census only; no renderer export,machine-extracted-definition-candidate,owner-provided SWF,container=root; definitionDepth=0; tagOrdinal=287; payloadBytes=452; rawTagPayloadSha256=abcb67f9594db3bbb8f518aedb728f1775c40fc557728054f26861bdd79286dd; exactTagIdentitySha256=cf70989081d4d5f254f06b61552ed6baab3d96074164fe0c6d9ceaccb53448ce; runtime reachability unresolved; placement and bounds unresolved; renderer suitability unresolved
swf-definition-00288,132,,text,source-assets/flash/HELP MATH_ORIGINAL FILES/HELP_COURSES/ELMGR5/L5/FQ/L5FQ03.swf,,,40093dbfed14fba33d968051af489e9c44736587bf76d616981bb65f13c5b273,DefineText,,,none; machine census only; no renderer export,machine-extracted-definition-candidate,owner-provided SWF,container=root; definitionDepth=0; tagOrdinal=288; payloadBytes=38; rawTagPayloadSha256=40093dbfed14fba33d968051af489e9c44736587bf76d616981bb65f13c5b273; exactTagIdentitySha256=0e61c2010b415cf50df09889917e7b9f486f5ab1db304c6a88446fcd79fd4255; runtime reachability unresolved; placement and bounds unresolved; renderer suitability unresolved
swf-definition-00289,133,,sprite,source-assets/flash/HELP MATH_ORIGINAL FILES/HELP_COURSES/ELMGR5/L5/FQ/L5FQ03.swf,,,1e734fae3c0e5ce4418323befbdd139e540d82ff81e91604f6455cc347fc5bd4,DefineSprite,,,none; machine census only; no renderer export,machine-extracted-definition-candidate,owner-provided SWF,container=root; definitionDepth=0; tagOrdinal=289; payloadBytes=74; rawTagPayloadSha256=1e734fae3c0e5ce4418323befbdd139e540d82ff81e91604f6455cc347fc5bd4; exactTagIdentitySha256=eb57a4d294b605eb693bc45cde802348bbf4aaea2b29701a2109dd82ad1d8be9; declaredFrameCount=1; runtime reachability unresolved; placement and bounds unresolved; renderer suitability unresolved
swf-definition-00296,134,,shape,source-assets/flash/HELP MATH_ORIGINAL FILES/HELP_COURSES/ELMGR5/L5/FQ/L5FQ03.swf,,,6319be5022f006ead4e5d7af643af3b598f9c7c26716242e97ceeaf685ec0607,DefineShape3,,,none; machine census only; no renderer export,machine-extracted-definition-candidate,owner-provided SWF,container=root; definitionDepth=0; tagOrdinal=296; payloadBytes=452; rawTagPayloadSha256=6319be5022f006ead4e5d7af643af3b598f9c7c26716242e97ceeaf685ec0607; exactTagIdentitySha256=200d81e38a192d235bc35e8577623a6b656b71ca3f23147eea5bf3702a0a7a7b; runtime reachability unresolved; placement and bounds unresolved; renderer suitability unresolved
swf-definition-00297,135,,text,source-assets/flash/HELP MATH_ORIGINAL FILES/HELP_COURSES/ELMGR5/L5/FQ/L5FQ03.swf,,,9701e33ed4572e4b9772cbac8d35f4a93fe4c3ba8fc8555e8971c885d518d598,DefineText,,,none; machine census only; no renderer export,machine-extracted-definition-candidate,owner-provided SWF,container=root; definitionDepth=0; tagOrdinal=297; payloadBytes=31; rawTagPayloadSha256=9701e33ed4572e4b9772cbac8d35f4a93fe4c3ba8fc8555e8971c885d518d598; exactTagIdentitySha256=a41a6c1ebf661bb616077b785175f5f7ff13082a4958787a92d308f8b7982769; runtime reachability unresolved; placement and bounds unresolved; renderer suitability unresolved
swf-definition-00298,136,,sprite,source-assets/flash/HELP MATH_ORIGINAL FILES/HELP_COURSES/ELMGR5/L5/FQ/L5FQ03.swf,,,8c7ee8a52560f0d6b4532bfd76499553bb1e231aedeb20c30587f405ced6b0b2,DefineSprite,,,none; machine census only; no renderer export,machine-extracted-definition-candidate,owner-provided SWF,container=root; definitionDepth=0; tagOrdinal=298; payloadBytes=73; rawTagPayloadSha256=8c7ee8a52560f0d6b4532bfd76499553bb1e231aedeb20c30587f405ced6b0b2; exactTagIdentitySha256=26659a60ae986a59314360f3a974583e492c6e06d99f17135eeb5ea5382527ba; declaredFrameCount=1; runtime reachability unresolved; placement and bounds unresolved; renderer suitability unresolved
swf-definition-00305,137,,shape,source-assets/flash/HELP MATH_ORIGINAL FILES/HELP_COURSES/ELMGR5/L5/FQ/L5FQ03.swf,,,2de31a391ed76e0f8f5a65690be84cc0794011500aa8ae2b0ef03d886dc47e04,DefineShape3,,,none; machine census only; no renderer export,machine-extracted-definition-candidate,owner-provided SWF,container=root; definitionDepth=0; tagOrdinal=305; payloadBytes=452; rawTagPayloadSha256=2de31a391ed76e0f8f5a65690be84cc0794011500aa8ae2b0ef03d886dc47e04; exactTagIdentitySha256=b0f904d6fd62381b5e95a11b3bc9385dcf69e25962b72ebb7c91905f9f9a926f; runtime reachability unresolved; placement and bounds unresolved; renderer suitability unresolved
swf-definition-00306,138,,text,source-assets/flash/HELP MATH_ORIGINAL FILES/HELP_COURSES/ELMGR5/L5/FQ/L5FQ03.swf,,,a43b310620387fac03e790f791596fd3cac3d8a95dab0327c8bb0dfcb36b50a5,DefineText,,,none; machine census only; no renderer export,machine-extracted-definition-candidate,owner-provided SWF,container=root; definitionDepth=0; tagOrdinal=306; payloadBytes=31; rawTagPayloadSha256=a43b310620387fac03e790f791596fd3cac3d8a95dab0327c8bb0dfcb36b50a5; exactTagIdentitySha256=37af6ad7d6abbce9dff3b1ee933e220d508946d1785db7e031d1e235c1fa8ad6; runtime reachability unresolved; placement and bounds unresolved; renderer suitability unresolved
swf-definition-00307,139,,sprite,source-assets/flash/HELP MATH_ORIGINAL FILES/HELP_COURSES/ELMGR5/L5/FQ/L5FQ03.swf,,,f740d0c701f87c41153018d798a7af3c0eca8b360c7916e11ff981cc3631e1fd,DefineSprite,,,none; machine census only; no renderer export,machine-extracted-definition-candidate,owner-provided SWF,container=root; definitionDepth=0; tagOrdinal=307; payloadBytes=73; rawTagPayloadSha256=f740d0c701f87c41153018d798a7af3c0eca8b360c7916e11ff981cc3631e1fd; exactTagIdentitySha256=a343f111f9cbd3419e2def2c05b8deadd25a149a6c7f71bebaf2259126ffb233; declaredFrameCount=1; runtime reachability unresolved; placement and bounds unresolved; renderer suitability unresolved
swf-definition-00314,140,,text,source-assets/flash/HELP MATH_ORIGINAL FILES/HELP_COURSES/ELMGR5/L5/FQ/L5FQ03.swf,,,e874dcc49af683bac142183a3ff866f54b06dc59c059685bfcd86ea445a324e2,DefineEditText,,,none; machine census only; no renderer export,machine-extracted-definition-candidate,owner-provided SWF,container=root; definitionDepth=0; tagOrdinal=314; payloadBytes=37; rawTagPayloadSha256=e874dcc49af683bac142183a3ff866f54b06dc59c059685bfcd86ea445a324e2; exactTagIdentitySha256=d837c834874aa1adc7a308b4b29ff8067a21cfe512963d97f0da5905655df68b; runtime reachability unresolved; placement and bounds unresolved; renderer suitability unresolved
swf-definition-00315,141,,text,source-assets/flash/HELP MATH_ORIGINAL FILES/HELP_COURSES/ELMGR5/L5/FQ/L5FQ03.swf,,,287332a0093f0be8aa52e2f0e245f1de69e42f868e4750032d1f74f58dd2c5ae,DefineEditText,,,none; machine census only; no renderer export,machine-extracted-definition-candidate,owner-provided SWF,container=root; definitionDepth=0; tagOrdinal=315; payloadBytes=33; rawTagPayloadSha256=287332a0093f0be8aa52e2f0e245f1de69e42f868e4750032d1f74f58dd2c5ae; exactTagIdentitySha256=fffb6f6bb11eb8c4aba81bc55dff72d01ac0e80b5bc10b90820ab7e28ada673d; runtime reachability unresolved; placement and bounds unresolved; renderer suitability unresolved
swf-definition-00316,142,,text,source-assets/flash/HELP MATH_ORIGINAL FILES/HELP_COURSES/ELMGR5/L5/FQ/L5FQ03.swf,,,aa05b3a0a4bacd11b318e3663e0b88771946bb9868537f6fbf2b05e83f56bfcc,DefineText,,,none; machine census only; no renderer export,machine-extracted-definition-candidate,owner-provided SWF,container=root; definitionDepth=0; tagOrdinal=316; payloadBytes=53; rawTagPayloadSha256=aa05b3a0a4bacd11b318e3663e0b88771946bb9868537f6fbf2b05e83f56bfcc; exactTagIdentitySha256=a5a543512922069b32044f4ae9bbfa581fba4804215242b06a93410b6c8934d6; runtime reachability unresolved; placement and bounds unresolved; renderer suitability unresolved
swf-definition-00317,143,,shape,source-assets/flash/HELP MATH_ORIGINAL FILES/HELP_COURSES/ELMGR5/L5/FQ/L5FQ03.swf,,,ed631b85248036740b26b5f2f13d419d202db9a79289ceb5223190a1b47f8d54,DefineShape,,,none; machine census only; no renderer export,machine-extracted-definition-candidate,owner-provided SWF,container=root; definitionDepth=0; tagOrdinal=317; payloadBytes=38; rawTagPayloadSha256=ed631b85248036740b26b5f2f13d419d202db9a79289ceb5223190a1b47f8d54; exactTagIdentitySha256=fdeb1b7c8b45155bc71f3f83b476c6a9a9faf8d548b3047952e9208598db5dec; runtime reachability unresolved; placement and bounds unresolved; renderer suitability unresolved
swf-definition-00318,144,,shape,source-assets/flash/HELP MATH_ORIGINAL FILES/HELP_COURSES/ELMGR5/L5/FQ/L5FQ03.swf,,,057ed793e30540c3f54943b3ee87c83e42a60d5fae8ee60d0b3c0a365187c86e,DefineShape3,,,none; machine census only; no renderer export,machine-extracted-definition-candidate,owner-provided SWF,container=root; definitionDepth=0; tagOrdinal=318; payloadBytes=452; rawTagPayloadSha256=057ed793e30540c3f54943b3ee87c83e42a60d5fae8ee60d0b3c0a365187c86e; exactTagIdentitySha256=bf86ea4318cf9978dd7e81efa0fd85bdf5fa7806e05a65d06d4ff20cbd836450; runtime reachability unresolved; placement and bounds unresolved; renderer suitability unresolved
swf-definition-00319,145,,text,source-assets/flash/HELP MATH_ORIGINAL FILES/HELP_COURSES/ELMGR5/L5/FQ/L5FQ03.swf,,,9d70c6ad23ebbd18f8f8067690bb378495b4d63f8a9b8679068286cd62345cc9,DefineText,,,none; machine census only; no renderer export,machine-extracted-definition-candidate,owner-provided SWF,container=root; definitionDepth=0; tagOrdinal=319; payloadBytes=36; rawTagPayloadSha256=9d70c6ad23ebbd18f8f8067690bb378495b4d63f8a9b8679068286cd62345cc9; exactTagIdentitySha256=69c578f1f1c75e9130911bce426c6f18898d1ae3d6e47485fc58121dae6990f3; runtime reachability unresolved; placement and bounds unresolved; renderer suitability unresolved
swf-definition-00320,146,,sprite,source-assets/flash/HELP MATH_ORIGINAL FILES/HELP_COURSES/ELMGR5/L5/FQ/L5FQ03.swf,,,28f87d1f74722ec80dfb6c74c3e9a66e342b8a0601d21fcaf3b2d890a319e689,DefineSprite,,,none; machine census only; no renderer export,machine-extracted-definition-candidate,owner-provided SWF,container=root; definitionDepth=0; tagOrdinal=320; payloadBytes=73; rawTagPayloadSha256=28f87d1f74722ec80dfb6c74c3e9a66e342b8a0601d21fcaf3b2d890a319e689; exactTagIdentitySha256=e842755abfde11af9410f095399dfc377b3262ed1ee4b782196208a1e1d1c961; declaredFrameCount=1; runtime reachability unresolved; placement and bounds unresolved; renderer suitability unresolved
swf-definition-00327,147,,shape,source-assets/flash/HELP MATH_ORIGINAL FILES/HELP_COURSES/ELMGR5/L5/FQ/L5FQ03.swf,,,060a9b6af916fb4db59129f88ad23a17844f717d83f4ac19ba4758ba6fb8086f,DefineShape3,,,none; machine census only; no renderer export,machine-extracted-definition-candidate,owner-provided SWF,container=root; definitionDepth=0; tagOrdinal=327; payloadBytes=452; rawTagPayloadSha256=060a9b6af916fb4db59129f88ad23a17844f717d83f4ac19ba4758ba6fb8086f; exactTagIdentitySha256=8f237df7744362293d8ccb1bd4683a6f23c124fad4c451a54056e4b664447321; runtime reachability unresolved; placement and bounds unresolved; renderer suitability unresolved
swf-definition-00328,148,,text,source-assets/flash/HELP MATH_ORIGINAL FILES/HELP_COURSES/ELMGR5/L5/FQ/L5FQ03.swf,,,7baa0a8bae55ff09116016cdd9163079e0d937534c33a33b6e4306adfb301ff0,DefineText,,,none; machine census only; no renderer export,machine-extracted-definition-candidate,owner-provided SWF,container=root; definitionDepth=0; tagOrdinal=328; payloadBytes=36; rawTagPayloadSha256=7baa0a8bae55ff09116016cdd9163079e0d937534c33a33b6e4306adfb301ff0; exactTagIdentitySha256=ba2ff9a8ecfe239a537dc03324a57d0e536ab84f8b9be8d703244ffcf02807cc; runtime reachability unresolved; placement and bounds unresolved; renderer suitability unresolved
swf-definition-00329,149,,sprite,source-assets/flash/HELP MATH_ORIGINAL FILES/HELP_COURSES/ELMGR5/L5/FQ/L5FQ03.swf,,,654b23673d5a44d579ff021bc8bd15e1d8535ce16b8f9e448b557fab954aaef4,DefineSprite,,,none; machine census only; no renderer export,machine-extracted-definition-candidate,owner-provided SWF,container=root; definitionDepth=0; tagOrdinal=329; payloadBytes=73; rawTagPayloadSha256=654b23673d5a44d579ff021bc8bd15e1d8535ce16b8f9e448b557fab954aaef4; exactTagIdentitySha256=ed9e6283dc503168862ed6991be6e35e04e7f079c4b80ca3baeb2eb63ac6fd01; declaredFrameCount=1; runtime reachability unresolved; placement and bounds unresolved; renderer suitability unresolved
swf-definition-00336,150,,shape,source-assets/flash/HELP MATH_ORIGINAL FILES/HELP_COURSES/ELMGR5/L5/FQ/L5FQ03.swf,,,bf61aa86956d6ab7eb944e8d8a226917a441adebfa62fcc202340d8d7c297a35,DefineShape3,,,none; machine census only; no renderer export,machine-extracted-definition-candidate,owner-provided SWF,container=root; definitionDepth=0; tagOrdinal=336; payloadBytes=452; rawTagPayloadSha256=bf61aa86956d6ab7eb944e8d8a226917a441adebfa62fcc202340d8d7c297a35; exactTagIdentitySha256=3163a7bdcbc0b32d617f9236cebceff5f556b676628de903d9592bc46e4cf46c; runtime reachability unresolved; placement and bounds unresolved; renderer suitability unresolved
swf-definition-00337,151,,text,source-assets/flash/HELP MATH_ORIGINAL FILES/HELP_COURSES/ELMGR5/L5/FQ/L5FQ03.swf,,,3c0bcb34c6ec639dd4b3a6e518a06e85660d48dc8e761ef2bbd03eb43c120868,DefineText,,,none; machine census only; no renderer export,machine-extracted-definition-candidate,owner-provided SWF,container=root; definitionDepth=0; tagOrdinal=337; payloadBytes=33; rawTagPayloadSha256=3c0bcb34c6ec639dd4b3a6e518a06e85660d48dc8e761ef2bbd03eb43c120868; exactTagIdentitySha256=4dad3db489490f789ebe1af6ec56eab67c397692233c7fe753ae79e21b21eff4; runtime reachability unresolved; placement and bounds unresolved; renderer suitability unresolved
swf-definition-00338,152,,sprite,source-assets/flash/HELP MATH_ORIGINAL FILES/HELP_COURSES/ELMGR5/L5/FQ/L5FQ03.swf,,,31e86138cb9a0ab9fbbd2481946298889ceeb16dbdf11b7fe231813c8de9c4a3,DefineSprite,,,none; machine census only; no renderer export,machine-extracted-definition-candidate,owner-provided SWF,container=root; definitionDepth=0; tagOrdinal=338; payloadBytes=73; rawTagPayloadSha256=31e86138cb9a0ab9fbbd2481946298889ceeb16dbdf11b7fe231813c8de9c4a3; exactTagIdentitySha256=ab312ec303e3b4548555f9ebe70f3fbe266cae07a09686947e1731479c7a191c; declaredFrameCount=1; runtime reachability unresolved; placement and bounds unresolved; renderer suitability unresolved
swf-definition-00345,153,,shape,source-assets/flash/HELP MATH_ORIGINAL FILES/HELP_COURSES/ELMGR5/L5/FQ/L5FQ03.swf,,,ca504b922ab0d05f282e70664474e7c249bfe309db939de5786905fc9cb7806b,DefineShape3,,,none; machine census only; no renderer export,machine-extracted-definition-candidate,owner-provided SWF,container=root; definitionDepth=0; tagOrdinal=345; payloadBytes=452; rawTagPayloadSha256=ca504b922ab0d05f282e70664474e7c249bfe309db939de5786905fc9cb7806b; exactTagIdentitySha256=a7bd3ec777046142addbe4d937649c158bf843368c7eef2bf729d1114d6814aa; runtime reachability unresolved; placement and bounds unresolved; renderer suitability unresolved
swf-definition-00346,154,,text,source-assets/flash/HELP MATH_ORIGINAL FILES/HELP_COURSES/ELMGR5/L5/FQ/L5FQ03.swf,,,33bdca288725efcdb600bb54daf8e70aa9e0d8f091f39d4626b461e56996fabe,DefineText,,,none; machine census only; no renderer export,machine-extracted-definition-candidate,owner-provided SWF,container=root; definitionDepth=0; tagOrdinal=346; payloadBytes=30; rawTagPayloadSha256=33bdca288725efcdb600bb54daf8e70aa9e0d8f091f39d4626b461e56996fabe; exactTagIdentitySha256=b2f994f4becdaf7a52ab2a0fa2b792bd1b76362642c6dca1a92b17be64c5190c; runtime reachability unresolved; placement and bounds unresolved; renderer suitability unresolved
swf-definition-00347,155,,sprite,source-assets/flash/HELP MATH_ORIGINAL FILES/HELP_COURSES/ELMGR5/L5/FQ/L5FQ03.swf,,,6e21c5812636261ad968f630999ea5cd7f756081a3d2945a61b1a95c3041e51f,DefineSprite,,,none; machine census only; no renderer export,machine-extracted-definition-candidate,owner-provided SWF,container=root; definitionDepth=0; tagOrdinal=347; payloadBytes=73; rawTagPayloadSha256=6e21c5812636261ad968f630999ea5cd7f756081a3d2945a61b1a95c3041e51f; exactTagIdentitySha256=ac2c5df1c2f93c06b86b4da476741294504dc550ccce0834456c7e11ab271ce9; declaredFrameCount=1; runtime reachability unresolved; placement and bounds unresolved; renderer suitability unresolved
swf-definition-00354,156,,text,source-assets/flash/HELP MATH_ORIGINAL FILES/HELP_COURSES/ELMGR5/L5/FQ/L5FQ03.swf,,,650d3347a086aba2fc1f4ae8c142e98e40495baef1bc2ed4c0a591b7c1f2fd0e,DefineEditText,,,none; machine census only; no renderer export,machine-extracted-definition-candidate,owner-provided SWF,container=root; definitionDepth=0; tagOrdinal=354; payloadBytes=37; rawTagPayloadSha256=650d3347a086aba2fc1f4ae8c142e98e40495baef1bc2ed4c0a591b7c1f2fd0e; exactTagIdentitySha256=3c668e0f785c5c79c358f80dad8998f798252f6656ff0c11e330289c23ee31a9; runtime reachability unresolved; placement and bounds unresolved; renderer suitability unresolved
swf-definition-00355,157,,text,source-assets/flash/HELP MATH_ORIGINAL FILES/HELP_COURSES/ELMGR5/L5/FQ/L5FQ03.swf,,,ce93d717bdbfcb3ac2520c3149289c88636d3208dd7eb8bf03b8740dfcbaeaff,DefineEditText,,,none; machine census only; no renderer export,machine-extracted-definition-candidate,owner-provided SWF,container=root; definitionDepth=0; tagOrdinal=355; payloadBytes=33; rawTagPayloadSha256=ce93d717bdbfcb3ac2520c3149289c88636d3208dd7eb8bf03b8740dfcbaeaff; exactTagIdentitySha256=c387787bea08013aa2ce14965b6fff096cb996618edafdda34f5a9b0bc9988eb; runtime reachability unresolved; placement and bounds unresolved; renderer suitability unresolved
swf-definition-00356,158,,text,source-assets/flash/HELP MATH_ORIGINAL FILES/HELP_COURSES/ELMGR5/L5/FQ/L5FQ03.swf,,,4906e4049ecd0f9cbdb71d20f05c4b22cc8a10ccb4bc6683492f55a0c532fdef,DefineText,,,none; machine census only; no renderer export,machine-extracted-definition-candidate,owner-provided SWF,container=root; definitionDepth=0; tagOrdinal=356; payloadBytes=57; rawTagPayloadSha256=4906e4049ecd0f9cbdb71d20f05c4b22cc8a10ccb4bc6683492f55a0c532fdef; exactTagIdentitySha256=1040dcfb10c9f621f2ff34025703a4984434154543d879566cc595a435a5f9f4; runtime reachability unresolved; placement and bounds unresolved; renderer suitability unresolved
swf-definition-00357,159,,shape,source-assets/flash/HELP MATH_ORIGINAL FILES/HELP_COURSES/ELMGR5/L5/FQ/L5FQ03.swf,,,c130a6ec2f157a34310cf9628bbfb6c9d1c4649ea1aa1fd3267d88577f273551,DefineShape,,,none; machine census only; no renderer export,machine-extracted-definition-candidate,owner-provided SWF,container=root; definitionDepth=0; tagOrdinal=357; payloadBytes=38; rawTagPayloadSha256=c130a6ec2f157a34310cf9628bbfb6c9d1c4649ea1aa1fd3267d88577f273551; exactTagIdentitySha256=033928f68770ddf2e3caab7fa6b2231d2a37514fe0151ebd48b83c6d2c6d737d; runtime reachability unresolved; placement and bounds unresolved; renderer suitability unresolved
swf-definition-00358,160,,shape,source-assets/flash/HELP MATH_ORIGINAL FILES/HELP_COURSES/ELMGR5/L5/FQ/L5FQ03.swf,,,1d52cf5bf819e99f33def8c8665bd1d7b19eb2e448f1bfa29500009e0346e261,DefineShape3,,,none; machine census only; no renderer export,machine-extracted-definition-candidate,owner-provided SWF,container=root; definitionDepth=0; tagOrdinal=358; payloadBytes=452; rawTagPayloadSha256=1d52cf5bf819e99f33def8c8665bd1d7b19eb2e448f1bfa29500009e0346e261; exactTagIdentitySha256=8e374df4668dfab802564ba9bc7ddf3812c4184f15e7d37bccf675c6cb2df5d8; runtime reachability unresolved; placement and bounds unresolved; renderer suitability unresolved
swf-definition-00359,161,,text,source-assets/flash/HELP MATH_ORIGINAL FILES/HELP_COURSES/ELMGR5/L5/FQ/L5FQ03.swf,,,568c2aed1abe6579629ed7946a76c142a090d083441ee8e88c6ab0af5ece3d33,DefineText,,,none; machine census only; no renderer export,machine-extracted-definition-candidate,owner-provided SWF,container=root; definitionDepth=0; tagOrdinal=359; payloadBytes=30; rawTagPayloadSha256=568c2aed1abe6579629ed7946a76c142a090d083441ee8e88c6ab0af5ece3d33; exactTagIdentitySha256=5f7aa21fef08a619c2160d92165065af110b09b5ebef697715f69b05e7364ebb; runtime reachability unresolved; placement and bounds unresolved; renderer suitability unresolved
swf-definition-00360,162,,sprite,source-assets/flash/HELP MATH_ORIGINAL FILES/HELP_COURSES/ELMGR5/L5/FQ/L5FQ03.swf,,,265899aa9beb332dc95adc4622236efda290a22af948a7c6f6fbd787121be8ec,DefineSprite,,,none; machine census only; no renderer export,machine-extracted-definition-candidate,owner-provided SWF,container=root; definitionDepth=0; tagOrdinal=360; payloadBytes=73; rawTagPayloadSha256=265899aa9beb332dc95adc4622236efda290a22af948a7c6f6fbd787121be8ec; exactTagIdentitySha256=b0771ab66d67bc18aa707e90d3d5d8657913c41c4f003e9fb16c7c6a66b4c167; declaredFrameCount=1; runtime reachability unresolved; placement and bounds unresolved; renderer suitability unresolved
swf-definition-00367,163,,shape,source-assets/flash/HELP MATH_ORIGINAL FILES/HELP_COURSES/ELMGR5/L5/FQ/L5FQ03.swf,,,b31166d4e21e367b861bc3d4363d61604fe692acc82ce5953f5738391903f53b,DefineShape3,,,none; machine census only; no renderer export,machine-extracted-definition-candidate,owner-provided SWF,container=root; definitionDepth=0; tagOrdinal=367; payloadBytes=452; rawTagPayloadSha256=b31166d4e21e367b861bc3d4363d61604fe692acc82ce5953f5738391903f53b; exactTagIdentitySha256=149252485d80d69a1b342f8ebc817a1433bd4ad475884bdca7efdc37fb752c97; runtime reachability unresolved; placement and bounds unresolved; renderer suitability unresolved
swf-definition-00368,164,,text,source-assets/flash/HELP MATH_ORIGINAL FILES/HELP_COURSES/ELMGR5/L5/FQ/L5FQ03.swf,,,a2405ba2b941c0c0248e64ef46d3f051d5870f7d978c95c54dab7bc5f30277cd,DefineText,,,none; machine census only; no renderer export,machine-extracted-definition-candidate,owner-provided SWF,container=root; definitionDepth=0; tagOrdinal=368; payloadBytes=32; rawTagPayloadSha256=a2405ba2b941c0c0248e64ef46d3f051d5870f7d978c95c54dab7bc5f30277cd; exactTagIdentitySha256=d14148d8bf4934ed9a8d1f4d8665edbd0aad7be6114e5db777176ed2e1e0aa51; runtime reachability unresolved; placement and bounds unresolved; renderer suitability unresolved
swf-definition-00369,165,,sprite,source-assets/flash/HELP MATH_ORIGINAL FILES/HELP_COURSES/ELMGR5/L5/FQ/L5FQ03.swf,,,d8ddf8ab48b284c2c45c414e68c27014eb071c7da3ac693620e199311db12fe5,DefineSprite,,,none; machine census only; no renderer export,machine-extracted-definition-candidate,owner-provided SWF,container=root; definitionDepth=0; tagOrdinal=369; payloadBytes=73; rawTagPayloadSha256=d8ddf8ab48b284c2c45c414e68c27014eb071c7da3ac693620e199311db12fe5; exactTagIdentitySha256=f0d21200f62836a0a4d0dbe235e838e25cf44de2b94e654a628ef8ae0099246e; declaredFrameCount=1; runtime reachability unresolved; placement and bounds unresolved; renderer suitability unresolved
swf-definition-00376,166,,text,source-assets/flash/HELP MATH_ORIGINAL FILES/HELP_COURSES/ELMGR5/L5/FQ/L5FQ03.swf,,,7ab57b5d8f6fc27f61d97646b086abeb1266d4d1212ae6776818ae5ded4c7f7d,DefineText,,,none; machine census only; no renderer export,machine-extracted-definition-candidate,owner-provided SWF,container=root; definitionDepth=0; tagOrdinal=376; payloadBytes=34; rawTagPayloadSha256=7ab57b5d8f6fc27f61d97646b086abeb1266d4d1212ae6776818ae5ded4c7f7d; exactTagIdentitySha256=ccd632eafd78d8c9029e00635e0d0bba2a8188c555a9a921e643eef0dd9b890e; runtime reachability unresolved; placement and bounds unresolved; renderer suitability unresolved
swf-definition-00377,167,,sprite,source-assets/flash/HELP MATH_ORIGINAL FILES/HELP_COURSES/ELMGR5/L5/FQ/L5FQ03.swf,,,8092d988571d75f537d5e7b74396d455b0a102626c28ee7f7976bdf27c18dd20,DefineSprite,,,none; machine census only; no renderer export,machine-extracted-definition-candidate,owner-provided SWF,container=root; definitionDepth=0; tagOrdinal=377; payloadBytes=74; rawTagPayloadSha256=8092d988571d75f537d5e7b74396d455b0a102626c28ee7f7976bdf27c18dd20; exactTagIdentitySha256=8ee8d482035c7784f3f6eb53373dd8c583cef566e8cd3201b8de6f44994ca480; declaredFrameCount=1; runtime reachability unresolved; placement and bounds unresolved; renderer suitability unresolved
swf-definition-00384,168,,text,source-assets/flash/HELP MATH_ORIGINAL FILES/HELP_COURSES/ELMGR5/L5/FQ/L5FQ03.swf,,,22df0fd087d51f058cc94ef11725ea08aed0bed26f970e273e1214a63f05e0a4,DefineText,,,none; machine census only; no renderer export,machine-extracted-definition-candidate,owner-provided SWF,container=root; definitionDepth=0; tagOrdinal=384; payloadBytes=34; rawTagPayloadSha256=22df0fd087d51f058cc94ef11725ea08aed0bed26f970e273e1214a63f05e0a4; exactTagIdentitySha256=153e617a835210dc454043ff274c1703d509282813a348579e798077dc77bbb7; runtime reachability unresolved; placement and bounds unresolved; renderer suitability unresolved
swf-definition-00385,169,,sprite,source-assets/flash/HELP MATH_ORIGINAL FILES/HELP_COURSES/ELMGR5/L5/FQ/L5FQ03.swf,,,972fa244926b50da1cadf6c6e5114de6ff4cb8628addaf2f51a11c8f75e0a1be,DefineSprite,,,none; machine census only; no renderer export,machine-extracted-definition-candidate,owner-provided SWF,container=root; definitionDepth=0; tagOrdinal=385; payloadBytes=74; rawTagPayloadSha256=972fa244926b50da1cadf6c6e5114de6ff4cb8628addaf2f51a11c8f75e0a1be; exactTagIdentitySha256=ae71c64c0129d7ee0b4da4b9313756ee0608cba0c9aaf4f3c42258bb30f021ec; declaredFrameCount=1; runtime reachability unresolved; placement and bounds unresolved; renderer suitability unresolved
swf-definition-00392,170,,text,source-assets/flash/HELP MATH_ORIGINAL FILES/HELP_COURSES/ELMGR5/L5/FQ/L5FQ03.swf,,,786519f573f7633afcb0f0e1f30794644a0e23fc98cb44179eb4db3976d22ce0,DefineEditText,,,none; machine census only; no renderer export,machine-extracted-definition-candidate,owner-provided SWF,container=root; definitionDepth=0; tagOrdinal=392; payloadBytes=37; rawTagPayloadSha256=786519f573f7633afcb0f0e1f30794644a0e23fc98cb44179eb4db3976d22ce0; exactTagIdentitySha256=825da6825bb315029bcbb9e5835cfdd7d45f12d7197464193189955c1a22b637; runtime reachability unresolved; placement and bounds unresolved; renderer suitability unresolved
swf-definition-00393,171,,text,source-assets/flash/HELP MATH_ORIGINAL FILES/HELP_COURSES/ELMGR5/L5/FQ/L5FQ03.swf,,,cf7b3b053eaa81d146038ee4bb4b563ff117d9d556f5872eeb92d03494f679c2,DefineEditText,,,none; machine census only; no renderer export,machine-extracted-definition-candidate,owner-provided SWF,container=root; definitionDepth=0; tagOrdinal=393; payloadBytes=33; rawTagPayloadSha256=cf7b3b053eaa81d146038ee4bb4b563ff117d9d556f5872eeb92d03494f679c2; exactTagIdentitySha256=77ea8f8cf02052ae4e56b604d941ece62203514139def8242f3e3c9b30afbff6; runtime reachability unresolved; placement and bounds unresolved; renderer suitability unresolved
swf-definition-00394,172,,text,source-assets/flash/HELP MATH_ORIGINAL FILES/HELP_COURSES/ELMGR5/L5/FQ/L5FQ03.swf,,,100d50667fb23f92cfe0e1fc5307a3475c2557e0d8bc7f102e54fe4eac4cf1e0,DefineText,,,none; machine census only; no renderer export,machine-extracted-definition-candidate,owner-provided SWF,container=root; definitionDepth=0; tagOrdinal=394; payloadBytes=53; rawTagPayloadSha256=100d50667fb23f92cfe0e1fc5307a3475c2557e0d8bc7f102e54fe4eac4cf1e0; exactTagIdentitySha256=7e673ac08ac574edeb9ace3fd8f6ff03db913c65f74359e8ebc49f53cbb8b98f; runtime reachability unresolved; placement and bounds unresolved; renderer suitability unresolved
swf-definition-00395,173,,shape,source-assets/flash/HELP MATH_ORIGINAL FILES/HELP_COURSES/ELMGR5/L5/FQ/L5FQ03.swf,,,187492b488d74023fe6ef318d25a659fe1dfdbc4c84ba2a12201ee2fc16806ad,DefineShape,,,none; machine census only; no renderer export,machine-extracted-definition-candidate,owner-provided SWF,container=root; definitionDepth=0; tagOrdinal=395; payloadBytes=38; rawTagPayloadSha256=187492b488d74023fe6ef318d25a659fe1dfdbc4c84ba2a12201ee2fc16806ad; exactTagIdentitySha256=eb08c30275869ffab1fd81eb8294b10a4c309ab32b3d02b8012e519ca2305aa8; runtime reachability unresolved; placement and bounds unresolved; renderer suitability unresolved
swf-definition-00396,174,,text,source-assets/flash/HELP MATH_ORIGINAL FILES/HELP_COURSES/ELMGR5/L5/FQ/L5FQ03.swf,,,f82512b4496cf196df56a0e51d0b6c4b6edb6406527b299cac4a18f2df0877a8,DefineText,,,none; machine census only; no renderer export,machine-extracted-definition-candidate,owner-provided SWF,container=root; definitionDepth=0; tagOrdinal=396; payloadBytes=30; rawTagPayloadSha256=f82512b4496cf196df56a0e51d0b6c4b6edb6406527b299cac4a18f2df0877a8; exactTagIdentitySha256=67f8bb53fcf2f4be6ae07e5b18495361f91c464e1a2358d5fb1084fb82845eba; runtime reachability unresolved; placement and bounds unresolved; renderer suitability unresolved
swf-definition-00397,175,,sprite,source-assets/flash/HELP MATH_ORIGINAL FILES/HELP_COURSES/ELMGR5/L5/FQ/L5FQ03.swf,,,ad1e82d43c7a110e82d84ac451ca3a3e20e889080127bf545ace0bfee3d8c442,DefineSprite,,,none; machine census only; no renderer export,machine-extracted-definition-candidate,owner-provided SWF,container=root; definitionDepth=0; tagOrdinal=397; payloadBytes=73; rawTagPayloadSha256=ad1e82d43c7a110e82d84ac451ca3a3e20e889080127bf545ace0bfee3d8c442; exactTagIdentitySha256=ad38176a3fd81d85cf81d7083454f421f9aae8b733a6812ba7ed2e582febb98a; declaredFrameCount=1; runtime reachability unresolved; placement and bounds unresolved; renderer suitability unresolved
swf-definition-00404,176,,text,source-assets/flash/HELP MATH_ORIGINAL FILES/HELP_COURSES/ELMGR5/L5/FQ/L5FQ03.swf,,,6ec76275b9c66257c38d995881c59a64e5a8e50ebd7f26bb2500fe7bef92bf84,DefineText,,,none; machine census only; no renderer export,machine-extracted-definition-candidate,owner-provided SWF,container=root; definitionDepth=0; tagOrdinal=404; payloadBytes=32; rawTagPayloadSha256=6ec76275b9c66257c38d995881c59a64e5a8e50ebd7f26bb2500fe7bef92bf84; exactTagIdentitySha256=86310b330e01c88468002f557ab183d89d3c849890415b8c75e68a73d0a5dcb6; runtime reachability unresolved; placement and bounds unresolved; renderer suitability unresolved
swf-definition-00405,177,,sprite,source-assets/flash/HELP MATH_ORIGINAL FILES/HELP_COURSES/ELMGR5/L5/FQ/L5FQ03.swf,,,190fe4f8aa89d590ea89e02b27989f75bb30a4bcf2c413ad4f35d69570fa9e27,DefineSprite,,,none; machine census only; no renderer export,machine-extracted-definition-candidate,owner-provided SWF,container=root; definitionDepth=0; tagOrdinal=405; payloadBytes=73; rawTagPayloadSha256=190fe4f8aa89d590ea89e02b27989f75bb30a4bcf2c413ad4f35d69570fa9e27; exactTagIdentitySha256=ea2531e86231dba7c6bd8b9734d4d72641f77c566dc2bc1b372e231805f0ab86; declaredFrameCount=1; runtime reachability unresolved; placement and bounds unresolved; renderer suitability unresolved
swf-definition-00412,178,,sprite,source-assets/flash/HELP MATH_ORIGINAL FILES/HELP_COURSES/ELMGR5/L5/FQ/L5FQ03.swf,,,6865e8d524b014658c01df656a0ccfbe22f6df04557cbf660c7e39188c1b4802,DefineSprite,,,none; machine census only; no renderer export,machine-extracted-definition-candidate,owner-provided SWF,container=root; definitionDepth=0; tagOrdinal=412; payloadBytes=73; rawTagPayloadSha256=6865e8d524b014658c01df656a0ccfbe22f6df04557cbf660c7e39188c1b4802; exactTagIdentitySha256=d3e90813846aff02e3bcb3953d06f821b7b956cb5a3cae6e0865be158a2f71ba; declaredFrameCount=1; runtime reachability unresolved; placement and bounds unresolved; renderer suitability unresolved
swf-definition-00419,179,,shape,source-assets/flash/HELP MATH_ORIGINAL FILES/HELP_COURSES/ELMGR5/L5/FQ/L5FQ03.swf,,,8f2b36672b56a2634b88a3433d015a1eea51211482a5b456f43448590700b921,DefineShape3,,,none; machine census only; no renderer export,machine-extracted-definition-candidate,owner-provided SWF,container=root; definitionDepth=0; tagOrdinal=419; payloadBytes=452; rawTagPayloadSha256=8f2b36672b56a2634b88a3433d015a1eea51211482a5b456f43448590700b921; exactTagIdentitySha256=fa74eef40af5bd2b0d1e1d7af2327c3d2c7913cc0ec3789b31c79f7b97f5f181; runtime reachability unresolved; placement and bounds unresolved; renderer suitability unresolved
swf-definition-00420,180,,text,source-assets/flash/HELP MATH_ORIGINAL FILES/HELP_COURSES/ELMGR5/L5/FQ/L5FQ03.swf,,,d56446f3a2d1d61417a99cf3bc8861172dd82159510d60f33f48c53532b6de22,DefineText,,,none; machine census only; no renderer export,machine-extracted-definition-candidate,owner-provided SWF,container=root; definitionDepth=0; tagOrdinal=420; payloadBytes=34; rawTagPayloadSha256=d56446f3a2d1d61417a99cf3bc8861172dd82159510d60f33f48c53532b6de22; exactTagIdentitySha256=82d3dab4d95bd5076732b0587203bd31b7e71d792efc51a5d5bc2369e30f6e32; runtime reachability unresolved; placement and bounds unresolved; renderer suitability unresolved
swf-definition-00421,181,,sprite,source-assets/flash/HELP MATH_ORIGINAL FILES/HELP_COURSES/ELMGR5/L5/FQ/L5FQ03.swf,,,cbe993b846eea808e7d30b3bc7913f1350c9c582d321c94f3c008776d31ccabc,DefineSprite,,,none; machine census only; no renderer export,machine-extracted-definition-candidate,owner-provided SWF,container=root; definitionDepth=0; tagOrdinal=421; payloadBytes=74; rawTagPayloadSha256=cbe993b846eea808e7d30b3bc7913f1350c9c582d321c94f3c008776d31ccabc; exactTagIdentitySha256=cd91d11ca9d2de3b2eb69ae8b34d72a9aff4931f5ee095eada6143f934c928e9; declaredFrameCount=1; runtime reachability unresolved; placement and bounds unresolved; renderer suitability unresolved
swf-definition-00428,182,,text,source-assets/flash/HELP MATH_ORIGINAL FILES/HELP_COURSES/ELMGR5/L5/FQ/L5FQ03.swf,,,d5a0e65114828d2fb0fc3163cba065c71f7b2ccaaedeb982290a89bba39f2c55,DefineEditText,,,none; machine census only; no renderer export,machine-extracted-definition-candidate,owner-provided SWF,container=root; definitionDepth=0; tagOrdinal=428; payloadBytes=37; rawTagPayloadSha256=d5a0e65114828d2fb0fc3163cba065c71f7b2ccaaedeb982290a89bba39f2c55; exactTagIdentitySha256=7f9f4a7fa36989751dd33f4e6920197f5d5739db92962675069dacf1c75bb95d; runtime reachability unresolved; placement and bounds unresolved; renderer suitability unresolved
swf-definition-00429,183,,text,source-assets/flash/HELP MATH_ORIGINAL FILES/HELP_COURSES/ELMGR5/L5/FQ/L5FQ03.swf,,,a5ff245b1a602e63cc0393b698ada5905306ecb226a397c275bf414598cd87fc,DefineEditText,,,none; machine census only; no renderer export,machine-extracted-definition-candidate,owner-provided SWF,container=root; definitionDepth=0; tagOrdinal=429; payloadBytes=33; rawTagPayloadSha256=a5ff245b1a602e63cc0393b698ada5905306ecb226a397c275bf414598cd87fc; exactTagIdentitySha256=7269eb3884afa2279e5a1b764827a84d791070d5019b6d8ef8fe51bec0cc41b8; runtime reachability unresolved; placement and bounds unresolved; renderer suitability unresolved
swf-definition-00430,184,,text,source-assets/flash/HELP MATH_ORIGINAL FILES/HELP_COURSES/ELMGR5/L5/FQ/L5FQ03.swf,,,1d3d5fafb59107308d0f359f934565c008fb20ea5979521bc572d18754b36572,DefineText,,,none; machine census only; no renderer export,machine-extracted-definition-candidate,owner-provided SWF,container=root; definitionDepth=0; tagOrdinal=430; payloadBytes=57; rawTagPayloadSha256=1d3d5fafb59107308d0f359f934565c008fb20ea5979521bc572d18754b36572; exactTagIdentitySha256=387ffd73792805936e6ad7ca639b122a0837fad7542934e437cfe6728f98e81b; runtime reachability unresolved; placement and bounds unresolved; renderer suitability unresolved
swf-definition-00431,185,,shape,source-assets/flash/HELP MATH_ORIGINAL FILES/HELP_COURSES/ELMGR5/L5/FQ/L5FQ03.swf,,,331b95ff46e5907f3de6e8d3a35b79ee66b1de6430fae7685b616530dc63b1f2,DefineShape,,,none; machine census only; no renderer export,machine-extracted-definition-candidate,owner-provided SWF,container=root; definitionDepth=0; tagOrdinal=431; payloadBytes=38; rawTagPayloadSha256=331b95ff46e5907f3de6e8d3a35b79ee66b1de6430fae7685b616530dc63b1f2; exactTagIdentitySha256=95eadd85e1e9936a7626ceca306c05f48377f326f990b574be863c23944e2262; runtime reachability unresolved; placement and bounds unresolved; renderer suitability unresolved
swf-definition-00432,186,,text,source-assets/flash/HELP MATH_ORIGINAL FILES/HELP_COURSES/ELMGR5/L5/FQ/L5FQ03.swf,,,9b55994f2c12c56032eee2462a1920d2021100cc82e760dc823431a45540b198,DefineText,,,none; machine census only; no renderer export,machine-extracted-definition-candidate,owner-provided SWF,container=root; definitionDepth=0; tagOrdinal=432; payloadBytes=31; rawTagPayloadSha256=9b55994f2c12c56032eee2462a1920d2021100cc82e760dc823431a45540b198; exactTagIdentitySha256=fcc1e4d5002022fc866845207a24b5b3ad62b7a629a3360f1c2726659fb800ba; runtime reachability unresolved; placement and bounds unresolved; renderer suitability unresolved
swf-definition-00433,187,,sprite,source-assets/flash/HELP MATH_ORIGINAL FILES/HELP_COURSES/ELMGR5/L5/FQ/L5FQ03.swf,,,e682d563b8e4e1e323edbccbf5f1a332e336e9e9210b8a63ccf37ff225561138,DefineSprite,,,none; machine census only; no renderer export,machine-extracted-definition-candidate,owner-provided SWF,container=root; definitionDepth=0; tagOrdinal=433; payloadBytes=73; rawTagPayloadSha256=e682d563b8e4e1e323edbccbf5f1a332e336e9e9210b8a63ccf37ff225561138; exactTagIdentitySha256=6f7a93ea60a6ec761f980bc8ed84f67f21a3fdef52eac5be6c69a99c41f9b64f; declaredFrameCount=1; runtime reachability unresolved; placement and bounds unresolved; renderer suitability unresolved
swf-definition-00440,188,,shape,source-assets/flash/HELP MATH_ORIGINAL FILES/HELP_COURSES/ELMGR5/L5/FQ/L5FQ03.swf,,,8a2feb6df0f3a440e3f884d2da9ca3479f77c50aafc8176292e4cb1d11437954,DefineShape3,,,none; machine census only; no renderer export,machine-extracted-definition-candidate,owner-provided SWF,container=root; definitionDepth=0; tagOrdinal=440; payloadBytes=452; rawTagPayloadSha256=8a2feb6df0f3a440e3f884d2da9ca3479f77c50aafc8176292e4cb1d11437954; exactTagIdentitySha256=abaf7544875daffbcdf2a7225b0369331b1861aaf30f6cca7cb97c099814bd9a; runtime reachability unresolved; placement and bounds unresolved; renderer suitability unresolved
swf-definition-00441,189,,text,source-assets/flash/HELP MATH_ORIGINAL FILES/HELP_COURSES/ELMGR5/L5/FQ/L5FQ03.swf,,,dac6ecd23fcb035726fae8e01e07d672fe9d71976a413d2b3df3cf9bd9526ae0,DefineText,,,none; machine census only; no renderer export,machine-extracted-definition-candidate,owner-provided SWF,container=root; definitionDepth=0; tagOrdinal=441; payloadBytes=34; rawTagPayloadSha256=dac6ecd23fcb035726fae8e01e07d672fe9d71976a413d2b3df3cf9bd9526ae0; exactTagIdentitySha256=55d5386b03f95572af66808b3924364a50338263092485044961b2a675698d35; runtime reachability unresolved; placement and bounds unresolved; renderer suitability unresolved
swf-definition-00442,190,,sprite,source-assets/flash/HELP MATH_ORIGINAL FILES/HELP_COURSES/ELMGR5/L5/FQ/L5FQ03.swf,,,e8d7ff311e20c591c634fd35c4b9adbf33b52828965074537dedad15ad5a2a69,DefineSprite,,,none; machine census only; no renderer export,machine-extracted-definition-candidate,owner-provided SWF,container=root; definitionDepth=0; tagOrdinal=442; payloadBytes=74; rawTagPayloadSha256=e8d7ff311e20c591c634fd35c4b9adbf33b52828965074537dedad15ad5a2a69; exactTagIdentitySha256=8dad7994ece81d2426798678cfee0dee1d03eacf45607a812c34f956ff2c63d4; declaredFrameCount=1; runtime reachability unresolved; placement and bounds unresolved; renderer suitability unresolved
swf-definition-00449,191,,text,source-assets/flash/HELP MATH_ORIGINAL FILES/HELP_COURSES/ELMGR5/L5/FQ/L5FQ03.swf,,,369ff9253915eab9515cdb848036821e6ab2a67e98dbbddcc79d5d5f4206366f,DefineText,,,none; machine census only; no renderer export,machine-extracted-definition-candidate,owner-provided SWF,container=root; definitionDepth=0; tagOrdinal=449; payloadBytes=31; rawTagPayloadSha256=369ff9253915eab9515cdb848036821e6ab2a67e98dbbddcc79d5d5f4206366f; exactTagIdentitySha256=8a6714624ca2516d5043e5815f951085efb5470da8e8408e9a7180a85266d9e2; runtime reachability unresolved; placement and bounds unresolved; renderer suitability unresolved
swf-definition-00450,192,,sprite,source-assets/flash/HELP MATH_ORIGINAL FILES/HELP_COURSES/ELMGR5/L5/FQ/L5FQ03.swf,,,49e4ed78f27e55db6197e1867ff92fb0630fb62b8ff70e24d7f99377ebdce245,DefineSprite,,,none; machine census only; no renderer export,machine-extracted-definition-candidate,owner-provided SWF,container=root; definitionDepth=0; tagOrdinal=450; payloadBytes=74; rawTagPayloadSha256=49e4ed78f27e55db6197e1867ff92fb0630fb62b8ff70e24d7f99377ebdce245; exactTagIdentitySha256=958003143124c78ff4b75eb6351f154a4f78b63dfafc34ef67952fa7ed0a90d7; declaredFrameCount=1; runtime reachability unresolved; placement and bounds unresolved; renderer suitability unresolved
swf-definition-00457,193,,shape,source-assets/flash/HELP MATH_ORIGINAL FILES/HELP_COURSES/ELMGR5/L5/FQ/L5FQ03.swf,,,1d81a79714d0de7b59de65871b72cc85654a8ed4c3d9ba0eaa78dcfbf645afed,DefineShape3,,,none; machine census only; no renderer export,machine-extracted-definition-candidate,owner-provided SWF,container=root; definitionDepth=0; tagOrdinal=457; payloadBytes=452; rawTagPayloadSha256=1d81a79714d0de7b59de65871b72cc85654a8ed4c3d9ba0eaa78dcfbf645afed; exactTagIdentitySha256=a32af33d051ff1084d505deb1e7a5e3a65dcc6a9881993343a7aa4ee05645646; runtime reachability unresolved; placement and bounds unresolved; renderer suitability unresolved
swf-definition-00458,194,,text,source-assets/flash/HELP MATH_ORIGINAL FILES/HELP_COURSES/ELMGR5/L5/FQ/L5FQ03.swf,,,6ac1b42ef68029033494a91fed13e896af434a43be7416727b33b5f973fb35c3,DefineText,,,none; machine census only; no renderer export,machine-extracted-definition-candidate,owner-provided SWF,container=root; definitionDepth=0; tagOrdinal=458; payloadBytes=34; rawTagPayloadSha256=6ac1b42ef68029033494a91fed13e896af434a43be7416727b33b5f973fb35c3; exactTagIdentitySha256=eb05357dd7b7e9724729d0051e82fcf5ac5d762cf851d8a65a1469b856521c7a; runtime reachability unresolved; placement and bounds unresolved; renderer suitability unresolved
swf-definition-00459,195,,sprite,source-assets/flash/HELP MATH_ORIGINAL FILES/HELP_COURSES/ELMGR5/L5/FQ/L5FQ03.swf,,,40a867cc40776914309c4a2540e60283e29f80dece3df9e6a3bd245a7019631a,DefineSprite,,,none; machine census only; no renderer export,machine-extracted-definition-candidate,owner-provided SWF,container=root; definitionDepth=0; tagOrdinal=459; payloadBytes=74; rawTagPayloadSha256=40a867cc40776914309c4a2540e60283e29f80dece3df9e6a3bd245a7019631a; exactTagIdentitySha256=a41212078db59288e9dea154fa74fe2e06184168cdc9d2483c16dc861f1af26c; declaredFrameCount=1; runtime reachability unresolved; placement and bounds unresolved; renderer suitability unresolved
swf-definition-00466,196,,text,source-assets/flash/HELP MATH_ORIGINAL FILES/HELP_COURSES/ELMGR5/L5/FQ/L5FQ03.swf,,,c465b1a4f4a86f203a7a9bca3ce699807b916599f4642afcecb6b3a2222de1ea,DefineEditText,,,none; machine census only; no renderer export,machine-extracted-definition-candidate,owner-provided SWF,container=root; definitionDepth=0; tagOrdinal=466; payloadBytes=36; rawTagPayloadSha256=c465b1a4f4a86f203a7a9bca3ce699807b916599f4642afcecb6b3a2222de1ea; exactTagIdentitySha256=296eddcc80afd74d7c4773e49462c2af979bce18d971c0c4f7d68ff0cefd2c74; runtime reachability unresolved; placement and bounds unresolved; renderer suitability unresolved
swf-definition-00467,197,,text,source-assets/flash/HELP MATH_ORIGINAL FILES/HELP_COURSES/ELMGR5/L5/FQ/L5FQ03.swf,,,462c7ba0b8f5663630048fc9c4bb38a5fa1598c3bea3bfe0de09c17a9695f9f7,DefineEditText,,,none; machine census only; no renderer export,machine-extracted-definition-candidate,owner-provided SWF,container=root; definitionDepth=0; tagOrdinal=467; payloadBytes=32; rawTagPayloadSha256=462c7ba0b8f5663630048fc9c4bb38a5fa1598c3bea3bfe0de09c17a9695f9f7; exactTagIdentitySha256=e12527fe04840d8534da4136dd420ed4f44aee773157f97a29b98a6887a6534c; runtime reachability unresolved; placement and bounds unresolved; renderer suitability unresolved
swf-definition-00468,198,,text,source-assets/flash/HELP MATH_ORIGINAL FILES/HELP_COURSES/ELMGR5/L5/FQ/L5FQ03.swf,,,08c730c993d2a0d3ac117985e076e58c2d10416f17f73d434afffc22d3fa5aa2,DefineEditText,,,none; machine census only; no renderer export,machine-extracted-definition-candidate,owner-provided SWF,container=root; definitionDepth=0; tagOrdinal=468; payloadBytes=29; rawTagPayloadSha256=08c730c993d2a0d3ac117985e076e58c2d10416f17f73d434afffc22d3fa5aa2; exactTagIdentitySha256=11fe9f2f3ed83d87f5f4287dd3ac43e20d6ecabe9bc329e76796fe330769a69a; runtime reachability unresolved; placement and bounds unresolved; renderer suitability unresolved
swf-definition-00469,199,,text,source-assets/flash/HELP MATH_ORIGINAL FILES/HELP_COURSES/ELMGR5/L5/FQ/L5FQ03.swf,,,6034f6d8dfaa5eb08ccb51daef46d046ad7a8a7a4786940dc5176aef2cda3be3,DefineText,,,none; machine census only; no renderer export,machine-extracted-definition-candidate,owner-provided SWF,container=root; definitionDepth=0; tagOrdinal=469; payloadBytes=249; rawTagPayloadSha256=6034f6d8dfaa5eb08ccb51daef46d046ad7a8a7a4786940dc5176aef2cda3be3; exactTagIdentitySha256=80499ea4a271f7726be09d895ec9e2313639b49bc6fc6dfd9dcb246b698613cc; runtime reachability unresolved; placement and bounds unresolved; renderer suitability unresolved
swf-definition-00470,200,,text,source-assets/flash/HELP MATH_ORIGINAL FILES/HELP_COURSES/ELMGR5/L5/FQ/L5FQ03.swf,,,b6361f4153ffa93b577d2c04c566b8e08082fae834f38fcb37532c239279c107,DefineText,,,none; machine census only; no renderer export,machine-extracted-definition-candidate,owner-provided SWF,container=root; definitionDepth=0; tagOrdinal=470; payloadBytes=59; rawTagPayloadSha256=b6361f4153ffa93b577d2c04c566b8e08082fae834f38fcb37532c239279c107; exactTagIdentitySha256=88defcb903d2d34c052ebc8db66d02ff769f4e4800f1320dae39896e49d2ce50; runtime reachability unresolved; placement and bounds unresolved; renderer suitability unresolved
swf-definition-00471,201,,sprite,source-assets/flash/HELP MATH_ORIGINAL FILES/HELP_COURSES/ELMGR5/L5/FQ/L5FQ03.swf,,,2a88c3490bca8765bc30e1b528b269289cf260a01bf220da4e506c61adefb888,DefineSprite,,,none; machine census only; no renderer export,machine-extracted-definition-candidate,owner-provided SWF,container=root; definitionDepth=0; tagOrdinal=471; payloadBytes=74; rawTagPayloadSha256=2a88c3490bca8765bc30e1b528b269289cf260a01bf220da4e506c61adefb888; exactTagIdentitySha256=9a1b8dee6a0b0aa8202682cdda214bb20ff943744a192e9b1f421b97c918e4e3; declaredFrameCount=1; runtime reachability unresolved; placement and bounds unresolved; renderer suitability unresolved
swf-definition-00478,202,,text,source-assets/flash/HELP MATH_ORIGINAL FILES/HELP_COURSES/ELMGR5/L5/FQ/L5FQ03.swf,,,4abf2ec672ed8cc036fb7031ae536652e8b1a0d2526c8c38bc65fbe954319556,DefineText,,,none; machine census only; no renderer export,machine-extracted-definition-candidate,owner-provided SWF,container=root; definitionDepth=0; tagOrdinal=478; payloadBytes=59; rawTagPayloadSha256=4abf2ec672ed8cc036fb7031ae536652e8b1a0d2526c8c38bc65fbe954319556; exactTagIdentitySha256=387d1715f799e1324722777a6f36b03095d3a286909b08119474bf331741e933; runtime reachability unresolved; placement and bounds unresolved; renderer suitability unresolved
swf-definition-00479,203,,sprite,source-assets/flash/HELP MATH_ORIGINAL FILES/HELP_COURSES/ELMGR5/L5/FQ/L5FQ03.swf,,,b90140ff7d2789e39a6a586f207d3288177fc6d78da9cb9cc6e39b9386170271,DefineSprite,,,none; machine census only; no renderer export,machine-extracted-definition-candidate,owner-provided SWF,container=root; definitionDepth=0; tagOrdinal=479; payloadBytes=74; rawTagPayloadSha256=b90140ff7d2789e39a6a586f207d3288177fc6d78da9cb9cc6e39b9386170271; exactTagIdentitySha256=fd5172dd251aef0a7c75b8444437783168583778e203c794279ccf78f5a237f3; declaredFrameCount=1; runtime reachability unresolved; placement and bounds unresolved; renderer suitability unresolved
swf-definition-00486,204,,text,source-assets/flash/HELP MATH_ORIGINAL FILES/HELP_COURSES/ELMGR5/L5/FQ/L5FQ03.swf,,,dd4c917190eb18c45b71484e48513989fd8c0f52c57bea646a9dd7633b281cb3,DefineText,,,none; machine census only; no renderer export,machine-extracted-definition-candidate,owner-provided SWF,container=root; definitionDepth=0; tagOrdinal=486; payloadBytes=57; rawTagPayloadSha256=dd4c917190eb18c45b71484e48513989fd8c0f52c57bea646a9dd7633b281cb3; exactTagIdentitySha256=c7174955d014bec44ab60106cf8eaa2baf01e442d3d16e8efc3383c0738b1dc5; runtime reachability unresolved; placement and bounds unresolved; renderer suitability unresolved
swf-definition-00487,205,,sprite,source-assets/flash/HELP MATH_ORIGINAL FILES/HELP_COURSES/ELMGR5/L5/FQ/L5FQ03.swf,,,4fad60f030887e8ea6a2863ed57e693f2d24543cb8da817d2f06814361b71973,DefineSprite,,,none; machine census only; no renderer export,machine-extracted-definition-candidate,owner-provided SWF,container=root; definitionDepth=0; tagOrdinal=487; payloadBytes=74; rawTagPayloadSha256=4fad60f030887e8ea6a2863ed57e693f2d24543cb8da817d2f06814361b71973; exactTagIdentitySha256=69e6e7a17c17c6aaf8038666c945ccb760bd407dfac22616e4c01302debcfb77; declaredFrameCount=1; runtime reachability unresolved; placement and bounds unresolved; renderer suitability unresolved
swf-definition-00494,206,,shape,source-assets/flash/HELP MATH_ORIGINAL FILES/HELP_COURSES/ELMGR5/L5/FQ/L5FQ03.swf,,,c280a1bacbfc3fd824280366a545a7319c23fa9b0c1097cdc2f140078d15ae54,DefineShape3,,,none; machine census only; no renderer export,machine-extracted-definition-candidate,owner-provided SWF,container=root; definitionDepth=0; tagOrdinal=494; payloadBytes=452; rawTagPayloadSha256=c280a1bacbfc3fd824280366a545a7319c23fa9b0c1097cdc2f140078d15ae54; exactTagIdentitySha256=f49f9193317a1be30262f3d050bbf3e2785876a8e2d39a9f1892d96366395199; runtime reachability unresolved; placement and bounds unresolved; renderer suitability unresolved
swf-definition-00495,207,,text,source-assets/flash/HELP MATH_ORIGINAL FILES/HELP_COURSES/ELMGR5/L5/FQ/L5FQ03.swf,,,ea8aa5fd0c118d5f10db6cb3a84d0f0ae076c666697e7d56a087d21ee454b7d9,DefineText,,,none; machine census only; no renderer export,machine-extracted-definition-candidate,owner-provided SWF,container=root; definitionDepth=0; tagOrdinal=495; payloadBytes=57; rawTagPayloadSha256=ea8aa5fd0c118d5f10db6cb3a84d0f0ae076c666697e7d56a087d21ee454b7d9; exactTagIdentitySha256=7eb693b8776d9e5c703a9c2156fd7b30be93877c2820488f173d9a8634758118; runtime reachability unresolved; placement and bounds unresolved; renderer suitability unresolved
swf-definition-00496,208,,sprite,source-assets/flash/HELP MATH_ORIGINAL FILES/HELP_COURSES/ELMGR5/L5/FQ/L5FQ03.swf,,,9dedf7a47cd1f37a24ec244db86d6671cb561f3c24a62f9cffc88bc4b74eab54,DefineSprite,,,none; machine census only; no renderer export,machine-extracted-definition-candidate,owner-provided SWF,container=root; definitionDepth=0; tagOrdinal=496; payloadBytes=74; rawTagPayloadSha256=9dedf7a47cd1f37a24ec244db86d6671cb561f3c24a62f9cffc88bc4b74eab54; exactTagIdentitySha256=1614caff91693fc4096a8099d76ca337b784243076cc71d7029a73d9f470e4db; declaredFrameCount=1; runtime reachability unresolved; placement and bounds unresolved; renderer suitability unresolved
swf-definition-00503,209,,text,source-assets/flash/HELP MATH_ORIGINAL FILES/HELP_COURSES/ELMGR5/L5/FQ/L5FQ03.swf,,,eb3ddf75d4abe2ef4fa853ac82a7fdd8240afdfcfab3f984bdb74a8ec7caa3d4,DefineEditText,,,none; machine census only; no renderer export,machine-extracted-definition-candidate,owner-provided SWF,container=root; definitionDepth=0; tagOrdinal=503; payloadBytes=36; rawTagPayloadSha256=eb3ddf75d4abe2ef4fa853ac82a7fdd8240afdfcfab3f984bdb74a8ec7caa3d4; exactTagIdentitySha256=fb703a06df4a95b34d720a13b3cb56a13760c9b121451abfc4b37ce598d0b9e5; runtime reachability unresolved; placement and bounds unresolved; renderer suitability unresolved
swf-definition-00504,210,,text,source-assets/flash/HELP MATH_ORIGINAL FILES/HELP_COURSES/ELMGR5/L5/FQ/L5FQ03.swf,,,eb129f5c54924354f1b108e0d82ec9068b04fc0ddc8717f2f561b169f73c95a9,DefineEditText,,,none; machine census only; no renderer export,machine-extracted-definition-candidate,owner-provided SWF,container=root; definitionDepth=0; tagOrdinal=504; payloadBytes=32; rawTagPayloadSha256=eb129f5c54924354f1b108e0d82ec9068b04fc0ddc8717f2f561b169f73c95a9; exactTagIdentitySha256=c5ec0ac46145b26748c5b62164d2912c9271381ab358212af0504edcf4e7e032; runtime reachability unresolved; placement and bounds unresolved; renderer suitability unresolved
swf-definition-00505,211,,text,source-assets/flash/HELP MATH_ORIGINAL FILES/HELP_COURSES/ELMGR5/L5/FQ/L5FQ03.swf,,,1cd6ee61e49c85ad1d76aa97a125fab4dad553f94bc3cdbd3b4d62a8380cb9e3,DefineText,,,none; machine census only; no renderer export,machine-extracted-definition-candidate,owner-provided SWF,container=root; definitionDepth=0; tagOrdinal=505; payloadBytes=247; rawTagPayloadSha256=1cd6ee61e49c85ad1d76aa97a125fab4dad553f94bc3cdbd3b4d62a8380cb9e3; exactTagIdentitySha256=29cc200d4e63b08dfcfc3d93d1dc429fcfd4cb01600b1a81a953a5bf8eabb1d9; runtime reachability unresolved; placement and bounds unresolved; renderer suitability unresolved
swf-definition-00506,212,,shape,source-assets/flash/HELP MATH_ORIGINAL FILES/HELP_COURSES/ELMGR5/L5/FQ/L5FQ03.swf,,,1dc97bec930358b2c4fa70f2b1b512980fe2f313226008fe701cf6532682101c,DefineShape3,,,none; machine census only; no renderer export,machine-extracted-definition-candidate,owner-provided SWF,container=root; definitionDepth=0; tagOrdinal=506; payloadBytes=452; rawTagPayloadSha256=1dc97bec930358b2c4fa70f2b1b512980fe2f313226008fe701cf6532682101c; exactTagIdentitySha256=793e127d5ed4c9cdbf99109a133a0ea7afa19ea30380bdb2291d3a37d32c6acb; runtime reachability unresolved; placement and bounds unresolved; renderer suitability unresolved
swf-definition-00507,213,,text,source-assets/flash/HELP MATH_ORIGINAL FILES/HELP_COURSES/ELMGR5/L5/FQ/L5FQ03.swf,,,f5165abe1f31e1c3af5d76ab310cc50b4533bac5f78b07fefe15da7237c6865e,DefineText,,,none; machine census only; no renderer export,machine-extracted-definition-candidate,owner-provided SWF,container=root; definitionDepth=0; tagOrdinal=507; payloadBytes=57; rawTagPayloadSha256=f5165abe1f31e1c3af5d76ab310cc50b4533bac5f78b07fefe15da7237c6865e; exactTagIdentitySha256=e767a11991f78ecfe2af2077cdc20e8910b2b1f384e5bf67bf8269f02b7518ed; runtime reachability unresolved; placement and bounds unresolved; renderer suitability unresolved
swf-definition-00508,214,,sprite,source-assets/flash/HELP MATH_ORIGINAL FILES/HELP_COURSES/ELMGR5/L5/FQ/L5FQ03.swf,,,eb4f157afc460f045ea882b2788abf576d30a5c46a6a05026b77c396d486e2f2,DefineSprite,,,none; machine census only; no renderer export,machine-extracted-definition-candidate,owner-provided SWF,container=root; definitionDepth=0; tagOrdinal=508; payloadBytes=74; rawTagPayloadSha256=eb4f157afc460f045ea882b2788abf576d30a5c46a6a05026b77c396d486e2f2; exactTagIdentitySha256=2292efed28733758674c1661d01f766599d015206a5ae35483f14c95274514d3; declaredFrameCount=1; runtime reachability unresolved; placement and bounds unresolved; renderer suitability unresolved
swf-definition-00515,215,,shape,source-assets/flash/HELP MATH_ORIGINAL FILES/HELP_COURSES/ELMGR5/L5/FQ/L5FQ03.swf,,,60406da3f4a420abb2fcdb378a1782656e7eb1fff7cd57d4d35a428cf82041ae,DefineShape3,,,none; machine census only; no renderer export,machine-extracted-definition-candidate,owner-provided SWF,container=root; definitionDepth=0; tagOrdinal=515; payloadBytes=452; rawTagPayloadSha256=60406da3f4a420abb2fcdb378a1782656e7eb1fff7cd57d4d35a428cf82041ae; exactTagIdentitySha256=12ea576cd5883be3f4f41d5f1041247ed70e2817c9f1825deca489d7e2095649; runtime reachability unresolved; placement and bounds unresolved; renderer suitability unresolved
swf-definition-00516,216,,text,source-assets/flash/HELP MATH_ORIGINAL FILES/HELP_COURSES/ELMGR5/L5/FQ/L5FQ03.swf,,,9ebd01a82d2e3a1915eeef53b397d6cceea760dbf5f595742c0197402835e225,DefineText,,,none; machine census only; no renderer export,machine-extracted-definition-candidate,owner-provided SWF,container=root; definitionDepth=0; tagOrdinal=516; payloadBytes=59; rawTagPayloadSha256=9ebd01a82d2e3a1915eeef53b397d6cceea760dbf5f595742c0197402835e225; exactTagIdentitySha256=1734e7917c7a23a3109deea584cb664a2ec4915edbc0c40dcb52406a0560ab5c; runtime reachability unresolved; placement and bounds unresolved; renderer suitability unresolved
swf-definition-00517,217,,sprite,source-assets/flash/HELP MATH_ORIGINAL FILES/HELP_COURSES/ELMGR5/L5/FQ/L5FQ03.swf,,,a120262abf377da7f71d3c2d623eec7a874cf59bd973b408b0f312018e5230c4,DefineSprite,,,none; machine census only; no renderer export,machine-extracted-definition-candidate,owner-provided SWF,container=root; definitionDepth=0; tagOrdinal=517; payloadBytes=74; rawTagPayloadSha256=a120262abf377da7f71d3c2d623eec7a874cf59bd973b408b0f312018e5230c4; exactTagIdentitySha256=b49477c10ba265126e34d2a5c9b0831ed455509255d01a543db2b247d812f19f; declaredFrameCount=1; runtime reachability unresolved; placement and bounds unresolved; renderer suitability unresolved
swf-definition-00524,218,,shape,source-assets/flash/HELP MATH_ORIGINAL FILES/HELP_COURSES/ELMGR5/L5/FQ/L5FQ03.swf,,,a7009722178a275a8d7951571f88fc0589c63ef11370500f6b56433ff18180fc,DefineShape3,,,none; machine census only; no renderer export,machine-extracted-definition-candidate,owner-provided SWF,container=root; definitionDepth=0; tagOrdinal=524; payloadBytes=452; rawTagPayloadSha256=a7009722178a275a8d7951571f88fc0589c63ef11370500f6b56433ff18180fc; exactTagIdentitySha256=cef8c2d1fdbcd52804f6db02011a322bd35a4063771034d49a89990001206804; runtime reachability unresolved; placement and bounds unresolved; renderer suitability unresolved
swf-definition-00525,219,,text,source-assets/flash/HELP MATH_ORIGINAL FILES/HELP_COURSES/ELMGR5/L5/FQ/L5FQ03.swf,,,55d8a531aaaded4df75b37bba0e2e1fa4a7061af78187b05b794a74a5b41a420,DefineText,,,none; machine census only; no renderer export,machine-extracted-definition-candidate,owner-provided SWF,container=root; definitionDepth=0; tagOrdinal=525; payloadBytes=59; rawTagPayloadSha256=55d8a531aaaded4df75b37bba0e2e1fa4a7061af78187b05b794a74a5b41a420; exactTagIdentitySha256=30edce3efdff322244b535a5edcea399295192924f3c02a07c0f7831d0532dfd; runtime reachability unresolved; placement and bounds unresolved; renderer suitability unresolved
swf-definition-00526,220,,sprite,source-assets/flash/HELP MATH_ORIGINAL FILES/HELP_COURSES/ELMGR5/L5/FQ/L5FQ03.swf,,,adb86dbb3ccf1e1328cde9a39d9b2acf9114bbc3aaf33674d3cc32246235bb30,DefineSprite,,,none; machine census only; no renderer export,machine-extracted-definition-candidate,owner-provided SWF,container=root; definitionDepth=0; tagOrdinal=526; payloadBytes=74; rawTagPayloadSha256=adb86dbb3ccf1e1328cde9a39d9b2acf9114bbc3aaf33674d3cc32246235bb30; exactTagIdentitySha256=8c701791d19d3b816552fc83cb2c41255ec6c1b88930ea5d4f0816264612498b; declaredFrameCount=1; runtime reachability unresolved; placement and bounds unresolved; renderer suitability unresolved
swf-definition-00533,221,,text,source-assets/flash/HELP MATH_ORIGINAL FILES/HELP_COURSES/ELMGR5/L5/FQ/L5FQ03.swf,,,73b2f3dcb570d3f7ae7004482c396f2f184fbdf72a8c4f597e047125f91116fd,DefineText,,,none; machine census only; no renderer export,machine-extracted-definition-candidate,owner-provided SWF,container=root; definitionDepth=0; tagOrdinal=533; payloadBytes=57; rawTagPayloadSha256=73b2f3dcb570d3f7ae7004482c396f2f184fbdf72a8c4f597e047125f91116fd; exactTagIdentitySha256=1cd62ef0354743956dd1f051e0e12dfbf8277686d7f5410985fc6096c2f72119; runtime reachability unresolved; placement and bounds unresolved; renderer suitability unresolved
swf-definition-00534,222,,sprite,source-assets/flash/HELP MATH_ORIGINAL FILES/HELP_COURSES/ELMGR5/L5/FQ/L5FQ03.swf,,,33648b1533079cc828baf56ebee379b04c11af9c544ab5397c9e17949b5a62bf,DefineSprite,,,none; machine census only; no renderer export,machine-extracted-definition-candidate,owner-provided SWF,container=root; definitionDepth=0; tagOrdinal=534; payloadBytes=74; rawTagPayloadSha256=33648b1533079cc828baf56ebee379b04c11af9c544ab5397c9e17949b5a62bf; exactTagIdentitySha256=5eb3d6a9d0debdc7ab7d5c38cc85802c12791e3976c5cc207c39474d21fef24d; declaredFrameCount=1; runtime reachability unresolved; placement and bounds unresolved; renderer suitability unresolved
swf-definition-00541,223,,text,source-assets/flash/HELP MATH_ORIGINAL FILES/HELP_COURSES/ELMGR5/L5/FQ/L5FQ03.swf,,,b2950de3e6e96c716202daac550502d9bd7389216c6e0f1553f670fcffc196de,DefineEditText,,,none; machine census only; no renderer export,machine-extracted-definition-candidate,owner-provided SWF,container=root; definitionDepth=0; tagOrdinal=541; payloadBytes=36; rawTagPayloadSha256=b2950de3e6e96c716202daac550502d9bd7389216c6e0f1553f670fcffc196de; exactTagIdentitySha256=1d6f01c4abe1682bf15c4a6f7afcfb5fddc0a499bff9391f9e6be5d331e59fb1; runtime reachability unresolved; placement and bounds unresolved; renderer suitability unresolved
swf-definition-00542,224,,text,source-assets/flash/HELP MATH_ORIGINAL FILES/HELP_COURSES/ELMGR5/L5/FQ/L5FQ03.swf,,,b3d0d44cf21439916ea30e80bd9d21ccae413b220f900c9206e3b817dc2c7bbe,DefineEditText,,,none; machine census only; no renderer export,machine-extracted-definition-candidate,owner-provided SWF,container=root; definitionDepth=0; tagOrdinal=542; payloadBytes=32; rawTagPayloadSha256=b3d0d44cf21439916ea30e80bd9d21ccae413b220f900c9206e3b817dc2c7bbe; exactTagIdentitySha256=17106b6861f770480c7aaeeabaa5855c823f585ca4b4550ccc4b7a90e7379ad1; runtime reachability unresolved; placement and bounds unresolved; renderer suitability unresolved
swf-definition-00543,225,,text,source-assets/flash/HELP MATH_ORIGINAL FILES/HELP_COURSES/ELMGR5/L5/FQ/L5FQ03.swf,,,92fdb4561d4968f69f4401c3417f470b7fbb56f83d008676fe849c3dddec49f9,DefineText,,,none; machine census only; no renderer export,machine-extracted-definition-candidate,owner-provided SWF,container=root; definitionDepth=0; tagOrdinal=543; payloadBytes=260; rawTagPayloadSha256=92fdb4561d4968f69f4401c3417f470b7fbb56f83d008676fe849c3dddec49f9; exactTagIdentitySha256=0849c8a237b69b11ffb658f11b3b8a58e9a98c0494ef60e2ca0fc3f4da09dd5c; runtime reachability unresolved; placement and bounds unresolved; renderer suitability unresolved
swf-definition-00544,226,,shape,source-assets/flash/HELP MATH_ORIGINAL FILES/HELP_COURSES/ELMGR5/L5/FQ/L5FQ03.swf,,,9ea870dad5c5777ffc6782d32741311c8f6e7d4e5df834938901371219ebfdf8,DefineShape3,,,none; machine census only; no renderer export,machine-extracted-definition-candidate,owner-provided SWF,container=root; definitionDepth=0; tagOrdinal=544; payloadBytes=452; rawTagPayloadSha256=9ea870dad5c5777ffc6782d32741311c8f6e7d4e5df834938901371219ebfdf8; exactTagIdentitySha256=5f523053927d3dd07d7522b99ff12fb4c057885728e8ef426a1abae6b77fb8d7; runtime reachability unresolved; placement and bounds unresolved; renderer suitability unresolved
swf-definition-00545,227,,text,source-assets/flash/HELP MATH_ORIGINAL FILES/HELP_COURSES/ELMGR5/L5/FQ/L5FQ03.swf,,,d4d4cd85f7388486fd6edafdfe4594f8b75a8962c3ffa1e5f723ba4f9716d6e7,DefineText,,,none; machine census only; no renderer export,machine-extracted-definition-candidate,owner-provided SWF,container=root; definitionDepth=0; tagOrdinal=545; payloadBytes=64; rawTagPayloadSha256=d4d4cd85f7388486fd6edafdfe4594f8b75a8962c3ffa1e5f723ba4f9716d6e7; exactTagIdentitySha256=bf9f762647a5fe48d9e4e3ba9daf598cfd4d28c71bb372c0b1673ea14e37cba7; runtime reachability unresolved; placement and bounds unresolved; renderer suitability unresolved
swf-definition-00546,228,,sprite,source-assets/flash/HELP MATH_ORIGINAL FILES/HELP_COURSES/ELMGR5/L5/FQ/L5FQ03.swf,,,b8e99e309364b2ab6836d682ff4ccd156ff8483e3d6ebe40d1a6861f72588254,DefineSprite,,,none; machine census only; no renderer export,machine-extracted-definition-candidate,owner-provided SWF,container=root; definitionDepth=0; tagOrdinal=546; payloadBytes=74; rawTagPayloadSha256=b8e99e309364b2ab6836d682ff4ccd156ff8483e3d6ebe40d1a6861f72588254; exactTagIdentitySha256=2a18040d30260306facb4ec212fca07a900bbb032561593a1d05bf0db2675459; declaredFrameCount=1; runtime reachability unresolved; placement and bounds unresolved; renderer suitability unresolved
swf-definition-00553,229,,text,source-assets/flash/HELP MATH_ORIGINAL FILES/HELP_COURSES/ELMGR5/L5/FQ/L5FQ03.swf,,,53244ae02c4df45892b6b0244fa47d595e9ac30741f6a392f3529adf9678b8d3,DefineText,,,none; machine census only; no renderer export,machine-extracted-definition-candidate,owner-provided SWF,container=root; definitionDepth=0; tagOrdinal=553; payloadBytes=66; rawTagPayloadSha256=53244ae02c4df45892b6b0244fa47d595e9ac30741f6a392f3529adf9678b8d3; exactTagIdentitySha256=fa5f52de2a0baa3dff2b323d5bc9361190136fa0abde9b18caeffa5f0a257859; runtime reachability unresolved; placement and bounds unresolved; renderer suitability unresolved
swf-definition-00554,230,,sprite,source-assets/flash/HELP MATH_ORIGINAL FILES/HELP_COURSES/ELMGR5/L5/FQ/L5FQ03.swf,,,7562441d24fb60f919ea7aa1bf73e0b53ea1f2f31b8546eff4f33fa58044fdde,DefineSprite,,,none; machine census only; no renderer export,machine-extracted-definition-candidate,owner-provided SWF,container=root; definitionDepth=0; tagOrdinal=554; payloadBytes=74; rawTagPayloadSha256=7562441d24fb60f919ea7aa1bf73e0b53ea1f2f31b8546eff4f33fa58044fdde; exactTagIdentitySha256=6df592aa24069d5fe155459bfacf9a6f37ff14e6039063a4d9ca1ed6c905006f; declaredFrameCount=1; runtime reachability unresolved; placement and bounds unresolved; renderer suitability unresolved
swf-definition-00561,231,,shape,source-assets/flash/HELP MATH_ORIGINAL FILES/HELP_COURSES/ELMGR5/L5/FQ/L5FQ03.swf,,,e87a323543196c6cf9a7ae26630770a3d4162495564f9a8507f9e9e6b907d96e,DefineShape3,,,none; machine census only; no renderer export,machine-extracted-definition-candidate,owner-provided SWF,container=root; definitionDepth=0; tagOrdinal=561; payloadBytes=452; rawTagPayloadSha256=e87a323543196c6cf9a7ae26630770a3d4162495564f9a8507f9e9e6b907d96e; exactTagIdentitySha256=0d0cb2158bd417443667786b7c620400a9b5af51a51899eda78df51c40ff8455; runtime reachability unresolved; placement and bounds unresolved; renderer suitability unresolved
swf-definition-00562,232,,text,source-assets/flash/HELP MATH_ORIGINAL FILES/HELP_COURSES/ELMGR5/L5/FQ/L5FQ03.swf,,,7d37ea6a8281e8a852dc5e3c8c858965691b66dd16955a7e561572f7e02f6d49,DefineText,,,none; machine census only; no renderer export,machine-extracted-definition-candidate,owner-provided SWF,container=root; definitionDepth=0; tagOrdinal=562; payloadBytes=66; rawTagPayloadSha256=7d37ea6a8281e8a852dc5e3c8c858965691b66dd16955a7e561572f7e02f6d49; exactTagIdentitySha256=b81897df389ad42e04ffad7654a992ee8d2dbfc1fdc0498987081de6317a1ffb; runtime reachability unresolved; placement and bounds unresolved; renderer suitability unresolved
swf-definition-00563,233,,sprite,source-assets/flash/HELP MATH_ORIGINAL FILES/HELP_COURSES/ELMGR5/L5/FQ/L5FQ03.swf,,,f476082f12d050ae7e849e4e9ee42c32cab8b654968e622c976c21b6e1a5b961,DefineSprite,,,none; machine census only; no renderer export,machine-extracted-definition-candidate,owner-provided SWF,container=root; definitionDepth=0; tagOrdinal=563; payloadBytes=74; rawTagPayloadSha256=f476082f12d050ae7e849e4e9ee42c32cab8b654968e622c976c21b6e1a5b961; exactTagIdentitySha256=131724aaff2b19e491277b7ece982055dab820aadc5c7002c1916cca43b55fdc; declaredFrameCount=1; runtime reachability unresolved; placement and bounds unresolved; renderer suitability unresolved
swf-definition-00570,234,,shape,source-assets/flash/HELP MATH_ORIGINAL FILES/HELP_COURSES/ELMGR5/L5/FQ/L5FQ03.swf,,,d13eddf8ac406112fb91915c8406def7fd051963e9cfd5eec47fc84b387c6b88,DefineShape3,,,none; machine census only; no renderer export,machine-extracted-definition-candidate,owner-provided SWF,container=root; definitionDepth=0; tagOrdinal=570; payloadBytes=452; rawTagPayloadSha256=d13eddf8ac406112fb91915c8406def7fd051963e9cfd5eec47fc84b387c6b88; exactTagIdentitySha256=379971241422b95daf3a690636a082dffa56dc70597d9c0a862c877df25aeab9; runtime reachability unresolved; placement and bounds unresolved; renderer suitability unresolved
swf-definition-00571,235,,text,source-assets/flash/HELP MATH_ORIGINAL FILES/HELP_COURSES/ELMGR5/L5/FQ/L5FQ03.swf,,,28c9eaae7bcbd6c7de6884637717aa32e9e060b9fb08a9b3b38af63fdeaa6a5f,DefineText,,,none; machine census only; no renderer export,machine-extracted-definition-candidate,owner-provided SWF,container=root; definitionDepth=0; tagOrdinal=571; payloadBytes=66; rawTagPayloadSha256=28c9eaae7bcbd6c7de6884637717aa32e9e060b9fb08a9b3b38af63fdeaa6a5f; exactTagIdentitySha256=3df4cac82b7dd92be539bc36c94b7e479ffcd6b182ebc4f577f710c7b241af61; runtime reachability unresolved; placement and bounds unresolved; renderer suitability unresolved
swf-definition-00572,236,,sprite,source-assets/flash/HELP MATH_ORIGINAL FILES/HELP_COURSES/ELMGR5/L5/FQ/L5FQ03.swf,,,360f35a2d68a24f3e52436c5f66c5bfd557486536ca0ec4948bc053cf3822531,DefineSprite,,,none; machine census only; no renderer export,machine-extracted-definition-candidate,owner-provided SWF,container=root; definitionDepth=0; tagOrdinal=572; payloadBytes=74; rawTagPayloadSha256=360f35a2d68a24f3e52436c5f66c5bfd557486536ca0ec4948bc053cf3822531; exactTagIdentitySha256=aefbaa24149339767543dcecbae3fe71a05204845cf9b54b269d5ca73f67153a; declaredFrameCount=1; runtime reachability unresolved; placement and bounds unresolved; renderer suitability unresolved
swf-definition-00579,237,,text,source-assets/flash/HELP MATH_ORIGINAL FILES/HELP_COURSES/ELMGR5/L5/FQ/L5FQ03.swf,,,6951647d892622fbabd7dbaeb2d489c65f815cb1727507ffc824541c10eedf89,DefineEditText,,,none; machine census only; no renderer export,machine-extracted-definition-candidate,owner-provided SWF,container=root; definitionDepth=0; tagOrdinal=579; payloadBytes=36; rawTagPayloadSha256=6951647d892622fbabd7dbaeb2d489c65f815cb1727507ffc824541c10eedf89; exactTagIdentitySha256=cc211bac254619c5c34c6dac263bfb760c211c4293f845dd9c7560a759776f09; runtime reachability unresolved; placement and bounds unresolved; renderer suitability unresolved
swf-definition-00580,238,,text,source-assets/flash/HELP MATH_ORIGINAL FILES/HELP_COURSES/ELMGR5/L5/FQ/L5FQ03.swf,,,866aec641129934fc2a58b57dbbbc264f060284a79fff6217f8ae98ff2a162f4,DefineEditText,,,none; machine census only; no renderer export,machine-extracted-definition-candidate,owner-provided SWF,container=root; definitionDepth=0; tagOrdinal=580; payloadBytes=32; rawTagPayloadSha256=866aec641129934fc2a58b57dbbbc264f060284a79fff6217f8ae98ff2a162f4; exactTagIdentitySha256=5b939f896382ec690a11ff256af7f46e98b60cefea8e1ebd5d801d5f0f4549f0; runtime reachability unresolved; placement and bounds unresolved; renderer suitability unresolved
swf-definition-00581,239,,text,source-assets/flash/HELP MATH_ORIGINAL FILES/HELP_COURSES/ELMGR5/L5/FQ/L5FQ03.swf,,,63f7cdc9a09b79a11834f4d80ad28faa4523f4fb9c04f63c794efbbc45e24bf8,DefineText,,,none; machine census only; no renderer export,machine-extracted-definition-candidate,owner-provided SWF,container=root; definitionDepth=0; tagOrdinal=581; payloadBytes=258; rawTagPayloadSha256=63f7cdc9a09b79a11834f4d80ad28faa4523f4fb9c04f63c794efbbc45e24bf8; exactTagIdentitySha256=45807468a7aa5241a758548480fbe782d1566dcf743346c18e9d491c0c7d010e; runtime reachability unresolved; placement and bounds unresolved; renderer suitability unresolved
swf-definition-00582,240,,bitmap,source-assets/flash/HELP MATH_ORIGINAL FILES/HELP_COURSES/ELMGR5/L5/FQ/L5FQ03.swf,,,80c6dc68eb6e4aa85a3c7b429f6cb6180377a37a418d41f1e3ea8914f10ba3cd,DefineBitsJPEG3,,,none; machine census only; no renderer export,machine-extracted-definition-candidate,owner-provided SWF,container=root; definitionDepth=0; tagOrdinal=582; payloadBytes=12272; rawTagPayloadSha256=80c6dc68eb6e4aa85a3c7b429f6cb6180377a37a418d41f1e3ea8914f10ba3cd; exactTagIdentitySha256=ae97de77c227a4b99a70e910b4a91ef1622b194d03529ffef2009bb6c9284c8b; runtime reachability unresolved; placement and bounds unresolved; renderer suitability unresolved
swf-definition-00583,241,,shape,source-assets/flash/HELP MATH_ORIGINAL FILES/HELP_COURSES/ELMGR5/L5/FQ/L5FQ03.swf,,,6df2192b458b674794ab9a99208b7d6635e820f5f1f9a5fb9b02293e34c61c54,DefineShape,,,none; machine census only; no renderer export,machine-extracted-definition-candidate,owner-provided SWF,container=root; definitionDepth=0; tagOrdinal=583; payloadBytes=53; rawTagPayloadSha256=6df2192b458b674794ab9a99208b7d6635e820f5f1f9a5fb9b02293e34c61c54; exactTagIdentitySha256=696e40e628bf366c4d134a03330d6bf9653ec24432bea40177250494f8fcd6f0; runtime reachability unresolved; placement and bounds unresolved; renderer suitability unresolved
swf-definition-00584,242,,shape,source-assets/flash/HELP MATH_ORIGINAL FILES/HELP_COURSES/ELMGR5/L5/FQ/L5FQ03.swf,,,e1cdb0f9fee545684c3c909d82fc4bf6f129883678c7c55e158f211b6f554966,DefineShape3,,,none; machine census only; no renderer export,machine-extracted-definition-candidate,owner-provided SWF,container=root; definitionDepth=0; tagOrdinal=584; payloadBytes=452; rawTagPayloadSha256=e1cdb0f9fee545684c3c909d82fc4bf6f129883678c7c55e158f211b6f554966; exactTagIdentitySha256=3ad1a641bb4fa260881452a35619587492ea646b2b412161cf276067e77b8052; runtime reachability unresolved; placement and bounds unresolved; renderer suitability unresolved
swf-definition-00585,243,,text,source-assets/flash/HELP MATH_ORIGINAL FILES/HELP_COURSES/ELMGR5/L5/FQ/L5FQ03.swf,,,e04245d9d76d9b981adb7a5a0b8b4a5a99f1ffab9ddcfda7224f8ebf41dbc982,DefineText,,,none; machine census only; no renderer export,machine-extracted-definition-candidate,owner-provided SWF,container=root; definitionDepth=0; tagOrdinal=585; payloadBytes=46; rawTagPayloadSha256=e04245d9d76d9b981adb7a5a0b8b4a5a99f1ffab9ddcfda7224f8ebf41dbc982; exactTagIdentitySha256=fd83ccc78b0d118b2ccb0f2d02db151da571aae09290c8dcc26aa5e62acded59; runtime reachability unresolved; placement and bounds unresolved; renderer suitability unresolved
swf-definition-00586,244,,sprite,source-assets/flash/HELP MATH_ORIGINAL FILES/HELP_COURSES/ELMGR5/L5/FQ/L5FQ03.swf,,,1358f70ebdbe63daa152244c2ba9a81b53e8f3f85512f10db9a834a44c2781eb,DefineSprite,,,none; machine census only; no renderer export,machine-extracted-definition-candidate,owner-provided SWF,container=root; definitionDepth=0; tagOrdinal=586; payloadBytes=74; rawTagPayloadSha256=1358f70ebdbe63daa152244c2ba9a81b53e8f3f85512f10db9a834a44c2781eb; exactTagIdentitySha256=22931eed77aa620e409501c4fdfb745f52c1e55e35a4c3e5cc0b3cd06e2f07ac; declaredFrameCount=1; runtime reachability unresolved; placement and bounds unresolved; renderer suitability unresolved
swf-definition-00593,245,,shape,source-assets/flash/HELP MATH_ORIGINAL FILES/HELP_COURSES/ELMGR5/L5/FQ/L5FQ03.swf,,,7ace978fee78bf78c59bb9ed4c7cc9c136668ecd6d8f87ead2d0e68184990cb4,DefineShape3,,,none; machine census only; no renderer export,machine-extracted-definition-candidate,owner-provided SWF,container=root; definitionDepth=0; tagOrdinal=593; payloadBytes=452; rawTagPayloadSha256=7ace978fee78bf78c59bb9ed4c7cc9c136668ecd6d8f87ead2d0e68184990cb4; exactTagIdentitySha256=d89215b73f5868a27e4a73f1c5f028de4da93e07f9f24cba0ff1e0a0b1ba5114; runtime reachability unresolved; placement and bounds unresolved; renderer suitability unresolved
swf-definition-00594,246,,text,source-assets/flash/HELP MATH_ORIGINAL FILES/HELP_COURSES/ELMGR5/L5/FQ/L5FQ03.swf,,,eb9310b3c7c7b521b7efedc3351867a745a196e1ad698a81fe72d021ff0fd3e7,DefineText,,,none; machine census only; no renderer export,machine-extracted-definition-candidate,owner-provided SWF,container=root; definitionDepth=0; tagOrdinal=594; payloadBytes=46; rawTagPayloadSha256=eb9310b3c7c7b521b7efedc3351867a745a196e1ad698a81fe72d021ff0fd3e7; exactTagIdentitySha256=92a3f85ef1b4d0bd9bf0201540a1d0a939623b3351798e82069740db768ed4c1; runtime reachability unresolved; placement and bounds unresolved; renderer suitability unresolved
swf-definition-00595,247,,sprite,source-assets/flash/HELP MATH_ORIGINAL FILES/HELP_COURSES/ELMGR5/L5/FQ/L5FQ03.swf,,,1f17cfca114a81f18eeaa6a291bc2f5dd45e80c7393b64e6278eb9513b72cbcf,DefineSprite,,,none; machine census only; no renderer export,machine-extracted-definition-candidate,owner-provided SWF,container=root; definitionDepth=0; tagOrdinal=595; payloadBytes=74; rawTagPayloadSha256=1f17cfca114a81f18eeaa6a291bc2f5dd45e80c7393b64e6278eb9513b72cbcf; exactTagIdentitySha256=2aff3b503bacf7a393f86d29ab8a4dee127daaa3824880c17652122fb3ad828c; declaredFrameCount=1; runtime reachability unresolved; placement and bounds unresolved; renderer suitability unresolved
swf-definition-00602,248,,shape,source-assets/flash/HELP MATH_ORIGINAL FILES/HELP_COURSES/ELMGR5/L5/FQ/L5FQ03.swf,,,1a1096724ecff00756aaf60dede54697e7f0a3a353207071a6673de131bde0e5,DefineShape3,,,none; machine census only; no renderer export,machine-extracted-definition-candidate,owner-provided SWF,container=root; definitionDepth=0; tagOrdinal=602; payloadBytes=452; rawTagPayloadSha256=1a1096724ecff00756aaf60dede54697e7f0a3a353207071a6673de131bde0e5; exactTagIdentitySha256=92caf32209159e970102bacf0d8406d81d146f37fdd57f4ca4be9841b70e78cf; runtime reachability unresolved; placement and bounds unresolved; renderer suitability unresolved
swf-definition-00603,249,,text,source-assets/flash/HELP MATH_ORIGINAL FILES/HELP_COURSES/ELMGR5/L5/FQ/L5FQ03.swf,,,58ddf663036b47eb6e4923bfe18d67f3899bc371b2bcdda655be07d5fa2f7561,DefineText,,,none; machine census only; no renderer export,machine-extracted-definition-candidate,owner-provided SWF,container=root; definitionDepth=0; tagOrdinal=603; payloadBytes=46; rawTagPayloadSha256=58ddf663036b47eb6e4923bfe18d67f3899bc371b2bcdda655be07d5fa2f7561; exactTagIdentitySha256=a2680c5259cbde94cbd4e036ce9c28b6ff925efc93bddca9fc09b8c38a69a7e4; runtime reachability unresolved; placement and bounds unresolved; renderer suitability unresolved
swf-definition-00604,250,,sprite,source-assets/flash/HELP MATH_ORIGINAL FILES/HELP_COURSES/ELMGR5/L5/FQ/L5FQ03.swf,,,aedb1c65624033be0ef880a7f187837f10707b8ad0304b611b40234c723ab8a0,DefineSprite,,,none; machine census only; no renderer export,machine-extracted-definition-candidate,owner-provided SWF,container=root; definitionDepth=0; tagOrdinal=604; payloadBytes=74; rawTagPayloadSha256=aedb1c65624033be0ef880a7f187837f10707b8ad0304b611b40234c723ab8a0; exactTagIdentitySha256=ee195eb4e488fd7b00045fd8d303fd104ac0ddec3c85866ac5f1e54d349a0ff1; declaredFrameCount=1; runtime reachability unresolved; placement and bounds unresolved; renderer suitability unresolved
swf-definition-00611,251,,shape,source-assets/flash/HELP MATH_ORIGINAL FILES/HELP_COURSES/ELMGR5/L5/FQ/L5FQ03.swf,,,a534dab6d1eda604dad4d86ef3618c24e779c3e9564bb665c17ac72d7137a965,DefineShape3,,,none; machine census only; no renderer export,machine-extracted-definition-candidate,owner-provided SWF,container=root; definitionDepth=0; tagOrdinal=611; payloadBytes=452; rawTagPayloadSha256=a534dab6d1eda604dad4d86ef3618c24e779c3e9564bb665c17ac72d7137a965; exactTagIdentitySha256=b04a81f6b5b4683a11c580469d280a87eadb3ebbbc1f1bcd0c10ce21526a454d; runtime reachability unresolved; placement and bounds unresolved; renderer suitability unresolved
swf-definition-00612,252,,text,source-assets/flash/HELP MATH_ORIGINAL FILES/HELP_COURSES/ELMGR5/L5/FQ/L5FQ03.swf,,,b277c017156d78da7fda8d38d81a5a3d5fe3575827f67efa41d08e98dda7857d,DefineText,,,none; machine census only; no renderer export,machine-extracted-definition-candidate,owner-provided SWF,container=root; definitionDepth=0; tagOrdinal=612; payloadBytes=49; rawTagPayloadSha256=b277c017156d78da7fda8d38d81a5a3d5fe3575827f67efa41d08e98dda7857d; exactTagIdentitySha256=480174a81e1a277775764f51b21564d40eb5724fcf8413588523545495b26d27; runtime reachability unresolved; placement and bounds unresolved; renderer suitability unresolved
swf-definition-00613,253,,sprite,source-assets/flash/HELP MATH_ORIGINAL FILES/HELP_COURSES/ELMGR5/L5/FQ/L5FQ03.swf,,,18010e42fa78df3ecbf89a739157b95ab3f1c865983618e5f5837af165303de4,DefineSprite,,,none; machine census only; no renderer export,machine-extracted-definition-candidate,owner-provided SWF,container=root; definitionDepth=0; tagOrdinal=613; payloadBytes=74; rawTagPayloadSha256=18010e42fa78df3ecbf89a739157b95ab3f1c865983618e5f5837af165303de4; exactTagIdentitySha256=97b20fdad467956c7f3fd202d5b8fe6284531b46ee3c53622404513f8122f331; declaredFrameCount=1; runtime reachability unresolved; placement and bounds unresolved; renderer suitability unresolved
swf-definition-00620,254,,text,source-assets/flash/HELP MATH_ORIGINAL FILES/HELP_COURSES/ELMGR5/L5/FQ/L5FQ03.swf,,,dd0d2252db3642fe3643a1029685a79e05e0ecf6157946525abf9bf1166a6d5c,DefineEditText,,,none; machine census only; no renderer export,machine-extracted-definition-candidate,owner-provided SWF,container=root; definitionDepth=0; tagOrdinal=620; payloadBytes=36; rawTagPayloadSha256=dd0d2252db3642fe3643a1029685a79e05e0ecf6157946525abf9bf1166a6d5c; exactTagIdentitySha256=06c77c1409755f60cd74ba3e6d1cec835f8dbd41ec3b613d785b8f702ea29b97; runtime reachability unresolved; placement and bounds unresolved; renderer suitability unresolved
swf-definition-00621,255,,text,source-assets/flash/HELP MATH_ORIGINAL FILES/HELP_COURSES/ELMGR5/L5/FQ/L5FQ03.swf,,,722e8dc9d6ccd7afbadbe88b42e6423f10be02b0038bae969b9421c851af4b76,DefineEditText,,,none; machine census only; no renderer export,machine-extracted-definition-candidate,owner-provided SWF,container=root; definitionDepth=0; tagOrdinal=621; payloadBytes=32; rawTagPayloadSha256=722e8dc9d6ccd7afbadbe88b42e6423f10be02b0038bae969b9421c851af4b76; exactTagIdentitySha256=6cd0c9bcdbb22dc0f70bacd8b59bb6f60fca853cd5d8669a7416352846e46668; runtime reachability unresolved; placement and bounds unresolved; renderer suitability unresolved
swf-definition-00622,256,,text,source-assets/flash/HELP MATH_ORIGINAL FILES/HELP_COURSES/ELMGR5/L5/FQ/L5FQ03.swf,,,0e6b9c1eac2cadd1d57e86dd66ba68ba77de0deb741dd2085c4d5f63c7c69c27,DefineText,,,none; machine census only; no renderer export,machine-extracted-definition-candidate,owner-provided SWF,container=root; definitionDepth=0; tagOrdinal=622; payloadBytes=250; rawTagPayloadSha256=0e6b9c1eac2cadd1d57e86dd66ba68ba77de0deb741dd2085c4d5f63c7c69c27; exactTagIdentitySha256=349280e913f4891ac90e30e6c2833c8f23f021fbda597935b26e2feb12b03bd2; runtime reachability unresolved; placement and bounds unresolved; renderer suitability unresolved
swf-definition-00623,257,,shape,source-assets/flash/HELP MATH_ORIGINAL FILES/HELP_COURSES/ELMGR5/L5/FQ/L5FQ03.swf,,,a45a4cb00abdcf9adad7768ac94f676f727aa911cc3fd0ed674f2f74b4162423,DefineShape3,,,none; machine census only; no renderer export,machine-extracted-definition-candidate,owner-provided SWF,container=root; definitionDepth=0; tagOrdinal=623; payloadBytes=572; rawTagPayloadSha256=a45a4cb00abdcf9adad7768ac94f676f727aa911cc3fd0ed674f2f74b4162423; exactTagIdentitySha256=5a47c472aa8d777eff8c70f18ac48ef36091157ce9459ab7c8be6f45e337ccb4; runtime reachability unresolved; placement and bounds unresolved; renderer suitability unresolved
swf-definition-00624,258,,shape,source-assets/flash/HELP MATH_ORIGINAL FILES/HELP_COURSES/ELMGR5/L5/FQ/L5FQ03.swf,,,54f6d2e0bb59d6af6730b1913052160b6d7704642ea4f484e152f437f9829924,DefineShape3,,,none; machine census only; no renderer export,machine-extracted-definition-candidate,owner-provided SWF,container=root; definitionDepth=0; tagOrdinal=624; payloadBytes=217; rawTagPayloadSha256=54f6d2e0bb59d6af6730b1913052160b6d7704642ea4f484e152f437f9829924; exactTagIdentitySha256=911fd6f5a74f4dbabb524c478d6d93730c00a0cd85cf99c4a2382fa87a915153; runtime reachability unresolved; placement and bounds unresolved; renderer suitability unresolved
swf-definition-00625,259,,shape,source-assets/flash/HELP MATH_ORIGINAL FILES/HELP_COURSES/ELMGR5/L5/FQ/L5FQ03.swf,,,a861cc4cc9f42a824cd7a9a067fc91af563bb3919c7f7ae2be0e720b6fd2e6a3,DefineShape3,,,none; machine census only; no renderer export,machine-extracted-definition-candidate,owner-provided SWF,container=root; definitionDepth=0; tagOrdinal=625; payloadBytes=4325; rawTagPayloadSha256=a861cc4cc9f42a824cd7a9a067fc91af563bb3919c7f7ae2be0e720b6fd2e6a3; exactTagIdentitySha256=ace333b83e3578981ad5697c9c194cab576715c906e1de758afe247ce5cff2f5; runtime reachability unresolved; placement and bounds unresolved; renderer suitability unresolved
swf-definition-00626,260,,shape,source-assets/flash/HELP MATH_ORIGINAL FILES/HELP_COURSES/ELMGR5/L5/FQ/L5FQ03.swf,,,62fa582aa68e12a4ad130daccf7d662aa9fbdecaf97f616e419e0879eaf1e6bd,DefineShape3,,,none; machine census only; no renderer export,machine-extracted-definition-candidate,owner-provided SWF,container=root; definitionDepth=0; tagOrdinal=626; payloadBytes=452; rawTagPayloadSha256=62fa582aa68e12a4ad130daccf7d662aa9fbdecaf97f616e419e0879eaf1e6bd; exactTagIdentitySha256=13701263e2ffa5fbd4949920ee883bcd6c3764569d22f1f661a8552ba2ba0677; runtime reachability unresolved; placement and bounds unresolved; renderer suitability unresolved
swf-definition-00627,261,,text,source-assets/flash/HELP MATH_ORIGINAL FILES/HELP_COURSES/ELMGR5/L5/FQ/L5FQ03.swf,,,d3b81ec54e9d450bb2406bfd990e553d8add7c37f243fc8688e41d4fa3c5e7cd,DefineText,,,none; machine census only; no renderer export,machine-extracted-definition-candidate,owner-provided SWF,container=root; definitionDepth=0; tagOrdinal=627; payloadBytes=44; rawTagPayloadSha256=d3b81ec54e9d450bb2406bfd990e553d8add7c37f243fc8688e41d4fa3c5e7cd; exactTagIdentitySha256=9094704f748160ee81f0acb7460ba1cfc8e83941df5e67c29e94901e730d6f13; runtime reachability unresolved; placement and bounds unresolved; renderer suitability unresolved
swf-definition-00628,262,,sprite,source-assets/flash/HELP MATH_ORIGINAL FILES/HELP_COURSES/ELMGR5/L5/FQ/L5FQ03.swf,,,096d3852271159f32afd56112f23ec29976319aff53f834ae1b8c2c902a0eed9,DefineSprite,,,none; machine census only; no renderer export,machine-extracted-definition-candidate,owner-provided SWF,container=root; definitionDepth=0; tagOrdinal=628; payloadBytes=74; rawTagPayloadSha256=096d3852271159f32afd56112f23ec29976319aff53f834ae1b8c2c902a0eed9; exactTagIdentitySha256=f722e42dbfbd9a4718b5bd1cbeae281e18e5bc93d1fd29d8062341d18202cdc9; declaredFrameCount=1; runtime reachability unresolved; placement and bounds unresolved; renderer suitability unresolved
swf-definition-00635,263,,shape,source-assets/flash/HELP MATH_ORIGINAL FILES/HELP_COURSES/ELMGR5/L5/FQ/L5FQ03.swf,,,d07343de2b8d0af55bc9e25f18c3497f7aff22683e1ecc3591a3697a5ba5347f,DefineShape3,,,none; machine census only; no renderer export,machine-extracted-definition-candidate,owner-provided SWF,container=root; definitionDepth=0; tagOrdinal=635; payloadBytes=452; rawTagPayloadSha256=d07343de2b8d0af55bc9e25f18c3497f7aff22683e1ecc3591a3697a5ba5347f; exactTagIdentitySha256=2d777b38dd5c3a814996e55f8df2fd9c43ebf67b046bff2daff0ccba1b675d9e; runtime reachability unresolved; placement and bounds unresolved; renderer suitability unresolved
swf-definition-00636,264,,text,source-assets/flash/HELP MATH_ORIGINAL FILES/HELP_COURSES/ELMGR5/L5/FQ/L5FQ03.swf,,,cbbf40b5c3a8f0a44a1a55a6f3c6d102bb0d4fc846bd45344c1c157dbbd8570d,DefineText,,,none; machine census only; no renderer export,machine-extracted-definition-candidate,owner-provided SWF,container=root; definitionDepth=0; tagOrdinal=636; payloadBytes=44; rawTagPayloadSha256=cbbf40b5c3a8f0a44a1a55a6f3c6d102bb0d4fc846bd45344c1c157dbbd8570d; exactTagIdentitySha256=0a2738b0684b38493ba012cef167a446f2369184b2e83272b8614d667a639d86; runtime reachability unresolved; placement and bounds unresolved; renderer suitability unresolved
swf-definition-00637,265,,sprite,source-assets/flash/HELP MATH_ORIGINAL FILES/HELP_COURSES/ELMGR5/L5/FQ/L5FQ03.swf,,,dcf0118facf553556b634d3ce10e835dde996faac2da19da32f3dffd7bb51bc3,DefineSprite,,,none; machine census only; no renderer export,machine-extracted-definition-candidate,owner-provided SWF,container=root; definitionDepth=0; tagOrdinal=637; payloadBytes=74; rawTagPayloadSha256=dcf0118facf553556b634d3ce10e835dde996faac2da19da32f3dffd7bb51bc3; exactTagIdentitySha256=f6d35267a67e4a044ece8d8a28a33f0ac326763144fbad34bff3801b0db5b2da; declaredFrameCount=1; runtime reachability unresolved; placement and bounds unresolved; renderer suitability unresolved
swf-definition-00644,266,,shape,source-assets/flash/HELP MATH_ORIGINAL FILES/HELP_COURSES/ELMGR5/L5/FQ/L5FQ03.swf,,,528b0b40fb867ab2e1291b75cbfdd70d8d9719be10ace0d2bec54c70d5297c30,DefineShape3,,,none; machine census only; no renderer export,machine-extracted-definition-candidate,owner-provided SWF,container=root; definitionDepth=0; tagOrdinal=644; payloadBytes=452; rawTagPayloadSha256=528b0b40fb867ab2e1291b75cbfdd70d8d9719be10ace0d2bec54c70d5297c30; exactTagIdentitySha256=0fb7ab9db942831f9970ef8bb271a2e5a87162cf7ac1c146f3f953e6b4fbcbcb; runtime reachability unresolved; placement and bounds unresolved; renderer suitability unresolved
swf-definition-00645,267,,text,source-assets/flash/HELP MATH_ORIGINAL FILES/HELP_COURSES/ELMGR5/L5/FQ/L5FQ03.swf,,,afd2cedeb256c810edb7b1d24e3336bf8f1b4a9ae8858787ac0ac50bf5188108,DefineText,,,none; machine census only; no renderer export,machine-extracted-definition-candidate,owner-provided SWF,container=root; definitionDepth=0; tagOrdinal=645; payloadBytes=42; rawTagPayloadSha256=afd2cedeb256c810edb7b1d24e3336bf8f1b4a9ae8858787ac0ac50bf5188108; exactTagIdentitySha256=46d23c03cfe2346865fca580cc60b9c3cb01dbe51445142dec041791b77c2148; runtime reachability unresolved; placement and bounds unresolved; renderer suitability unresolved
swf-definition-00646,268,,sprite,source-assets/flash/HELP MATH_ORIGINAL FILES/HELP_COURSES/ELMGR5/L5/FQ/L5FQ03.swf,,,9b30e8eb2d08df32754601d6518870e6256df1d869f4aff92932d6dc2296366f,DefineSprite,,,none; machine census only; no renderer export,machine-extracted-definition-candidate,owner-provided SWF,container=root; definitionDepth=0; tagOrdinal=646; payloadBytes=74; rawTagPayloadSha256=9b30e8eb2d08df32754601d6518870e6256df1d869f4aff92932d6dc2296366f; exactTagIdentitySha256=d76d81466c65b60dbb3334d4c31a5d3516c6c0b66d15bb3d8c36c4a5164f7b8c; declaredFrameCount=1; runtime reachability unresolved; placement and bounds unresolved; renderer suitability unresolved
swf-definition-00653,269,,shape,source-assets/flash/HELP MATH_ORIGINAL FILES/HELP_COURSES/ELMGR5/L5/FQ/L5FQ03.swf,,,347144bd57e589b4dbf1d66e9dc6450c1fcf3ef8fa332c74d83a03a90ac44235,DefineShape3,,,none; machine census only; no renderer export,machine-extracted-definition-candidate,owner-provided SWF,container=root; definitionDepth=0; tagOrdinal=653; payloadBytes=452; rawTagPayloadSha256=347144bd57e589b4dbf1d66e9dc6450c1fcf3ef8fa332c74d83a03a90ac44235; exactTagIdentitySha256=a13fe080d0bca0584cae597b83007f73f6befcab3b6baebb1e2dd0d91b26e924; runtime reachability unresolved; placement and bounds unresolved; renderer suitability unresolved
swf-definition-00654,270,,text,source-assets/flash/HELP MATH_ORIGINAL FILES/HELP_COURSES/ELMGR5/L5/FQ/L5FQ03.swf,,,45b76360dce74983d7209d76f57af4702fa2a876c910d18d29382d541c87ef6a,DefineText,,,none; machine census only; no renderer export,machine-extracted-definition-candidate,owner-provided SWF,container=root; definitionDepth=0; tagOrdinal=654; payloadBytes=44; rawTagPayloadSha256=45b76360dce74983d7209d76f57af4702fa2a876c910d18d29382d541c87ef6a; exactTagIdentitySha256=fa57ee0f64049a2818855306aa086364beeaf8ab4b2bdc4bcc9c21401c125f96; runtime reachability unresolved; placement and bounds unresolved; renderer suitability unresolved
swf-definition-00655,271,,sprite,source-assets/flash/HELP MATH_ORIGINAL FILES/HELP_COURSES/ELMGR5/L5/FQ/L5FQ03.swf,,,643166110ee9ea3fa8e2cdd09f77002a3fc9add490a290c48eedc04e40dee8b2,DefineSprite,,,none; machine census only; no renderer export,machine-extracted-definition-candidate,owner-provided SWF,container=root; definitionDepth=0; tagOrdinal=655; payloadBytes=74; rawTagPayloadSha256=643166110ee9ea3fa8e2cdd09f77002a3fc9add490a290c48eedc04e40dee8b2; exactTagIdentitySha256=5a82685485ce4d73a93416eaf9f44804cb5a96885e0dd7da59aba0c1a8789269; declaredFrameCount=1; runtime reachability unresolved; placement and bounds unresolved; renderer suitability unresolved
swf-definition-00662,272,,text,source-assets/flash/HELP MATH_ORIGINAL FILES/HELP_COURSES/ELMGR5/L5/FQ/L5FQ03.swf,,,810ce7ab691637999412ed2c03808982318b19d78a6f3097a3d3c60ea418cbf7,DefineEditText,,,none; machine census only; no renderer export,machine-extracted-definition-candidate,owner-provided SWF,container=root; definitionDepth=0; tagOrdinal=662; payloadBytes=36; rawTagPayloadSha256=810ce7ab691637999412ed2c03808982318b19d78a6f3097a3d3c60ea418cbf7; exactTagIdentitySha256=ac9479ef4c220c984a2835e13709f9f29063806420990034be4cd63452df7103; runtime reachability unresolved; placement and bounds unresolved; renderer suitability unresolved
swf-definition-00663,273,,text,source-assets/flash/HELP MATH_ORIGINAL FILES/HELP_COURSES/ELMGR5/L5/FQ/L5FQ03.swf,,,0b4ca86e6e62c473435da7c2d6c725a4f2a87546dc1f26bb31820cfcc5ce573a,DefineEditText,,,none; machine census only; no renderer export,machine-extracted-definition-candidate,owner-provided SWF,container=root; definitionDepth=0; tagOrdinal=663; payloadBytes=32; rawTagPayloadSha256=0b4ca86e6e62c473435da7c2d6c725a4f2a87546dc1f26bb31820cfcc5ce573a; exactTagIdentitySha256=3f3a01d988f51aef3298b8af834aab180a93d704f1ba32680e4d0a29d027fd37; runtime reachability unresolved; placement and bounds unresolved; renderer suitability unresolved
swf-definition-00664,274,,text,source-assets/flash/HELP MATH_ORIGINAL FILES/HELP_COURSES/ELMGR5/L5/FQ/L5FQ03.swf,,,4e1dfcff5bed47a31c2ffa83582edc6b2a3a776b8bb16ee8e435e09d75957bbd,DefineText,,,none; machine census only; no renderer export,machine-extracted-definition-candidate,owner-provided SWF,container=root; definitionDepth=0; tagOrdinal=664; payloadBytes=250; rawTagPayloadSha256=4e1dfcff5bed47a31c2ffa83582edc6b2a3a776b8bb16ee8e435e09d75957bbd; exactTagIdentitySha256=b80a83a3a55682e9085df55f390579e91b1ccee94fa8f79409b29e111ccc7c5b; runtime reachability unresolved; placement and bounds unresolved; renderer suitability unresolved
swf-definition-00665,275,,shape,source-assets/flash/HELP MATH_ORIGINAL FILES/HELP_COURSES/ELMGR5/L5/FQ/L5FQ03.swf,,,261edebfc99314cd8c8f40526112fb62c93f9029c23db93af738f0829fce5846,DefineShape3,,,none; machine census only; no renderer export,machine-extracted-definition-candidate,owner-provided SWF,container=root; definitionDepth=0; tagOrdinal=665; payloadBytes=572; rawTagPayloadSha256=261edebfc99314cd8c8f40526112fb62c93f9029c23db93af738f0829fce5846; exactTagIdentitySha256=27de3372feedbeed1242ca5c8c7e866976357d4c2d2290a15e2f5013b07fecdd; runtime reachability unresolved; placement and bounds unresolved; renderer suitability unresolved
swf-definition-00666,276,,shape,source-assets/flash/HELP MATH_ORIGINAL FILES/HELP_COURSES/ELMGR5/L5/FQ/L5FQ03.swf,,,4e91c025682e7130474b1e23f21d668a883e938e30e886f0dec54718164e52e2,DefineShape3,,,none; machine census only; no renderer export,machine-extracted-definition-candidate,owner-provided SWF,container=root; definitionDepth=0; tagOrdinal=666; payloadBytes=4326; rawTagPayloadSha256=4e91c025682e7130474b1e23f21d668a883e938e30e886f0dec54718164e52e2; exactTagIdentitySha256=124180c8c70ed270d218b5ce7e5ee1a4f8451b3c088e662a23f62290806f109c; runtime reachability unresolved; placement and bounds unresolved; renderer suitability unresolved
swf-definition-00667,277,,shape,source-assets/flash/HELP MATH_ORIGINAL FILES/HELP_COURSES/ELMGR5/L5/FQ/L5FQ03.swf,,,ba97e80f414d422315f6eaac5f62dbe394eaf3237035c957c8436681718ef3ce,DefineShape3,,,none; machine census only; no renderer export,machine-extracted-definition-candidate,owner-provided SWF,container=root; definitionDepth=0; tagOrdinal=667; payloadBytes=452; rawTagPayloadSha256=ba97e80f414d422315f6eaac5f62dbe394eaf3237035c957c8436681718ef3ce; exactTagIdentitySha256=302b6cfa42fb338de3ed7ee6df37dde947d00fb6face6603dd9956fe7cbe34df; runtime reachability unresolved; placement and bounds unresolved; renderer suitability unresolved
swf-definition-00668,278,,sprite,source-assets/flash/HELP MATH_ORIGINAL FILES/HELP_COURSES/ELMGR5/L5/FQ/L5FQ03.swf,,,f8646ef60c785db8943b0a28b82fdb3782da0045c765b680b2d2b21d96705e7f,DefineSprite,,,none; machine census only; no renderer export,machine-extracted-definition-candidate,owner-provided SWF,container=root; definitionDepth=0; tagOrdinal=668; payloadBytes=74; rawTagPayloadSha256=f8646ef60c785db8943b0a28b82fdb3782da0045c765b680b2d2b21d96705e7f; exactTagIdentitySha256=304ed896a2cf212af3c2f0be5694bbdb22364f838a427c3f7516f01bc9944dbf; declaredFrameCount=1; runtime reachability unresolved; placement and bounds unresolved; renderer suitability unresolved
swf-definition-00675,279,,shape,source-assets/flash/HELP MATH_ORIGINAL FILES/HELP_COURSES/ELMGR5/L5/FQ/L5FQ03.swf,,,e45436ea090081dc875aed8a9e65ad97738bdc77471f94c18d7fda6f88f594df,DefineShape3,,,none; machine census only; no renderer export,machine-extracted-definition-candidate,owner-provided SWF,container=root; definitionDepth=0; tagOrdinal=675; payloadBytes=452; rawTagPayloadSha256=e45436ea090081dc875aed8a9e65ad97738bdc77471f94c18d7fda6f88f594df; exactTagIdentitySha256=6305e75ba84be68b43915b3890c60b3138bc5e9e94e73029e3ec1a177342caf9; runtime reachability unresolved; placement and bounds unresolved; renderer suitability unresolved
swf-definition-00676,280,,sprite,source-assets/flash/HELP MATH_ORIGINAL FILES/HELP_COURSES/ELMGR5/L5/FQ/L5FQ03.swf,,,6b7dbee019124c39efde3f7614547db38793194a9b77a67731efc93a92134ddc,DefineSprite,,,none; machine census only; no renderer export,machine-extracted-definition-candidate,owner-provided SWF,container=root; definitionDepth=0; tagOrdinal=676; payloadBytes=75; rawTagPayloadSha256=6b7dbee019124c39efde3f7614547db38793194a9b77a67731efc93a92134ddc; exactTagIdentitySha256=b02b4783c75e6586155d4810031d880c1d498e3bfd3b582a2dea93afecd9b8d3; declaredFrameCount=1; runtime reachability unresolved; placement and bounds unresolved; renderer suitability unresolved
swf-definition-00683,281,,shape,source-assets/flash/HELP MATH_ORIGINAL FILES/HELP_COURSES/ELMGR5/L5/FQ/L5FQ03.swf,,,3838dac83e8903e02acee1de11c4275d2fdec6a1b47420ec166365cdd0f5e42f,DefineShape3,,,none; machine census only; no renderer export,machine-extracted-definition-candidate,owner-provided SWF,container=root; definitionDepth=0; tagOrdinal=683; payloadBytes=452; rawTagPayloadSha256=3838dac83e8903e02acee1de11c4275d2fdec6a1b47420ec166365cdd0f5e42f; exactTagIdentitySha256=765eee5f66e5b5259e54227d0ac563ef5af4c746daa674f0ec4d52adc5c241d1; runtime reachability unresolved; placement and bounds unresolved; renderer suitability unresolved
swf-definition-00684,282,,sprite,source-assets/flash/HELP MATH_ORIGINAL FILES/HELP_COURSES/ELMGR5/L5/FQ/L5FQ03.swf,,,4f95c3bad3f236e63a92fe7ba544cd6274bd4236250657b92cfd7b1b3857b6a0,DefineSprite,,,none; machine census only; no renderer export,machine-extracted-definition-candidate,owner-provided SWF,container=root; definitionDepth=0; tagOrdinal=684; payloadBytes=74; rawTagPayloadSha256=4f95c3bad3f236e63a92fe7ba544cd6274bd4236250657b92cfd7b1b3857b6a0; exactTagIdentitySha256=a77d446336b922f36948aaea93c631a2f1946c288354ce65a6a967cb8a4bda22; declaredFrameCount=1; runtime reachability unresolved; placement and bounds unresolved; renderer suitability unresolved
swf-definition-00691,283,,shape,source-assets/flash/HELP MATH_ORIGINAL FILES/HELP_COURSES/ELMGR5/L5/FQ/L5FQ03.swf,,,aa750093eded7d19616a030eff987d0d55e1bece70f71fc2af888c07c58d019a,DefineShape3,,,none; machine census only; no renderer export,machine-extracted-definition-candidate,owner-provided SWF,container=root; definitionDepth=0; tagOrdinal=691; payloadBytes=452; rawTagPayloadSha256=aa750093eded7d19616a030eff987d0d55e1bece70f71fc2af888c07c58d019a; exactTagIdentitySha256=1c2bdb0dab1a2db5c77e51c38b1fa3d791a94880948ebde6cec111e7eba12529; runtime reachability unresolved; placement and bounds unresolved; renderer suitability unresolved
swf-definition-00692,284,,text,source-assets/flash/HELP MATH_ORIGINAL FILES/HELP_COURSES/ELMGR5/L5/FQ/L5FQ03.swf,,,1faec0483b055f66b82186d618695c601d5b24571b4e0adf7fe5a22bbb297502,DefineText,,,none; machine census only; no renderer export,machine-extracted-definition-candidate,owner-provided SWF,container=root; definitionDepth=0; tagOrdinal=692; payloadBytes=46; rawTagPayloadSha256=1faec0483b055f66b82186d618695c601d5b24571b4e0adf7fe5a22bbb297502; exactTagIdentitySha256=ca4f8ce45b09cad0905cee7401c21bd98889d3db2932b82a499f16291a68e8f8; runtime reachability unresolved; placement and bounds unresolved; renderer suitability unresolved
swf-definition-00693,285,,sprite,source-assets/flash/HELP MATH_ORIGINAL FILES/HELP_COURSES/ELMGR5/L5/FQ/L5FQ03.swf,,,a71780a0dc4429bb8bf6bdfcc0c39c9ccfb13eb30df653478851fe4cd4c0c7f3,DefineSprite,,,none; machine census only; no renderer export,machine-extracted-definition-candidate,owner-provided SWF,container=root; definitionDepth=0; tagOrdinal=693; payloadBytes=74; rawTagPayloadSha256=a71780a0dc4429bb8bf6bdfcc0c39c9ccfb13eb30df653478851fe4cd4c0c7f3; exactTagIdentitySha256=a6379957932200dd504689df29586e721d00117c9eddc4d4cfcc18decbf38f81; declaredFrameCount=1; runtime reachability unresolved; placement and bounds unresolved; renderer suitability unresolved
swf-definition-00700,286,,text,source-assets/flash/HELP MATH_ORIGINAL FILES/HELP_COURSES/ELMGR5/L5/FQ/L5FQ03.swf,,,911a305a13a035c26a048f80581800768a71eec23889783b835811fbaea9eaa0,DefineEditText,,,none; machine census only; no renderer export,machine-extracted-definition-candidate,owner-provided SWF,container=root; definitionDepth=0; tagOrdinal=700; payloadBytes=36; rawTagPayloadSha256=911a305a13a035c26a048f80581800768a71eec23889783b835811fbaea9eaa0; exactTagIdentitySha256=09d64978f9827a2bad4ca95b7c1a95b4069b93e9497a58b713fa355b9c684bd7; runtime reachability unresolved; placement and bounds unresolved; renderer suitability unresolved
swf-definition-00701,287,,text,source-assets/flash/HELP MATH_ORIGINAL FILES/HELP_COURSES/ELMGR5/L5/FQ/L5FQ03.swf,,,24f8c51131f412f7a6ffbadc6f5a92fa9be08cd61f07282cdcb0ec7534240bcb,DefineEditText,,,none; machine census only; no renderer export,machine-extracted-definition-candidate,owner-provided SWF,container=root; definitionDepth=0; tagOrdinal=701; payloadBytes=32; rawTagPayloadSha256=24f8c51131f412f7a6ffbadc6f5a92fa9be08cd61f07282cdcb0ec7534240bcb; exactTagIdentitySha256=3c5331cc74007e5f5b12af309b20b07254f6036ac54dac7baa31c5872f0f28a0; runtime reachability unresolved; placement and bounds unresolved; renderer suitability unresolved
swf-definition-00702,288,,text,source-assets/flash/HELP MATH_ORIGINAL FILES/HELP_COURSES/ELMGR5/L5/FQ/L5FQ03.swf,,,20692bbbb2551624c79add8d999aca69615b99350216834d5a4a216d0e749157,DefineText,,,none; machine census only; no renderer export,machine-extracted-definition-candidate,owner-provided SWF,container=root; definitionDepth=0; tagOrdinal=702; payloadBytes=370; rawTagPayloadSha256=20692bbbb2551624c79add8d999aca69615b99350216834d5a4a216d0e749157; exactTagIdentitySha256=819da041dfde510348e7f501ec7c5b3346c39be8fc9efb8cbda27276769e2abf; runtime reachability unresolved; placement and bounds unresolved; renderer suitability unresolved
swf-definition-00703,289,,text,source-assets/flash/HELP MATH_ORIGINAL FILES/HELP_COURSES/ELMGR5/L5/FQ/L5FQ03.swf,,,38a4fb3059c438a01fccdb095162eaaca3f2b830ded6fca3df7672bec5bb68d4,DefineText,,,none; machine census only; no renderer export,machine-extracted-definition-candidate,owner-provided SWF,container=root; definitionDepth=0; tagOrdinal=703; payloadBytes=73; rawTagPayloadSha256=38a4fb3059c438a01fccdb095162eaaca3f2b830ded6fca3df7672bec5bb68d4; exactTagIdentitySha256=f5f911444db1d59301d689349c6a4e0d4ce817370bb3b98f50ef385cedbd5e19; runtime reachability unresolved; placement and bounds unresolved; renderer suitability unresolved
swf-definition-00704,290,,sprite,source-assets/flash/HELP MATH_ORIGINAL FILES/HELP_COURSES/ELMGR5/L5/FQ/L5FQ03.swf,,,fab1705abad6cfdef4d25737e9923b175d18f227e3112c8d2e1bd48bc96cd358,DefineSprite,,,none; machine census only; no renderer export,machine-extracted-definition-candidate,owner-provided SWF,container=root; definitionDepth=0; tagOrdinal=704; payloadBytes=74; rawTagPayloadSha256=fab1705abad6cfdef4d25737e9923b175d18f227e3112c8d2e1bd48bc96cd358; exactTagIdentitySha256=581f6cbb4ce1d8b4a60609846395810e9965e226e08bb6ba9a9ee9e3a8a794b3; declaredFrameCount=1; runtime reachability unresolved; placement and bounds unresolved; renderer suitability unresolved
swf-definition-00711,291,,text,source-assets/flash/HELP MATH_ORIGINAL FILES/HELP_COURSES/ELMGR5/L5/FQ/L5FQ03.swf,,,0eed3dabd2bdd672c81325e299ef401c8cf069ecd0b5e01dcf60b95ba8dc2153,DefineText,,,none; machine census only; no renderer export,machine-extracted-definition-candidate,owner-provided SWF,container=root; definitionDepth=0; tagOrdinal=711; payloadBytes=73; rawTagPayloadSha256=0eed3dabd2bdd672c81325e299ef401c8cf069ecd0b5e01dcf60b95ba8dc2153; exactTagIdentitySha256=60ac3210da31d23169fe65954fd819adc61fdbd64c4a1cbfe3a77ffd2d06dc93; runtime reachability unresolved; placement and bounds unresolved; renderer suitability unresolved
swf-definition-00712,292,,sprite,source-assets/flash/HELP MATH_ORIGINAL FILES/HELP_COURSES/ELMGR5/L5/FQ/L5FQ03.swf,,,fef5d23e870d153e852fa9fe7375b698c2ca2315692e496e84dc75f0557a4794,DefineSprite,,,none; machine census only; no renderer export,machine-extracted-definition-candidate,owner-provided SWF,container=root; definitionDepth=0; tagOrdinal=712; payloadBytes=74; rawTagPayloadSha256=fef5d23e870d153e852fa9fe7375b698c2ca2315692e496e84dc75f0557a4794; exactTagIdentitySha256=5fcc60ed54f9ea061a8efb540ab291149943474cbe7250eb0e7cc6d092e21de6; declaredFrameCount=1; runtime reachability unresolved; placement and bounds unresolved; renderer suitability unresolved
swf-definition-00719,293,,text,source-assets/flash/HELP MATH_ORIGINAL FILES/HELP_COURSES/ELMGR5/L5/FQ/L5FQ03.swf,,,6994db49ba4677a4de5058e6f65c51c1611c7eaad4937e8fcbc6a95c388efd5a,DefineText,,,none; machine census only; no renderer export,machine-extracted-definition-candidate,owner-provided SWF,container=root; definitionDepth=0; tagOrdinal=719; payloadBytes=71; rawTagPayloadSha256=6994db49ba4677a4de5058e6f65c51c1611c7eaad4937e8fcbc6a95c388efd5a; exactTagIdentitySha256=ba81de455836a47d0ba4df8b6a896bc80b3d16e59393b4d4a0d0d1f77b082a60; runtime reachability unresolved; placement and bounds unresolved; renderer suitability unresolved
swf-definition-00720,294,,sprite,source-assets/flash/HELP MATH_ORIGINAL FILES/HELP_COURSES/ELMGR5/L5/FQ/L5FQ03.swf,,,e3385910bcb33744b308d68dced5382e526938d8336cb791fbc78d231df75ec9,DefineSprite,,,none; machine census only; no renderer export,machine-extracted-definition-candidate,owner-provided SWF,container=root; definitionDepth=0; tagOrdinal=720; payloadBytes=74; rawTagPayloadSha256=e3385910bcb33744b308d68dced5382e526938d8336cb791fbc78d231df75ec9; exactTagIdentitySha256=26f5255a795bae7b2ffc02c5a0e00d190e2553669c6c4e9fa574845b1b65ee45; declaredFrameCount=1; runtime reachability unresolved; placement and bounds unresolved; renderer suitability unresolved
swf-definition-00727,295,,shape,source-assets/flash/HELP MATH_ORIGINAL FILES/HELP_COURSES/ELMGR5/L5/FQ/L5FQ03.swf,,,d3e9ffca2a0fc4d9be3aad9b61e1152573685011b78bc05e917fa2d4aa887f13,DefineShape3,,,none; machine census only; no renderer export,machine-extracted-definition-candidate,owner-provided SWF,container=root; definitionDepth=0; tagOrdinal=727; payloadBytes=452; rawTagPayloadSha256=d3e9ffca2a0fc4d9be3aad9b61e1152573685011b78bc05e917fa2d4aa887f13; exactTagIdentitySha256=9b5333e3386ff7c659504da52479486fac4e6b8b8efaf1e9d47f2a7808a16287; runtime reachability unresolved; placement and bounds unresolved; renderer suitability unresolved
swf-definition-00728,296,,text,source-assets/flash/HELP MATH_ORIGINAL FILES/HELP_COURSES/ELMGR5/L5/FQ/L5FQ03.swf,,,adcb575ed662995a680f1aaa64708ab6c04893dbcef0111a2aa07e4da4077616,DefineText,,,none; machine census only; no renderer export,machine-extracted-definition-candidate,owner-provided SWF,container=root; definitionDepth=0; tagOrdinal=728; payloadBytes=71; rawTagPayloadSha256=adcb575ed662995a680f1aaa64708ab6c04893dbcef0111a2aa07e4da4077616; exactTagIdentitySha256=ec59ff064e7b6ee2b45f4bc1fa3277432fd77dbb07560f00b47ae595903db26a; runtime reachability unresolved; placement and bounds unresolved; renderer suitability unresolved
swf-definition-00729,297,,sprite,source-assets/flash/HELP MATH_ORIGINAL FILES/HELP_COURSES/ELMGR5/L5/FQ/L5FQ03.swf,,,62b322e16258c51f07307f09e9be5bac935776c5a7888d60df931a15437b65e3,DefineSprite,,,none; machine census only; no renderer export,machine-extracted-definition-candidate,owner-provided SWF,container=root; definitionDepth=0; tagOrdinal=729; payloadBytes=74; rawTagPayloadSha256=62b322e16258c51f07307f09e9be5bac935776c5a7888d60df931a15437b65e3; exactTagIdentitySha256=7a74086e2d0dc5ad3368531022f8841d799bad81b4176348b722565fb857d65b; declaredFrameCount=1; runtime reachability unresolved; placement and bounds unresolved; renderer suitability unresolved
swf-definition-00736,298,,text,source-assets/flash/HELP MATH_ORIGINAL FILES/HELP_COURSES/ELMGR5/L5/FQ/L5FQ03.swf,,,5ac57616492bde805e6470ce72910b2be125ea8ec66ca93ae9c704d108c033b3,DefineEditText,,,none; machine census only; no renderer export,machine-extracted-definition-candidate,owner-provided SWF,container=root; definitionDepth=0; tagOrdinal=736; payloadBytes=36; rawTagPayloadSha256=5ac57616492bde805e6470ce72910b2be125ea8ec66ca93ae9c704d108c033b3; exactTagIdentitySha256=a49069c6aad40c165957c833582b8c0e76497ad4be71010a927ab75261128576; runtime reachability unresolved; placement and bounds unresolved; renderer suitability unresolved
swf-definition-00737,299,,text,source-assets/flash/HELP MATH_ORIGINAL FILES/HELP_COURSES/ELMGR5/L5/FQ/L5FQ03.swf,,,5e7051f1662bc0716a310aa53f13c83bd9a119cc19c07e8b7d4ea4249805bbd9,DefineEditText,,,none; machine census only; no renderer export,machine-extracted-definition-candidate,owner-provided SWF,container=root; definitionDepth=0; tagOrdinal=737; payloadBytes=32; rawTagPayloadSha256=5e7051f1662bc0716a310aa53f13c83bd9a119cc19c07e8b7d4ea4249805bbd9; exactTagIdentitySha256=e4a6c1d71076bd50cfa1cb34a023c7fee088d9dbf9387549bfdedb5f6f8b8892; runtime reachability unresolved; placement and bounds unresolved; renderer suitability unresolved
swf-definition-00738,300,,text,source-assets/flash/HELP MATH_ORIGINAL FILES/HELP_COURSES/ELMGR5/L5/FQ/L5FQ03.swf,,,d94c22aa606ad343d0ed5809ffac6a918fdfe7f13e19b7e52ec9af340bce8970,DefineText,,,none; machine census only; no renderer export,machine-extracted-definition-candidate,owner-provided SWF,container=root; definitionDepth=0; tagOrdinal=738; payloadBytes=371; rawTagPayloadSha256=d94c22aa606ad343d0ed5809ffac6a918fdfe7f13e19b7e52ec9af340bce8970; exactTagIdentitySha256=27f703b56cdff213b1b27f89a849b5de7326f80ebd48f36ce14f9c3697e917e4; runtime reachability unresolved; placement and bounds unresolved; renderer suitability unresolved
swf-definition-00739,301,,text,source-assets/flash/HELP MATH_ORIGINAL FILES/HELP_COURSES/ELMGR5/L5/FQ/L5FQ03.swf,,,30cecf430e7a2bee1d1eec90993ac0d3bdc4f4768c4ab3a7bae452f56ed5d100,DefineText,,,none; machine census only; no renderer export,machine-extracted-definition-candidate,owner-provided SWF,container=root; definitionDepth=0; tagOrdinal=739; payloadBytes=71; rawTagPayloadSha256=30cecf430e7a2bee1d1eec90993ac0d3bdc4f4768c4ab3a7bae452f56ed5d100; exactTagIdentitySha256=4a809c044eb2c99521cedd9ce316784bfbb116638b83505f3368a8be18f25aeb; runtime reachability unresolved; placement and bounds unresolved; renderer suitability unresolved
swf-definition-00740,302,,sprite,source-assets/flash/HELP MATH_ORIGINAL FILES/HELP_COURSES/ELMGR5/L5/FQ/L5FQ03.swf,,,a3e9b28b6977cb0019615ecd16cf2444349e6653f31d18742d525393420dc125,DefineSprite,,,none; machine census only; no renderer export,machine-extracted-definition-candidate,owner-provided SWF,container=root; definitionDepth=0; tagOrdinal=740; payloadBytes=74; rawTagPayloadSha256=a3e9b28b6977cb0019615ecd16cf2444349e6653f31d18742d525393420dc125; exactTagIdentitySha256=7f36d883008dad5bce20d24731dd610c2523b8a362784f90c63c39883b3ccb83; declaredFrameCount=1; runtime reachability unresolved; placement and bounds unresolved; renderer suitability unresolved
swf-definition-00747,303,,text,source-assets/flash/HELP MATH_ORIGINAL FILES/HELP_COURSES/ELMGR5/L5/FQ/L5FQ03.swf,,,94127286adca3deec56e1e23b868a02cd3a36dcc75470c276b20181684226b55,DefineText,,,none; machine census only; no renderer export,machine-extracted-definition-candidate,owner-provided SWF,container=root; definitionDepth=0; tagOrdinal=747; payloadBytes=71; rawTagPayloadSha256=94127286adca3deec56e1e23b868a02cd3a36dcc75470c276b20181684226b55; exactTagIdentitySha256=6eb0bd0259a04ea432130d035e2fda537a0445da7dfc608927c81ba53c043902; runtime reachability unresolved; placement and bounds unresolved; renderer suitability unresolved
swf-definition-00748,304,,sprite,source-assets/flash/HELP MATH_ORIGINAL FILES/HELP_COURSES/ELMGR5/L5/FQ/L5FQ03.swf,,,3500c413f854f5d662df7e4973ac7a7b5218080f91f6f065d16ff2b12102e47a,DefineSprite,,,none; machine census only; no renderer export,machine-extracted-definition-candidate,owner-provided SWF,container=root; definitionDepth=0; tagOrdinal=748; payloadBytes=74; rawTagPayloadSha256=3500c413f854f5d662df7e4973ac7a7b5218080f91f6f065d16ff2b12102e47a; exactTagIdentitySha256=f3114e0efc2d2c5fb914f250fd7337878dd36ff6bf02d52869270e32f64af0a2; declaredFrameCount=1; runtime reachability unresolved; placement and bounds unresolved; renderer suitability unresolved
swf-definition-00755,305,,text,source-assets/flash/HELP MATH_ORIGINAL FILES/HELP_COURSES/ELMGR5/L5/FQ/L5FQ03.swf,,,4a85ee56c61f1464b8e6080d9aca11c5908f42767d8d80e27339d386bc0cbd8d,DefineText,,,none; machine census only; no renderer export,machine-extracted-definition-candidate,owner-provided SWF,container=root; definitionDepth=0; tagOrdinal=755; payloadBytes=71; rawTagPayloadSha256=4a85ee56c61f1464b8e6080d9aca11c5908f42767d8d80e27339d386bc0cbd8d; exactTagIdentitySha256=df26a63d5baa8a21b732f110270e53ed875dcdf9e894c4e920a963d648e9e8ce; runtime reachability unresolved; placement and bounds unresolved; renderer suitability unresolved
swf-definition-00756,306,,sprite,source-assets/flash/HELP MATH_ORIGINAL FILES/HELP_COURSES/ELMGR5/L5/FQ/L5FQ03.swf,,,b116b7d88d87058120c680e5229b9b0eee955449ee84eabc398ebe68b341da0f,DefineSprite,,,none; machine census only; no renderer export,machine-extracted-definition-candidate,owner-provided SWF,container=root; definitionDepth=0; tagOrdinal=756; payloadBytes=74; rawTagPayloadSha256=b116b7d88d87058120c680e5229b9b0eee955449ee84eabc398ebe68b341da0f; exactTagIdentitySha256=446f9ff84eedcbcc26170af99a6a9ebca60af1cc928e7f5db12a88818daeb6a9; declaredFrameCount=1; runtime reachability unresolved; placement and bounds unresolved; renderer suitability unresolved
swf-definition-00763,307,,shape,source-assets/flash/HELP MATH_ORIGINAL FILES/HELP_COURSES/ELMGR5/L5/FQ/L5FQ03.swf,,,3a27dd78d1291252db0025badddcbb3b3881b96d3da2f92c80355287e9d59d27,DefineShape3,,,none; machine census only; no renderer export,machine-extracted-definition-candidate,owner-provided SWF,container=root; definitionDepth=0; tagOrdinal=763; payloadBytes=452; rawTagPayloadSha256=3a27dd78d1291252db0025badddcbb3b3881b96d3da2f92c80355287e9d59d27; exactTagIdentitySha256=6c3d93ec86781f077b06741e01c0d7070406eb3938e77c5c186d0df50275cac6; runtime reachability unresolved; placement and bounds unresolved; renderer suitability unresolved
swf-definition-00764,308,,text,source-assets/flash/HELP MATH_ORIGINAL FILES/HELP_COURSES/ELMGR5/L5/FQ/L5FQ03.swf,,,b8b82f664122fe9092e444f447f0a28dca0e677dbece7837c66d27e5283fb164,DefineText,,,none; machine census only; no renderer export,machine-extracted-definition-candidate,owner-provided SWF,container=root; definitionDepth=0; tagOrdinal=764; payloadBytes=71; rawTagPayloadSha256=b8b82f664122fe9092e444f447f0a28dca0e677dbece7837c66d27e5283fb164; exactTagIdentitySha256=bbb9db4e43dda7aa39fd046a08a867235f4ea07328201fe1d486d710baae586d; runtime reachability unresolved; placement and bounds unresolved; renderer suitability unresolved
swf-definition-00765,309,,sprite,source-assets/flash/HELP MATH_ORIGINAL FILES/HELP_COURSES/ELMGR5/L5/FQ/L5FQ03.swf,,,fbb79f0e96da017de614e64116246eb056040317bbbc51f0d8bb93adf03fd112,DefineSprite,,,none; machine census only; no renderer export,machine-extracted-definition-candidate,owner-provided SWF,container=root; definitionDepth=0; tagOrdinal=765; payloadBytes=74; rawTagPayloadSha256=fbb79f0e96da017de614e64116246eb056040317bbbc51f0d8bb93adf03fd112; exactTagIdentitySha256=6f1155c0f4b4d95efcefb1bd332d664369306c8f1040128babf19d6ee14c8470; declaredFrameCount=1; runtime reachability unresolved; placement and bounds unresolved; renderer suitability unresolved
swf-definition-00772,310,,text,source-assets/flash/HELP MATH_ORIGINAL FILES/HELP_COURSES/ELMGR5/L5/FQ/L5FQ03.swf,,,48ea399b18f5a3f7c9ddf85b379df367f6f8fc42de6e5943c5c2beb1b523398b,DefineEditText,,,none; machine census only; no renderer export,machine-extracted-definition-candidate,owner-provided SWF,container=root; definitionDepth=0; tagOrdinal=772; payloadBytes=36; rawTagPayloadSha256=48ea399b18f5a3f7c9ddf85b379df367f6f8fc42de6e5943c5c2beb1b523398b; exactTagIdentitySha256=79c026bb01bdd0ab4eea59cbd9eaf2281893f80946d278bac6a4492b72585bcb; runtime reachability unresolved; placement and bounds unresolved; renderer suitability unresolved
swf-definition-00773,311,,text,source-assets/flash/HELP MATH_ORIGINAL FILES/HELP_COURSES/ELMGR5/L5/FQ/L5FQ03.swf,,,af935dc1f2fa45b289f9ed1081855876fc3a3b64bd1dcfad32ecbf79165e6f98,DefineEditText,,,none; machine census only; no renderer export,machine-extracted-definition-candidate,owner-provided SWF,container=root; definitionDepth=0; tagOrdinal=773; payloadBytes=32; rawTagPayloadSha256=af935dc1f2fa45b289f9ed1081855876fc3a3b64bd1dcfad32ecbf79165e6f98; exactTagIdentitySha256=012b34f5fd0573e13b120927c58d49540fb5cdd058c4e7a6ee32a0faf488b53a; runtime reachability unresolved; placement and bounds unresolved; renderer suitability unresolved
swf-definition-00774,312,,text,source-assets/flash/HELP MATH_ORIGINAL FILES/HELP_COURSES/ELMGR5/L5/FQ/L5FQ03.swf,,,6f926cc4596928923b10f22b5eecca4e925fa99ebbbb1783343633dbca8d0176,DefineText,,,none; machine census only; no renderer export,machine-extracted-definition-candidate,owner-provided SWF,container=root; definitionDepth=0; tagOrdinal=774; payloadBytes=383; rawTagPayloadSha256=6f926cc4596928923b10f22b5eecca4e925fa99ebbbb1783343633dbca8d0176; exactTagIdentitySha256=7fca26307ffab1f9243ce86505a37f977d4bc66175ce7a962ea7d01dccfbc94f; runtime reachability unresolved; placement and bounds unresolved; renderer suitability unresolved
swf-definition-00775,313,,text,source-assets/flash/HELP MATH_ORIGINAL FILES/HELP_COURSES/ELMGR5/L5/FQ/L5FQ03.swf,,,194db4f96790ee9186db1c9b7deeb24dd9d4a5ec0ed415d3d32b2a6c5749ae4a,DefineText,,,none; machine census only; no renderer export,machine-extracted-definition-candidate,owner-provided SWF,container=root; definitionDepth=0; tagOrdinal=775; payloadBytes=73; rawTagPayloadSha256=194db4f96790ee9186db1c9b7deeb24dd9d4a5ec0ed415d3d32b2a6c5749ae4a; exactTagIdentitySha256=82c77f3c99b7417735750ccbb1fe292dc3ec2e61feb7e0447b45c3a0371d0f46; runtime reachability unresolved; placement and bounds unresolved; renderer suitability unresolved
swf-definition-00776,314,,sprite,source-assets/flash/HELP MATH_ORIGINAL FILES/HELP_COURSES/ELMGR5/L5/FQ/L5FQ03.swf,,,387a3a16ec3f57dca8971c540344f16d3db96fac26311d80a21c5e5cc1bdf80e,DefineSprite,,,none; machine census only; no renderer export,machine-extracted-definition-candidate,owner-provided SWF,container=root; definitionDepth=0; tagOrdinal=776; payloadBytes=74; rawTagPayloadSha256=387a3a16ec3f57dca8971c540344f16d3db96fac26311d80a21c5e5cc1bdf80e; exactTagIdentitySha256=4f8e1afd93cc85a5bd836faa10428cc35aa2adf6aa3afdc476e05763607f5d17; declaredFrameCount=1; runtime reachability unresolved; placement and bounds unresolved; renderer suitability unresolved
swf-definition-00783,315,,text,source-assets/flash/HELP MATH_ORIGINAL FILES/HELP_COURSES/ELMGR5/L5/FQ/L5FQ03.swf,,,2ac4aa8d4e1c1c6064911b3065263d405d0772ba47e0059c8222f3097e1d1750,DefineText,,,none; machine census only; no renderer export,machine-extracted-definition-candidate,owner-provided SWF,container=root; definitionDepth=0; tagOrdinal=783; payloadBytes=73; rawTagPayloadSha256=2ac4aa8d4e1c1c6064911b3065263d405d0772ba47e0059c8222f3097e1d1750; exactTagIdentitySha256=d8bff7a21a3afa97052fda24dd564fc68317d63879f66b84fcc078dcec28cd78; runtime reachability unresolved; placement and bounds unresolved; renderer suitability unresolved
swf-definition-00784,316,,sprite,source-assets/flash/HELP MATH_ORIGINAL FILES/HELP_COURSES/ELMGR5/L5/FQ/L5FQ03.swf,,,8b972d357fb7a02911b6cd52832119f8dc05985b67e31b64d644f44ccb184013,DefineSprite,,,none; machine census only; no renderer export,machine-extracted-definition-candidate,owner-provided SWF,container=root; definitionDepth=0; tagOrdinal=784; payloadBytes=74; rawTagPayloadSha256=8b972d357fb7a02911b6cd52832119f8dc05985b67e31b64d644f44ccb184013; exactTagIdentitySha256=0fdc796d28002d148a51c1a0b6a92e3433431b13a9d16e9de4e23541bc71f273; declaredFrameCount=1; runtime reachability unresolved; placement and bounds unresolved; renderer suitability unresolved
swf-definition-00791,317,,text,source-assets/flash/HELP MATH_ORIGINAL FILES/HELP_COURSES/ELMGR5/L5/FQ/L5FQ03.swf,,,a1db7b59fac7d509d135cc665da63ffad67d7ad054c6096a3a7f9f66bcde5347,DefineText,,,none; machine census only; no renderer export,machine-extracted-definition-candidate,owner-provided SWF,container=root; definitionDepth=0; tagOrdinal=791; payloadBytes=73; rawTagPayloadSha256=a1db7b59fac7d509d135cc665da63ffad67d7ad054c6096a3a7f9f66bcde5347; exactTagIdentitySha256=2c24d4fbcb2de5bf9b795c56004e1b8b089afc217969d09add06367349ab187d; runtime reachability unresolved; placement and bounds unresolved; renderer suitability unresolved
swf-definition-00792,318,,sprite,source-assets/flash/HELP MATH_ORIGINAL FILES/HELP_COURSES/ELMGR5/L5/FQ/L5FQ03.swf,,,187bfad5f70a8994debac249105f925c832b09ee3a9081c7a2a3eaf9ebd506de,DefineSprite,,,none; machine census only; no renderer export,machine-extracted-definition-candidate,owner-provided SWF,container=root; definitionDepth=0; tagOrdinal=792; payloadBytes=74; rawTagPayloadSha256=187bfad5f70a8994debac249105f925c832b09ee3a9081c7a2a3eaf9ebd506de; exactTagIdentitySha256=380647a06339c56c63834817986dcfd7ebdb8968694772dbad96f3d034be4d87; declaredFrameCount=1; runtime reachability unresolved; placement and bounds unresolved; renderer suitability unresolved
swf-definition-00799,319,,shape,source-assets/flash/HELP MATH_ORIGINAL FILES/HELP_COURSES/ELMGR5/L5/FQ/L5FQ03.swf,,,3d58e1ec2dec525222b50680c428fe4bf543d33577cc98c0380338b724dcc43c,DefineShape3,,,none; machine census only; no renderer export,machine-extracted-definition-candidate,owner-provided SWF,container=root; definitionDepth=0; tagOrdinal=799; payloadBytes=452; rawTagPayloadSha256=3d58e1ec2dec525222b50680c428fe4bf543d33577cc98c0380338b724dcc43c; exactTagIdentitySha256=1104c620c7f2b38b8a86cf4c142d0ceb31b1ec49841e32fc55ddfffb13abd98c; runtime reachability unresolved; placement and bounds unresolved; renderer suitability unresolved
swf-definition-00800,320,,text,source-assets/flash/HELP MATH_ORIGINAL FILES/HELP_COURSES/ELMGR5/L5/FQ/L5FQ03.swf,,,b42dc4e4af96d817f7f109dd866de7c873e12ad4ca29382b5e82157571a28876,DefineText,,,none; machine census only; no renderer export,machine-extracted-definition-candidate,owner-provided SWF,container=root; definitionDepth=0; tagOrdinal=800; payloadBytes=73; rawTagPayloadSha256=b42dc4e4af96d817f7f109dd866de7c873e12ad4ca29382b5e82157571a28876; exactTagIdentitySha256=14d60910ca8dddfa6c54f7aa1fa4e6372dc5ce93e0168c92834888e7f492e122; runtime reachability unresolved; placement and bounds unresolved; renderer suitability unresolved
swf-definition-00801,321,,sprite,source-assets/flash/HELP MATH_ORIGINAL FILES/HELP_COURSES/ELMGR5/L5/FQ/L5FQ03.swf,,,f16182fbc59083f96aea96b3982bde3b57e626a7baa742ba124952a8b6ae2787,DefineSprite,,,none; machine census only; no renderer export,machine-extracted-definition-candidate,owner-provided SWF,container=root; definitionDepth=0; tagOrdinal=801; payloadBytes=77; rawTagPayloadSha256=f16182fbc59083f96aea96b3982bde3b57e626a7baa742ba124952a8b6ae2787; exactTagIdentitySha256=38cca561822115b41b09396277d15b3f2d6c699d150016253b6dba5e5332e885; declaredFrameCount=1; runtime reachability unresolved; placement and bounds unresolved; renderer suitability unresolved
swf-definition-00808,322,,text,source-assets/flash/HELP MATH_ORIGINAL FILES/HELP_COURSES/ELMGR5/L5/FQ/L5FQ03.swf,,,f7b1f09be1734139f7dc65fb48b98a031f77c8a95b01da7bd63bdfdb7a7adb83,DefineEditText,,,none; machine census only; no renderer export,machine-extracted-definition-candidate,owner-provided SWF,container=root; definitionDepth=0; tagOrdinal=808; payloadBytes=36; rawTagPayloadSha256=f7b1f09be1734139f7dc65fb48b98a031f77c8a95b01da7bd63bdfdb7a7adb83; exactTagIdentitySha256=a898dc3270f307bf5c602884ee36b14353049451f1cd6c17de8526acaef6de1b; runtime reachability unresolved; placement and bounds unresolved; renderer suitability unresolved
swf-definition-00809,323,,text,source-assets/flash/HELP MATH_ORIGINAL FILES/HELP_COURSES/ELMGR5/L5/FQ/L5FQ03.swf,,,47db713e3466801719fee038edc8417477ec11901e92aa452e1c63a239ae5127,DefineEditText,,,none; machine census only; no renderer export,machine-extracted-definition-candidate,owner-provided SWF,container=root; definitionDepth=0; tagOrdinal=809; payloadBytes=32; rawTagPayloadSha256=47db713e3466801719fee038edc8417477ec11901e92aa452e1c63a239ae5127; exactTagIdentitySha256=0c29fbc781b47ddb2502d35d90e9ff34bd8118cc7e2ab527042b8795abd19109; runtime reachability unresolved; placement and bounds unresolved; renderer suitability unresolved
swf-definition-00810,324,,text,source-assets/flash/HELP MATH_ORIGINAL FILES/HELP_COURSES/ELMGR5/L5/FQ/L5FQ03.swf,,,a31135f14599489792a74b33a5b92defe1f237a31274c54336bf7c772d23cdf0,DefineText,,,none; machine census only; no renderer export,machine-extracted-definition-candidate,owner-provided SWF,container=root; definitionDepth=0; tagOrdinal=810; payloadBytes=53; rawTagPayloadSha256=a31135f14599489792a74b33a5b92defe1f237a31274c54336bf7c772d23cdf0; exactTagIdentitySha256=c242012c80477297252bf421743e677c09a9656ba24d446f689e0ec29abb7d62; runtime reachability unresolved; placement and bounds unresolved; renderer suitability unresolved
swf-definition-00811,325,,shape,source-assets/flash/HELP MATH_ORIGINAL FILES/HELP_COURSES/ELMGR5/L5/FQ/L5FQ03.swf,,,96e2ca4f3a0da8b864b9d1b507330fbe5494a145daccc8b9b9fcc8831d60713d,DefineShape,,,none; machine census only; no renderer export,machine-extracted-definition-candidate,owner-provided SWF,container=root; definitionDepth=0; tagOrdinal=811; payloadBytes=38; rawTagPayloadSha256=96e2ca4f3a0da8b864b9d1b507330fbe5494a145daccc8b9b9fcc8831d60713d; exactTagIdentitySha256=480d20875161f27b37b5660929dc83fec9e1f22054e45b76b59e4cf7713a8994; runtime reachability unresolved; placement and bounds unresolved; renderer suitability unresolved
swf-definition-00812,326,,shape,source-assets/flash/HELP MATH_ORIGINAL FILES/HELP_COURSES/ELMGR5/L5/FQ/L5FQ03.swf,,,71d260a2c56669902577c57298effd7647adc05fe2bdcb8be63cff86fb15933d,DefineShape3,,,none; machine census only; no renderer export,machine-extracted-definition-candidate,owner-provided SWF,container=root; definitionDepth=0; tagOrdinal=812; payloadBytes=452; rawTagPayloadSha256=71d260a2c56669902577c57298effd7647adc05fe2bdcb8be63cff86fb15933d; exactTagIdentitySha256=3bded460113141174d48aec6c88c552cc76aef3e2c74387bc9983b63ae61bad7; runtime reachability unresolved; placement and bounds unresolved; renderer suitability unresolved
swf-definition-00813,327,,text,source-assets/flash/HELP MATH_ORIGINAL FILES/HELP_COURSES/ELMGR5/L5/FQ/L5FQ03.swf,,,dac88d085687d8df452e6d187518d994b39ab7fd40dc2f714d6246eca1ffe3d3,DefineText,,,none; machine census only; no renderer export,machine-extracted-definition-candidate,owner-provided SWF,container=root; definitionDepth=0; tagOrdinal=813; payloadBytes=34; rawTagPayloadSha256=dac88d085687d8df452e6d187518d994b39ab7fd40dc2f714d6246eca1ffe3d3; exactTagIdentitySha256=9b9b7e4fbb3a85a9732750bf470338064d8c1d65858976beea4ca6275821b345; runtime reachability unresolved; placement and bounds unresolved; renderer suitability unresolved
swf-definition-00814,328,,sprite,source-assets/flash/HELP MATH_ORIGINAL FILES/HELP_COURSES/ELMGR5/L5/FQ/L5FQ03.swf,,,07e5e7f3d1c971dcfedff59806150d7b1f4e0e6a006eea6b684b18ae72a18d01,DefineSprite,,,none; machine census only; no renderer export,machine-extracted-definition-candidate,owner-provided SWF,container=root; definitionDepth=0; tagOrdinal=814; payloadBytes=74; rawTagPayloadSha256=07e5e7f3d1c971dcfedff59806150d7b1f4e0e6a006eea6b684b18ae72a18d01; exactTagIdentitySha256=0e99e144791a821da3ca7eeecd4dbdd4bc938917afaf626eed823ea335827c13; declaredFrameCount=1; runtime reachability unresolved; placement and bounds unresolved; renderer suitability unresolved
swf-definition-00821,329,,text,source-assets/flash/HELP MATH_ORIGINAL FILES/HELP_COURSES/ELMGR5/L5/FQ/L5FQ03.swf,,,615860103430c398d957d1562bb033011cd1ad6aac6e5d8d844049d381e29d1d,DefineText,,,none; machine census only; no renderer export,machine-extracted-definition-candidate,owner-provided SWF,container=root; definitionDepth=0; tagOrdinal=821; payloadBytes=32; rawTagPayloadSha256=615860103430c398d957d1562bb033011cd1ad6aac6e5d8d844049d381e29d1d; exactTagIdentitySha256=7e64ce401b2a7b2cf09061f241594f4dbbceada99dc3ce5bedb736a25e654fe9; runtime reachability unresolved; placement and bounds unresolved; renderer suitability unresolved
swf-definition-00822,330,,sprite,source-assets/flash/HELP MATH_ORIGINAL FILES/HELP_COURSES/ELMGR5/L5/FQ/L5FQ03.swf,,,abd5a815d169a0fc53fa868e7103975a160b11b67e3af96bfdd8509fbcb8fba4,DefineSprite,,,none; machine census only; no renderer export,machine-extracted-definition-candidate,owner-provided SWF,container=root; definitionDepth=0; tagOrdinal=822; payloadBytes=73; rawTagPayloadSha256=abd5a815d169a0fc53fa868e7103975a160b11b67e3af96bfdd8509fbcb8fba4; exactTagIdentitySha256=49332dc8878a3e0e1edc94959a8bbd53184c84ee72c090e9815cf35795a60486; declaredFrameCount=1; runtime reachability unresolved; placement and bounds unresolved; renderer suitability unresolved
swf-definition-00829,331,,shape,source-assets/flash/HELP MATH_ORIGINAL FILES/HELP_COURSES/ELMGR5/L5/FQ/L5FQ03.swf,,,d4592b169718f15002cd5cac5cd1d88e70b1ee42e4321cca02974f13464edfa6,DefineShape3,,,none; machine census only; no renderer export,machine-extracted-definition-candidate,owner-provided SWF,container=root; definitionDepth=0; tagOrdinal=829; payloadBytes=452; rawTagPayloadSha256=d4592b169718f15002cd5cac5cd1d88e70b1ee42e4321cca02974f13464edfa6; exactTagIdentitySha256=2cc4993879fba6e23bcc02cb66352a5f8ffda2d520891370b26b77117057e40a; runtime reachability unresolved; placement and bounds unresolved; renderer suitability unresolved
swf-definition-00830,332,,text,source-assets/flash/HELP MATH_ORIGINAL FILES/HELP_COURSES/ELMGR5/L5/FQ/L5FQ03.swf,,,ee9d79403809ad635e8cbfb34893c8524b5682d941ef25f060218139fcaa5c53,DefineText,,,none; machine census only; no renderer export,machine-extracted-definition-candidate,owner-provided SWF,container=root; definitionDepth=0; tagOrdinal=830; payloadBytes=30; rawTagPayloadSha256=ee9d79403809ad635e8cbfb34893c8524b5682d941ef25f060218139fcaa5c53; exactTagIdentitySha256=fcd360d439aec48a0db8ea70ea39d2268d1fdd975aafc59cf029f2284135002a; runtime reachability unresolved; placement and bounds unresolved; renderer suitability unresolved
swf-definition-00831,333,,sprite,source-assets/flash/HELP MATH_ORIGINAL FILES/HELP_COURSES/ELMGR5/L5/FQ/L5FQ03.swf,,,12f774b5a39cc8ad45ff39e9bbd6456789eb617107c6399aa8ab6ae51bd71ed5,DefineSprite,,,none; machine census only; no renderer export,machine-extracted-definition-candidate,owner-provided SWF,container=root; definitionDepth=0; tagOrdinal=831; payloadBytes=73; rawTagPayloadSha256=12f774b5a39cc8ad45ff39e9bbd6456789eb617107c6399aa8ab6ae51bd71ed5; exactTagIdentitySha256=7b837c36c412f7a71462b10e848cf4d49c502aa2ad73f5bb3df83a2515af9609; declaredFrameCount=1; runtime reachability unresolved; placement and bounds unresolved; renderer suitability unresolved
swf-definition-00838,334,,shape,source-assets/flash/HELP MATH_ORIGINAL FILES/HELP_COURSES/ELMGR5/L5/FQ/L5FQ03.swf,,,10c6c2c2a0e726af50ab82ca78a410fe7bdfc3688f2d04e7728e3af1c9eeba80,DefineShape3,,,none; machine census only; no renderer export,machine-extracted-definition-candidate,owner-provided SWF,container=root; definitionDepth=0; tagOrdinal=838; payloadBytes=452; rawTagPayloadSha256=10c6c2c2a0e726af50ab82ca78a410fe7bdfc3688f2d04e7728e3af1c9eeba80; exactTagIdentitySha256=1a51c59f2081b12bea352d18647d49e83ea0da2c754d52452b44ca7f7f0b3241; runtime reachability unresolved; placement and bounds unresolved; renderer suitability unresolved
swf-definition-00839,335,,text,source-assets/flash/HELP MATH_ORIGINAL FILES/HELP_COURSES/ELMGR5/L5/FQ/L5FQ03.swf,,,5956e2c46a0104363a2d8d32be0f1c85b05b03c2dfcbd8a961f8b35790396b95,DefineText,,,none; machine census only; no renderer export,machine-extracted-definition-candidate,owner-provided SWF,container=root; definitionDepth=0; tagOrdinal=839; payloadBytes=31; rawTagPayloadSha256=5956e2c46a0104363a2d8d32be0f1c85b05b03c2dfcbd8a961f8b35790396b95; exactTagIdentitySha256=51d5e0ad27781381b9d1d5d5fdf3cb6a09d3424f6fb2a942cdd9212fd94af339; runtime reachability unresolved; placement and bounds unresolved; renderer suitability unresolved
swf-definition-00840,336,,sprite,source-assets/flash/HELP MATH_ORIGINAL FILES/HELP_COURSES/ELMGR5/L5/FQ/L5FQ03.swf,,,aa40140fb5cd36ac707ea63341920082ae2e9554cdd20de47105ce2ba39f925f,DefineSprite,,,none; machine census only; no renderer export,machine-extracted-definition-candidate,owner-provided SWF,container=root; definitionDepth=0; tagOrdinal=840; payloadBytes=73; rawTagPayloadSha256=aa40140fb5cd36ac707ea63341920082ae2e9554cdd20de47105ce2ba39f925f; exactTagIdentitySha256=4a0efc556455da8b533e8554a970e9f1242b5ae4c2363682bb44f15b12739c6c; declaredFrameCount=1; runtime reachability unresolved; placement and bounds unresolved; renderer suitability unresolved
swf-definition-00847,337,,text,source-assets/flash/HELP MATH_ORIGINAL FILES/HELP_COURSES/ELMGR5/L5/FQ/L5FQ03.swf,,,11eaed8c59e1397aa5b307398df28b07dc539e1beca254c97ae9039fbfd3c591,DefineEditText,,,none; machine census only; no renderer export,machine-extracted-definition-candidate,owner-provided SWF,container=root; definitionDepth=0; tagOrdinal=847; payloadBytes=36; rawTagPayloadSha256=11eaed8c59e1397aa5b307398df28b07dc539e1beca254c97ae9039fbfd3c591; exactTagIdentitySha256=4aa0b04993cb8052fa341b29699cfb0167d7212cd5fc196fbea0330670ee3e58; runtime reachability unresolved; placement and bounds unresolved; renderer suitability unresolved
swf-definition-00848,338,,text,source-assets/flash/HELP MATH_ORIGINAL FILES/HELP_COURSES/ELMGR5/L5/FQ/L5FQ03.swf,,,a2dd96a2bf6084df5374c1af794b9cb9476dabdabd2114e339384d94fd8ddb07,DefineEditText,,,none; machine census only; no renderer export,machine-extracted-definition-candidate,owner-provided SWF,container=root; definitionDepth=0; tagOrdinal=848; payloadBytes=32; rawTagPayloadSha256=a2dd96a2bf6084df5374c1af794b9cb9476dabdabd2114e339384d94fd8ddb07; exactTagIdentitySha256=37a10b56c7906fd22de06ac8b858263d30f32aae4a2c487c816270ce631e801f; runtime reachability unresolved; placement and bounds unresolved; renderer suitability unresolved
swf-definition-00849,339,,text,source-assets/flash/HELP MATH_ORIGINAL FILES/HELP_COURSES/ELMGR5/L5/FQ/L5FQ03.swf,,,1c9e80dbd535bded28d6eb04f33778639c82d35850b18d9fddb63a422d0aebda,DefineText,,,none; machine census only; no renderer export,machine-extracted-definition-candidate,owner-provided SWF,container=root; definitionDepth=0; tagOrdinal=849; payloadBytes=49; rawTagPayloadSha256=1c9e80dbd535bded28d6eb04f33778639c82d35850b18d9fddb63a422d0aebda; exactTagIdentitySha256=cc4be846ef1f093b5e181565a9d8156f299c64f9db2a9d51214756d0fc4d2e9b; runtime reachability unresolved; placement and bounds unresolved; renderer suitability unresolved
swf-definition-00850,340,,shape,source-assets/flash/HELP MATH_ORIGINAL FILES/HELP_COURSES/ELMGR5/L5/FQ/L5FQ03.swf,,,af81d14d833ec268052dd6de9b47150e93ebf5918d0e2345d4625d5d755488bb,DefineShape,,,none; machine census only; no renderer export,machine-extracted-definition-candidate,owner-provided SWF,container=root; definitionDepth=0; tagOrdinal=850; payloadBytes=38; rawTagPayloadSha256=af81d14d833ec268052dd6de9b47150e93ebf5918d0e2345d4625d5d755488bb; exactTagIdentitySha256=c22729c2d5236f2da4187919bbd4e36a9bf978940329e369fbf3163d7752a830; runtime reachability unresolved; placement and bounds unresolved; renderer suitability unresolved
swf-definition-00851,341,,shape,source-assets/flash/HELP MATH_ORIGINAL FILES/HELP_COURSES/ELMGR5/L5/FQ/L5FQ03.swf,,,071229921d28eb564d8d0395ee4f64478ab1cb3fd66986c9928648d54c181a77,DefineShape3,,,none; machine census only; no renderer export,machine-extracted-definition-candidate,owner-provided SWF,container=root; definitionDepth=0; tagOrdinal=851; payloadBytes=452; rawTagPayloadSha256=071229921d28eb564d8d0395ee4f64478ab1cb3fd66986c9928648d54c181a77; exactTagIdentitySha256=8c84f4fd4690fa8923731328af420a7d59b73105b9be9929a02c8b9b048a8dff; runtime reachability unresolved; placement and bounds unresolved; renderer suitability unresolved
swf-definition-00852,342,,text,source-assets/flash/HELP MATH_ORIGINAL FILES/HELP_COURSES/ELMGR5/L5/FQ/L5FQ03.swf,,,61bbe27f094a75bc70bd155f007ceef0c4359695788469bbf792d4e7069bec0a,DefineText,,,none; machine census only; no renderer export,machine-extracted-definition-candidate,owner-provided SWF,container=root; definitionDepth=0; tagOrdinal=852; payloadBytes=32; rawTagPayloadSha256=61bbe27f094a75bc70bd155f007ceef0c4359695788469bbf792d4e7069bec0a; exactTagIdentitySha256=282c46fb02602098560f612e7fccd4a959eb8f5ba55229be7090f26b8d62d553; runtime reachability unresolved; placement and bounds unresolved; renderer suitability unresolved
swf-definition-00853,343,,sprite,source-assets/flash/HELP MATH_ORIGINAL FILES/HELP_COURSES/ELMGR5/L5/FQ/L5FQ03.swf,,,6723ad4b1dc7589b4fb60386fd57fc4103cca46213111eaffbd66c894e7697d2,DefineSprite,,,none; machine census only; no renderer export,machine-extracted-definition-candidate,owner-provided SWF,container=root; definitionDepth=0; tagOrdinal=853; payloadBytes=78; rawTagPayloadSha256=6723ad4b1dc7589b4fb60386fd57fc4103cca46213111eaffbd66c894e7697d2; exactTagIdentitySha256=972046cd051caa56d173fce75e262c480bda118f23428dc8fbd09da27d8ab59a; declaredFrameCount=1; runtime reachability unresolved; placement and bounds unresolved; renderer suitability unresolved
swf-definition-00860,344,,sprite,source-assets/flash/HELP MATH_ORIGINAL FILES/HELP_COURSES/ELMGR5/L5/FQ/L5FQ03.swf,,,dd13989ecfaecd1d4c31fc7689aa789d41634986484e4b4c49a67fec32390409,DefineSprite,,,none; machine census only; no renderer export,machine-extracted-definition-candidate,owner-provided SWF,container=root; definitionDepth=0; tagOrdinal=860; payloadBytes=73; rawTagPayloadSha256=dd13989ecfaecd1d4c31fc7689aa789d41634986484e4b4c49a67fec32390409; exactTagIdentitySha256=eb247e4fd994a783f430ecb14139cba40e58ca01e80a55b7f00e51fe88b5fe44; declaredFrameCount=1; runtime reachability unresolved; placement and bounds unresolved; renderer suitability unresolved
swf-definition-00867,345,,text,source-assets/flash/HELP MATH_ORIGINAL FILES/HELP_COURSES/ELMGR5/L5/FQ/L5FQ03.swf,,,3058f193b3ea3406b5b3067cdbbfc1225d0133fce6c32c2492e8b36dac8e44a1,DefineText,,,none; machine census only; no renderer export,machine-extracted-definition-candidate,owner-provided SWF,container=root; definitionDepth=0; tagOrdinal=867; payloadBytes=31; rawTagPayloadSha256=3058f193b3ea3406b5b3067cdbbfc1225d0133fce6c32c2492e8b36dac8e44a1; exactTagIdentitySha256=b19ec9d5329ce8c692ec2b5d901cb9eeacd2f9e4ef99782693ca2f956d4f2754; runtime reachability unresolved; placement and bounds unresolved; renderer suitability unresolved
swf-definition-00868,346,,sprite,source-assets/flash/HELP MATH_ORIGINAL FILES/HELP_COURSES/ELMGR5/L5/FQ/L5FQ03.swf,,,c4b1704535184020e06bce99f27d4f5776cd3ff83bee0ca19708f938f20daf99,DefineSprite,,,none; machine census only; no renderer export,machine-extracted-definition-candidate,owner-provided SWF,container=root; definitionDepth=0; tagOrdinal=868; payloadBytes=74; rawTagPayloadSha256=c4b1704535184020e06bce99f27d4f5776cd3ff83bee0ca19708f938f20daf99; exactTagIdentitySha256=bc6f12784c2f93d87e5c59cb6c39bfae389a4603598bf34386e5e49433ddc87e; declaredFrameCount=1; runtime reachability unresolved; placement and bounds unresolved; renderer suitability unresolved
swf-definition-00875,347,,shape,source-assets/flash/HELP MATH_ORIGINAL FILES/HELP_COURSES/ELMGR5/L5/FQ/L5FQ03.swf,,,7553b1d00677eca5923169886921fdac51d6c8bc49d909fc561a2024259bac4b,DefineShape3,,,none; machine census only; no renderer export,machine-extracted-definition-candidate,owner-provided SWF,container=root; definitionDepth=0; tagOrdinal=875; payloadBytes=452; rawTagPayloadSha256=7553b1d00677eca5923169886921fdac51d6c8bc49d909fc561a2024259bac4b; exactTagIdentitySha256=edbf39b1db3b62cd734c8dfb01d02688fe77dad2ac1fa50a141ab95e69818800; runtime reachability unresolved; placement and bounds unresolved; renderer suitability unresolved
swf-definition-00876,348,,sprite,source-assets/flash/HELP MATH_ORIGINAL FILES/HELP_COURSES/ELMGR5/L5/FQ/L5FQ03.swf,,,0d50cc619511a5adcdbebb11aecd11f7bf8f896b9a5ffa4d7e1c8f2a77a95795,DefineSprite,,,none; machine census only; no renderer export,machine-extracted-definition-candidate,owner-provided SWF,container=root; definitionDepth=0; tagOrdinal=876; payloadBytes=73; rawTagPayloadSha256=0d50cc619511a5adcdbebb11aecd11f7bf8f896b9a5ffa4d7e1c8f2a77a95795; exactTagIdentitySha256=883051f2af7c00276aed6f363c7800cf9dca69debba70cbe5ab51fc1aea26ca7; declaredFrameCount=1; runtime reachability unresolved; placement and bounds unresolved; renderer suitability unresolved
swf-definition-00883,349,,text,source-assets/flash/HELP MATH_ORIGINAL FILES/HELP_COURSES/ELMGR5/L5/FQ/L5FQ03.swf,,,b78ff2411faef5db75421f2c78a708d6ac9a947b17812f196aff059348df0a6a,DefineEditText,,,none; machine census only; no renderer export,machine-extracted-definition-candidate,owner-provided SWF,container=root; definitionDepth=0; tagOrdinal=883; payloadBytes=36; rawTagPayloadSha256=b78ff2411faef5db75421f2c78a708d6ac9a947b17812f196aff059348df0a6a; exactTagIdentitySha256=4f11372b2b88d8949dba5a5185baf04b30f223821673fc610dcfd82b9f4deb8d; runtime reachability unresolved; placement and bounds unresolved; renderer suitability unresolved
swf-definition-00884,350,,text,source-assets/flash/HELP MATH_ORIGINAL FILES/HELP_COURSES/ELMGR5/L5/FQ/L5FQ03.swf,,,968c931f539c067de45f1ff0f26a2afe56b5b8381d4d44911df7f55c89af6024,DefineEditText,,,none; machine census only; no renderer export,machine-extracted-definition-candidate,owner-provided SWF,container=root; definitionDepth=0; tagOrdinal=884; payloadBytes=32; rawTagPayloadSha256=968c931f539c067de45f1ff0f26a2afe56b5b8381d4d44911df7f55c89af6024; exactTagIdentitySha256=9f3be67bd665280a02c7177e780a98f6397dabe103dbc56193e9f030c93794a6; runtime reachability unresolved; placement and bounds unresolved; renderer suitability unresolved
swf-definition-00885,351,,text,source-assets/flash/HELP MATH_ORIGINAL FILES/HELP_COURSES/ELMGR5/L5/FQ/L5FQ03.swf,,,71a82ef16e02a0ce49f8de2d16275e989c23b409e6ca87a0b0fbcff0cba3fc55,DefineText,,,none; machine census only; no renderer export,machine-extracted-definition-candidate,owner-provided SWF,container=root; definitionDepth=0; tagOrdinal=885; payloadBytes=49; rawTagPayloadSha256=71a82ef16e02a0ce49f8de2d16275e989c23b409e6ca87a0b0fbcff0cba3fc55; exactTagIdentitySha256=8c8e6bbec7ec6432286d03b121b2d46ce5cf44891cfb91c6513fe785fb26c70c; runtime reachability unresolved; placement and bounds unresolved; renderer suitability unresolved
swf-definition-00886,352,,shape,source-assets/flash/HELP MATH_ORIGINAL FILES/HELP_COURSES/ELMGR5/L5/FQ/L5FQ03.swf,,,13dd84ac7ce71cb8e773b71efaeafe36f40ab71c73373c91f4edaa5ba0696bb0,DefineShape,,,none; machine census only; no renderer export,machine-extracted-definition-candidate,owner-provided SWF,container=root; definitionDepth=0; tagOrdinal=886; payloadBytes=38; rawTagPayloadSha256=13dd84ac7ce71cb8e773b71efaeafe36f40ab71c73373c91f4edaa5ba0696bb0; exactTagIdentitySha256=aee9da3085041c46d2dedb2d67c0f2e5229adf7e7d42ffeef0877e6ddcdc3721; runtime reachability unresolved; placement and bounds unresolved; renderer suitability unresolved
swf-definition-00887,353,,text,source-assets/flash/HELP MATH_ORIGINAL FILES/HELP_COURSES/ELMGR5/L5/FQ/L5FQ03.swf,,,cf12619016df30b77519344c528ff4075b3b584e102dd25b44ffe9e2a0f1453c,DefineText,,,none; machine census only; no renderer export,machine-extracted-definition-candidate,owner-provided SWF,container=root; definitionDepth=0; tagOrdinal=887; payloadBytes=34; rawTagPayloadSha256=cf12619016df30b77519344c528ff4075b3b584e102dd25b44ffe9e2a0f1453c; exactTagIdentitySha256=0fa591945794bdc0f74db1aaf3ba396807627a4fd4db5df2841cee38fee76de3; runtime reachability unresolved; placement and bounds unresolved; renderer suitability unresolved
swf-definition-00888,354,,sprite,source-assets/flash/HELP MATH_ORIGINAL FILES/HELP_COURSES/ELMGR5/L5/FQ/L5FQ03.swf,,,28e8ecef1cc9d4cdf47b394772c95794d3b23c6f7ca5443b3519d4a284a321a6,DefineSprite,,,none; machine census only; no renderer export,machine-extracted-definition-candidate,owner-provided SWF,container=root; definitionDepth=0; tagOrdinal=888; payloadBytes=78; rawTagPayloadSha256=28e8ecef1cc9d4cdf47b394772c95794d3b23c6f7ca5443b3519d4a284a321a6; exactTagIdentitySha256=7eddd3b9e646fc7cabc7a2e1b912670fbeb724a0c19cdd555ccca5ad05238f7a; declaredFrameCount=1; runtime reachability unresolved; placement and bounds unresolved; renderer suitability unresolved
swf-definition-00895,355,,text,source-assets/flash/HELP MATH_ORIGINAL FILES/HELP_COURSES/ELMGR5/L5/FQ/L5FQ03.swf,,,50001b9211c7586dfbd30ca344f1dc10947afd05188214ae7943ade9125218d6,DefineText,,,none; machine census only; no renderer export,machine-extracted-definition-candidate,owner-provided SWF,container=root; definitionDepth=0; tagOrdinal=895; payloadBytes=34; rawTagPayloadSha256=50001b9211c7586dfbd30ca344f1dc10947afd05188214ae7943ade9125218d6; exactTagIdentitySha256=80ebe9794722d55656c5e6ae471ad7585e830f43e224b15c04ade75784fe7b69; runtime reachability unresolved; placement and bounds unresolved; renderer suitability unresolved
swf-definition-00896,356,,sprite,source-assets/flash/HELP MATH_ORIGINAL FILES/HELP_COURSES/ELMGR5/L5/FQ/L5FQ03.swf,,,1d62b4b8a15060269f2eda7ac90fc9229f6482065126e57b346579d3666622f0,DefineSprite,,,none; machine census only; no renderer export,machine-extracted-definition-candidate,owner-provided SWF,container=root; definitionDepth=0; tagOrdinal=896; payloadBytes=74; rawTagPayloadSha256=1d62b4b8a15060269f2eda7ac90fc9229f6482065126e57b346579d3666622f0; exactTagIdentitySha256=029a05942f95949d31c8820729447109520405326e97d5bbcb4cfb9a2cd44985; declaredFrameCount=1; runtime reachability unresolved; placement and bounds unresolved; renderer suitability unresolved
swf-definition-00903,357,,text,source-assets/flash/HELP MATH_ORIGINAL FILES/HELP_COURSES/ELMGR5/L5/FQ/L5FQ03.swf,,,b41e2972c3f40e46a16a976af59269e6528bfb421e98863bbb63e3d83b6a1ebd,DefineText,,,none; machine census only; no renderer export,machine-extracted-definition-candidate,owner-provided SWF,container=root; definitionDepth=0; tagOrdinal=903; payloadBytes=31; rawTagPayloadSha256=b41e2972c3f40e46a16a976af59269e6528bfb421e98863bbb63e3d83b6a1ebd; exactTagIdentitySha256=75bbb0a78c8ec145aa370b8924e06c195604475dd21d7776f39c7604545eae27; runtime reachability unresolved; placement and bounds unresolved; renderer suitability unresolved
swf-definition-00904,358,,sprite,source-assets/flash/HELP MATH_ORIGINAL FILES/HELP_COURSES/ELMGR5/L5/FQ/L5FQ03.swf,,,d87f4aff38a1f79f75c50f771c08ad532568ea93bfd76b23da018af605f0513c,DefineSprite,,,none; machine census only; no renderer export,machine-extracted-definition-candidate,owner-provided SWF,container=root; definitionDepth=0; tagOrdinal=904; payloadBytes=73; rawTagPayloadSha256=d87f4aff38a1f79f75c50f771c08ad532568ea93bfd76b23da018af605f0513c; exactTagIdentitySha256=c9c42f2c22cd0980fdef19377cb28a8302b20692911b34928f647dafa7c1b5b2; declaredFrameCount=1; runtime reachability unresolved; placement and bounds unresolved; renderer suitability unresolved
swf-definition-00911,359,,shape,source-assets/flash/HELP MATH_ORIGINAL FILES/HELP_COURSES/ELMGR5/L5/FQ/L5FQ03.swf,,,515b6ed371650750bd66e3f03c0585d26281fd9243e8d2a7165eeeca4fc8ecd9,DefineShape3,,,none; machine census only; no renderer export,machine-extracted-definition-candidate,owner-provided SWF,container=root; definitionDepth=0; tagOrdinal=911; payloadBytes=452; rawTagPayloadSha256=515b6ed371650750bd66e3f03c0585d26281fd9243e8d2a7165eeeca4fc8ecd9; exactTagIdentitySha256=9bfcce0250092650dac8099a8a02a2aa70e72ede3063d0e4e2c5d38680dcd063; runtime reachability unresolved; placement and bounds unresolved; renderer suitability unresolved
swf-definition-00912,360,,text,source-assets/flash/HELP MATH_ORIGINAL FILES/HELP_COURSES/ELMGR5/L5/FQ/L5FQ03.swf,,,aa40a2d92a60b4af781711d32b60a30b225a39177ae84e9f23e88390c7d54492,DefineText,,,none; machine census only; no renderer export,machine-extracted-definition-candidate,owner-provided SWF,container=root; definitionDepth=0; tagOrdinal=912; payloadBytes=31; rawTagPayloadSha256=aa40a2d92a60b4af781711d32b60a30b225a39177ae84e9f23e88390c7d54492; exactTagIdentitySha256=2c6d1ddf3cc2b229b91d5e78e6182e29f4b091907dd76e13034423ade732e374; runtime reachability unresolved; placement and bounds unresolved; renderer suitability unresolved
swf-definition-00913,361,,sprite,source-assets/flash/HELP MATH_ORIGINAL FILES/HELP_COURSES/ELMGR5/L5/FQ/L5FQ03.swf,,,d08a50ce1fc2008b6f7889d11b91b1059f245bfc180aecf1c5101b0aad097fc7,DefineSprite,,,none; machine census only; no renderer export,machine-extracted-definition-candidate,owner-provided SWF,container=root; definitionDepth=0; tagOrdinal=913; payloadBytes=74; rawTagPayloadSha256=d08a50ce1fc2008b6f7889d11b91b1059f245bfc180aecf1c5101b0aad097fc7; exactTagIdentitySha256=e2eecbd03248278f7c12abd64347701da25e3ec5573f86879eb688f644d300c9; declaredFrameCount=1; runtime reachability unresolved; placement and bounds unresolved; renderer suitability unresolved
swf-definition-00920,362,,text,source-assets/flash/HELP MATH_ORIGINAL FILES/HELP_COURSES/ELMGR5/L5/FQ/L5FQ03.swf,,,0eeda6fc93ac64663d6cc937a787bd130a1e90575382be9ab3b66408abc81ccd,DefineEditText,,,none; machine census only; no renderer export,machine-extracted-definition-candidate,owner-provided SWF,container=root; definitionDepth=0; tagOrdinal=920; payloadBytes=36; rawTagPayloadSha256=0eeda6fc93ac64663d6cc937a787bd130a1e90575382be9ab3b66408abc81ccd; exactTagIdentitySha256=76b495cc507ee708e16218eb17c7a6d57a960cbc848548550aaf001c1a37811a; runtime reachability unresolved; placement and bounds unresolved; renderer suitability unresolved
swf-definition-00921,363,,text,source-assets/flash/HELP MATH_ORIGINAL FILES/HELP_COURSES/ELMGR5/L5/FQ/L5FQ03.swf,,,4d430e890468df8f54b6af8082da17aa07d85a13f780b4b5e686e244ac968f55,DefineEditText,,,none; machine census only; no renderer export,machine-extracted-definition-candidate,owner-provided SWF,container=root; definitionDepth=0; tagOrdinal=921; payloadBytes=32; rawTagPayloadSha256=4d430e890468df8f54b6af8082da17aa07d85a13f780b4b5e686e244ac968f55; exactTagIdentitySha256=c54eca0d001e0b22d81a9d8aef476da093850ef0f6c829d0ed5ff3eeeb34fa8c; runtime reachability unresolved; placement and bounds unresolved; renderer suitability unresolved
swf-definition-00922,364,,text,source-assets/flash/HELP MATH_ORIGINAL FILES/HELP_COURSES/ELMGR5/L5/FQ/L5FQ03.swf,,,258768db5e018913037699bdb2633c01f320a4fa258c7022f3f13b5b31b91471,DefineText,,,none; machine census only; no renderer export,machine-extracted-definition-candidate,owner-provided SWF,container=root; definitionDepth=0; tagOrdinal=922; payloadBytes=53; rawTagPayloadSha256=258768db5e018913037699bdb2633c01f320a4fa258c7022f3f13b5b31b91471; exactTagIdentitySha256=978e543da8ca52813f807fb82a08682c1222d5f64f550d4ec6f2010352403c9b; runtime reachability unresolved; placement and bounds unresolved; renderer suitability unresolved
swf-definition-00923,365,,shape,source-assets/flash/HELP MATH_ORIGINAL FILES/HELP_COURSES/ELMGR5/L5/FQ/L5FQ03.swf,,,173ed1a07c0cec2d0f800879365facf25427ec1ae9ff89da8bef3638fe4bdd52,DefineShape,,,none; machine census only; no renderer export,machine-extracted-definition-candidate,owner-provided SWF,container=root; definitionDepth=0; tagOrdinal=923; payloadBytes=38; rawTagPayloadSha256=173ed1a07c0cec2d0f800879365facf25427ec1ae9ff89da8bef3638fe4bdd52; exactTagIdentitySha256=b51e88c2dfcbb671febd0e9b85d62d3d2ec0832dfcfd736f48e76fb7574b8166; runtime reachability unresolved; placement and bounds unresolved; renderer suitability unresolved
swf-definition-00924,366,,sprite,source-assets/flash/HELP MATH_ORIGINAL FILES/HELP_COURSES/ELMGR5/L5/FQ/L5FQ03.swf,,,8b09e604e4257450a1169eba9671890b05f895cc6ba2c44a3f1b8727a7eb865f,DefineSprite,,,none; machine census only; no renderer export,machine-extracted-definition-candidate,owner-provided SWF,container=root; definitionDepth=0; tagOrdinal=924; payloadBytes=73; rawTagPayloadSha256=8b09e604e4257450a1169eba9671890b05f895cc6ba2c44a3f1b8727a7eb865f; exactTagIdentitySha256=8c10bc3f7b6ef0edab24c3bfe3e857c8919fc1e4a9039f8744d8ec8023274fdd; declaredFrameCount=1; runtime reachability unresolved; placement and bounds unresolved; renderer suitability unresolved
swf-definition-00931,367,,shape,source-assets/flash/HELP MATH_ORIGINAL FILES/HELP_COURSES/ELMGR5/L5/FQ/L5FQ03.swf,,,a7f0774625f063b2ce98266e16284c2537fa7c313a6ebb6e09973d7fdcaa1075,DefineShape3,,,none; machine census only; no renderer export,machine-extracted-definition-candidate,owner-provided SWF,container=root; definitionDepth=0; tagOrdinal=931; payloadBytes=452; rawTagPayloadSha256=a7f0774625f063b2ce98266e16284c2537fa7c313a6ebb6e09973d7fdcaa1075; exactTagIdentitySha256=b00870c58783a3425cb3135c8abfc69165c8ef799740fe26e7963b3f437d8bde; runtime reachability unresolved; placement and bounds unresolved; renderer suitability unresolved
swf-definition-00932,368,,text,source-assets/flash/HELP MATH_ORIGINAL FILES/HELP_COURSES/ELMGR5/L5/FQ/L5FQ03.swf,,,095db877f064138bd214432e8655403e247463d0346db2b561bea4054b328292,DefineText,,,none; machine census only; no renderer export,machine-extracted-definition-candidate,owner-provided SWF,container=root; definitionDepth=0; tagOrdinal=932; payloadBytes=32; rawTagPayloadSha256=095db877f064138bd214432e8655403e247463d0346db2b561bea4054b328292; exactTagIdentitySha256=8f7cc3800ea9beabaca3d710d637942aab4243add83fe803545cd9ff659c3a67; runtime reachability unresolved; placement and bounds unresolved; renderer suitability unresolved
swf-definition-00933,369,,sprite,source-assets/flash/HELP MATH_ORIGINAL FILES/HELP_COURSES/ELMGR5/L5/FQ/L5FQ03.swf,,,f02db1f8051dadcafddf6d5d499effc7787a624de5bee62706db570422ac8ea7,DefineSprite,,,none; machine census only; no renderer export,machine-extracted-definition-candidate,owner-provided SWF,container=root; definitionDepth=0; tagOrdinal=933; payloadBytes=73; rawTagPayloadSha256=f02db1f8051dadcafddf6d5d499effc7787a624de5bee62706db570422ac8ea7; exactTagIdentitySha256=cfff2d287cb03558f333bdaaa6d04cc1a8a0261f6faba4642192bea8100db6d0; declaredFrameCount=1; runtime reachability unresolved; placement and bounds unresolved; renderer suitability unresolved
swf-definition-00940,370,,shape,source-assets/flash/HELP MATH_ORIGINAL FILES/HELP_COURSES/ELMGR5/L5/FQ/L5FQ03.swf,,,5fdf30eedc70350be517a655b89c22df6a29fe2d05299acc4f4ccc602fa4559a,DefineShape3,,,none; machine census only; no renderer export,machine-extracted-definition-candidate,owner-provided SWF,container=root; definitionDepth=0; tagOrdinal=940; payloadBytes=452; rawTagPayloadSha256=5fdf30eedc70350be517a655b89c22df6a29fe2d05299acc4f4ccc602fa4559a; exactTagIdentitySha256=eb4017836cf08f858020995c2c13c84c6bf186632b312109efaec43a1814ad64; runtime reachability unresolved; placement and bounds unresolved; renderer suitability unresolved
swf-definition-00941,371,,text,source-assets/flash/HELP MATH_ORIGINAL FILES/HELP_COURSES/ELMGR5/L5/FQ/L5FQ03.swf,,,57a0db3efefb883e7657706d12d75df70b67e49e2dbe5d25cb00ff106f50295a,DefineText,,,none; machine census only; no renderer export,machine-extracted-definition-candidate,owner-provided SWF,container=root; definitionDepth=0; tagOrdinal=941; payloadBytes=30; rawTagPayloadSha256=57a0db3efefb883e7657706d12d75df70b67e49e2dbe5d25cb00ff106f50295a; exactTagIdentitySha256=72a9562a75e44c8352334167ad15e453364df0d08b5226c482d748bbee8f987d; runtime reachability unresolved; placement and bounds unresolved; renderer suitability unresolved
swf-definition-00942,372,,sprite,source-assets/flash/HELP MATH_ORIGINAL FILES/HELP_COURSES/ELMGR5/L5/FQ/L5FQ03.swf,,,7708b76197bb64640066d579bbedb2c8e27eba716e040f741d1170fdb2af1f6f,DefineSprite,,,none; machine census only; no renderer export,machine-extracted-definition-candidate,owner-provided SWF,container=root; definitionDepth=0; tagOrdinal=942; payloadBytes=73; rawTagPayloadSha256=7708b76197bb64640066d579bbedb2c8e27eba716e040f741d1170fdb2af1f6f; exactTagIdentitySha256=364b73e13a300844e957d39f78c30dd22d0fecd5e7900d7c146486f66bc7bd73; declaredFrameCount=1; runtime reachability unresolved; placement and bounds unresolved; renderer suitability unresolved
swf-definition-00949,373,,sprite,source-assets/flash/HELP MATH_ORIGINAL FILES/HELP_COURSES/ELMGR5/L5/FQ/L5FQ03.swf,,,05d54498a605cb08ccbad8ee2040fe085753609ae3a474cc7e785f5eef74c934,DefineSprite,,,none; machine census only; no renderer export,machine-extracted-definition-candidate,owner-provided SWF,container=root; definitionDepth=0; tagOrdinal=949; payloadBytes=73; rawTagPayloadSha256=05d54498a605cb08ccbad8ee2040fe085753609ae3a474cc7e785f5eef74c934; exactTagIdentitySha256=7f845418fd6134c99271993a2226692429ab0941454a82bb11532ddbb92d5d9d; declaredFrameCount=1; runtime reachability unresolved; placement and bounds unresolved; renderer suitability unresolved
swf-definition-00956,374,,text,source-assets/flash/HELP MATH_ORIGINAL FILES/HELP_COURSES/ELMGR5/L5/FQ/L5FQ03.swf,,,fe815203d1097cdfb2f3c30f405091e7206409346bc940aa8b447a671ebd4a22,DefineEditText,,,none; machine census only; no renderer export,machine-extracted-definition-candidate,owner-provided SWF,container=root; definitionDepth=0; tagOrdinal=956; payloadBytes=36; rawTagPayloadSha256=fe815203d1097cdfb2f3c30f405091e7206409346bc940aa8b447a671ebd4a22; exactTagIdentitySha256=17fe19cc5f05d62646333e1f5d03d4afd7c6b1c94f0ffa63d6b430eb903eb08f; runtime reachability unresolved; placement and bounds unresolved; renderer suitability unresolved
swf-definition-00957,375,,text,source-assets/flash/HELP MATH_ORIGINAL FILES/HELP_COURSES/ELMGR5/L5/FQ/L5FQ03.swf,,,6e036ebc4e679320a3ff05a2a9534ad56d4a793d9be3dc32a81ffa10e118c819,DefineEditText,,,none; machine census only; no renderer export,machine-extracted-definition-candidate,owner-provided SWF,container=root; definitionDepth=0; tagOrdinal=957; payloadBytes=32; rawTagPayloadSha256=6e036ebc4e679320a3ff05a2a9534ad56d4a793d9be3dc32a81ffa10e118c819; exactTagIdentitySha256=e3ac47ab3447ed6cf6c8aad159141897b2631437cb6db2733dd941d582513cb7; runtime reachability unresolved; placement and bounds unresolved; renderer suitability unresolved
swf-definition-00958,376,,text,source-assets/flash/HELP MATH_ORIGINAL FILES/HELP_COURSES/ELMGR5/L5/FQ/L5FQ03.swf,,,7e655cccbe2cb0d687bdd23bc047f80038bfa746d77315e966d06eb3c2be67f0,DefineText,,,none; machine census only; no renderer export,machine-extracted-definition-candidate,owner-provided SWF,container=root; definitionDepth=0; tagOrdinal=958; payloadBytes=53; rawTagPayloadSha256=7e655cccbe2cb0d687bdd23bc047f80038bfa746d77315e966d06eb3c2be67f0; exactTagIdentitySha256=d7825eabd84616a8359096ab07b8864d7ce1b08fa45340e03ee33f13ed9fbccf; runtime reachability unresolved; placement and bounds unresolved; renderer suitability unresolved
swf-definition-00959,377,,shape,source-assets/flash/HELP MATH_ORIGINAL FILES/HELP_COURSES/ELMGR5/L5/FQ/L5FQ03.swf,,,3b0eb2d5e992f5828484ba5886e38f3fe7e7495ec48f5f4947bfc936107bbd13,DefineShape,,,none; machine census only; no renderer export,machine-extracted-definition-candidate,owner-provided SWF,container=root; definitionDepth=0; tagOrdinal=959; payloadBytes=38; rawTagPayloadSha256=3b0eb2d5e992f5828484ba5886e38f3fe7e7495ec48f5f4947bfc936107bbd13; exactTagIdentitySha256=9c005467e90609e27355f68f9787799b32ad17beb0fa1da44b3fb728a549af0e; runtime reachability unresolved; placement and bounds unresolved; renderer suitability unresolved
swf-definition-00960,378,,sprite,source-assets/flash/HELP MATH_ORIGINAL FILES/HELP_COURSES/ELMGR5/L5/FQ/L5FQ03.swf,,,0e993bfa7c5bb1d2cb1634ae63e0bfbf136e6ed96d01ac2a29426c8c34dbe704,DefineSprite,,,none; machine census only; no renderer export,machine-extracted-definition-candidate,owner-provided SWF,container=root; definitionDepth=0; tagOrdinal=960; payloadBytes=73; rawTagPayloadSha256=0e993bfa7c5bb1d2cb1634ae63e0bfbf136e6ed96d01ac2a29426c8c34dbe704; exactTagIdentitySha256=1219d1f7fa26b27287e52d983820af39fb7a69d78a64c6b45c9921f16a0bad1e; declaredFrameCount=1; runtime reachability unresolved; placement and bounds unresolved; renderer suitability unresolved
swf-definition-00967,379,,sprite,source-assets/flash/HELP MATH_ORIGINAL FILES/HELP_COURSES/ELMGR5/L5/FQ/L5FQ03.swf,,,759f4269a7809e9308d2375fa912a5207b572b3371fae14bfb9623067c7a0fb4,DefineSprite,,,none; machine census only; no renderer export,machine-extracted-definition-candidate,owner-provided SWF,container=root; definitionDepth=0; tagOrdinal=967; payloadBytes=73; rawTagPayloadSha256=759f4269a7809e9308d2375fa912a5207b572b3371fae14bfb9623067c7a0fb4; exactTagIdentitySha256=debd22a83ff28f0fcc4a0ecc95e44dddcb9d1f4ca3d08c2a5ba5638ece38d822; declaredFrameCount=1; runtime reachability unresolved; placement and bounds unresolved; renderer suitability unresolved
swf-definition-00974,380,,shape,source-assets/flash/HELP MATH_ORIGINAL FILES/HELP_COURSES/ELMGR5/L5/FQ/L5FQ03.swf,,,a364f5fc7c877e1ae4224f0ee82482a6dc753649eda895fbf0ad3f0bbc4388e3,DefineShape3,,,none; machine census only; no renderer export,machine-extracted-definition-candidate,owner-provided SWF,container=root; definitionDepth=0; tagOrdinal=974; payloadBytes=452; rawTagPayloadSha256=a364f5fc7c877e1ae4224f0ee82482a6dc753649eda895fbf0ad3f0bbc4388e3; exactTagIdentitySha256=76e953914320d6da49fd8a4e93be85dec73cdfd89cef18e279290bcb9dcbbdad; runtime reachability unresolved; placement and bounds unresolved; renderer suitability unresolved
swf-definition-00975,381,,sprite,source-assets/flash/HELP MATH_ORIGINAL FILES/HELP_COURSES/ELMGR5/L5/FQ/L5FQ03.swf,,,75253d79cd5e2a2fae70dbc5a5ef6a939d82e0b917acd610d482f48512974e0a,DefineSprite,,,none; machine census only; no renderer export,machine-extracted-definition-candidate,owner-provided SWF,container=root; definitionDepth=0; tagOrdinal=975; payloadBytes=73; rawTagPayloadSha256=75253d79cd5e2a2fae70dbc5a5ef6a939d82e0b917acd610d482f48512974e0a; exactTagIdentitySha256=837fc9b621c636aea2be4de8f2c465d3aacaa5b43e3eb6984b82f9b0dabad834; declaredFrameCount=1; runtime reachability unresolved; placement and bounds unresolved; renderer suitability unresolved
swf-definition-00982,382,,shape,source-assets/flash/HELP MATH_ORIGINAL FILES/HELP_COURSES/ELMGR5/L5/FQ/L5FQ03.swf,,,c8572890676ec290f04026ae07dd384db4231d17edd581de7fb093afccad1783,DefineShape3,,,none; machine census only; no renderer export,machine-extracted-definition-candidate,owner-provided SWF,container=root; definitionDepth=0; tagOrdinal=982; payloadBytes=452; rawTagPayloadSha256=c8572890676ec290f04026ae07dd384db4231d17edd581de7fb093afccad1783; exactTagIdentitySha256=a4012dd9057fb7e97f4e4aca647e6d6b3fd4aed29a529c84bcd7574f9c5a4b17; runtime reachability unresolved; placement and bounds unresolved; renderer suitability unresolved
swf-definition-00983,383,,text,source-assets/flash/HELP MATH_ORIGINAL FILES/HELP_COURSES/ELMGR5/L5/FQ/L5FQ03.swf,,,6795d1cc3241db5cbb7e041623899f0e5c763833fbf4b5e5062243f7c0b9775b,DefineText,,,none; machine census only; no renderer export,machine-extracted-definition-candidate,owner-provided SWF,container=root; definitionDepth=0; tagOrdinal=983; payloadBytes=30; rawTagPayloadSha256=6795d1cc3241db5cbb7e041623899f0e5c763833fbf4b5e5062243f7c0b9775b; exactTagIdentitySha256=806c67d4ea8297c0eb6a5cedd4dce1936daee3b2a87d4d416ecf1b77937aa2c9; runtime reachability unresolved; placement and bounds unresolved; renderer suitability unresolved
swf-definition-00984,384,,sprite,source-assets/flash/HELP MATH_ORIGINAL FILES/HELP_COURSES/ELMGR5/L5/FQ/L5FQ03.swf,,,2434de5160fcdc5fda24286596095000d9dc2a5e3708386faadd7f13e93ec0d0,DefineSprite,,,none; machine census only; no renderer export,machine-extracted-definition-candidate,owner-provided SWF,container=root; definitionDepth=0; tagOrdinal=984; payloadBytes=73; rawTagPayloadSha256=2434de5160fcdc5fda24286596095000d9dc2a5e3708386faadd7f13e93ec0d0; exactTagIdentitySha256=4c37624dcb80f4520c957ab1f5a52f64227553d0e9c052375665930463afb1a5; declaredFrameCount=1; runtime reachability unresolved; placement and bounds unresolved; renderer suitability unresolved
swf-definition-00991,385,,text,source-assets/flash/HELP MATH_ORIGINAL FILES/HELP_COURSES/ELMGR5/L5/FQ/L5FQ03.swf,,,503ddc20ac594751af2b0ef648c283f60d0d84164ad14844c720b314e3866e9f,DefineEditText,,,none; machine census only; no renderer export,machine-extracted-definition-candidate,owner-provided SWF,container=root; definitionDepth=0; tagOrdinal=991; payloadBytes=36; rawTagPayloadSha256=503ddc20ac594751af2b0ef648c283f60d0d84164ad14844c720b314e3866e9f; exactTagIdentitySha256=2968fdf6e10f510ad9967425c42546a3f4e91fc44e42fc7e4de8d1a03a9f02d3; runtime reachability unresolved; placement and bounds unresolved; renderer suitability unresolved
swf-definition-00992,386,,text,source-assets/flash/HELP MATH_ORIGINAL FILES/HELP_COURSES/ELMGR5/L5/FQ/L5FQ03.swf,,,722e2519d46dd216bc8c4cff2d283f0c3b8992bc68ca2bf82eddc8684636eb4b,DefineEditText,,,none; machine census only; no renderer export,machine-extracted-definition-candidate,owner-provided SWF,container=root; definitionDepth=0; tagOrdinal=992; payloadBytes=32; rawTagPayloadSha256=722e2519d46dd216bc8c4cff2d283f0c3b8992bc68ca2bf82eddc8684636eb4b; exactTagIdentitySha256=2b6898d09f2e06be7b78f49e10041fe45cf1a19b05d40711c510d90c5bfd8e1e; runtime reachability unresolved; placement and bounds unresolved; renderer suitability unresolved
swf-definition-00993,387,,text,source-assets/flash/HELP MATH_ORIGINAL FILES/HELP_COURSES/ELMGR5/L5/FQ/L5FQ03.swf,,,af3c8fc1ced417ce8f04ccb16b0d380c46ceb5878696ab3406b5c777c2b840c8,DefineText,,,none; machine census only; no renderer export,machine-extracted-definition-candidate,owner-provided SWF,container=root; definitionDepth=0; tagOrdinal=993; payloadBytes=53; rawTagPayloadSha256=af3c8fc1ced417ce8f04ccb16b0d380c46ceb5878696ab3406b5c777c2b840c8; exactTagIdentitySha256=38839c8858a795abd6fc88e131778b6405da7dfb428b15ea2005e6e506e88124; runtime reachability unresolved; placement and bounds unresolved; renderer suitability unresolved
swf-definition-00994,388,,shape,source-assets/flash/HELP MATH_ORIGINAL FILES/HELP_COURSES/ELMGR5/L5/FQ/L5FQ03.swf,,,17cefdbe8abe387fb95272b2500509ec5d9a59858b8d62ceac0e6f07c05d7770,DefineShape,,,none; machine census only; no renderer export,machine-extracted-definition-candidate,owner-provided SWF,container=root; definitionDepth=0; tagOrdinal=994; payloadBytes=38; rawTagPayloadSha256=17cefdbe8abe387fb95272b2500509ec5d9a59858b8d62ceac0e6f07c05d7770; exactTagIdentitySha256=797cd285029e4b210d17fd7fcc5c5b34db602b084df5df5d50b727b3ecaa8eda; runtime reachability unresolved; placement and bounds unresolved; renderer suitability unresolved
swf-definition-00995,389,,text,source-assets/flash/HELP MATH_ORIGINAL FILES/HELP_COURSES/ELMGR5/L5/FQ/L5FQ03.swf,,,732bc037116c5289ebf65a01b3a4356a4426209c07a83d439be08eeb673c62b0,DefineText,,,none; machine census only; no renderer export,machine-extracted-definition-candidate,owner-provided SWF,container=root; definitionDepth=0; tagOrdinal=995; payloadBytes=34; rawTagPayloadSha256=732bc037116c5289ebf65a01b3a4356a4426209c07a83d439be08eeb673c62b0; exactTagIdentitySha256=2d61ed0dfac4f68268de6becf2ebb9dc5864c93ab45c0a9291a49db7c1914692; runtime reachability unresolved; placement and bounds unresolved; renderer suitability unresolved
swf-definition-00996,390,,sprite,source-assets/flash/HELP MATH_ORIGINAL FILES/HELP_COURSES/ELMGR5/L5/FQ/L5FQ03.swf,,,dab895bcaa13e0a51e6952af3c7a1cd9c4f8e408eea74404d6ba7ef422706431,DefineSprite,,,none; machine census only; no renderer export,machine-extracted-definition-candidate,owner-provided SWF,container=root; definitionDepth=0; tagOrdinal=996; payloadBytes=74; rawTagPayloadSha256=dab895bcaa13e0a51e6952af3c7a1cd9c4f8e408eea74404d6ba7ef422706431; exactTagIdentitySha256=a2270dbcc5da412a8c827d8501245670e1cc42fe3771dbeed195e628168a773d; declaredFrameCount=1; runtime reachability unresolved; placement and bounds unresolved; renderer suitability unresolved
swf-definition-01003,391,,shape,source-assets/flash/HELP MATH_ORIGINAL FILES/HELP_COURSES/ELMGR5/L5/FQ/L5FQ03.swf,,,a5e8991379da88f404ef3e43e19e30db695751df2f2fd3f2472f5701ac6d1416,DefineShape3,,,none; machine census only; no renderer export,machine-extracted-definition-candidate,owner-provided SWF,container=root; definitionDepth=0; tagOrdinal=1003; payloadBytes=452; rawTagPayloadSha256=a5e8991379da88f404ef3e43e19e30db695751df2f2fd3f2472f5701ac6d1416; exactTagIdentitySha256=6e66115a30a39fab34f61a52ed651bd81050576587e012cfc56bb422f75b41df; runtime reachability unresolved; placement and bounds unresolved; renderer suitability unresolved
swf-definition-01004,392,,text,source-assets/flash/HELP MATH_ORIGINAL FILES/HELP_COURSES/ELMGR5/L5/FQ/L5FQ03.swf,,,b7dfef25c5901894c474040ba36fa41ded3bcc6ba07826f633a907bae99b1a59,DefineText,,,none; machine census only; no renderer export,machine-extracted-definition-candidate,owner-provided SWF,container=root; definitionDepth=0; tagOrdinal=1004; payloadBytes=32; rawTagPayloadSha256=b7dfef25c5901894c474040ba36fa41ded3bcc6ba07826f633a907bae99b1a59; exactTagIdentitySha256=caf183e06ce05a5ec9dae8b9c98622b9668f347b1a47a049c4db09c4d5121844; runtime reachability unresolved; placement and bounds unresolved; renderer suitability unresolved
swf-definition-01005,393,,sprite,source-assets/flash/HELP MATH_ORIGINAL FILES/HELP_COURSES/ELMGR5/L5/FQ/L5FQ03.swf,,,f52e4fc3cf87b020cfb4e99035b74e4fdd637d621b800dc02c52b8509aa6b23a,DefineSprite,,,none; machine census only; no renderer export,machine-extracted-definition-candidate,owner-provided SWF,container=root; definitionDepth=0; tagOrdinal=1005; payloadBytes=73; rawTagPayloadSha256=f52e4fc3cf87b020cfb4e99035b74e4fdd637d621b800dc02c52b8509aa6b23a; exactTagIdentitySha256=63312eedb37522934970a0af6ad29f1c4f94d763ad032539ebbf1b636873c8aa; declaredFrameCount=1; runtime reachability unresolved; placement and bounds unresolved; renderer suitability unresolved
swf-definition-01012,394,,shape,source-assets/flash/HELP MATH_ORIGINAL FILES/HELP_COURSES/ELMGR5/L5/FQ/L5FQ03.swf,,,6c55b5d2b9323574aac80d714dbf5f25b8780d6a175b3bda997a29f8061f3384,DefineShape3,,,none; machine census only; no renderer export,machine-extracted-definition-candidate,owner-provided SWF,container=root; definitionDepth=0; tagOrdinal=1012; payloadBytes=452; rawTagPayloadSha256=6c55b5d2b9323574aac80d714dbf5f25b8780d6a175b3bda997a29f8061f3384; exactTagIdentitySha256=2945c7f7a53742d9b52b45c1f07f97838f96d534cfdd9fe02666dfa6af50db4d; runtime reachability unresolved; placement and bounds unresolved; renderer suitability unresolved
swf-definition-01013,395,,text,source-assets/flash/HELP MATH_ORIGINAL FILES/HELP_COURSES/ELMGR5/L5/FQ/L5FQ03.swf,,,25cd00b9af41eb41e41844b265fb9c45ceb0b7e7b5dd568aabec3ab7a15ebd19,DefineText,,,none; machine census only; no renderer export,machine-extracted-definition-candidate,owner-provided SWF,container=root; definitionDepth=0; tagOrdinal=1013; payloadBytes=30; rawTagPayloadSha256=25cd00b9af41eb41e41844b265fb9c45ceb0b7e7b5dd568aabec3ab7a15ebd19; exactTagIdentitySha256=d4c730278392522ec1b9b49132ee6c0d2cae6713916926eccfbe657742cb3235; runtime reachability unresolved; placement and bounds unresolved; renderer suitability unresolved
swf-definition-01014,396,,sprite,source-assets/flash/HELP MATH_ORIGINAL FILES/HELP_COURSES/ELMGR5/L5/FQ/L5FQ03.swf,,,cdb6aa0aa622d6537bbf3a4872bec3f26a3eabc15726442fa6b88ef90f6c146f,DefineSprite,,,none; machine census only; no renderer export,machine-extracted-definition-candidate,owner-provided SWF,container=root; definitionDepth=0; tagOrdinal=1014; payloadBytes=73; rawTagPayloadSha256=cdb6aa0aa622d6537bbf3a4872bec3f26a3eabc15726442fa6b88ef90f6c146f; exactTagIdentitySha256=8f4e4fedabfb101aac797bb59882bdc4411a4233417aff14aa153b81604caebd; declaredFrameCount=1; runtime reachability unresolved; placement and bounds unresolved; renderer suitability unresolved
swf-definition-01021,397,,sprite,source-assets/flash/HELP MATH_ORIGINAL FILES/HELP_COURSES/ELMGR5/L5/FQ/L5FQ03.swf,,,442737f33bf30e811403736ed3e8b6047faf7201fd203a6b70ff73e4bbe04ebc,DefineSprite,,,none; machine census only; no renderer export,machine-extracted-definition-candidate,owner-provided SWF,container=root; definitionDepth=0; tagOrdinal=1021; payloadBytes=73; rawTagPayloadSha256=442737f33bf30e811403736ed3e8b6047faf7201fd203a6b70ff73e4bbe04ebc; exactTagIdentitySha256=0d58a5da57cee3f7aaab2814931478a6627abcaea929c9782253b986356d289b; declaredFrameCount=1; runtime reachability unresolved; placement and bounds unresolved; renderer suitability unresolved
swf-definition-01028,398,,text,source-assets/flash/HELP MATH_ORIGINAL FILES/HELP_COURSES/ELMGR5/L5/FQ/L5FQ03.swf,,,196092d6d50de1a8115a313361aacdf79cfb607da6037453412cfb76362b51ca,DefineEditText,,,none; machine census only; no renderer export,machine-extracted-definition-candidate,owner-provided SWF,container=root; definitionDepth=0; tagOrdinal=1028; payloadBytes=36; rawTagPayloadSha256=196092d6d50de1a8115a313361aacdf79cfb607da6037453412cfb76362b51ca; exactTagIdentitySha256=f89be70593c12824f31c94c5dce85fc1f019c3c6140abd3e9d3f12549c19326e; runtime reachability unresolved; placement and bounds unresolved; renderer suitability unresolved
swf-definition-01029,399,,text,source-assets/flash/HELP MATH_ORIGINAL FILES/HELP_COURSES/ELMGR5/L5/FQ/L5FQ03.swf,,,cccacc9efa9de4ce4c64bd8ab4086a17a3a53f71fe45feedb6234b49d3c62f2f,DefineEditText,,,none; machine census only; no renderer export,machine-extracted-definition-candidate,owner-provided SWF,container=root; definitionDepth=0; tagOrdinal=1029; payloadBytes=32; rawTagPayloadSha256=cccacc9efa9de4ce4c64bd8ab4086a17a3a53f71fe45feedb6234b49d3c62f2f; exactTagIdentitySha256=51ba793841ea755c58ca10a00103e55624424f2de9c0fea062618212eb21e402; runtime reachability unresolved; placement and bounds unresolved; renderer suitability unresolved
swf-definition-01030,400,,text,source-assets/flash/HELP MATH_ORIGINAL FILES/HELP_COURSES/ELMGR5/L5/FQ/L5FQ03.swf,,,234ed30d451feb6ae46c17492ba5c120341e834048bb74f9b086d00e1482c7cf,DefineText,,,none; machine census only; no renderer export,machine-extracted-definition-candidate,owner-provided SWF,container=root; definitionDepth=0; tagOrdinal=1030; payloadBytes=51; rawTagPayloadSha256=234ed30d451feb6ae46c17492ba5c120341e834048bb74f9b086d00e1482c7cf; exactTagIdentitySha256=90fa8ce86a6d22674e24e6c3511f9688be41c27665a10cf6bd9d552e778c6ddf; runtime reachability unresolved; placement and bounds unresolved; renderer suitability unresolved
swf-definition-01031,401,,shape,source-assets/flash/HELP MATH_ORIGINAL FILES/HELP_COURSES/ELMGR5/L5/FQ/L5FQ03.swf,,,a983daa0796b493103d48949085d2e1dc12e6b74df7d4c7c84753c1f1fabad92,DefineShape,,,none; machine census only; no renderer export,machine-extracted-definition-candidate,owner-provided SWF,container=root; definitionDepth=0; tagOrdinal=1031; payloadBytes=38; rawTagPayloadSha256=a983daa0796b493103d48949085d2e1dc12e6b74df7d4c7c84753c1f1fabad92; exactTagIdentitySha256=2609f72758a765143bc573e77a2bfc1e20b22a52f566d12cf2ea515f86003258; runtime reachability unresolved; placement and bounds unresolved; renderer suitability unresolved
swf-definition-01032,402,,shape,source-assets/flash/HELP MATH_ORIGINAL FILES/HELP_COURSES/ELMGR5/L5/FQ/L5FQ03.swf,,,cc20e53aa7615f97de1d8bf8efe9afeccc312e870629bc2212bf81ffc9dab417,DefineShape3,,,none; machine census only; no renderer export,machine-extracted-definition-candidate,owner-provided SWF,container=root; definitionDepth=0; tagOrdinal=1032; payloadBytes=452; rawTagPayloadSha256=cc20e53aa7615f97de1d8bf8efe9afeccc312e870629bc2212bf81ffc9dab417; exactTagIdentitySha256=99a9946b62498a3a8874f88ae3d5891152ab95d8cdfb12bb38b0d3b3ce6735e6; runtime reachability unresolved; placement and bounds unresolved; renderer suitability unresolved
swf-definition-01033,403,,sprite,source-assets/flash/HELP MATH_ORIGINAL FILES/HELP_COURSES/ELMGR5/L5/FQ/L5FQ03.swf,,,a1de9d60b02ce234ccfa67062d361b014ae7d5a2fc3888ab7716107593bf78c3,DefineSprite,,,none; machine census only; no renderer export,machine-extracted-definition-candidate,owner-provided SWF,container=root; definitionDepth=0; tagOrdinal=1033; payloadBytes=73; rawTagPayloadSha256=a1de9d60b02ce234ccfa67062d361b014ae7d5a2fc3888ab7716107593bf78c3; exactTagIdentitySha256=c86add9abb023367e76d64b6763dbaa358b27c7015f8ef7c9efe63eb16c6bd64; declaredFrameCount=1; runtime reachability unresolved; placement and bounds unresolved; renderer suitability unresolved
swf-definition-01040,404,,sprite,source-assets/flash/HELP MATH_ORIGINAL FILES/HELP_COURSES/ELMGR5/L5/FQ/L5FQ03.swf,,,1372599cd8d4dee01e1134c5fbac0b40813937bf6732c9eda1c4985901e0ba1c,DefineSprite,,,none; machine census only; no renderer export,machine-extracted-definition-candidate,owner-provided SWF,container=root; definitionDepth=0; tagOrdinal=1040; payloadBytes=73; rawTagPayloadSha256=1372599cd8d4dee01e1134c5fbac0b40813937bf6732c9eda1c4985901e0ba1c; exactTagIdentitySha256=af480a8dc3db14e1a49559ba573eba2fff7cc9f5d4575908bcdd83bbb24f3a51; declaredFrameCount=1; runtime reachability unresolved; placement and bounds unresolved; renderer suitability unresolved
swf-definition-01047,405,,shape,source-assets/flash/HELP MATH_ORIGINAL FILES/HELP_COURSES/ELMGR5/L5/FQ/L5FQ03.swf,,,cc1715885654d14f5096f197741f6d02185ef58c2c7c7c722c004d51ee7a66cf,DefineShape3,,,none; machine census only; no renderer export,machine-extracted-definition-candidate,owner-provided SWF,container=root; definitionDepth=0; tagOrdinal=1047; payloadBytes=452; rawTagPayloadSha256=cc1715885654d14f5096f197741f6d02185ef58c2c7c7c722c004d51ee7a66cf; exactTagIdentitySha256=bfa8babb284c71d54a71f3ef6b042ce081cd7fc707630dd6a3f4f49b94069780; runtime reachability unresolved; placement and bounds unresolved; renderer suitability unresolved
swf-definition-01048,406,,sprite,source-assets/flash/HELP MATH_ORIGINAL FILES/HELP_COURSES/ELMGR5/L5/FQ/L5FQ03.swf,,,d07b23ed1e29a920930f219f28809373eb4cd6eada42a1832f120321b926372e,DefineSprite,,,none; machine census only; no renderer export,machine-extracted-definition-candidate,owner-provided SWF,container=root; definitionDepth=0; tagOrdinal=1048; payloadBytes=73; rawTagPayloadSha256=d07b23ed1e29a920930f219f28809373eb4cd6eada42a1832f120321b926372e; exactTagIdentitySha256=309ed6985a82ab02f5c746f75599e065139d3ff5c832c98141bd1d81730d77ea; declaredFrameCount=1; runtime reachability unresolved; placement and bounds unresolved; renderer suitability unresolved
swf-definition-01055,407,,shape,source-assets/flash/HELP MATH_ORIGINAL FILES/HELP_COURSES/ELMGR5/L5/FQ/L5FQ03.swf,,,87925d75916cddcd01ffec372598556eca62c5f1247e3323386269d21d564e61,DefineShape3,,,none; machine census only; no renderer export,machine-extracted-definition-candidate,owner-provided SWF,container=root; definitionDepth=0; tagOrdinal=1055; payloadBytes=452; rawTagPayloadSha256=87925d75916cddcd01ffec372598556eca62c5f1247e3323386269d21d564e61; exactTagIdentitySha256=38cc9fc620b23c37d36ad4da6c930bce43a5155af2e96e16f48970df8465eaa5; runtime reachability unresolved; placement and bounds unresolved; renderer suitability unresolved
swf-definition-01056,408,,sprite,source-assets/flash/HELP MATH_ORIGINAL FILES/HELP_COURSES/ELMGR5/L5/FQ/L5FQ03.swf,,,05c47f6e4678dbef0b8b22888500c43d524c326ad724ce106a0d20e80529045e,DefineSprite,,,none; machine census only; no renderer export,machine-extracted-definition-candidate,owner-provided SWF,container=root; definitionDepth=0; tagOrdinal=1056; payloadBytes=74; rawTagPayloadSha256=05c47f6e4678dbef0b8b22888500c43d524c326ad724ce106a0d20e80529045e; exactTagIdentitySha256=2a5b29da7173df7f8ff3a779570709d5fb7e319c45a0393ea7e28134d813a6ff; declaredFrameCount=1; runtime reachability unresolved; placement and bounds unresolved; renderer suitability unresolved
swf-definition-01063,409,,text,source-assets/flash/HELP MATH_ORIGINAL FILES/HELP_COURSES/ELMGR5/L5/FQ/L5FQ03.swf,,,b2ed4ba6cd03331179c0e3baaed6f6808ef0e30f5f71874b772d1d25deff30a0,DefineEditText,,,none; machine census only; no renderer export,machine-extracted-definition-candidate,owner-provided SWF,container=root; definitionDepth=0; tagOrdinal=1063; payloadBytes=36; rawTagPayloadSha256=b2ed4ba6cd03331179c0e3baaed6f6808ef0e30f5f71874b772d1d25deff30a0; exactTagIdentitySha256=de4fa500f3ce98f77e4cb928cc86633c39904f3f4ac047c6a58303ef247e1bdf; runtime reachability unresolved; placement and bounds unresolved; renderer suitability unresolved
swf-definition-01064,410,,text,source-assets/flash/HELP MATH_ORIGINAL FILES/HELP_COURSES/ELMGR5/L5/FQ/L5FQ03.swf,,,269a495546e31055b3229e56e0559b9031ef8a7055ab39d97c44d29011b9a4df,DefineEditText,,,none; machine census only; no renderer export,machine-extracted-definition-candidate,owner-provided SWF,container=root; definitionDepth=0; tagOrdinal=1064; payloadBytes=32; rawTagPayloadSha256=269a495546e31055b3229e56e0559b9031ef8a7055ab39d97c44d29011b9a4df; exactTagIdentitySha256=ed1794ccc7dd1c0f8cb8901cccc8a200a311dffcd4c5efa58ef14279982e629d; runtime reachability unresolved; placement and bounds unresolved; renderer suitability unresolved
swf-definition-01065,411,,text,source-assets/flash/HELP MATH_ORIGINAL FILES/HELP_COURSES/ELMGR5/L5/FQ/L5FQ03.swf,,,0ff7e2c1b1e6dd44d799a77aa0c6f4f20cf01cf5c23d0cb4f91619fe481e1bb1,DefineText,,,none; machine census only; no renderer export,machine-extracted-definition-candidate,owner-provided SWF,container=root; definitionDepth=0; tagOrdinal=1065; payloadBytes=51; rawTagPayloadSha256=0ff7e2c1b1e6dd44d799a77aa0c6f4f20cf01cf5c23d0cb4f91619fe481e1bb1; exactTagIdentitySha256=f6ccc38673d37c10f92ad8ff00b7fa146876088a1ded426c8b0b05f3fac5fde3; runtime reachability unresolved; placement and bounds unresolved; renderer suitability unresolved
swf-definition-01066,412,,shape,source-assets/flash/HELP MATH_ORIGINAL FILES/HELP_COURSES/ELMGR5/L5/FQ/L5FQ03.swf,,,bf0503f315a2680d8abbcee44ce53621d61f7d3ee51676381eb605aa1417054e,DefineShape,,,none; machine census only; no renderer export,machine-extracted-definition-candidate,owner-provided SWF,container=root; definitionDepth=0; tagOrdinal=1066; payloadBytes=38; rawTagPayloadSha256=bf0503f315a2680d8abbcee44ce53621d61f7d3ee51676381eb605aa1417054e; exactTagIdentitySha256=f71c79253d3ca46208c9fefb862d7914a3ad50467abd6d3a5dbc224ec20b320d; runtime reachability unresolved; placement and bounds unresolved; renderer suitability unresolved
swf-definition-01067,413,,shape,source-assets/flash/HELP MATH_ORIGINAL FILES/HELP_COURSES/ELMGR5/L5/FQ/L5FQ03.swf,,,e1f9f939499c0ae45e21aea6140f801f39d146cd04c19eee277156187fa85906,DefineShape3,,,none; machine census only; no renderer export,machine-extracted-definition-candidate,owner-provided SWF,container=root; definitionDepth=0; tagOrdinal=1067; payloadBytes=452; rawTagPayloadSha256=e1f9f939499c0ae45e21aea6140f801f39d146cd04c19eee277156187fa85906; exactTagIdentitySha256=af02b7adb4cef7f57f87e5e403c2c19f771e75710f5f7e797c57d23ccccb07ba; runtime reachability unresolved; placement and bounds unresolved; renderer suitability unresolved
swf-definition-01068,414,,sprite,source-assets/flash/HELP MATH_ORIGINAL FILES/HELP_COURSES/ELMGR5/L5/FQ/L5FQ03.swf,,,c9909aaab188405646072604ab6b244fa2a6e01aa5fd1c37ed94548a84d0616c,DefineSprite,,,none; machine census only; no renderer export,machine-extracted-definition-candidate,owner-provided SWF,container=root; definitionDepth=0; tagOrdinal=1068; payloadBytes=73; rawTagPayloadSha256=c9909aaab188405646072604ab6b244fa2a6e01aa5fd1c37ed94548a84d0616c; exactTagIdentitySha256=b911062dae5f5c9c85d2b7b9fd1781b304d71de938597febaf5e1bf79b3c102c; declaredFrameCount=1; runtime reachability unresolved; placement and bounds unresolved; renderer suitability unresolved
swf-definition-01075,415,,sprite,source-assets/flash/HELP MATH_ORIGINAL FILES/HELP_COURSES/ELMGR5/L5/FQ/L5FQ03.swf,,,61a6fc164a79cabd36583d302363c35ef57799694e52fb092064e3dc156a85eb,DefineSprite,,,none; machine census only; no renderer export,machine-extracted-definition-candidate,owner-provided SWF,container=root; definitionDepth=0; tagOrdinal=1075; payloadBytes=73; rawTagPayloadSha256=61a6fc164a79cabd36583d302363c35ef57799694e52fb092064e3dc156a85eb; exactTagIdentitySha256=ff859e18f926970260572f9f0a0dd88f33df03cedb2f29f114e6a0bbe83ff42e; declaredFrameCount=1; runtime reachability unresolved; placement and bounds unresolved; renderer suitability unresolved
swf-definition-01082,416,,shape,source-assets/flash/HELP MATH_ORIGINAL FILES/HELP_COURSES/ELMGR5/L5/FQ/L5FQ03.swf,,,4e33f3311f4732b0cd5325f5ecd038fd2b88f9c190b2392ab2b3ef6ffcd94617,DefineShape3,,,none; machine census only; no renderer export,machine-extracted-definition-candidate,owner-provided SWF,container=root; definitionDepth=0; tagOrdinal=1082; payloadBytes=452; rawTagPayloadSha256=4e33f3311f4732b0cd5325f5ecd038fd2b88f9c190b2392ab2b3ef6ffcd94617; exactTagIdentitySha256=27b98440d77519bcbbb00e5b4106827243c57fd907e69af11f394d420ba84e38; runtime reachability unresolved; placement and bounds unresolved; renderer suitability unresolved
swf-definition-01083,417,,sprite,source-assets/flash/HELP MATH_ORIGINAL FILES/HELP_COURSES/ELMGR5/L5/FQ/L5FQ03.swf,,,3f3ce5682fc759bcff65abd11e5977b5fcb5f7ce3b527f4a97ae14a4bee05269,DefineSprite,,,none; machine census only; no renderer export,machine-extracted-definition-candidate,owner-provided SWF,container=root; definitionDepth=0; tagOrdinal=1083; payloadBytes=73; rawTagPayloadSha256=3f3ce5682fc759bcff65abd11e5977b5fcb5f7ce3b527f4a97ae14a4bee05269; exactTagIdentitySha256=1264d1126e558d738f3a470e42115ca1c4f0d25659904c6d330871efb458e081; declaredFrameCount=1; runtime reachability unresolved; placement and bounds unresolved; renderer suitability unresolved
swf-definition-01090,418,,sprite,source-assets/flash/HELP MATH_ORIGINAL FILES/HELP_COURSES/ELMGR5/L5/FQ/L5FQ03.swf,,,bb8f66089ae60d69d8be1b4989eb3b1b86964c9c0a9fe8ef180e19f5d9737409,DefineSprite,,,none; machine census only; no renderer export,machine-extracted-definition-candidate,owner-provided SWF,container=root; definitionDepth=0; tagOrdinal=1090; payloadBytes=73; rawTagPayloadSha256=bb8f66089ae60d69d8be1b4989eb3b1b86964c9c0a9fe8ef180e19f5d9737409; exactTagIdentitySha256=be47dad46f76c90e91ed942dc52d5d600a8514fa166840c248acc9b3c5a02465; declaredFrameCount=1; runtime reachability unresolved; placement and bounds unresolved; renderer suitability unresolved
swf-definition-01097,419,_serif,font,source-assets/flash/HELP MATH_ORIGINAL FILES/HELP_COURSES/ELMGR5/L5/FQ/L5FQ03.swf,,,4ad16de019ac6fa2dd39a908815d14953c147fd4f301d0076a0930d31154dce0,DefineFont2,,0,none; machine census only; no renderer export,machine-extracted-definition-candidate,owner-provided SWF,container=root; definitionDepth=0; tagOrdinal=1097; payloadBytes=16; rawTagPayloadSha256=4ad16de019ac6fa2dd39a908815d14953c147fd4f301d0076a0930d31154dce0; exactTagIdentitySha256=4112250241846d822a8019d470408c68ea1d74681fafdd95f11ccd135bdac65e; runtime reachability unresolved; placement and bounds unresolved; renderer suitability unresolved
swf-definition-01098,420,,text,source-assets/flash/HELP MATH_ORIGINAL FILES/HELP_COURSES/ELMGR5/L5/FQ/L5FQ03.swf,,,dd6f5d6f9a943b1babeecd901bd10ae986c8b485e01f9c079ab23aa0bf3c6180,DefineEditText,,,none; machine census only; no renderer export,machine-extracted-definition-candidate,owner-provided SWF,container=root; definitionDepth=0; tagOrdinal=1098; payloadBytes=43; rawTagPayloadSha256=dd6f5d6f9a943b1babeecd901bd10ae986c8b485e01f9c079ab23aa0bf3c6180; exactTagIdentitySha256=2e7fc8ab253e2a95a34b6a18d75792bdc17b215bddb16a58618e6871a662d50a; runtime reachability unresolved; placement and bounds unresolved; renderer suitability unresolved
swf-definition-01099,421,,shape,source-assets/flash/HELP MATH_ORIGINAL FILES/HELP_COURSES/ELMGR5/L5/FQ/L5FQ03.swf,,,d7eb0d4d4a949242d497e2f414a5b1522036f3a10e3402c2e25a01bfe9cfe408,DefineShape3,,,none; machine census only; no renderer export,machine-extracted-definition-candidate,owner-provided SWF,container=root; definitionDepth=0; tagOrdinal=1099; payloadBytes=447; rawTagPayloadSha256=d7eb0d4d4a949242d497e2f414a5b1522036f3a10e3402c2e25a01bfe9cfe408; exactTagIdentitySha256=4df808c408b4819ec4b2238773003736f9304d07cc77ffc5e8ada19c30d57fbc; runtime reachability unresolved; placement and bounds unresolved; renderer suitability unresolved
swf-definition-01100,422,,text,source-assets/flash/HELP MATH_ORIGINAL FILES/HELP_COURSES/ELMGR5/L5/FQ/L5FQ03.swf,,,16aa03624aa6728477eb828211b4ac7241137c4aa86bbc84f1cae1cd101d655b,DefineEditText,,,none; machine census only; no renderer export,machine-extracted-definition-candidate,owner-provided SWF,container=root; definitionDepth=0; tagOrdinal=1100; payloadBytes=57; rawTagPayloadSha256=16aa03624aa6728477eb828211b4ac7241137c4aa86bbc84f1cae1cd101d655b; exactTagIdentitySha256=c6571d0a1a0044e40891385973da0d1b791d42a2088559b07f500eab33bac6a8; runtime reachability unresolved; placement and bounds unresolved; renderer suitability unresolved
swf-definition-01101,423,,sprite,source-assets/flash/HELP MATH_ORIGINAL FILES/HELP_COURSES/ELMGR5/L5/FQ/L5FQ03.swf,,,1d79d7eb41360bf0a342e2ec9929cc05cf6fbf7cb0e265f71c004bb92ae535f5,DefineSprite,,,none; machine census only; no renderer export,machine-extracted-definition-candidate,owner-provided SWF,container=root; definitionDepth=0; tagOrdinal=1101; payloadBytes=27; rawTagPayloadSha256=1d79d7eb41360bf0a342e2ec9929cc05cf6fbf7cb0e265f71c004bb92ae535f5; exactTagIdentitySha256=51a08270d34301e0ce631891cefbbe94e98461acce7c3471cbfdaf94eb96086c; declaredFrameCount=1; runtime reachability unresolved; placement and bounds unresolved; renderer suitability unresolved
swf-definition-01106,424,,text,source-assets/flash/HELP MATH_ORIGINAL FILES/HELP_COURSES/ELMGR5/L5/FQ/L5FQ03.swf,,,5ee39159535f23da634b39ab46b7eb8cd4410e75937290a525360f10d981fa69,DefineEditText,,,none; machine census only; no renderer export,machine-extracted-definition-candidate,owner-provided SWF,container=root; definitionDepth=0; tagOrdinal=1106; payloadBytes=32; rawTagPayloadSha256=5ee39159535f23da634b39ab46b7eb8cd4410e75937290a525360f10d981fa69; exactTagIdentitySha256=191eb16c331f8960c1885ec2400cdb341149b39deb1daf523c5b5b22fd7299e4; runtime reachability unresolved; placement and bounds unresolved; renderer suitability unresolved
swf-definition-01107,425,,text,source-assets/flash/HELP MATH_ORIGINAL FILES/HELP_COURSES/ELMGR5/L5/FQ/L5FQ03.swf,,,2c8e468aa552d18aa537ab2dd7a0985c3bee8d8dae5c832a08886501e61f0f3e,DefineEditText,,,none; machine census only; no renderer export,machine-extracted-definition-candidate,owner-provided SWF,container=root; definitionDepth=0; tagOrdinal=1107; payloadBytes=37; rawTagPayloadSha256=2c8e468aa552d18aa537ab2dd7a0985c3bee8d8dae5c832a08886501e61f0f3e; exactTagIdentitySha256=ae71221851533dc55adf4e15d827b48707cdf6173cfeeee54628db7caee07ba9; runtime reachability unresolved; placement and bounds unresolved; renderer suitability unresolved
swf-definition-01108,426,,text,source-assets/flash/HELP MATH_ORIGINAL FILES/HELP_COURSES/ELMGR5/L5/FQ/L5FQ03.swf,,,f89e6ef0f8d85089415afcdb61d9f612e461452ac27f2795cea062708595ca2b,DefineEditText,,,none; machine census only; no renderer export,machine-extracted-definition-candidate,owner-provided SWF,container=root; definitionDepth=0; tagOrdinal=1108; payloadBytes=33; rawTagPayloadSha256=f89e6ef0f8d85089415afcdb61d9f612e461452ac27f2795cea062708595ca2b; exactTagIdentitySha256=a7080f4b4967c9698b94c238d501161861175afbdaaa2c5288a3483f7186e391; runtime reachability unresolved; placement and bounds unresolved; renderer suitability unresolved
swf-definition-01109,427,,text,source-assets/flash/HELP MATH_ORIGINAL FILES/HELP_COURSES/ELMGR5/L5/FQ/L5FQ03.swf,,,ece9bc29ec8e9bd6317b9f5df8be86ed5a752e4efa2b25d972f3998d32233713,DefineText,,,none; machine census only; no renderer export,machine-extracted-definition-candidate,owner-provided SWF,container=root; definitionDepth=0; tagOrdinal=1109; payloadBytes=51; rawTagPayloadSha256=ece9bc29ec8e9bd6317b9f5df8be86ed5a752e4efa2b25d972f3998d32233713; exactTagIdentitySha256=233d45ab9f27fdc6dc04d176915fc544d7f58ab41a82f91fcf6eed7a86e7edd5; runtime reachability unresolved; placement and bounds unresolved; renderer suitability unresolved
swf-definition-01110,428,,text,source-assets/flash/HELP MATH_ORIGINAL FILES/HELP_COURSES/ELMGR5/L5/FQ/L5FQ03.swf,,,336008c3fe80763ed22b610264e4595cb4d7e5081ac260118286d0fcda7b7aa4,DefineEditText,,,none; machine census only; no renderer export,machine-extracted-definition-candidate,owner-provided SWF,container=root; definitionDepth=0; tagOrdinal=1110; payloadBytes=31; rawTagPayloadSha256=336008c3fe80763ed22b610264e4595cb4d7e5081ac260118286d0fcda7b7aa4; exactTagIdentitySha256=5f97ce621dcc88b2deaee3ffdda5511d5ad91d87644b638794528ff94fcafdcb; runtime reachability unresolved; placement and bounds unresolved; renderer suitability unresolved
swf-definition-01111,429,,text,source-assets/flash/HELP MATH_ORIGINAL FILES/HELP_COURSES/ELMGR5/L5/FQ/L5FQ03.swf,,,b418ca020c8e8a5a1db8af88fafcbcc35868aef92ee05c0a58882268485a9b15,DefineText,,,none; machine census only; no renderer export,machine-extracted-definition-candidate,owner-provided SWF,container=root; definitionDepth=0; tagOrdinal=1111; payloadBytes=57; rawTagPayloadSha256=b418ca020c8e8a5a1db8af88fafcbcc35868aef92ee05c0a58882268485a9b15; exactTagIdentitySha256=41b6411abb3af7f376bb90b8950cf67e92a8386958dccf6c6b321176e4590b2d; runtime reachability unresolved; placement and bounds unresolved; renderer suitability unresolved
swf-definition-01112,430,Bauhaus Md BT,font,source-assets/flash/HELP MATH_ORIGINAL FILES/HELP_COURSES/ELMGR5/L5/FQ/L5FQ03.swf,,,eac807c55cabff91af98066df07e0ddca80f53338f11fd23808cdab074ac6f77,DefineFont2,,0,none; machine census only; no renderer export,machine-extracted-definition-candidate,owner-provided SWF,container=root; definitionDepth=0; tagOrdinal=1112; payloadBytes=23; rawTagPayloadSha256=eac807c55cabff91af98066df07e0ddca80f53338f11fd23808cdab074ac6f77; exactTagIdentitySha256=00c9845cea8938cb33abf683cee4af644325b1be1fab877edabf53c5f646aeaa; runtime reachability unresolved; placement and bounds unresolved; renderer suitability unresolved
swf-definition-01113,431,,text,source-assets/flash/HELP MATH_ORIGINAL FILES/HELP_COURSES/ELMGR5/L5/FQ/L5FQ03.swf,,,26419e5010fdcef06318b37a3e8d7913cb71d1189d0fc82c20d93c41cf36608a,DefineEditText,,,none; machine census only; no renderer export,machine-extracted-definition-candidate,owner-provided SWF,container=root; definitionDepth=0; tagOrdinal=1113; payloadBytes=31; rawTagPayloadSha256=26419e5010fdcef06318b37a3e8d7913cb71d1189d0fc82c20d93c41cf36608a; exactTagIdentitySha256=c95007f9c410b48d3b0b09a4531f8c3805b82559be4b4f533dbfbdb369c092f0; runtime reachability unresolved; placement and bounds unresolved; renderer suitability unresolved
swf-definition-01114,432,,text,source-assets/flash/HELP MATH_ORIGINAL FILES/HELP_COURSES/ELMGR5/L5/FQ/L5FQ03.swf,,,a155fe12ad9948188849d98a8b268a929f46d49ffc4bbcf2d43789458b4d7359,DefineText,,,none; machine census only; no renderer export,machine-extracted-definition-candidate,owner-provided SWF,container=root; definitionDepth=0; tagOrdinal=1114; payloadBytes=38; rawTagPayloadSha256=a155fe12ad9948188849d98a8b268a929f46d49ffc4bbcf2d43789458b4d7359; exactTagIdentitySha256=232d742c3b7a92d9ecf5cc0692e3a87127ae3961f27e27d0370af99234df999d; runtime reachability unresolved; placement and bounds unresolved; renderer suitability unresolved
swf-definition-01115,433,,sprite,source-assets/flash/HELP MATH_ORIGINAL FILES/HELP_COURSES/ELMGR5/L5/FQ/L5FQ03.swf,,,743547c2e03b7294ea3b28339d3faf53ed1904eb361fba7a97e37b1622f0cf28,DefineSprite,,,none; machine census only; no renderer export,machine-extracted-definition-candidate,owner-provided SWF,container=root; definitionDepth=0; tagOrdinal=1115; payloadBytes=24; rawTagPayloadSha256=743547c2e03b7294ea3b28339d3faf53ed1904eb361fba7a97e37b1622f0cf28; exactTagIdentitySha256=4149f2ff87bb18c771e6c1647f4429db5302d3e92c67dbadb1bc20c378922fcc; declaredFrameCount=1; runtime reachability unresolved; placement and bounds unresolved; renderer suitability unresolved
swf-definition-01119,434,,sprite,source-assets/flash/HELP MATH_ORIGINAL FILES/HELP_COURSES/ELMGR5/L5/FQ/L5FQ03.swf,,,37b64b84e46cf26941a34b594f9f7bb49335d65e5856ebe68772fd2525913e59,DefineSprite,,,none; machine census only; no renderer export,machine-extracted-definition-candidate,owner-provided SWF,container=root; definitionDepth=0; tagOrdinal=1119; payloadBytes=23; rawTagPayloadSha256=37b64b84e46cf26941a34b594f9f7bb49335d65e5856ebe68772fd2525913e59; exactTagIdentitySha256=b3c0dc1dd40c5314c46cd136cb3878b44aa475098194be33051b296e71d23369; declaredFrameCount=1; runtime reachability unresolved; placement and bounds unresolved; renderer suitability unresolved
swf-definition-01123,435,,text,source-assets/flash/HELP MATH_ORIGINAL FILES/HELP_COURSES/ELMGR5/L5/FQ/L5FQ03.swf,,,74fb94df7afe8ae63de0df64f07200715d0b6bbaa061a61f14d4d81efc966e32,DefineEditText,,,none; machine census only; no renderer export,machine-extracted-definition-candidate,owner-provided SWF,container=root; definitionDepth=0; tagOrdinal=1123; payloadBytes=39; rawTagPayloadSha256=74fb94df7afe8ae63de0df64f07200715d0b6bbaa061a61f14d4d81efc966e32; exactTagIdentitySha256=ed31868d4205d279cfa12e5368b0731f820f41df17f2ee407f5045ff1d25c79f; runtime reachability unresolved; placement and bounds unresolved; renderer suitability unresolved
swf-definition-01124,436,,text,source-assets/flash/HELP MATH_ORIGINAL FILES/HELP_COURSES/ELMGR5/L5/FQ/L5FQ03.swf,,,47ec030defc997a75aaf339fafbad893390be34422b6b75e79e8da68ab14a0e5,DefineEditText,,,none; machine census only; no renderer export,machine-extracted-definition-candidate,owner-provided SWF,container=root; definitionDepth=0; tagOrdinal=1124; payloadBytes=39; rawTagPayloadSha256=47ec030defc997a75aaf339fafbad893390be34422b6b75e79e8da68ab14a0e5; exactTagIdentitySha256=9b8fba48a9d2dde2d71800ab36922138c96dd5be229e04162673506a4fc907c0; runtime reachability unresolved; placement and bounds unresolved; renderer suitability unresolved
swf-definition-01125,437,,text,source-assets/flash/HELP MATH_ORIGINAL FILES/HELP_COURSES/ELMGR5/L5/FQ/L5FQ03.swf,,,640d8ae03b93c59f824fd0a2f27f93b2f9312f1b09b6c71162d8bbdd6b5f9861,DefineEditText,,,none; machine census only; no renderer export,machine-extracted-definition-candidate,owner-provided SWF,container=root; definitionDepth=0; tagOrdinal=1125; payloadBytes=39; rawTagPayloadSha256=640d8ae03b93c59f824fd0a2f27f93b2f9312f1b09b6c71162d8bbdd6b5f9861; exactTagIdentitySha256=b91410f76bbfc39ae4acfad2edb155c8e04e4327804d72162d8f5d82d2a9f59d; runtime reachability unresolved; placement and bounds unresolved; renderer suitability unresolved
swf-definition-01126,438,,text,source-assets/flash/HELP MATH_ORIGINAL FILES/HELP_COURSES/ELMGR5/L5/FQ/L5FQ03.swf,,,b2dde2c9033ace8e52a479af1d8d3785c12ebd305bf488d7538d34223ac71f34,DefineEditText,,,none; machine census only; no renderer export,machine-extracted-definition-candidate,owner-provided SWF,container=root; definitionDepth=0; tagOrdinal=1126; payloadBytes=39; rawTagPayloadSha256=b2dde2c9033ace8e52a479af1d8d3785c12ebd305bf488d7538d34223ac71f34; exactTagIdentitySha256=52c59be7791169bb1ac1b0b1903558b5f61710d518d492efb5fc90f566b65516; runtime reachability unresolved; placement and bounds unresolved; renderer suitability unresolved
swf-definition-01127,439,,text,source-assets/flash/HELP MATH_ORIGINAL FILES/HELP_COURSES/ELMGR5/L5/FQ/L5FQ03.swf,,,5db64504c28df1dea1b0efc9863ea19ad976bbc6ec9481519eddf73bf7482233,DefineText,,,none; machine census only; no renderer export,machine-extracted-definition-candidate,owner-provided SWF,container=root; definitionDepth=0; tagOrdinal=1127; payloadBytes=33; rawTagPayloadSha256=5db64504c28df1dea1b0efc9863ea19ad976bbc6ec9481519eddf73bf7482233; exactTagIdentitySha256=cf356e5fa63cbaa2210e2e31e187a031f30b8f21ab839948c3095de3467ac276; runtime reachability unresolved; placement and bounds unresolved; renderer suitability unresolved
swf-definition-01128,440,,sprite,source-assets/flash/HELP MATH_ORIGINAL FILES/HELP_COURSES/ELMGR5/L5/FQ/L5FQ03.swf,,,137cc322bccf45f71d5f04a46a1cb8e007032117523c9d162c9e2db34c83fa48,DefineSprite,,,none; machine census only; no renderer export,machine-extracted-definition-candidate,owner-provided SWF,container=root; definitionDepth=0; tagOrdinal=1128; payloadBytes=24; rawTagPayloadSha256=137cc322bccf45f71d5f04a46a1cb8e007032117523c9d162c9e2db34c83fa48; exactTagIdentitySha256=353d76a63784e7a2c1b5659836fbeacdc21dc2a499488caea5c4cad38b977a2e; declaredFrameCount=1; runtime reachability unresolved; placement and bounds unresolved; renderer suitability unresolved
swf-definition-01132,441,,text,source-assets/flash/HELP MATH_ORIGINAL FILES/HELP_COURSES/ELMGR5/L5/FQ/L5FQ03.swf,,,eb2145025c23b43aabae69b2a73ac2e00f37101ef8b29d32f96b18d5451ee550,DefineText,,,none; machine census only; no renderer export,machine-extracted-definition-candidate,owner-provided SWF,container=root; definitionDepth=0; tagOrdinal=1132; payloadBytes=36; rawTagPayloadSha256=eb2145025c23b43aabae69b2a73ac2e00f37101ef8b29d32f96b18d5451ee550; exactTagIdentitySha256=aab26cfa2142959787b36e1adac6e81850dcc4fb993761c4858719598ec54651; runtime reachability unresolved; placement and bounds unresolved; renderer suitability unresolved
swf-definition-01133,442,,sprite,source-assets/flash/HELP MATH_ORIGINAL FILES/HELP_COURSES/ELMGR5/L5/FQ/L5FQ03.swf,,,d33e936190b095b7634655eb534d1636a5672a5a5f48e41e0cd3f9af234888bb,DefineSprite,,,none; machine census only; no renderer export,machine-extracted-definition-candidate,owner-provided SWF,container=root; definitionDepth=0; tagOrdinal=1133; payloadBytes=24; rawTagPayloadSha256=d33e936190b095b7634655eb534d1636a5672a5a5f48e41e0cd3f9af234888bb; exactTagIdentitySha256=751e6d14e4d295e59e7eb79d491bc1174f98743bcb1da897550a51d496b8fa73; declaredFrameCount=1; runtime reachability unresolved; placement and bounds unresolved; renderer suitability unresolved
swf-definition-01137,443,,shape,source-assets/flash/HELP MATH_ORIGINAL FILES/HELP_COURSES/ELMGR5/L5/FQ/L5FQ03.swf,,,1ecb07e3ee2195578675750c5b28d7ba85401d60c2afdf2f5b2b666c0870a4fa,DefineShape3,,,none; machine census only; no renderer export,machine-extracted-definition-candidate,owner-provided SWF,container=root; definitionDepth=0; tagOrdinal=1137; payloadBytes=462; rawTagPayloadSha256=1ecb07e3ee2195578675750c5b28d7ba85401d60c2afdf2f5b2b666c0870a4fa; exactTagIdentitySha256=61e0b4a295c7758992658a5a8fcf50096db17071feae0c8b235421461b79ee63; runtime reachability unresolved; placement and bounds unresolved; renderer suitability unresolved
swf-definition-01138,444,,shape,source-assets/flash/HELP MATH_ORIGINAL FILES/HELP_COURSES/ELMGR5/L5/FQ/L5FQ03.swf,,,285cb3dcdc3df9e8425b183929cb1ec923cbc1bfa9e03a44199a276fb2ed0833,DefineShape3,,,none; machine census only; no renderer export,machine-extracted-definition-candidate,owner-provided SWF,container=root; definitionDepth=0; tagOrdinal=1138; payloadBytes=462; rawTagPayloadSha256=285cb3dcdc3df9e8425b183929cb1ec923cbc1bfa9e03a44199a276fb2ed0833; exactTagIdentitySha256=b07b23c63102c6f2d0696d39a4a4887a115e787e0d4a6a4299b53bf35246a2e9; runtime reachability unresolved; placement and bounds unresolved; renderer suitability unresolved
swf-definition-01139,445,,shape,source-assets/flash/HELP MATH_ORIGINAL FILES/HELP_COURSES/ELMGR5/L5/FQ/L5FQ03.swf,,,ed2345049a3fa3e3484757ead0fa9a7c5b97e17d05e3b52d5054d9fc0bdcecbd,DefineShape3,,,none; machine census only; no renderer export,machine-extracted-definition-candidate,owner-provided SWF,container=root; definitionDepth=0; tagOrdinal=1139; payloadBytes=462; rawTagPayloadSha256=ed2345049a3fa3e3484757ead0fa9a7c5b97e17d05e3b52d5054d9fc0bdcecbd; exactTagIdentitySha256=40b8b97f836a52d29a9e805a1c7c49782a27aba5ef7d3632998b30968b22b763; runtime reachability unresolved; placement and bounds unresolved; renderer suitability unresolved
swf-definition-01140,446,,shape,source-assets/flash/HELP MATH_ORIGINAL FILES/HELP_COURSES/ELMGR5/L5/FQ/L5FQ03.swf,,,4c229c0e21544eb2fc50169263f0800a9a6ab565b46f8f2d60a2076f13ae1bf0,DefineShape3,,,none; machine census only; no renderer export,machine-extracted-definition-candidate,owner-provided SWF,container=root; definitionDepth=0; tagOrdinal=1140; payloadBytes=462; rawTagPayloadSha256=4c229c0e21544eb2fc50169263f0800a9a6ab565b46f8f2d60a2076f13ae1bf0; exactTagIdentitySha256=bb93a39f1948d0dac2e32519e0782d8d5c166ba5db09e422e2ec5f498fb0f8f9; runtime reachability unresolved; placement and bounds unresolved; renderer suitability unresolved
swf-definition-01141,447,,shape,source-assets/flash/HELP MATH_ORIGINAL FILES/HELP_COURSES/ELMGR5/L5/FQ/L5FQ03.swf,,,a624022e3b9d12a285a6fa5e7ef4dd8f11e0488123aafe929ba0adb6f1381a02,DefineShape,,,none; machine census only; no renderer export,machine-extracted-definition-candidate,owner-provided SWF,container=root; definitionDepth=0; tagOrdinal=1141; payloadBytes=38; rawTagPayloadSha256=a624022e3b9d12a285a6fa5e7ef4dd8f11e0488123aafe929ba0adb6f1381a02; exactTagIdentitySha256=d909836dc76c9dbd248d0a80f956d8ab3f6068794ee7c85825190dfcb08f79c3; runtime reachability unresolved; placement and bounds unresolved; renderer suitability unresolved
swf-definition-01142,448,,shape,source-assets/flash/HELP MATH_ORIGINAL FILES/HELP_COURSES/ELMGR5/L5/FQ/L5FQ03.swf,,,8b2f14b3c8fbe35814fefe0dd24670975900aee49261977c4216c0623668b1a9,DefineShape3,,,none; machine census only; no renderer export,machine-extracted-definition-candidate,owner-provided SWF,container=root; definitionDepth=0; tagOrdinal=1142; payloadBytes=144; rawTagPayloadSha256=8b2f14b3c8fbe35814fefe0dd24670975900aee49261977c4216c0623668b1a9; exactTagIdentitySha256=b9598f3dbcb15438049b4627d468579763eac6f4ca719152243f1f11b1fa2a08; runtime reachability unresolved; placement and bounds unresolved; renderer suitability unresolved
swf-definition-01143,449,,shape,source-assets/flash/HELP MATH_ORIGINAL FILES/HELP_COURSES/ELMGR5/L5/FQ/L5FQ03.swf,,,2f78dacee18ae12f64a9e14ded1d283c35c1d659f8639052d7e67ceef9ddd710,DefineShape,,,none; machine census only; no renderer export,machine-extracted-definition-candidate,owner-provided SWF,container=root; definitionDepth=0; tagOrdinal=1143; payloadBytes=28; rawTagPayloadSha256=2f78dacee18ae12f64a9e14ded1d283c35c1d659f8639052d7e67ceef9ddd710; exactTagIdentitySha256=9c24784dd34ff139e52a142f34b307f1287fb1c5cbc668fa3b041dea786fed6e; runtime reachability unresolved; placement and bounds unresolved; renderer suitability unresolved
swf-definition-01144,450,,shape,source-assets/flash/HELP MATH_ORIGINAL FILES/HELP_COURSES/ELMGR5/L5/FQ/L5FQ03.swf,,,41ee66a484630af1e4386c1e338407c63a754408c376dbe2d27a7c44b9e56ab2,DefineShape3,,,none; machine census only; no renderer export,machine-extracted-definition-candidate,owner-provided SWF,container=root; definitionDepth=0; tagOrdinal=1144; payloadBytes=78; rawTagPayloadSha256=41ee66a484630af1e4386c1e338407c63a754408c376dbe2d27a7c44b9e56ab2; exactTagIdentitySha256=407d403c56697f91bb27dd0f5af91d50c3fb741b877261ceb6ea45eaf0796190; runtime reachability unresolved; placement and bounds unresolved; renderer suitability unresolved
swf-definition-01145,451,,shape,source-assets/flash/HELP MATH_ORIGINAL FILES/HELP_COURSES/ELMGR5/L5/FQ/L5FQ03.swf,,,2ea36cffe5b0ef002668c96863834ff8df929fb7515f00515b84eaceefefaf31,DefineShape3,,,none; machine census only; no renderer export,machine-extracted-definition-candidate,owner-provided SWF,container=root; definitionDepth=0; tagOrdinal=1145; payloadBytes=237; rawTagPayloadSha256=2ea36cffe5b0ef002668c96863834ff8df929fb7515f00515b84eaceefefaf31; exactTagIdentitySha256=1ccb90f2e9624db64f27028c7691596f85ea1f5151d91e058cbcbb99f767d47b; runtime reachability unresolved; placement and bounds unresolved; renderer suitability unresolved
swf-definition-01146,452,,button,source-assets/flash/HELP MATH_ORIGINAL FILES/HELP_COURSES/ELMGR5/L5/FQ/L5FQ03.swf,,,3ea5c437ad63281fa89e1e504b46aa0eec688d11ec962d6c3deef05a3ca218f1,DefineButton2,,,none; machine census only; no renderer export,machine-extracted-definition-candidate,owner-provided SWF,container=root; definitionDepth=0; tagOrdinal=1146; payloadBytes=107; rawTagPayloadSha256=3ea5c437ad63281fa89e1e504b46aa0eec688d11ec962d6c3deef05a3ca218f1; exactTagIdentitySha256=d10f59975216cf20475e4099b91dda421d2b5ce56e7da0ae09affec01953b75b; runtime reachability unresolved; placement and bounds unresolved; renderer suitability unresolved
swf-definition-01147,453,,text,source-assets/flash/HELP MATH_ORIGINAL FILES/HELP_COURSES/ELMGR5/L5/FQ/L5FQ03.swf,,,47a47f7c17edd957a6f7e8bedc011550654e4536570c3cd1636f3961522e840b,DefineEditText,,,none; machine census only; no renderer export,machine-extracted-definition-candidate,owner-provided SWF,container=root; definitionDepth=0; tagOrdinal=1147; payloadBytes=37; rawTagPayloadSha256=47a47f7c17edd957a6f7e8bedc011550654e4536570c3cd1636f3961522e840b; exactTagIdentitySha256=9c36b15e96476cd87b24b69dc0a5c8a3972e82919f8a27bcb4092637385dc6e6; runtime reachability unresolved; placement and bounds unresolved; renderer suitability unresolved
swf-definition-01148,454,,text,source-assets/flash/HELP MATH_ORIGINAL FILES/HELP_COURSES/ELMGR5/L5/FQ/L5FQ03.swf,,,b3fff6135df9cf2567ebc81d182427ff664481ea34e6d0d9d023522c82258632,DefineEditText,,,none; machine census only; no renderer export,machine-extracted-definition-candidate,owner-provided SWF,container=root; definitionDepth=0; tagOrdinal=1148; payloadBytes=33; rawTagPayloadSha256=b3fff6135df9cf2567ebc81d182427ff664481ea34e6d0d9d023522c82258632; exactTagIdentitySha256=98936318568c8c62eb9db3d31a7376608da66a1d953a8da7573507d0ca6e8c74; runtime reachability unresolved; placement and bounds unresolved; renderer suitability unresolved
swf-definition-01149,455,,text,source-assets/flash/HELP MATH_ORIGINAL FILES/HELP_COURSES/ELMGR5/L5/FQ/L5FQ03.swf,,,fc52c50c6ccb9f7b1dbb5e4941a1e3b808af81481b95555d194dd6eb76346bbc,DefineEditText,,,none; machine census only; no renderer export,machine-extracted-definition-candidate,owner-provided SWF,container=root; definitionDepth=0; tagOrdinal=1149; payloadBytes=31; rawTagPayloadSha256=fc52c50c6ccb9f7b1dbb5e4941a1e3b808af81481b95555d194dd6eb76346bbc; exactTagIdentitySha256=6ec035ae0c1cc98340c84ad36945232d79c264654b77918904047370e275f5cb; runtime reachability unresolved; placement and bounds unresolved; renderer suitability unresolved
swf-definition-01150,456,,text,source-assets/flash/HELP MATH_ORIGINAL FILES/HELP_COURSES/ELMGR5/L5/FQ/L5FQ03.swf,,,9a812c1b15a5798eaa3b34006710f0797338f8f00d137af67b0d50d27f799a2f,DefineEditText,,,none; machine census only; no renderer export,machine-extracted-definition-candidate,owner-provided SWF,container=root; definitionDepth=0; tagOrdinal=1150; payloadBytes=31; rawTagPayloadSha256=9a812c1b15a5798eaa3b34006710f0797338f8f00d137af67b0d50d27f799a2f; exactTagIdentitySha256=66d1a4f658837253f4d2f902eb23e26d95c3f03eaee3f5e010b3dd5ab354e916; runtime reachability unresolved; placement and bounds unresolved; renderer suitability unresolved
swf-definition-01151,457,,sprite,source-assets/flash/HELP MATH_ORIGINAL FILES/HELP_COURSES/ELMGR5/L5/FQ/L5FQ03.swf,,,e67741c73606f3f8a472c4e1651e2b00e0e543fed1ae85776204fc8171d0d904,DefineSprite,,,none; machine census only; no renderer export,machine-extracted-definition-candidate,owner-provided SWF,container=root; definitionDepth=0; tagOrdinal=1151; payloadBytes=24; rawTagPayloadSha256=e67741c73606f3f8a472c4e1651e2b00e0e543fed1ae85776204fc8171d0d904; exactTagIdentitySha256=64c8f9790ac29a2f7b45213384c98cf593687cc4e66f02f67ee940d47e1d23de; declaredFrameCount=1; runtime reachability unresolved; placement and bounds unresolved; renderer suitability unresolved
swf-definition-01155,458,,sprite,source-assets/flash/HELP MATH_ORIGINAL FILES/HELP_COURSES/ELMGR5/L5/FQ/L5FQ03.swf,,,e776b5def434940c90dd9cfb00c4331ef97599d8ee2e7f5e1c1a2f779e147bec,DefineSprite,,,none; machine census only; no renderer export,machine-extracted-definition-candidate,owner-provided SWF,container=root; definitionDepth=0; tagOrdinal=1155; payloadBytes=23; rawTagPayloadSha256=e776b5def434940c90dd9cfb00c4331ef97599d8ee2e7f5e1c1a2f779e147bec; exactTagIdentitySha256=e35d8e3bbb5173636b5a9de14c836b7791b576d12c8c79840d3fc5eff290e057; declaredFrameCount=1; runtime reachability unresolved; placement and bounds unresolved; renderer suitability unresolved
swf-definition-01159,459,,sprite,source-assets/flash/HELP MATH_ORIGINAL FILES/HELP_COURSES/ELMGR5/L5/FQ/L5FQ03.swf,,,06aee1fd91af6bb39e757f83006272c0e6cd083116a240e17dafaf53780f73f5,DefineSprite,,,none; machine census only; no renderer export,machine-extracted-definition-candidate,owner-provided SWF,container=root; definitionDepth=0; tagOrdinal=1159; payloadBytes=24; rawTagPayloadSha256=06aee1fd91af6bb39e757f83006272c0e6cd083116a240e17dafaf53780f73f5; exactTagIdentitySha256=242eed3ee8030a3a88276202bfe9af81b21919f8c3e4f8971fa3dccf5711383f; declaredFrameCount=1; runtime reachability unresolved; placement and bounds unresolved; renderer suitability unresolved
swf-definition-01163,460,,sprite,source-assets/flash/HELP MATH_ORIGINAL FILES/HELP_COURSES/ELMGR5/L5/FQ/L5FQ03.swf,,,f1aaeae12b6de1177115bdf3883e768c58d65fc672a3409d3f06d84c170a429a,DefineSprite,,,none; machine census only; no renderer export,machine-extracted-definition-candidate,owner-provided SWF,container=root; definitionDepth=0; tagOrdinal=1163; payloadBytes=24; rawTagPayloadSha256=f1aaeae12b6de1177115bdf3883e768c58d65fc672a3409d3f06d84c170a429a; exactTagIdentitySha256=c223780ab063cbf7177ba44e3fbd84089409b2242ed0e3e4918636258d67f8cd; declaredFrameCount=1; runtime reachability unresolved; placement and bounds unresolved; renderer suitability unresolved
swf-definition-01167,461,,text,source-assets/flash/HELP MATH_ORIGINAL FILES/HELP_COURSES/ELMGR5/L5/FQ/L5FQ03.swf,,,b6801750f5d9c12f9f0509e80df04eafd96090b1247e41b53986ebdfbbe0a478,DefineEditText,,,none; machine census only; no renderer export,machine-extracted-definition-candidate,owner-provided SWF,container=root; definitionDepth=0; tagOrdinal=1167; payloadBytes=39; rawTagPayloadSha256=b6801750f5d9c12f9f0509e80df04eafd96090b1247e41b53986ebdfbbe0a478; exactTagIdentitySha256=508dfdc1eb5b5f3c27fc51a069aee46f22e134a17b88c4640c8a16050769b8cc; runtime reachability unresolved; placement and bounds unresolved; renderer suitability unresolved
swf-definition-01168,462,,text,source-assets/flash/HELP MATH_ORIGINAL FILES/HELP_COURSES/ELMGR5/L5/FQ/L5FQ03.swf,,,17b5dc4527039b9cce7c71962441c1bffa675005e26a21879158760f47dd86ab,DefineEditText,,,none; machine census only; no renderer export,machine-extracted-definition-candidate,owner-provided SWF,container=root; definitionDepth=0; tagOrdinal=1168; payloadBytes=39; rawTagPayloadSha256=17b5dc4527039b9cce7c71962441c1bffa675005e26a21879158760f47dd86ab; exactTagIdentitySha256=d6ef6c23661975b84ae10d5be684a90f2adc14318911ea76c600e65ff05a0a2d; runtime reachability unresolved; placement and bounds unresolved; renderer suitability unresolved
swf-definition-01169,463,,text,source-assets/flash/HELP MATH_ORIGINAL FILES/HELP_COURSES/ELMGR5/L5/FQ/L5FQ03.swf,,,eb353b59adf39b284c5b03653b3b69bee646be6b6653476428516a43e1659345,DefineEditText,,,none; machine census only; no renderer export,machine-extracted-definition-candidate,owner-provided SWF,container=root; definitionDepth=0; tagOrdinal=1169; payloadBytes=39; rawTagPayloadSha256=eb353b59adf39b284c5b03653b3b69bee646be6b6653476428516a43e1659345; exactTagIdentitySha256=d0b3a4db79e784146d93bf121b590177101d05596cce46f1f8ea0cdd55e3454c; runtime reachability unresolved; placement and bounds unresolved; renderer suitability unresolved
swf-definition-01170,464,,text,source-assets/flash/HELP MATH_ORIGINAL FILES/HELP_COURSES/ELMGR5/L5/FQ/L5FQ03.swf,,,cb391c666ad245a65dfe04f35fad439ebde9505386bed04ef875ac2d980af24f,DefineEditText,,,none; machine census only; no renderer export,machine-extracted-definition-candidate,owner-provided SWF,container=root; definitionDepth=0; tagOrdinal=1170; payloadBytes=39; rawTagPayloadSha256=cb391c666ad245a65dfe04f35fad439ebde9505386bed04ef875ac2d980af24f; exactTagIdentitySha256=5a2274255ad5d3f3171468a63180f5cbac825129db5a1ac3999ad3b76dae0c74; runtime reachability unresolved; placement and bounds unresolved; renderer suitability unresolved
swf-definition-01171,465,,shape,source-assets/flash/HELP MATH_ORIGINAL FILES/HELP_COURSES/ELMGR5/L5/FQ/L5FQ03.swf,,,4e3c74579aefd9497ada867c692d89028391a1488cdecaf3dd319bbac3182bc9,DefineShape3,,,none; machine census only; no renderer export,machine-extracted-definition-candidate,owner-provided SWF,container=root; definitionDepth=0; tagOrdinal=1171; payloadBytes=462; rawTagPayloadSha256=4e3c74579aefd9497ada867c692d89028391a1488cdecaf3dd319bbac3182bc9; exactTagIdentitySha256=1fe87233b327d24187dde52174098407b967f2bdde8a285a1d1ca6740e4e260b; runtime reachability unresolved; placement and bounds unresolved; renderer suitability unresolved
swf-definition-01172,466,,shape,source-assets/flash/HELP MATH_ORIGINAL FILES/HELP_COURSES/ELMGR5/L5/FQ/L5FQ03.swf,,,bac0345e342c47afe20b55dec93873ba35121973ae536cf241db79e038f58f48,DefineShape,,,none; machine census only; no renderer export,machine-extracted-definition-candidate,owner-provided SWF,container=root; definitionDepth=0; tagOrdinal=1172; payloadBytes=38; rawTagPayloadSha256=bac0345e342c47afe20b55dec93873ba35121973ae536cf241db79e038f58f48; exactTagIdentitySha256=6210b47092994d52def634504957620ca06a5ddf4eb61339e702e38475e088c8; runtime reachability unresolved; placement and bounds unresolved; renderer suitability unresolved
swf-definition-01173,467,,text,source-assets/flash/HELP MATH_ORIGINAL FILES/HELP_COURSES/ELMGR5/L5/FQ/L5FQ03.swf,,,9107c59c561f956950c4434bc8ede572ad13a8f3d31707146ca577d0c659c0bc,DefineEditText,,,none; machine census only; no renderer export,machine-extracted-definition-candidate,owner-provided SWF,container=root; definitionDepth=0; tagOrdinal=1173; payloadBytes=37; rawTagPayloadSha256=9107c59c561f956950c4434bc8ede572ad13a8f3d31707146ca577d0c659c0bc; exactTagIdentitySha256=9376a2ab89cd1acb8c8053f92acb2cb3a11df4159a31635fd1cf914b6d4d35c2; runtime reachability unresolved; placement and bounds unresolved; renderer suitability unresolved
swf-definition-01174,468,,text,source-assets/flash/HELP MATH_ORIGINAL FILES/HELP_COURSES/ELMGR5/L5/FQ/L5FQ03.swf,,,8cbd83e2f0c4e6c7aa88c47b346217b1a80210ad8df7193f169ca5661e8a2617,DefineEditText,,,none; machine census only; no renderer export,machine-extracted-definition-candidate,owner-provided SWF,container=root; definitionDepth=0; tagOrdinal=1174; payloadBytes=33; rawTagPayloadSha256=8cbd83e2f0c4e6c7aa88c47b346217b1a80210ad8df7193f169ca5661e8a2617; exactTagIdentitySha256=e7316eecd77e73d1dbadf2ffcbb8b5d91398f7f72600fe40af21ad788c2867f2; runtime reachability unresolved; placement and bounds unresolved; renderer suitability unresolved
swf-definition-01175,469,,text,source-assets/flash/HELP MATH_ORIGINAL FILES/HELP_COURSES/ELMGR5/L5/FQ/L5FQ03.swf,,,ad9ea8b0f8aeac891e65e1688e3238495cf71906331933e3fbfd2109c6f7c0db,DefineEditText,,,none; machine census only; no renderer export,machine-extracted-definition-candidate,owner-provided SWF,container=root; definitionDepth=0; tagOrdinal=1175; payloadBytes=31; rawTagPayloadSha256=ad9ea8b0f8aeac891e65e1688e3238495cf71906331933e3fbfd2109c6f7c0db; exactTagIdentitySha256=d79253cd37dc2ab2e0cceee4630a0c677a0c8b642bd46c9cc69a201c96ac34d3; runtime reachability unresolved; placement and bounds unresolved; renderer suitability unresolved
swf-definition-01176,470,,text,source-assets/flash/HELP MATH_ORIGINAL FILES/HELP_COURSES/ELMGR5/L5/FQ/L5FQ03.swf,,,b4d04a2414012036dea9aabac0efaeb31433540a9408ca2139f41cdc06354694,DefineEditText,,,none; machine census only; no renderer export,machine-extracted-definition-candidate,owner-provided SWF,container=root; definitionDepth=0; tagOrdinal=1176; payloadBytes=31; rawTagPayloadSha256=b4d04a2414012036dea9aabac0efaeb31433540a9408ca2139f41cdc06354694; exactTagIdentitySha256=d7bd403c3be7c8cf2586686ee69d1a4dc5377c9db8194677b73534047a31e8ec; runtime reachability unresolved; placement and bounds unresolved; renderer suitability unresolved
swf-definition-01177,471,,sprite,source-assets/flash/HELP MATH_ORIGINAL FILES/HELP_COURSES/ELMGR5/L5/FQ/L5FQ03.swf,,,e2be3fa07d069a51a57d3632b3198b1ded31968e35442d065c2f7f5d7e23672c,DefineSprite,,,none; machine census only; no renderer export,machine-extracted-definition-candidate,owner-provided SWF,container=root; definitionDepth=0; tagOrdinal=1177; payloadBytes=24; rawTagPayloadSha256=e2be3fa07d069a51a57d3632b3198b1ded31968e35442d065c2f7f5d7e23672c; exactTagIdentitySha256=1dc04de7e9ed1390db4f6e3dba6588571434edc562752c16a2f77f7c2b293898; declaredFrameCount=1; runtime reachability unresolved; placement and bounds unresolved; renderer suitability unresolved
swf-definition-01181,472,,sprite,source-assets/flash/HELP MATH_ORIGINAL FILES/HELP_COURSES/ELMGR5/L5/FQ/L5FQ03.swf,,,0aed1c0ebf5ba1268cfc0ea99503fc023a14e810a717a91009bf592bc838fe0f,DefineSprite,,,none; machine census only; no renderer export,machine-extracted-definition-candidate,owner-provided SWF,container=root; definitionDepth=0; tagOrdinal=1181; payloadBytes=23; rawTagPayloadSha256=0aed1c0ebf5ba1268cfc0ea99503fc023a14e810a717a91009bf592bc838fe0f; exactTagIdentitySha256=9b50c4068f584c00f7dc08cf4b2a31cb8221f4ceeaff5a5665d904b9b6c9ae1b; declaredFrameCount=1; runtime reachability unresolved; placement and bounds unresolved; renderer suitability unresolved
swf-definition-01185,473,,sprite,source-assets/flash/HELP MATH_ORIGINAL FILES/HELP_COURSES/ELMGR5/L5/FQ/L5FQ03.swf,,,b833079280dd2a7fe9f50f9af7bc53c4694e146c51a66523ec681509705041b1,DefineSprite,,,none; machine census only; no renderer export,machine-extracted-definition-candidate,owner-provided SWF,container=root; definitionDepth=0; tagOrdinal=1185; payloadBytes=24; rawTagPayloadSha256=b833079280dd2a7fe9f50f9af7bc53c4694e146c51a66523ec681509705041b1; exactTagIdentitySha256=68dd8cfd23e1d790c17027751945600e46c91c57a14c3a7328057729a456f2f6; declaredFrameCount=1; runtime reachability unresolved; placement and bounds unresolved; renderer suitability unresolved
swf-definition-01189,474,,sprite,source-assets/flash/HELP MATH_ORIGINAL FILES/HELP_COURSES/ELMGR5/L5/FQ/L5FQ03.swf,,,48106ba6b72324411f41455eb89f40078d04e25386a670ef4643d9debb30b194,DefineSprite,,,none; machine census only; no renderer export,machine-extracted-definition-candidate,owner-provided SWF,container=root; definitionDepth=0; tagOrdinal=1189; payloadBytes=24; rawTagPayloadSha256=48106ba6b72324411f41455eb89f40078d04e25386a670ef4643d9debb30b194; exactTagIdentitySha256=769cc005e65b98e4c833ff1a2bca52942249ec250fd9752d72a7ed1f30dfad6e; declaredFrameCount=1; runtime reachability unresolved; placement and bounds unresolved; renderer suitability unresolved
swf-definition-01193,475,,text,source-assets/flash/HELP MATH_ORIGINAL FILES/HELP_COURSES/ELMGR5/L5/FQ/L5FQ03.swf,,,b8ee58626d1c0b03a1e5e7098a64e692134105d6a3da5a5040ca60b1a48da4e1,DefineEditText,,,none; machine census only; no renderer export,machine-extracted-definition-candidate,owner-provided SWF,container=root; definitionDepth=0; tagOrdinal=1193; payloadBytes=39; rawTagPayloadSha256=b8ee58626d1c0b03a1e5e7098a64e692134105d6a3da5a5040ca60b1a48da4e1; exactTagIdentitySha256=f79c4acfc95cce5fb75b038e2c5b0936a4fd4a0525fba29bfda0b3940a2cd67c; runtime reachability unresolved; placement and bounds unresolved; renderer suitability unresolved
swf-definition-01194,476,,text,source-assets/flash/HELP MATH_ORIGINAL FILES/HELP_COURSES/ELMGR5/L5/FQ/L5FQ03.swf,,,a6d84f5915108168d44df5527796e48e9155c3d1eb959c65773bc3658f66574d,DefineEditText,,,none; machine census only; no renderer export,machine-extracted-definition-candidate,owner-provided SWF,container=root; definitionDepth=0; tagOrdinal=1194; payloadBytes=39; rawTagPayloadSha256=a6d84f5915108168d44df5527796e48e9155c3d1eb959c65773bc3658f66574d; exactTagIdentitySha256=1b10148a574677249bede31f9ded60fe8537ad73b49ee9ee5c9138c4e603b0d5; runtime reachability unresolved; placement and bounds unresolved; renderer suitability unresolved
swf-definition-01195,477,,text,source-assets/flash/HELP MATH_ORIGINAL FILES/HELP_COURSES/ELMGR5/L5/FQ/L5FQ03.swf,,,2cca2ffa3d0687a3d7e6d1b079229261799c6d385071c5c63a42637eaeb6b1ee,DefineEditText,,,none; machine census only; no renderer export,machine-extracted-definition-candidate,owner-provided SWF,container=root; definitionDepth=0; tagOrdinal=1195; payloadBytes=39; rawTagPayloadSha256=2cca2ffa3d0687a3d7e6d1b079229261799c6d385071c5c63a42637eaeb6b1ee; exactTagIdentitySha256=9ed537363f17c380fc03b9f7f39088d25ed92e735cb8595fe8de93bfad77a331; runtime reachability unresolved; placement and bounds unresolved; renderer suitability unresolved
swf-definition-01196,478,,text,source-assets/flash/HELP MATH_ORIGINAL FILES/HELP_COURSES/ELMGR5/L5/FQ/L5FQ03.swf,,,f4275a999511adb9ce40736ac0dfd3c9d8b285eb1968efcea9417e40ffbba441,DefineEditText,,,none; machine census only; no renderer export,machine-extracted-definition-candidate,owner-provided SWF,container=root; definitionDepth=0; tagOrdinal=1196; payloadBytes=39; rawTagPayloadSha256=f4275a999511adb9ce40736ac0dfd3c9d8b285eb1968efcea9417e40ffbba441; exactTagIdentitySha256=83c82c24159cdf0e78c8e7e69fe9584d1f557cd7cfe5419cd146e8bc4e7f1e55; runtime reachability unresolved; placement and bounds unresolved; renderer suitability unresolved
swf-definition-01197,479,,shape,source-assets/flash/HELP MATH_ORIGINAL FILES/HELP_COURSES/ELMGR5/L5/FQ/L5FQ03.swf,,,0eb13f40c2618761d02d249cc2f1b71475af950825f6654d0e7f47a5ba8c4872,DefineShape3,,,none; machine census only; no renderer export,machine-extracted-definition-candidate,owner-provided SWF,container=root; definitionDepth=0; tagOrdinal=1197; payloadBytes=462; rawTagPayloadSha256=0eb13f40c2618761d02d249cc2f1b71475af950825f6654d0e7f47a5ba8c4872; exactTagIdentitySha256=50ee373e82907a8d2b49c0ea635ba56d4e710fe622fcc58e9ca43e385e8b7c9b; runtime reachability unresolved; placement and bounds unresolved; renderer suitability unresolved
swf-definition-01198,480,,shape,source-assets/flash/HELP MATH_ORIGINAL FILES/HELP_COURSES/ELMGR5/L5/FQ/L5FQ03.swf,,,6804da8e658e9a2aec0fe3aa4ae61bee94329a370e41be24148203090db20151,DefineShape3,,,none; machine census only; no renderer export,machine-extracted-definition-candidate,owner-provided SWF,container=root; definitionDepth=0; tagOrdinal=1198; payloadBytes=462; rawTagPayloadSha256=6804da8e658e9a2aec0fe3aa4ae61bee94329a370e41be24148203090db20151; exactTagIdentitySha256=e9d90f46d053e645b524a9e0bc638d442779303d349f26ede669d7c6971e187a; runtime reachability unresolved; placement and bounds unresolved; renderer suitability unresolved
swf-definition-01199,481,,shape,source-assets/flash/HELP MATH_ORIGINAL FILES/HELP_COURSES/ELMGR5/L5/FQ/L5FQ03.swf,,,0b0368f2745d699ffeaf8ec8cac43f0e3411fad9dd8e7707bd1d7fa8efcf60d6,DefineShape3,,,none; machine census only; no renderer export,machine-extracted-definition-candidate,owner-provided SWF,container=root; definitionDepth=0; tagOrdinal=1199; payloadBytes=462; rawTagPayloadSha256=0b0368f2745d699ffeaf8ec8cac43f0e3411fad9dd8e7707bd1d7fa8efcf60d6; exactTagIdentitySha256=7b5b77220fa9052d8e897b6ab5448bc598a7ec9dd82994dab9633def05bd34cf; runtime reachability unresolved; placement and bounds unresolved; renderer suitability unresolved
swf-definition-01200,482,,shape,source-assets/flash/HELP MATH_ORIGINAL FILES/HELP_COURSES/ELMGR5/L5/FQ/L5FQ03.swf,,,d50557cf72d4605db80d7b3df63bc6fdd02df9d10c53507e2b66fa03096121d7,DefineShape3,,,none; machine census only; no renderer export,machine-extracted-definition-candidate,owner-provided SWF,container=root; definitionDepth=0; tagOrdinal=1200; payloadBytes=462; rawTagPayloadSha256=d50557cf72d4605db80d7b3df63bc6fdd02df9d10c53507e2b66fa03096121d7; exactTagIdentitySha256=5d219b6477ee70a80c70c7112bc59d5c02070f5bec3fa967ae20f2e7595cc7a4; runtime reachability unresolved; placement and bounds unresolved; renderer suitability unresolved
swf-definition-01201,483,,shape,source-assets/flash/HELP MATH_ORIGINAL FILES/HELP_COURSES/ELMGR5/L5/FQ/L5FQ03.swf,,,bef4addf22c3066265b7b8a214d2ca71faaf26fa624a4ddf32839e247b9a92c0,DefineShape,,,none; machine census only; no renderer export,machine-extracted-definition-candidate,owner-provided SWF,container=root; definitionDepth=0; tagOrdinal=1201; payloadBytes=38; rawTagPayloadSha256=bef4addf22c3066265b7b8a214d2ca71faaf26fa624a4ddf32839e247b9a92c0; exactTagIdentitySha256=154c8850071dd25f180952fce85987bd6078f83b5f4096d46e5f3ddfd665ef8e; runtime reachability unresolved; placement and bounds unresolved; renderer suitability unresolved
swf-definition-01202,484,,text,source-assets/flash/HELP MATH_ORIGINAL FILES/HELP_COURSES/ELMGR5/L5/FQ/L5FQ03.swf,,,6042647023243b2b83017249f94b47f35adb9df4614d16b5e0a771fd6308ed83,DefineEditText,,,none; machine census only; no renderer export,machine-extracted-definition-candidate,owner-provided SWF,container=root; definitionDepth=0; tagOrdinal=1202; payloadBytes=37; rawTagPayloadSha256=6042647023243b2b83017249f94b47f35adb9df4614d16b5e0a771fd6308ed83; exactTagIdentitySha256=08f7fead0c1512802ca072b4316da0ef71aec0e6f5278c0d4257c987ba31982f; runtime reachability unresolved; placement and bounds unresolved; renderer suitability unresolved
swf-definition-01203,485,,text,source-assets/flash/HELP MATH_ORIGINAL FILES/HELP_COURSES/ELMGR5/L5/FQ/L5FQ03.swf,,,d1678a181581a824aa17134b5b1c102c139866d85f3e570b35aad34816439c0d,DefineEditText,,,none; machine census only; no renderer export,machine-extracted-definition-candidate,owner-provided SWF,container=root; definitionDepth=0; tagOrdinal=1203; payloadBytes=33; rawTagPayloadSha256=d1678a181581a824aa17134b5b1c102c139866d85f3e570b35aad34816439c0d; exactTagIdentitySha256=ae2a1a1ea6b7110f08ae0be33fcd872daf5d7d3b64bfb1cbb19834e47786fe4b; runtime reachability unresolved; placement and bounds unresolved; renderer suitability unresolved
swf-definition-01204,486,,text,source-assets/flash/HELP MATH_ORIGINAL FILES/HELP_COURSES/ELMGR5/L5/FQ/L5FQ03.swf,,,5c0e0133be21308a699ba59889916989137a1f13cd8529d45f8ca8383e667785,DefineEditText,,,none; machine census only; no renderer export,machine-extracted-definition-candidate,owner-provided SWF,container=root; definitionDepth=0; tagOrdinal=1204; payloadBytes=31; rawTagPayloadSha256=5c0e0133be21308a699ba59889916989137a1f13cd8529d45f8ca8383e667785; exactTagIdentitySha256=fa61ebf0c9495c01b3857b2579d7a254ef7725e2c4b81d1689682737ef5eb490; runtime reachability unresolved; placement and bounds unresolved; renderer suitability unresolved
swf-definition-01205,487,,text,source-assets/flash/HELP MATH_ORIGINAL FILES/HELP_COURSES/ELMGR5/L5/FQ/L5FQ03.swf,,,97808291ebd111df90a1229f5729c5702a71562a38e8df154665235c6de9fb0c,DefineEditText,,,none; machine census only; no renderer export,machine-extracted-definition-candidate,owner-provided SWF,container=root; definitionDepth=0; tagOrdinal=1205; payloadBytes=31; rawTagPayloadSha256=97808291ebd111df90a1229f5729c5702a71562a38e8df154665235c6de9fb0c; exactTagIdentitySha256=e51f064a0b27d02891ee593363c856ac88e5b99e815628fb27611164dbe516cd; runtime reachability unresolved; placement and bounds unresolved; renderer suitability unresolved
swf-definition-01206,488,,sprite,source-assets/flash/HELP MATH_ORIGINAL FILES/HELP_COURSES/ELMGR5/L5/FQ/L5FQ03.swf,,,719fd8f5d3a7d12c11d2fbb8ecbd5106841d52b1c83033ad8c55eaf13c3d7d6a,DefineSprite,,,none; machine census only; no renderer export,machine-extracted-definition-candidate,owner-provided SWF,container=root; definitionDepth=0; tagOrdinal=1206; payloadBytes=24; rawTagPayloadSha256=719fd8f5d3a7d12c11d2fbb8ecbd5106841d52b1c83033ad8c55eaf13c3d7d6a; exactTagIdentitySha256=40773cfc0b8ac78c73b569687f304ed505b6d2151266930978e63d4ebde329a2; declaredFrameCount=1; runtime reachability unresolved; placement and bounds unresolved; renderer suitability unresolved
swf-definition-01210,489,,sprite,source-assets/flash/HELP MATH_ORIGINAL FILES/HELP_COURSES/ELMGR5/L5/FQ/L5FQ03.swf,,,ffc668d6aa7acd1e6cba6530fe36cbd2e14ebe13135b9d0daef1bcdfd6aa7df0,DefineSprite,,,none; machine census only; no renderer export,machine-extracted-definition-candidate,owner-provided SWF,container=root; definitionDepth=0; tagOrdinal=1210; payloadBytes=23; rawTagPayloadSha256=ffc668d6aa7acd1e6cba6530fe36cbd2e14ebe13135b9d0daef1bcdfd6aa7df0; exactTagIdentitySha256=90894fb7b3fe182e7a01fece9702c6c62940517a39c2a6b1a0c156c292503146; declaredFrameCount=1; runtime reachability unresolved; placement and bounds unresolved; renderer suitability unresolved
swf-definition-01214,490,,sprite,source-assets/flash/HELP MATH_ORIGINAL FILES/HELP_COURSES/ELMGR5/L5/FQ/L5FQ03.swf,,,1d6996337ce47ee162de29ee5e1b6e70329eb65acbb29541302e3287159d1266,DefineSprite,,,none; machine census only; no renderer export,machine-extracted-definition-candidate,owner-provided SWF,container=root; definitionDepth=0; tagOrdinal=1214; payloadBytes=23; rawTagPayloadSha256=1d6996337ce47ee162de29ee5e1b6e70329eb65acbb29541302e3287159d1266; exactTagIdentitySha256=1d87ea9ec3902bbc3febad8821ee43aeb99713754122d74f2ecd1963e11a6981; declaredFrameCount=1; runtime reachability unresolved; placement and bounds unresolved; renderer suitability unresolved
swf-definition-01218,491,,sprite,source-assets/flash/HELP MATH_ORIGINAL FILES/HELP_COURSES/ELMGR5/L5/FQ/L5FQ03.swf,,,3453077028ce3b9ce22672ab0fd6aeae2f02b34b2682dce71f42bf72986c6341,DefineSprite,,,none; machine census only; no renderer export,machine-extracted-definition-candidate,owner-provided SWF,container=root; definitionDepth=0; tagOrdinal=1218; payloadBytes=24; rawTagPayloadSha256=3453077028ce3b9ce22672ab0fd6aeae2f02b34b2682dce71f42bf72986c6341; exactTagIdentitySha256=f54f91ccc7b8dff111fe232b3c0d4c5cedeafb4266a9729cb859659d533a936d; declaredFrameCount=1; runtime reachability unresolved; placement and bounds unresolved; renderer suitability unresolved
swf-definition-01222,492,,text,source-assets/flash/HELP MATH_ORIGINAL FILES/HELP_COURSES/ELMGR5/L5/FQ/L5FQ03.swf,,,20a8513b13c11351a2f79fa45817694ac875e65de7f77e41e1d7ca48bc08c2a3,DefineEditText,,,none; machine census only; no renderer export,machine-extracted-definition-candidate,owner-provided SWF,container=root; definitionDepth=0; tagOrdinal=1222; payloadBytes=39; rawTagPayloadSha256=20a8513b13c11351a2f79fa45817694ac875e65de7f77e41e1d7ca48bc08c2a3; exactTagIdentitySha256=61aa6f4801188fcb4e0204a95f0c7b0244d0bc83377a7543e7535c177a9f05ca; runtime reachability unresolved; placement and bounds unresolved; renderer suitability unresolved
swf-definition-01223,493,,text,source-assets/flash/HELP MATH_ORIGINAL FILES/HELP_COURSES/ELMGR5/L5/FQ/L5FQ03.swf,,,1173e3814e543a9e06492909d4667245315ea8ad71166df523cf6ea31953775d,DefineEditText,,,none; machine census only; no renderer export,machine-extracted-definition-candidate,owner-provided SWF,container=root; definitionDepth=0; tagOrdinal=1223; payloadBytes=39; rawTagPayloadSha256=1173e3814e543a9e06492909d4667245315ea8ad71166df523cf6ea31953775d; exactTagIdentitySha256=d476e16294d92f83a07008b11ec3e41885f8cac9ccd85cd986c1b9f78770bad1; runtime reachability unresolved; placement and bounds unresolved; renderer suitability unresolved
swf-definition-01224,494,,text,source-assets/flash/HELP MATH_ORIGINAL FILES/HELP_COURSES/ELMGR5/L5/FQ/L5FQ03.swf,,,e234104ae2376aab5b5515d16ae5da8f474a21b221750f355db3ef14db372df9,DefineEditText,,,none; machine census only; no renderer export,machine-extracted-definition-candidate,owner-provided SWF,container=root; definitionDepth=0; tagOrdinal=1224; payloadBytes=39; rawTagPayloadSha256=e234104ae2376aab5b5515d16ae5da8f474a21b221750f355db3ef14db372df9; exactTagIdentitySha256=1df4325865dd6cbe03090cbfce7cab93fa63de1d8a7e9969cf8bd293b6faa957; runtime reachability unresolved; placement and bounds unresolved; renderer suitability unresolved
swf-definition-01225,495,,text,source-assets/flash/HELP MATH_ORIGINAL FILES/HELP_COURSES/ELMGR5/L5/FQ/L5FQ03.swf,,,9af40602b1361f0e738d680be20482dfd4954f23192bf0ef7db9ae23f2a01b05,DefineEditText,,,none; machine census only; no renderer export,machine-extracted-definition-candidate,owner-provided SWF,container=root; definitionDepth=0; tagOrdinal=1225; payloadBytes=39; rawTagPayloadSha256=9af40602b1361f0e738d680be20482dfd4954f23192bf0ef7db9ae23f2a01b05; exactTagIdentitySha256=e1b0c5d6b35fd8a177fe04f66c54bb82640d6b4287fc56b5a1b6305f604343e1; runtime reachability unresolved; placement and bounds unresolved; renderer suitability unresolved
swf-definition-01226,496,,shape,source-assets/flash/HELP MATH_ORIGINAL FILES/HELP_COURSES/ELMGR5/L5/FQ/L5FQ03.swf,,,56435f2e347de8270a62a7183041c079944134c05fdadcb2901cfa4cb11e61db,DefineShape3,,,none; machine census only; no renderer export,machine-extracted-definition-candidate,owner-provided SWF,container=root; definitionDepth=0; tagOrdinal=1226; payloadBytes=462; rawTagPayloadSha256=56435f2e347de8270a62a7183041c079944134c05fdadcb2901cfa4cb11e61db; exactTagIdentitySha256=539506cd6ca5c5bd8cb2c138d6e9a73a3377ba1b010e8f0af88313b995b9cd9a; runtime reachability unresolved; placement and bounds unresolved; renderer suitability unresolved
swf-definition-01227,497,,shape,source-assets/flash/HELP MATH_ORIGINAL FILES/HELP_COURSES/ELMGR5/L5/FQ/L5FQ03.swf,,,e2e8992092eea2246b8865cfe2e7c8db963b1aa185de1d67cfd542e06d715622,DefineShape,,,none; machine census only; no renderer export,machine-extracted-definition-candidate,owner-provided SWF,container=root; definitionDepth=0; tagOrdinal=1227; payloadBytes=38; rawTagPayloadSha256=e2e8992092eea2246b8865cfe2e7c8db963b1aa185de1d67cfd542e06d715622; exactTagIdentitySha256=93fc0bab51e764e73a25a0125f8ba81690873cf411c19a2a409b00aa578f23aa; runtime reachability unresolved; placement and bounds unresolved; renderer suitability unresolved
swf-definition-01228,498,,text,source-assets/flash/HELP MATH_ORIGINAL FILES/HELP_COURSES/ELMGR5/L5/FQ/L5FQ03.swf,,,09d5fe6e85398cd4482d25884093209e1c7d36d1b5a9b8279c401a7fa7d49316,DefineEditText,,,none; machine census only; no renderer export,machine-extracted-definition-candidate,owner-provided SWF,container=root; definitionDepth=0; tagOrdinal=1228; payloadBytes=37; rawTagPayloadSha256=09d5fe6e85398cd4482d25884093209e1c7d36d1b5a9b8279c401a7fa7d49316; exactTagIdentitySha256=6c30b541ea3be5d0fec7888481b80f16126021ef96a6667e3fcf00d73bc58577; runtime reachability unresolved; placement and bounds unresolved; renderer suitability unresolved
swf-definition-01229,499,,text,source-assets/flash/HELP MATH_ORIGINAL FILES/HELP_COURSES/ELMGR5/L5/FQ/L5FQ03.swf,,,d6bca6d1ae76a082ccec321fd623ef412cd450a89575f4a7fed43f32df0ca436,DefineEditText,,,none; machine census only; no renderer export,machine-extracted-definition-candidate,owner-provided SWF,container=root; definitionDepth=0; tagOrdinal=1229; payloadBytes=33; rawTagPayloadSha256=d6bca6d1ae76a082ccec321fd623ef412cd450a89575f4a7fed43f32df0ca436; exactTagIdentitySha256=9027aca4d6e7d91fcb6752cdb85b91b22a0509203ca327b827eb51fa28553295; runtime reachability unresolved; placement and bounds unresolved; renderer suitability unresolved
swf-definition-01230,500,,text,source-assets/flash/HELP MATH_ORIGINAL FILES/HELP_COURSES/ELMGR5/L5/FQ/L5FQ03.swf,,,0b1c9df0278e3568cea0f57db27130301f3fb841dca79e01849e2080ce4218dc,DefineEditText,,,none; machine census only; no renderer export,machine-extracted-definition-candidate,owner-provided SWF,container=root; definitionDepth=0; tagOrdinal=1230; payloadBytes=31; rawTagPayloadSha256=0b1c9df0278e3568cea0f57db27130301f3fb841dca79e01849e2080ce4218dc; exactTagIdentitySha256=4d85cee0016a4408a512b5d7808d70e38ff83017cc13c663c35f8d418e50bcf9; runtime reachability unresolved; placement and bounds unresolved; renderer suitability unresolved
swf-definition-01231,501,,text,source-assets/flash/HELP MATH_ORIGINAL FILES/HELP_COURSES/ELMGR5/L5/FQ/L5FQ03.swf,,,e43995541c519a3c53cfd6ba897437c64b2d6986a3f4def8626b4bf78eefc34b,DefineEditText,,,none; machine census only; no renderer export,machine-extracted-definition-candidate,owner-provided SWF,container=root; definitionDepth=0; tagOrdinal=1231; payloadBytes=31; rawTagPayloadSha256=e43995541c519a3c53cfd6ba897437c64b2d6986a3f4def8626b4bf78eefc34b; exactTagIdentitySha256=764cf98bbc53bda418360c596e62c8070cbf0ee4f315832fd87b4858bc166803; runtime reachability unresolved; placement and bounds unresolved; renderer suitability unresolved
swf-definition-01232,502,,sprite,source-assets/flash/HELP MATH_ORIGINAL FILES/HELP_COURSES/ELMGR5/L5/FQ/L5FQ03.swf,,,e2ea2758bcc6cc05e9fa9205d49aa7182b2cccf2635772853b67d1661f7bfe1d,DefineSprite,,,none; machine census only; no renderer export,machine-extracted-definition-candidate,owner-provided SWF,container=root; definitionDepth=0; tagOrdinal=1232; payloadBytes=24; rawTagPayloadSha256=e2ea2758bcc6cc05e9fa9205d49aa7182b2cccf2635772853b67d1661f7bfe1d; exactTagIdentitySha256=1c002ece4aaf7a2af908edcc6a0685b97ca336af005f932f6c4889509ef55359; declaredFrameCount=1; runtime reachability unresolved; placement and bounds unresolved; renderer suitability unresolved
swf-definition-01236,503,,sprite,source-assets/flash/HELP MATH_ORIGINAL FILES/HELP_COURSES/ELMGR5/L5/FQ/L5FQ03.swf,,,b9255147910e77cc232fa329dca9403a08645fa8d42f65c5a7a2f17927a4fa2f,DefineSprite,,,none; machine census only; no renderer export,machine-extracted-definition-candidate,owner-provided SWF,container=root; definitionDepth=0; tagOrdinal=1236; payloadBytes=23; rawTagPayloadSha256=b9255147910e77cc232fa329dca9403a08645fa8d42f65c5a7a2f17927a4fa2f; exactTagIdentitySha256=53b34c10e6acd3b8fefa441d10e0d4444db879d3721fccefc3d280f254edeb51; declaredFrameCount=1; runtime reachability unresolved; placement and bounds unresolved; renderer suitability unresolved
swf-definition-01240,504,,sprite,source-assets/flash/HELP MATH_ORIGINAL FILES/HELP_COURSES/ELMGR5/L5/FQ/L5FQ03.swf,,,0b0ac06861ca586360b04b569269a9e536a2a1448378d69f1e6b2be37158d846,DefineSprite,,,none; machine census only; no renderer export,machine-extracted-definition-candidate,owner-provided SWF,container=root; definitionDepth=0; tagOrdinal=1240; payloadBytes=23; rawTagPayloadSha256=0b0ac06861ca586360b04b569269a9e536a2a1448378d69f1e6b2be37158d846; exactTagIdentitySha256=731a8bf40fce744fb9e0e33a8764ff8b668e371b2013bd404ce82598f9eb463f; declaredFrameCount=1; runtime reachability unresolved; placement and bounds unresolved; renderer suitability unresolved
swf-definition-01244,505,,sprite,source-assets/flash/HELP MATH_ORIGINAL FILES/HELP_COURSES/ELMGR5/L5/FQ/L5FQ03.swf,,,615e7ff2dba329582d0eb127562502c699b09256e695b956ed718fb7a2d86c9b,DefineSprite,,,none; machine census only; no renderer export,machine-extracted-definition-candidate,owner-provided SWF,container=root; definitionDepth=0; tagOrdinal=1244; payloadBytes=24; rawTagPayloadSha256=615e7ff2dba329582d0eb127562502c699b09256e695b956ed718fb7a2d86c9b; exactTagIdentitySha256=c915d7761b67f2a0b44ae5a42de1c7241e4a536d748ccf7017e02c258b8ad4f3; declaredFrameCount=1; runtime reachability unresolved; placement and bounds unresolved; renderer suitability unresolved
swf-definition-01248,506,,text,source-assets/flash/HELP MATH_ORIGINAL FILES/HELP_COURSES/ELMGR5/L5/FQ/L5FQ03.swf,,,a4c3963ad94b2afff796384d4ce45cfc3d48f27374cf019ea5fcb15697a0c95e,DefineEditText,,,none; machine census only; no renderer export,machine-extracted-definition-candidate,owner-provided SWF,container=root; definitionDepth=0; tagOrdinal=1248; payloadBytes=39; rawTagPayloadSha256=a4c3963ad94b2afff796384d4ce45cfc3d48f27374cf019ea5fcb15697a0c95e; exactTagIdentitySha256=78d794ead1bdcb3448f109e16f9ba2e4ffe728cb3be77a15d0fbc55b26c124da; runtime reachability unresolved; placement and bounds unresolved; renderer suitability unresolved
swf-definition-01249,507,,text,source-assets/flash/HELP MATH_ORIGINAL FILES/HELP_COURSES/ELMGR5/L5/FQ/L5FQ03.swf,,,0ae05464d59fe1ed485c01943475171d14c234a36f373404612a15e084d0d7cc,DefineEditText,,,none; machine census only; no renderer export,machine-extracted-definition-candidate,owner-provided SWF,container=root; definitionDepth=0; tagOrdinal=1249; payloadBytes=39; rawTagPayloadSha256=0ae05464d59fe1ed485c01943475171d14c234a36f373404612a15e084d0d7cc; exactTagIdentitySha256=a964543b653b7a2ef5a113fc1de4e7d35fee6cca64e420f61b9b600eca1c4f27; runtime reachability unresolved; placement and bounds unresolved; renderer suitability unresolved
swf-definition-01250,508,,text,source-assets/flash/HELP MATH_ORIGINAL FILES/HELP_COURSES/ELMGR5/L5/FQ/L5FQ03.swf,,,da7b79a234b18bc2eb0589377cfadf594ab26b2617143c6f8061b17f4751f806,DefineEditText,,,none; machine census only; no renderer export,machine-extracted-definition-candidate,owner-provided SWF,container=root; definitionDepth=0; tagOrdinal=1250; payloadBytes=39; rawTagPayloadSha256=da7b79a234b18bc2eb0589377cfadf594ab26b2617143c6f8061b17f4751f806; exactTagIdentitySha256=b111d90521848aa77fb635687a45d24eb681e2f40b510f3a21b5004831a70ae3; runtime reachability unresolved; placement and bounds unresolved; renderer suitability unresolved
swf-definition-01251,509,,text,source-assets/flash/HELP MATH_ORIGINAL FILES/HELP_COURSES/ELMGR5/L5/FQ/L5FQ03.swf,,,2cd0d5f002af37f5d3b254f4d9fe699b3a5d55ad279e1a2e6ddb3088c2bf129c,DefineEditText,,,none; machine census only; no renderer export,machine-extracted-definition-candidate,owner-provided SWF,container=root; definitionDepth=0; tagOrdinal=1251; payloadBytes=39; rawTagPayloadSha256=2cd0d5f002af37f5d3b254f4d9fe699b3a5d55ad279e1a2e6ddb3088c2bf129c; exactTagIdentitySha256=b1afeaad331faad29a03aaf46ae2d1ce7a3165f9f14f03e98609d636809b01bc; runtime reachability unresolved; placement and bounds unresolved; renderer suitability unresolved
swf-definition-01252,510,,shape,source-assets/flash/HELP MATH_ORIGINAL FILES/HELP_COURSES/ELMGR5/L5/FQ/L5FQ03.swf,,,a647441e48274e066a1e4cda3a795148866e2642ed9bfe7b61eb25990427648a,DefineShape3,,,none; machine census only; no renderer export,machine-extracted-definition-candidate,owner-provided SWF,container=root; definitionDepth=0; tagOrdinal=1252; payloadBytes=462; rawTagPayloadSha256=a647441e48274e066a1e4cda3a795148866e2642ed9bfe7b61eb25990427648a; exactTagIdentitySha256=f27abd460445089094f7fd72ae0e7260897042940ab424f55f536d6340565256; runtime reachability unresolved; placement and bounds unresolved; renderer suitability unresolved
swf-definition-01253,511,,shape,source-assets/flash/HELP MATH_ORIGINAL FILES/HELP_COURSES/ELMGR5/L5/FQ/L5FQ03.swf,,,74e6bbcc94255791821fff7406147db6ba5e28793c761ba157e18e796d1db547,DefineShape3,,,none; machine census only; no renderer export,machine-extracted-definition-candidate,owner-provided SWF,container=root; definitionDepth=0; tagOrdinal=1253; payloadBytes=462; rawTagPayloadSha256=74e6bbcc94255791821fff7406147db6ba5e28793c761ba157e18e796d1db547; exactTagIdentitySha256=f3aa1ab99033056280910ee2c74a67951875a50f5acc90a20b69aa18642a5ff7; runtime reachability unresolved; placement and bounds unresolved; renderer suitability unresolved
swf-definition-01254,512,,shape,source-assets/flash/HELP MATH_ORIGINAL FILES/HELP_COURSES/ELMGR5/L5/FQ/L5FQ03.swf,,,e8e5488a6882d567d70dd08f072fdf62fbbaba7c032c0abaa88169c5336145f7,DefineShape3,,,none; machine census only; no renderer export,machine-extracted-definition-candidate,owner-provided SWF,container=root; definitionDepth=0; tagOrdinal=1254; payloadBytes=462; rawTagPayloadSha256=e8e5488a6882d567d70dd08f072fdf62fbbaba7c032c0abaa88169c5336145f7; exactTagIdentitySha256=4afff3d4bec3622836173de01ac7a066bd27b647cc4fee8fd1ba711477a45b3a; runtime reachability unresolved; placement and bounds unresolved; renderer suitability unresolved
swf-definition-01255,513,,shape,source-assets/flash/HELP MATH_ORIGINAL FILES/HELP_COURSES/ELMGR5/L5/FQ/L5FQ03.swf,,,fa49954970e4b58d7d0d44238239bdd1fcc1d411f3f3850c7564809bfaeb49e1,DefineShape,,,none; machine census only; no renderer export,machine-extracted-definition-candidate,owner-provided SWF,container=root; definitionDepth=0; tagOrdinal=1255; payloadBytes=38; rawTagPayloadSha256=fa49954970e4b58d7d0d44238239bdd1fcc1d411f3f3850c7564809bfaeb49e1; exactTagIdentitySha256=4bb52ca883b20ada3804a4f90145385cf4d967876fb0586fd49dbc754fae235f; runtime reachability unresolved; placement and bounds unresolved; renderer suitability unresolved
swf-definition-01256,514,,text,source-assets/flash/HELP MATH_ORIGINAL FILES/HELP_COURSES/ELMGR5/L5/FQ/L5FQ03.swf,,,9cfde20ac344faa639425fc298641ec3505fe7384a2763a993b78292320bff2b,DefineEditText,,,none; machine census only; no renderer export,machine-extracted-definition-candidate,owner-provided SWF,container=root; definitionDepth=0; tagOrdinal=1256; payloadBytes=37; rawTagPayloadSha256=9cfde20ac344faa639425fc298641ec3505fe7384a2763a993b78292320bff2b; exactTagIdentitySha256=687ea3b7d65e2e7d351a516bcb1b66e5a4fae36b84a89f45a3e52a5aaedb092b; runtime reachability unresolved; placement and bounds unresolved; renderer suitability unresolved
swf-definition-01257,515,,text,source-assets/flash/HELP MATH_ORIGINAL FILES/HELP_COURSES/ELMGR5/L5/FQ/L5FQ03.swf,,,6ec31739cd185c86188795a43d8319b5ee7397ff3d560015490b6fbb37b14e30,DefineEditText,,,none; machine census only; no renderer export,machine-extracted-definition-candidate,owner-provided SWF,container=root; definitionDepth=0; tagOrdinal=1257; payloadBytes=33; rawTagPayloadSha256=6ec31739cd185c86188795a43d8319b5ee7397ff3d560015490b6fbb37b14e30; exactTagIdentitySha256=9ea90c071c14154c35d73f934532f3ef982ef9cf6f8f6447cc380466187d76e2; runtime reachability unresolved; placement and bounds unresolved; renderer suitability unresolved
swf-definition-01258,516,,text,source-assets/flash/HELP MATH_ORIGINAL FILES/HELP_COURSES/ELMGR5/L5/FQ/L5FQ03.swf,,,1483d65010d1dce2abae1b8fb79ea86bb238844a53fd70d7262e84014c77ada0,DefineEditText,,,none; machine census only; no renderer export,machine-extracted-definition-candidate,owner-provided SWF,container=root; definitionDepth=0; tagOrdinal=1258; payloadBytes=31; rawTagPayloadSha256=1483d65010d1dce2abae1b8fb79ea86bb238844a53fd70d7262e84014c77ada0; exactTagIdentitySha256=1b0152f79dacbffe24e2cffc5bacb5ed3b2e306c3f0cf5056d9371bb96890752; runtime reachability unresolved; placement and bounds unresolved; renderer suitability unresolved
swf-definition-01259,517,,text,source-assets/flash/HELP MATH_ORIGINAL FILES/HELP_COURSES/ELMGR5/L5/FQ/L5FQ03.swf,,,b25329c1469655d4a69a1b5c6c6ab401ce9e11d85e8118be01d658bd1131202c,DefineEditText,,,none; machine census only; no renderer export,machine-extracted-definition-candidate,owner-provided SWF,container=root; definitionDepth=0; tagOrdinal=1259; payloadBytes=31; rawTagPayloadSha256=b25329c1469655d4a69a1b5c6c6ab401ce9e11d85e8118be01d658bd1131202c; exactTagIdentitySha256=f0d46aba143214103b4702b78983fa0d684d0353245d3369b26bcb2cb323697d; runtime reachability unresolved; placement and bounds unresolved; renderer suitability unresolved
swf-definition-01260,518,,sprite,source-assets/flash/HELP MATH_ORIGINAL FILES/HELP_COURSES/ELMGR5/L5/FQ/L5FQ03.swf,,,b62fef6579214d03ba6c40a4d73f9599f39e3c91669e056a99d785001350fe4e,DefineSprite,,,none; machine census only; no renderer export,machine-extracted-definition-candidate,owner-provided SWF,container=root; definitionDepth=0; tagOrdinal=1260; payloadBytes=24; rawTagPayloadSha256=b62fef6579214d03ba6c40a4d73f9599f39e3c91669e056a99d785001350fe4e; exactTagIdentitySha256=c5cad2fbbeb8cd76a7e3a23ac3b5bb070a54cdc3714bbbb5f9429fe70322409a; declaredFrameCount=1; runtime reachability unresolved; placement and bounds unresolved; renderer suitability unresolved
swf-definition-01264,519,,sprite,source-assets/flash/HELP MATH_ORIGINAL FILES/HELP_COURSES/ELMGR5/L5/FQ/L5FQ03.swf,,,b18f6842479f206af1885a62f65736a4b746735de6de40807eccf56ca5217b70,DefineSprite,,,none; machine census only; no renderer export,machine-extracted-definition-candidate,owner-provided SWF,container=root; definitionDepth=0; tagOrdinal=1264; payloadBytes=23; rawTagPayloadSha256=b18f6842479f206af1885a62f65736a4b746735de6de40807eccf56ca5217b70; exactTagIdentitySha256=c5ae44f2720f9df3ea2667c9d66d3f88461a9080200ee0d516089e01305bc8bf; declaredFrameCount=1; runtime reachability unresolved; placement and bounds unresolved; renderer suitability unresolved
swf-definition-01268,520,,sprite,source-assets/flash/HELP MATH_ORIGINAL FILES/HELP_COURSES/ELMGR5/L5/FQ/L5FQ03.swf,,,fb18132d8c6a8eb6c27fb15f166114e821f0408ad9cd1c262d26d8ade29463da,DefineSprite,,,none; machine census only; no renderer export,machine-extracted-definition-candidate,owner-provided SWF,container=root; definitionDepth=0; tagOrdinal=1268; payloadBytes=24; rawTagPayloadSha256=fb18132d8c6a8eb6c27fb15f166114e821f0408ad9cd1c262d26d8ade29463da; exactTagIdentitySha256=c82281922663df507f63ec1ee7ca38b09515b942d044bae61cc16b8295214e04; declaredFrameCount=1; runtime reachability unresolved; placement and bounds unresolved; renderer suitability unresolved
swf-definition-01272,521,,sprite,source-assets/flash/HELP MATH_ORIGINAL FILES/HELP_COURSES/ELMGR5/L5/FQ/L5FQ03.swf,,,02ed90cee166f2c9db83761008f90879838bb3fe1e8ca5dfa49c237f2d76ac7e,DefineSprite,,,none; machine census only; no renderer export,machine-extracted-definition-candidate,owner-provided SWF,container=root; definitionDepth=0; tagOrdinal=1272; payloadBytes=24; rawTagPayloadSha256=02ed90cee166f2c9db83761008f90879838bb3fe1e8ca5dfa49c237f2d76ac7e; exactTagIdentitySha256=1b63c02e0cf287b6513abacecb47f806a22daf1317f41937e269317e6084657c; declaredFrameCount=1; runtime reachability unresolved; placement and bounds unresolved; renderer suitability unresolved
swf-definition-01276,522,,text,source-assets/flash/HELP MATH_ORIGINAL FILES/HELP_COURSES/ELMGR5/L5/FQ/L5FQ03.swf,,,a64abfbc9d5f457e7683f13fca2c401927429ca2d6aa9d8b797764e995b55258,DefineEditText,,,none; machine census only; no renderer export,machine-extracted-definition-candidate,owner-provided SWF,container=root; definitionDepth=0; tagOrdinal=1276; payloadBytes=39; rawTagPayloadSha256=a64abfbc9d5f457e7683f13fca2c401927429ca2d6aa9d8b797764e995b55258; exactTagIdentitySha256=04e54afbf705022b40556017d990cb1b45ce8badcaf5ec61493fb397db9a04f2; runtime reachability unresolved; placement and bounds unresolved; renderer suitability unresolved
swf-definition-01277,523,,text,source-assets/flash/HELP MATH_ORIGINAL FILES/HELP_COURSES/ELMGR5/L5/FQ/L5FQ03.swf,,,cab060d11af899d95e9acf398bd9f855fc51462bef9e4c0fd1b47b6f94eba5c1,DefineEditText,,,none; machine census only; no renderer export,machine-extracted-definition-candidate,owner-provided SWF,container=root; definitionDepth=0; tagOrdinal=1277; payloadBytes=39; rawTagPayloadSha256=cab060d11af899d95e9acf398bd9f855fc51462bef9e4c0fd1b47b6f94eba5c1; exactTagIdentitySha256=2b234b002a8897a68b707a1ced19bf8a0e27910732fffaab327470878bcc6e7a; runtime reachability unresolved; placement and bounds unresolved; renderer suitability unresolved
swf-definition-01278,524,,text,source-assets/flash/HELP MATH_ORIGINAL FILES/HELP_COURSES/ELMGR5/L5/FQ/L5FQ03.swf,,,67865e9bfb65c48b3a965606a2155fab7765719e2f154ec032227cff79344b8b,DefineEditText,,,none; machine census only; no renderer export,machine-extracted-definition-candidate,owner-provided SWF,container=root; definitionDepth=0; tagOrdinal=1278; payloadBytes=39; rawTagPayloadSha256=67865e9bfb65c48b3a965606a2155fab7765719e2f154ec032227cff79344b8b; exactTagIdentitySha256=60310b25463ffe03d5bcf67947bfadbc1c8d025d9a239e9aef33d6d584d719b7; runtime reachability unresolved; placement and bounds unresolved; renderer suitability unresolved
swf-definition-01279,525,,text,source-assets/flash/HELP MATH_ORIGINAL FILES/HELP_COURSES/ELMGR5/L5/FQ/L5FQ03.swf,,,743b85895d565bdbbfcc9dc4a1e075679e04a9024e4d93bcfe8a27132273d83a,DefineEditText,,,none; machine census only; no renderer export,machine-extracted-definition-candidate,owner-provided SWF,container=root; definitionDepth=0; tagOrdinal=1279; payloadBytes=39; rawTagPayloadSha256=743b85895d565bdbbfcc9dc4a1e075679e04a9024e4d93bcfe8a27132273d83a; exactTagIdentitySha256=1c720e01e502eaebec0d9c78d1acf73d19cfea9a35c91b09974db5b37ce91934; runtime reachability unresolved; placement and bounds unresolved; renderer suitability unresolved
swf-definition-01280,526,,shape,source-assets/flash/HELP MATH_ORIGINAL FILES/HELP_COURSES/ELMGR5/L5/FQ/L5FQ03.swf,,,2c7e33d409264cce27c376750d4dedce78077dd0f51499f9d48b102cadbfa86b,DefineShape3,,,none; machine census only; no renderer export,machine-extracted-definition-candidate,owner-provided SWF,container=root; definitionDepth=0; tagOrdinal=1280; payloadBytes=462; rawTagPayloadSha256=2c7e33d409264cce27c376750d4dedce78077dd0f51499f9d48b102cadbfa86b; exactTagIdentitySha256=b8b903a4794a95a57d76b9028c3407e09d6eefe2ccfad2584892c79ef88af0c1; runtime reachability unresolved; placement and bounds unresolved; renderer suitability unresolved
swf-definition-01281,527,,shape,source-assets/flash/HELP MATH_ORIGINAL FILES/HELP_COURSES/ELMGR5/L5/FQ/L5FQ03.swf,,,4626f0379e369be7213fe4534a169e39bfbe63af7b526732af3e3c3ca3466b69,DefineShape,,,none; machine census only; no renderer export,machine-extracted-definition-candidate,owner-provided SWF,container=root; definitionDepth=0; tagOrdinal=1281; payloadBytes=38; rawTagPayloadSha256=4626f0379e369be7213fe4534a169e39bfbe63af7b526732af3e3c3ca3466b69; exactTagIdentitySha256=3d4f692359f1b176e69741cef06fa640e9a9b82bddd46aa1c5c733228c56eb5c; runtime reachability unresolved; placement and bounds unresolved; renderer suitability unresolved
swf-definition-01282,528,,text,source-assets/flash/HELP MATH_ORIGINAL FILES/HELP_COURSES/ELMGR5/L5/FQ/L5FQ03.swf,,,8c38b15c2caaaeaabd7a55b221e39e5f88d60a61b55d636c940e6dbd9ddfdc35,DefineEditText,,,none; machine census only; no renderer export,machine-extracted-definition-candidate,owner-provided SWF,container=root; definitionDepth=0; tagOrdinal=1282; payloadBytes=37; rawTagPayloadSha256=8c38b15c2caaaeaabd7a55b221e39e5f88d60a61b55d636c940e6dbd9ddfdc35; exactTagIdentitySha256=46b0621fa077e7071222d3dd746f31335ed9cae0620640ff5d9e57bdc25deed2; runtime reachability unresolved; placement and bounds unresolved; renderer suitability unresolved
swf-definition-01283,529,,text,source-assets/flash/HELP MATH_ORIGINAL FILES/HELP_COURSES/ELMGR5/L5/FQ/L5FQ03.swf,,,57522b6260af29e2501e75f906d3d44eeffb936189217c92dd6601660575665d,DefineEditText,,,none; machine census only; no renderer export,machine-extracted-definition-candidate,owner-provided SWF,container=root; definitionDepth=0; tagOrdinal=1283; payloadBytes=33; rawTagPayloadSha256=57522b6260af29e2501e75f906d3d44eeffb936189217c92dd6601660575665d; exactTagIdentitySha256=90b84a78dc954be8a84f979bdb3f1130c4319ad388ced516c9e5ac5083c92e9e; runtime reachability unresolved; placement and bounds unresolved; renderer suitability unresolved
swf-definition-01284,530,,text,source-assets/flash/HELP MATH_ORIGINAL FILES/HELP_COURSES/ELMGR5/L5/FQ/L5FQ03.swf,,,8765b0236dedffccc4f25b643298f0cfd85bd6eafe1737b529f81161f6870a85,DefineEditText,,,none; machine census only; no renderer export,machine-extracted-definition-candidate,owner-provided SWF,container=root; definitionDepth=0; tagOrdinal=1284; payloadBytes=31; rawTagPayloadSha256=8765b0236dedffccc4f25b643298f0cfd85bd6eafe1737b529f81161f6870a85; exactTagIdentitySha256=41f214004e60fd6d954b506933dfe266455ad6e6d15d429354823bfd8dbe9c14; runtime reachability unresolved; placement and bounds unresolved; renderer suitability unresolved
swf-definition-01285,531,,text,source-assets/flash/HELP MATH_ORIGINAL FILES/HELP_COURSES/ELMGR5/L5/FQ/L5FQ03.swf,,,bc812ca6d35f41f6aeb2d930547236913959d50db1eeb6f62c2b06a37da03bb2,DefineEditText,,,none; machine census only; no renderer export,machine-extracted-definition-candidate,owner-provided SWF,container=root; definitionDepth=0; tagOrdinal=1285; payloadBytes=31; rawTagPayloadSha256=bc812ca6d35f41f6aeb2d930547236913959d50db1eeb6f62c2b06a37da03bb2; exactTagIdentitySha256=60403cf3e2a08ac751450dc1ed38845a44127c1da260ae5fb39bb698839ab674; runtime reachability unresolved; placement and bounds unresolved; renderer suitability unresolved
swf-definition-01286,532,,text,source-assets/flash/HELP MATH_ORIGINAL FILES/HELP_COURSES/ELMGR5/L5/FQ/L5FQ03.swf,,,ade6d27584a260050d6949cfac35f44400a139e7b8192a653c63b77534b0d4ba,DefineEditText,,,none; machine census only; no renderer export,machine-extracted-definition-candidate,owner-provided SWF,container=root; definitionDepth=0; tagOrdinal=1286; payloadBytes=39; rawTagPayloadSha256=ade6d27584a260050d6949cfac35f44400a139e7b8192a653c63b77534b0d4ba; exactTagIdentitySha256=e70029b65d3db7b9b19c337757ca9b03c00c99339bff3d80513edce348ea0d80; runtime reachability unresolved; placement and bounds unresolved; renderer suitability unresolved
swf-definition-01287,533,,text,source-assets/flash/HELP MATH_ORIGINAL FILES/HELP_COURSES/ELMGR5/L5/FQ/L5FQ03.swf,,,55f282cf4791bbdec08f97f9e457f14fb440bd1767a62be14f64d10c54eadf4f,DefineEditText,,,none; machine census only; no renderer export,machine-extracted-definition-candidate,owner-provided SWF,container=root; definitionDepth=0; tagOrdinal=1287; payloadBytes=39; rawTagPayloadSha256=55f282cf4791bbdec08f97f9e457f14fb440bd1767a62be14f64d10c54eadf4f; exactTagIdentitySha256=fca11d4c539b8120f607b2c93dba7bcda1551d432d7ab64ddb128b129890473b; runtime reachability unresolved; placement and bounds unresolved; renderer suitability unresolved
swf-definition-01288,534,,text,source-assets/flash/HELP MATH_ORIGINAL FILES/HELP_COURSES/ELMGR5/L5/FQ/L5FQ03.swf,,,5bc6b6711a0d27b9eeff5f37c6603ed95519cbab077b0f6bd0792a186b68c195,DefineEditText,,,none; machine census only; no renderer export,machine-extracted-definition-candidate,owner-provided SWF,container=root; definitionDepth=0; tagOrdinal=1288; payloadBytes=39; rawTagPayloadSha256=5bc6b6711a0d27b9eeff5f37c6603ed95519cbab077b0f6bd0792a186b68c195; exactTagIdentitySha256=04850493e277a4f9d06199bf7689c1fc8298c4b0a91817ec6ea5225d5e35f8ed; runtime reachability unresolved; placement and bounds unresolved; renderer suitability unresolved
swf-definition-01289,535,,text,source-assets/flash/HELP MATH_ORIGINAL FILES/HELP_COURSES/ELMGR5/L5/FQ/L5FQ03.swf,,,08f52bf3b12af51cfd2c2e4964b276ce2e41ec6ea89703d667ae377a521f0eb4,DefineEditText,,,none; machine census only; no renderer export,machine-extracted-definition-candidate,owner-provided SWF,container=root; definitionDepth=0; tagOrdinal=1289; payloadBytes=39; rawTagPayloadSha256=08f52bf3b12af51cfd2c2e4964b276ce2e41ec6ea89703d667ae377a521f0eb4; exactTagIdentitySha256=526bcb96fcb32b666aa03cf494b9101fc83f08514685156f3a3031b59b2b739b; runtime reachability unresolved; placement and bounds unresolved; renderer suitability unresolved
swf-definition-01290,536,,sprite,source-assets/flash/HELP MATH_ORIGINAL FILES/HELP_COURSES/ELMGR5/L5/FQ/L5FQ03.swf,,,d5a13d28f4309c6a7c5a3ccf3bf7395ed54d51d23ef036f478e131ef390a7eb4,DefineSprite,,,none; machine census only; no renderer export,machine-extracted-definition-candidate,owner-provided SWF,container=root; definitionDepth=0; tagOrdinal=1290; payloadBytes=23; rawTagPayloadSha256=d5a13d28f4309c6a7c5a3ccf3bf7395ed54d51d23ef036f478e131ef390a7eb4; exactTagIdentitySha256=08456b1f7c35501b4c720417afe732e4595e6ce24e119be9feed4ff6cfad6f9f; declaredFrameCount=1; runtime reachability unresolved; placement and bounds unresolved; renderer suitability unresolved
swf-definition-01294,537,,sprite,source-assets/flash/HELP MATH_ORIGINAL FILES/HELP_COURSES/ELMGR5/L5/FQ/L5FQ03.swf,,,533b52c9f46544a66d4d12338eab818380ac49cee8f3d90d28f8d33983974dbc,DefineSprite,,,none; machine census only; no renderer export,machine-extracted-definition-candidate,owner-provided SWF,container=root; definitionDepth=0; tagOrdinal=1294; payloadBytes=23; rawTagPayloadSha256=533b52c9f46544a66d4d12338eab818380ac49cee8f3d90d28f8d33983974dbc; exactTagIdentitySha256=c5442c6c1ee5af7958972c90a8977806f22cdadd3ef90dfb1dc4d3d965c48e8d; declaredFrameCount=1; runtime reachability unresolved; placement and bounds unresolved; renderer suitability unresolved
swf-definition-01298,538,,sprite,source-assets/flash/HELP MATH_ORIGINAL FILES/HELP_COURSES/ELMGR5/L5/FQ/L5FQ03.swf,,,894dc39b0fa7102d8c3e5f85a6a755483d5f786854e71af172c9672aeec3d9f9,DefineSprite,,,none; machine census only; no renderer export,machine-extracted-definition-candidate,owner-provided SWF,container=root; definitionDepth=0; tagOrdinal=1298; payloadBytes=23; rawTagPayloadSha256=894dc39b0fa7102d8c3e5f85a6a755483d5f786854e71af172c9672aeec3d9f9; exactTagIdentitySha256=f2814e1873fea6195bf2b9e0a44492b702ff4b0b41a1b648c98422e232e993a6; declaredFrameCount=1; runtime reachability unresolved; placement and bounds unresolved; renderer suitability unresolved
swf-definition-01302,539,,sprite,source-assets/flash/HELP MATH_ORIGINAL FILES/HELP_COURSES/ELMGR5/L5/FQ/L5FQ03.swf,,,16a6ebd65e09cf1f498667c995203ab0958363c36896366c55a59b0a5eac5f03,DefineSprite,,,none; machine census only; no renderer export,machine-extracted-definition-candidate,owner-provided SWF,container=root; definitionDepth=0; tagOrdinal=1302; payloadBytes=23; rawTagPayloadSha256=16a6ebd65e09cf1f498667c995203ab0958363c36896366c55a59b0a5eac5f03; exactTagIdentitySha256=d168e4b2f3fb97c846e8be32ac950b994d7f0dd6c154c8760785ff71d1d6a693; declaredFrameCount=1; runtime reachability unresolved; placement and bounds unresolved; renderer suitability unresolved
swf-definition-01306,540,,shape,source-assets/flash/HELP MATH_ORIGINAL FILES/HELP_COURSES/ELMGR5/L5/FQ/L5FQ03.swf,,,765b7384712b64b35fbbbb163322a9605205bf368b16f5d8785c23823052b2b5,DefineShape3,,,none; machine census only; no renderer export,machine-extracted-definition-candidate,owner-provided SWF,container=root; definitionDepth=0; tagOrdinal=1306; payloadBytes=462; rawTagPayloadSha256=765b7384712b64b35fbbbb163322a9605205bf368b16f5d8785c23823052b2b5; exactTagIdentitySha256=dd0f65a76aa7c62d10f733f49469b087adb82b2adcd89b7947befb338f1827ed; runtime reachability unresolved; placement and bounds unresolved; renderer suitability unresolved
swf-definition-01307,541,,shape,source-assets/flash/HELP MATH_ORIGINAL FILES/HELP_COURSES/ELMGR5/L5/FQ/L5FQ03.swf,,,b2979f60ee30b3da8438553f6f10a148fe0c05cb9477c66274d5836eb415c76c,DefineShape,,,none; machine census only; no renderer export,machine-extracted-definition-candidate,owner-provided SWF,container=root; definitionDepth=0; tagOrdinal=1307; payloadBytes=38; rawTagPayloadSha256=b2979f60ee30b3da8438553f6f10a148fe0c05cb9477c66274d5836eb415c76c; exactTagIdentitySha256=70302b4550b39c7d5e2df0d1cd8fbabf9b6ca837e512c3cdb813bdaf18c0faff; runtime reachability unresolved; placement and bounds unresolved; renderer suitability unresolved
swf-definition-01308,542,,text,source-assets/flash/HELP MATH_ORIGINAL FILES/HELP_COURSES/ELMGR5/L5/FQ/L5FQ03.swf,,,7247ec1ac0bd4e24d487b4c6d7ece2312c2af356d5731895daa2df1a6d41e61d,DefineEditText,,,none; machine census only; no renderer export,machine-extracted-definition-candidate,owner-provided SWF,container=root; definitionDepth=0; tagOrdinal=1308; payloadBytes=37; rawTagPayloadSha256=7247ec1ac0bd4e24d487b4c6d7ece2312c2af356d5731895daa2df1a6d41e61d; exactTagIdentitySha256=49f828b24d2b5a3f21f1091bad9b176675ab527086345ba8ff038d743de3ea5e; runtime reachability unresolved; placement and bounds unresolved; renderer suitability unresolved
swf-definition-01309,543,,text,source-assets/flash/HELP MATH_ORIGINAL FILES/HELP_COURSES/ELMGR5/L5/FQ/L5FQ03.swf,,,98b523055991e3304580c56458908bef00f3e649bd0efd47082b11824e531183,DefineEditText,,,none; machine census only; no renderer export,machine-extracted-definition-candidate,owner-provided SWF,container=root; definitionDepth=0; tagOrdinal=1309; payloadBytes=33; rawTagPayloadSha256=98b523055991e3304580c56458908bef00f3e649bd0efd47082b11824e531183; exactTagIdentitySha256=e5802441e5291764841dbd7e14335e88a8f3af63c17d282762751da8f4566db1; runtime reachability unresolved; placement and bounds unresolved; renderer suitability unresolved
swf-definition-01310,544,,text,source-assets/flash/HELP MATH_ORIGINAL FILES/HELP_COURSES/ELMGR5/L5/FQ/L5FQ03.swf,,,11a2c143d3db863e7d3f5a63e455daeb24af81b6f51d8a538eca3572f9eca666,DefineEditText,,,none; machine census only; no renderer export,machine-extracted-definition-candidate,owner-provided SWF,container=root; definitionDepth=0; tagOrdinal=1310; payloadBytes=31; rawTagPayloadSha256=11a2c143d3db863e7d3f5a63e455daeb24af81b6f51d8a538eca3572f9eca666; exactTagIdentitySha256=9a877803ab7be78cd605c2d6afe4dc8ee584b9537baf327f949857c99fefa8e1; runtime reachability unresolved; placement and bounds unresolved; renderer suitability unresolved
swf-definition-01311,545,,text,source-assets/flash/HELP MATH_ORIGINAL FILES/HELP_COURSES/ELMGR5/L5/FQ/L5FQ03.swf,,,f21e9ac1937f25a0de327ee8ebd78bc9bf5ce1b9ce9fd824e19e123752c62481,DefineEditText,,,none; machine census only; no renderer export,machine-extracted-definition-candidate,owner-provided SWF,container=root; definitionDepth=0; tagOrdinal=1311; payloadBytes=31; rawTagPayloadSha256=f21e9ac1937f25a0de327ee8ebd78bc9bf5ce1b9ce9fd824e19e123752c62481; exactTagIdentitySha256=9eac39949c8bc1efad463a40bb92370d00df326534a4a2ee515fc70df3d896ae; runtime reachability unresolved; placement and bounds unresolved; renderer suitability unresolved
swf-definition-01312,546,,text,source-assets/flash/HELP MATH_ORIGINAL FILES/HELP_COURSES/ELMGR5/L5/FQ/L5FQ03.swf,,,d976c80d27b6393fd4d1ce50bdd5cd0a6499c7f4a22ed845fbeff18c35dac387,DefineEditText,,,none; machine census only; no renderer export,machine-extracted-definition-candidate,owner-provided SWF,container=root; definitionDepth=0; tagOrdinal=1312; payloadBytes=39; rawTagPayloadSha256=d976c80d27b6393fd4d1ce50bdd5cd0a6499c7f4a22ed845fbeff18c35dac387; exactTagIdentitySha256=3aacdd5cfdf0cc13c4870053cb3ca7856cedf463555f0bdde6da5dcb267b67c8; runtime reachability unresolved; placement and bounds unresolved; renderer suitability unresolved
swf-definition-01313,547,,text,source-assets/flash/HELP MATH_ORIGINAL FILES/HELP_COURSES/ELMGR5/L5/FQ/L5FQ03.swf,,,ddb04c6d120dd8d7741d65b40b9e2b11d2008bf1a078cf146fed93a9359b125b,DefineEditText,,,none; machine census only; no renderer export,machine-extracted-definition-candidate,owner-provided SWF,container=root; definitionDepth=0; tagOrdinal=1313; payloadBytes=39; rawTagPayloadSha256=ddb04c6d120dd8d7741d65b40b9e2b11d2008bf1a078cf146fed93a9359b125b; exactTagIdentitySha256=4d6a9d8106efe9bbf702dbb942ae5b005d9e1195c4369ce649e3f00cb5e83259; runtime reachability unresolved; placement and bounds unresolved; renderer suitability unresolved
swf-definition-01314,548,,text,source-assets/flash/HELP MATH_ORIGINAL FILES/HELP_COURSES/ELMGR5/L5/FQ/L5FQ03.swf,,,e6af1ee94202f9c6ce2bf654b93c5249b4f3f0db1983f958924627aebf0fb848,DefineEditText,,,none; machine census only; no renderer export,machine-extracted-definition-candidate,owner-provided SWF,container=root; definitionDepth=0; tagOrdinal=1314; payloadBytes=39; rawTagPayloadSha256=e6af1ee94202f9c6ce2bf654b93c5249b4f3f0db1983f958924627aebf0fb848; exactTagIdentitySha256=06153bb8c1f1c8a67274201edb87059c2d47f9bbc78bc828c88d0a7a3e0d4c76; runtime reachability unresolved; placement and bounds unresolved; renderer suitability unresolved
swf-definition-01315,549,,text,source-assets/flash/HELP MATH_ORIGINAL FILES/HELP_COURSES/ELMGR5/L5/FQ/L5FQ03.swf,,,08c999a0d99805e1427e2a190a8d5ed591a9db644059b9e3cccf4575f14956de,DefineEditText,,,none; machine census only; no renderer export,machine-extracted-definition-candidate,owner-provided SWF,container=root; definitionDepth=0; tagOrdinal=1315; payloadBytes=39; rawTagPayloadSha256=08c999a0d99805e1427e2a190a8d5ed591a9db644059b9e3cccf4575f14956de; exactTagIdentitySha256=a819234dd609980279d14b6d5b842a5f394406e0f49a9bc75b85e558009c3f7b; runtime reachability unresolved; placement and bounds unresolved; renderer suitability unresolved
swf-definition-01316,550,,sprite,source-assets/flash/HELP MATH_ORIGINAL FILES/HELP_COURSES/ELMGR5/L5/FQ/L5FQ03.swf,,,f11e1033825b93fa32f022286e6c148d36d0227448d7561a2f52f4bafa14abf8,DefineSprite,,,none; machine census only; no renderer export,machine-extracted-definition-candidate,owner-provided SWF,container=root; definitionDepth=0; tagOrdinal=1316; payloadBytes=23; rawTagPayloadSha256=f11e1033825b93fa32f022286e6c148d36d0227448d7561a2f52f4bafa14abf8; exactTagIdentitySha256=cbf6619999ad73390b60a3d9d8cc828a53fab50f079e98ad65b8253c5ab46ffa; declaredFrameCount=1; runtime reachability unresolved; placement and bounds unresolved; renderer suitability unresolved
swf-definition-01320,551,,sprite,source-assets/flash/HELP MATH_ORIGINAL FILES/HELP_COURSES/ELMGR5/L5/FQ/L5FQ03.swf,,,4a7082cec009879007c9d26468dd61ef32032ae822cdbb60a82ae1002c43451d,DefineSprite,,,none; machine census only; no renderer export,machine-extracted-definition-candidate,owner-provided SWF,container=root; definitionDepth=0; tagOrdinal=1320; payloadBytes=23; rawTagPayloadSha256=4a7082cec009879007c9d26468dd61ef32032ae822cdbb60a82ae1002c43451d; exactTagIdentitySha256=90c1f555f530604c985916ab64b0ad5a215f988041fcc847f347cdbdfaccd7cc; declaredFrameCount=1; runtime reachability unresolved; placement and bounds unresolved; renderer suitability unresolved
swf-definition-01324,552,,sprite,source-assets/flash/HELP MATH_ORIGINAL FILES/HELP_COURSES/ELMGR5/L5/FQ/L5FQ03.swf,,,3e6767923a85b1d1d59333fac5487e78b6830bc730e8a3a5ee70ac811de95197,DefineSprite,,,none; machine census only; no renderer export,machine-extracted-definition-candidate,owner-provided SWF,container=root; definitionDepth=0; tagOrdinal=1324; payloadBytes=23; rawTagPayloadSha256=3e6767923a85b1d1d59333fac5487e78b6830bc730e8a3a5ee70ac811de95197; exactTagIdentitySha256=dc332b113dea33e4084d2ae9b5430ce8e08435a0eb00b313fca0f5043649cdae; declaredFrameCount=1; runtime reachability unresolved; placement and bounds unresolved; renderer suitability unresolved
swf-definition-01328,553,,sprite,source-assets/flash/HELP MATH_ORIGINAL FILES/HELP_COURSES/ELMGR5/L5/FQ/L5FQ03.swf,,,a27205695908fb07edfdaa71d288fccb18854314c1b3146e347b853008930b9e,DefineSprite,,,none; machine census only; no renderer export,machine-extracted-definition-candidate,owner-provided SWF,container=root; definitionDepth=0; tagOrdinal=1328; payloadBytes=23; rawTagPayloadSha256=a27205695908fb07edfdaa71d288fccb18854314c1b3146e347b853008930b9e; exactTagIdentitySha256=ff716b97edaf99f1ce83153fbac168d1aa8fee957514480ebf7979d150de81c8; declaredFrameCount=1; runtime reachability unresolved; placement and bounds unresolved; renderer suitability unresolved
swf-definition-01332,554,,shape,source-assets/flash/HELP MATH_ORIGINAL FILES/HELP_COURSES/ELMGR5/L5/FQ/L5FQ03.swf,,,306ead4f4b3092921034101c0008a4be873351fe127b9a0a8bed34d09b4f14bc,DefineShape3,,,none; machine census only; no renderer export,machine-extracted-definition-candidate,owner-provided SWF,container=root; definitionDepth=0; tagOrdinal=1332; payloadBytes=462; rawTagPayloadSha256=306ead4f4b3092921034101c0008a4be873351fe127b9a0a8bed34d09b4f14bc; exactTagIdentitySha256=e0b42f3bcf82d969292fb4c7cc7805a475b448e25430ca55a81e7e63f41aedd1; runtime reachability unresolved; placement and bounds unresolved; renderer suitability unresolved
swf-definition-01333,555,,shape,source-assets/flash/HELP MATH_ORIGINAL FILES/HELP_COURSES/ELMGR5/L5/FQ/L5FQ03.swf,,,1a578781e02c3634e57983c0c22e0c477c4b262a1cbd27eff5915ea0303132b8,DefineShape3,,,none; machine census only; no renderer export,machine-extracted-definition-candidate,owner-provided SWF,container=root; definitionDepth=0; tagOrdinal=1333; payloadBytes=462; rawTagPayloadSha256=1a578781e02c3634e57983c0c22e0c477c4b262a1cbd27eff5915ea0303132b8; exactTagIdentitySha256=4eb6b40c1bfa16a25f343d1ef33ec69959911d5006e4d2496169a0244a584bba; runtime reachability unresolved; placement and bounds unresolved; renderer suitability unresolved
swf-definition-01334,556,,shape,source-assets/flash/HELP MATH_ORIGINAL FILES/HELP_COURSES/ELMGR5/L5/FQ/L5FQ03.swf,,,e6723ec87fc88ebe5f06aacd89ceec0f4efb3ce537a52db2190d505d31c767c5,DefineShape3,,,none; machine census only; no renderer export,machine-extracted-definition-candidate,owner-provided SWF,container=root; definitionDepth=0; tagOrdinal=1334; payloadBytes=462; rawTagPayloadSha256=e6723ec87fc88ebe5f06aacd89ceec0f4efb3ce537a52db2190d505d31c767c5; exactTagIdentitySha256=6c077dc73e1e92b6afd35fa73e39b8012eb0a065c9cf008a7cf5b65b4ca0204e; runtime reachability unresolved; placement and bounds unresolved; renderer suitability unresolved
swf-definition-01335,557,,shape,source-assets/flash/HELP MATH_ORIGINAL FILES/HELP_COURSES/ELMGR5/L5/FQ/L5FQ03.swf,,,41d62c0597dd102b705c256fd9e840baa42d61dbf70787cd54617f5e753684e6,DefineShape,,,none; machine census only; no renderer export,machine-extracted-definition-candidate,owner-provided SWF,container=root; definitionDepth=0; tagOrdinal=1335; payloadBytes=38; rawTagPayloadSha256=41d62c0597dd102b705c256fd9e840baa42d61dbf70787cd54617f5e753684e6; exactTagIdentitySha256=bf9ac10c3a8506b4f4f7a68841aa3f88f8d344dea776de705af5a82daa4ad4e2; runtime reachability unresolved; placement and bounds unresolved; renderer suitability unresolved
swf-definition-01336,558,,text,source-assets/flash/HELP MATH_ORIGINAL FILES/HELP_COURSES/ELMGR5/L5/FQ/L5FQ03.swf,,,c615961eb03d53bd78841b5375df2232b0592500fd950b4304d992a7218b75b7,DefineEditText,,,none; machine census only; no renderer export,machine-extracted-definition-candidate,owner-provided SWF,container=root; definitionDepth=0; tagOrdinal=1336; payloadBytes=37; rawTagPayloadSha256=c615961eb03d53bd78841b5375df2232b0592500fd950b4304d992a7218b75b7; exactTagIdentitySha256=ed35454b963084c6c403b9084800b78a511e8a192bb733a45266776a744b3fa6; runtime reachability unresolved; placement and bounds unresolved; renderer suitability unresolved
swf-definition-01337,559,,text,source-assets/flash/HELP MATH_ORIGINAL FILES/HELP_COURSES/ELMGR5/L5/FQ/L5FQ03.swf,,,5057aa00aa2bf15745eb09e1a6339dd6c38c89ba43fe2eff0a7758851d9e4e78,DefineEditText,,,none; machine census only; no renderer export,machine-extracted-definition-candidate,owner-provided SWF,container=root; definitionDepth=0; tagOrdinal=1337; payloadBytes=33; rawTagPayloadSha256=5057aa00aa2bf15745eb09e1a6339dd6c38c89ba43fe2eff0a7758851d9e4e78; exactTagIdentitySha256=8692f3d320532cf313d3b4efe89ebb1fcc2c980366c35af255042599ba66ebee; runtime reachability unresolved; placement and bounds unresolved; renderer suitability unresolved
swf-definition-01338,560,,text,source-assets/flash/HELP MATH_ORIGINAL FILES/HELP_COURSES/ELMGR5/L5/FQ/L5FQ03.swf,,,f078cd5a1a3bbc0385ab80dacc320e5252b0d0a5354916bd9de97cea90d899e3,DefineEditText,,,none; machine census only; no renderer export,machine-extracted-definition-candidate,owner-provided SWF,container=root; definitionDepth=0; tagOrdinal=1338; payloadBytes=31; rawTagPayloadSha256=f078cd5a1a3bbc0385ab80dacc320e5252b0d0a5354916bd9de97cea90d899e3; exactTagIdentitySha256=bbbe9cb1a937bcc0210ddf24982ded0d9e89ee7608973a996eae9dc970a05137; runtime reachability unresolved; placement and bounds unresolved; renderer suitability unresolved
swf-definition-01339,561,,text,source-assets/flash/HELP MATH_ORIGINAL FILES/HELP_COURSES/ELMGR5/L5/FQ/L5FQ03.swf,,,3189247242e5373fa01c9796ada07679ef5274a4e3f23116c382fd6c281c24fb,DefineEditText,,,none; machine census only; no renderer export,machine-extracted-definition-candidate,owner-provided SWF,container=root; definitionDepth=0; tagOrdinal=1339; payloadBytes=31; rawTagPayloadSha256=3189247242e5373fa01c9796ada07679ef5274a4e3f23116c382fd6c281c24fb; exactTagIdentitySha256=a3006d58ab8bae0b7c5d7f34063fa339acb8decf891bbcbf497b4609ca3c613e; runtime reachability unresolved; placement and bounds unresolved; renderer suitability unresolved
swf-definition-01340,562,,text,source-assets/flash/HELP MATH_ORIGINAL FILES/HELP_COURSES/ELMGR5/L5/FQ/L5FQ03.swf,,,69f8e6c90dfd7c4a03873abae1a01ed80642b539b8f6a92b9391db9689dc6ed5,DefineEditText,,,none; machine census only; no renderer export,machine-extracted-definition-candidate,owner-provided SWF,container=root; definitionDepth=0; tagOrdinal=1340; payloadBytes=39; rawTagPayloadSha256=69f8e6c90dfd7c4a03873abae1a01ed80642b539b8f6a92b9391db9689dc6ed5; exactTagIdentitySha256=b1452b753914437e495f45075bbb5e51535eded13b303552d9f57da89aed7000; runtime reachability unresolved; placement and bounds unresolved; renderer suitability unresolved
swf-definition-01341,563,,text,source-assets/flash/HELP MATH_ORIGINAL FILES/HELP_COURSES/ELMGR5/L5/FQ/L5FQ03.swf,,,d0c4ba397a892a16f7e6e0f60c2971a7b345be6419e761baed97707225ba9c58,DefineEditText,,,none; machine census only; no renderer export,machine-extracted-definition-candidate,owner-provided SWF,container=root; definitionDepth=0; tagOrdinal=1341; payloadBytes=39; rawTagPayloadSha256=d0c4ba397a892a16f7e6e0f60c2971a7b345be6419e761baed97707225ba9c58; exactTagIdentitySha256=075e3248e25be46ce39da9569c716dc9d80f40381ba2d1348e6ee8ee19d73c72; runtime reachability unresolved; placement and bounds unresolved; renderer suitability unresolved
swf-definition-01342,564,,text,source-assets/flash/HELP MATH_ORIGINAL FILES/HELP_COURSES/ELMGR5/L5/FQ/L5FQ03.swf,,,355c8bedc84ad8c444d596096c9c49838749cef2316c0ff87b98362531e14e9b,DefineEditText,,,none; machine census only; no renderer export,machine-extracted-definition-candidate,owner-provided SWF,container=root; definitionDepth=0; tagOrdinal=1342; payloadBytes=39; rawTagPayloadSha256=355c8bedc84ad8c444d596096c9c49838749cef2316c0ff87b98362531e14e9b; exactTagIdentitySha256=d48762f58d0096f3ad0ff1be9ae73b2e055a8893e16e8008c1cdfe73f98cc3e5; runtime reachability unresolved; placement and bounds unresolved; renderer suitability unresolved
swf-definition-01343,565,,text,source-assets/flash/HELP MATH_ORIGINAL FILES/HELP_COURSES/ELMGR5/L5/FQ/L5FQ03.swf,,,b8ce58b3d379e9172db439f5392041ecc8b9a4f309a56fac0316aad8a362cf81,DefineEditText,,,none; machine census only; no renderer export,machine-extracted-definition-candidate,owner-provided SWF,container=root; definitionDepth=0; tagOrdinal=1343; payloadBytes=39; rawTagPayloadSha256=b8ce58b3d379e9172db439f5392041ecc8b9a4f309a56fac0316aad8a362cf81; exactTagIdentitySha256=4cf7b66e0629e47b5bd356334994dd3f2cdaae2ffe552c54ca4b27fc02943a76; runtime reachability unresolved; placement and bounds unresolved; renderer suitability unresolved
swf-definition-01344,566,,sprite,source-assets/flash/HELP MATH_ORIGINAL FILES/HELP_COURSES/ELMGR5/L5/FQ/L5FQ03.swf,,,b3765f1019365aa3de8aba4050db432dfe2f8195a606b34051eb66ac09f66fbe,DefineSprite,,,none; machine census only; no renderer export,machine-extracted-definition-candidate,owner-provided SWF,container=root; definitionDepth=0; tagOrdinal=1344; payloadBytes=23; rawTagPayloadSha256=b3765f1019365aa3de8aba4050db432dfe2f8195a606b34051eb66ac09f66fbe; exactTagIdentitySha256=f1bc24d26c8db14065fb831b69a708509e69c44570906af55283d52022d211c9; declaredFrameCount=1; runtime reachability unresolved; placement and bounds unresolved; renderer suitability unresolved
swf-definition-01348,567,,sprite,source-assets/flash/HELP MATH_ORIGINAL FILES/HELP_COURSES/ELMGR5/L5/FQ/L5FQ03.swf,,,095ac93ea4c0dce0777085a31daee34737c01ff1d0befe4dd1e39da154f9faeb,DefineSprite,,,none; machine census only; no renderer export,machine-extracted-definition-candidate,owner-provided SWF,container=root; definitionDepth=0; tagOrdinal=1348; payloadBytes=23; rawTagPayloadSha256=095ac93ea4c0dce0777085a31daee34737c01ff1d0befe4dd1e39da154f9faeb; exactTagIdentitySha256=6b94d436c648e39f9c628b788d30ec224f58e38297a2905725c860d87b0c1f7a; declaredFrameCount=1; runtime reachability unresolved; placement and bounds unresolved; renderer suitability unresolved
swf-definition-01352,568,,sprite,source-assets/flash/HELP MATH_ORIGINAL FILES/HELP_COURSES/ELMGR5/L5/FQ/L5FQ03.swf,,,7c4b58da8fa91de46c28e3b5b62b81ed3ce0ac688c1822aebd81764e86707750,DefineSprite,,,none; machine census only; no renderer export,machine-extracted-definition-candidate,owner-provided SWF,container=root; definitionDepth=0; tagOrdinal=1352; payloadBytes=23; rawTagPayloadSha256=7c4b58da8fa91de46c28e3b5b62b81ed3ce0ac688c1822aebd81764e86707750; exactTagIdentitySha256=add5868ebb7679a6a1ca49e60fb39478cecc2b348ca4d97b70a3c53ea70e3b73; declaredFrameCount=1; runtime reachability unresolved; placement and bounds unresolved; renderer suitability unresolved
swf-definition-01356,569,,sprite,source-assets/flash/HELP MATH_ORIGINAL FILES/HELP_COURSES/ELMGR5/L5/FQ/L5FQ03.swf,,,e65c6a6e37a146d79edcb964ef37315eff241df84e5be2103df4a62e1ad4e7ec,DefineSprite,,,none; machine census only; no renderer export,machine-extracted-definition-candidate,owner-provided SWF,container=root; definitionDepth=0; tagOrdinal=1356; payloadBytes=23; rawTagPayloadSha256=e65c6a6e37a146d79edcb964ef37315eff241df84e5be2103df4a62e1ad4e7ec; exactTagIdentitySha256=62c8fa8e55614b9bb1829e981c760e506f4aedc86009d89171c0dd11cd673f6a; declaredFrameCount=1; runtime reachability unresolved; placement and bounds unresolved; renderer suitability unresolved
swf-definition-01360,570,,shape,source-assets/flash/HELP MATH_ORIGINAL FILES/HELP_COURSES/ELMGR5/L5/FQ/L5FQ03.swf,,,31024828af6a519e17a3138b520da1ff2f94b1161c65fef64c587d4a458e2da9,DefineShape3,,,none; machine census only; no renderer export,machine-extracted-definition-candidate,owner-provided SWF,container=root; definitionDepth=0; tagOrdinal=1360; payloadBytes=462; rawTagPayloadSha256=31024828af6a519e17a3138b520da1ff2f94b1161c65fef64c587d4a458e2da9; exactTagIdentitySha256=6c83f28cea0776f6cfe65e14f1fbbfa05ef18bfef215b6935be6975c38e9260e; runtime reachability unresolved; placement and bounds unresolved; renderer suitability unresolved
swf-definition-01361,571,,shape,source-assets/flash/HELP MATH_ORIGINAL FILES/HELP_COURSES/ELMGR5/L5/FQ/L5FQ03.swf,,,eed9ccefbb728e2b149cded279c27ffad9c2507a6975a1d17af82f7bdd466c7b,DefineShape,,,none; machine census only; no renderer export,machine-extracted-definition-candidate,owner-provided SWF,container=root; definitionDepth=0; tagOrdinal=1361; payloadBytes=38; rawTagPayloadSha256=eed9ccefbb728e2b149cded279c27ffad9c2507a6975a1d17af82f7bdd466c7b; exactTagIdentitySha256=972361b8ce71d938e21f4af921f17a688ada2f40a5d7a8613a14ed004628fbdc; runtime reachability unresolved; placement and bounds unresolved; renderer suitability unresolved
swf-definition-01362,572,,text,source-assets/flash/HELP MATH_ORIGINAL FILES/HELP_COURSES/ELMGR5/L5/FQ/L5FQ03.swf,,,7e0214e6f1691c5f8159d65900a55b04c0b091c6fe490296f7e30c82108e9293,DefineEditText,,,none; machine census only; no renderer export,machine-extracted-definition-candidate,owner-provided SWF,container=root; definitionDepth=0; tagOrdinal=1362; payloadBytes=36; rawTagPayloadSha256=7e0214e6f1691c5f8159d65900a55b04c0b091c6fe490296f7e30c82108e9293; exactTagIdentitySha256=fad8ec4fdbf8549ca8a2aba19bd482ca0fdfd80119f76c3ccc058e094f9cb738; runtime reachability unresolved; placement and bounds unresolved; renderer suitability unresolved
swf-definition-01363,573,,text,source-assets/flash/HELP MATH_ORIGINAL FILES/HELP_COURSES/ELMGR5/L5/FQ/L5FQ03.swf,,,821eea80e8d3b11daee99e294120f28655c30fd74b878e30d27e09da5612c245,DefineEditText,,,none; machine census only; no renderer export,machine-extracted-definition-candidate,owner-provided SWF,container=root; definitionDepth=0; tagOrdinal=1363; payloadBytes=32; rawTagPayloadSha256=821eea80e8d3b11daee99e294120f28655c30fd74b878e30d27e09da5612c245; exactTagIdentitySha256=480dd96d90bff2724585a9c5328e4b01139149a701c83642a7d9b01add127910; runtime reachability unresolved; placement and bounds unresolved; renderer suitability unresolved
swf-definition-01364,574,,text,source-assets/flash/HELP MATH_ORIGINAL FILES/HELP_COURSES/ELMGR5/L5/FQ/L5FQ03.swf,,,9f50d48834bdf562e69296615401b3f7bc20f7035e0d88b5792fafae8402705e,DefineEditText,,,none; machine census only; no renderer export,machine-extracted-definition-candidate,owner-provided SWF,container=root; definitionDepth=0; tagOrdinal=1364; payloadBytes=31; rawTagPayloadSha256=9f50d48834bdf562e69296615401b3f7bc20f7035e0d88b5792fafae8402705e; exactTagIdentitySha256=a025447b75d04b3ad490d9e07d67281777c2fd1e7ba91ee5c1968b117cdca3e3; runtime reachability unresolved; placement and bounds unresolved; renderer suitability unresolved
swf-definition-01365,575,,text,source-assets/flash/HELP MATH_ORIGINAL FILES/HELP_COURSES/ELMGR5/L5/FQ/L5FQ03.swf,,,84a9128a7c1ce4cf92462e6a9d671dc6b24336cc462db3c3c49111fd4569fa68,DefineEditText,,,none; machine census only; no renderer export,machine-extracted-definition-candidate,owner-provided SWF,container=root; definitionDepth=0; tagOrdinal=1365; payloadBytes=31; rawTagPayloadSha256=84a9128a7c1ce4cf92462e6a9d671dc6b24336cc462db3c3c49111fd4569fa68; exactTagIdentitySha256=75f8bbbbcac6e95f3fbe972b3c874eec9496ca3b82beaa39112e793dfa0e231a; runtime reachability unresolved; placement and bounds unresolved; renderer suitability unresolved
swf-definition-01366,576,,text,source-assets/flash/HELP MATH_ORIGINAL FILES/HELP_COURSES/ELMGR5/L5/FQ/L5FQ03.swf,,,40781b7da8880b51bd2fac276d5ddd08ce10324ae1806e39a3003a3eb575412d,DefineEditText,,,none; machine census only; no renderer export,machine-extracted-definition-candidate,owner-provided SWF,container=root; definitionDepth=0; tagOrdinal=1366; payloadBytes=39; rawTagPayloadSha256=40781b7da8880b51bd2fac276d5ddd08ce10324ae1806e39a3003a3eb575412d; exactTagIdentitySha256=3c9276c9de3cc2bb7f34457b7080823f4105551b64b38539c87c8547ac4088a8; runtime reachability unresolved; placement and bounds unresolved; renderer suitability unresolved
swf-definition-01367,577,,text,source-assets/flash/HELP MATH_ORIGINAL FILES/HELP_COURSES/ELMGR5/L5/FQ/L5FQ03.swf,,,b6929d7d8be4255a9e4144a612b6c449656a50f67d16ef4068396cfe750a137c,DefineEditText,,,none; machine census only; no renderer export,machine-extracted-definition-candidate,owner-provided SWF,container=root; definitionDepth=0; tagOrdinal=1367; payloadBytes=39; rawTagPayloadSha256=b6929d7d8be4255a9e4144a612b6c449656a50f67d16ef4068396cfe750a137c; exactTagIdentitySha256=20264543891efc9e2bd0bd519d4f0a0710ae04cddc1c16d04df7b16a68741cd1; runtime reachability unresolved; placement and bounds unresolved; renderer suitability unresolved
swf-definition-01368,578,,text,source-assets/flash/HELP MATH_ORIGINAL FILES/HELP_COURSES/ELMGR5/L5/FQ/L5FQ03.swf,,,301308fdfc69f570cc8a02cc26581609904a7eb07b0df3dbe8351f44e5297f7f,DefineEditText,,,none; machine census only; no renderer export,machine-extracted-definition-candidate,owner-provided SWF,container=root; definitionDepth=0; tagOrdinal=1368; payloadBytes=39; rawTagPayloadSha256=301308fdfc69f570cc8a02cc26581609904a7eb07b0df3dbe8351f44e5297f7f; exactTagIdentitySha256=095a8fe11f86d725cb426ed40e3274ae004be402f69ff248f1c151111c88e57a; runtime reachability unresolved; placement and bounds unresolved; renderer suitability unresolved
swf-definition-01369,579,,text,source-assets/flash/HELP MATH_ORIGINAL FILES/HELP_COURSES/ELMGR5/L5/FQ/L5FQ03.swf,,,b46c6018a2abb050d4cac8ca8eec8d17c65f3012af1d294795d124a3ffb33ff6,DefineEditText,,,none; machine census only; no renderer export,machine-extracted-definition-candidate,owner-provided SWF,container=root; definitionDepth=0; tagOrdinal=1369; payloadBytes=39; rawTagPayloadSha256=b46c6018a2abb050d4cac8ca8eec8d17c65f3012af1d294795d124a3ffb33ff6; exactTagIdentitySha256=b739408ff7966e881c5094b96c3fbce0c93f0e589bef83091976bb88c6816718; runtime reachability unresolved; placement and bounds unresolved; renderer suitability unresolved
swf-definition-01370,580,,sprite,source-assets/flash/HELP MATH_ORIGINAL FILES/HELP_COURSES/ELMGR5/L5/FQ/L5FQ03.swf,,,0c7cf035546b28d7bb2495810e99363ee39dd49e6a18cf28fff1e65809eaf5e4,DefineSprite,,,none; machine census only; no renderer export,machine-extracted-definition-candidate,owner-provided SWF,container=root; definitionDepth=0; tagOrdinal=1370; payloadBytes=23; rawTagPayloadSha256=0c7cf035546b28d7bb2495810e99363ee39dd49e6a18cf28fff1e65809eaf5e4; exactTagIdentitySha256=61e809165f1463c9760d39d593a7292e41c113164818331625708868a29f41f5; declaredFrameCount=1; runtime reachability unresolved; placement and bounds unresolved; renderer suitability unresolved
swf-definition-01374,581,,sprite,source-assets/flash/HELP MATH_ORIGINAL FILES/HELP_COURSES/ELMGR5/L5/FQ/L5FQ03.swf,,,5cbf25e36397acbdcca6d6742f236e217a843884785c5c8323f89971d54ee55a,DefineSprite,,,none; machine census only; no renderer export,machine-extracted-definition-candidate,owner-provided SWF,container=root; definitionDepth=0; tagOrdinal=1374; payloadBytes=23; rawTagPayloadSha256=5cbf25e36397acbdcca6d6742f236e217a843884785c5c8323f89971d54ee55a; exactTagIdentitySha256=038209cc25e6b0010734a211420439e02b1e8eb715613420e601a89e7ba0c3c5; declaredFrameCount=1; runtime reachability unresolved; placement and bounds unresolved; renderer suitability unresolved
swf-definition-01378,582,,sprite,source-assets/flash/HELP MATH_ORIGINAL FILES/HELP_COURSES/ELMGR5/L5/FQ/L5FQ03.swf,,,a5dbb0f037498fb9f7e2c2296932da57679c30ef4005dbf2f64f5eed4ecbeaaf,DefineSprite,,,none; machine census only; no renderer export,machine-extracted-definition-candidate,owner-provided SWF,container=root; definitionDepth=0; tagOrdinal=1378; payloadBytes=23; rawTagPayloadSha256=a5dbb0f037498fb9f7e2c2296932da57679c30ef4005dbf2f64f5eed4ecbeaaf; exactTagIdentitySha256=cd8f87afb74fcd368f4226500ea816186c546445fca68cab0749002bf061a79c; declaredFrameCount=1; runtime reachability unresolved; placement and bounds unresolved; renderer suitability unresolved
swf-definition-01382,583,,sprite,source-assets/flash/HELP MATH_ORIGINAL FILES/HELP_COURSES/ELMGR5/L5/FQ/L5FQ03.swf,,,42a435aca1720ba026c25b9e053b4d2ea3a024e93a8e6d40250a94b392f1cb7d,DefineSprite,,,none; machine census only; no renderer export,machine-extracted-definition-candidate,owner-provided SWF,container=root; definitionDepth=0; tagOrdinal=1382; payloadBytes=23; rawTagPayloadSha256=42a435aca1720ba026c25b9e053b4d2ea3a024e93a8e6d40250a94b392f1cb7d; exactTagIdentitySha256=6251ca3430f1b89bed49f45d4613e2e521840d23177677dc4c2ba601347c8ece; declaredFrameCount=1; runtime reachability unresolved; placement and bounds unresolved; renderer suitability unresolved
swf-definition-01386,584,,shape,source-assets/flash/HELP MATH_ORIGINAL FILES/HELP_COURSES/ELMGR5/L5/FQ/L5FQ03.swf,,,06b4a9da584e18440685e189fe0e16d2b5c25f1e36c59176592c0b7f0311edd7,DefineShape3,,,none; machine census only; no renderer export,machine-extracted-definition-candidate,owner-provided SWF,container=root; definitionDepth=0; tagOrdinal=1386; payloadBytes=462; rawTagPayloadSha256=06b4a9da584e18440685e189fe0e16d2b5c25f1e36c59176592c0b7f0311edd7; exactTagIdentitySha256=4662001d525a5c6562723a69b03f6bcd6b1d28f719ddc30e92504ba8d4517e92; runtime reachability unresolved; placement and bounds unresolved; renderer suitability unresolved
swf-definition-01387,585,,shape,source-assets/flash/HELP MATH_ORIGINAL FILES/HELP_COURSES/ELMGR5/L5/FQ/L5FQ03.swf,,,c15b14a5a18bd44d8fd6d92cf68f92fc2c971b96abcd4ccd6a3411940c45af21,DefineShape3,,,none; machine census only; no renderer export,machine-extracted-definition-candidate,owner-provided SWF,container=root; definitionDepth=0; tagOrdinal=1387; payloadBytes=462; rawTagPayloadSha256=c15b14a5a18bd44d8fd6d92cf68f92fc2c971b96abcd4ccd6a3411940c45af21; exactTagIdentitySha256=b6df425a7e22fa33d83955ba05bf48964e028bf374be22b693c617807ab09d82; runtime reachability unresolved; placement and bounds unresolved; renderer suitability unresolved
swf-definition-01388,586,,shape,source-assets/flash/HELP MATH_ORIGINAL FILES/HELP_COURSES/ELMGR5/L5/FQ/L5FQ03.swf,,,da01c22941336854315ab50a8466121daca642fe649fa0170dc4de07eaac9ddb,DefineShape3,,,none; machine census only; no renderer export,machine-extracted-definition-candidate,owner-provided SWF,container=root; definitionDepth=0; tagOrdinal=1388; payloadBytes=462; rawTagPayloadSha256=da01c22941336854315ab50a8466121daca642fe649fa0170dc4de07eaac9ddb; exactTagIdentitySha256=fe2676a023e3267355c6b57415a2ff389c62bfcf87bcc628c9d524f87b90a385; runtime reachability unresolved; placement and bounds unresolved; renderer suitability unresolved
swf-definition-01389,587,,text,source-assets/flash/HELP MATH_ORIGINAL FILES/HELP_COURSES/ELMGR5/L5/FQ/L5FQ03.swf,,,8b442cc781ea8b08f72740b62df28f71ed6f1130454aca125cace06016352153,DefineEditText,,,none; machine census only; no renderer export,machine-extracted-definition-candidate,owner-provided SWF,container=root; definitionDepth=0; tagOrdinal=1389; payloadBytes=36; rawTagPayloadSha256=8b442cc781ea8b08f72740b62df28f71ed6f1130454aca125cace06016352153; exactTagIdentitySha256=5b94230c4f9c369a9c3f9d9abb2932b73c06b8da043697e0ef472540c3e95c4b; runtime reachability unresolved; placement and bounds unresolved; renderer suitability unresolved
swf-definition-01390,588,,text,source-assets/flash/HELP MATH_ORIGINAL FILES/HELP_COURSES/ELMGR5/L5/FQ/L5FQ03.swf,,,63e313fe8dbda435b761f221a672261e2aec009d31aa93ce5c45b06c0c8fec42,DefineEditText,,,none; machine census only; no renderer export,machine-extracted-definition-candidate,owner-provided SWF,container=root; definitionDepth=0; tagOrdinal=1390; payloadBytes=32; rawTagPayloadSha256=63e313fe8dbda435b761f221a672261e2aec009d31aa93ce5c45b06c0c8fec42; exactTagIdentitySha256=76442b3b43744c0cf642cd6355b581cbc0791b1386c6799413021f361c058c3d; runtime reachability unresolved; placement and bounds unresolved; renderer suitability unresolved
swf-definition-01391,589,,text,source-assets/flash/HELP MATH_ORIGINAL FILES/HELP_COURSES/ELMGR5/L5/FQ/L5FQ03.swf,,,99bb4e8a0ea11712e92ae360c6c5030d37f82101ea533f83fa023db03265695f,DefineEditText,,,none; machine census only; no renderer export,machine-extracted-definition-candidate,owner-provided SWF,container=root; definitionDepth=0; tagOrdinal=1391; payloadBytes=31; rawTagPayloadSha256=99bb4e8a0ea11712e92ae360c6c5030d37f82101ea533f83fa023db03265695f; exactTagIdentitySha256=1d48a721cee55122abf556a31c3fea40d41f92b92bdcc350b14e5ac064085c4a; runtime reachability unresolved; placement and bounds unresolved; renderer suitability unresolved
swf-definition-01392,590,,text,source-assets/flash/HELP MATH_ORIGINAL FILES/HELP_COURSES/ELMGR5/L5/FQ/L5FQ03.swf,,,0346648473f7da57e83fc4cc29f185ae2db9d51e457f0245f185634c4931b476,DefineEditText,,,none; machine census only; no renderer export,machine-extracted-definition-candidate,owner-provided SWF,container=root; definitionDepth=0; tagOrdinal=1392; payloadBytes=31; rawTagPayloadSha256=0346648473f7da57e83fc4cc29f185ae2db9d51e457f0245f185634c4931b476; exactTagIdentitySha256=537e2e9e4e744e3f3b1717a570200d7e544368263f7064a399f3ba764d045011; runtime reachability unresolved; placement and bounds unresolved; renderer suitability unresolved
swf-definition-01393,591,,sprite,source-assets/flash/HELP MATH_ORIGINAL FILES/HELP_COURSES/ELMGR5/L5/FQ/L5FQ03.swf,,,6ad6dbfd897cdc8e01ca4ea7959c53952cda031d702969219b8c0fb0dcfdde02,DefineSprite,,,none; machine census only; no renderer export,machine-extracted-definition-candidate,owner-provided SWF,container=root; definitionDepth=0; tagOrdinal=1393; payloadBytes=23; rawTagPayloadSha256=6ad6dbfd897cdc8e01ca4ea7959c53952cda031d702969219b8c0fb0dcfdde02; exactTagIdentitySha256=a1f2704e1daf9a13c6cb4b7edd98541f14ca61bdb159a69d4409e48cde053f4d; declaredFrameCount=1; runtime reachability unresolved; placement and bounds unresolved; renderer suitability unresolved
swf-definition-01397,592,,sprite,source-assets/flash/HELP MATH_ORIGINAL FILES/HELP_COURSES/ELMGR5/L5/FQ/L5FQ03.swf,,,16c7886a0e26dc2294002f85d361401a6a3add0ba85b91b11d11cac17ac521cc,DefineSprite,,,none; machine census only; no renderer export,machine-extracted-definition-candidate,owner-provided SWF,container=root; definitionDepth=0; tagOrdinal=1397; payloadBytes=23; rawTagPayloadSha256=16c7886a0e26dc2294002f85d361401a6a3add0ba85b91b11d11cac17ac521cc; exactTagIdentitySha256=1bdbfef3cf8d0761956eaa78ffab042fd63e5065cff9526e7afb6a984367336a; declaredFrameCount=1; runtime reachability unresolved; placement and bounds unresolved; renderer suitability unresolved
swf-definition-01401,593,,sprite,source-assets/flash/HELP MATH_ORIGINAL FILES/HELP_COURSES/ELMGR5/L5/FQ/L5FQ03.swf,,,bc4d862840d5fbda4dcdeb482f32b60930a3239d4b39fadd2331d58d8782384d,DefineSprite,,,none; machine census only; no renderer export,machine-extracted-definition-candidate,owner-provided SWF,container=root; definitionDepth=0; tagOrdinal=1401; payloadBytes=23; rawTagPayloadSha256=bc4d862840d5fbda4dcdeb482f32b60930a3239d4b39fadd2331d58d8782384d; exactTagIdentitySha256=d72a147e1578fb86f06b0d9acb0fac872bd92b7b24362e343dca2d43545a0c86; declaredFrameCount=1; runtime reachability unresolved; placement and bounds unresolved; renderer suitability unresolved
swf-definition-01405,594,,sprite,source-assets/flash/HELP MATH_ORIGINAL FILES/HELP_COURSES/ELMGR5/L5/FQ/L5FQ03.swf,,,f09f7983dacd94079982d24e221feb4a9f75c7beec07c2ae427eeffba7f8218a,DefineSprite,,,none; machine census only; no renderer export,machine-extracted-definition-candidate,owner-provided SWF,container=root; definitionDepth=0; tagOrdinal=1405; payloadBytes=23; rawTagPayloadSha256=f09f7983dacd94079982d24e221feb4a9f75c7beec07c2ae427eeffba7f8218a; exactTagIdentitySha256=a866a8a04e71ab6712e53e8e776010fcfb279d596d743eb5f0082cd9f840c269; declaredFrameCount=1; runtime reachability unresolved; placement and bounds unresolved; renderer suitability unresolved
swf-definition-01409,595,,text,source-assets/flash/HELP MATH_ORIGINAL FILES/HELP_COURSES/ELMGR5/L5/FQ/L5FQ03.swf,,,dc4aadeb30bff7e573f26858f22350e70d02e105d04cffe086bc7f322e14304d,DefineEditText,,,none; machine census only; no renderer export,machine-extracted-definition-candidate,owner-provided SWF,container=root; definitionDepth=0; tagOrdinal=1409; payloadBytes=39; rawTagPayloadSha256=dc4aadeb30bff7e573f26858f22350e70d02e105d04cffe086bc7f322e14304d; exactTagIdentitySha256=0fbae97b2dcc2259517ac6eae626647d0e384698d60208abc12cfd7c714ccbd8; runtime reachability unresolved; placement and bounds unresolved; renderer suitability unresolved
swf-definition-01410,596,,text,source-assets/flash/HELP MATH_ORIGINAL FILES/HELP_COURSES/ELMGR5/L5/FQ/L5FQ03.swf,,,7db76e3e8f859c8f51cebedf1dc959e0d2e2cdd930d4a1122728ff619be4f965,DefineEditText,,,none; machine census only; no renderer export,machine-extracted-definition-candidate,owner-provided SWF,container=root; definitionDepth=0; tagOrdinal=1410; payloadBytes=39; rawTagPayloadSha256=7db76e3e8f859c8f51cebedf1dc959e0d2e2cdd930d4a1122728ff619be4f965; exactTagIdentitySha256=3b3d5cc815a92918aa9444a879d195523b6777beee7fce2521fccb38fb8f3feb; runtime reachability unresolved; placement and bounds unresolved; renderer suitability unresolved
swf-definition-01411,597,,text,source-assets/flash/HELP MATH_ORIGINAL FILES/HELP_COURSES/ELMGR5/L5/FQ/L5FQ03.swf,,,2d320f35e7357197592801629c4fad823712eac46925bee3b104a52749793a49,DefineEditText,,,none; machine census only; no renderer export,machine-extracted-definition-candidate,owner-provided SWF,container=root; definitionDepth=0; tagOrdinal=1411; payloadBytes=39; rawTagPayloadSha256=2d320f35e7357197592801629c4fad823712eac46925bee3b104a52749793a49; exactTagIdentitySha256=ff5179f80e2707a6ec190bd2eae6d35998cc5f6a40ea86eaa296dfeed68127a3; runtime reachability unresolved; placement and bounds unresolved; renderer suitability unresolved
swf-definition-01412,598,,text,source-assets/flash/HELP MATH_ORIGINAL FILES/HELP_COURSES/ELMGR5/L5/FQ/L5FQ03.swf,,,daede8777f84197481ad9d2a632b22e0efac4c60d498c1ee068c70545d02e533,DefineEditText,,,none; machine census only; no renderer export,machine-extracted-definition-candidate,owner-provided SWF,container=root; definitionDepth=0; tagOrdinal=1412; payloadBytes=39; rawTagPayloadSha256=daede8777f84197481ad9d2a632b22e0efac4c60d498c1ee068c70545d02e533; exactTagIdentitySha256=42c0a299d696f908fb265165b40eccfa47f7fcf2f341e38594d4026c2300ca0a; runtime reachability unresolved; placement and bounds unresolved; renderer suitability unresolved
swf-definition-01413,599,,shape,source-assets/flash/HELP MATH_ORIGINAL FILES/HELP_COURSES/ELMGR5/L5/FQ/L5FQ03.swf,,,bab843a7d64143c5f0420e3b41541bec17b9617bb0ae450e9a2dba3145ce555d,DefineShape3,,,none; machine census only; no renderer export,machine-extracted-definition-candidate,owner-provided SWF,container=root; definitionDepth=0; tagOrdinal=1413; payloadBytes=462; rawTagPayloadSha256=bab843a7d64143c5f0420e3b41541bec17b9617bb0ae450e9a2dba3145ce555d; exactTagIdentitySha256=fbfacef6989bab6d902841f2fc0af7237663ddf8d8b2831d5066b15c90801706; runtime reachability unresolved; placement and bounds unresolved; renderer suitability unresolved
swf-definition-01414,600,,shape,source-assets/flash/HELP MATH_ORIGINAL FILES/HELP_COURSES/ELMGR5/L5/FQ/L5FQ03.swf,,,03a7d3d5f3c24ddfbdc9d09ffb86588d2662d8e315800b61ef3f286e49959447,DefineShape3,,,none; machine census only; no renderer export,machine-extracted-definition-candidate,owner-provided SWF,container=root; definitionDepth=0; tagOrdinal=1414; payloadBytes=462; rawTagPayloadSha256=03a7d3d5f3c24ddfbdc9d09ffb86588d2662d8e315800b61ef3f286e49959447; exactTagIdentitySha256=85ba182b2e894985e338f6f8708bf3133843f66fee61910398693e569328bcab; runtime reachability unresolved; placement and bounds unresolved; renderer suitability unresolved
swf-definition-01415,601,,shape,source-assets/flash/HELP MATH_ORIGINAL FILES/HELP_COURSES/ELMGR5/L5/FQ/L5FQ03.swf,,,19d0649aca50d365fff6acb33a5f5e2512750bca6bfdbd067d1266b9826db6e1,DefineShape3,,,none; machine census only; no renderer export,machine-extracted-definition-candidate,owner-provided SWF,container=root; definitionDepth=0; tagOrdinal=1415; payloadBytes=462; rawTagPayloadSha256=19d0649aca50d365fff6acb33a5f5e2512750bca6bfdbd067d1266b9826db6e1; exactTagIdentitySha256=8d9fee96ebcdf3fe5b93c45abbb414543f3c3f1794aadda45ea9765a70def6c7; runtime reachability unresolved; placement and bounds unresolved; renderer suitability unresolved
swf-definition-01416,602,,text,source-assets/flash/HELP MATH_ORIGINAL FILES/HELP_COURSES/ELMGR5/L5/FQ/L5FQ03.swf,,,b03eaba54761221e9fe5cfd77fcf4114ab4278440f82d05129b7eaec9b1aebfe,DefineEditText,,,none; machine census only; no renderer export,machine-extracted-definition-candidate,owner-provided SWF,container=root; definitionDepth=0; tagOrdinal=1416; payloadBytes=36; rawTagPayloadSha256=b03eaba54761221e9fe5cfd77fcf4114ab4278440f82d05129b7eaec9b1aebfe; exactTagIdentitySha256=be893f20c1254f5e7bcc3e9cf8abbf6e1b2b807b850faa4010706a3fb2256506; runtime reachability unresolved; placement and bounds unresolved; renderer suitability unresolved
swf-definition-01417,603,,text,source-assets/flash/HELP MATH_ORIGINAL FILES/HELP_COURSES/ELMGR5/L5/FQ/L5FQ03.swf,,,e40875d13befa2cc3173263dd13984722ad9f85544a01ae8035225dc1111cf9a,DefineEditText,,,none; machine census only; no renderer export,machine-extracted-definition-candidate,owner-provided SWF,container=root; definitionDepth=0; tagOrdinal=1417; payloadBytes=32; rawTagPayloadSha256=e40875d13befa2cc3173263dd13984722ad9f85544a01ae8035225dc1111cf9a; exactTagIdentitySha256=7058e73c5392bf5a60e9bb20c474d0c04c40c02464789aa659d93e5209b58607; runtime reachability unresolved; placement and bounds unresolved; renderer suitability unresolved
swf-definition-01418,604,,text,source-assets/flash/HELP MATH_ORIGINAL FILES/HELP_COURSES/ELMGR5/L5/FQ/L5FQ03.swf,,,d8870ef09cdba3ecc83570337f5a400100d1d4cfa97417c0783d7a8386e8c4f1,DefineEditText,,,none; machine census only; no renderer export,machine-extracted-definition-candidate,owner-provided SWF,container=root; definitionDepth=0; tagOrdinal=1418; payloadBytes=31; rawTagPayloadSha256=d8870ef09cdba3ecc83570337f5a400100d1d4cfa97417c0783d7a8386e8c4f1; exactTagIdentitySha256=dd1b0287d783bbccab6c6bf6ee69279639a7b6f3f7fa7d4a3f0d6972de23eba3; runtime reachability unresolved; placement and bounds unresolved; renderer suitability unresolved
swf-definition-01419,605,,text,source-assets/flash/HELP MATH_ORIGINAL FILES/HELP_COURSES/ELMGR5/L5/FQ/L5FQ03.swf,,,3ca1907de9e2ce32522b5bed9f3ba38778227e681f58d898e845f733e3242bd5,DefineEditText,,,none; machine census only; no renderer export,machine-extracted-definition-candidate,owner-provided SWF,container=root; definitionDepth=0; tagOrdinal=1419; payloadBytes=31; rawTagPayloadSha256=3ca1907de9e2ce32522b5bed9f3ba38778227e681f58d898e845f733e3242bd5; exactTagIdentitySha256=b7b786f57919198ab336d007ac7f7254df40bd62c4a2059866ebb15a3a71890f; runtime reachability unresolved; placement and bounds unresolved; renderer suitability unresolved
swf-definition-01420,606,,sprite,source-assets/flash/HELP MATH_ORIGINAL FILES/HELP_COURSES/ELMGR5/L5/FQ/L5FQ03.swf,,,1a6fb7b29d8276044243c6db83e2a443b2e9691ca5b61efa9fc293b3e7467089,DefineSprite,,,none; machine census only; no renderer export,machine-extracted-definition-candidate,owner-provided SWF,container=root; definitionDepth=0; tagOrdinal=1420; payloadBytes=23; rawTagPayloadSha256=1a6fb7b29d8276044243c6db83e2a443b2e9691ca5b61efa9fc293b3e7467089; exactTagIdentitySha256=626a3c5ca90c93f974b4b91de78272daff6f4b66c75a7dcec23de4ffefcf2bb1; declaredFrameCount=1; runtime reachability unresolved; placement and bounds unresolved; renderer suitability unresolved
swf-definition-01424,607,,sprite,source-assets/flash/HELP MATH_ORIGINAL FILES/HELP_COURSES/ELMGR5/L5/FQ/L5FQ03.swf,,,c10f50e2abd384df12ce83743fc1f82cc9f9dfa6d24e9e2d69c5fb1dad938703,DefineSprite,,,none; machine census only; no renderer export,machine-extracted-definition-candidate,owner-provided SWF,container=root; definitionDepth=0; tagOrdinal=1424; payloadBytes=23; rawTagPayloadSha256=c10f50e2abd384df12ce83743fc1f82cc9f9dfa6d24e9e2d69c5fb1dad938703; exactTagIdentitySha256=ff1db42a1b6c45689793d318307226ba8a8028242d6c2ddba8d4e812676aeeae; declaredFrameCount=1; runtime reachability unresolved; placement and bounds unresolved; renderer suitability unresolved
swf-definition-01428,608,,sprite,source-assets/flash/HELP MATH_ORIGINAL FILES/HELP_COURSES/ELMGR5/L5/FQ/L5FQ03.swf,,,c32180f2d45f1fa555db6b34167514caa6ab79f50abbcc9dfb1bd5e21e275259,DefineSprite,,,none; machine census only; no renderer export,machine-extracted-definition-candidate,owner-provided SWF,container=root; definitionDepth=0; tagOrdinal=1428; payloadBytes=23; rawTagPayloadSha256=c32180f2d45f1fa555db6b34167514caa6ab79f50abbcc9dfb1bd5e21e275259; exactTagIdentitySha256=b43db146d20d435fd173feb228a579b89853554637c316c2498dee3bc1e63018; declaredFrameCount=1; runtime reachability unresolved; placement and bounds unresolved; renderer suitability unresolved
swf-definition-01432,609,,sprite,source-assets/flash/HELP MATH_ORIGINAL FILES/HELP_COURSES/ELMGR5/L5/FQ/L5FQ03.swf,,,9aff470d774f713c1247727e9856f603dba39b4dc0ea5e1698ee578c8eef6c05,DefineSprite,,,none; machine census only; no renderer export,machine-extracted-definition-candidate,owner-provided SWF,container=root; definitionDepth=0; tagOrdinal=1432; payloadBytes=23; rawTagPayloadSha256=9aff470d774f713c1247727e9856f603dba39b4dc0ea5e1698ee578c8eef6c05; exactTagIdentitySha256=207599356b223ccc8902e51e7a938f481ede5d360bc948dec8135956886e209b; declaredFrameCount=1; runtime reachability unresolved; placement and bounds unresolved; renderer suitability unresolved
swf-definition-01436,610,,text,source-assets/flash/HELP MATH_ORIGINAL FILES/HELP_COURSES/ELMGR5/L5/FQ/L5FQ03.swf,,,ceb0e112fb8cb197e5e09248e7b46c1a3c9810a5f2248196b0968d990f6279b7,DefineEditText,,,none; machine census only; no renderer export,machine-extracted-definition-candidate,owner-provided SWF,container=root; definitionDepth=0; tagOrdinal=1436; payloadBytes=39; rawTagPayloadSha256=ceb0e112fb8cb197e5e09248e7b46c1a3c9810a5f2248196b0968d990f6279b7; exactTagIdentitySha256=d9ece50dd52542d82d7b1276a7b2d758d547dba79190026e9d3baad7349fa79c; runtime reachability unresolved; placement and bounds unresolved; renderer suitability unresolved
swf-definition-01437,611,,text,source-assets/flash/HELP MATH_ORIGINAL FILES/HELP_COURSES/ELMGR5/L5/FQ/L5FQ03.swf,,,1b4262e9f1f174fa0f4ba9f1b290c7695d7d49876a857d1bbe19f5fa14c5df68,DefineEditText,,,none; machine census only; no renderer export,machine-extracted-definition-candidate,owner-provided SWF,container=root; definitionDepth=0; tagOrdinal=1437; payloadBytes=39; rawTagPayloadSha256=1b4262e9f1f174fa0f4ba9f1b290c7695d7d49876a857d1bbe19f5fa14c5df68; exactTagIdentitySha256=b398357e891a82e4348ef9583ca060eb2f66e1e820e96b9f8fa85adf478df6c9; runtime reachability unresolved; placement and bounds unresolved; renderer suitability unresolved
swf-definition-01438,612,,text,source-assets/flash/HELP MATH_ORIGINAL FILES/HELP_COURSES/ELMGR5/L5/FQ/L5FQ03.swf,,,22ec33f84aa17f9d5114a3696bf7341bb28a24eb62ea8a8459fda9d243b8e347,DefineEditText,,,none; machine census only; no renderer export,machine-extracted-definition-candidate,owner-provided SWF,container=root; definitionDepth=0; tagOrdinal=1438; payloadBytes=39; rawTagPayloadSha256=22ec33f84aa17f9d5114a3696bf7341bb28a24eb62ea8a8459fda9d243b8e347; exactTagIdentitySha256=ffde6e272100495444f2384c4543aebc47af2f770d5eb2309420e79c31fa0087; runtime reachability unresolved; placement and bounds unresolved; renderer suitability unresolved
swf-definition-01439,613,,text,source-assets/flash/HELP MATH_ORIGINAL FILES/HELP_COURSES/ELMGR5/L5/FQ/L5FQ03.swf,,,f5f588e26781931026211f8b239563f6e8323d8cd803e512b6c5776e23cef11d,DefineEditText,,,none; machine census only; no renderer export,machine-extracted-definition-candidate,owner-provided SWF,container=root; definitionDepth=0; tagOrdinal=1439; payloadBytes=39; rawTagPayloadSha256=f5f588e26781931026211f8b239563f6e8323d8cd803e512b6c5776e23cef11d; exactTagIdentitySha256=8a7d982e0a49823379c623a5bb4c143823f1b268c94a0a184265f563aeae9605; runtime reachability unresolved; placement and bounds unresolved; renderer suitability unresolved
swf-definition-01440,614,,shape,source-assets/flash/HELP MATH_ORIGINAL FILES/HELP_COURSES/ELMGR5/L5/FQ/L5FQ03.swf,,,7a5b7b7ceead2a952ae909935d80f31bc4d950470ea5c4e9659a3ed7c1dad551,DefineShape3,,,none; machine census only; no renderer export,machine-extracted-definition-candidate,owner-provided SWF,container=root; definitionDepth=0; tagOrdinal=1440; payloadBytes=462; rawTagPayloadSha256=7a5b7b7ceead2a952ae909935d80f31bc4d950470ea5c4e9659a3ed7c1dad551; exactTagIdentitySha256=0c3231d62101d8ea907510e62814011ef245ad1b961a54d04df0e9b29c45024e; runtime reachability unresolved; placement and bounds unresolved; renderer suitability unresolved
swf-definition-01441,615,,shape,source-assets/flash/HELP MATH_ORIGINAL FILES/HELP_COURSES/ELMGR5/L5/FQ/L5FQ03.swf,,,5f0be94a4c60310e4cbd81e1594ce66b6110a2ad3cb99bcdb4d043a619383f53,DefineShape3,,,none; machine census only; no renderer export,machine-extracted-definition-candidate,owner-provided SWF,container=root; definitionDepth=0; tagOrdinal=1441; payloadBytes=462; rawTagPayloadSha256=5f0be94a4c60310e4cbd81e1594ce66b6110a2ad3cb99bcdb4d043a619383f53; exactTagIdentitySha256=188915f91544392c10f3652bdfc66cf8bb8e093be80937aa68e57bc5db81077f; runtime reachability unresolved; placement and bounds unresolved; renderer suitability unresolved
swf-definition-01442,616,,shape,source-assets/flash/HELP MATH_ORIGINAL FILES/HELP_COURSES/ELMGR5/L5/FQ/L5FQ03.swf,,,0c5b0f870d23ac571b198fa65b23d4103048eb39245b5a664d68de6d2eca9cfd,DefineShape3,,,none; machine census only; no renderer export,machine-extracted-definition-candidate,owner-provided SWF,container=root; definitionDepth=0; tagOrdinal=1442; payloadBytes=462; rawTagPayloadSha256=0c5b0f870d23ac571b198fa65b23d4103048eb39245b5a664d68de6d2eca9cfd; exactTagIdentitySha256=34671b1d3cc53585734d23cc90939ebd7525d60ef010eedce7284a778d3af1aa; runtime reachability unresolved; placement and bounds unresolved; renderer suitability unresolved
swf-definition-01443,617,,shape,source-assets/flash/HELP MATH_ORIGINAL FILES/HELP_COURSES/ELMGR5/L5/FQ/L5FQ03.swf,,,e7ff6abb8def13449a7a8cf7be0d8be34f94cf289f031a52f50946b3b9a7d8f5,DefineShape3,,,none; machine census only; no renderer export,machine-extracted-definition-candidate,owner-provided SWF,container=root; definitionDepth=0; tagOrdinal=1443; payloadBytes=462; rawTagPayloadSha256=e7ff6abb8def13449a7a8cf7be0d8be34f94cf289f031a52f50946b3b9a7d8f5; exactTagIdentitySha256=13831ab33b385a42fdec8da27f8eedb395a2f8d0b0fc24d1c543b1a26d91eb87; runtime reachability unresolved; placement and bounds unresolved; renderer suitability unresolved
swf-definition-01444,618,,text,source-assets/flash/HELP MATH_ORIGINAL FILES/HELP_COURSES/ELMGR5/L5/FQ/L5FQ03.swf,,,5ced9fe2524fa61b215088826ccf90801474f1c71d4878ac4e796d61a21307bf,DefineEditText,,,none; machine census only; no renderer export,machine-extracted-definition-candidate,owner-provided SWF,container=root; definitionDepth=0; tagOrdinal=1444; payloadBytes=36; rawTagPayloadSha256=5ced9fe2524fa61b215088826ccf90801474f1c71d4878ac4e796d61a21307bf; exactTagIdentitySha256=b66b8122458a1c40db7209212e50450b5496d94bf4a15935b9a045f886bc9369; runtime reachability unresolved; placement and bounds unresolved; renderer suitability unresolved
swf-definition-01445,619,,text,source-assets/flash/HELP MATH_ORIGINAL FILES/HELP_COURSES/ELMGR5/L5/FQ/L5FQ03.swf,,,072dd14b0837972a3db7e05f22b2ccc7c9d905ef6d7d1b31cd0a3eb876c8bede,DefineEditText,,,none; machine census only; no renderer export,machine-extracted-definition-candidate,owner-provided SWF,container=root; definitionDepth=0; tagOrdinal=1445; payloadBytes=32; rawTagPayloadSha256=072dd14b0837972a3db7e05f22b2ccc7c9d905ef6d7d1b31cd0a3eb876c8bede; exactTagIdentitySha256=8f41e9ed3e933e4ce694e7d1c1e15e5c3ba22967678c33225fd292e9718f3468; runtime reachability unresolved; placement and bounds unresolved; renderer suitability unresolved
swf-definition-01446,620,,text,source-assets/flash/HELP MATH_ORIGINAL FILES/HELP_COURSES/ELMGR5/L5/FQ/L5FQ03.swf,,,7325a3613072192e9674c7d415331c7ce42eee66cb306b4b46b1205cb8e2b0a5,DefineEditText,,,none; machine census only; no renderer export,machine-extracted-definition-candidate,owner-provided SWF,container=root; definitionDepth=0; tagOrdinal=1446; payloadBytes=31; rawTagPayloadSha256=7325a3613072192e9674c7d415331c7ce42eee66cb306b4b46b1205cb8e2b0a5; exactTagIdentitySha256=2c2b250e29b2928dbe09b012ba12b27a2cb8914e57465304999e11ce428ad8e7; runtime reachability unresolved; placement and bounds unresolved; renderer suitability unresolved
swf-definition-01447,621,,text,source-assets/flash/HELP MATH_ORIGINAL FILES/HELP_COURSES/ELMGR5/L5/FQ/L5FQ03.swf,,,f5e7ad453d9377ebdcb4f709672c4519e089d02ab759f7c4b79c1f1931487a48,DefineEditText,,,none; machine census only; no renderer export,machine-extracted-definition-candidate,owner-provided SWF,container=root; definitionDepth=0; tagOrdinal=1447; payloadBytes=31; rawTagPayloadSha256=f5e7ad453d9377ebdcb4f709672c4519e089d02ab759f7c4b79c1f1931487a48; exactTagIdentitySha256=2545fe465001130aaa32c1f90fdb9d6fea82c31f39d764a7d78a91cef8578d10; runtime reachability unresolved; placement and bounds unresolved; renderer suitability unresolved
swf-definition-01448,622,,sprite,source-assets/flash/HELP MATH_ORIGINAL FILES/HELP_COURSES/ELMGR5/L5/FQ/L5FQ03.swf,,,c02a5a0c16a235199668626343b96d8fd85e23d082b28fa38dba2dd6cc7f25d3,DefineSprite,,,none; machine census only; no renderer export,machine-extracted-definition-candidate,owner-provided SWF,container=root; definitionDepth=0; tagOrdinal=1448; payloadBytes=23; rawTagPayloadSha256=c02a5a0c16a235199668626343b96d8fd85e23d082b28fa38dba2dd6cc7f25d3; exactTagIdentitySha256=ae92be246ab9c4c693e9c0bcc8754e5f618d41bc37f42708ae4ef4960a7f12d2; declaredFrameCount=1; runtime reachability unresolved; placement and bounds unresolved; renderer suitability unresolved
swf-definition-01452,623,,sprite,source-assets/flash/HELP MATH_ORIGINAL FILES/HELP_COURSES/ELMGR5/L5/FQ/L5FQ03.swf,,,9beb3ec9aaa58c28c1fce31866dace9ba3f68c97774d835fd1afb72e391fe5a4,DefineSprite,,,none; machine census only; no renderer export,machine-extracted-definition-candidate,owner-provided SWF,container=root; definitionDepth=0; tagOrdinal=1452; payloadBytes=23; rawTagPayloadSha256=9beb3ec9aaa58c28c1fce31866dace9ba3f68c97774d835fd1afb72e391fe5a4; exactTagIdentitySha256=40979fa0d40f8054448d95f936f878e50d2c229f3d545301bfc464c9057bf2e1; declaredFrameCount=1; runtime reachability unresolved; placement and bounds unresolved; renderer suitability unresolved
swf-definition-01456,624,,sprite,source-assets/flash/HELP MATH_ORIGINAL FILES/HELP_COURSES/ELMGR5/L5/FQ/L5FQ03.swf,,,fd97c8b45e4612e39c998559ab3a1ee674ec2edc2d5635f879d8e1c02aa7149b,DefineSprite,,,none; machine census only; no renderer export,machine-extracted-definition-candidate,owner-provided SWF,container=root; definitionDepth=0; tagOrdinal=1456; payloadBytes=23; rawTagPayloadSha256=fd97c8b45e4612e39c998559ab3a1ee674ec2edc2d5635f879d8e1c02aa7149b; exactTagIdentitySha256=5c983724dd0e7cf542d2a4b37d545131cdb5e3bc063eaa37ca7fa6b740dc32ed; declaredFrameCount=1; runtime reachability unresolved; placement and bounds unresolved; renderer suitability unresolved
swf-definition-01460,625,,sprite,source-assets/flash/HELP MATH_ORIGINAL FILES/HELP_COURSES/ELMGR5/L5/FQ/L5FQ03.swf,,,1f10c8f863fb4c64413c5b26d296661a2e072b6b456b1d009ef81bbc38681d1b,DefineSprite,,,none; machine census only; no renderer export,machine-extracted-definition-candidate,owner-provided SWF,container=root; definitionDepth=0; tagOrdinal=1460; payloadBytes=23; rawTagPayloadSha256=1f10c8f863fb4c64413c5b26d296661a2e072b6b456b1d009ef81bbc38681d1b; exactTagIdentitySha256=31dbec3bccc128767a56e0490486536973671693c1e0248498ae7a81acb2a231; declaredFrameCount=1; runtime reachability unresolved; placement and bounds unresolved; renderer suitability unresolved
swf-definition-01464,626,,text,source-assets/flash/HELP MATH_ORIGINAL FILES/HELP_COURSES/ELMGR5/L5/FQ/L5FQ03.swf,,,444a951818570454bd837599eec07e18a720bc02c2250a79e2512b9575c4e471,DefineEditText,,,none; machine census only; no renderer export,machine-extracted-definition-candidate,owner-provided SWF,container=root; definitionDepth=0; tagOrdinal=1464; payloadBytes=39; rawTagPayloadSha256=444a951818570454bd837599eec07e18a720bc02c2250a79e2512b9575c4e471; exactTagIdentitySha256=f3a508accb755dc0689b5aa816002bbfb10c3d864445d855e268e43197dc8b39; runtime reachability unresolved; placement and bounds unresolved; renderer suitability unresolved
swf-definition-01465,627,,text,source-assets/flash/HELP MATH_ORIGINAL FILES/HELP_COURSES/ELMGR5/L5/FQ/L5FQ03.swf,,,2482167716e80836e75030f633ed7b159607d42133eed3ed58a59d564ad887fa,DefineEditText,,,none; machine census only; no renderer export,machine-extracted-definition-candidate,owner-provided SWF,container=root; definitionDepth=0; tagOrdinal=1465; payloadBytes=39; rawTagPayloadSha256=2482167716e80836e75030f633ed7b159607d42133eed3ed58a59d564ad887fa; exactTagIdentitySha256=9998d623df74f47155a3041cbf35a83821d1d8c764e4c9d132f8ccfaff18b2d1; runtime reachability unresolved; placement and bounds unresolved; renderer suitability unresolved
swf-definition-01466,628,,text,source-assets/flash/HELP MATH_ORIGINAL FILES/HELP_COURSES/ELMGR5/L5/FQ/L5FQ03.swf,,,80a5c48e14de32601a7184bac4f11ad2b3160098fa687260a2129907f1159ed9,DefineEditText,,,none; machine census only; no renderer export,machine-extracted-definition-candidate,owner-provided SWF,container=root; definitionDepth=0; tagOrdinal=1466; payloadBytes=39; rawTagPayloadSha256=80a5c48e14de32601a7184bac4f11ad2b3160098fa687260a2129907f1159ed9; exactTagIdentitySha256=38015b56965f308d28ffba1dacb80a716aaa3df9bb85b3ef762b0c7953fdd3c1; runtime reachability unresolved; placement and bounds unresolved; renderer suitability unresolved
swf-definition-01467,629,,text,source-assets/flash/HELP MATH_ORIGINAL FILES/HELP_COURSES/ELMGR5/L5/FQ/L5FQ03.swf,,,d59283da64c028e9e3bf6d57565fcbdb436f4f0af90786b0a23e880a19207706,DefineEditText,,,none; machine census only; no renderer export,machine-extracted-definition-candidate,owner-provided SWF,container=root; definitionDepth=0; tagOrdinal=1467; payloadBytes=39; rawTagPayloadSha256=d59283da64c028e9e3bf6d57565fcbdb436f4f0af90786b0a23e880a19207706; exactTagIdentitySha256=f14c4d53da4dab50b2971dcaaa57c9d260151bc1a89202862181931d90194df3; runtime reachability unresolved; placement and bounds unresolved; renderer suitability unresolved
swf-definition-01468,630,,shape,source-assets/flash/HELP MATH_ORIGINAL FILES/HELP_COURSES/ELMGR5/L5/FQ/L5FQ03.swf,,,d2c9240e6943e1879fe887ff5fb8f212b3d21af58a86fde9b045c2c00fb28602,DefineShape3,,,none; machine census only; no renderer export,machine-extracted-definition-candidate,owner-provided SWF,container=root; definitionDepth=0; tagOrdinal=1468; payloadBytes=462; rawTagPayloadSha256=d2c9240e6943e1879fe887ff5fb8f212b3d21af58a86fde9b045c2c00fb28602; exactTagIdentitySha256=77c685ee80f0c01068d24301d7d68a0b5e221bcdf372346ac1bb7b8f49bc1120; runtime reachability unresolved; placement and bounds unresolved; renderer suitability unresolved
swf-definition-01469,631,,shape,source-assets/flash/HELP MATH_ORIGINAL FILES/HELP_COURSES/ELMGR5/L5/FQ/L5FQ03.swf,,,bf52576dba75b3a0b7551a0405c5dd0c5f912b430fef39be41fcbbe8d9903788,DefineShape3,,,none; machine census only; no renderer export,machine-extracted-definition-candidate,owner-provided SWF,container=root; definitionDepth=0; tagOrdinal=1469; payloadBytes=462; rawTagPayloadSha256=bf52576dba75b3a0b7551a0405c5dd0c5f912b430fef39be41fcbbe8d9903788; exactTagIdentitySha256=cdf7e443916e4f35054d1731ae74b482e49a04c9537a38aa4852f9c2757b8be4; runtime reachability unresolved; placement and bounds unresolved; renderer suitability unresolved
swf-definition-01470,632,,shape,source-assets/flash/HELP MATH_ORIGINAL FILES/HELP_COURSES/ELMGR5/L5/FQ/L5FQ03.swf,,,0c013c752074b61d354207a9000ab0e3b6fdfcefeb38c8ceee019f5c821e72f2,DefineShape3,,,none; machine census only; no renderer export,machine-extracted-definition-candidate,owner-provided SWF,container=root; definitionDepth=0; tagOrdinal=1470; payloadBytes=462; rawTagPayloadSha256=0c013c752074b61d354207a9000ab0e3b6fdfcefeb38c8ceee019f5c821e72f2; exactTagIdentitySha256=9485c6e9dd3be24662c708b01345fc4c544ed28b9f1169403f27e539a714be38; runtime reachability unresolved; placement and bounds unresolved; renderer suitability unresolved
swf-definition-01471,633,,text,source-assets/flash/HELP MATH_ORIGINAL FILES/HELP_COURSES/ELMGR5/L5/FQ/L5FQ03.swf,,,b28a0e569d5473db93611970c9f9786242dd3ae369fa9e8b60908bc5eca31d53,DefineEditText,,,none; machine census only; no renderer export,machine-extracted-definition-candidate,owner-provided SWF,container=root; definitionDepth=0; tagOrdinal=1471; payloadBytes=36; rawTagPayloadSha256=b28a0e569d5473db93611970c9f9786242dd3ae369fa9e8b60908bc5eca31d53; exactTagIdentitySha256=b5d619e1d316451612e559f369e0f9974fce3141689728aee2605dff681ef77b; runtime reachability unresolved; placement and bounds unresolved; renderer suitability unresolved
swf-definition-01472,634,,text,source-assets/flash/HELP MATH_ORIGINAL FILES/HELP_COURSES/ELMGR5/L5/FQ/L5FQ03.swf,,,e218a1c6cad8f27bed21f0443d4d8988bf04a6771af2350ed784b3249834554f,DefineEditText,,,none; machine census only; no renderer export,machine-extracted-definition-candidate,owner-provided SWF,container=root; definitionDepth=0; tagOrdinal=1472; payloadBytes=32; rawTagPayloadSha256=e218a1c6cad8f27bed21f0443d4d8988bf04a6771af2350ed784b3249834554f; exactTagIdentitySha256=1e295fb5d2fa642ef718b9e1c79babc0c521bb7a1f8d4a900afccc4f4e98432e; runtime reachability unresolved; placement and bounds unresolved; renderer suitability unresolved
swf-definition-01473,635,,text,source-assets/flash/HELP MATH_ORIGINAL FILES/HELP_COURSES/ELMGR5/L5/FQ/L5FQ03.swf,,,32709b134adfd832930ee66244cdbaf5c39d4777e4c94cc9adeae1dfbd92d6dc,DefineEditText,,,none; machine census only; no renderer export,machine-extracted-definition-candidate,owner-provided SWF,container=root; definitionDepth=0; tagOrdinal=1473; payloadBytes=31; rawTagPayloadSha256=32709b134adfd832930ee66244cdbaf5c39d4777e4c94cc9adeae1dfbd92d6dc; exactTagIdentitySha256=a9f2fa83640402dd7719202843eabc0974147d7262e3eb0ebc85007b510ddeb9; runtime reachability unresolved; placement and bounds unresolved; renderer suitability unresolved
swf-definition-01474,636,,text,source-assets/flash/HELP MATH_ORIGINAL FILES/HELP_COURSES/ELMGR5/L5/FQ/L5FQ03.swf,,,f033044ccde0cecc4a1d0d20d171ee395b12490c5ff1896b9d6f67b7eff1dedc,DefineEditText,,,none; machine census only; no renderer export,machine-extracted-definition-candidate,owner-provided SWF,container=root; definitionDepth=0; tagOrdinal=1474; payloadBytes=31; rawTagPayloadSha256=f033044ccde0cecc4a1d0d20d171ee395b12490c5ff1896b9d6f67b7eff1dedc; exactTagIdentitySha256=fdb91ece0351588653b6a3ba3c98f8de11430c593274f592cc80f8d2e49fcb6c; runtime reachability unresolved; placement and bounds unresolved; renderer suitability unresolved
swf-definition-01475,637,,text,source-assets/flash/HELP MATH_ORIGINAL FILES/HELP_COURSES/ELMGR5/L5/FQ/L5FQ03.swf,,,ec62e8aad92fd59d9e54748788b10067cf55bf1ead045c5acd2b010fd88864c3,DefineEditText,,,none; machine census only; no renderer export,machine-extracted-definition-candidate,owner-provided SWF,container=root; definitionDepth=0; tagOrdinal=1475; payloadBytes=39; rawTagPayloadSha256=ec62e8aad92fd59d9e54748788b10067cf55bf1ead045c5acd2b010fd88864c3; exactTagIdentitySha256=7e40a99dbd799ec2ce05ba45d745f478f14613717f096396247b207424b134c5; runtime reachability unresolved; placement and bounds unresolved; renderer suitability unresolved
swf-definition-01476,638,,text,source-assets/flash/HELP MATH_ORIGINAL FILES/HELP_COURSES/ELMGR5/L5/FQ/L5FQ03.swf,,,459183abc271dc2bde08b2bf6479a238732bde827def098faaa007e8d193ee3a,DefineEditText,,,none; machine census only; no renderer export,machine-extracted-definition-candidate,owner-provided SWF,container=root; definitionDepth=0; tagOrdinal=1476; payloadBytes=39; rawTagPayloadSha256=459183abc271dc2bde08b2bf6479a238732bde827def098faaa007e8d193ee3a; exactTagIdentitySha256=df26273018f55e4c89872be829492e789cf743bcbcef741d80ff5d5245fb528b; runtime reachability unresolved; placement and bounds unresolved; renderer suitability unresolved
swf-definition-01477,639,,text,source-assets/flash/HELP MATH_ORIGINAL FILES/HELP_COURSES/ELMGR5/L5/FQ/L5FQ03.swf,,,7ca4ee005d8c67ed9dce3e807fe2c50d45974a6e5e330240c4f90aa35133c481,DefineEditText,,,none; machine census only; no renderer export,machine-extracted-definition-candidate,owner-provided SWF,container=root; definitionDepth=0; tagOrdinal=1477; payloadBytes=39; rawTagPayloadSha256=7ca4ee005d8c67ed9dce3e807fe2c50d45974a6e5e330240c4f90aa35133c481; exactTagIdentitySha256=ea18f3250a321883824034f0422eeb66a79a538927167b421f236df4deaf4834; runtime reachability unresolved; placement and bounds unresolved; renderer suitability unresolved
swf-definition-01478,640,,text,source-assets/flash/HELP MATH_ORIGINAL FILES/HELP_COURSES/ELMGR5/L5/FQ/L5FQ03.swf,,,4f3d798170ad0b30638e536f9c5588b1073685483f0dd0ebd8dffd238bcbab87,DefineEditText,,,none; machine census only; no renderer export,machine-extracted-definition-candidate,owner-provided SWF,container=root; definitionDepth=0; tagOrdinal=1478; payloadBytes=39; rawTagPayloadSha256=4f3d798170ad0b30638e536f9c5588b1073685483f0dd0ebd8dffd238bcbab87; exactTagIdentitySha256=13d1ba972e59dfce045466290140bf48e4d1fec8a9b7d2d9fc00e804a1f78a32; runtime reachability unresolved; placement and bounds unresolved; renderer suitability unresolved
swf-definition-01479,641,,sprite,source-assets/flash/HELP MATH_ORIGINAL FILES/HELP_COURSES/ELMGR5/L5/FQ/L5FQ03.swf,,,8862d845b86dbf332ba38e7dabcd87542f6605023e2b0276e6b3d2a99853ed17,DefineSprite,,,none; machine census only; no renderer export,machine-extracted-definition-candidate,owner-provided SWF,container=root; definitionDepth=0; tagOrdinal=1479; payloadBytes=23; rawTagPayloadSha256=8862d845b86dbf332ba38e7dabcd87542f6605023e2b0276e6b3d2a99853ed17; exactTagIdentitySha256=a53da4e1162d71da016e18bf6c4c2b63eb6d2cd75f2ac0b73f6f8f46559ded85; declaredFrameCount=1; runtime reachability unresolved; placement and bounds unresolved; renderer suitability unresolved
swf-definition-01483,642,,sprite,source-assets/flash/HELP MATH_ORIGINAL FILES/HELP_COURSES/ELMGR5/L5/FQ/L5FQ03.swf,,,982317d03fae76ef4280f744361a8df7842d92ac88897e5f59ca6f80fac67616,DefineSprite,,,none; machine census only; no renderer export,machine-extracted-definition-candidate,owner-provided SWF,container=root; definitionDepth=0; tagOrdinal=1483; payloadBytes=23; rawTagPayloadSha256=982317d03fae76ef4280f744361a8df7842d92ac88897e5f59ca6f80fac67616; exactTagIdentitySha256=fec7e6d5798de6f0c21520f7bf5613f132f9e4b1ea6fda00aa468cdcf9a2a9d7; declaredFrameCount=1; runtime reachability unresolved; placement and bounds unresolved; renderer suitability unresolved
swf-definition-01487,643,,sprite,source-assets/flash/HELP MATH_ORIGINAL FILES/HELP_COURSES/ELMGR5/L5/FQ/L5FQ03.swf,,,dfe32b9904b850521834e608720e83e938fa44a0a16ef3b6aaba4b31ef4dd08f,DefineSprite,,,none; machine census only; no renderer export,machine-extracted-definition-candidate,owner-provided SWF,container=root; definitionDepth=0; tagOrdinal=1487; payloadBytes=23; rawTagPayloadSha256=dfe32b9904b850521834e608720e83e938fa44a0a16ef3b6aaba4b31ef4dd08f; exactTagIdentitySha256=8eb091354cc97a40c4f854fab7edce6c84cd61c1103ec23048e77373cacffe5f; declaredFrameCount=1; runtime reachability unresolved; placement and bounds unresolved; renderer suitability unresolved
swf-definition-01491,644,,sprite,source-assets/flash/HELP MATH_ORIGINAL FILES/HELP_COURSES/ELMGR5/L5/FQ/L5FQ03.swf,,,c6a6319db8f21801619d334ad5f751a116f2f04a4f5f023456a6097842788cee,DefineSprite,,,none; machine census only; no renderer export,machine-extracted-definition-candidate,owner-provided SWF,container=root; definitionDepth=0; tagOrdinal=1491; payloadBytes=23; rawTagPayloadSha256=c6a6319db8f21801619d334ad5f751a116f2f04a4f5f023456a6097842788cee; exactTagIdentitySha256=b1f5819e04ec61529f76683a1f844bde8de5e6e2b086142d02faf7ad9ad7e886; declaredFrameCount=1; runtime reachability unresolved; placement and bounds unresolved; renderer suitability unresolved
swf-definition-01495,645,,shape,source-assets/flash/HELP MATH_ORIGINAL FILES/HELP_COURSES/ELMGR5/L5/FQ/L5FQ03.swf,,,662393f919ef7f3b78415398050f3293f34e1bf6f81b0d087422eb855ea25bea,DefineShape3,,,none; machine census only; no renderer export,machine-extracted-definition-candidate,owner-provided SWF,container=root; definitionDepth=0; tagOrdinal=1495; payloadBytes=462; rawTagPayloadSha256=662393f919ef7f3b78415398050f3293f34e1bf6f81b0d087422eb855ea25bea; exactTagIdentitySha256=09180f7da9ef30581b3df98e65384623beecf75f65a4f202a944ed318528a8f6; runtime reachability unresolved; placement and bounds unresolved; renderer suitability unresolved
swf-definition-01496,646,,shape,source-assets/flash/HELP MATH_ORIGINAL FILES/HELP_COURSES/ELMGR5/L5/FQ/L5FQ03.swf,,,65f319f93405ff06ebe81aae9cedea5c5311c26cee717451bb414344f8485d0a,DefineShape3,,,none; machine census only; no renderer export,machine-extracted-definition-candidate,owner-provided SWF,container=root; definitionDepth=0; tagOrdinal=1496; payloadBytes=462; rawTagPayloadSha256=65f319f93405ff06ebe81aae9cedea5c5311c26cee717451bb414344f8485d0a; exactTagIdentitySha256=25740453633b9991d51b27a5074f117fc94519c9d6687374848252a682300597; runtime reachability unresolved; placement and bounds unresolved; renderer suitability unresolved
swf-definition-01497,647,,shape,source-assets/flash/HELP MATH_ORIGINAL FILES/HELP_COURSES/ELMGR5/L5/FQ/L5FQ03.swf,,,0741e525f6d5fa2ee6f146d1d3da934a5fd72bf916483b0a406c5645789208e4,DefineShape3,,,none; machine census only; no renderer export,machine-extracted-definition-candidate,owner-provided SWF,container=root; definitionDepth=0; tagOrdinal=1497; payloadBytes=462; rawTagPayloadSha256=0741e525f6d5fa2ee6f146d1d3da934a5fd72bf916483b0a406c5645789208e4; exactTagIdentitySha256=7a3a49f0d4dcc59d124e9f65534f2c5b489721e87e4aac6126e5ab936e29f4d3; runtime reachability unresolved; placement and bounds unresolved; renderer suitability unresolved
swf-definition-01498,648,,shape,source-assets/flash/HELP MATH_ORIGINAL FILES/HELP_COURSES/ELMGR5/L5/FQ/L5FQ03.swf,,,0fa9515320615c5a4b8e88e83ccb7eb4de06f112231281bbd5bf0247f3cf59cf,DefineShape3,,,none; machine census only; no renderer export,machine-extracted-definition-candidate,owner-provided SWF,container=root; definitionDepth=0; tagOrdinal=1498; payloadBytes=572; rawTagPayloadSha256=0fa9515320615c5a4b8e88e83ccb7eb4de06f112231281bbd5bf0247f3cf59cf; exactTagIdentitySha256=980e53ce6a716573b17c72293f856433208b642d9a5f4f775e56f75ec1a88d84; runtime reachability unresolved; placement and bounds unresolved; renderer suitability unresolved
swf-definition-01499,649,,shape,source-assets/flash/HELP MATH_ORIGINAL FILES/HELP_COURSES/ELMGR5/L5/FQ/L5FQ03.swf,,,afef88900d7b112ad493bb46ca073457de5fbc7ccbba7378a2809b3f249f0d29,DefineShape3,,,none; machine census only; no renderer export,machine-extracted-definition-candidate,owner-provided SWF,container=root; definitionDepth=0; tagOrdinal=1499; payloadBytes=4347; rawTagPayloadSha256=afef88900d7b112ad493bb46ca073457de5fbc7ccbba7378a2809b3f249f0d29; exactTagIdentitySha256=50b53792cbfce72bda47cea91382ddb976b5d3f64d62aa79f245749422e5bbfd; runtime reachability unresolved; placement and bounds unresolved; renderer suitability unresolved
swf-definition-01500,650,,text,source-assets/flash/HELP MATH_ORIGINAL FILES/HELP_COURSES/ELMGR5/L5/FQ/L5FQ03.swf,,,11aef992db85d79ca5c79fb7bdf6353eb24caaee84b5e890a4c1ba7c16c6117f,DefineEditText,,,none; machine census only; no renderer export,machine-extracted-definition-candidate,owner-provided SWF,container=root; definitionDepth=0; tagOrdinal=1500; payloadBytes=36; rawTagPayloadSha256=11aef992db85d79ca5c79fb7bdf6353eb24caaee84b5e890a4c1ba7c16c6117f; exactTagIdentitySha256=14fdd66bcdd61497b252b344ca059a5340a800f017671f279d9e8f9abda3522d; runtime reachability unresolved; placement and bounds unresolved; renderer suitability unresolved
swf-definition-01501,651,,text,source-assets/flash/HELP MATH_ORIGINAL FILES/HELP_COURSES/ELMGR5/L5/FQ/L5FQ03.swf,,,044fcad72c3b8ca9657def567441141b5e0f71db29cb6f6efdf4280a4c6a15ad,DefineEditText,,,none; machine census only; no renderer export,machine-extracted-definition-candidate,owner-provided SWF,container=root; definitionDepth=0; tagOrdinal=1501; payloadBytes=32; rawTagPayloadSha256=044fcad72c3b8ca9657def567441141b5e0f71db29cb6f6efdf4280a4c6a15ad; exactTagIdentitySha256=fcbf2d1036534b70ce8a9c87493cea18d07f478b9159a8b5d1fc57062ef74b99; runtime reachability unresolved; placement and bounds unresolved; renderer suitability unresolved
swf-definition-01502,652,,text,source-assets/flash/HELP MATH_ORIGINAL FILES/HELP_COURSES/ELMGR5/L5/FQ/L5FQ03.swf,,,d6feabe10f7286c3af2aeb8111bdaad847cb96ec75406490160db51b1f0b7af5,DefineEditText,,,none; machine census only; no renderer export,machine-extracted-definition-candidate,owner-provided SWF,container=root; definitionDepth=0; tagOrdinal=1502; payloadBytes=31; rawTagPayloadSha256=d6feabe10f7286c3af2aeb8111bdaad847cb96ec75406490160db51b1f0b7af5; exactTagIdentitySha256=ba5a25476018592846476e8439c7361413bb309ab1947a303cf519dfff560a1f; runtime reachability unresolved; placement and bounds unresolved; renderer suitability unresolved
swf-definition-01503,653,,text,source-assets/flash/HELP MATH_ORIGINAL FILES/HELP_COURSES/ELMGR5/L5/FQ/L5FQ03.swf,,,bd67bf98a2c988c34bcbb3afaed8b6b6c839cae7e4d9c4fc22371a385db98500,DefineEditText,,,none; machine census only; no renderer export,machine-extracted-definition-candidate,owner-provided SWF,container=root; definitionDepth=0; tagOrdinal=1503; payloadBytes=31; rawTagPayloadSha256=bd67bf98a2c988c34bcbb3afaed8b6b6c839cae7e4d9c4fc22371a385db98500; exactTagIdentitySha256=84731914efaf287723e58ca58e3548b36708f6975e9fb3e96619a47d6bfdd644; runtime reachability unresolved; placement and bounds unresolved; renderer suitability unresolved
swf-definition-01504,654,,text,source-assets/flash/HELP MATH_ORIGINAL FILES/HELP_COURSES/ELMGR5/L5/FQ/L5FQ03.swf,,,7116ef8592305f9da8d6a2de46bd2787b261a92d0862c3102c6279f8b5040135,DefineEditText,,,none; machine census only; no renderer export,machine-extracted-definition-candidate,owner-provided SWF,container=root; definitionDepth=0; tagOrdinal=1504; payloadBytes=39; rawTagPayloadSha256=7116ef8592305f9da8d6a2de46bd2787b261a92d0862c3102c6279f8b5040135; exactTagIdentitySha256=32444b3026f3bba82d4553d35d84999df34ee7f99387cc96f2e169bf83084857; runtime reachability unresolved; placement and bounds unresolved; renderer suitability unresolved
swf-definition-01505,655,,text,source-assets/flash/HELP MATH_ORIGINAL FILES/HELP_COURSES/ELMGR5/L5/FQ/L5FQ03.swf,,,922ba0d1ee0edde90602b4abda9041f7bb6bb26c675221c0154836a578de2c51,DefineEditText,,,none; machine census only; no renderer export,machine-extracted-definition-candidate,owner-provided SWF,container=root; definitionDepth=0; tagOrdinal=1505; payloadBytes=39; rawTagPayloadSha256=922ba0d1ee0edde90602b4abda9041f7bb6bb26c675221c0154836a578de2c51; exactTagIdentitySha256=7d80878db6d88e5ae05a91f37f8e183a74a6d469bb2f628936ac00625e410959; runtime reachability unresolved; placement and bounds unresolved; renderer suitability unresolved
swf-definition-01506,656,,text,source-assets/flash/HELP MATH_ORIGINAL FILES/HELP_COURSES/ELMGR5/L5/FQ/L5FQ03.swf,,,2dfbaf28ba3e6b241b9da20d9fdaf2c82225f9a5329b22b2e9f31688bc06e590,DefineEditText,,,none; machine census only; no renderer export,machine-extracted-definition-candidate,owner-provided SWF,container=root; definitionDepth=0; tagOrdinal=1506; payloadBytes=39; rawTagPayloadSha256=2dfbaf28ba3e6b241b9da20d9fdaf2c82225f9a5329b22b2e9f31688bc06e590; exactTagIdentitySha256=c6964744088b8ca57ff88a909b14a6d3b04c341e05d7115541ad8d539a3136a7; runtime reachability unresolved; placement and bounds unresolved; renderer suitability unresolved
swf-definition-01507,657,,text,source-assets/flash/HELP MATH_ORIGINAL FILES/HELP_COURSES/ELMGR5/L5/FQ/L5FQ03.swf,,,bce6b908f43671441f6c5868fbea31d7522aaff36d75e64c2c214af4a05c4fa4,DefineEditText,,,none; machine census only; no renderer export,machine-extracted-definition-candidate,owner-provided SWF,container=root; definitionDepth=0; tagOrdinal=1507; payloadBytes=39; rawTagPayloadSha256=bce6b908f43671441f6c5868fbea31d7522aaff36d75e64c2c214af4a05c4fa4; exactTagIdentitySha256=f7614c4326a35470e60d4b8eb0def5b1626850cb5103ab494e6e37c35c41c567; runtime reachability unresolved; placement and bounds unresolved; renderer suitability unresolved
swf-definition-01508,658,,sprite,source-assets/flash/HELP MATH_ORIGINAL FILES/HELP_COURSES/ELMGR5/L5/FQ/L5FQ03.swf,,,74630c497cb5e5ac610898e0769177f88d5c8f295369866d09c08651266e1cfd,DefineSprite,,,none; machine census only; no renderer export,machine-extracted-definition-candidate,owner-provided SWF,container=root; definitionDepth=0; tagOrdinal=1508; payloadBytes=23; rawTagPayloadSha256=74630c497cb5e5ac610898e0769177f88d5c8f295369866d09c08651266e1cfd; exactTagIdentitySha256=6a14fa36250de564adf54fe88e0df6a1cc6e8b18fac5bef47f3c768d3619ffce; declaredFrameCount=1; runtime reachability unresolved; placement and bounds unresolved; renderer suitability unresolved
swf-definition-01512,659,,sprite,source-assets/flash/HELP MATH_ORIGINAL FILES/HELP_COURSES/ELMGR5/L5/FQ/L5FQ03.swf,,,6240b5574213395788e0f23ea82881d39d11eafb669d7ce63d82e3eeb8088fed,DefineSprite,,,none; machine census only; no renderer export,machine-extracted-definition-candidate,owner-provided SWF,container=root; definitionDepth=0; tagOrdinal=1512; payloadBytes=23; rawTagPayloadSha256=6240b5574213395788e0f23ea82881d39d11eafb669d7ce63d82e3eeb8088fed; exactTagIdentitySha256=b567f7339642161ae3396c0e2fd8c8b0d0edfce6849bef761738b1bd659f07fe; declaredFrameCount=1; runtime reachability unresolved; placement and bounds unresolved; renderer suitability unresolved
swf-definition-01516,660,,sprite,source-assets/flash/HELP MATH_ORIGINAL FILES/HELP_COURSES/ELMGR5/L5/FQ/L5FQ03.swf,,,255ec852a0c0477c7425c913cf4b0175733d1754fb2e8d8fda8b73dc593cd0ef,DefineSprite,,,none; machine census only; no renderer export,machine-extracted-definition-candidate,owner-provided SWF,container=root; definitionDepth=0; tagOrdinal=1516; payloadBytes=23; rawTagPayloadSha256=255ec852a0c0477c7425c913cf4b0175733d1754fb2e8d8fda8b73dc593cd0ef; exactTagIdentitySha256=44cb76850052e406df526718edc328469a864bf2dced39f2eed7d3e79d3513a5; declaredFrameCount=1; runtime reachability unresolved; placement and bounds unresolved; renderer suitability unresolved
swf-definition-01520,661,,sprite,source-assets/flash/HELP MATH_ORIGINAL FILES/HELP_COURSES/ELMGR5/L5/FQ/L5FQ03.swf,,,e1c4a110a011d7366ac2480f5efd74f4fd8b7bec0ca27afb9332c55bb6050e36,DefineSprite,,,none; machine census only; no renderer export,machine-extracted-definition-candidate,owner-provided SWF,container=root; definitionDepth=0; tagOrdinal=1520; payloadBytes=23; rawTagPayloadSha256=e1c4a110a011d7366ac2480f5efd74f4fd8b7bec0ca27afb9332c55bb6050e36; exactTagIdentitySha256=d3b92512ae452b7ef0d66b387c709ad148858002a78d9d2fd12a59169ce1d07f; declaredFrameCount=1; runtime reachability unresolved; placement and bounds unresolved; renderer suitability unresolved
swf-definition-01524,662,,shape,source-assets/flash/HELP MATH_ORIGINAL FILES/HELP_COURSES/ELMGR5/L5/FQ/L5FQ03.swf,,,cb9be5b735e89cc34768b108a381159228b4817c6f7885ddd869b1aa263baa60,DefineShape3,,,none; machine census only; no renderer export,machine-extracted-definition-candidate,owner-provided SWF,container=root; definitionDepth=0; tagOrdinal=1524; payloadBytes=462; rawTagPayloadSha256=cb9be5b735e89cc34768b108a381159228b4817c6f7885ddd869b1aa263baa60; exactTagIdentitySha256=9b8b5b654a60c745d419876731df15323106805247a3da71800a309fcfdf109c; runtime reachability unresolved; placement and bounds unresolved; renderer suitability unresolved
swf-definition-01525,663,,shape,source-assets/flash/HELP MATH_ORIGINAL FILES/HELP_COURSES/ELMGR5/L5/FQ/L5FQ03.swf,,,5e59b8415f6c1b4e75a89a88f0e1767655950c0b9f7aefdecc34b58c212ca178,DefineShape3,,,none; machine census only; no renderer export,machine-extracted-definition-candidate,owner-provided SWF,container=root; definitionDepth=0; tagOrdinal=1525; payloadBytes=462; rawTagPayloadSha256=5e59b8415f6c1b4e75a89a88f0e1767655950c0b9f7aefdecc34b58c212ca178; exactTagIdentitySha256=106beab1d07e2fd80bfbe541c8c2ebc7eb70901974c0022b605d983434211c4e; runtime reachability unresolved; placement and bounds unresolved; renderer suitability unresolved
swf-definition-01526,664,,shape,source-assets/flash/HELP MATH_ORIGINAL FILES/HELP_COURSES/ELMGR5/L5/FQ/L5FQ03.swf,,,3409e02d3c279d53aaa313ba116519a19b6a66ed78d19677bd34da6ed483f73d,DefineShape3,,,none; machine census only; no renderer export,machine-extracted-definition-candidate,owner-provided SWF,container=root; definitionDepth=0; tagOrdinal=1526; payloadBytes=462; rawTagPayloadSha256=3409e02d3c279d53aaa313ba116519a19b6a66ed78d19677bd34da6ed483f73d; exactTagIdentitySha256=04a4b7dc76de3e2ed4c4924d29d308e24d998be423f8bbec16fd39bf66379906; runtime reachability unresolved; placement and bounds unresolved; renderer suitability unresolved
swf-definition-01527,665,,shape,source-assets/flash/HELP MATH_ORIGINAL FILES/HELP_COURSES/ELMGR5/L5/FQ/L5FQ03.swf,,,09a0b8bc20099438f1277d6bdbb0d29966cb6d22f4428ba65d2ac8b11ec0b134,DefineShape3,,,none; machine census only; no renderer export,machine-extracted-definition-candidate,owner-provided SWF,container=root; definitionDepth=0; tagOrdinal=1527; payloadBytes=572; rawTagPayloadSha256=09a0b8bc20099438f1277d6bdbb0d29966cb6d22f4428ba65d2ac8b11ec0b134; exactTagIdentitySha256=3f5dfbb7dfc7019c6312674946098ac8428f13fd979284a690406d92360ceda0; runtime reachability unresolved; placement and bounds unresolved; renderer suitability unresolved
swf-definition-01528,666,,shape,source-assets/flash/HELP MATH_ORIGINAL FILES/HELP_COURSES/ELMGR5/L5/FQ/L5FQ03.swf,,,c3a9dbb0e9793bd570b5a2101252e8debd6d695822dee443706461938eb1d015,DefineShape3,,,none; machine census only; no renderer export,machine-extracted-definition-candidate,owner-provided SWF,container=root; definitionDepth=0; tagOrdinal=1528; payloadBytes=4347; rawTagPayloadSha256=c3a9dbb0e9793bd570b5a2101252e8debd6d695822dee443706461938eb1d015; exactTagIdentitySha256=8d39d2acd2ad3a4f19d67daef54c1fcb3db6db8d3bc866a648caa0b915d3b566; runtime reachability unresolved; placement and bounds unresolved; renderer suitability unresolved
swf-definition-01529,667,,text,source-assets/flash/HELP MATH_ORIGINAL FILES/HELP_COURSES/ELMGR5/L5/FQ/L5FQ03.swf,,,26ca7aa190f7a66ef22d6577735b08aa96ce71199d892ea49b4ac597f1fb4bff,DefineEditText,,,none; machine census only; no renderer export,machine-extracted-definition-candidate,owner-provided SWF,container=root; definitionDepth=0; tagOrdinal=1529; payloadBytes=36; rawTagPayloadSha256=26ca7aa190f7a66ef22d6577735b08aa96ce71199d892ea49b4ac597f1fb4bff; exactTagIdentitySha256=acc32f8226155841ee3949f3a4890d1e2379a52cab7086d825e6257f9d743394; runtime reachability unresolved; placement and bounds unresolved; renderer suitability unresolved
swf-definition-01530,668,,text,source-assets/flash/HELP MATH_ORIGINAL FILES/HELP_COURSES/ELMGR5/L5/FQ/L5FQ03.swf,,,91805e13313bf82d3d69ef888e90f8c9a6fd33feefb6ecd14b5162053076d398,DefineEditText,,,none; machine census only; no renderer export,machine-extracted-definition-candidate,owner-provided SWF,container=root; definitionDepth=0; tagOrdinal=1530; payloadBytes=32; rawTagPayloadSha256=91805e13313bf82d3d69ef888e90f8c9a6fd33feefb6ecd14b5162053076d398; exactTagIdentitySha256=4aa659409b114a17bb1a61cd486141d643c138612e041e03fad00864965a7769; runtime reachability unresolved; placement and bounds unresolved; renderer suitability unresolved
swf-definition-01531,669,,text,source-assets/flash/HELP MATH_ORIGINAL FILES/HELP_COURSES/ELMGR5/L5/FQ/L5FQ03.swf,,,4d3029e8708b8c39afa6d3adb1c0a0258ea77a7f04594c10d7870c27661f94a3,DefineEditText,,,none; machine census only; no renderer export,machine-extracted-definition-candidate,owner-provided SWF,container=root; definitionDepth=0; tagOrdinal=1531; payloadBytes=31; rawTagPayloadSha256=4d3029e8708b8c39afa6d3adb1c0a0258ea77a7f04594c10d7870c27661f94a3; exactTagIdentitySha256=ef26a525c0694bbfb37b197922aef720a675ee64ba44c0b1b16664110939f789; runtime reachability unresolved; placement and bounds unresolved; renderer suitability unresolved
swf-definition-01532,670,,text,source-assets/flash/HELP MATH_ORIGINAL FILES/HELP_COURSES/ELMGR5/L5/FQ/L5FQ03.swf,,,571e34e4b7991943d7cada7f8c976a6df22c818d081561d91a054281b434bbad,DefineEditText,,,none; machine census only; no renderer export,machine-extracted-definition-candidate,owner-provided SWF,container=root; definitionDepth=0; tagOrdinal=1532; payloadBytes=31; rawTagPayloadSha256=571e34e4b7991943d7cada7f8c976a6df22c818d081561d91a054281b434bbad; exactTagIdentitySha256=e362310a83c78114323389a9567f72267aca23f532d874cb4e628d8da452c024; runtime reachability unresolved; placement and bounds unresolved; renderer suitability unresolved
swf-definition-01533,671,,text,source-assets/flash/HELP MATH_ORIGINAL FILES/HELP_COURSES/ELMGR5/L5/FQ/L5FQ03.swf,,,b2485931a7d9615de22a6200bf132ad2a7a14ebe56feba6ca683eca8f4eb7227,DefineEditText,,,none; machine census only; no renderer export,machine-extracted-definition-candidate,owner-provided SWF,container=root; definitionDepth=0; tagOrdinal=1533; payloadBytes=39; rawTagPayloadSha256=b2485931a7d9615de22a6200bf132ad2a7a14ebe56feba6ca683eca8f4eb7227; exactTagIdentitySha256=55d21246c5e8b79e1ac593319b362cbac5010a84c3e014c4976259eb59319258; runtime reachability unresolved; placement and bounds unresolved; renderer suitability unresolved
swf-definition-01534,672,,text,source-assets/flash/HELP MATH_ORIGINAL FILES/HELP_COURSES/ELMGR5/L5/FQ/L5FQ03.swf,,,52a5466b8a40c7e40b77d8e6e9279fff8811f8763e5132965303433e6d256072,DefineEditText,,,none; machine census only; no renderer export,machine-extracted-definition-candidate,owner-provided SWF,container=root; definitionDepth=0; tagOrdinal=1534; payloadBytes=39; rawTagPayloadSha256=52a5466b8a40c7e40b77d8e6e9279fff8811f8763e5132965303433e6d256072; exactTagIdentitySha256=e49d8246053f1c46007b109ee746ea9d4d1fdf1aaeac8d194c68b5a64e2a6114; runtime reachability unresolved; placement and bounds unresolved; renderer suitability unresolved
swf-definition-01535,673,,text,source-assets/flash/HELP MATH_ORIGINAL FILES/HELP_COURSES/ELMGR5/L5/FQ/L5FQ03.swf,,,7e2088b22939acd63bc521ad4c6362b0c5cc5f1be460ce72a911ebc11b80889e,DefineEditText,,,none; machine census only; no renderer export,machine-extracted-definition-candidate,owner-provided SWF,container=root; definitionDepth=0; tagOrdinal=1535; payloadBytes=39; rawTagPayloadSha256=7e2088b22939acd63bc521ad4c6362b0c5cc5f1be460ce72a911ebc11b80889e; exactTagIdentitySha256=8d70c94bcb697b235172ddeb22270a67bfea89e0a65e2822d54dc76e92329526; runtime reachability unresolved; placement and bounds unresolved; renderer suitability unresolved
swf-definition-01536,674,,text,source-assets/flash/HELP MATH_ORIGINAL FILES/HELP_COURSES/ELMGR5/L5/FQ/L5FQ03.swf,,,58ba5162661142aef43423b16670d4116a3727a5ac5c61649835fba154e85da7,DefineEditText,,,none; machine census only; no renderer export,machine-extracted-definition-candidate,owner-provided SWF,container=root; definitionDepth=0; tagOrdinal=1536; payloadBytes=39; rawTagPayloadSha256=58ba5162661142aef43423b16670d4116a3727a5ac5c61649835fba154e85da7; exactTagIdentitySha256=66821bd316bb90ce17843c588f0be05346144afefc7c546cf91c42c00f10a6f1; runtime reachability unresolved; placement and bounds unresolved; renderer suitability unresolved
swf-definition-01537,675,,sprite,source-assets/flash/HELP MATH_ORIGINAL FILES/HELP_COURSES/ELMGR5/L5/FQ/L5FQ03.swf,,,c04ebcf1989138912e16e922d3d9d324ff77f886dce39cd6e4e38ef4ef02186c,DefineSprite,,,none; machine census only; no renderer export,machine-extracted-definition-candidate,owner-provided SWF,container=root; definitionDepth=0; tagOrdinal=1537; payloadBytes=23; rawTagPayloadSha256=c04ebcf1989138912e16e922d3d9d324ff77f886dce39cd6e4e38ef4ef02186c; exactTagIdentitySha256=a9be92ebb27fec5718c3db56f7192189e6e290bb0b565acab9f2f9e9ad507c55; declaredFrameCount=1; runtime reachability unresolved; placement and bounds unresolved; renderer suitability unresolved
swf-definition-01541,676,,sprite,source-assets/flash/HELP MATH_ORIGINAL FILES/HELP_COURSES/ELMGR5/L5/FQ/L5FQ03.swf,,,ea4c52b793061d421ffd76ecc35c1706cab22ab5fffb94ea8167889b4ed2b259,DefineSprite,,,none; machine census only; no renderer export,machine-extracted-definition-candidate,owner-provided SWF,container=root; definitionDepth=0; tagOrdinal=1541; payloadBytes=23; rawTagPayloadSha256=ea4c52b793061d421ffd76ecc35c1706cab22ab5fffb94ea8167889b4ed2b259; exactTagIdentitySha256=c09d99ab2bca9375a38a66315b9e2a350a6d658d111e5bb584857aa8984d9b02; declaredFrameCount=1; runtime reachability unresolved; placement and bounds unresolved; renderer suitability unresolved
swf-definition-01545,677,,sprite,source-assets/flash/HELP MATH_ORIGINAL FILES/HELP_COURSES/ELMGR5/L5/FQ/L5FQ03.swf,,,df8b431862aa3f92868eaa645f47129b4ff7a6bb6a5dcba02664c3a7c0dcbca6,DefineSprite,,,none; machine census only; no renderer export,machine-extracted-definition-candidate,owner-provided SWF,container=root; definitionDepth=0; tagOrdinal=1545; payloadBytes=23; rawTagPayloadSha256=df8b431862aa3f92868eaa645f47129b4ff7a6bb6a5dcba02664c3a7c0dcbca6; exactTagIdentitySha256=63c9c17ca95bb3b6c9603fb2abe4928673a4309efbf4724d41722453bb9d4832; declaredFrameCount=1; runtime reachability unresolved; placement and bounds unresolved; renderer suitability unresolved
swf-definition-01549,678,,sprite,source-assets/flash/HELP MATH_ORIGINAL FILES/HELP_COURSES/ELMGR5/L5/FQ/L5FQ03.swf,,,8874fa11cf46939f8b867e396e4e266cda6af4ecdd0afeb7bd1b0fadd0f47e39,DefineSprite,,,none; machine census only; no renderer export,machine-extracted-definition-candidate,owner-provided SWF,container=root; definitionDepth=0; tagOrdinal=1549; payloadBytes=23; rawTagPayloadSha256=8874fa11cf46939f8b867e396e4e266cda6af4ecdd0afeb7bd1b0fadd0f47e39; exactTagIdentitySha256=57fb706a8d1b08e21cc737a26f46dda85ecf308277a981ea2e8c4de5c91d6d8d; declaredFrameCount=1; runtime reachability unresolved; placement and bounds unresolved; renderer suitability unresolved
swf-definition-01553,679,,shape,source-assets/flash/HELP MATH_ORIGINAL FILES/HELP_COURSES/ELMGR5/L5/FQ/L5FQ03.swf,,,6589eb95203212bf81e1d1e2301404adfd7e4b7758450c5f242587cb383acd2a,DefineShape3,,,none; machine census only; no renderer export,machine-extracted-definition-candidate,owner-provided SWF,container=root; definitionDepth=0; tagOrdinal=1553; payloadBytes=462; rawTagPayloadSha256=6589eb95203212bf81e1d1e2301404adfd7e4b7758450c5f242587cb383acd2a; exactTagIdentitySha256=fe4d06caa4911593f5368a96f9cdb93aeaa8fb23ec3bb26aa05b394d1bc61bf1; runtime reachability unresolved; placement and bounds unresolved; renderer suitability unresolved
swf-definition-01554,680,,text,source-assets/flash/HELP MATH_ORIGINAL FILES/HELP_COURSES/ELMGR5/L5/FQ/L5FQ03.swf,,,4ad4107ea41a268d13b43f9756b5ade2f89aa9776d6054fad5ac11efaefcc89a,DefineEditText,,,none; machine census only; no renderer export,machine-extracted-definition-candidate,owner-provided SWF,container=root; definitionDepth=0; tagOrdinal=1554; payloadBytes=36; rawTagPayloadSha256=4ad4107ea41a268d13b43f9756b5ade2f89aa9776d6054fad5ac11efaefcc89a; exactTagIdentitySha256=0e4a619d959081160e09a3fbf44429971dde2202c1ae3cc332ada20846b964a9; runtime reachability unresolved; placement and bounds unresolved; renderer suitability unresolved
swf-definition-01555,681,,text,source-assets/flash/HELP MATH_ORIGINAL FILES/HELP_COURSES/ELMGR5/L5/FQ/L5FQ03.swf,,,eef67d67aee721f047d67c58f055be8e1275912228d6fe1d3d364847b88a1291,DefineEditText,,,none; machine census only; no renderer export,machine-extracted-definition-candidate,owner-provided SWF,container=root; definitionDepth=0; tagOrdinal=1555; payloadBytes=32; rawTagPayloadSha256=eef67d67aee721f047d67c58f055be8e1275912228d6fe1d3d364847b88a1291; exactTagIdentitySha256=714bdda4b47f54d035cb746d4e050c1364f05ccc0a4c3eb9a3dbc3af80ac30b6; runtime reachability unresolved; placement and bounds unresolved; renderer suitability unresolved
swf-definition-01556,682,,text,source-assets/flash/HELP MATH_ORIGINAL FILES/HELP_COURSES/ELMGR5/L5/FQ/L5FQ03.swf,,,b8445cc63984f21d7516905bbfb5a56c7f2babeb30978db53ed2a3474e0fdd45,DefineEditText,,,none; machine census only; no renderer export,machine-extracted-definition-candidate,owner-provided SWF,container=root; definitionDepth=0; tagOrdinal=1556; payloadBytes=31; rawTagPayloadSha256=b8445cc63984f21d7516905bbfb5a56c7f2babeb30978db53ed2a3474e0fdd45; exactTagIdentitySha256=a526af7260e5f0ccb4802b355a7ddf9a160bde79afe420329b1af2227dd65d31; runtime reachability unresolved; placement and bounds unresolved; renderer suitability unresolved
swf-definition-01557,683,,text,source-assets/flash/HELP MATH_ORIGINAL FILES/HELP_COURSES/ELMGR5/L5/FQ/L5FQ03.swf,,,1d470e61a78350f570fb17ef52cc512a7dcfc324a8d4463cfac1fe958ab085e6,DefineEditText,,,none; machine census only; no renderer export,machine-extracted-definition-candidate,owner-provided SWF,container=root; definitionDepth=0; tagOrdinal=1557; payloadBytes=31; rawTagPayloadSha256=1d470e61a78350f570fb17ef52cc512a7dcfc324a8d4463cfac1fe958ab085e6; exactTagIdentitySha256=d9d654496f4cc5c4752cc0c5894c36a2cf9c9f3d4adb8088c6149df00b8deee7; runtime reachability unresolved; placement and bounds unresolved; renderer suitability unresolved
swf-definition-01558,684,,sprite,source-assets/flash/HELP MATH_ORIGINAL FILES/HELP_COURSES/ELMGR5/L5/FQ/L5FQ03.swf,,,b5e6d951cae97142f9051ded48ec02079e25dc5632c731e1e587f250560ae5eb,DefineSprite,,,none; machine census only; no renderer export,machine-extracted-definition-candidate,owner-provided SWF,container=root; definitionDepth=0; tagOrdinal=1558; payloadBytes=23; rawTagPayloadSha256=b5e6d951cae97142f9051ded48ec02079e25dc5632c731e1e587f250560ae5eb; exactTagIdentitySha256=1a74733e39898771361ae03d6717964165d6a0659d7e3c488e7dfd14e01c69a1; declaredFrameCount=1; runtime reachability unresolved; placement and bounds unresolved; renderer suitability unresolved
swf-definition-01562,685,,sprite,source-assets/flash/HELP MATH_ORIGINAL FILES/HELP_COURSES/ELMGR5/L5/FQ/L5FQ03.swf,,,9196d41dd4fb278c9afa1907ce1cb3c48a8f0f42ce62f813b8d01067b60b364c,DefineSprite,,,none; machine census only; no renderer export,machine-extracted-definition-candidate,owner-provided SWF,container=root; definitionDepth=0; tagOrdinal=1562; payloadBytes=23; rawTagPayloadSha256=9196d41dd4fb278c9afa1907ce1cb3c48a8f0f42ce62f813b8d01067b60b364c; exactTagIdentitySha256=7c92aa96b563f4618190b42af449149f2525f5e17b3a07e9ed3c83ec13c4c9d0; declaredFrameCount=1; runtime reachability unresolved; placement and bounds unresolved; renderer suitability unresolved
swf-definition-01566,686,,sprite,source-assets/flash/HELP MATH_ORIGINAL FILES/HELP_COURSES/ELMGR5/L5/FQ/L5FQ03.swf,,,9e766e92be0ad564a19db65a6869b9887dffb01d385c4c67272c15d61255ee8f,DefineSprite,,,none; machine census only; no renderer export,machine-extracted-definition-candidate,owner-provided SWF,container=root; definitionDepth=0; tagOrdinal=1566; payloadBytes=23; rawTagPayloadSha256=9e766e92be0ad564a19db65a6869b9887dffb01d385c4c67272c15d61255ee8f; exactTagIdentitySha256=2a766a073462c8987ecf00aaa125e0d00d2f98c94f18dcec5bfec9fb2f4221ca; declaredFrameCount=1; runtime reachability unresolved; placement and bounds unresolved; renderer suitability unresolved
swf-definition-01570,687,,sprite,source-assets/flash/HELP MATH_ORIGINAL FILES/HELP_COURSES/ELMGR5/L5/FQ/L5FQ03.swf,,,cffb5312b318ac4bcd1c1e403292cc99e5e69caf6710ede79df887f58288680a,DefineSprite,,,none; machine census only; no renderer export,machine-extracted-definition-candidate,owner-provided SWF,container=root; definitionDepth=0; tagOrdinal=1570; payloadBytes=23; rawTagPayloadSha256=cffb5312b318ac4bcd1c1e403292cc99e5e69caf6710ede79df887f58288680a; exactTagIdentitySha256=0d5d53ca123aa1efe0a3d4ae56dc9ae1a5fc6055688952c5ab16152d79d5acfe; declaredFrameCount=1; runtime reachability unresolved; placement and bounds unresolved; renderer suitability unresolved
swf-definition-01574,688,,text,source-assets/flash/HELP MATH_ORIGINAL FILES/HELP_COURSES/ELMGR5/L5/FQ/L5FQ03.swf,,,06b3c917c07af974399cbb31aee07efc302ed63fbe47ed7a360e2e56c0a6357f,DefineEditText,,,none; machine census only; no renderer export,machine-extracted-definition-candidate,owner-provided SWF,container=root; definitionDepth=0; tagOrdinal=1574; payloadBytes=39; rawTagPayloadSha256=06b3c917c07af974399cbb31aee07efc302ed63fbe47ed7a360e2e56c0a6357f; exactTagIdentitySha256=0f25225237dd592838937cfcd4835093eb8ed6e3f9a0d9daa447ee1e7b78e99a; runtime reachability unresolved; placement and bounds unresolved; renderer suitability unresolved
swf-definition-01575,689,,text,source-assets/flash/HELP MATH_ORIGINAL FILES/HELP_COURSES/ELMGR5/L5/FQ/L5FQ03.swf,,,bbc2df2a1a84697b7af90c7575f675f213023bc0d6211f7ffe48109a945d2629,DefineEditText,,,none; machine census only; no renderer export,machine-extracted-definition-candidate,owner-provided SWF,container=root; definitionDepth=0; tagOrdinal=1575; payloadBytes=39; rawTagPayloadSha256=bbc2df2a1a84697b7af90c7575f675f213023bc0d6211f7ffe48109a945d2629; exactTagIdentitySha256=c2f849d0c4affcc6b2406d1945b4bef065cb4757632592d32372222505753a73; runtime reachability unresolved; placement and bounds unresolved; renderer suitability unresolved
swf-definition-01576,690,,text,source-assets/flash/HELP MATH_ORIGINAL FILES/HELP_COURSES/ELMGR5/L5/FQ/L5FQ03.swf,,,6eee1ef1f67f19297727198a47fcec41d7c9f26b2a7c1a0afc719c24e1d0bef6,DefineEditText,,,none; machine census only; no renderer export,machine-extracted-definition-candidate,owner-provided SWF,container=root; definitionDepth=0; tagOrdinal=1576; payloadBytes=39; rawTagPayloadSha256=6eee1ef1f67f19297727198a47fcec41d7c9f26b2a7c1a0afc719c24e1d0bef6; exactTagIdentitySha256=ba302f0494701cb61175aa407d5509a5f155d5506c8ffbb0d374a9029a3b63ee; runtime reachability unresolved; placement and bounds unresolved; renderer suitability unresolved
swf-definition-01577,691,,text,source-assets/flash/HELP MATH_ORIGINAL FILES/HELP_COURSES/ELMGR5/L5/FQ/L5FQ03.swf,,,cb018da5b0acdf6091e4868c439b9bfa980c4f144a18e0c11a640f0f3e5c8e80,DefineEditText,,,none; machine census only; no renderer export,machine-extracted-definition-candidate,owner-provided SWF,container=root; definitionDepth=0; tagOrdinal=1577; payloadBytes=39; rawTagPayloadSha256=cb018da5b0acdf6091e4868c439b9bfa980c4f144a18e0c11a640f0f3e5c8e80; exactTagIdentitySha256=dab13ce507c61490a35fa30aa278b3be760ef8932b5937931495da9960c1eed1; runtime reachability unresolved; placement and bounds unresolved; renderer suitability unresolved
swf-definition-01578,692,,shape,source-assets/flash/HELP MATH_ORIGINAL FILES/HELP_COURSES/ELMGR5/L5/FQ/L5FQ03.swf,,,aa94ba66b94732d1295979a4a5129eb0d3737210eb08bda461b2ff2966d14755,DefineShape3,,,none; machine census only; no renderer export,machine-extracted-definition-candidate,owner-provided SWF,container=root; definitionDepth=0; tagOrdinal=1578; payloadBytes=462; rawTagPayloadSha256=aa94ba66b94732d1295979a4a5129eb0d3737210eb08bda461b2ff2966d14755; exactTagIdentitySha256=c889c81c37e0b7d6184fd101ffa89488c540bda14e06857601f705c9a8bd2a63; runtime reachability unresolved; placement and bounds unresolved; renderer suitability unresolved
swf-definition-01579,693,,shape,source-assets/flash/HELP MATH_ORIGINAL FILES/HELP_COURSES/ELMGR5/L5/FQ/L5FQ03.swf,,,bed5973d262ca6cb0f43d45edaff322998a509415fe7af5bb6622c1eed30fbba,DefineShape3,,,none; machine census only; no renderer export,machine-extracted-definition-candidate,owner-provided SWF,container=root; definitionDepth=0; tagOrdinal=1579; payloadBytes=462; rawTagPayloadSha256=bed5973d262ca6cb0f43d45edaff322998a509415fe7af5bb6622c1eed30fbba; exactTagIdentitySha256=8adef70b53cfebe14e256a2aa55f2b0f95339ca58828837aa80b2c3c6bbcf935; runtime reachability unresolved; placement and bounds unresolved; renderer suitability unresolved
swf-definition-01580,694,,shape,source-assets/flash/HELP MATH_ORIGINAL FILES/HELP_COURSES/ELMGR5/L5/FQ/L5FQ03.swf,,,6f1376b349c96c69a6a8d0107b0e6c92ec06a9793e735b8b33abf3ca43e3452b,DefineShape3,,,none; machine census only; no renderer export,machine-extracted-definition-candidate,owner-provided SWF,container=root; definitionDepth=0; tagOrdinal=1580; payloadBytes=462; rawTagPayloadSha256=6f1376b349c96c69a6a8d0107b0e6c92ec06a9793e735b8b33abf3ca43e3452b; exactTagIdentitySha256=1a5bc46e2a52a3599349f7db9d54020bb6d121ffa65434263cf8ecb4126fbdab; runtime reachability unresolved; placement and bounds unresolved; renderer suitability unresolved
swf-definition-01581,695,,text,source-assets/flash/HELP MATH_ORIGINAL FILES/HELP_COURSES/ELMGR5/L5/FQ/L5FQ03.swf,,,479b7af5963d58c451e0645cb6637d1cc7690e85ca6fa95dd36255afcb701fe8,DefineEditText,,,none; machine census only; no renderer export,machine-extracted-definition-candidate,owner-provided SWF,container=root; definitionDepth=0; tagOrdinal=1581; payloadBytes=36; rawTagPayloadSha256=479b7af5963d58c451e0645cb6637d1cc7690e85ca6fa95dd36255afcb701fe8; exactTagIdentitySha256=676189349a741b9eb3aa4c78ac045e2101b6ad7e8b1ac2ba47279ab32e21cf2a; runtime reachability unresolved; placement and bounds unresolved; renderer suitability unresolved
swf-definition-01582,696,,text,source-assets/flash/HELP MATH_ORIGINAL FILES/HELP_COURSES/ELMGR5/L5/FQ/L5FQ03.swf,,,a839408bfe11e3c29da72e6d196c057e466dfd6439a395efbdd3d4b5bf324158,DefineEditText,,,none; machine census only; no renderer export,machine-extracted-definition-candidate,owner-provided SWF,container=root; definitionDepth=0; tagOrdinal=1582; payloadBytes=32; rawTagPayloadSha256=a839408bfe11e3c29da72e6d196c057e466dfd6439a395efbdd3d4b5bf324158; exactTagIdentitySha256=33581dc880e321d12832e3d68a5b5f633d22f9866d4a114bb97c143871111788; runtime reachability unresolved; placement and bounds unresolved; renderer suitability unresolved
swf-definition-01583,697,,text,source-assets/flash/HELP MATH_ORIGINAL FILES/HELP_COURSES/ELMGR5/L5/FQ/L5FQ03.swf,,,35a96ff3b732c231e877b06687cec0604d83765f50abc87efb6bb8d18e94c54c,DefineEditText,,,none; machine census only; no renderer export,machine-extracted-definition-candidate,owner-provided SWF,container=root; definitionDepth=0; tagOrdinal=1583; payloadBytes=31; rawTagPayloadSha256=35a96ff3b732c231e877b06687cec0604d83765f50abc87efb6bb8d18e94c54c; exactTagIdentitySha256=f69c326abdb1e41dae31a01c7f1f806b39a4706e3498edfb7761ac0d4e939e57; runtime reachability unresolved; placement and bounds unresolved; renderer suitability unresolved
swf-definition-01584,698,,text,source-assets/flash/HELP MATH_ORIGINAL FILES/HELP_COURSES/ELMGR5/L5/FQ/L5FQ03.swf,,,693f05ae8cd3835d8dcf205a0c4ee26b1d729f502b924e0d310f1f2bf0dffe53,DefineEditText,,,none; machine census only; no renderer export,machine-extracted-definition-candidate,owner-provided SWF,container=root; definitionDepth=0; tagOrdinal=1584; payloadBytes=31; rawTagPayloadSha256=693f05ae8cd3835d8dcf205a0c4ee26b1d729f502b924e0d310f1f2bf0dffe53; exactTagIdentitySha256=9bd11d14171aff34a1ba6487b5463f7e150353a713ad95624e6ac4778fd96f71; runtime reachability unresolved; placement and bounds unresolved; renderer suitability unresolved
swf-definition-01585,699,,sprite,source-assets/flash/HELP MATH_ORIGINAL FILES/HELP_COURSES/ELMGR5/L5/FQ/L5FQ03.swf,,,ecf70466e1bc1fd8333e1d7abb0eba39a68741ec8b768be4373b0dd423c43510,DefineSprite,,,none; machine census only; no renderer export,machine-extracted-definition-candidate,owner-provided SWF,container=root; definitionDepth=0; tagOrdinal=1585; payloadBytes=23; rawTagPayloadSha256=ecf70466e1bc1fd8333e1d7abb0eba39a68741ec8b768be4373b0dd423c43510; exactTagIdentitySha256=b4ffffaab8a72db7f6fa820a2fc991e211658778cbe8e9b0c5a38a245814aa85; declaredFrameCount=1; runtime reachability unresolved; placement and bounds unresolved; renderer suitability unresolved
swf-definition-01589,700,,sprite,source-assets/flash/HELP MATH_ORIGINAL FILES/HELP_COURSES/ELMGR5/L5/FQ/L5FQ03.swf,,,15912e2fa577fe6a5c6ac82ae9ab5e8e7c98586f5f9530fbb3496f313781be5c,DefineSprite,,,none; machine census only; no renderer export,machine-extracted-definition-candidate,owner-provided SWF,container=root; definitionDepth=0; tagOrdinal=1589; payloadBytes=23; rawTagPayloadSha256=15912e2fa577fe6a5c6ac82ae9ab5e8e7c98586f5f9530fbb3496f313781be5c; exactTagIdentitySha256=0cebd2fb198afb657fbf7a4485a6410e163505767e6ebca74ef93ce4bde40e9e; declaredFrameCount=1; runtime reachability unresolved; placement and bounds unresolved; renderer suitability unresolved
swf-definition-01593,701,,sprite,source-assets/flash/HELP MATH_ORIGINAL FILES/HELP_COURSES/ELMGR5/L5/FQ/L5FQ03.swf,,,eba6bf1ed4fdfafc40e0249aa94313c0fd36497d6706be473e7d571d757f4981,DefineSprite,,,none; machine census only; no renderer export,machine-extracted-definition-candidate,owner-provided SWF,container=root; definitionDepth=0; tagOrdinal=1593; payloadBytes=23; rawTagPayloadSha256=eba6bf1ed4fdfafc40e0249aa94313c0fd36497d6706be473e7d571d757f4981; exactTagIdentitySha256=83c803f6c94d76cc7eaae1ae016af7de07a10d6d9259e5834ab9e43cffbfa7e7; declaredFrameCount=1; runtime reachability unresolved; placement and bounds unresolved; renderer suitability unresolved
swf-definition-01597,702,,sprite,source-assets/flash/HELP MATH_ORIGINAL FILES/HELP_COURSES/ELMGR5/L5/FQ/L5FQ03.swf,,,0c34c68b99f7d6f15d3774db94be50eaec1ece8e0e0adcc189d29f8dce382932,DefineSprite,,,none; machine census only; no renderer export,machine-extracted-definition-candidate,owner-provided SWF,container=root; definitionDepth=0; tagOrdinal=1597; payloadBytes=23; rawTagPayloadSha256=0c34c68b99f7d6f15d3774db94be50eaec1ece8e0e0adcc189d29f8dce382932; exactTagIdentitySha256=e51a6c3da4198db78bc1f7ff22a7d7cdebbfa67197d15a10d11592382c878e0c; declaredFrameCount=1; runtime reachability unresolved; placement and bounds unresolved; renderer suitability unresolved
swf-definition-01601,703,,text,source-assets/flash/HELP MATH_ORIGINAL FILES/HELP_COURSES/ELMGR5/L5/FQ/L5FQ03.swf,,,b8d73963466836fd7103189c0098a63b982290bebbaaa8dcda4e6cf767d496fe,DefineEditText,,,none; machine census only; no renderer export,machine-extracted-definition-candidate,owner-provided SWF,container=root; definitionDepth=0; tagOrdinal=1601; payloadBytes=39; rawTagPayloadSha256=b8d73963466836fd7103189c0098a63b982290bebbaaa8dcda4e6cf767d496fe; exactTagIdentitySha256=314dca13f5ced4897132e24d8b294eeba7506c64cc8f7c1327f849906cb2999e; runtime reachability unresolved; placement and bounds unresolved; renderer suitability unresolved
swf-definition-01602,704,,text,source-assets/flash/HELP MATH_ORIGINAL FILES/HELP_COURSES/ELMGR5/L5/FQ/L5FQ03.swf,,,a5970a6bd66e51de462d7fc57c5e369dade720990f70887f6930d4934b062c25,DefineEditText,,,none; machine census only; no renderer export,machine-extracted-definition-candidate,owner-provided SWF,container=root; definitionDepth=0; tagOrdinal=1602; payloadBytes=39; rawTagPayloadSha256=a5970a6bd66e51de462d7fc57c5e369dade720990f70887f6930d4934b062c25; exactTagIdentitySha256=c09aefb691b7262c368b7805ae79943155ae1a8ff5b7694b20e2c3b71c98954d; runtime reachability unresolved; placement and bounds unresolved; renderer suitability unresolved
swf-definition-01603,705,,text,source-assets/flash/HELP MATH_ORIGINAL FILES/HELP_COURSES/ELMGR5/L5/FQ/L5FQ03.swf,,,74e2f810a2d39bac2c566e31f42645df1638724a8b15ac4124323d53ced3264f,DefineEditText,,,none; machine census only; no renderer export,machine-extracted-definition-candidate,owner-provided SWF,container=root; definitionDepth=0; tagOrdinal=1603; payloadBytes=39; rawTagPayloadSha256=74e2f810a2d39bac2c566e31f42645df1638724a8b15ac4124323d53ced3264f; exactTagIdentitySha256=590c62740985b35175f696fec5ad23572e7e2f6e180f70a5423c72d1b686b35b; runtime reachability unresolved; placement and bounds unresolved; renderer suitability unresolved
swf-definition-01604,706,,text,source-assets/flash/HELP MATH_ORIGINAL FILES/HELP_COURSES/ELMGR5/L5/FQ/L5FQ03.swf,,,e636708f455186ee7e3325899e033ce58602718e742d306f52f00f32adb2340d,DefineEditText,,,none; machine census only; no renderer export,machine-extracted-definition-candidate,owner-provided SWF,container=root; definitionDepth=0; tagOrdinal=1604; payloadBytes=39; rawTagPayloadSha256=e636708f455186ee7e3325899e033ce58602718e742d306f52f00f32adb2340d; exactTagIdentitySha256=68a9690a98a864397608226ceaac3102492ee1921c6ec9bdc82b8f4d1c303567; runtime reachability unresolved; placement and bounds unresolved; renderer suitability unresolved
swf-definition-01605,707,,shape,source-assets/flash/HELP MATH_ORIGINAL FILES/HELP_COURSES/ELMGR5/L5/FQ/L5FQ03.swf,,,1c385d834f64e7d5b7f7580e139ac199b5b2402d638eb13e20b7936b869b2b7b,DefineShape3,,,none; machine census only; no renderer export,machine-extracted-definition-candidate,owner-provided SWF,container=root; definitionDepth=0; tagOrdinal=1605; payloadBytes=462; rawTagPayloadSha256=1c385d834f64e7d5b7f7580e139ac199b5b2402d638eb13e20b7936b869b2b7b; exactTagIdentitySha256=14c3be04ede3647759b0426fd1ce7348f40e928092fffb76221bfa1e01f55b13; runtime reachability unresolved; placement and bounds unresolved; renderer suitability unresolved
swf-definition-01606,708,,shape,source-assets/flash/HELP MATH_ORIGINAL FILES/HELP_COURSES/ELMGR5/L5/FQ/L5FQ03.swf,,,4aa5c9e685f956e30fafc8456df7feee4f76bc87771e6d71574adfc973dae743,DefineShape3,,,none; machine census only; no renderer export,machine-extracted-definition-candidate,owner-provided SWF,container=root; definitionDepth=0; tagOrdinal=1606; payloadBytes=462; rawTagPayloadSha256=4aa5c9e685f956e30fafc8456df7feee4f76bc87771e6d71574adfc973dae743; exactTagIdentitySha256=1f5d6378adad43cd581aa5ae422eca84c16f7fe7affecda63765ef5dccc0b679; runtime reachability unresolved; placement and bounds unresolved; renderer suitability unresolved
swf-definition-01607,709,,shape,source-assets/flash/HELP MATH_ORIGINAL FILES/HELP_COURSES/ELMGR5/L5/FQ/L5FQ03.swf,,,35b69b2f871bf18a5c95af0a56a9e7b59c5037286a5a06ac772cd1ddcacc1381,DefineShape3,,,none; machine census only; no renderer export,machine-extracted-definition-candidate,owner-provided SWF,container=root; definitionDepth=0; tagOrdinal=1607; payloadBytes=462; rawTagPayloadSha256=35b69b2f871bf18a5c95af0a56a9e7b59c5037286a5a06ac772cd1ddcacc1381; exactTagIdentitySha256=a71b606f85cf16bedf2e759f08b75ab2997ff90876c8b347a07af909983de373; runtime reachability unresolved; placement and bounds unresolved; renderer suitability unresolved
swf-definition-01608,710,,text,source-assets/flash/HELP MATH_ORIGINAL FILES/HELP_COURSES/ELMGR5/L5/FQ/L5FQ03.swf,,,287fce5f2b56cca88f112917dc29a48809b4599436674d47d07fec2f046b0c11,DefineEditText,,,none; machine census only; no renderer export,machine-extracted-definition-candidate,owner-provided SWF,container=root; definitionDepth=0; tagOrdinal=1608; payloadBytes=36; rawTagPayloadSha256=287fce5f2b56cca88f112917dc29a48809b4599436674d47d07fec2f046b0c11; exactTagIdentitySha256=c5f96f0498d00fc9d6520d5e8fef724ebcf1bcbf8bc6dabfbdf87a3239e2d9b0; runtime reachability unresolved; placement and bounds unresolved; renderer suitability unresolved
swf-definition-01609,711,,text,source-assets/flash/HELP MATH_ORIGINAL FILES/HELP_COURSES/ELMGR5/L5/FQ/L5FQ03.swf,,,e58d9b0858f9ea02dd876b25a3546f7b469a4d63f41b3a6fec56d343aed4b70f,DefineEditText,,,none; machine census only; no renderer export,machine-extracted-definition-candidate,owner-provided SWF,container=root; definitionDepth=0; tagOrdinal=1609; payloadBytes=32; rawTagPayloadSha256=e58d9b0858f9ea02dd876b25a3546f7b469a4d63f41b3a6fec56d343aed4b70f; exactTagIdentitySha256=5f27e6f4818a0919ccb8a46a9ac01a951469dafb2899f787a3bf182ad0b81604; runtime reachability unresolved; placement and bounds unresolved; renderer suitability unresolved
swf-definition-01610,712,,text,source-assets/flash/HELP MATH_ORIGINAL FILES/HELP_COURSES/ELMGR5/L5/FQ/L5FQ03.swf,,,1d78ef769bdf988366739ee60013434522b97331c16678017711fc6cba1dc7a5,DefineEditText,,,none; machine census only; no renderer export,machine-extracted-definition-candidate,owner-provided SWF,container=root; definitionDepth=0; tagOrdinal=1610; payloadBytes=31; rawTagPayloadSha256=1d78ef769bdf988366739ee60013434522b97331c16678017711fc6cba1dc7a5; exactTagIdentitySha256=3a7ffceed6c1f608863481170b7931f25508cb33ee2706ae5cdf6782082d1bde; runtime reachability unresolved; placement and bounds unresolved; renderer suitability unresolved
swf-definition-01611,713,,text,source-assets/flash/HELP MATH_ORIGINAL FILES/HELP_COURSES/ELMGR5/L5/FQ/L5FQ03.swf,,,4d489f0460c7a9d489f9f1c7ab10f4cd8dae4c1a2e553dc1a73db169c34e5d84,DefineEditText,,,none; machine census only; no renderer export,machine-extracted-definition-candidate,owner-provided SWF,container=root; definitionDepth=0; tagOrdinal=1611; payloadBytes=31; rawTagPayloadSha256=4d489f0460c7a9d489f9f1c7ab10f4cd8dae4c1a2e553dc1a73db169c34e5d84; exactTagIdentitySha256=f741f1cba86af63e15cde217dd23047793fcacf2e72233a156ce6cbdd728426b; runtime reachability unresolved; placement and bounds unresolved; renderer suitability unresolved
swf-definition-01612,714,,sprite,source-assets/flash/HELP MATH_ORIGINAL FILES/HELP_COURSES/ELMGR5/L5/FQ/L5FQ03.swf,,,789da9fac4508d340ff968ad32bfd5d8296c85f025b0a04f982d4b794baa8a9e,DefineSprite,,,none; machine census only; no renderer export,machine-extracted-definition-candidate,owner-provided SWF,container=root; definitionDepth=0; tagOrdinal=1612; payloadBytes=23; rawTagPayloadSha256=789da9fac4508d340ff968ad32bfd5d8296c85f025b0a04f982d4b794baa8a9e; exactTagIdentitySha256=c9b17bc373f9264873ea3e1d25dd16c8ec33558d2adc64728182d80412a85c0f; declaredFrameCount=1; runtime reachability unresolved; placement and bounds unresolved; renderer suitability unresolved
swf-definition-01616,715,,sprite,source-assets/flash/HELP MATH_ORIGINAL FILES/HELP_COURSES/ELMGR5/L5/FQ/L5FQ03.swf,,,5c739783daecc453418905d6288d3f728fe09f8a3a5371bb74cb82e5a4c98a51,DefineSprite,,,none; machine census only; no renderer export,machine-extracted-definition-candidate,owner-provided SWF,container=root; definitionDepth=0; tagOrdinal=1616; payloadBytes=23; rawTagPayloadSha256=5c739783daecc453418905d6288d3f728fe09f8a3a5371bb74cb82e5a4c98a51; exactTagIdentitySha256=804ced1f594e7584b725849b4e8eae909d5d3703a9bbddd44e19c1f03a23b0d9; declaredFrameCount=1; runtime reachability unresolved; placement and bounds unresolved; renderer suitability unresolved
swf-definition-01620,716,,sprite,source-assets/flash/HELP MATH_ORIGINAL FILES/HELP_COURSES/ELMGR5/L5/FQ/L5FQ03.swf,,,b30ba557c5207388e78bf7f09d62cb7c72e2b84097364e053c87e326024bb9d6,DefineSprite,,,none; machine census only; no renderer export,machine-extracted-definition-candidate,owner-provided SWF,container=root; definitionDepth=0; tagOrdinal=1620; payloadBytes=23; rawTagPayloadSha256=b30ba557c5207388e78bf7f09d62cb7c72e2b84097364e053c87e326024bb9d6; exactTagIdentitySha256=7d9bb7d5b4318c9588b3afe428202f9332684174902741cff9d48055590889c5; declaredFrameCount=1; runtime reachability unresolved; placement and bounds unresolved; renderer suitability unresolved
swf-definition-01624,717,,sprite,source-assets/flash/HELP MATH_ORIGINAL FILES/HELP_COURSES/ELMGR5/L5/FQ/L5FQ03.swf,,,5c5315fb7d3e51d95e7bb016646e88cab55f1613a0f14b9ad0f061c8268f01f2,DefineSprite,,,none; machine census only; no renderer export,machine-extracted-definition-candidate,owner-provided SWF,container=root; definitionDepth=0; tagOrdinal=1624; payloadBytes=23; rawTagPayloadSha256=5c5315fb7d3e51d95e7bb016646e88cab55f1613a0f14b9ad0f061c8268f01f2; exactTagIdentitySha256=c16afb8c067fc38b2b844430f6878f25d3f795a7d777fed0f0c47584ff517565; declaredFrameCount=1; runtime reachability unresolved; placement and bounds unresolved; renderer suitability unresolved
swf-definition-01628,718,,text,source-assets/flash/HELP MATH_ORIGINAL FILES/HELP_COURSES/ELMGR5/L5/FQ/L5FQ03.swf,,,53dcbea215343425cc96790a418d63ad18971272b7e767ef811e7ecc23ce686e,DefineEditText,,,none; machine census only; no renderer export,machine-extracted-definition-candidate,owner-provided SWF,container=root; definitionDepth=0; tagOrdinal=1628; payloadBytes=39; rawTagPayloadSha256=53dcbea215343425cc96790a418d63ad18971272b7e767ef811e7ecc23ce686e; exactTagIdentitySha256=0c17d44f67e2863dd3bdc4721abf5257adc2500e96dd044b8a556a696da7dd3a; runtime reachability unresolved; placement and bounds unresolved; renderer suitability unresolved
swf-definition-01629,719,,text,source-assets/flash/HELP MATH_ORIGINAL FILES/HELP_COURSES/ELMGR5/L5/FQ/L5FQ03.swf,,,3d97a633680724fb9fc77e4ec68d074a754063f8dfd68b2554ee3c39e6d6c084,DefineEditText,,,none; machine census only; no renderer export,machine-extracted-definition-candidate,owner-provided SWF,container=root; definitionDepth=0; tagOrdinal=1629; payloadBytes=39; rawTagPayloadSha256=3d97a633680724fb9fc77e4ec68d074a754063f8dfd68b2554ee3c39e6d6c084; exactTagIdentitySha256=77e401b451d96f782ab26d538c47582cf83ea20b7e650540809472de2523868b; runtime reachability unresolved; placement and bounds unresolved; renderer suitability unresolved
swf-definition-01630,720,,text,source-assets/flash/HELP MATH_ORIGINAL FILES/HELP_COURSES/ELMGR5/L5/FQ/L5FQ03.swf,,,439f2ba7c3655bba916b2fa9ef6f7541ee36b447f80a341f5d2d88ef42c02d62,DefineEditText,,,none; machine census only; no renderer export,machine-extracted-definition-candidate,owner-provided SWF,container=root; definitionDepth=0; tagOrdinal=1630; payloadBytes=39; rawTagPayloadSha256=439f2ba7c3655bba916b2fa9ef6f7541ee36b447f80a341f5d2d88ef42c02d62; exactTagIdentitySha256=aa6194ad728f6721ba10d2784b9d2d855f537f6fcbd58a1fe3038c11c4044d5d; runtime reachability unresolved; placement and bounds unresolved; renderer suitability unresolved
swf-definition-01631,721,,text,source-assets/flash/HELP MATH_ORIGINAL FILES/HELP_COURSES/ELMGR5/L5/FQ/L5FQ03.swf,,,76bf0e7e5ccfabd170966a688ab050984782de209efe8c76ce001ccb79d2655c,DefineEditText,,,none; machine census only; no renderer export,machine-extracted-definition-candidate,owner-provided SWF,container=root; definitionDepth=0; tagOrdinal=1631; payloadBytes=39; rawTagPayloadSha256=76bf0e7e5ccfabd170966a688ab050984782de209efe8c76ce001ccb79d2655c; exactTagIdentitySha256=88bef0d58593b5b3e6e08bc0a618e9412d430be31f5dfea46f4e11528bbd1f14; runtime reachability unresolved; placement and bounds unresolved; renderer suitability unresolved
swf-definition-01632,722,,shape,source-assets/flash/HELP MATH_ORIGINAL FILES/HELP_COURSES/ELMGR5/L5/FQ/L5FQ03.swf,,,e7a0b162cd11aaa5e80b27ce29cf9997c34521e39ee42392ad8b144f39689243,DefineShape3,,,none; machine census only; no renderer export,machine-extracted-definition-candidate,owner-provided SWF,container=root; definitionDepth=0; tagOrdinal=1632; payloadBytes=462; rawTagPayloadSha256=e7a0b162cd11aaa5e80b27ce29cf9997c34521e39ee42392ad8b144f39689243; exactTagIdentitySha256=f8fcf8fcd962ca4434e17ba5f6acb52c4d595c0779c2f86f91983d1cd0e50311; runtime reachability unresolved; placement and bounds unresolved; renderer suitability unresolved
swf-definition-01633,723,,shape,source-assets/flash/HELP MATH_ORIGINAL FILES/HELP_COURSES/ELMGR5/L5/FQ/L5FQ03.swf,,,7a24388ee7d458baa5cab75f2882061527b2f84fada6443aa10713ef295d5fe7,DefineShape3,,,none; machine census only; no renderer export,machine-extracted-definition-candidate,owner-provided SWF,container=root; definitionDepth=0; tagOrdinal=1633; payloadBytes=462; rawTagPayloadSha256=7a24388ee7d458baa5cab75f2882061527b2f84fada6443aa10713ef295d5fe7; exactTagIdentitySha256=f46338370c83edcd9669764de4f646bf3d2bac7fe176abd43b0cf6f04e91a5f2; runtime reachability unresolved; placement and bounds unresolved; renderer suitability unresolved
swf-definition-01634,724,,shape,source-assets/flash/HELP MATH_ORIGINAL FILES/HELP_COURSES/ELMGR5/L5/FQ/L5FQ03.swf,,,6cf0ea93c43f049db094825879e21893e399e9c465cd134e06eb0802dfa81185,DefineShape3,,,none; machine census only; no renderer export,machine-extracted-definition-candidate,owner-provided SWF,container=root; definitionDepth=0; tagOrdinal=1634; payloadBytes=462; rawTagPayloadSha256=6cf0ea93c43f049db094825879e21893e399e9c465cd134e06eb0802dfa81185; exactTagIdentitySha256=2e0f5a4d7b5ca4f98ccaaa47ba4e9dd791bd9b2d62b2b01e5d260b8a9fbd2806; runtime reachability unresolved; placement and bounds unresolved; renderer suitability unresolved
swf-definition-01635,725,,shape,source-assets/flash/HELP MATH_ORIGINAL FILES/HELP_COURSES/ELMGR5/L5/FQ/L5FQ03.swf,,,7f389756078f381d43b7b24c30812bb31c4b2291079e0cb4cded9094c94e7931,DefineShape3,,,none; machine census only; no renderer export,machine-extracted-definition-candidate,owner-provided SWF,container=root; definitionDepth=0; tagOrdinal=1635; payloadBytes=462; rawTagPayloadSha256=7f389756078f381d43b7b24c30812bb31c4b2291079e0cb4cded9094c94e7931; exactTagIdentitySha256=ca3cece89de400b5f070bb9bb7153e8a1043c22e60d690019829e3f9b91820f2; runtime reachability unresolved; placement and bounds unresolved; renderer suitability unresolved
swf-definition-01636,726,,shape,source-assets/flash/HELP MATH_ORIGINAL FILES/HELP_COURSES/ELMGR5/L5/FQ/L5FQ03.swf,,,c563f6c50fd0799f10f595a0100897a172f7977a78c06725363a64b021e420fc,DefineShape,,,none; machine census only; no renderer export,machine-extracted-definition-candidate,owner-provided SWF,container=root; definitionDepth=0; tagOrdinal=1636; payloadBytes=38; rawTagPayloadSha256=c563f6c50fd0799f10f595a0100897a172f7977a78c06725363a64b021e420fc; exactTagIdentitySha256=11ee3987cd74116bdc858ada3560e1ac6ceea2831183695abf85a819e900816f; runtime reachability unresolved; placement and bounds unresolved; renderer suitability unresolved
swf-definition-01637,727,,text,source-assets/flash/HELP MATH_ORIGINAL FILES/HELP_COURSES/ELMGR5/L5/FQ/L5FQ03.swf,,,d71e331317352e06bec87d93e285f97a356a6e6b774a8d07fcef61bf42b757e5,DefineEditText,,,none; machine census only; no renderer export,machine-extracted-definition-candidate,owner-provided SWF,container=root; definitionDepth=0; tagOrdinal=1637; payloadBytes=36; rawTagPayloadSha256=d71e331317352e06bec87d93e285f97a356a6e6b774a8d07fcef61bf42b757e5; exactTagIdentitySha256=7b7180846023febf52b13d00126ed7f2031de63a3a6e7e3712d1b6d6c911e221; runtime reachability unresolved; placement and bounds unresolved; renderer suitability unresolved
swf-definition-01638,728,,text,source-assets/flash/HELP MATH_ORIGINAL FILES/HELP_COURSES/ELMGR5/L5/FQ/L5FQ03.swf,,,089943ef1c3733c3bb6e6027158700c2d4ce018ce11ae32ed2571e3ea53bae6c,DefineEditText,,,none; machine census only; no renderer export,machine-extracted-definition-candidate,owner-provided SWF,container=root; definitionDepth=0; tagOrdinal=1638; payloadBytes=32; rawTagPayloadSha256=089943ef1c3733c3bb6e6027158700c2d4ce018ce11ae32ed2571e3ea53bae6c; exactTagIdentitySha256=e3e22a7b3b8fb8f6af0ba68ea8b8d47eb5481e0d9771f4060424208dbcf701b2; runtime reachability unresolved; placement and bounds unresolved; renderer suitability unresolved
swf-definition-01639,729,,text,source-assets/flash/HELP MATH_ORIGINAL FILES/HELP_COURSES/ELMGR5/L5/FQ/L5FQ03.swf,,,200a10a35484ed85fdfaf6e225784e73fd825fb388f3f37a68d87220b9868a3b,DefineEditText,,,none; machine census only; no renderer export,machine-extracted-definition-candidate,owner-provided SWF,container=root; definitionDepth=0; tagOrdinal=1639; payloadBytes=31; rawTagPayloadSha256=200a10a35484ed85fdfaf6e225784e73fd825fb388f3f37a68d87220b9868a3b; exactTagIdentitySha256=fe413748b5295d4c55a483a5a09a998dc97eb87fc3ae749b40d8803e0c2adf60; runtime reachability unresolved; placement and bounds unresolved; renderer suitability unresolved
swf-definition-01640,730,,text,source-assets/flash/HELP MATH_ORIGINAL FILES/HELP_COURSES/ELMGR5/L5/FQ/L5FQ03.swf,,,9fc5859add70f8abf9e39f88b8d2fd024b35d523ade19087994cbf02dbd05273,DefineEditText,,,none; machine census only; no renderer export,machine-extracted-definition-candidate,owner-provided SWF,container=root; definitionDepth=0; tagOrdinal=1640; payloadBytes=31; rawTagPayloadSha256=9fc5859add70f8abf9e39f88b8d2fd024b35d523ade19087994cbf02dbd05273; exactTagIdentitySha256=27da701104707cde7ff103c1b6c47ab497457f692c7ba6486892d39d91afaa49; runtime reachability unresolved; placement and bounds unresolved; renderer suitability unresolved
swf-definition-01641,731,,sprite,source-assets/flash/HELP MATH_ORIGINAL FILES/HELP_COURSES/ELMGR5/L5/FQ/L5FQ03.swf,,,20bd98f2fb9f253d10576880b206cf4033073051c9c95e7e69831203892758da,DefineSprite,,,none; machine census only; no renderer export,machine-extracted-definition-candidate,owner-provided SWF,container=root; definitionDepth=0; tagOrdinal=1641; payloadBytes=23; rawTagPayloadSha256=20bd98f2fb9f253d10576880b206cf4033073051c9c95e7e69831203892758da; exactTagIdentitySha256=3e057bf000db732eb59edfeec927a5efae0fe6f23912fa392bbcae41d1d70cbe; declaredFrameCount=1; runtime reachability unresolved; placement and bounds unresolved; renderer suitability unresolved
swf-definition-01645,732,,sprite,source-assets/flash/HELP MATH_ORIGINAL FILES/HELP_COURSES/ELMGR5/L5/FQ/L5FQ03.swf,,,b8e066f075286aa77dd53ff60374e99043a60fd53dffe85f7564d5017c7d685d,DefineSprite,,,none; machine census only; no renderer export,machine-extracted-definition-candidate,owner-provided SWF,container=root; definitionDepth=0; tagOrdinal=1645; payloadBytes=23; rawTagPayloadSha256=b8e066f075286aa77dd53ff60374e99043a60fd53dffe85f7564d5017c7d685d; exactTagIdentitySha256=d8fb0fa656fc02952d88c040cd1a741ae39439fd39f1cd35e252b486a64d96d8; declaredFrameCount=1; runtime reachability unresolved; placement and bounds unresolved; renderer suitability unresolved
swf-definition-01649,733,,sprite,source-assets/flash/HELP MATH_ORIGINAL FILES/HELP_COURSES/ELMGR5/L5/FQ/L5FQ03.swf,,,08b02b4e2cd90abc08643d3980db49e165d597900947b0263c162845c8a8859c,DefineSprite,,,none; machine census only; no renderer export,machine-extracted-definition-candidate,owner-provided SWF,container=root; definitionDepth=0; tagOrdinal=1649; payloadBytes=23; rawTagPayloadSha256=08b02b4e2cd90abc08643d3980db49e165d597900947b0263c162845c8a8859c; exactTagIdentitySha256=b5cbdd8bc16e99644b9cc33a3c420e9c61c0671eab2c410f44fa39c60d388521; declaredFrameCount=1; runtime reachability unresolved; placement and bounds unresolved; renderer suitability unresolved
swf-definition-01653,734,,sprite,source-assets/flash/HELP MATH_ORIGINAL FILES/HELP_COURSES/ELMGR5/L5/FQ/L5FQ03.swf,,,9b0a84799c8e4fd53033de6727e2ae16aa851eef78230b7f735affc177c0d0c3,DefineSprite,,,none; machine census only; no renderer export,machine-extracted-definition-candidate,owner-provided SWF,container=root; definitionDepth=0; tagOrdinal=1653; payloadBytes=23; rawTagPayloadSha256=9b0a84799c8e4fd53033de6727e2ae16aa851eef78230b7f735affc177c0d0c3; exactTagIdentitySha256=eb4c42bd75069d33de1d82d13378a7044ad5a49f0cc9f85ebf1fbc3dcb30a82b; declaredFrameCount=1; runtime reachability unresolved; placement and bounds unresolved; renderer suitability unresolved
swf-definition-01657,735,,text,source-assets/flash/HELP MATH_ORIGINAL FILES/HELP_COURSES/ELMGR5/L5/FQ/L5FQ03.swf,,,7730519942aef2733df21db5e08db00e4e0a3e58d66e560dd61adb50c730799b,DefineEditText,,,none; machine census only; no renderer export,machine-extracted-definition-candidate,owner-provided SWF,container=root; definitionDepth=0; tagOrdinal=1657; payloadBytes=39; rawTagPayloadSha256=7730519942aef2733df21db5e08db00e4e0a3e58d66e560dd61adb50c730799b; exactTagIdentitySha256=cc5da04f7c2cb5a07d4e71458eaa6556db5e03ce774d8e8c494d4c79aa8c8c08; runtime reachability unresolved; placement and bounds unresolved; renderer suitability unresolved
swf-definition-01658,736,,text,source-assets/flash/HELP MATH_ORIGINAL FILES/HELP_COURSES/ELMGR5/L5/FQ/L5FQ03.swf,,,6fdd6f94d08284488e1aa511294a0bdbf4c6530dd394ba32b75d714b8c93ce2c,DefineEditText,,,none; machine census only; no renderer export,machine-extracted-definition-candidate,owner-provided SWF,container=root; definitionDepth=0; tagOrdinal=1658; payloadBytes=39; rawTagPayloadSha256=6fdd6f94d08284488e1aa511294a0bdbf4c6530dd394ba32b75d714b8c93ce2c; exactTagIdentitySha256=f651849529c8279d90b1488263e356d0df0121b29fb9cd1edb5ab47a1e087c5b; runtime reachability unresolved; placement and bounds unresolved; renderer suitability unresolved
swf-definition-01659,737,,text,source-assets/flash/HELP MATH_ORIGINAL FILES/HELP_COURSES/ELMGR5/L5/FQ/L5FQ03.swf,,,b0aeb4841f5b6a1362711b96e0c8e6ecd1a509e73027769d84ee32aef1737c39,DefineEditText,,,none; machine census only; no renderer export,machine-extracted-definition-candidate,owner-provided SWF,container=root; definitionDepth=0; tagOrdinal=1659; payloadBytes=39; rawTagPayloadSha256=b0aeb4841f5b6a1362711b96e0c8e6ecd1a509e73027769d84ee32aef1737c39; exactTagIdentitySha256=8488d6cefd89747cadb9a4d496475a364ad124a12a92220e943587e662633eed; runtime reachability unresolved; placement and bounds unresolved; renderer suitability unresolved
swf-definition-01660,738,,text,source-assets/flash/HELP MATH_ORIGINAL FILES/HELP_COURSES/ELMGR5/L5/FQ/L5FQ03.swf,,,77dbb556467dc77e95e202e1e21345a6963963a3ab60a957212b02db1114ee70,DefineEditText,,,none; machine census only; no renderer export,machine-extracted-definition-candidate,owner-provided SWF,container=root; definitionDepth=0; tagOrdinal=1660; payloadBytes=39; rawTagPayloadSha256=77dbb556467dc77e95e202e1e21345a6963963a3ab60a957212b02db1114ee70; exactTagIdentitySha256=b51cee447b0995a640c54400cdee447c687b3e764c187897446b3ba6ff2fddf1; runtime reachability unresolved; placement and bounds unresolved; renderer suitability unresolved
swf-definition-01661,739,,shape,source-assets/flash/HELP MATH_ORIGINAL FILES/HELP_COURSES/ELMGR5/L5/FQ/L5FQ03.swf,,,7f4b86e9ec3e6583ec1191f87269ece53303af6cccc7318fe47d5957fcd250a6,DefineShape,,,none; machine census only; no renderer export,machine-extracted-definition-candidate,owner-provided SWF,container=root; definitionDepth=0; tagOrdinal=1661; payloadBytes=38; rawTagPayloadSha256=7f4b86e9ec3e6583ec1191f87269ece53303af6cccc7318fe47d5957fcd250a6; exactTagIdentitySha256=2660de4b8ca219f610444f001833ffd159a6593debede62f69316802d8f63407; runtime reachability unresolved; placement and bounds unresolved; renderer suitability unresolved
swf-definition-01662,740,,text,source-assets/flash/HELP MATH_ORIGINAL FILES/HELP_COURSES/ELMGR5/L5/FQ/L5FQ03.swf,,,a69946ed6ab3451ad805fd83c3475dd37f7ca111efa2e1d365d294e92a4b7468,DefineEditText,,,none; machine census only; no renderer export,machine-extracted-definition-candidate,owner-provided SWF,container=root; definitionDepth=0; tagOrdinal=1662; payloadBytes=36; rawTagPayloadSha256=a69946ed6ab3451ad805fd83c3475dd37f7ca111efa2e1d365d294e92a4b7468; exactTagIdentitySha256=7d2650fb67bd978cb04609b0b891a311a3f6dd084818819b0d10001150040b1e; runtime reachability unresolved; placement and bounds unresolved; renderer suitability unresolved
swf-definition-01663,741,,text,source-assets/flash/HELP MATH_ORIGINAL FILES/HELP_COURSES/ELMGR5/L5/FQ/L5FQ03.swf,,,0669d8c40f7e4079eb1ac1862aa78282c535beb68d99dc335064ad772c45f2f7,DefineEditText,,,none; machine census only; no renderer export,machine-extracted-definition-candidate,owner-provided SWF,container=root; definitionDepth=0; tagOrdinal=1663; payloadBytes=32; rawTagPayloadSha256=0669d8c40f7e4079eb1ac1862aa78282c535beb68d99dc335064ad772c45f2f7; exactTagIdentitySha256=dd2e9f7d801b7b41c42523967edb7a4eebadffeb0b8aff8b341399152a5b00f8; runtime reachability unresolved; placement and bounds unresolved; renderer suitability unresolved
swf-definition-01664,742,,text,source-assets/flash/HELP MATH_ORIGINAL FILES/HELP_COURSES/ELMGR5/L5/FQ/L5FQ03.swf,,,ac35ba7029e51e3621e72b8275945d1a1356b89e21caa303decf619f1cadbb36,DefineEditText,,,none; machine census only; no renderer export,machine-extracted-definition-candidate,owner-provided SWF,container=root; definitionDepth=0; tagOrdinal=1664; payloadBytes=31; rawTagPayloadSha256=ac35ba7029e51e3621e72b8275945d1a1356b89e21caa303decf619f1cadbb36; exactTagIdentitySha256=562ed226924f1a051bb79611dfa361ecded94da22250d863a4755d9cd054d63a; runtime reachability unresolved; placement and bounds unresolved; renderer suitability unresolved
swf-definition-01665,743,,text,source-assets/flash/HELP MATH_ORIGINAL FILES/HELP_COURSES/ELMGR5/L5/FQ/L5FQ03.swf,,,966eaff57edb335c4e44b96ebb517fec83a4771f5cc404dcebc93da8e08d90f4,DefineEditText,,,none; machine census only; no renderer export,machine-extracted-definition-candidate,owner-provided SWF,container=root; definitionDepth=0; tagOrdinal=1665; payloadBytes=31; rawTagPayloadSha256=966eaff57edb335c4e44b96ebb517fec83a4771f5cc404dcebc93da8e08d90f4; exactTagIdentitySha256=a7fe96d9f0dc338832b5c38b4f0d3ff7ab6378c1b36e189141bb8e44e3a6a85f; runtime reachability unresolved; placement and bounds unresolved; renderer suitability unresolved
swf-definition-01666,744,,sprite,source-assets/flash/HELP MATH_ORIGINAL FILES/HELP_COURSES/ELMGR5/L5/FQ/L5FQ03.swf,,,503bb9cca508d714b1c08f789859a7479693ca5b127850ed7e1ddde43a3d4ef9,DefineSprite,,,none; machine census only; no renderer export,machine-extracted-definition-candidate,owner-provided SWF,container=root; definitionDepth=0; tagOrdinal=1666; payloadBytes=23; rawTagPayloadSha256=503bb9cca508d714b1c08f789859a7479693ca5b127850ed7e1ddde43a3d4ef9; exactTagIdentitySha256=b0a70145f420a83950ad3e514d53a6e3cc2a9677bb95259241797a4544c4ec6e; declaredFrameCount=1; runtime reachability unresolved; placement and bounds unresolved; renderer suitability unresolved
swf-definition-01670,745,,sprite,source-assets/flash/HELP MATH_ORIGINAL FILES/HELP_COURSES/ELMGR5/L5/FQ/L5FQ03.swf,,,bde46f9a1ab744b9e7cfb9f6a6972dac1e0dc433cabd3e5557149f96d049eeef,DefineSprite,,,none; machine census only; no renderer export,machine-extracted-definition-candidate,owner-provided SWF,container=root; definitionDepth=0; tagOrdinal=1670; payloadBytes=23; rawTagPayloadSha256=bde46f9a1ab744b9e7cfb9f6a6972dac1e0dc433cabd3e5557149f96d049eeef; exactTagIdentitySha256=d62865f42c2d20d6f862e7abe7003a24b150512ffe2d1870576576cc18a6d9fe; declaredFrameCount=1; runtime reachability unresolved; placement and bounds unresolved; renderer suitability unresolved
swf-definition-01674,746,,sprite,source-assets/flash/HELP MATH_ORIGINAL FILES/HELP_COURSES/ELMGR5/L5/FQ/L5FQ03.swf,,,caf2d34fc4df4a4d488b7cfe7101aad617ad5a7a4661c396d0c40b0a368a2037,DefineSprite,,,none; machine census only; no renderer export,machine-extracted-definition-candidate,owner-provided SWF,container=root; definitionDepth=0; tagOrdinal=1674; payloadBytes=23; rawTagPayloadSha256=caf2d34fc4df4a4d488b7cfe7101aad617ad5a7a4661c396d0c40b0a368a2037; exactTagIdentitySha256=7ee195eca7152a3cfa49a39ae9c6dc251f5e3c07b9ceeed43eb05ab9ae0d2fea; declaredFrameCount=1; runtime reachability unresolved; placement and bounds unresolved; renderer suitability unresolved
swf-definition-01678,747,,sprite,source-assets/flash/HELP MATH_ORIGINAL FILES/HELP_COURSES/ELMGR5/L5/FQ/L5FQ03.swf,,,d53dd0f64354def3f605f7462d398d1b5c5554d0510d7ed33b42ee12a2d95d70,DefineSprite,,,none; machine census only; no renderer export,machine-extracted-definition-candidate,owner-provided SWF,container=root; definitionDepth=0; tagOrdinal=1678; payloadBytes=23; rawTagPayloadSha256=d53dd0f64354def3f605f7462d398d1b5c5554d0510d7ed33b42ee12a2d95d70; exactTagIdentitySha256=e4a49a4d064378ad1845db0cffe31392bbc94520b9c0bef343332f5f5b870d57; declaredFrameCount=1; runtime reachability unresolved; placement and bounds unresolved; renderer suitability unresolved
swf-definition-01682,748,,text,source-assets/flash/HELP MATH_ORIGINAL FILES/HELP_COURSES/ELMGR5/L5/FQ/L5FQ03.swf,,,84b9ae79d52b6e64ed45cd15c6587c47671b51d0a0e81592d8b45dd727dfd9a8,DefineEditText,,,none; machine census only; no renderer export,machine-extracted-definition-candidate,owner-provided SWF,container=root; definitionDepth=0; tagOrdinal=1682; payloadBytes=39; rawTagPayloadSha256=84b9ae79d52b6e64ed45cd15c6587c47671b51d0a0e81592d8b45dd727dfd9a8; exactTagIdentitySha256=a84e85d78b238dd01c4ef830ab12460041ed83e082ac6cd6cd33c74597c1bdb3; runtime reachability unresolved; placement and bounds unresolved; renderer suitability unresolved
swf-definition-01683,749,,text,source-assets/flash/HELP MATH_ORIGINAL FILES/HELP_COURSES/ELMGR5/L5/FQ/L5FQ03.swf,,,f0f5dd97034721d32dbfc1e51e27d5c6780af79de1a056560803496498b50b21,DefineEditText,,,none; machine census only; no renderer export,machine-extracted-definition-candidate,owner-provided SWF,container=root; definitionDepth=0; tagOrdinal=1683; payloadBytes=39; rawTagPayloadSha256=f0f5dd97034721d32dbfc1e51e27d5c6780af79de1a056560803496498b50b21; exactTagIdentitySha256=59e5edd397dfce838a0a6806560576a601d1a252951440fd7b35c44e5801807e; runtime reachability unresolved; placement and bounds unresolved; renderer suitability unresolved
swf-definition-01684,750,,text,source-assets/flash/HELP MATH_ORIGINAL FILES/HELP_COURSES/ELMGR5/L5/FQ/L5FQ03.swf,,,82af6081a2b57389223d6ee92a78c793b7b44ccda8dee77657784374129e9c98,DefineEditText,,,none; machine census only; no renderer export,machine-extracted-definition-candidate,owner-provided SWF,container=root; definitionDepth=0; tagOrdinal=1684; payloadBytes=39; rawTagPayloadSha256=82af6081a2b57389223d6ee92a78c793b7b44ccda8dee77657784374129e9c98; exactTagIdentitySha256=cfb7b1c5795690f3ded5a74c4d4fb04c548ee2f15b8a63fa89a2c34427778fd6; runtime reachability unresolved; placement and bounds unresolved; renderer suitability unresolved
swf-definition-01685,751,,text,source-assets/flash/HELP MATH_ORIGINAL FILES/HELP_COURSES/ELMGR5/L5/FQ/L5FQ03.swf,,,4344e472aa56c1da1e03c0ccf2f20425409a805ce42adc4fee5794708fdd3354,DefineEditText,,,none; machine census only; no renderer export,machine-extracted-definition-candidate,owner-provided SWF,container=root; definitionDepth=0; tagOrdinal=1685; payloadBytes=39; rawTagPayloadSha256=4344e472aa56c1da1e03c0ccf2f20425409a805ce42adc4fee5794708fdd3354; exactTagIdentitySha256=07fded01b6a65ab948623dc7a2319df5c0691b5fd87a0352548e427469962522; runtime reachability unresolved; placement and bounds unresolved; renderer suitability unresolved
swf-definition-01686,752,,shape,source-assets/flash/HELP MATH_ORIGINAL FILES/HELP_COURSES/ELMGR5/L5/FQ/L5FQ03.swf,,,efff7f23ac5ff7f5e08da731e0d3b29393484d950a42153fac1a2029a2ace97c,DefineShape3,,,none; machine census only; no renderer export,machine-extracted-definition-candidate,owner-provided SWF,container=root; definitionDepth=0; tagOrdinal=1686; payloadBytes=462; rawTagPayloadSha256=efff7f23ac5ff7f5e08da731e0d3b29393484d950a42153fac1a2029a2ace97c; exactTagIdentitySha256=ace0d12a91e50d5dc67f85e0a73c39d3c7436128cf9f1711dde4825b16d1ca83; runtime reachability unresolved; placement and bounds unresolved; renderer suitability unresolved
swf-definition-01687,753,,shape,source-assets/flash/HELP MATH_ORIGINAL FILES/HELP_COURSES/ELMGR5/L5/FQ/L5FQ03.swf,,,92ca804347c7033c0e05f732e1fa6631329561879f1066d5de6db5caa5a96d60,DefineShape3,,,none; machine census only; no renderer export,machine-extracted-definition-candidate,owner-provided SWF,container=root; definitionDepth=0; tagOrdinal=1687; payloadBytes=462; rawTagPayloadSha256=92ca804347c7033c0e05f732e1fa6631329561879f1066d5de6db5caa5a96d60; exactTagIdentitySha256=b59004ea8ab2c63165710bfa49a7d8725db6c2a96fff19ba7b95cb0114fbc06d; runtime reachability unresolved; placement and bounds unresolved; renderer suitability unresolved
swf-definition-01688,754,,shape,source-assets/flash/HELP MATH_ORIGINAL FILES/HELP_COURSES/ELMGR5/L5/FQ/L5FQ03.swf,,,3052ab6a55c7e7d7f61f44b5ab234c946ac59f5d3ac030d4099f3506b83001b9,DefineShape3,,,none; machine census only; no renderer export,machine-extracted-definition-candidate,owner-provided SWF,container=root; definitionDepth=0; tagOrdinal=1688; payloadBytes=462; rawTagPayloadSha256=3052ab6a55c7e7d7f61f44b5ab234c946ac59f5d3ac030d4099f3506b83001b9; exactTagIdentitySha256=cab32f91ff9cd01284a107bea92d507a5ccc4b76991737516fb697eef1c892d7; runtime reachability unresolved; placement and bounds unresolved; renderer suitability unresolved
swf-definition-01689,755,,shape,source-assets/flash/HELP MATH_ORIGINAL FILES/HELP_COURSES/ELMGR5/L5/FQ/L5FQ03.swf,,,330d6405183ef632844241ee3de01736989883d9f8fe6415e47ada58d7d4289d,DefineShape3,,,none; machine census only; no renderer export,machine-extracted-definition-candidate,owner-provided SWF,container=root; definitionDepth=0; tagOrdinal=1689; payloadBytes=462; rawTagPayloadSha256=330d6405183ef632844241ee3de01736989883d9f8fe6415e47ada58d7d4289d; exactTagIdentitySha256=9d08cd84f232e0665c70753485cc37726aee1affcbace2fc097ee89d5512a3f2; runtime reachability unresolved; placement and bounds unresolved; renderer suitability unresolved
swf-definition-01690,756,,shape,source-assets/flash/HELP MATH_ORIGINAL FILES/HELP_COURSES/ELMGR5/L5/FQ/L5FQ03.swf,,,b2ab1aa3149809530c443ebdee92aff764d23ff3e645129c1027b2cfe24e5dba,DefineShape,,,none; machine census only; no renderer export,machine-extracted-definition-candidate,owner-provided SWF,container=root; definitionDepth=0; tagOrdinal=1690; payloadBytes=38; rawTagPayloadSha256=b2ab1aa3149809530c443ebdee92aff764d23ff3e645129c1027b2cfe24e5dba; exactTagIdentitySha256=5a94ce08dcac1ac62b2049c1e673c832f31bef95756be5e2b4afa175dac80059; runtime reachability unresolved; placement and bounds unresolved; renderer suitability unresolved
swf-definition-01691,757,,text,source-assets/flash/HELP MATH_ORIGINAL FILES/HELP_COURSES/ELMGR5/L5/FQ/L5FQ03.swf,,,2fad6cda3b99e73380de1e0f3017e993c3aea61457a6e13e3ee53785a30dd4a2,DefineEditText,,,none; machine census only; no renderer export,machine-extracted-definition-candidate,owner-provided SWF,container=root; definitionDepth=0; tagOrdinal=1691; payloadBytes=36; rawTagPayloadSha256=2fad6cda3b99e73380de1e0f3017e993c3aea61457a6e13e3ee53785a30dd4a2; exactTagIdentitySha256=20db728b895841c10f7daa1328e1b7ab401e44cc203b5018d687685dc71c9346; runtime reachability unresolved; placement and bounds unresolved; renderer suitability unresolved
swf-definition-01692,758,,text,source-assets/flash/HELP MATH_ORIGINAL FILES/HELP_COURSES/ELMGR5/L5/FQ/L5FQ03.swf,,,09b9f797c85547b2b2cc993713825a96dd9d4031a505c1e89893b543c2402445,DefineEditText,,,none; machine census only; no renderer export,machine-extracted-definition-candidate,owner-provided SWF,container=root; definitionDepth=0; tagOrdinal=1692; payloadBytes=32; rawTagPayloadSha256=09b9f797c85547b2b2cc993713825a96dd9d4031a505c1e89893b543c2402445; exactTagIdentitySha256=96df6ef994b916e8976f3b38d16968afe4039d3c2415b923ac28e34a65d4b559; runtime reachability unresolved; placement and bounds unresolved; renderer suitability unresolved
swf-definition-01693,759,,text,source-assets/flash/HELP MATH_ORIGINAL FILES/HELP_COURSES/ELMGR5/L5/FQ/L5FQ03.swf,,,8dc420b9f84e6f8ebd6315a0fd9ae15d397dd3c67e4a293a8b14f1f24f938d5d,DefineEditText,,,none; machine census only; no renderer export,machine-extracted-definition-candidate,owner-provided SWF,container=root; definitionDepth=0; tagOrdinal=1693; payloadBytes=31; rawTagPayloadSha256=8dc420b9f84e6f8ebd6315a0fd9ae15d397dd3c67e4a293a8b14f1f24f938d5d; exactTagIdentitySha256=b601c04e51c652091f3a7cebb0d16515dfe7afbc4efe5330be6b875aa58adc0c; runtime reachability unresolved; placement and bounds unresolved; renderer suitability unresolved
swf-definition-01694,760,,text,source-assets/flash/HELP MATH_ORIGINAL FILES/HELP_COURSES/ELMGR5/L5/FQ/L5FQ03.swf,,,2a9311db73891dbf1dc31af8fcbc0147e314f7f485c3fbd6b5ddb42db0a563f9,DefineEditText,,,none; machine census only; no renderer export,machine-extracted-definition-candidate,owner-provided SWF,container=root; definitionDepth=0; tagOrdinal=1694; payloadBytes=31; rawTagPayloadSha256=2a9311db73891dbf1dc31af8fcbc0147e314f7f485c3fbd6b5ddb42db0a563f9; exactTagIdentitySha256=54a504661b59ecb81d939ee442b6b9cfaf28a3087fd57de51d244402ec009983; runtime reachability unresolved; placement and bounds unresolved; renderer suitability unresolved
swf-definition-01695,761,,text,source-assets/flash/HELP MATH_ORIGINAL FILES/HELP_COURSES/ELMGR5/L5/FQ/L5FQ03.swf,,,1702b042eb5f22da705e551bd21d1c13ff4963ae89103680cc2f95e78f8fae73,DefineEditText,,,none; machine census only; no renderer export,machine-extracted-definition-candidate,owner-provided SWF,container=root; definitionDepth=0; tagOrdinal=1695; payloadBytes=39; rawTagPayloadSha256=1702b042eb5f22da705e551bd21d1c13ff4963ae89103680cc2f95e78f8fae73; exactTagIdentitySha256=0a09578c88b0d6fcbcffd87ff88b026f9d7290e15347bbbc333a8972933b5eb3; runtime reachability unresolved; placement and bounds unresolved; renderer suitability unresolved
swf-definition-01696,762,,text,source-assets/flash/HELP MATH_ORIGINAL FILES/HELP_COURSES/ELMGR5/L5/FQ/L5FQ03.swf,,,7de988996b0749d275c1b1464dc96e918c7ae09d7cbe84781a9a9bd09ae2603e,DefineEditText,,,none; machine census only; no renderer export,machine-extracted-definition-candidate,owner-provided SWF,container=root; definitionDepth=0; tagOrdinal=1696; payloadBytes=39; rawTagPayloadSha256=7de988996b0749d275c1b1464dc96e918c7ae09d7cbe84781a9a9bd09ae2603e; exactTagIdentitySha256=c4aa5cf8accfb74680338a38a84a649c6215bde5dda5eb39cca96bfd5914a82c; runtime reachability unresolved; placement and bounds unresolved; renderer suitability unresolved
swf-definition-01697,763,,text,source-assets/flash/HELP MATH_ORIGINAL FILES/HELP_COURSES/ELMGR5/L5/FQ/L5FQ03.swf,,,88c8e221b2ee7d31c4d2f36358cf2240189a3024bda69fd941294b013a0d590a,DefineEditText,,,none; machine census only; no renderer export,machine-extracted-definition-candidate,owner-provided SWF,container=root; definitionDepth=0; tagOrdinal=1697; payloadBytes=39; rawTagPayloadSha256=88c8e221b2ee7d31c4d2f36358cf2240189a3024bda69fd941294b013a0d590a; exactTagIdentitySha256=f8ae8d4584f8d58c59fd15005a700a7e4b8bffcbbc619cde48d77d954cc35755; runtime reachability unresolved; placement and bounds unresolved; renderer suitability unresolved
swf-definition-01698,764,,text,source-assets/flash/HELP MATH_ORIGINAL FILES/HELP_COURSES/ELMGR5/L5/FQ/L5FQ03.swf,,,d6a0ff42a3bd09f52263a941563fb08b82c7b62f07363ff4241a81db83808def,DefineEditText,,,none; machine census only; no renderer export,machine-extracted-definition-candidate,owner-provided SWF,container=root; definitionDepth=0; tagOrdinal=1698; payloadBytes=39; rawTagPayloadSha256=d6a0ff42a3bd09f52263a941563fb08b82c7b62f07363ff4241a81db83808def; exactTagIdentitySha256=6afd29a90ba82abb4e881a3695564d8646c80b17226825b2da52ca6fe8e3ae71; runtime reachability unresolved; placement and bounds unresolved; renderer suitability unresolved
swf-definition-01699,765,,sprite,source-assets/flash/HELP MATH_ORIGINAL FILES/HELP_COURSES/ELMGR5/L5/FQ/L5FQ03.swf,,,cd468483c0be948afb4017de8e44b233d108e2fe943016698722a9504aab49fc,DefineSprite,,,none; machine census only; no renderer export,machine-extracted-definition-candidate,owner-provided SWF,container=root; definitionDepth=0; tagOrdinal=1699; payloadBytes=23; rawTagPayloadSha256=cd468483c0be948afb4017de8e44b233d108e2fe943016698722a9504aab49fc; exactTagIdentitySha256=6d6164293ac6f141db04a274175e433215b4718573494b2f600928e4cee19dd2; declaredFrameCount=1; runtime reachability unresolved; placement and bounds unresolved; renderer suitability unresolved
swf-definition-01703,766,,sprite,source-assets/flash/HELP MATH_ORIGINAL FILES/HELP_COURSES/ELMGR5/L5/FQ/L5FQ03.swf,,,41a41ca35d49bff9445728b5ba348ab16ea0304ecc4dc1fa3abc3abc79665b1a,DefineSprite,,,none; machine census only; no renderer export,machine-extracted-definition-candidate,owner-provided SWF,container=root; definitionDepth=0; tagOrdinal=1703; payloadBytes=23; rawTagPayloadSha256=41a41ca35d49bff9445728b5ba348ab16ea0304ecc4dc1fa3abc3abc79665b1a; exactTagIdentitySha256=55b9347b48693a89d340e7a64e57302a53016a134bd1980d061d6f81bb722fb2; declaredFrameCount=1; runtime reachability unresolved; placement and bounds unresolved; renderer suitability unresolved
swf-definition-01707,767,,sprite,source-assets/flash/HELP MATH_ORIGINAL FILES/HELP_COURSES/ELMGR5/L5/FQ/L5FQ03.swf,,,5e8a1510419263baea53bfdac90416ea8eec5f899fa24837365df1f9d17f8679,DefineSprite,,,none; machine census only; no renderer export,machine-extracted-definition-candidate,owner-provided SWF,container=root; definitionDepth=0; tagOrdinal=1707; payloadBytes=23; rawTagPayloadSha256=5e8a1510419263baea53bfdac90416ea8eec5f899fa24837365df1f9d17f8679; exactTagIdentitySha256=3ebd8b0dbcebce037e8a0a9f375fd43f605daa1a45f431eaa888cffc46d89547; declaredFrameCount=1; runtime reachability unresolved; placement and bounds unresolved; renderer suitability unresolved
swf-definition-01711,768,,sprite,source-assets/flash/HELP MATH_ORIGINAL FILES/HELP_COURSES/ELMGR5/L5/FQ/L5FQ03.swf,,,d7e415179cd13f2d29c110e21f9b42ae6f920986c6da7a236454f583ba0eb4f3,DefineSprite,,,none; machine census only; no renderer export,machine-extracted-definition-candidate,owner-provided SWF,container=root; definitionDepth=0; tagOrdinal=1711; payloadBytes=23; rawTagPayloadSha256=d7e415179cd13f2d29c110e21f9b42ae6f920986c6da7a236454f583ba0eb4f3; exactTagIdentitySha256=97bf1d18285647a3f106de8dd2f7ed1fd6222d46b7ebc16777622edb2744f955; declaredFrameCount=1; runtime reachability unresolved; placement and bounds unresolved; renderer suitability unresolved
swf-definition-01715,769,,shape,source-assets/flash/HELP MATH_ORIGINAL FILES/HELP_COURSES/ELMGR5/L5/FQ/L5FQ03.swf,,,e7e663a7972353f9f6664aaa8514315572b510066125be9169f1492366977f11,DefineShape,,,none; machine census only; no renderer export,machine-extracted-definition-candidate,owner-provided SWF,container=root; definitionDepth=0; tagOrdinal=1715; payloadBytes=38; rawTagPayloadSha256=e7e663a7972353f9f6664aaa8514315572b510066125be9169f1492366977f11; exactTagIdentitySha256=cc2ba444a047580b179fdc0cb647eab778265a39b6138d33cc147ddff0a1469c; runtime reachability unresolved; placement and bounds unresolved; renderer suitability unresolved
swf-definition-01716,770,,text,source-assets/flash/HELP MATH_ORIGINAL FILES/HELP_COURSES/ELMGR5/L5/FQ/L5FQ03.swf,,,d0bf12516ee7a456614a85861711834dcea70a69ee4bfc1084395334b17666c3,DefineEditText,,,none; machine census only; no renderer export,machine-extracted-definition-candidate,owner-provided SWF,container=root; definitionDepth=0; tagOrdinal=1716; payloadBytes=36; rawTagPayloadSha256=d0bf12516ee7a456614a85861711834dcea70a69ee4bfc1084395334b17666c3; exactTagIdentitySha256=7c488f06dd04b5382d7b3b70c4512b57b2bbbf981a009a15050140604eb160b3; runtime reachability unresolved; placement and bounds unresolved; renderer suitability unresolved
swf-definition-01717,771,,text,source-assets/flash/HELP MATH_ORIGINAL FILES/HELP_COURSES/ELMGR5/L5/FQ/L5FQ03.swf,,,545b9f26023d2b337eebe45403733d3273a8fd6db8a1bd26fb72568075f1b4f7,DefineEditText,,,none; machine census only; no renderer export,machine-extracted-definition-candidate,owner-provided SWF,container=root; definitionDepth=0; tagOrdinal=1717; payloadBytes=32; rawTagPayloadSha256=545b9f26023d2b337eebe45403733d3273a8fd6db8a1bd26fb72568075f1b4f7; exactTagIdentitySha256=3a23e4027a42013d8fc8e503d6e36a76c05e939e61992d6618fafb0881a1a3b2; runtime reachability unresolved; placement and bounds unresolved; renderer suitability unresolved
swf-definition-01718,772,,text,source-assets/flash/HELP MATH_ORIGINAL FILES/HELP_COURSES/ELMGR5/L5/FQ/L5FQ03.swf,,,a0421a524a99696ab5aafebd0d5e761db418abf3f480d797a369243874bd8204,DefineEditText,,,none; machine census only; no renderer export,machine-extracted-definition-candidate,owner-provided SWF,container=root; definitionDepth=0; tagOrdinal=1718; payloadBytes=31; rawTagPayloadSha256=a0421a524a99696ab5aafebd0d5e761db418abf3f480d797a369243874bd8204; exactTagIdentitySha256=1acc95df484790fa63a89e01aa31ec1145d03c54ae2ab1ea409466ec71edfd67; runtime reachability unresolved; placement and bounds unresolved; renderer suitability unresolved
swf-definition-01719,773,,text,source-assets/flash/HELP MATH_ORIGINAL FILES/HELP_COURSES/ELMGR5/L5/FQ/L5FQ03.swf,,,d3731d2d1d9f1b38c1a917b595ed208c322fb9babb07c2d15b8b9f36fa41ecd4,DefineEditText,,,none; machine census only; no renderer export,machine-extracted-definition-candidate,owner-provided SWF,container=root; definitionDepth=0; tagOrdinal=1719; payloadBytes=31; rawTagPayloadSha256=d3731d2d1d9f1b38c1a917b595ed208c322fb9babb07c2d15b8b9f36fa41ecd4; exactTagIdentitySha256=5483b6b9dd3dcc51b51c42e869875cb2b47ec35dc9f3cd3b062fd973478d752a; runtime reachability unresolved; placement and bounds unresolved; renderer suitability unresolved
swf-definition-01720,774,,text,source-assets/flash/HELP MATH_ORIGINAL FILES/HELP_COURSES/ELMGR5/L5/FQ/L5FQ03.swf,,,3a7f206bc92cc04236ee9612cb69bf08bdd78cdca49c74552c305aa1e683669d,DefineEditText,,,none; machine census only; no renderer export,machine-extracted-definition-candidate,owner-provided SWF,container=root; definitionDepth=0; tagOrdinal=1720; payloadBytes=39; rawTagPayloadSha256=3a7f206bc92cc04236ee9612cb69bf08bdd78cdca49c74552c305aa1e683669d; exactTagIdentitySha256=a99784d95704571ea929fc9a0173726c9754497b2d87fa1ae2520300ea81f8ff; runtime reachability unresolved; placement and bounds unresolved; renderer suitability unresolved
swf-definition-01721,775,,text,source-assets/flash/HELP MATH_ORIGINAL FILES/HELP_COURSES/ELMGR5/L5/FQ/L5FQ03.swf,,,1d8ce25d2ab53bff229d2abdd75c09bb3d5ae159be3e13ae5c118c4cd403b4c4,DefineEditText,,,none; machine census only; no renderer export,machine-extracted-definition-candidate,owner-provided SWF,container=root; definitionDepth=0; tagOrdinal=1721; payloadBytes=39; rawTagPayloadSha256=1d8ce25d2ab53bff229d2abdd75c09bb3d5ae159be3e13ae5c118c4cd403b4c4; exactTagIdentitySha256=f4fc6aebb2399d5d980be6a62958b4095969dc12f1d1c5247bce6a72a9f0d45f; runtime reachability unresolved; placement and bounds unresolved; renderer suitability unresolved
swf-definition-01722,776,,text,source-assets/flash/HELP MATH_ORIGINAL FILES/HELP_COURSES/ELMGR5/L5/FQ/L5FQ03.swf,,,57c0bba621c16d6da121cfb863b31f8a79af6af567dd0d16afbf38818fe55995,DefineEditText,,,none; machine census only; no renderer export,machine-extracted-definition-candidate,owner-provided SWF,container=root; definitionDepth=0; tagOrdinal=1722; payloadBytes=39; rawTagPayloadSha256=57c0bba621c16d6da121cfb863b31f8a79af6af567dd0d16afbf38818fe55995; exactTagIdentitySha256=ec6f847f5224041476d44aeab4409fce2647e7709d413ebb8e6c779546752b18; runtime reachability unresolved; placement and bounds unresolved; renderer suitability unresolved
swf-definition-01723,777,,text,source-assets/flash/HELP MATH_ORIGINAL FILES/HELP_COURSES/ELMGR5/L5/FQ/L5FQ03.swf,,,bcfe358f89f1e4848ed2959286230fe307403be1711e79106e15853d34f7ce7d,DefineEditText,,,none; machine census only; no renderer export,machine-extracted-definition-candidate,owner-provided SWF,container=root; definitionDepth=0; tagOrdinal=1723; payloadBytes=39; rawTagPayloadSha256=bcfe358f89f1e4848ed2959286230fe307403be1711e79106e15853d34f7ce7d; exactTagIdentitySha256=e3abc6602a4d05f04246747918abdf9de0b3ea6481bc5a6ef8605790f8113b0e; runtime reachability unresolved; placement and bounds unresolved; renderer suitability unresolved
swf-definition-01724,778,,sprite,source-assets/flash/HELP MATH_ORIGINAL FILES/HELP_COURSES/ELMGR5/L5/FQ/L5FQ03.swf,,,42fa7eeefb5cbc454db26cf6fad824828bfcfbb2edd17c4a400dcb089c924eab,DefineSprite,,,none; machine census only; no renderer export,machine-extracted-definition-candidate,owner-provided SWF,container=root; definitionDepth=0; tagOrdinal=1724; payloadBytes=23; rawTagPayloadSha256=42fa7eeefb5cbc454db26cf6fad824828bfcfbb2edd17c4a400dcb089c924eab; exactTagIdentitySha256=f3c119b88022f35b9d8094953de5f99d59f87b118a0b147ec23e4bb14d0a48d3; declaredFrameCount=1; runtime reachability unresolved; placement and bounds unresolved; renderer suitability unresolved
swf-definition-01728,779,,sprite,source-assets/flash/HELP MATH_ORIGINAL FILES/HELP_COURSES/ELMGR5/L5/FQ/L5FQ03.swf,,,0665c553d55134aaa8d1b68d0d315968b34245b88f32ee4087da8a275037564c,DefineSprite,,,none; machine census only; no renderer export,machine-extracted-definition-candidate,owner-provided SWF,container=root; definitionDepth=0; tagOrdinal=1728; payloadBytes=23; rawTagPayloadSha256=0665c553d55134aaa8d1b68d0d315968b34245b88f32ee4087da8a275037564c; exactTagIdentitySha256=228a859996a5189ade6b4c0cffb0547c0604dccbec4f8fead5c8b12cb03142bb; declaredFrameCount=1; runtime reachability unresolved; placement and bounds unresolved; renderer suitability unresolved
swf-definition-01732,780,,sprite,source-assets/flash/HELP MATH_ORIGINAL FILES/HELP_COURSES/ELMGR5/L5/FQ/L5FQ03.swf,,,d19a83967b021ffa1eb94b40c7d069bf8145ce19e778d78ac4f401a4343eb59c,DefineSprite,,,none; machine census only; no renderer export,machine-extracted-definition-candidate,owner-provided SWF,container=root; definitionDepth=0; tagOrdinal=1732; payloadBytes=23; rawTagPayloadSha256=d19a83967b021ffa1eb94b40c7d069bf8145ce19e778d78ac4f401a4343eb59c; exactTagIdentitySha256=477bca5013ef97dce1f108b6a7831d101339d6242ff24364185b158ee52c7e69; declaredFrameCount=1; runtime reachability unresolved; placement and bounds unresolved; renderer suitability unresolved
swf-definition-01736,781,,sprite,source-assets/flash/HELP MATH_ORIGINAL FILES/HELP_COURSES/ELMGR5/L5/FQ/L5FQ03.swf,,,bf462746a219665454c9bb3fd182638159e7844e8aa37cf992e49e4d266beff9,DefineSprite,,,none; machine census only; no renderer export,machine-extracted-definition-candidate,owner-provided SWF,container=root; definitionDepth=0; tagOrdinal=1736; payloadBytes=23; rawTagPayloadSha256=bf462746a219665454c9bb3fd182638159e7844e8aa37cf992e49e4d266beff9; exactTagIdentitySha256=960aa7f5ada94ee17d4347a4fc7564211fca2e54060f1b5f554deaa0520867fb; declaredFrameCount=1; runtime reachability unresolved; placement and bounds unresolved; renderer suitability unresolved
swf-definition-01740,782,,shape,source-assets/flash/HELP MATH_ORIGINAL FILES/HELP_COURSES/ELMGR5/L5/FQ/L5FQ03.swf,,,f1ed59a694a98e0765afeba97b40911073a6a565c0fcb87b7f90ec4dd24ef3db,DefineShape3,,,none; machine census only; no renderer export,machine-extracted-definition-candidate,owner-provided SWF,container=root; definitionDepth=0; tagOrdinal=1740; payloadBytes=462; rawTagPayloadSha256=f1ed59a694a98e0765afeba97b40911073a6a565c0fcb87b7f90ec4dd24ef3db; exactTagIdentitySha256=8e6bca96c36823e999f03a136822427057e40d1eb9b67b501fc7e0534ea6e155; runtime reachability unresolved; placement and bounds unresolved; renderer suitability unresolved
swf-definition-01741,783,,shape,source-assets/flash/HELP MATH_ORIGINAL FILES/HELP_COURSES/ELMGR5/L5/FQ/L5FQ03.swf,,,d20afb825bc7199a2bc6f9e5c0ebb4a1728da09a7859ce9c0f18119bf508add1,DefineShape3,,,none; machine census only; no renderer export,machine-extracted-definition-candidate,owner-provided SWF,container=root; definitionDepth=0; tagOrdinal=1741; payloadBytes=462; rawTagPayloadSha256=d20afb825bc7199a2bc6f9e5c0ebb4a1728da09a7859ce9c0f18119bf508add1; exactTagIdentitySha256=b01ede1b444f0cffabc3bdf08a8c783d10e20c3f48d00d653d443f90f00ddfee; runtime reachability unresolved; placement and bounds unresolved; renderer suitability unresolved
swf-definition-01742,784,,shape,source-assets/flash/HELP MATH_ORIGINAL FILES/HELP_COURSES/ELMGR5/L5/FQ/L5FQ03.swf,,,56f901a5d82fe1d395fed54d0d006f5c2a2bcf55f519400a308df79ac1d60a20,DefineShape3,,,none; machine census only; no renderer export,machine-extracted-definition-candidate,owner-provided SWF,container=root; definitionDepth=0; tagOrdinal=1742; payloadBytes=462; rawTagPayloadSha256=56f901a5d82fe1d395fed54d0d006f5c2a2bcf55f519400a308df79ac1d60a20; exactTagIdentitySha256=b7d4362571ad78ee30580e34baf9d8e164d9cd646448850d8a316fafcbbb8c55; runtime reachability unresolved; placement and bounds unresolved; renderer suitability unresolved
swf-definition-01743,785,,shape,source-assets/flash/HELP MATH_ORIGINAL FILES/HELP_COURSES/ELMGR5/L5/FQ/L5FQ03.swf,,,ac9cb2dab63fa150ed5b919c5d0271390fd838d0f789afce61ef30b59cb3ae1c,DefineShape3,,,none; machine census only; no renderer export,machine-extracted-definition-candidate,owner-provided SWF,container=root; definitionDepth=0; tagOrdinal=1743; payloadBytes=462; rawTagPayloadSha256=ac9cb2dab63fa150ed5b919c5d0271390fd838d0f789afce61ef30b59cb3ae1c; exactTagIdentitySha256=48461514c26e229712485782b601b9ec654ea93b8c6bcd28d2252f9df4538655; runtime reachability unresolved; placement and bounds unresolved; renderer suitability unresolved
swf-definition-01744,786,,shape,source-assets/flash/HELP MATH_ORIGINAL FILES/HELP_COURSES/ELMGR5/L5/FQ/L5FQ03.swf,,,27c574e8c9a2440a1075a6b7191d6095b00c46baaa4a3b4e332678e1bcc96b91,DefineShape,,,none; machine census only; no renderer export,machine-extracted-definition-candidate,owner-provided SWF,container=root; definitionDepth=0; tagOrdinal=1744; payloadBytes=38; rawTagPayloadSha256=27c574e8c9a2440a1075a6b7191d6095b00c46baaa4a3b4e332678e1bcc96b91; exactTagIdentitySha256=65b7db9590d8b793c194187c314f2ae9da43397b753e0febe8e56d06199eecbd; runtime reachability unresolved; placement and bounds unresolved; renderer suitability unresolved
swf-definition-01745,787,,text,source-assets/flash/HELP MATH_ORIGINAL FILES/HELP_COURSES/ELMGR5/L5/FQ/L5FQ03.swf,,,d27f39045f24f066ed8d42ac0ea88d25a71ebe1acbd74f7b9b8e737d484fffd5,DefineEditText,,,none; machine census only; no renderer export,machine-extracted-definition-candidate,owner-provided SWF,container=root; definitionDepth=0; tagOrdinal=1745; payloadBytes=36; rawTagPayloadSha256=d27f39045f24f066ed8d42ac0ea88d25a71ebe1acbd74f7b9b8e737d484fffd5; exactTagIdentitySha256=1f9eb78f20ac5ddcdb61fad341c30d93eba09a3c5ee91c38fe1dcdd262d10efe; runtime reachability unresolved; placement and bounds unresolved; renderer suitability unresolved
swf-definition-01746,788,,text,source-assets/flash/HELP MATH_ORIGINAL FILES/HELP_COURSES/ELMGR5/L5/FQ/L5FQ03.swf,,,f5eb40d5c17353a2004bdfb25a98f90fb1e3311c51c038c3acd8ccb0c9979473,DefineEditText,,,none; machine census only; no renderer export,machine-extracted-definition-candidate,owner-provided SWF,container=root; definitionDepth=0; tagOrdinal=1746; payloadBytes=32; rawTagPayloadSha256=f5eb40d5c17353a2004bdfb25a98f90fb1e3311c51c038c3acd8ccb0c9979473; exactTagIdentitySha256=c2d72f190b5a7bf2a43006a1d75c4d31a906193aa7f6fde367ca186864bdffa6; runtime reachability unresolved; placement and bounds unresolved; renderer suitability unresolved
swf-definition-01747,789,,text,source-assets/flash/HELP MATH_ORIGINAL FILES/HELP_COURSES/ELMGR5/L5/FQ/L5FQ03.swf,,,aafad1a549ba0a70248317068aafe1a30cdfa240b3b7c8a2e0cba65f6120d1d7,DefineEditText,,,none; machine census only; no renderer export,machine-extracted-definition-candidate,owner-provided SWF,container=root; definitionDepth=0; tagOrdinal=1747; payloadBytes=31; rawTagPayloadSha256=aafad1a549ba0a70248317068aafe1a30cdfa240b3b7c8a2e0cba65f6120d1d7; exactTagIdentitySha256=92f2041c75af1bfcf2f2703d48fdfd0cacc2561475b9f1ea2f6f96dff3806cf5; runtime reachability unresolved; placement and bounds unresolved; renderer suitability unresolved
swf-definition-01748,790,,text,source-assets/flash/HELP MATH_ORIGINAL FILES/HELP_COURSES/ELMGR5/L5/FQ/L5FQ03.swf,,,31d58aa79156a7b22ca6e925ea60863d159e6f4cd15dab111c0cdca613b59a1b,DefineEditText,,,none; machine census only; no renderer export,machine-extracted-definition-candidate,owner-provided SWF,container=root; definitionDepth=0; tagOrdinal=1748; payloadBytes=31; rawTagPayloadSha256=31d58aa79156a7b22ca6e925ea60863d159e6f4cd15dab111c0cdca613b59a1b; exactTagIdentitySha256=eaa1717c9cb1d29f9ac214ff6658200fe1727d386ff85946ebe819e6498916ce; runtime reachability unresolved; placement and bounds unresolved; renderer suitability unresolved
swf-definition-01749,791,,sprite,source-assets/flash/HELP MATH_ORIGINAL FILES/HELP_COURSES/ELMGR5/L5/FQ/L5FQ03.swf,,,b95469daa4b9f854fd7e2f8e64719e7429154145bb27c5d7eafe51a35423c13b,DefineSprite,,,none; machine census only; no renderer export,machine-extracted-definition-candidate,owner-provided SWF,container=root; definitionDepth=0; tagOrdinal=1749; payloadBytes=18; rawTagPayloadSha256=b95469daa4b9f854fd7e2f8e64719e7429154145bb27c5d7eafe51a35423c13b; exactTagIdentitySha256=7e719c026909ccfa0ec8c6f7d9088f03021eb4496b3f40b1de83d628cc5627b5; declaredFrameCount=1; runtime reachability unresolved; placement and bounds unresolved; renderer suitability unresolved
swf-definition-01753,792,,sprite,source-assets/flash/HELP MATH_ORIGINAL FILES/HELP_COURSES/ELMGR5/L5/FQ/L5FQ03.swf,,,2701f7da204d8632f7ebd068b25682bf7de30cc59d2803068cce4ea2aa0a9845,DefineSprite,,,none; machine census only; no renderer export,machine-extracted-definition-candidate,owner-provided SWF,container=root; definitionDepth=0; tagOrdinal=1753; payloadBytes=18; rawTagPayloadSha256=2701f7da204d8632f7ebd068b25682bf7de30cc59d2803068cce4ea2aa0a9845; exactTagIdentitySha256=b5b6a5b48e316084be036a45d41988709a09c17b4bb24d285fa75711e9c80363; declaredFrameCount=1; runtime reachability unresolved; placement and bounds unresolved; renderer suitability unresolved
swf-definition-01757,793,,sprite,source-assets/flash/HELP MATH_ORIGINAL FILES/HELP_COURSES/ELMGR5/L5/FQ/L5FQ03.swf,,,fae5d2ae13e6ef3e2004e12324762dc69075055b5ed7f7744083b13b22356181,DefineSprite,,,none; machine census only; no renderer export,machine-extracted-definition-candidate,owner-provided SWF,container=root; definitionDepth=0; tagOrdinal=1757; payloadBytes=18; rawTagPayloadSha256=fae5d2ae13e6ef3e2004e12324762dc69075055b5ed7f7744083b13b22356181; exactTagIdentitySha256=16aa2da93a92f93d7426b1a803c12d1dfbc222f315c45f4d036de904239eec80; declaredFrameCount=1; runtime reachability unresolved; placement and bounds unresolved; renderer suitability unresolved
swf-definition-01761,794,,sprite,source-assets/flash/HELP MATH_ORIGINAL FILES/HELP_COURSES/ELMGR5/L5/FQ/L5FQ03.swf,,,934e68319fc4179084aa3a92f30772b5e3e6b2799929f9e919f8c560597a04ef,DefineSprite,,,none; machine census only; no renderer export,machine-extracted-definition-candidate,owner-provided SWF,container=root; definitionDepth=0; tagOrdinal=1761; payloadBytes=18; rawTagPayloadSha256=934e68319fc4179084aa3a92f30772b5e3e6b2799929f9e919f8c560597a04ef; exactTagIdentitySha256=6051fa858921323fce623b10c4b39e09ee740a24625b8054df18a8ffe3ff4c68; declaredFrameCount=1; runtime reachability unresolved; placement and bounds unresolved; renderer suitability unresolved
swf-definition-01765,795,,text,source-assets/flash/HELP MATH_ORIGINAL FILES/HELP_COURSES/ELMGR5/L5/FQ/L5FQ03.swf,,,f2dee13d189d47f4cd33ca4664998b63ce87de9ddbad2682e81c57cac7dbe92e,DefineEditText,,,none; machine census only; no renderer export,machine-extracted-definition-candidate,owner-provided SWF,container=root; definitionDepth=0; tagOrdinal=1765; payloadBytes=39; rawTagPayloadSha256=f2dee13d189d47f4cd33ca4664998b63ce87de9ddbad2682e81c57cac7dbe92e; exactTagIdentitySha256=c26c8fc5c4214fbd9b1d6edbc11a6d0dccfb424d303fca72120fdbf1b598584e; runtime reachability unresolved; placement and bounds unresolved; renderer suitability unresolved
swf-definition-01766,796,,text,source-assets/flash/HELP MATH_ORIGINAL FILES/HELP_COURSES/ELMGR5/L5/FQ/L5FQ03.swf,,,59f32893f0856381734246be5d6c1e33be201531bedee56e176a9af30bcb7d31,DefineEditText,,,none; machine census only; no renderer export,machine-extracted-definition-candidate,owner-provided SWF,container=root; definitionDepth=0; tagOrdinal=1766; payloadBytes=39; rawTagPayloadSha256=59f32893f0856381734246be5d6c1e33be201531bedee56e176a9af30bcb7d31; exactTagIdentitySha256=34e57e050d0b418d8e2b952fdaefe7212c6b3857c2dbd79b6b79cd6b97174f7d; runtime reachability unresolved; placement and bounds unresolved; renderer suitability unresolved
swf-definition-01767,797,,text,source-assets/flash/HELP MATH_ORIGINAL FILES/HELP_COURSES/ELMGR5/L5/FQ/L5FQ03.swf,,,750ddcbb534ff90509f692cca11a78de16e13ab2fc9c52c161eebdfcf09db44a,DefineEditText,,,none; machine census only; no renderer export,machine-extracted-definition-candidate,owner-provided SWF,container=root; definitionDepth=0; tagOrdinal=1767; payloadBytes=39; rawTagPayloadSha256=750ddcbb534ff90509f692cca11a78de16e13ab2fc9c52c161eebdfcf09db44a; exactTagIdentitySha256=05f9860640ee2c9c352afa8d3324062d1b61a1b9a00616ef060eea180967383c; runtime reachability unresolved; placement and bounds unresolved; renderer suitability unresolved
swf-definition-01768,798,,text,source-assets/flash/HELP MATH_ORIGINAL FILES/HELP_COURSES/ELMGR5/L5/FQ/L5FQ03.swf,,,cf8bdf5e0768a5744c8a6568b0a241df9d8ca813eb520e3517e4af0566e1d90f,DefineEditText,,,none; machine census only; no renderer export,machine-extracted-definition-candidate,owner-provided SWF,container=root; definitionDepth=0; tagOrdinal=1768; payloadBytes=39; rawTagPayloadSha256=cf8bdf5e0768a5744c8a6568b0a241df9d8ca813eb520e3517e4af0566e1d90f; exactTagIdentitySha256=e20b09c21790c3e4d4fc9efeaf3816bbae8bb3961857d2c6d19793e3b4fc3577; runtime reachability unresolved; placement and bounds unresolved; renderer suitability unresolved
swf-definition-01769,799,,shape,source-assets/flash/HELP MATH_ORIGINAL FILES/HELP_COURSES/ELMGR5/L5/FQ/L5FQ03.swf,,,5e25d333b2ef885dcfe883e79e795e1c8776c0495284c5cc558cba1e55c1ff4f,DefineShape3,,,none; machine census only; no renderer export,machine-extracted-definition-candidate,owner-provided SWF,container=root; definitionDepth=0; tagOrdinal=1769; payloadBytes=462; rawTagPayloadSha256=5e25d333b2ef885dcfe883e79e795e1c8776c0495284c5cc558cba1e55c1ff4f; exactTagIdentitySha256=88796041b073f606ade09750a420ccf2d635a6570a84f9a9aa4e2b2a9300a340; runtime reachability unresolved; placement and bounds unresolved; renderer suitability unresolved
swf-definition-01770,800,,shape,source-assets/flash/HELP MATH_ORIGINAL FILES/HELP_COURSES/ELMGR5/L5/FQ/L5FQ03.swf,,,fc0508f67e6a94f8baeba4a1ebc67bded89322156d84f079a42c3f818d8ab2b9,DefineShape3,,,none; machine census only; no renderer export,machine-extracted-definition-candidate,owner-provided SWF,container=root; definitionDepth=0; tagOrdinal=1770; payloadBytes=462; rawTagPayloadSha256=fc0508f67e6a94f8baeba4a1ebc67bded89322156d84f079a42c3f818d8ab2b9; exactTagIdentitySha256=43dbb6ac4daecca141cf7f80910467a6f1f5d224c54a3df019ebd1c531e44144; runtime reachability unresolved; placement and bounds unresolved; renderer suitability unresolved
swf-definition-01771,801,,shape,source-assets/flash/HELP MATH_ORIGINAL FILES/HELP_COURSES/ELMGR5/L5/FQ/L5FQ03.swf,,,4bb036c5234b9a88dbb05588470050a34117a61888fbb97282f3310cb3f45465,DefineShape3,,,none; machine census only; no renderer export,machine-extracted-definition-candidate,owner-provided SWF,container=root; definitionDepth=0; tagOrdinal=1771; payloadBytes=462; rawTagPayloadSha256=4bb036c5234b9a88dbb05588470050a34117a61888fbb97282f3310cb3f45465; exactTagIdentitySha256=a673455e15ff49f11a71e32629c2c97b6fa98077fb0e3bd5a2a8c94d43df64c1; runtime reachability unresolved; placement and bounds unresolved; renderer suitability unresolved
swf-definition-01772,802,,shape,source-assets/flash/HELP MATH_ORIGINAL FILES/HELP_COURSES/ELMGR5/L5/FQ/L5FQ03.swf,,,926c427b5467c2b0cca2ce043a764556c1326cc7ba8ec051df06f97a620fe173,DefineShape3,,,none; machine census only; no renderer export,machine-extracted-definition-candidate,owner-provided SWF,container=root; definitionDepth=0; tagOrdinal=1772; payloadBytes=462; rawTagPayloadSha256=926c427b5467c2b0cca2ce043a764556c1326cc7ba8ec051df06f97a620fe173; exactTagIdentitySha256=1016da96e96aa75dca64f6e4cde2db91e68b587fcd3e60088ab493b75548ff5f; runtime reachability unresolved; placement and bounds unresolved; renderer suitability unresolved
swf-definition-01773,803,,shape,source-assets/flash/HELP MATH_ORIGINAL FILES/HELP_COURSES/ELMGR5/L5/FQ/L5FQ03.swf,,,7f802bef5cead6953a808de422ebdfc5641211eebcc50655b1683674fdc45e6a,DefineShape,,,none; machine census only; no renderer export,machine-extracted-definition-candidate,owner-provided SWF,container=root; definitionDepth=0; tagOrdinal=1773; payloadBytes=38; rawTagPayloadSha256=7f802bef5cead6953a808de422ebdfc5641211eebcc50655b1683674fdc45e6a; exactTagIdentitySha256=6eaf1cc48b52bebfa6f8b72572118a005d749dbcf775f9141233709a0cc7051f; runtime reachability unresolved; placement and bounds unresolved; renderer suitability unresolved
swf-definition-01774,804,,text,source-assets/flash/HELP MATH_ORIGINAL FILES/HELP_COURSES/ELMGR5/L5/FQ/L5FQ03.swf,,,8c68cd531461cfa639eeda9fd6565c401aba855899840ef9ec8920139df1896a,DefineEditText,,,none; machine census only; no renderer export,machine-extracted-definition-candidate,owner-provided SWF,container=root; definitionDepth=0; tagOrdinal=1774; payloadBytes=36; rawTagPayloadSha256=8c68cd531461cfa639eeda9fd6565c401aba855899840ef9ec8920139df1896a; exactTagIdentitySha256=118c7dda2420ebfdfd3468c12d7b93db98be3a9b37a4f2b4c58bd3bbb09223c6; runtime reachability unresolved; placement and bounds unresolved; renderer suitability unresolved
swf-definition-01775,805,,text,source-assets/flash/HELP MATH_ORIGINAL FILES/HELP_COURSES/ELMGR5/L5/FQ/L5FQ03.swf,,,323fb37473a9e912487424f9fbd14393ddfa0a4b9a7ea9d5622f07ebc87e1575,DefineEditText,,,none; machine census only; no renderer export,machine-extracted-definition-candidate,owner-provided SWF,container=root; definitionDepth=0; tagOrdinal=1775; payloadBytes=32; rawTagPayloadSha256=323fb37473a9e912487424f9fbd14393ddfa0a4b9a7ea9d5622f07ebc87e1575; exactTagIdentitySha256=bbe83ca9439c03d8adcf366a30fa40d8c13e18c258e9d9d9eacac75ae4c1376d; runtime reachability unresolved; placement and bounds unresolved; renderer suitability unresolved
swf-definition-01776,806,,text,source-assets/flash/HELP MATH_ORIGINAL FILES/HELP_COURSES/ELMGR5/L5/FQ/L5FQ03.swf,,,2e4f47c9bb0b2ec37465bd5d93257f00facc5dd94acb6f427dde99ef1f7a0845,DefineEditText,,,none; machine census only; no renderer export,machine-extracted-definition-candidate,owner-provided SWF,container=root; definitionDepth=0; tagOrdinal=1776; payloadBytes=31; rawTagPayloadSha256=2e4f47c9bb0b2ec37465bd5d93257f00facc5dd94acb6f427dde99ef1f7a0845; exactTagIdentitySha256=24b27bb12ffacb99558614fdddb9754d84a8e30b94afb5704269d20ced4ffa73; runtime reachability unresolved; placement and bounds unresolved; renderer suitability unresolved
swf-definition-01777,807,,text,source-assets/flash/HELP MATH_ORIGINAL FILES/HELP_COURSES/ELMGR5/L5/FQ/L5FQ03.swf,,,7832b0e4a5e8c8254da9ff23ec7c07916fdc7a46bf6b2d461d3e768e8238c4c7,DefineEditText,,,none; machine census only; no renderer export,machine-extracted-definition-candidate,owner-provided SWF,container=root; definitionDepth=0; tagOrdinal=1777; payloadBytes=31; rawTagPayloadSha256=7832b0e4a5e8c8254da9ff23ec7c07916fdc7a46bf6b2d461d3e768e8238c4c7; exactTagIdentitySha256=20438b3618a0642fadc038372e97030e05d0d234d2d86505fb5a0e0138637ca5; runtime reachability unresolved; placement and bounds unresolved; renderer suitability unresolved
swf-definition-01778,808,,sprite,source-assets/flash/HELP MATH_ORIGINAL FILES/HELP_COURSES/ELMGR5/L5/FQ/L5FQ03.swf,,,0567ce4180afe76ff2ff1596aa540f3c7a1f1bc4df71993ceda25f2dca53685f,DefineSprite,,,none; machine census only; no renderer export,machine-extracted-definition-candidate,owner-provided SWF,container=root; definitionDepth=0; tagOrdinal=1778; payloadBytes=18; rawTagPayloadSha256=0567ce4180afe76ff2ff1596aa540f3c7a1f1bc4df71993ceda25f2dca53685f; exactTagIdentitySha256=4399385dadcfcad05dc6b01b01cc12e58192d28f27a98bdaab73730187ceda2e; declaredFrameCount=1; runtime reachability unresolved; placement and bounds unresolved; renderer suitability unresolved
swf-definition-01782,809,,sprite,source-assets/flash/HELP MATH_ORIGINAL FILES/HELP_COURSES/ELMGR5/L5/FQ/L5FQ03.swf,,,2b879e15a0e144ff79c89e6c5500fe4015392cc66daea2f651b6d3493303d26b,DefineSprite,,,none; machine census only; no renderer export,machine-extracted-definition-candidate,owner-provided SWF,container=root; definitionDepth=0; tagOrdinal=1782; payloadBytes=18; rawTagPayloadSha256=2b879e15a0e144ff79c89e6c5500fe4015392cc66daea2f651b6d3493303d26b; exactTagIdentitySha256=f94ab3abe144a7ea402af153d007f1e1609c24b420f59a3b58e93383bde89344; declaredFrameCount=1; runtime reachability unresolved; placement and bounds unresolved; renderer suitability unresolved
swf-definition-01786,810,,sprite,source-assets/flash/HELP MATH_ORIGINAL FILES/HELP_COURSES/ELMGR5/L5/FQ/L5FQ03.swf,,,afa452a23110d7423358eaef206ae69e2193bbab2f689a870e672c7e4aa09788,DefineSprite,,,none; machine census only; no renderer export,machine-extracted-definition-candidate,owner-provided SWF,container=root; definitionDepth=0; tagOrdinal=1786; payloadBytes=18; rawTagPayloadSha256=afa452a23110d7423358eaef206ae69e2193bbab2f689a870e672c7e4aa09788; exactTagIdentitySha256=4c39b8be76bdd5eda3951101acb2fe25c58c23112b095d7dde2295ed31dea4f5; declaredFrameCount=1; runtime reachability unresolved; placement and bounds unresolved; renderer suitability unresolved
swf-definition-01790,811,,sprite,source-assets/flash/HELP MATH_ORIGINAL FILES/HELP_COURSES/ELMGR5/L5/FQ/L5FQ03.swf,,,aa374129780528cf217b0275309d8564a04a414a0c6bc5f2d1459fd54d144306,DefineSprite,,,none; machine census only; no renderer export,machine-extracted-definition-candidate,owner-provided SWF,container=root; definitionDepth=0; tagOrdinal=1790; payloadBytes=18; rawTagPayloadSha256=aa374129780528cf217b0275309d8564a04a414a0c6bc5f2d1459fd54d144306; exactTagIdentitySha256=dd0db6122a8097dad61cab68304c98d1f4c20de2bb6222506192144b6781974e; declaredFrameCount=1; runtime reachability unresolved; placement and bounds unresolved; renderer suitability unresolved
swf-definition-01794,812,,text,source-assets/flash/HELP MATH_ORIGINAL FILES/HELP_COURSES/ELMGR5/L5/FQ/L5FQ03.swf,,,9235e05165bd0880badafcd53dae95a786c7da5cc6434f3117cb1a59596fcc45,DefineEditText,,,none; machine census only; no renderer export,machine-extracted-definition-candidate,owner-provided SWF,container=root; definitionDepth=0; tagOrdinal=1794; payloadBytes=39; rawTagPayloadSha256=9235e05165bd0880badafcd53dae95a786c7da5cc6434f3117cb1a59596fcc45; exactTagIdentitySha256=76512c7877305123aa5998834c1f93c998b5874cfbd8f345bbe7c58747bba404; runtime reachability unresolved; placement and bounds unresolved; renderer suitability unresolved
swf-definition-01795,813,,text,source-assets/flash/HELP MATH_ORIGINAL FILES/HELP_COURSES/ELMGR5/L5/FQ/L5FQ03.swf,,,eed021cd5e4e425198bd6052e18ab8f553b0735f5d6f361d8e3575c27cb67ee0,DefineEditText,,,none; machine census only; no renderer export,machine-extracted-definition-candidate,owner-provided SWF,container=root; definitionDepth=0; tagOrdinal=1795; payloadBytes=39; rawTagPayloadSha256=eed021cd5e4e425198bd6052e18ab8f553b0735f5d6f361d8e3575c27cb67ee0; exactTagIdentitySha256=421cf8758d7179e5f15e9ea484abef5460cdd6d75961f9f29955c8b71c5df475; runtime reachability unresolved; placement and bounds unresolved; renderer suitability unresolved
swf-definition-01796,814,,text,source-assets/flash/HELP MATH_ORIGINAL FILES/HELP_COURSES/ELMGR5/L5/FQ/L5FQ03.swf,,,d75a9a0149e38a6098cf93b47b43bb0f2055a79907908581aab5b8a0cdd9f594,DefineEditText,,,none; machine census only; no renderer export,machine-extracted-definition-candidate,owner-provided SWF,container=root; definitionDepth=0; tagOrdinal=1796; payloadBytes=39; rawTagPayloadSha256=d75a9a0149e38a6098cf93b47b43bb0f2055a79907908581aab5b8a0cdd9f594; exactTagIdentitySha256=f67f5e1ff3d12c7025800ad7cead833b57677546ec632ef9f2fab2d3f6a089bb; runtime reachability unresolved; placement and bounds unresolved; renderer suitability unresolved
swf-definition-01797,815,,text,source-assets/flash/HELP MATH_ORIGINAL FILES/HELP_COURSES/ELMGR5/L5/FQ/L5FQ03.swf,,,58df6cf3235d448d8e0b7ccf6e47a66e78a2e99944125e8074b56e106fcb811d,DefineEditText,,,none; machine census only; no renderer export,machine-extracted-definition-candidate,owner-provided SWF,container=root; definitionDepth=0; tagOrdinal=1797; payloadBytes=39; rawTagPayloadSha256=58df6cf3235d448d8e0b7ccf6e47a66e78a2e99944125e8074b56e106fcb811d; exactTagIdentitySha256=d5b9247bfc7254be69dd014b29f194335de2f725b0008c4d6d24cf555040d05d; runtime reachability unresolved; placement and bounds unresolved; renderer suitability unresolved
swf-definition-01798,816,,shape,source-assets/flash/HELP MATH_ORIGINAL FILES/HELP_COURSES/ELMGR5/L5/FQ/L5FQ03.swf,,,03571b3eb4de610bedcd83533ebe5a81b5093df5d5acec935b6c68510ebe7e1e,DefineShape,,,none; machine census only; no renderer export,machine-extracted-definition-candidate,owner-provided SWF,container=root; definitionDepth=0; tagOrdinal=1798; payloadBytes=38; rawTagPayloadSha256=03571b3eb4de610bedcd83533ebe5a81b5093df5d5acec935b6c68510ebe7e1e; exactTagIdentitySha256=9631fe870785059cc37d215c0ecabb10754dcf440c6e2fa1830ff540823779f8; runtime reachability unresolved; placement and bounds unresolved; renderer suitability unresolved
swf-definition-01799,817,,text,source-assets/flash/HELP MATH_ORIGINAL FILES/HELP_COURSES/ELMGR5/L5/FQ/L5FQ03.swf,,,9c923e230bf0b231179b58c143ededb6f3604b6a4f02cb168902487a7fe8e853,DefineEditText,,,none; machine census only; no renderer export,machine-extracted-definition-candidate,owner-provided SWF,container=root; definitionDepth=0; tagOrdinal=1799; payloadBytes=36; rawTagPayloadSha256=9c923e230bf0b231179b58c143ededb6f3604b6a4f02cb168902487a7fe8e853; exactTagIdentitySha256=2129378c7f59bad6afd0c482cd25a98dac54b25c6594f14f1157c492b87511ac; runtime reachability unresolved; placement and bounds unresolved; renderer suitability unresolved
swf-definition-01800,818,,text,source-assets/flash/HELP MATH_ORIGINAL FILES/HELP_COURSES/ELMGR5/L5/FQ/L5FQ03.swf,,,80a9929af45bbb185a9eb7382d1253afe11cbac84043fd60500faf2a9d37a8b3,DefineEditText,,,none; machine census only; no renderer export,machine-extracted-definition-candidate,owner-provided SWF,container=root; definitionDepth=0; tagOrdinal=1800; payloadBytes=32; rawTagPayloadSha256=80a9929af45bbb185a9eb7382d1253afe11cbac84043fd60500faf2a9d37a8b3; exactTagIdentitySha256=de5661c97d61a4b682d0f1a1c122d1495f2cd623ac21ecf8fe82edc68c392636; runtime reachability unresolved; placement and bounds unresolved; renderer suitability unresolved
swf-definition-01801,819,,text,source-assets/flash/HELP MATH_ORIGINAL FILES/HELP_COURSES/ELMGR5/L5/FQ/L5FQ03.swf,,,3e2b3457bb855a1efdf319cc1b48da14a95a02a2d9061aa0a2fc4bbce1190d91,DefineEditText,,,none; machine census only; no renderer export,machine-extracted-definition-candidate,owner-provided SWF,container=root; definitionDepth=0; tagOrdinal=1801; payloadBytes=31; rawTagPayloadSha256=3e2b3457bb855a1efdf319cc1b48da14a95a02a2d9061aa0a2fc4bbce1190d91; exactTagIdentitySha256=eae0b1b19e89dcbf916ac972960dd76e6bcdb153a4da71b98b778b971b6434c9; runtime reachability unresolved; placement and bounds unresolved; renderer suitability unresolved
swf-definition-01802,820,,text,source-assets/flash/HELP MATH_ORIGINAL FILES/HELP_COURSES/ELMGR5/L5/FQ/L5FQ03.swf,,,4223c062ce052a13ea5b90a49ca09309c4c84bcc885de20ea2ca8adc6ecdf6d9,DefineEditText,,,none; machine census only; no renderer export,machine-extracted-definition-candidate,owner-provided SWF,container=root; definitionDepth=0; tagOrdinal=1802; payloadBytes=31; rawTagPayloadSha256=4223c062ce052a13ea5b90a49ca09309c4c84bcc885de20ea2ca8adc6ecdf6d9; exactTagIdentitySha256=a382940e18c1ee18cc3209d0683455ed5206f6cb39e24b772259e2845159aace; runtime reachability unresolved; placement and bounds unresolved; renderer suitability unresolved
swf-definition-01803,821,,sprite,source-assets/flash/HELP MATH_ORIGINAL FILES/HELP_COURSES/ELMGR5/L5/FQ/L5FQ03.swf,,,183bd9ee48b9f5d76500bfdc45614fa9496a39fb69671e0cd2a481a3c3c16b02,DefineSprite,,,none; machine census only; no renderer export,machine-extracted-definition-candidate,owner-provided SWF,container=root; definitionDepth=0; tagOrdinal=1803; payloadBytes=18; rawTagPayloadSha256=183bd9ee48b9f5d76500bfdc45614fa9496a39fb69671e0cd2a481a3c3c16b02; exactTagIdentitySha256=b366af9e6e35b06a8eed316622cf7382e12cb78715f60ab054dd6d81308521e5; declaredFrameCount=1; runtime reachability unresolved; placement and bounds unresolved; renderer suitability unresolved
swf-definition-01807,822,,sprite,source-assets/flash/HELP MATH_ORIGINAL FILES/HELP_COURSES/ELMGR5/L5/FQ/L5FQ03.swf,,,4dea4a975515be511a0500984519002d2c1dbd0d7aaa3a152ff882e5a3fadefb,DefineSprite,,,none; machine census only; no renderer export,machine-extracted-definition-candidate,owner-provided SWF,container=root; definitionDepth=0; tagOrdinal=1807; payloadBytes=18; rawTagPayloadSha256=4dea4a975515be511a0500984519002d2c1dbd0d7aaa3a152ff882e5a3fadefb; exactTagIdentitySha256=2d4c7f2fa5f9f08f8e965e2d370c98c0ac74e2b67220459b21a989cdfc55d699; declaredFrameCount=1; runtime reachability unresolved; placement and bounds unresolved; renderer suitability unresolved
swf-definition-01811,823,,sprite,source-assets/flash/HELP MATH_ORIGINAL FILES/HELP_COURSES/ELMGR5/L5/FQ/L5FQ03.swf,,,b09a3093f3aaec5ffa128b1dfc298197c3fed18fc441846291ecf32581c76c46,DefineSprite,,,none; machine census only; no renderer export,machine-extracted-definition-candidate,owner-provided SWF,container=root; definitionDepth=0; tagOrdinal=1811; payloadBytes=18; rawTagPayloadSha256=b09a3093f3aaec5ffa128b1dfc298197c3fed18fc441846291ecf32581c76c46; exactTagIdentitySha256=2fdf95fbb5145654c9f3382f9bb5c9832976e7e4d062e1c675f6c1386f1ac6bb; declaredFrameCount=1; runtime reachability unresolved; placement and bounds unresolved; renderer suitability unresolved
swf-definition-01815,824,,sprite,source-assets/flash/HELP MATH_ORIGINAL FILES/HELP_COURSES/ELMGR5/L5/FQ/L5FQ03.swf,,,cb7f164ee51244b3721aa22c5f0767f14b0f37c397b4d089b00b36099d6b118c,DefineSprite,,,none; machine census only; no renderer export,machine-extracted-definition-candidate,owner-provided SWF,container=root; definitionDepth=0; tagOrdinal=1815; payloadBytes=18; rawTagPayloadSha256=cb7f164ee51244b3721aa22c5f0767f14b0f37c397b4d089b00b36099d6b118c; exactTagIdentitySha256=1229d4d3d11ca1894f1b1914627372d640b3a81a5fa4d62371e3547a1ed78915; declaredFrameCount=1; runtime reachability unresolved; placement and bounds unresolved; renderer suitability unresolved
swf-definition-01819,825,,text,source-assets/flash/HELP MATH_ORIGINAL FILES/HELP_COURSES/ELMGR5/L5/FQ/L5FQ03.swf,,,8ffb90d492353fa0826d85bea78c0bdbe6a8349420145eb5d7ad59d243302c0d,DefineEditText,,,none; machine census only; no renderer export,machine-extracted-definition-candidate,owner-provided SWF,container=root; definitionDepth=0; tagOrdinal=1819; payloadBytes=39; rawTagPayloadSha256=8ffb90d492353fa0826d85bea78c0bdbe6a8349420145eb5d7ad59d243302c0d; exactTagIdentitySha256=d4f400dd2cee8e996d67bd51e51562b2bb0d3a2b49b9e9535495ecc077d0886f; runtime reachability unresolved; placement and bounds unresolved; renderer suitability unresolved
swf-definition-01820,826,,text,source-assets/flash/HELP MATH_ORIGINAL FILES/HELP_COURSES/ELMGR5/L5/FQ/L5FQ03.swf,,,83929ee2f0bdce58ce5d8fe51aba935a23f63a37e1fcc336f418a61f1c9636f7,DefineEditText,,,none; machine census only; no renderer export,machine-extracted-definition-candidate,owner-provided SWF,container=root; definitionDepth=0; tagOrdinal=1820; payloadBytes=39; rawTagPayloadSha256=83929ee2f0bdce58ce5d8fe51aba935a23f63a37e1fcc336f418a61f1c9636f7; exactTagIdentitySha256=e0e20589ef7bc01a57d74dc496228a530af7ce8965afbab51fa7a70b17801a3a; runtime reachability unresolved; placement and bounds unresolved; renderer suitability unresolved
swf-definition-01821,827,,text,source-assets/flash/HELP MATH_ORIGINAL FILES/HELP_COURSES/ELMGR5/L5/FQ/L5FQ03.swf,,,fcad0aad2ac23595dde5c2e99dcf2f5246c71fd664e11187ac7d4b8ea6df7b4c,DefineEditText,,,none; machine census only; no renderer export,machine-extracted-definition-candidate,owner-provided SWF,container=root; definitionDepth=0; tagOrdinal=1821; payloadBytes=39; rawTagPayloadSha256=fcad0aad2ac23595dde5c2e99dcf2f5246c71fd664e11187ac7d4b8ea6df7b4c; exactTagIdentitySha256=5e2e97c0734923a0594dd846a916c0552424d10d72ee9e5ca47377d8fb76d4ed; runtime reachability unresolved; placement and bounds unresolved; renderer suitability unresolved
swf-definition-01822,828,,text,source-assets/flash/HELP MATH_ORIGINAL FILES/HELP_COURSES/ELMGR5/L5/FQ/L5FQ03.swf,,,9b9296565f801e1c8b42cac4d1e004a3b28fc53525c80b85ffd09c2976411864,DefineEditText,,,none; machine census only; no renderer export,machine-extracted-definition-candidate,owner-provided SWF,container=root; definitionDepth=0; tagOrdinal=1822; payloadBytes=39; rawTagPayloadSha256=9b9296565f801e1c8b42cac4d1e004a3b28fc53525c80b85ffd09c2976411864; exactTagIdentitySha256=34b26860778a013efd7d1d6d773b1f473a3f1df94d616c548898ee64d2240021; runtime reachability unresolved; placement and bounds unresolved; renderer suitability unresolved
swf-definition-01823,829,,shape,source-assets/flash/HELP MATH_ORIGINAL FILES/HELP_COURSES/ELMGR5/L5/FQ/L5FQ03.swf,,,2efbeffac4c27a9e025a35be82b6cdae03390f73bac560c2223867228b071cc3,DefineShape,,,none; machine census only; no renderer export,machine-extracted-definition-candidate,owner-provided SWF,container=root; definitionDepth=0; tagOrdinal=1823; payloadBytes=38; rawTagPayloadSha256=2efbeffac4c27a9e025a35be82b6cdae03390f73bac560c2223867228b071cc3; exactTagIdentitySha256=dc50f8fe0a83dedce09a54316ef6b5e384946ef5fea6f13b14385cb1988254a3; runtime reachability unresolved; placement and bounds unresolved; renderer suitability unresolved
swf-definition-01824,830,,sprite,source-assets/flash/HELP MATH_ORIGINAL FILES/HELP_COURSES/ELMGR5/L5/FQ/L5FQ03.swf,,,d64259d8956b272a1ebc5de8f6b3786b3849cc38bde77af032f4218068b4e8ba,DefineSprite,,,none; machine census only; no renderer export,machine-extracted-definition-candidate,owner-provided SWF,container=root; definitionDepth=0; tagOrdinal=1824; payloadBytes=45682; rawTagPayloadSha256=d64259d8956b272a1ebc5de8f6b3786b3849cc38bde77af032f4218068b4e8ba; exactTagIdentitySha256=d36581f7fd50297199d5fe5448e645200df5f2c740bd3c8943c763e3b1ab3094; declaredFrameCount=72; runtime reachability unresolved; placement and bounds unresolved; renderer suitability unresolved
