asset_id,swf_character_id,library_symbol,type,source_file,source_frame,exported_file,sha256,format,dimensions_or_bounds,font_glyphs,transformation,confidence,license_or_provenance,notes
swf-definition-00003,1,,structural-shape-definition-candidate,source-assets/flash/HELP MATH_ORIGINAL FILES/HELP_COURSES/ELMGR5/L4/TI/L4TI08.swf,,migrations/course-g05-l04-ti-008/audit/machine/g5-l4-pre-runtime-swf-definition-inventory.csv,dfe633f4c5fc0791c207af1f0a2770fcec720d6e423f6b0aaaa96faeaf47f9b1,CSV definition-index record for DefineShape2,,,"projection only; no asset bytes exported, transformed, redrawn, or generated",machine-extracted-structural-candidate,owner-provided SWF,"container=root; definitionDepth=0; tagOrdinal=3; payloadBytes=170; rawTagPayloadSha256=8c0efa2b3a0c18dc0a282237e4ef6bb9fb2d22fa2cc38aaddf6003fce9f08b41; exactTagIdentitySha256=2346e97604b854909529cf96d082f4416db16a54f3b30e9c4a6c8a4c9a552de8; runtime reachability unresolved; placement and bounds unresolved; renderer suitability unresolved; machineDefinitionIndexSha256=dfe633f4c5fc0791c207af1f0a2770fcec720d6e423f6b0aaaa96faeaf47f9b1; Structural/static source-derived candidate only. The exported_file is the shared machine definition-index evidence, not a visual or renderer asset export. It is not an authoritative original-runtime baseline and establishes no runtime reachability, placement, asset usage, visual appearance, renderer suitability, human or owner acceptance, strict completion, or publication."
swf-definition-00004,2,,structural-shape-definition-candidate,source-assets/flash/HELP MATH_ORIGINAL FILES/HELP_COURSES/ELMGR5/L4/TI/L4TI08.swf,,migrations/course-g05-l04-ti-008/audit/machine/g5-l4-pre-runtime-swf-definition-inventory.csv,dfe633f4c5fc0791c207af1f0a2770fcec720d6e423f6b0aaaa96faeaf47f9b1,CSV definition-index record for DefineShape3,,,"projection only; no asset bytes exported, transformed, redrawn, or generated",machine-extracted-structural-candidate,owner-provided SWF,"container=root; definitionDepth=0; tagOrdinal=4; payloadBytes=97; rawTagPayloadSha256=83e92ccb6979d665e3a5686e523e18847c6c8ca6d4c2a9345199e0d0825177ca; exactTagIdentitySha256=0f6aaab1017272e0ccfb4634fc98f80e9318ea4e72a42555948b06ce9c77f617; runtime reachability unresolved; placement and bounds unresolved; renderer suitability unresolved; machineDefinitionIndexSha256=dfe633f4c5fc0791c207af1f0a2770fcec720d6e423f6b0aaaa96faeaf47f9b1; Structural/static source-derived candidate only. The exported_file is the shared machine definition-index evidence, not a visual or renderer asset export. It is not an authoritative original-runtime baseline and establishes no runtime reachability, placement, asset usage, visual appearance, renderer suitability, human or owner acceptance, strict completion, or publication."
swf-definition-00005,3,,structural-font-definition-candidate,source-assets/flash/HELP MATH_ORIGINAL FILES/HELP_COURSES/ELMGR5/L4/TI/L4TI08.swf,,migrations/course-g05-l04-ti-008/audit/machine/g5-l4-pre-runtime-swf-definition-inventory.csv,dfe633f4c5fc0791c207af1f0a2770fcec720d6e423f6b0aaaa96faeaf47f9b1,CSV definition-index record for DefineFont2,,48,"projection only; no asset bytes exported, transformed, redrawn, or generated",machine-extracted-structural-candidate,owner-provided SWF,"swfEmbeddedFontName=Bauhaus Md BT; container=root; definitionDepth=0; tagOrdinal=5; payloadBytes=3291; rawTagPayloadSha256=b9797f2a11fd7f2acee140aaf1250b503908d7d0bfb32e2b29bebf59fb8a22b4; exactTagIdentitySha256=3ee3de3e376b9728d500f344131e3cd2f9a495b17deafbb65bbd31b84dc3a9c9; runtime reachability unresolved; placement and bounds unresolved; renderer suitability unresolved; machineDefinitionIndexSha256=dfe633f4c5fc0791c207af1f0a2770fcec720d6e423f6b0aaaa96faeaf47f9b1; Structural/static source-derived candidate only. The exported_file is the shared machine definition-index evidence, not a visual or renderer asset export. It is not an authoritative original-runtime baseline and establishes no runtime reachability, placement, asset usage, visual appearance, renderer suitability, human or owner acceptance, strict completion, or publication."
swf-definition-00006,4,,structural-text-definition-candidate,source-assets/flash/HELP MATH_ORIGINAL FILES/HELP_COURSES/ELMGR5/L4/TI/L4TI08.swf,,migrations/course-g05-l04-ti-008/audit/machine/g5-l4-pre-runtime-swf-definition-inventory.csv,dfe633f4c5fc0791c207af1f0a2770fcec720d6e423f6b0aaaa96faeaf47f9b1,CSV definition-index record for DefineText,,,"projection only; no asset bytes exported, transformed, redrawn, or generated",machine-extracted-structural-candidate,owner-provided SWF,"container=root; definitionDepth=0; tagOrdinal=6; payloadBytes=53; rawTagPayloadSha256=6cbc02967ae3cdfa19bf9aac0f0ff4ca5c91d3069e9d11c95e90f8309f7300df; exactTagIdentitySha256=15065576dd1748644d51344f8fa2823d38f0e5537cd7377b0df0a853b1ffbf50; runtime reachability unresolved; placement and bounds unresolved; renderer suitability unresolved; machineDefinitionIndexSha256=dfe633f4c5fc0791c207af1f0a2770fcec720d6e423f6b0aaaa96faeaf47f9b1; Structural/static source-derived candidate only. The exported_file is the shared machine definition-index evidence, not a visual or renderer asset export. It is not an authoritative original-runtime baseline and establishes no runtime reachability, placement, asset usage, visual appearance, renderer suitability, human or owner acceptance, strict completion, or publication."
swf-definition-00007,5,,structural-text-definition-candidate,source-assets/flash/HELP MATH_ORIGINAL FILES/HELP_COURSES/ELMGR5/L4/TI/L4TI08.swf,,migrations/course-g05-l04-ti-008/audit/machine/g5-l4-pre-runtime-swf-definition-inventory.csv,dfe633f4c5fc0791c207af1f0a2770fcec720d6e423f6b0aaaa96faeaf47f9b1,CSV definition-index record for DefineText,,,"projection only; no asset bytes exported, transformed, redrawn, or generated",machine-extracted-structural-candidate,owner-provided SWF,"container=root; definitionDepth=0; tagOrdinal=7; payloadBytes=53; rawTagPayloadSha256=854d6052cdbdcf026ff4638952db13945cef300808993c5163c5889171ff6551; exactTagIdentitySha256=3a009abccbd62989411db5bee9a0313e3ce1f3c28239cd8d737a51d13ff0fced; runtime reachability unresolved; placement and bounds unresolved; renderer suitability unresolved; machineDefinitionIndexSha256=dfe633f4c5fc0791c207af1f0a2770fcec720d6e423f6b0aaaa96faeaf47f9b1; Structural/static source-derived candidate only. The exported_file is the shared machine definition-index evidence, not a visual or renderer asset export. It is not an authoritative original-runtime baseline and establishes no runtime reachability, placement, asset usage, visual appearance, renderer suitability, human or owner acceptance, strict completion, or publication."
swf-definition-00008,6,,structural-shape-definition-candidate,source-assets/flash/HELP MATH_ORIGINAL FILES/HELP_COURSES/ELMGR5/L4/TI/L4TI08.swf,,migrations/course-g05-l04-ti-008/audit/machine/g5-l4-pre-runtime-swf-definition-inventory.csv,dfe633f4c5fc0791c207af1f0a2770fcec720d6e423f6b0aaaa96faeaf47f9b1,CSV definition-index record for DefineShape3,,,"projection only; no asset bytes exported, transformed, redrawn, or generated",machine-extracted-structural-candidate,owner-provided SWF,"container=root; definitionDepth=0; tagOrdinal=8; payloadBytes=96; rawTagPayloadSha256=9fc3e7de03b7c2617832f45c4cdb070597b7ddfa93e377f06198a26062521d15; exactTagIdentitySha256=8e6bf1f4c74573ebc72f81a3c3e6b4099a49d5f8a7b969b7e8421280a5b1242c; runtime reachability unresolved; placement and bounds unresolved; renderer suitability unresolved; machineDefinitionIndexSha256=dfe633f4c5fc0791c207af1f0a2770fcec720d6e423f6b0aaaa96faeaf47f9b1; Structural/static source-derived candidate only. The exported_file is the shared machine definition-index evidence, not a visual or renderer asset export. It is not an authoritative original-runtime baseline and establishes no runtime reachability, placement, asset usage, visual appearance, renderer suitability, human or owner acceptance, strict completion, or publication."
swf-definition-00009,7,,structural-shape-definition-candidate,source-assets/flash/HELP MATH_ORIGINAL FILES/HELP_COURSES/ELMGR5/L4/TI/L4TI08.swf,,migrations/course-g05-l04-ti-008/audit/machine/g5-l4-pre-runtime-swf-definition-inventory.csv,dfe633f4c5fc0791c207af1f0a2770fcec720d6e423f6b0aaaa96faeaf47f9b1,CSV definition-index record for DefineShape,,,"projection only; no asset bytes exported, transformed, redrawn, or generated",machine-extracted-structural-candidate,owner-provided SWF,"container=root; definitionDepth=0; tagOrdinal=9; payloadBytes=34; rawTagPayloadSha256=a16c43d83eecb4cef71c6cfaf078b3da18f184af53fbd599164f1c832744d185; exactTagIdentitySha256=bff3ccca7ea34ece8addb651d5beb9c113c2a4b8042dfcb442d0e4e8c5625901; runtime reachability unresolved; placement and bounds unresolved; renderer suitability unresolved; machineDefinitionIndexSha256=dfe633f4c5fc0791c207af1f0a2770fcec720d6e423f6b0aaaa96faeaf47f9b1; Structural/static source-derived candidate only. The exported_file is the shared machine definition-index evidence, not a visual or renderer asset export. It is not an authoritative original-runtime baseline and establishes no runtime reachability, placement, asset usage, visual appearance, renderer suitability, human or owner acceptance, strict completion, or publication."
swf-definition-00010,8,,structural-sprite-definition-candidate,source-assets/flash/HELP MATH_ORIGINAL FILES/HELP_COURSES/ELMGR5/L4/TI/L4TI08.swf,,migrations/course-g05-l04-ti-008/audit/machine/g5-l4-pre-runtime-swf-definition-inventory.csv,dfe633f4c5fc0791c207af1f0a2770fcec720d6e423f6b0aaaa96faeaf47f9b1,CSV definition-index record for DefineSprite,,,"projection only; no asset bytes exported, transformed, redrawn, or generated",machine-extracted-structural-candidate,owner-provided SWF,"container=root; definitionDepth=0; tagOrdinal=10; payloadBytes=2040; rawTagPayloadSha256=9b22d50d37d5222007c39487f14f1247058ef4b510fae4579095d52718851382; exactTagIdentitySha256=02f12522eef4233d7d78c58a30d5270a4d3f641ace5e223eed88e5c781f450a6; declaredFrameCount=5; runtime reachability unresolved; placement and bounds unresolved; renderer suitability unresolved; machineDefinitionIndexSha256=dfe633f4c5fc0791c207af1f0a2770fcec720d6e423f6b0aaaa96faeaf47f9b1; Structural/static source-derived candidate only. The exported_file is the shared machine definition-index evidence, not a visual or renderer asset export. It is not an authoritative original-runtime baseline and establishes no runtime reachability, placement, asset usage, visual appearance, renderer suitability, human or owner acceptance, strict completion, or publication."
swf-definition-00025,9,,structural-button-definition-candidate,source-assets/flash/HELP MATH_ORIGINAL FILES/HELP_COURSES/ELMGR5/L4/TI/L4TI08.swf,,migrations/course-g05-l04-ti-008/audit/machine/g5-l4-pre-runtime-swf-definition-inventory.csv,dfe633f4c5fc0791c207af1f0a2770fcec720d6e423f6b0aaaa96faeaf47f9b1,CSV definition-index record for DefineButton2,,,"projection only; no asset bytes exported, transformed, redrawn, or generated",machine-extracted-structural-candidate,owner-provided SWF,"container=root; definitionDepth=0; tagOrdinal=25; payloadBytes=58; rawTagPayloadSha256=9d9b338cbc22e9e7d462de1433253a84d839d807130eada67abf3d326e9ccf92; exactTagIdentitySha256=f67431549fae5e60f14bf3d52dbe60448115b40231c64da979444f05351dbe76; runtime reachability unresolved; placement and bounds unresolved; renderer suitability unresolved; machineDefinitionIndexSha256=dfe633f4c5fc0791c207af1f0a2770fcec720d6e423f6b0aaaa96faeaf47f9b1; Structural/static source-derived candidate only. The exported_file is the shared machine definition-index evidence, not a visual or renderer asset export. It is not an authoritative original-runtime baseline and establishes no runtime reachability, placement, asset usage, visual appearance, renderer suitability, human or owner acceptance, strict completion, or publication."
swf-definition-00027,10,,structural-shape-definition-candidate,source-assets/flash/HELP MATH_ORIGINAL FILES/HELP_COURSES/ELMGR5/L4/TI/L4TI08.swf,,migrations/course-g05-l04-ti-008/audit/machine/g5-l4-pre-runtime-swf-definition-inventory.csv,dfe633f4c5fc0791c207af1f0a2770fcec720d6e423f6b0aaaa96faeaf47f9b1,CSV definition-index record for DefineShape2,,,"projection only; no asset bytes exported, transformed, redrawn, or generated",machine-extracted-structural-candidate,owner-provided SWF,"container=root; definitionDepth=0; tagOrdinal=27; payloadBytes=170; rawTagPayloadSha256=77c3df8956abcc6fab6184879564cd112cbe23825e29e4fb59fa3ba6a258429a; exactTagIdentitySha256=410b4929bab97307aeda99d89686ba2df37ebdb8c571fd9ab104e736e66bc631; runtime reachability unresolved; placement and bounds unresolved; renderer suitability unresolved; machineDefinitionIndexSha256=dfe633f4c5fc0791c207af1f0a2770fcec720d6e423f6b0aaaa96faeaf47f9b1; Structural/static source-derived candidate only. The exported_file is the shared machine definition-index evidence, not a visual or renderer asset export. It is not an authoritative original-runtime baseline and establishes no runtime reachability, placement, asset usage, visual appearance, renderer suitability, human or owner acceptance, strict completion, or publication."
swf-definition-00028,11,,structural-button-definition-candidate,source-assets/flash/HELP MATH_ORIGINAL FILES/HELP_COURSES/ELMGR5/L4/TI/L4TI08.swf,,migrations/course-g05-l04-ti-008/audit/machine/g5-l4-pre-runtime-swf-definition-inventory.csv,dfe633f4c5fc0791c207af1f0a2770fcec720d6e423f6b0aaaa96faeaf47f9b1,CSV definition-index record for DefineButton2,,,"projection only; no asset bytes exported, transformed, redrawn, or generated",machine-extracted-structural-candidate,owner-provided SWF,"container=root; definitionDepth=0; tagOrdinal=28; payloadBytes=47; rawTagPayloadSha256=37f6b6f76b61b6d75568bd4392d938f92c586c79d670af2d4535d024330a35b7; exactTagIdentitySha256=85d06167ae367c8a2839a87e61e0f756171c90a0199bf1f50d23b77c51ccecbd; runtime reachability unresolved; placement and bounds unresolved; renderer suitability unresolved; machineDefinitionIndexSha256=dfe633f4c5fc0791c207af1f0a2770fcec720d6e423f6b0aaaa96faeaf47f9b1; Structural/static source-derived candidate only. The exported_file is the shared machine definition-index evidence, not a visual or renderer asset export. It is not an authoritative original-runtime baseline and establishes no runtime reachability, placement, asset usage, visual appearance, renderer suitability, human or owner acceptance, strict completion, or publication."
swf-definition-00030,12,,structural-button-definition-candidate,source-assets/flash/HELP MATH_ORIGINAL FILES/HELP_COURSES/ELMGR5/L4/TI/L4TI08.swf,,migrations/course-g05-l04-ti-008/audit/machine/g5-l4-pre-runtime-swf-definition-inventory.csv,dfe633f4c5fc0791c207af1f0a2770fcec720d6e423f6b0aaaa96faeaf47f9b1,CSV definition-index record for DefineButton2,,,"projection only; no asset bytes exported, transformed, redrawn, or generated",machine-extracted-structural-candidate,owner-provided SWF,"container=root; definitionDepth=0; tagOrdinal=30; payloadBytes=47; rawTagPayloadSha256=ff0a7a8b3841215268392e260ba10b5af2758eceb597f5207ed8d9e97fa25315; exactTagIdentitySha256=b2680485e20a1f6b040f137742950b4f8ab00c9bdd072c8bf7ba9261e34ac7cf; runtime reachability unresolved; placement and bounds unresolved; renderer suitability unresolved; machineDefinitionIndexSha256=dfe633f4c5fc0791c207af1f0a2770fcec720d6e423f6b0aaaa96faeaf47f9b1; Structural/static source-derived candidate only. The exported_file is the shared machine definition-index evidence, not a visual or renderer asset export. It is not an authoritative original-runtime baseline and establishes no runtime reachability, placement, asset usage, visual appearance, renderer suitability, human or owner acceptance, strict completion, or publication."
swf-definition-00032,13,,structural-shape-definition-candidate,source-assets/flash/HELP MATH_ORIGINAL FILES/HELP_COURSES/ELMGR5/L4/TI/L4TI08.swf,,migrations/course-g05-l04-ti-008/audit/machine/g5-l4-pre-runtime-swf-definition-inventory.csv,dfe633f4c5fc0791c207af1f0a2770fcec720d6e423f6b0aaaa96faeaf47f9b1,CSV definition-index record for DefineShape3,,,"projection only; no asset bytes exported, transformed, redrawn, or generated",machine-extracted-structural-candidate,owner-provided SWF,"container=root; definitionDepth=0; tagOrdinal=32; payloadBytes=418; rawTagPayloadSha256=36e2f5ebcad83251c5112a0d66246c4b63fc2e6895c7d2cf1bf9bcff1d48e4d9; exactTagIdentitySha256=7e9d12f8ff1f59e4ff453394f921a6aa6011c16f69038b03a2622fabaf5c4cbc; runtime reachability unresolved; placement and bounds unresolved; renderer suitability unresolved; machineDefinitionIndexSha256=dfe633f4c5fc0791c207af1f0a2770fcec720d6e423f6b0aaaa96faeaf47f9b1; Structural/static source-derived candidate only. The exported_file is the shared machine definition-index evidence, not a visual or renderer asset export. It is not an authoritative original-runtime baseline and establishes no runtime reachability, placement, asset usage, visual appearance, renderer suitability, human or owner acceptance, strict completion, or publication."
swf-definition-00033,14,,structural-sprite-definition-candidate,source-assets/flash/HELP MATH_ORIGINAL FILES/HELP_COURSES/ELMGR5/L4/TI/L4TI08.swf,,migrations/course-g05-l04-ti-008/audit/machine/g5-l4-pre-runtime-swf-definition-inventory.csv,dfe633f4c5fc0791c207af1f0a2770fcec720d6e423f6b0aaaa96faeaf47f9b1,CSV definition-index record for DefineSprite,,,"projection only; no asset bytes exported, transformed, redrawn, or generated",machine-extracted-structural-candidate,owner-provided SWF,"container=root; definitionDepth=0; tagOrdinal=33; payloadBytes=16; rawTagPayloadSha256=2a60c0c3af87caeeebd0a212f4ccdcd2d04202b54f57f60f0e33244875b9cccd; exactTagIdentitySha256=3e7025278afe17a8fbae8f9db613d728534ac8dbdefb6009fda073118f85393a; declaredFrameCount=1; runtime reachability unresolved; placement and bounds unresolved; renderer suitability unresolved; machineDefinitionIndexSha256=dfe633f4c5fc0791c207af1f0a2770fcec720d6e423f6b0aaaa96faeaf47f9b1; Structural/static source-derived candidate only. The exported_file is the shared machine definition-index evidence, not a visual or renderer asset export. It is not an authoritative original-runtime baseline and establishes no runtime reachability, placement, asset usage, visual appearance, renderer suitability, human or owner acceptance, strict completion, or publication."
swf-definition-00038,15,,structural-shape-definition-candidate,source-assets/flash/HELP MATH_ORIGINAL FILES/HELP_COURSES/ELMGR5/L4/TI/L4TI08.swf,,migrations/course-g05-l04-ti-008/audit/machine/g5-l4-pre-runtime-swf-definition-inventory.csv,dfe633f4c5fc0791c207af1f0a2770fcec720d6e423f6b0aaaa96faeaf47f9b1,CSV definition-index record for DefineShape3,,,"projection only; no asset bytes exported, transformed, redrawn, or generated",machine-extracted-structural-candidate,owner-provided SWF,"container=root; definitionDepth=0; tagOrdinal=38; payloadBytes=83; rawTagPayloadSha256=dfbd69811c49978ffe6a7d4edaa8c029635f80e3b028452296fa5111a57db9f2; exactTagIdentitySha256=4e45b26e35a63196a1d971526a154b0c038d143d007687569377f93f02bd4962; runtime reachability unresolved; placement and bounds unresolved; renderer suitability unresolved; machineDefinitionIndexSha256=dfe633f4c5fc0791c207af1f0a2770fcec720d6e423f6b0aaaa96faeaf47f9b1; Structural/static source-derived candidate only. The exported_file is the shared machine definition-index evidence, not a visual or renderer asset export. It is not an authoritative original-runtime baseline and establishes no runtime reachability, placement, asset usage, visual appearance, renderer suitability, human or owner acceptance, strict completion, or publication."
swf-definition-00040,16,,structural-shape-definition-candidate,source-assets/flash/HELP MATH_ORIGINAL FILES/HELP_COURSES/ELMGR5/L4/TI/L4TI08.swf,,migrations/course-g05-l04-ti-008/audit/machine/g5-l4-pre-runtime-swf-definition-inventory.csv,dfe633f4c5fc0791c207af1f0a2770fcec720d6e423f6b0aaaa96faeaf47f9b1,CSV definition-index record for DefineShape3,,,"projection only; no asset bytes exported, transformed, redrawn, or generated",machine-extracted-structural-candidate,owner-provided SWF,"container=root; definitionDepth=0; tagOrdinal=40; payloadBytes=68; rawTagPayloadSha256=d45b7c72fc7019d74464d366729f640b77144b12804ef1c99c68c734c464fc5b; exactTagIdentitySha256=e8cc31568e6f97c794644f32f647d66685bd7f548060a11b6cca2c2e8fdbdbc5; runtime reachability unresolved; placement and bounds unresolved; renderer suitability unresolved; machineDefinitionIndexSha256=dfe633f4c5fc0791c207af1f0a2770fcec720d6e423f6b0aaaa96faeaf47f9b1; Structural/static source-derived candidate only. The exported_file is the shared machine definition-index evidence, not a visual or renderer asset export. It is not an authoritative original-runtime baseline and establishes no runtime reachability, placement, asset usage, visual appearance, renderer suitability, human or owner acceptance, strict completion, or publication."
swf-definition-00042,17,,structural-shape-definition-candidate,source-assets/flash/HELP MATH_ORIGINAL FILES/HELP_COURSES/ELMGR5/L4/TI/L4TI08.swf,,migrations/course-g05-l04-ti-008/audit/machine/g5-l4-pre-runtime-swf-definition-inventory.csv,dfe633f4c5fc0791c207af1f0a2770fcec720d6e423f6b0aaaa96faeaf47f9b1,CSV definition-index record for DefineShape3,,,"projection only; no asset bytes exported, transformed, redrawn, or generated",machine-extracted-structural-candidate,owner-provided SWF,"container=root; definitionDepth=0; tagOrdinal=42; payloadBytes=90; rawTagPayloadSha256=567b56240e16e55b5fde6159b84adc5c1498ba5a3f1821a610962a26e5a5d8bf; exactTagIdentitySha256=0032a261c712087deb2e39a85addb3700c2a7ef61e8c483e6cde57bc94bcf28a; runtime reachability unresolved; placement and bounds unresolved; renderer suitability unresolved; machineDefinitionIndexSha256=dfe633f4c5fc0791c207af1f0a2770fcec720d6e423f6b0aaaa96faeaf47f9b1; Structural/static source-derived candidate only. The exported_file is the shared machine definition-index evidence, not a visual or renderer asset export. It is not an authoritative original-runtime baseline and establishes no runtime reachability, placement, asset usage, visual appearance, renderer suitability, human or owner acceptance, strict completion, or publication."
swf-definition-00044,18,,structural-shape-definition-candidate,source-assets/flash/HELP MATH_ORIGINAL FILES/HELP_COURSES/ELMGR5/L4/TI/L4TI08.swf,,migrations/course-g05-l04-ti-008/audit/machine/g5-l4-pre-runtime-swf-definition-inventory.csv,dfe633f4c5fc0791c207af1f0a2770fcec720d6e423f6b0aaaa96faeaf47f9b1,CSV definition-index record for DefineShape3,,,"projection only; no asset bytes exported, transformed, redrawn, or generated",machine-extracted-structural-candidate,owner-provided SWF,"container=root; definitionDepth=0; tagOrdinal=44; payloadBytes=83; rawTagPayloadSha256=f0be4a9343277916f8a0a599e6f24c9b78e36004b9147a833d90b7e70ecbe6ac; exactTagIdentitySha256=fa88f17d29986cf3f29de4e556758f4e927512cbe1fb80274f98211be4f6f6d0; runtime reachability unresolved; placement and bounds unresolved; renderer suitability unresolved; machineDefinitionIndexSha256=dfe633f4c5fc0791c207af1f0a2770fcec720d6e423f6b0aaaa96faeaf47f9b1; Structural/static source-derived candidate only. The exported_file is the shared machine definition-index evidence, not a visual or renderer asset export. It is not an authoritative original-runtime baseline and establishes no runtime reachability, placement, asset usage, visual appearance, renderer suitability, human or owner acceptance, strict completion, or publication."
swf-definition-00046,19,,structural-shape-definition-candidate,source-assets/flash/HELP MATH_ORIGINAL FILES/HELP_COURSES/ELMGR5/L4/TI/L4TI08.swf,,migrations/course-g05-l04-ti-008/audit/machine/g5-l4-pre-runtime-swf-definition-inventory.csv,dfe633f4c5fc0791c207af1f0a2770fcec720d6e423f6b0aaaa96faeaf47f9b1,CSV definition-index record for DefineShape3,,,"projection only; no asset bytes exported, transformed, redrawn, or generated",machine-extracted-structural-candidate,owner-provided SWF,"container=root; definitionDepth=0; tagOrdinal=46; payloadBytes=85; rawTagPayloadSha256=2b43983c6bbd034c2f0813de3b1ee04ecec83674eb620c3bde5ca5b2d4f453b5; exactTagIdentitySha256=c1d1b85bc7f251072bce6447c3cb753058847fdbe657e7174ed9dacafd1b7c4b; runtime reachability unresolved; placement and bounds unresolved; renderer suitability unresolved; machineDefinitionIndexSha256=dfe633f4c5fc0791c207af1f0a2770fcec720d6e423f6b0aaaa96faeaf47f9b1; Structural/static source-derived candidate only. The exported_file is the shared machine definition-index evidence, not a visual or renderer asset export. It is not an authoritative original-runtime baseline and establishes no runtime reachability, placement, asset usage, visual appearance, renderer suitability, human or owner acceptance, strict completion, or publication."
swf-definition-00048,20,,structural-shape-definition-candidate,source-assets/flash/HELP MATH_ORIGINAL FILES/HELP_COURSES/ELMGR5/L4/TI/L4TI08.swf,,migrations/course-g05-l04-ti-008/audit/machine/g5-l4-pre-runtime-swf-definition-inventory.csv,dfe633f4c5fc0791c207af1f0a2770fcec720d6e423f6b0aaaa96faeaf47f9b1,CSV definition-index record for DefineShape,,,"projection only; no asset bytes exported, transformed, redrawn, or generated",machine-extracted-structural-candidate,owner-provided SWF,"container=root; definitionDepth=0; tagOrdinal=48; payloadBytes=65; rawTagPayloadSha256=6c84230866e091cdbb498fb09aab5b2d91f8e4a649cf33438f747247251b256a; exactTagIdentitySha256=fc5b7784548151bb4f331f605d3e6db201e45da5e7e60e645bec8d5e25d89e4f; runtime reachability unresolved; placement and bounds unresolved; renderer suitability unresolved; machineDefinitionIndexSha256=dfe633f4c5fc0791c207af1f0a2770fcec720d6e423f6b0aaaa96faeaf47f9b1; Structural/static source-derived candidate only. The exported_file is the shared machine definition-index evidence, not a visual or renderer asset export. It is not an authoritative original-runtime baseline and establishes no runtime reachability, placement, asset usage, visual appearance, renderer suitability, human or owner acceptance, strict completion, or publication."
swf-definition-00050,21,,structural-shape-definition-candidate,source-assets/flash/HELP MATH_ORIGINAL FILES/HELP_COURSES/ELMGR5/L4/TI/L4TI08.swf,,migrations/course-g05-l04-ti-008/audit/machine/g5-l4-pre-runtime-swf-definition-inventory.csv,dfe633f4c5fc0791c207af1f0a2770fcec720d6e423f6b0aaaa96faeaf47f9b1,CSV definition-index record for DefineShape,,,"projection only; no asset bytes exported, transformed, redrawn, or generated",machine-extracted-structural-candidate,owner-provided SWF,"container=root; definitionDepth=0; tagOrdinal=50; payloadBytes=65; rawTagPayloadSha256=3ddee2928e98ab6e7feacc9fc06bcb0c48911bf8f5069dd73cc49f236a9a699b; exactTagIdentitySha256=bd5d11aea0e036f9531eb4f6fa692189151d810481abba91dcdb21b52cac875a; runtime reachability unresolved; placement and bounds unresolved; renderer suitability unresolved; machineDefinitionIndexSha256=dfe633f4c5fc0791c207af1f0a2770fcec720d6e423f6b0aaaa96faeaf47f9b1; Structural/static source-derived candidate only. The exported_file is the shared machine definition-index evidence, not a visual or renderer asset export. It is not an authoritative original-runtime baseline and establishes no runtime reachability, placement, asset usage, visual appearance, renderer suitability, human or owner acceptance, strict completion, or publication."
swf-definition-00052,22,,structural-shape-definition-candidate,source-assets/flash/HELP MATH_ORIGINAL FILES/HELP_COURSES/ELMGR5/L4/TI/L4TI08.swf,,migrations/course-g05-l04-ti-008/audit/machine/g5-l4-pre-runtime-swf-definition-inventory.csv,dfe633f4c5fc0791c207af1f0a2770fcec720d6e423f6b0aaaa96faeaf47f9b1,CSV definition-index record for DefineShape,,,"projection only; no asset bytes exported, transformed, redrawn, or generated",machine-extracted-structural-candidate,owner-provided SWF,"container=root; definitionDepth=0; tagOrdinal=52; payloadBytes=45; rawTagPayloadSha256=47f99248c96124dfe6a227a863b7732760a0328a059bc28bea867b0a31faecf5; exactTagIdentitySha256=82c1a43e659965d7bbb24231698edbf8298724208ecdf5135f1edbe7c4fc06b0; runtime reachability unresolved; placement and bounds unresolved; renderer suitability unresolved; machineDefinitionIndexSha256=dfe633f4c5fc0791c207af1f0a2770fcec720d6e423f6b0aaaa96faeaf47f9b1; Structural/static source-derived candidate only. The exported_file is the shared machine definition-index evidence, not a visual or renderer asset export. It is not an authoritative original-runtime baseline and establishes no runtime reachability, placement, asset usage, visual appearance, renderer suitability, human or owner acceptance, strict completion, or publication."
swf-definition-00054,23,,structural-shape-definition-candidate,source-assets/flash/HELP MATH_ORIGINAL FILES/HELP_COURSES/ELMGR5/L4/TI/L4TI08.swf,,migrations/course-g05-l04-ti-008/audit/machine/g5-l4-pre-runtime-swf-definition-inventory.csv,dfe633f4c5fc0791c207af1f0a2770fcec720d6e423f6b0aaaa96faeaf47f9b1,CSV definition-index record for DefineShape,,,"projection only; no asset bytes exported, transformed, redrawn, or generated",machine-extracted-structural-candidate,owner-provided SWF,"container=root; definitionDepth=0; tagOrdinal=54; payloadBytes=44; rawTagPayloadSha256=0ba65514ea049c974da1b4c458a9e27e362d1e8f17f77ae31b6381488238cc86; exactTagIdentitySha256=2935b1aaf85c4659f2df98f8e8de8f533cef6ed872f0481de971a0fb7fe8f510; runtime reachability unresolved; placement and bounds unresolved; renderer suitability unresolved; machineDefinitionIndexSha256=dfe633f4c5fc0791c207af1f0a2770fcec720d6e423f6b0aaaa96faeaf47f9b1; Structural/static source-derived candidate only. The exported_file is the shared machine definition-index evidence, not a visual or renderer asset export. It is not an authoritative original-runtime baseline and establishes no runtime reachability, placement, asset usage, visual appearance, renderer suitability, human or owner acceptance, strict completion, or publication."
swf-definition-00056,24,,structural-shape-definition-candidate,source-assets/flash/HELP MATH_ORIGINAL FILES/HELP_COURSES/ELMGR5/L4/TI/L4TI08.swf,,migrations/course-g05-l04-ti-008/audit/machine/g5-l4-pre-runtime-swf-definition-inventory.csv,dfe633f4c5fc0791c207af1f0a2770fcec720d6e423f6b0aaaa96faeaf47f9b1,CSV definition-index record for DefineShape,,,"projection only; no asset bytes exported, transformed, redrawn, or generated",machine-extracted-structural-candidate,owner-provided SWF,"container=root; definitionDepth=0; tagOrdinal=56; payloadBytes=57; rawTagPayloadSha256=50297bdc127ac5f00591acc5421d610cc302ea8b0e1d9698874b9c694009cd5c; exactTagIdentitySha256=9f6392ebca92df7ef3f5de41af44cb8564cae9173911bf5973b733b51e4b9543; runtime reachability unresolved; placement and bounds unresolved; renderer suitability unresolved; machineDefinitionIndexSha256=dfe633f4c5fc0791c207af1f0a2770fcec720d6e423f6b0aaaa96faeaf47f9b1; Structural/static source-derived candidate only. The exported_file is the shared machine definition-index evidence, not a visual or renderer asset export. It is not an authoritative original-runtime baseline and establishes no runtime reachability, placement, asset usage, visual appearance, renderer suitability, human or owner acceptance, strict completion, or publication."
swf-definition-00058,25,,structural-shape-definition-candidate,source-assets/flash/HELP MATH_ORIGINAL FILES/HELP_COURSES/ELMGR5/L4/TI/L4TI08.swf,,migrations/course-g05-l04-ti-008/audit/machine/g5-l4-pre-runtime-swf-definition-inventory.csv,dfe633f4c5fc0791c207af1f0a2770fcec720d6e423f6b0aaaa96faeaf47f9b1,CSV definition-index record for DefineShape,,,"projection only; no asset bytes exported, transformed, redrawn, or generated",machine-extracted-structural-candidate,owner-provided SWF,"container=root; definitionDepth=0; tagOrdinal=58; payloadBytes=44; rawTagPayloadSha256=ff1be1476b7ebc8bc20534c31bb87f6cd4f6866a6064737fc0912acd72396d6b; exactTagIdentitySha256=d5a79bcccd89c2bd52c18e1359768ab5a2c21ec91a995fe96c23ffa799ba0169; runtime reachability unresolved; placement and bounds unresolved; renderer suitability unresolved; machineDefinitionIndexSha256=dfe633f4c5fc0791c207af1f0a2770fcec720d6e423f6b0aaaa96faeaf47f9b1; Structural/static source-derived candidate only. The exported_file is the shared machine definition-index evidence, not a visual or renderer asset export. It is not an authoritative original-runtime baseline and establishes no runtime reachability, placement, asset usage, visual appearance, renderer suitability, human or owner acceptance, strict completion, or publication."
swf-definition-00060,26,,structural-shape-definition-candidate,source-assets/flash/HELP MATH_ORIGINAL FILES/HELP_COURSES/ELMGR5/L4/TI/L4TI08.swf,,migrations/course-g05-l04-ti-008/audit/machine/g5-l4-pre-runtime-swf-definition-inventory.csv,dfe633f4c5fc0791c207af1f0a2770fcec720d6e423f6b0aaaa96faeaf47f9b1,CSV definition-index record for DefineShape,,,"projection only; no asset bytes exported, transformed, redrawn, or generated",machine-extracted-structural-candidate,owner-provided SWF,"container=root; definitionDepth=0; tagOrdinal=60; payloadBytes=404; rawTagPayloadSha256=f76464b41972d20fad697eb76f4b8514da1ecda4e176af76ee42e6c7dc426702; exactTagIdentitySha256=3e28cac6570dcb5d79f8b69264b08a7e666fc6c865a8e19a2c283080f02587e9; runtime reachability unresolved; placement and bounds unresolved; renderer suitability unresolved; machineDefinitionIndexSha256=dfe633f4c5fc0791c207af1f0a2770fcec720d6e423f6b0aaaa96faeaf47f9b1; Structural/static source-derived candidate only. The exported_file is the shared machine definition-index evidence, not a visual or renderer asset export. It is not an authoritative original-runtime baseline and establishes no runtime reachability, placement, asset usage, visual appearance, renderer suitability, human or owner acceptance, strict completion, or publication."
swf-definition-00063,27,,structural-font-definition-candidate,source-assets/flash/HELP MATH_ORIGINAL FILES/HELP_COURSES/ELMGR5/L4/TI/L4TI08.swf,,migrations/course-g05-l04-ti-008/audit/machine/g5-l4-pre-runtime-swf-definition-inventory.csv,dfe633f4c5fc0791c207af1f0a2770fcec720d6e423f6b0aaaa96faeaf47f9b1,CSV definition-index record for DefineFont2,,19,"projection only; no asset bytes exported, transformed, redrawn, or generated",machine-extracted-structural-candidate,owner-provided SWF,"swfEmbeddedFontName=Arial; container=root; definitionDepth=0; tagOrdinal=63; payloadBytes=1461; rawTagPayloadSha256=c5e31164ba32dd45c66eb1685deb4ec344616dc8454fdee1f4100ac3f2f53b06; exactTagIdentitySha256=023f03562fef0ce2cf721a132882ef243d6c1e5c3b68b652fca37d05d1a161ad; runtime reachability unresolved; placement and bounds unresolved; renderer suitability unresolved; machineDefinitionIndexSha256=dfe633f4c5fc0791c207af1f0a2770fcec720d6e423f6b0aaaa96faeaf47f9b1; Structural/static source-derived candidate only. The exported_file is the shared machine definition-index evidence, not a visual or renderer asset export. It is not an authoritative original-runtime baseline and establishes no runtime reachability, placement, asset usage, visual appearance, renderer suitability, human or owner acceptance, strict completion, or publication."
swf-definition-00064,28,,structural-text-definition-candidate,source-assets/flash/HELP MATH_ORIGINAL FILES/HELP_COURSES/ELMGR5/L4/TI/L4TI08.swf,,migrations/course-g05-l04-ti-008/audit/machine/g5-l4-pre-runtime-swf-definition-inventory.csv,dfe633f4c5fc0791c207af1f0a2770fcec720d6e423f6b0aaaa96faeaf47f9b1,CSV definition-index record for DefineText,,,"projection only; no asset bytes exported, transformed, redrawn, or generated",machine-extracted-structural-candidate,owner-provided SWF,"container=root; definitionDepth=0; tagOrdinal=64; payloadBytes=35; rawTagPayloadSha256=0ac74894e4033a31a4bbf85347f2f7fe71e91ca7994f461ebf18397847ba87f0; exactTagIdentitySha256=ab1defca3f84e0e58139fb7030efa1f4426ffce2607619b3cf406d84421232da; runtime reachability unresolved; placement and bounds unresolved; renderer suitability unresolved; machineDefinitionIndexSha256=dfe633f4c5fc0791c207af1f0a2770fcec720d6e423f6b0aaaa96faeaf47f9b1; Structural/static source-derived candidate only. The exported_file is the shared machine definition-index evidence, not a visual or renderer asset export. It is not an authoritative original-runtime baseline and establishes no runtime reachability, placement, asset usage, visual appearance, renderer suitability, human or owner acceptance, strict completion, or publication."
swf-definition-00065,29,,structural-text-definition-candidate,source-assets/flash/HELP MATH_ORIGINAL FILES/HELP_COURSES/ELMGR5/L4/TI/L4TI08.swf,,migrations/course-g05-l04-ti-008/audit/machine/g5-l4-pre-runtime-swf-definition-inventory.csv,dfe633f4c5fc0791c207af1f0a2770fcec720d6e423f6b0aaaa96faeaf47f9b1,CSV definition-index record for DefineText,,,"projection only; no asset bytes exported, transformed, redrawn, or generated",machine-extracted-structural-candidate,owner-provided SWF,"container=root; definitionDepth=0; tagOrdinal=65; payloadBytes=85; rawTagPayloadSha256=722f15e2d5f85ba55b8d36ca78f8ddf4dd4dc5343c3694b5f491921785c50e8b; exactTagIdentitySha256=ad3eed461a0ea96f8dfc9708c9289b546d946d450c2655679dcea34a2c3e5bfe; runtime reachability unresolved; placement and bounds unresolved; renderer suitability unresolved; machineDefinitionIndexSha256=dfe633f4c5fc0791c207af1f0a2770fcec720d6e423f6b0aaaa96faeaf47f9b1; Structural/static source-derived candidate only. The exported_file is the shared machine definition-index evidence, not a visual or renderer asset export. It is not an authoritative original-runtime baseline and establishes no runtime reachability, placement, asset usage, visual appearance, renderer suitability, human or owner acceptance, strict completion, or publication."
swf-definition-00066,30,,structural-text-definition-candidate,source-assets/flash/HELP MATH_ORIGINAL FILES/HELP_COURSES/ELMGR5/L4/TI/L4TI08.swf,,migrations/course-g05-l04-ti-008/audit/machine/g5-l4-pre-runtime-swf-definition-inventory.csv,dfe633f4c5fc0791c207af1f0a2770fcec720d6e423f6b0aaaa96faeaf47f9b1,CSV definition-index record for DefineText,,,"projection only; no asset bytes exported, transformed, redrawn, or generated",machine-extracted-structural-candidate,owner-provided SWF,"container=root; definitionDepth=0; tagOrdinal=66; payloadBytes=44; rawTagPayloadSha256=2b9bb1779a05799d254c9ba557cb4f97a1f766fce5646849938b8e6fb227511b; exactTagIdentitySha256=7bfaccd9d80e7ed4943d044418229b929da741d3b4243a6b02c0167bc99409d8; runtime reachability unresolved; placement and bounds unresolved; renderer suitability unresolved; machineDefinitionIndexSha256=dfe633f4c5fc0791c207af1f0a2770fcec720d6e423f6b0aaaa96faeaf47f9b1; Structural/static source-derived candidate only. The exported_file is the shared machine definition-index evidence, not a visual or renderer asset export. It is not an authoritative original-runtime baseline and establishes no runtime reachability, placement, asset usage, visual appearance, renderer suitability, human or owner acceptance, strict completion, or publication."
swf-definition-00067,31,,structural-font-definition-candidate,source-assets/flash/HELP MATH_ORIGINAL FILES/HELP_COURSES/ELMGR5/L4/TI/L4TI08.swf,,migrations/course-g05-l04-ti-008/audit/machine/g5-l4-pre-runtime-swf-definition-inventory.csv,dfe633f4c5fc0791c207af1f0a2770fcec720d6e423f6b0aaaa96faeaf47f9b1,CSV definition-index record for DefineFont2,,10,"projection only; no asset bytes exported, transformed, redrawn, or generated",machine-extracted-structural-candidate,owner-provided SWF,"swfEmbeddedFontName=Arial; container=root; definitionDepth=0; tagOrdinal=67; payloadBytes=938; rawTagPayloadSha256=1b698aae3b9f1bcc688cade336ff9bb1a74a74f4a4bd16c284d2ccaf989125ee; exactTagIdentitySha256=c9a83648f8355bb0b928e71bebfe4d5f9c2a4f821466c8df03d474e2e9e11faa; runtime reachability unresolved; placement and bounds unresolved; renderer suitability unresolved; machineDefinitionIndexSha256=dfe633f4c5fc0791c207af1f0a2770fcec720d6e423f6b0aaaa96faeaf47f9b1; Structural/static source-derived candidate only. The exported_file is the shared machine definition-index evidence, not a visual or renderer asset export. It is not an authoritative original-runtime baseline and establishes no runtime reachability, placement, asset usage, visual appearance, renderer suitability, human or owner acceptance, strict completion, or publication."
swf-definition-00068,32,,structural-text-definition-candidate,source-assets/flash/HELP MATH_ORIGINAL FILES/HELP_COURSES/ELMGR5/L4/TI/L4TI08.swf,,migrations/course-g05-l04-ti-008/audit/machine/g5-l4-pre-runtime-swf-definition-inventory.csv,dfe633f4c5fc0791c207af1f0a2770fcec720d6e423f6b0aaaa96faeaf47f9b1,CSV definition-index record for DefineText,,,"projection only; no asset bytes exported, transformed, redrawn, or generated",machine-extracted-structural-candidate,owner-provided SWF,"container=root; definitionDepth=0; tagOrdinal=68; payloadBytes=26; rawTagPayloadSha256=5cd416ffbe67728fc8ddb83034670a23fe0f03f67c144cdf029477c0302f7014; exactTagIdentitySha256=e8d7d42e96ac2d96f4657d36617dfcc87c00e166530ab202d03bd465525ea1ec; runtime reachability unresolved; placement and bounds unresolved; renderer suitability unresolved; machineDefinitionIndexSha256=dfe633f4c5fc0791c207af1f0a2770fcec720d6e423f6b0aaaa96faeaf47f9b1; Structural/static source-derived candidate only. The exported_file is the shared machine definition-index evidence, not a visual or renderer asset export. It is not an authoritative original-runtime baseline and establishes no runtime reachability, placement, asset usage, visual appearance, renderer suitability, human or owner acceptance, strict completion, or publication."
swf-definition-00069,33,,structural-text-definition-candidate,source-assets/flash/HELP MATH_ORIGINAL FILES/HELP_COURSES/ELMGR5/L4/TI/L4TI08.swf,,migrations/course-g05-l04-ti-008/audit/machine/g5-l4-pre-runtime-swf-definition-inventory.csv,dfe633f4c5fc0791c207af1f0a2770fcec720d6e423f6b0aaaa96faeaf47f9b1,CSV definition-index record for DefineText,,,"projection only; no asset bytes exported, transformed, redrawn, or generated",machine-extracted-structural-candidate,owner-provided SWF,"container=root; definitionDepth=0; tagOrdinal=69; payloadBytes=27; rawTagPayloadSha256=c94369145d37bde5a890e5fa7ccf512a377246239f633d4af6c1b3daf90c53a3; exactTagIdentitySha256=fd6ba08c50048833217db19791cbb66015f570ece356eaf09cab046f2e2c32ed; runtime reachability unresolved; placement and bounds unresolved; renderer suitability unresolved; machineDefinitionIndexSha256=dfe633f4c5fc0791c207af1f0a2770fcec720d6e423f6b0aaaa96faeaf47f9b1; Structural/static source-derived candidate only. The exported_file is the shared machine definition-index evidence, not a visual or renderer asset export. It is not an authoritative original-runtime baseline and establishes no runtime reachability, placement, asset usage, visual appearance, renderer suitability, human or owner acceptance, strict completion, or publication."
swf-definition-00070,34,,structural-text-definition-candidate,source-assets/flash/HELP MATH_ORIGINAL FILES/HELP_COURSES/ELMGR5/L4/TI/L4TI08.swf,,migrations/course-g05-l04-ti-008/audit/machine/g5-l4-pre-runtime-swf-definition-inventory.csv,dfe633f4c5fc0791c207af1f0a2770fcec720d6e423f6b0aaaa96faeaf47f9b1,CSV definition-index record for DefineText,,,"projection only; no asset bytes exported, transformed, redrawn, or generated",machine-extracted-structural-candidate,owner-provided SWF,"container=root; definitionDepth=0; tagOrdinal=70; payloadBytes=26; rawTagPayloadSha256=1d40a43e4f00b2654738a3ffa653718f1dbc899535ae9ebd70297fccbf21d5b8; exactTagIdentitySha256=06fdd2f4b442d0e4617c3bcac5efd920926532f6377b6ce9cbaa6bd321ee724a; runtime reachability unresolved; placement and bounds unresolved; renderer suitability unresolved; machineDefinitionIndexSha256=dfe633f4c5fc0791c207af1f0a2770fcec720d6e423f6b0aaaa96faeaf47f9b1; Structural/static source-derived candidate only. The exported_file is the shared machine definition-index evidence, not a visual or renderer asset export. It is not an authoritative original-runtime baseline and establishes no runtime reachability, placement, asset usage, visual appearance, renderer suitability, human or owner acceptance, strict completion, or publication."
swf-definition-00071,35,,structural-text-definition-candidate,source-assets/flash/HELP MATH_ORIGINAL FILES/HELP_COURSES/ELMGR5/L4/TI/L4TI08.swf,,migrations/course-g05-l04-ti-008/audit/machine/g5-l4-pre-runtime-swf-definition-inventory.csv,dfe633f4c5fc0791c207af1f0a2770fcec720d6e423f6b0aaaa96faeaf47f9b1,CSV definition-index record for DefineText,,,"projection only; no asset bytes exported, transformed, redrawn, or generated",machine-extracted-structural-candidate,owner-provided SWF,"container=root; definitionDepth=0; tagOrdinal=71; payloadBytes=26; rawTagPayloadSha256=a24fd99d778770d62751e520fa7fc077289444c25b5dd496ff902625f572582e; exactTagIdentitySha256=5c48f6c394691db92bec96683c060f7e10188f0ff46f41c396e89f518f5fbd48; runtime reachability unresolved; placement and bounds unresolved; renderer suitability unresolved; machineDefinitionIndexSha256=dfe633f4c5fc0791c207af1f0a2770fcec720d6e423f6b0aaaa96faeaf47f9b1; Structural/static source-derived candidate only. The exported_file is the shared machine definition-index evidence, not a visual or renderer asset export. It is not an authoritative original-runtime baseline and establishes no runtime reachability, placement, asset usage, visual appearance, renderer suitability, human or owner acceptance, strict completion, or publication."
swf-definition-00072,36,,structural-text-definition-candidate,source-assets/flash/HELP MATH_ORIGINAL FILES/HELP_COURSES/ELMGR5/L4/TI/L4TI08.swf,,migrations/course-g05-l04-ti-008/audit/machine/g5-l4-pre-runtime-swf-definition-inventory.csv,dfe633f4c5fc0791c207af1f0a2770fcec720d6e423f6b0aaaa96faeaf47f9b1,CSV definition-index record for DefineText,,,"projection only; no asset bytes exported, transformed, redrawn, or generated",machine-extracted-structural-candidate,owner-provided SWF,"container=root; definitionDepth=0; tagOrdinal=72; payloadBytes=26; rawTagPayloadSha256=b2eae9fe7e776d5dbfe6179ca442f64d336e3b9cc9f7631c633bb0720a8d66a2; exactTagIdentitySha256=7465e5517bfe0815642833b8dcd7027531f3a3f7d34447c1f87dd80b9433093c; runtime reachability unresolved; placement and bounds unresolved; renderer suitability unresolved; machineDefinitionIndexSha256=dfe633f4c5fc0791c207af1f0a2770fcec720d6e423f6b0aaaa96faeaf47f9b1; Structural/static source-derived candidate only. The exported_file is the shared machine definition-index evidence, not a visual or renderer asset export. It is not an authoritative original-runtime baseline and establishes no runtime reachability, placement, asset usage, visual appearance, renderer suitability, human or owner acceptance, strict completion, or publication."
swf-definition-00073,37,,structural-text-definition-candidate,source-assets/flash/HELP MATH_ORIGINAL FILES/HELP_COURSES/ELMGR5/L4/TI/L4TI08.swf,,migrations/course-g05-l04-ti-008/audit/machine/g5-l4-pre-runtime-swf-definition-inventory.csv,dfe633f4c5fc0791c207af1f0a2770fcec720d6e423f6b0aaaa96faeaf47f9b1,CSV definition-index record for DefineText,,,"projection only; no asset bytes exported, transformed, redrawn, or generated",machine-extracted-structural-candidate,owner-provided SWF,"container=root; definitionDepth=0; tagOrdinal=73; payloadBytes=26; rawTagPayloadSha256=e748270ec15e39e681b80ca78e416803b3c4448ddb82170b33b4a330f1dacdb6; exactTagIdentitySha256=d1f4b024b5b6710e837e243203028d875c715a96e3610c9ad8032c276538e88f; runtime reachability unresolved; placement and bounds unresolved; renderer suitability unresolved; machineDefinitionIndexSha256=dfe633f4c5fc0791c207af1f0a2770fcec720d6e423f6b0aaaa96faeaf47f9b1; Structural/static source-derived candidate only. The exported_file is the shared machine definition-index evidence, not a visual or renderer asset export. It is not an authoritative original-runtime baseline and establishes no runtime reachability, placement, asset usage, visual appearance, renderer suitability, human or owner acceptance, strict completion, or publication."
swf-definition-00074,38,,structural-text-definition-candidate,source-assets/flash/HELP MATH_ORIGINAL FILES/HELP_COURSES/ELMGR5/L4/TI/L4TI08.swf,,migrations/course-g05-l04-ti-008/audit/machine/g5-l4-pre-runtime-swf-definition-inventory.csv,dfe633f4c5fc0791c207af1f0a2770fcec720d6e423f6b0aaaa96faeaf47f9b1,CSV definition-index record for DefineText,,,"projection only; no asset bytes exported, transformed, redrawn, or generated",machine-extracted-structural-candidate,owner-provided SWF,"container=root; definitionDepth=0; tagOrdinal=74; payloadBytes=25; rawTagPayloadSha256=e9db7635c95c52d40bab55c120502b8ee1337c89ad37076ca8263fbc785f72eb; exactTagIdentitySha256=2ad84cf033fb09f935819aff46170fd85a941b77660cacff9fe0be3e6dd8990d; runtime reachability unresolved; placement and bounds unresolved; renderer suitability unresolved; machineDefinitionIndexSha256=dfe633f4c5fc0791c207af1f0a2770fcec720d6e423f6b0aaaa96faeaf47f9b1; Structural/static source-derived candidate only. The exported_file is the shared machine definition-index evidence, not a visual or renderer asset export. It is not an authoritative original-runtime baseline and establishes no runtime reachability, placement, asset usage, visual appearance, renderer suitability, human or owner acceptance, strict completion, or publication."
swf-definition-00075,39,,structural-text-definition-candidate,source-assets/flash/HELP MATH_ORIGINAL FILES/HELP_COURSES/ELMGR5/L4/TI/L4TI08.swf,,migrations/course-g05-l04-ti-008/audit/machine/g5-l4-pre-runtime-swf-definition-inventory.csv,dfe633f4c5fc0791c207af1f0a2770fcec720d6e423f6b0aaaa96faeaf47f9b1,CSV definition-index record for DefineText,,,"projection only; no asset bytes exported, transformed, redrawn, or generated",machine-extracted-structural-candidate,owner-provided SWF,"container=root; definitionDepth=0; tagOrdinal=75; payloadBytes=25; rawTagPayloadSha256=753efbd39b90b653e12691e632b3716730ce3e8ae40e3d906a5d292a2c6937c2; exactTagIdentitySha256=0c74748fa92cc77029dd877356936e6988908db967c885b45f241117012fd3ee; runtime reachability unresolved; placement and bounds unresolved; renderer suitability unresolved; machineDefinitionIndexSha256=dfe633f4c5fc0791c207af1f0a2770fcec720d6e423f6b0aaaa96faeaf47f9b1; Structural/static source-derived candidate only. The exported_file is the shared machine definition-index evidence, not a visual or renderer asset export. It is not an authoritative original-runtime baseline and establishes no runtime reachability, placement, asset usage, visual appearance, renderer suitability, human or owner acceptance, strict completion, or publication."
swf-definition-00076,40,,structural-text-definition-candidate,source-assets/flash/HELP MATH_ORIGINAL FILES/HELP_COURSES/ELMGR5/L4/TI/L4TI08.swf,,migrations/course-g05-l04-ti-008/audit/machine/g5-l4-pre-runtime-swf-definition-inventory.csv,dfe633f4c5fc0791c207af1f0a2770fcec720d6e423f6b0aaaa96faeaf47f9b1,CSV definition-index record for DefineText,,,"projection only; no asset bytes exported, transformed, redrawn, or generated",machine-extracted-structural-candidate,owner-provided SWF,"container=root; definitionDepth=0; tagOrdinal=76; payloadBytes=33; rawTagPayloadSha256=dc4220d35c67ad7465f84d3d87f8d60d048bb612916f317f0a61ed0d5c9e1c82; exactTagIdentitySha256=67178d197f04a595643bec6d7fb5a2958be4dc979cf87fc8c76c1efb1658c87b; runtime reachability unresolved; placement and bounds unresolved; renderer suitability unresolved; machineDefinitionIndexSha256=dfe633f4c5fc0791c207af1f0a2770fcec720d6e423f6b0aaaa96faeaf47f9b1; Structural/static source-derived candidate only. The exported_file is the shared machine definition-index evidence, not a visual or renderer asset export. It is not an authoritative original-runtime baseline and establishes no runtime reachability, placement, asset usage, visual appearance, renderer suitability, human or owner acceptance, strict completion, or publication."
swf-definition-00077,41,,structural-text-definition-candidate,source-assets/flash/HELP MATH_ORIGINAL FILES/HELP_COURSES/ELMGR5/L4/TI/L4TI08.swf,,migrations/course-g05-l04-ti-008/audit/machine/g5-l4-pre-runtime-swf-definition-inventory.csv,dfe633f4c5fc0791c207af1f0a2770fcec720d6e423f6b0aaaa96faeaf47f9b1,CSV definition-index record for DefineText,,,"projection only; no asset bytes exported, transformed, redrawn, or generated",machine-extracted-structural-candidate,owner-provided SWF,"container=root; definitionDepth=0; tagOrdinal=77; payloadBytes=25; rawTagPayloadSha256=516f3cd2f9e2fe60adb187b4371edae5eee73067bfb50b790db012c912421d80; exactTagIdentitySha256=8df0cfc029f86b67fb294621792aa74f221a459e147a932ffc2d964febe760b2; runtime reachability unresolved; placement and bounds unresolved; renderer suitability unresolved; machineDefinitionIndexSha256=dfe633f4c5fc0791c207af1f0a2770fcec720d6e423f6b0aaaa96faeaf47f9b1; Structural/static source-derived candidate only. The exported_file is the shared machine definition-index evidence, not a visual or renderer asset export. It is not an authoritative original-runtime baseline and establishes no runtime reachability, placement, asset usage, visual appearance, renderer suitability, human or owner acceptance, strict completion, or publication."
swf-definition-00078,42,,structural-text-definition-candidate,source-assets/flash/HELP MATH_ORIGINAL FILES/HELP_COURSES/ELMGR5/L4/TI/L4TI08.swf,,migrations/course-g05-l04-ti-008/audit/machine/g5-l4-pre-runtime-swf-definition-inventory.csv,dfe633f4c5fc0791c207af1f0a2770fcec720d6e423f6b0aaaa96faeaf47f9b1,CSV definition-index record for DefineText,,,"projection only; no asset bytes exported, transformed, redrawn, or generated",machine-extracted-structural-candidate,owner-provided SWF,"container=root; definitionDepth=0; tagOrdinal=78; payloadBytes=25; rawTagPayloadSha256=84571f5f8e0e3ce9ee6ea6c0f75c068121af3371e885a6c2176bb9dd80bd182b; exactTagIdentitySha256=362fdcf45e20274b6bbd7ae8f84bb6a56f71f56a80c614651f4ab3d921772a3a; runtime reachability unresolved; placement and bounds unresolved; renderer suitability unresolved; machineDefinitionIndexSha256=dfe633f4c5fc0791c207af1f0a2770fcec720d6e423f6b0aaaa96faeaf47f9b1; Structural/static source-derived candidate only. The exported_file is the shared machine definition-index evidence, not a visual or renderer asset export. It is not an authoritative original-runtime baseline and establishes no runtime reachability, placement, asset usage, visual appearance, renderer suitability, human or owner acceptance, strict completion, or publication."
swf-definition-00079,43,,structural-text-definition-candidate,source-assets/flash/HELP MATH_ORIGINAL FILES/HELP_COURSES/ELMGR5/L4/TI/L4TI08.swf,,migrations/course-g05-l04-ti-008/audit/machine/g5-l4-pre-runtime-swf-definition-inventory.csv,dfe633f4c5fc0791c207af1f0a2770fcec720d6e423f6b0aaaa96faeaf47f9b1,CSV definition-index record for DefineText,,,"projection only; no asset bytes exported, transformed, redrawn, or generated",machine-extracted-structural-candidate,owner-provided SWF,"container=root; definitionDepth=0; tagOrdinal=79; payloadBytes=25; rawTagPayloadSha256=0b2f7d55f6c820d8b29a4d40abe9aa2612363bd1013b4693b142474dc7b76fb6; exactTagIdentitySha256=527b4f9becfbc0b9b0e8c1e424381dd3e6c687e0fe6fab9387ab558d514853a9; runtime reachability unresolved; placement and bounds unresolved; renderer suitability unresolved; machineDefinitionIndexSha256=dfe633f4c5fc0791c207af1f0a2770fcec720d6e423f6b0aaaa96faeaf47f9b1; Structural/static source-derived candidate only. The exported_file is the shared machine definition-index evidence, not a visual or renderer asset export. It is not an authoritative original-runtime baseline and establishes no runtime reachability, placement, asset usage, visual appearance, renderer suitability, human or owner acceptance, strict completion, or publication."
swf-definition-00080,44,,structural-text-definition-candidate,source-assets/flash/HELP MATH_ORIGINAL FILES/HELP_COURSES/ELMGR5/L4/TI/L4TI08.swf,,migrations/course-g05-l04-ti-008/audit/machine/g5-l4-pre-runtime-swf-definition-inventory.csv,dfe633f4c5fc0791c207af1f0a2770fcec720d6e423f6b0aaaa96faeaf47f9b1,CSV definition-index record for DefineText,,,"projection only; no asset bytes exported, transformed, redrawn, or generated",machine-extracted-structural-candidate,owner-provided SWF,"container=root; definitionDepth=0; tagOrdinal=80; payloadBytes=31; rawTagPayloadSha256=3cf77988e94773ec363bf92da601793ca36b1b1aeb59d4b21b418b937a08d336; exactTagIdentitySha256=781a0d3e4e5a6051769bcc19b5fd664d6a9289fd448704b80ad67a05848ac339; runtime reachability unresolved; placement and bounds unresolved; renderer suitability unresolved; machineDefinitionIndexSha256=dfe633f4c5fc0791c207af1f0a2770fcec720d6e423f6b0aaaa96faeaf47f9b1; Structural/static source-derived candidate only. The exported_file is the shared machine definition-index evidence, not a visual or renderer asset export. It is not an authoritative original-runtime baseline and establishes no runtime reachability, placement, asset usage, visual appearance, renderer suitability, human or owner acceptance, strict completion, or publication."
swf-definition-00081,45,,structural-text-definition-candidate,source-assets/flash/HELP MATH_ORIGINAL FILES/HELP_COURSES/ELMGR5/L4/TI/L4TI08.swf,,migrations/course-g05-l04-ti-008/audit/machine/g5-l4-pre-runtime-swf-definition-inventory.csv,dfe633f4c5fc0791c207af1f0a2770fcec720d6e423f6b0aaaa96faeaf47f9b1,CSV definition-index record for DefineText,,,"projection only; no asset bytes exported, transformed, redrawn, or generated",machine-extracted-structural-candidate,owner-provided SWF,"container=root; definitionDepth=0; tagOrdinal=81; payloadBytes=33; rawTagPayloadSha256=4af3ee1fad6b6e3c45edadd7dd31fe6fe2b92362e6ffc010ff46a672a27bf7a1; exactTagIdentitySha256=7471f9b4cb67e53cd122471899fc98e6e100b3b161bcac3168b09beab51b555d; runtime reachability unresolved; placement and bounds unresolved; renderer suitability unresolved; machineDefinitionIndexSha256=dfe633f4c5fc0791c207af1f0a2770fcec720d6e423f6b0aaaa96faeaf47f9b1; Structural/static source-derived candidate only. The exported_file is the shared machine definition-index evidence, not a visual or renderer asset export. It is not an authoritative original-runtime baseline and establishes no runtime reachability, placement, asset usage, visual appearance, renderer suitability, human or owner acceptance, strict completion, or publication."
swf-definition-00082,46,,structural-text-definition-candidate,source-assets/flash/HELP MATH_ORIGINAL FILES/HELP_COURSES/ELMGR5/L4/TI/L4TI08.swf,,migrations/course-g05-l04-ti-008/audit/machine/g5-l4-pre-runtime-swf-definition-inventory.csv,dfe633f4c5fc0791c207af1f0a2770fcec720d6e423f6b0aaaa96faeaf47f9b1,CSV definition-index record for DefineText,,,"projection only; no asset bytes exported, transformed, redrawn, or generated",machine-extracted-structural-candidate,owner-provided SWF,"container=root; definitionDepth=0; tagOrdinal=82; payloadBytes=31; rawTagPayloadSha256=d8c7490914d1c1583c5e1f4ac6328d615032582c64896e86ac25107573326202; exactTagIdentitySha256=9647075c6d815e37b59312861f06b6c3a212f66c88b1193897d1a19b7e3e0805; runtime reachability unresolved; placement and bounds unresolved; renderer suitability unresolved; machineDefinitionIndexSha256=dfe633f4c5fc0791c207af1f0a2770fcec720d6e423f6b0aaaa96faeaf47f9b1; Structural/static source-derived candidate only. The exported_file is the shared machine definition-index evidence, not a visual or renderer asset export. It is not an authoritative original-runtime baseline and establishes no runtime reachability, placement, asset usage, visual appearance, renderer suitability, human or owner acceptance, strict completion, or publication."
swf-definition-00083,47,,structural-text-definition-candidate,source-assets/flash/HELP MATH_ORIGINAL FILES/HELP_COURSES/ELMGR5/L4/TI/L4TI08.swf,,migrations/course-g05-l04-ti-008/audit/machine/g5-l4-pre-runtime-swf-definition-inventory.csv,dfe633f4c5fc0791c207af1f0a2770fcec720d6e423f6b0aaaa96faeaf47f9b1,CSV definition-index record for DefineText,,,"projection only; no asset bytes exported, transformed, redrawn, or generated",machine-extracted-structural-candidate,owner-provided SWF,"container=root; definitionDepth=0; tagOrdinal=83; payloadBytes=33; rawTagPayloadSha256=91046aa4ae46cd211dda41f81ced4bbe600b3690c1435a9ccce18578b76edf37; exactTagIdentitySha256=ece0e90ec6cbd10097d6756f61bbb614d8325f61c549e4a9aee94667fa1fc835; runtime reachability unresolved; placement and bounds unresolved; renderer suitability unresolved; machineDefinitionIndexSha256=dfe633f4c5fc0791c207af1f0a2770fcec720d6e423f6b0aaaa96faeaf47f9b1; Structural/static source-derived candidate only. The exported_file is the shared machine definition-index evidence, not a visual or renderer asset export. It is not an authoritative original-runtime baseline and establishes no runtime reachability, placement, asset usage, visual appearance, renderer suitability, human or owner acceptance, strict completion, or publication."
swf-definition-00084,48,,structural-text-definition-candidate,source-assets/flash/HELP MATH_ORIGINAL FILES/HELP_COURSES/ELMGR5/L4/TI/L4TI08.swf,,migrations/course-g05-l04-ti-008/audit/machine/g5-l4-pre-runtime-swf-definition-inventory.csv,dfe633f4c5fc0791c207af1f0a2770fcec720d6e423f6b0aaaa96faeaf47f9b1,CSV definition-index record for DefineText,,,"projection only; no asset bytes exported, transformed, redrawn, or generated",machine-extracted-structural-candidate,owner-provided SWF,"container=root; definitionDepth=0; tagOrdinal=84; payloadBytes=31; rawTagPayloadSha256=eedb01eba13ad6b68e161ade73bb64978c416c72320e57c7238b1effee4ebe6a; exactTagIdentitySha256=fe86f5658cf19022b1954c9e38ba7d95ba65b7aaeb2495f7457d1f13c5aabee9; runtime reachability unresolved; placement and bounds unresolved; renderer suitability unresolved; machineDefinitionIndexSha256=dfe633f4c5fc0791c207af1f0a2770fcec720d6e423f6b0aaaa96faeaf47f9b1; Structural/static source-derived candidate only. The exported_file is the shared machine definition-index evidence, not a visual or renderer asset export. It is not an authoritative original-runtime baseline and establishes no runtime reachability, placement, asset usage, visual appearance, renderer suitability, human or owner acceptance, strict completion, or publication."
swf-definition-00085,49,,structural-text-definition-candidate,source-assets/flash/HELP MATH_ORIGINAL FILES/HELP_COURSES/ELMGR5/L4/TI/L4TI08.swf,,migrations/course-g05-l04-ti-008/audit/machine/g5-l4-pre-runtime-swf-definition-inventory.csv,dfe633f4c5fc0791c207af1f0a2770fcec720d6e423f6b0aaaa96faeaf47f9b1,CSV definition-index record for DefineText,,,"projection only; no asset bytes exported, transformed, redrawn, or generated",machine-extracted-structural-candidate,owner-provided SWF,"container=root; definitionDepth=0; tagOrdinal=85; payloadBytes=33; rawTagPayloadSha256=d414f7a7dd02f41e816462b816bc22b36c1c6931e566e837d1df15b14616ff83; exactTagIdentitySha256=e626a630b9a177ddf8610850132d64b9503f4c5f1b73b93b6dc743b71b36bb44; runtime reachability unresolved; placement and bounds unresolved; renderer suitability unresolved; machineDefinitionIndexSha256=dfe633f4c5fc0791c207af1f0a2770fcec720d6e423f6b0aaaa96faeaf47f9b1; Structural/static source-derived candidate only. The exported_file is the shared machine definition-index evidence, not a visual or renderer asset export. It is not an authoritative original-runtime baseline and establishes no runtime reachability, placement, asset usage, visual appearance, renderer suitability, human or owner acceptance, strict completion, or publication."
swf-definition-00086,50,,structural-text-definition-candidate,source-assets/flash/HELP MATH_ORIGINAL FILES/HELP_COURSES/ELMGR5/L4/TI/L4TI08.swf,,migrations/course-g05-l04-ti-008/audit/machine/g5-l4-pre-runtime-swf-definition-inventory.csv,dfe633f4c5fc0791c207af1f0a2770fcec720d6e423f6b0aaaa96faeaf47f9b1,CSV definition-index record for DefineText,,,"projection only; no asset bytes exported, transformed, redrawn, or generated",machine-extracted-structural-candidate,owner-provided SWF,"container=root; definitionDepth=0; tagOrdinal=86; payloadBytes=31; rawTagPayloadSha256=93a78b55c8d44452eb9556953f01206fee62e0c49a595e8c101974b457659045; exactTagIdentitySha256=533419d3a0e8fc83d47209a2be8618c3d5e3b9671f80214e4d1a550626cd4dc6; runtime reachability unresolved; placement and bounds unresolved; renderer suitability unresolved; machineDefinitionIndexSha256=dfe633f4c5fc0791c207af1f0a2770fcec720d6e423f6b0aaaa96faeaf47f9b1; Structural/static source-derived candidate only. The exported_file is the shared machine definition-index evidence, not a visual or renderer asset export. It is not an authoritative original-runtime baseline and establishes no runtime reachability, placement, asset usage, visual appearance, renderer suitability, human or owner acceptance, strict completion, or publication."
swf-definition-00087,51,,structural-text-definition-candidate,source-assets/flash/HELP MATH_ORIGINAL FILES/HELP_COURSES/ELMGR5/L4/TI/L4TI08.swf,,migrations/course-g05-l04-ti-008/audit/machine/g5-l4-pre-runtime-swf-definition-inventory.csv,dfe633f4c5fc0791c207af1f0a2770fcec720d6e423f6b0aaaa96faeaf47f9b1,CSV definition-index record for DefineText,,,"projection only; no asset bytes exported, transformed, redrawn, or generated",machine-extracted-structural-candidate,owner-provided SWF,"container=root; definitionDepth=0; tagOrdinal=87; payloadBytes=33; rawTagPayloadSha256=f276fccc16b40f1709c2a9d9a23f2c68cdebf80474b4f4aa24955468bc3559c9; exactTagIdentitySha256=c287ea46d9f13ccb2db503d97d7df68f5026095c9b2a596efc5c179853e15334; runtime reachability unresolved; placement and bounds unresolved; renderer suitability unresolved; machineDefinitionIndexSha256=dfe633f4c5fc0791c207af1f0a2770fcec720d6e423f6b0aaaa96faeaf47f9b1; Structural/static source-derived candidate only. The exported_file is the shared machine definition-index evidence, not a visual or renderer asset export. It is not an authoritative original-runtime baseline and establishes no runtime reachability, placement, asset usage, visual appearance, renderer suitability, human or owner acceptance, strict completion, or publication."
swf-definition-00088,52,,structural-text-definition-candidate,source-assets/flash/HELP MATH_ORIGINAL FILES/HELP_COURSES/ELMGR5/L4/TI/L4TI08.swf,,migrations/course-g05-l04-ti-008/audit/machine/g5-l4-pre-runtime-swf-definition-inventory.csv,dfe633f4c5fc0791c207af1f0a2770fcec720d6e423f6b0aaaa96faeaf47f9b1,CSV definition-index record for DefineText,,,"projection only; no asset bytes exported, transformed, redrawn, or generated",machine-extracted-structural-candidate,owner-provided SWF,"container=root; definitionDepth=0; tagOrdinal=88; payloadBytes=30; rawTagPayloadSha256=217356384a5fcd4689d9ae2a65e17cf04d110db9337481c14da24fc0505f247c; exactTagIdentitySha256=5fcf6dd3664cc76958272b1fd0427af4b781c26018684fbf40c964468730f347; runtime reachability unresolved; placement and bounds unresolved; renderer suitability unresolved; machineDefinitionIndexSha256=dfe633f4c5fc0791c207af1f0a2770fcec720d6e423f6b0aaaa96faeaf47f9b1; Structural/static source-derived candidate only. The exported_file is the shared machine definition-index evidence, not a visual or renderer asset export. It is not an authoritative original-runtime baseline and establishes no runtime reachability, placement, asset usage, visual appearance, renderer suitability, human or owner acceptance, strict completion, or publication."
swf-definition-00100,53,,structural-text-definition-candidate,source-assets/flash/HELP MATH_ORIGINAL FILES/HELP_COURSES/ELMGR5/L4/TI/L4TI08.swf,,migrations/course-g05-l04-ti-008/audit/machine/g5-l4-pre-runtime-swf-definition-inventory.csv,dfe633f4c5fc0791c207af1f0a2770fcec720d6e423f6b0aaaa96faeaf47f9b1,CSV definition-index record for DefineText,,,"projection only; no asset bytes exported, transformed, redrawn, or generated",machine-extracted-structural-candidate,owner-provided SWF,"container=root; definitionDepth=0; tagOrdinal=100; payloadBytes=25; rawTagPayloadSha256=cb40bd767a38e434d711480f9468e53b1d63e7e5124c353c38a41bf07b68dfda; exactTagIdentitySha256=94f063b988f549b038b90aa65f6635648a5a670ed2f438afa0ac8c61e5994b7f; runtime reachability unresolved; placement and bounds unresolved; renderer suitability unresolved; machineDefinitionIndexSha256=dfe633f4c5fc0791c207af1f0a2770fcec720d6e423f6b0aaaa96faeaf47f9b1; Structural/static source-derived candidate only. The exported_file is the shared machine definition-index evidence, not a visual or renderer asset export. It is not an authoritative original-runtime baseline and establishes no runtime reachability, placement, asset usage, visual appearance, renderer suitability, human or owner acceptance, strict completion, or publication."
swf-definition-00101,54,,structural-sprite-definition-candidate,source-assets/flash/HELP MATH_ORIGINAL FILES/HELP_COURSES/ELMGR5/L4/TI/L4TI08.swf,,migrations/course-g05-l04-ti-008/audit/machine/g5-l4-pre-runtime-swf-definition-inventory.csv,dfe633f4c5fc0791c207af1f0a2770fcec720d6e423f6b0aaaa96faeaf47f9b1,CSV definition-index record for DefineSprite,,,"projection only; no asset bytes exported, transformed, redrawn, or generated",machine-extracted-structural-candidate,owner-provided SWF,"container=root; definitionDepth=0; tagOrdinal=101; payloadBytes=506; rawTagPayloadSha256=b8d69747beed06faf36d24db48794d35235237a0b00e034f67399edde4035882; exactTagIdentitySha256=0801f1b756ccd938edbcde409fa4964c4fddecb96001fd138a4bdb45aa8cc1d6; declaredFrameCount=1; runtime reachability unresolved; placement and bounds unresolved; renderer suitability unresolved; machineDefinitionIndexSha256=dfe633f4c5fc0791c207af1f0a2770fcec720d6e423f6b0aaaa96faeaf47f9b1; Structural/static source-derived candidate only. The exported_file is the shared machine definition-index evidence, not a visual or renderer asset export. It is not an authoritative original-runtime baseline and establishes no runtime reachability, placement, asset usage, visual appearance, renderer suitability, human or owner acceptance, strict completion, or publication."
swf-definition-00142,55,,structural-sprite-definition-candidate,source-assets/flash/HELP MATH_ORIGINAL FILES/HELP_COURSES/ELMGR5/L4/TI/L4TI08.swf,,migrations/course-g05-l04-ti-008/audit/machine/g5-l4-pre-runtime-swf-definition-inventory.csv,dfe633f4c5fc0791c207af1f0a2770fcec720d6e423f6b0aaaa96faeaf47f9b1,CSV definition-index record for DefineSprite,,,"projection only; no asset bytes exported, transformed, redrawn, or generated",machine-extracted-structural-candidate,owner-provided SWF,"container=root; definitionDepth=0; tagOrdinal=142; payloadBytes=68; rawTagPayloadSha256=ffc43f3e194915bd9a0dbbe333fefb6b2a002255e580dd03cc0d102ed8a8d577; exactTagIdentitySha256=f49c81b751008b54639c6bba2956a5a572a78da1850b24be339b36ca25b74345; declaredFrameCount=31; runtime reachability unresolved; placement and bounds unresolved; renderer suitability unresolved; machineDefinitionIndexSha256=dfe633f4c5fc0791c207af1f0a2770fcec720d6e423f6b0aaaa96faeaf47f9b1; Structural/static source-derived candidate only. The exported_file is the shared machine definition-index evidence, not a visual or renderer asset export. It is not an authoritative original-runtime baseline and establishes no runtime reachability, placement, asset usage, visual appearance, renderer suitability, human or owner acceptance, strict completion, or publication."
swf-definition-00176,56,,structural-button-definition-candidate,source-assets/flash/HELP MATH_ORIGINAL FILES/HELP_COURSES/ELMGR5/L4/TI/L4TI08.swf,,migrations/course-g05-l04-ti-008/audit/machine/g5-l4-pre-runtime-swf-definition-inventory.csv,dfe633f4c5fc0791c207af1f0a2770fcec720d6e423f6b0aaaa96faeaf47f9b1,CSV definition-index record for DefineButton2,,,"projection only; no asset bytes exported, transformed, redrawn, or generated",machine-extracted-structural-candidate,owner-provided SWF,"container=root; definitionDepth=0; tagOrdinal=176; payloadBytes=149; rawTagPayloadSha256=34e70493d183c5383b8da220133eac00e76157569b31bbef100d6bc85ff83ca5; exactTagIdentitySha256=30f8424e02b5ad81c55a560ac4f0a69be3d2c094b61ed78c9b20ec33f589d7c3; runtime reachability unresolved; placement and bounds unresolved; renderer suitability unresolved; machineDefinitionIndexSha256=dfe633f4c5fc0791c207af1f0a2770fcec720d6e423f6b0aaaa96faeaf47f9b1; Structural/static source-derived candidate only. The exported_file is the shared machine definition-index evidence, not a visual or renderer asset export. It is not an authoritative original-runtime baseline and establishes no runtime reachability, placement, asset usage, visual appearance, renderer suitability, human or owner acceptance, strict completion, or publication."
swf-definition-00178,57,,structural-button-definition-candidate,source-assets/flash/HELP MATH_ORIGINAL FILES/HELP_COURSES/ELMGR5/L4/TI/L4TI08.swf,,migrations/course-g05-l04-ti-008/audit/machine/g5-l4-pre-runtime-swf-definition-inventory.csv,dfe633f4c5fc0791c207af1f0a2770fcec720d6e423f6b0aaaa96faeaf47f9b1,CSV definition-index record for DefineButton2,,,"projection only; no asset bytes exported, transformed, redrawn, or generated",machine-extracted-structural-candidate,owner-provided SWF,"container=root; definitionDepth=0; tagOrdinal=178; payloadBytes=120; rawTagPayloadSha256=310b422f537f604806fb613952e636e6ed3effbc83bc5c2c95a530ae08f05a83; exactTagIdentitySha256=69cc82e601c3b889f958198b4be2f56911baaa8cca3626ad5b6534995fcc91fa; runtime reachability unresolved; placement and bounds unresolved; renderer suitability unresolved; machineDefinitionIndexSha256=dfe633f4c5fc0791c207af1f0a2770fcec720d6e423f6b0aaaa96faeaf47f9b1; Structural/static source-derived candidate only. The exported_file is the shared machine definition-index evidence, not a visual or renderer asset export. It is not an authoritative original-runtime baseline and establishes no runtime reachability, placement, asset usage, visual appearance, renderer suitability, human or owner acceptance, strict completion, or publication."
swf-definition-00188,58,,structural-shape-definition-candidate,source-assets/flash/HELP MATH_ORIGINAL FILES/HELP_COURSES/ELMGR5/L4/TI/L4TI08.swf,,migrations/course-g05-l04-ti-008/audit/machine/g5-l4-pre-runtime-swf-definition-inventory.csv,dfe633f4c5fc0791c207af1f0a2770fcec720d6e423f6b0aaaa96faeaf47f9b1,CSV definition-index record for DefineShape,,,"projection only; no asset bytes exported, transformed, redrawn, or generated",machine-extracted-structural-candidate,owner-provided SWF,"container=root; definitionDepth=0; tagOrdinal=188; payloadBytes=967; rawTagPayloadSha256=68aa2cd2cb9eca5d3bb706b033f208d118b023ba49819710a507b3fbf2075958; exactTagIdentitySha256=43a51b22ee94a2f839b748e8a3f7d2676b7b70f20cd62802c0a06667fb5d5552; runtime reachability unresolved; placement and bounds unresolved; renderer suitability unresolved; machineDefinitionIndexSha256=dfe633f4c5fc0791c207af1f0a2770fcec720d6e423f6b0aaaa96faeaf47f9b1; Structural/static source-derived candidate only. The exported_file is the shared machine definition-index evidence, not a visual or renderer asset export. It is not an authoritative original-runtime baseline and establishes no runtime reachability, placement, asset usage, visual appearance, renderer suitability, human or owner acceptance, strict completion, or publication."
swf-definition-00190,59,,structural-text-definition-candidate,source-assets/flash/HELP MATH_ORIGINAL FILES/HELP_COURSES/ELMGR5/L4/TI/L4TI08.swf,,migrations/course-g05-l04-ti-008/audit/machine/g5-l4-pre-runtime-swf-definition-inventory.csv,dfe633f4c5fc0791c207af1f0a2770fcec720d6e423f6b0aaaa96faeaf47f9b1,CSV definition-index record for DefineText,,,"projection only; no asset bytes exported, transformed, redrawn, or generated",machine-extracted-structural-candidate,owner-provided SWF,"container=root; definitionDepth=0; tagOrdinal=190; payloadBytes=70; rawTagPayloadSha256=6e399174df90ed2ba1b95f6fe2f1f9e5290d802f07587db67d5c5d328760d4b9; exactTagIdentitySha256=da272c4ee46b42c3c7ad78597fd71b4b12bb8dca84a497658608827bec0c2b1b; runtime reachability unresolved; placement and bounds unresolved; renderer suitability unresolved; machineDefinitionIndexSha256=dfe633f4c5fc0791c207af1f0a2770fcec720d6e423f6b0aaaa96faeaf47f9b1; Structural/static source-derived candidate only. The exported_file is the shared machine definition-index evidence, not a visual or renderer asset export. It is not an authoritative original-runtime baseline and establishes no runtime reachability, placement, asset usage, visual appearance, renderer suitability, human or owner acceptance, strict completion, or publication."
swf-definition-00192,60,,structural-shape-definition-candidate,source-assets/flash/HELP MATH_ORIGINAL FILES/HELP_COURSES/ELMGR5/L4/TI/L4TI08.swf,,migrations/course-g05-l04-ti-008/audit/machine/g5-l4-pre-runtime-swf-definition-inventory.csv,dfe633f4c5fc0791c207af1f0a2770fcec720d6e423f6b0aaaa96faeaf47f9b1,CSV definition-index record for DefineShape,,,"projection only; no asset bytes exported, transformed, redrawn, or generated",machine-extracted-structural-candidate,owner-provided SWF,"container=root; definitionDepth=0; tagOrdinal=192; payloadBytes=31; rawTagPayloadSha256=891e27297740fdc8f3c4fd6c4ad66b2d93ba6b77c543fbdea0b6ae74af14f5cb; exactTagIdentitySha256=48a14e0aad772381cf4bb66ab2e2bf55bec461dd56f68230796df42976664ba9; runtime reachability unresolved; placement and bounds unresolved; renderer suitability unresolved; machineDefinitionIndexSha256=dfe633f4c5fc0791c207af1f0a2770fcec720d6e423f6b0aaaa96faeaf47f9b1; Structural/static source-derived candidate only. The exported_file is the shared machine definition-index evidence, not a visual or renderer asset export. It is not an authoritative original-runtime baseline and establishes no runtime reachability, placement, asset usage, visual appearance, renderer suitability, human or owner acceptance, strict completion, or publication."
swf-definition-00193,61,,structural-shape-definition-candidate,source-assets/flash/HELP MATH_ORIGINAL FILES/HELP_COURSES/ELMGR5/L4/TI/L4TI08.swf,,migrations/course-g05-l04-ti-008/audit/machine/g5-l4-pre-runtime-swf-definition-inventory.csv,dfe633f4c5fc0791c207af1f0a2770fcec720d6e423f6b0aaaa96faeaf47f9b1,CSV definition-index record for DefineShape2,,,"projection only; no asset bytes exported, transformed, redrawn, or generated",machine-extracted-structural-candidate,owner-provided SWF,"container=root; definitionDepth=0; tagOrdinal=193; payloadBytes=90; rawTagPayloadSha256=ff93e1b68c63dac443d41a20cf7c42dbd494362b00d8416b3da6cd535ccebf10; exactTagIdentitySha256=caacc26dc8a4113a1c0508be4d77491971dad75be29b32c8c949f47a0f2d564d; runtime reachability unresolved; placement and bounds unresolved; renderer suitability unresolved; machineDefinitionIndexSha256=dfe633f4c5fc0791c207af1f0a2770fcec720d6e423f6b0aaaa96faeaf47f9b1; Structural/static source-derived candidate only. The exported_file is the shared machine definition-index evidence, not a visual or renderer asset export. It is not an authoritative original-runtime baseline and establishes no runtime reachability, placement, asset usage, visual appearance, renderer suitability, human or owner acceptance, strict completion, or publication."
swf-definition-00194,62,,structural-font-definition-candidate,source-assets/flash/HELP MATH_ORIGINAL FILES/HELP_COURSES/ELMGR5/L4/TI/L4TI08.swf,,migrations/course-g05-l04-ti-008/audit/machine/g5-l4-pre-runtime-swf-definition-inventory.csv,dfe633f4c5fc0791c207af1f0a2770fcec720d6e423f6b0aaaa96faeaf47f9b1,CSV definition-index record for DefineFont2,,1,"projection only; no asset bytes exported, transformed, redrawn, or generated",machine-extracted-structural-candidate,owner-provided SWF,"swfEmbeddedFontName=Bauhaus Md BT; container=root; definitionDepth=0; tagOrdinal=194; payloadBytes=63; rawTagPayloadSha256=532082864415328c18f707cab408281ddae806d96ef39c7c27958d5d3c18e624; exactTagIdentitySha256=0dd80dc3100f427efb7706c9e0b0a7e7f50c711d8d898cf03ab9618daf29a4e1; runtime reachability unresolved; placement and bounds unresolved; renderer suitability unresolved; machineDefinitionIndexSha256=dfe633f4c5fc0791c207af1f0a2770fcec720d6e423f6b0aaaa96faeaf47f9b1; Structural/static source-derived candidate only. The exported_file is the shared machine definition-index evidence, not a visual or renderer asset export. It is not an authoritative original-runtime baseline and establishes no runtime reachability, placement, asset usage, visual appearance, renderer suitability, human or owner acceptance, strict completion, or publication."
swf-definition-00195,63,,structural-text-definition-candidate,source-assets/flash/HELP MATH_ORIGINAL FILES/HELP_COURSES/ELMGR5/L4/TI/L4TI08.swf,,migrations/course-g05-l04-ti-008/audit/machine/g5-l4-pre-runtime-swf-definition-inventory.csv,dfe633f4c5fc0791c207af1f0a2770fcec720d6e423f6b0aaaa96faeaf47f9b1,CSV definition-index record for DefineText,,,"projection only; no asset bytes exported, transformed, redrawn, or generated",machine-extracted-structural-candidate,owner-provided SWF,"container=root; definitionDepth=0; tagOrdinal=195; payloadBytes=25; rawTagPayloadSha256=6c00a7b1a9cbe0aba350a414cf9690ac5f5c0b28d2d1f23f6f6d1470faea13bc; exactTagIdentitySha256=e3ca59cfa17b616abbcb86f96a5709c5f7b9e5c982669d8af59db79f21f973d4; runtime reachability unresolved; placement and bounds unresolved; renderer suitability unresolved; machineDefinitionIndexSha256=dfe633f4c5fc0791c207af1f0a2770fcec720d6e423f6b0aaaa96faeaf47f9b1; Structural/static source-derived candidate only. The exported_file is the shared machine definition-index evidence, not a visual or renderer asset export. It is not an authoritative original-runtime baseline and establishes no runtime reachability, placement, asset usage, visual appearance, renderer suitability, human or owner acceptance, strict completion, or publication."
swf-definition-00196,64,,structural-text-definition-candidate,source-assets/flash/HELP MATH_ORIGINAL FILES/HELP_COURSES/ELMGR5/L4/TI/L4TI08.swf,,migrations/course-g05-l04-ti-008/audit/machine/g5-l4-pre-runtime-swf-definition-inventory.csv,dfe633f4c5fc0791c207af1f0a2770fcec720d6e423f6b0aaaa96faeaf47f9b1,CSV definition-index record for DefineText,,,"projection only; no asset bytes exported, transformed, redrawn, or generated",machine-extracted-structural-candidate,owner-provided SWF,"container=root; definitionDepth=0; tagOrdinal=196; payloadBytes=184; rawTagPayloadSha256=c810c1eb2c5db00c449c22d79b5bdc1b3c426dcf50f8c1c9abc6f3a74f3855fd; exactTagIdentitySha256=b7b694f59fa06702ded20fbfff6e0106632a2cf02db7850fc4a7e737e7e49b63; runtime reachability unresolved; placement and bounds unresolved; renderer suitability unresolved; machineDefinitionIndexSha256=dfe633f4c5fc0791c207af1f0a2770fcec720d6e423f6b0aaaa96faeaf47f9b1; Structural/static source-derived candidate only. The exported_file is the shared machine definition-index evidence, not a visual or renderer asset export. It is not an authoritative original-runtime baseline and establishes no runtime reachability, placement, asset usage, visual appearance, renderer suitability, human or owner acceptance, strict completion, or publication."
swf-definition-00197,65,,structural-button-definition-candidate,source-assets/flash/HELP MATH_ORIGINAL FILES/HELP_COURSES/ELMGR5/L4/TI/L4TI08.swf,,migrations/course-g05-l04-ti-008/audit/machine/g5-l4-pre-runtime-swf-definition-inventory.csv,dfe633f4c5fc0791c207af1f0a2770fcec720d6e423f6b0aaaa96faeaf47f9b1,CSV definition-index record for DefineButton2,,,"projection only; no asset bytes exported, transformed, redrawn, or generated",machine-extracted-structural-candidate,owner-provided SWF,"container=root; definitionDepth=0; tagOrdinal=197; payloadBytes=170; rawTagPayloadSha256=ec1936fe14da3e81dd809c8751c677bafd50c1033c8bc5ed03a965f4331613a4; exactTagIdentitySha256=40c73f100e844cd8f9316a36c1e260bfed659eb4eb489c972794ceefd56e936b; runtime reachability unresolved; placement and bounds unresolved; renderer suitability unresolved; machineDefinitionIndexSha256=dfe633f4c5fc0791c207af1f0a2770fcec720d6e423f6b0aaaa96faeaf47f9b1; Structural/static source-derived candidate only. The exported_file is the shared machine definition-index evidence, not a visual or renderer asset export. It is not an authoritative original-runtime baseline and establishes no runtime reachability, placement, asset usage, visual appearance, renderer suitability, human or owner acceptance, strict completion, or publication."
swf-definition-00198,66,,structural-button-definition-candidate,source-assets/flash/HELP MATH_ORIGINAL FILES/HELP_COURSES/ELMGR5/L4/TI/L4TI08.swf,,migrations/course-g05-l04-ti-008/audit/machine/g5-l4-pre-runtime-swf-definition-inventory.csv,dfe633f4c5fc0791c207af1f0a2770fcec720d6e423f6b0aaaa96faeaf47f9b1,CSV definition-index record for DefineButton2,,,"projection only; no asset bytes exported, transformed, redrawn, or generated",machine-extracted-structural-candidate,owner-provided SWF,"container=root; definitionDepth=0; tagOrdinal=198; payloadBytes=173; rawTagPayloadSha256=6b8c8ceac49312d26e0cc84ba10593f6a1902a2686aac9bbd24da05f6faecca5; exactTagIdentitySha256=283e8e27f3dd4ab04de14378e8352ebb5d00aacc75e99d95506af242d99163e8; runtime reachability unresolved; placement and bounds unresolved; renderer suitability unresolved; machineDefinitionIndexSha256=dfe633f4c5fc0791c207af1f0a2770fcec720d6e423f6b0aaaa96faeaf47f9b1; Structural/static source-derived candidate only. The exported_file is the shared machine definition-index evidence, not a visual or renderer asset export. It is not an authoritative original-runtime baseline and establishes no runtime reachability, placement, asset usage, visual appearance, renderer suitability, human or owner acceptance, strict completion, or publication."
swf-definition-00199,67,,structural-shape-definition-candidate,source-assets/flash/HELP MATH_ORIGINAL FILES/HELP_COURSES/ELMGR5/L4/TI/L4TI08.swf,,migrations/course-g05-l04-ti-008/audit/machine/g5-l4-pre-runtime-swf-definition-inventory.csv,dfe633f4c5fc0791c207af1f0a2770fcec720d6e423f6b0aaaa96faeaf47f9b1,CSV definition-index record for DefineShape,,,"projection only; no asset bytes exported, transformed, redrawn, or generated",machine-extracted-structural-candidate,owner-provided SWF,"container=root; definitionDepth=0; tagOrdinal=199; payloadBytes=66; rawTagPayloadSha256=a6c6c9c4913c21f77c82e624a8afa69dd3e811bed9f67b9202ae798fb712e2c8; exactTagIdentitySha256=ccf93e23dee1d437ff360caca5888c6ac9e500a1004e9e4346698d69d0c564ad; runtime reachability unresolved; placement and bounds unresolved; renderer suitability unresolved; machineDefinitionIndexSha256=dfe633f4c5fc0791c207af1f0a2770fcec720d6e423f6b0aaaa96faeaf47f9b1; Structural/static source-derived candidate only. The exported_file is the shared machine definition-index evidence, not a visual or renderer asset export. It is not an authoritative original-runtime baseline and establishes no runtime reachability, placement, asset usage, visual appearance, renderer suitability, human or owner acceptance, strict completion, or publication."
swf-definition-00200,68,,structural-shape-definition-candidate,source-assets/flash/HELP MATH_ORIGINAL FILES/HELP_COURSES/ELMGR5/L4/TI/L4TI08.swf,,migrations/course-g05-l04-ti-008/audit/machine/g5-l4-pre-runtime-swf-definition-inventory.csv,dfe633f4c5fc0791c207af1f0a2770fcec720d6e423f6b0aaaa96faeaf47f9b1,CSV definition-index record for DefineShape2,,,"projection only; no asset bytes exported, transformed, redrawn, or generated",machine-extracted-structural-candidate,owner-provided SWF,"container=root; definitionDepth=0; tagOrdinal=200; payloadBytes=50; rawTagPayloadSha256=7b46a4fcf79d39bd9787f12767f1de9ef9297e48b88a5801f53795640378fdd3; exactTagIdentitySha256=66eaf3890e2c6481ccad1370d16f3672895851ab032536f0df3faf8da286a6ad; runtime reachability unresolved; placement and bounds unresolved; renderer suitability unresolved; machineDefinitionIndexSha256=dfe633f4c5fc0791c207af1f0a2770fcec720d6e423f6b0aaaa96faeaf47f9b1; Structural/static source-derived candidate only. The exported_file is the shared machine definition-index evidence, not a visual or renderer asset export. It is not an authoritative original-runtime baseline and establishes no runtime reachability, placement, asset usage, visual appearance, renderer suitability, human or owner acceptance, strict completion, or publication."
swf-definition-00201,69,,structural-text-definition-candidate,source-assets/flash/HELP MATH_ORIGINAL FILES/HELP_COURSES/ELMGR5/L4/TI/L4TI08.swf,,migrations/course-g05-l04-ti-008/audit/machine/g5-l4-pre-runtime-swf-definition-inventory.csv,dfe633f4c5fc0791c207af1f0a2770fcec720d6e423f6b0aaaa96faeaf47f9b1,CSV definition-index record for DefineText,,,"projection only; no asset bytes exported, transformed, redrawn, or generated",machine-extracted-structural-candidate,owner-provided SWF,"container=root; definitionDepth=0; tagOrdinal=201; payloadBytes=34; rawTagPayloadSha256=ceeacc70966c2431d7d820355da4045c83c6e792699434f8434794d64bb47b5d; exactTagIdentitySha256=6aec3ea3b636e6865bbf608de8fa2a401306b72208fe683e0a25a2755b5d777b; runtime reachability unresolved; placement and bounds unresolved; renderer suitability unresolved; machineDefinitionIndexSha256=dfe633f4c5fc0791c207af1f0a2770fcec720d6e423f6b0aaaa96faeaf47f9b1; Structural/static source-derived candidate only. The exported_file is the shared machine definition-index evidence, not a visual or renderer asset export. It is not an authoritative original-runtime baseline and establishes no runtime reachability, placement, asset usage, visual appearance, renderer suitability, human or owner acceptance, strict completion, or publication."
swf-definition-00202,70,,structural-text-definition-candidate,source-assets/flash/HELP MATH_ORIGINAL FILES/HELP_COURSES/ELMGR5/L4/TI/L4TI08.swf,,migrations/course-g05-l04-ti-008/audit/machine/g5-l4-pre-runtime-swf-definition-inventory.csv,dfe633f4c5fc0791c207af1f0a2770fcec720d6e423f6b0aaaa96faeaf47f9b1,CSV definition-index record for DefineText,,,"projection only; no asset bytes exported, transformed, redrawn, or generated",machine-extracted-structural-candidate,owner-provided SWF,"container=root; definitionDepth=0; tagOrdinal=202; payloadBytes=25; rawTagPayloadSha256=c19785f1f43d66795566d9cf94c32f1d64bd57a6e0eec55d8fbbdf291cb877f1; exactTagIdentitySha256=0f7d84056777a718825cf587a50629d08ffca657a9ea64abf7d7dd284a8b20b3; runtime reachability unresolved; placement and bounds unresolved; renderer suitability unresolved; machineDefinitionIndexSha256=dfe633f4c5fc0791c207af1f0a2770fcec720d6e423f6b0aaaa96faeaf47f9b1; Structural/static source-derived candidate only. The exported_file is the shared machine definition-index evidence, not a visual or renderer asset export. It is not an authoritative original-runtime baseline and establishes no runtime reachability, placement, asset usage, visual appearance, renderer suitability, human or owner acceptance, strict completion, or publication."
swf-definition-00203,71,,structural-shape-definition-candidate,source-assets/flash/HELP MATH_ORIGINAL FILES/HELP_COURSES/ELMGR5/L4/TI/L4TI08.swf,,migrations/course-g05-l04-ti-008/audit/machine/g5-l4-pre-runtime-swf-definition-inventory.csv,dfe633f4c5fc0791c207af1f0a2770fcec720d6e423f6b0aaaa96faeaf47f9b1,CSV definition-index record for DefineShape2,,,"projection only; no asset bytes exported, transformed, redrawn, or generated",machine-extracted-structural-candidate,owner-provided SWF,"container=root; definitionDepth=0; tagOrdinal=203; payloadBytes=51; rawTagPayloadSha256=7cedf2f49a0f1b1e1e714f42411049e8b37b2bdf0943f9ac80e24807355ca067; exactTagIdentitySha256=8d539ba3b8d5fcbec78f093ee4fb7981f6f820114d3b0fd4a0908d519dfb9512; runtime reachability unresolved; placement and bounds unresolved; renderer suitability unresolved; machineDefinitionIndexSha256=dfe633f4c5fc0791c207af1f0a2770fcec720d6e423f6b0aaaa96faeaf47f9b1; Structural/static source-derived candidate only. The exported_file is the shared machine definition-index evidence, not a visual or renderer asset export. It is not an authoritative original-runtime baseline and establishes no runtime reachability, placement, asset usage, visual appearance, renderer suitability, human or owner acceptance, strict completion, or publication."
swf-definition-00204,72,,structural-text-definition-candidate,source-assets/flash/HELP MATH_ORIGINAL FILES/HELP_COURSES/ELMGR5/L4/TI/L4TI08.swf,,migrations/course-g05-l04-ti-008/audit/machine/g5-l4-pre-runtime-swf-definition-inventory.csv,dfe633f4c5fc0791c207af1f0a2770fcec720d6e423f6b0aaaa96faeaf47f9b1,CSV definition-index record for DefineText,,,"projection only; no asset bytes exported, transformed, redrawn, or generated",machine-extracted-structural-candidate,owner-provided SWF,"container=root; definitionDepth=0; tagOrdinal=204; payloadBytes=34; rawTagPayloadSha256=a3bfa442ce9bbfe23b265c68824c33c7be4cdbb6f3d8f6ba45278d02ffd4e696; exactTagIdentitySha256=8a6a51a8f71b77a0f35e88ed14471048733c24594f60bdadd0d593abcd55d1ce; runtime reachability unresolved; placement and bounds unresolved; renderer suitability unresolved; machineDefinitionIndexSha256=dfe633f4c5fc0791c207af1f0a2770fcec720d6e423f6b0aaaa96faeaf47f9b1; Structural/static source-derived candidate only. The exported_file is the shared machine definition-index evidence, not a visual or renderer asset export. It is not an authoritative original-runtime baseline and establishes no runtime reachability, placement, asset usage, visual appearance, renderer suitability, human or owner acceptance, strict completion, or publication."
swf-definition-00205,73,,structural-shape-definition-candidate,source-assets/flash/HELP MATH_ORIGINAL FILES/HELP_COURSES/ELMGR5/L4/TI/L4TI08.swf,,migrations/course-g05-l04-ti-008/audit/machine/g5-l4-pre-runtime-swf-definition-inventory.csv,dfe633f4c5fc0791c207af1f0a2770fcec720d6e423f6b0aaaa96faeaf47f9b1,CSV definition-index record for DefineShape2,,,"projection only; no asset bytes exported, transformed, redrawn, or generated",machine-extracted-structural-candidate,owner-provided SWF,"container=root; definitionDepth=0; tagOrdinal=205; payloadBytes=51; rawTagPayloadSha256=45a95c8549bf10d5cf7a3ff28c52f425594ced1643f8b980079226ac3457cc34; exactTagIdentitySha256=f6ccdcb75158d63265c8af1e33dddac52ee0d4d2477b65af15a7813912156118; runtime reachability unresolved; placement and bounds unresolved; renderer suitability unresolved; machineDefinitionIndexSha256=dfe633f4c5fc0791c207af1f0a2770fcec720d6e423f6b0aaaa96faeaf47f9b1; Structural/static source-derived candidate only. The exported_file is the shared machine definition-index evidence, not a visual or renderer asset export. It is not an authoritative original-runtime baseline and establishes no runtime reachability, placement, asset usage, visual appearance, renderer suitability, human or owner acceptance, strict completion, or publication."
swf-definition-00206,74,,structural-text-definition-candidate,source-assets/flash/HELP MATH_ORIGINAL FILES/HELP_COURSES/ELMGR5/L4/TI/L4TI08.swf,,migrations/course-g05-l04-ti-008/audit/machine/g5-l4-pre-runtime-swf-definition-inventory.csv,dfe633f4c5fc0791c207af1f0a2770fcec720d6e423f6b0aaaa96faeaf47f9b1,CSV definition-index record for DefineText,,,"projection only; no asset bytes exported, transformed, redrawn, or generated",machine-extracted-structural-candidate,owner-provided SWF,"container=root; definitionDepth=0; tagOrdinal=206; payloadBytes=40; rawTagPayloadSha256=6eac1ccd637af0a1ce407336bb0ffbb8c72e78210536ce027dd5b1b7ef9522d2; exactTagIdentitySha256=c95d7d775b6f081ebddba8013a9078b73d126791a6f59544719813e788d9dd28; runtime reachability unresolved; placement and bounds unresolved; renderer suitability unresolved; machineDefinitionIndexSha256=dfe633f4c5fc0791c207af1f0a2770fcec720d6e423f6b0aaaa96faeaf47f9b1; Structural/static source-derived candidate only. The exported_file is the shared machine definition-index evidence, not a visual or renderer asset export. It is not an authoritative original-runtime baseline and establishes no runtime reachability, placement, asset usage, visual appearance, renderer suitability, human or owner acceptance, strict completion, or publication."
swf-definition-00207,75,,structural-text-definition-candidate,source-assets/flash/HELP MATH_ORIGINAL FILES/HELP_COURSES/ELMGR5/L4/TI/L4TI08.swf,,migrations/course-g05-l04-ti-008/audit/machine/g5-l4-pre-runtime-swf-definition-inventory.csv,dfe633f4c5fc0791c207af1f0a2770fcec720d6e423f6b0aaaa96faeaf47f9b1,CSV definition-index record for DefineText,,,"projection only; no asset bytes exported, transformed, redrawn, or generated",machine-extracted-structural-candidate,owner-provided SWF,"container=root; definitionDepth=0; tagOrdinal=207; payloadBytes=27; rawTagPayloadSha256=e8bdb2ddc6580a4452efd24e5d358c7baa802b1f0585651f498e764aed6a9c54; exactTagIdentitySha256=f2c5938040501b4b2f924178fac7d3cc538e34296366a74bbd07f46c0a990c69; runtime reachability unresolved; placement and bounds unresolved; renderer suitability unresolved; machineDefinitionIndexSha256=dfe633f4c5fc0791c207af1f0a2770fcec720d6e423f6b0aaaa96faeaf47f9b1; Structural/static source-derived candidate only. The exported_file is the shared machine definition-index evidence, not a visual or renderer asset export. It is not an authoritative original-runtime baseline and establishes no runtime reachability, placement, asset usage, visual appearance, renderer suitability, human or owner acceptance, strict completion, or publication."
swf-definition-00208,76,,structural-shape-definition-candidate,source-assets/flash/HELP MATH_ORIGINAL FILES/HELP_COURSES/ELMGR5/L4/TI/L4TI08.swf,,migrations/course-g05-l04-ti-008/audit/machine/g5-l4-pre-runtime-swf-definition-inventory.csv,dfe633f4c5fc0791c207af1f0a2770fcec720d6e423f6b0aaaa96faeaf47f9b1,CSV definition-index record for DefineShape,,,"projection only; no asset bytes exported, transformed, redrawn, or generated",machine-extracted-structural-candidate,owner-provided SWF,"container=root; definitionDepth=0; tagOrdinal=208; payloadBytes=35; rawTagPayloadSha256=9a7380cba6e9968ad7111cd7119763d03a241a8f609ef5025e7d178c8ec38d65; exactTagIdentitySha256=154d97d5be4a35217ffa430fc6d821d30fac4ff6206185c1f5f8321e168b84d9; runtime reachability unresolved; placement and bounds unresolved; renderer suitability unresolved; machineDefinitionIndexSha256=dfe633f4c5fc0791c207af1f0a2770fcec720d6e423f6b0aaaa96faeaf47f9b1; Structural/static source-derived candidate only. The exported_file is the shared machine definition-index evidence, not a visual or renderer asset export. It is not an authoritative original-runtime baseline and establishes no runtime reachability, placement, asset usage, visual appearance, renderer suitability, human or owner acceptance, strict completion, or publication."
swf-definition-00209,77,,structural-text-definition-candidate,source-assets/flash/HELP MATH_ORIGINAL FILES/HELP_COURSES/ELMGR5/L4/TI/L4TI08.swf,,migrations/course-g05-l04-ti-008/audit/machine/g5-l4-pre-runtime-swf-definition-inventory.csv,dfe633f4c5fc0791c207af1f0a2770fcec720d6e423f6b0aaaa96faeaf47f9b1,CSV definition-index record for DefineText,,,"projection only; no asset bytes exported, transformed, redrawn, or generated",machine-extracted-structural-candidate,owner-provided SWF,"container=root; definitionDepth=0; tagOrdinal=209; payloadBytes=31; rawTagPayloadSha256=554d8bd54d4eeef813dbf182fcb17033450439b86833360e78479764063e249d; exactTagIdentitySha256=269c20f7f191d681cb94d8a1acadb4fea18e5c56f424b029fa338507c54c108e; runtime reachability unresolved; placement and bounds unresolved; renderer suitability unresolved; machineDefinitionIndexSha256=dfe633f4c5fc0791c207af1f0a2770fcec720d6e423f6b0aaaa96faeaf47f9b1; Structural/static source-derived candidate only. The exported_file is the shared machine definition-index evidence, not a visual or renderer asset export. It is not an authoritative original-runtime baseline and establishes no runtime reachability, placement, asset usage, visual appearance, renderer suitability, human or owner acceptance, strict completion, or publication."
swf-definition-00210,78,,structural-text-definition-candidate,source-assets/flash/HELP MATH_ORIGINAL FILES/HELP_COURSES/ELMGR5/L4/TI/L4TI08.swf,,migrations/course-g05-l04-ti-008/audit/machine/g5-l4-pre-runtime-swf-definition-inventory.csv,dfe633f4c5fc0791c207af1f0a2770fcec720d6e423f6b0aaaa96faeaf47f9b1,CSV definition-index record for DefineText,,,"projection only; no asset bytes exported, transformed, redrawn, or generated",machine-extracted-structural-candidate,owner-provided SWF,"container=root; definitionDepth=0; tagOrdinal=210; payloadBytes=28; rawTagPayloadSha256=2c638ae64d76f04b1f0cfe6a3b2d707c8584a3a314a035f8528e2c5057d35986; exactTagIdentitySha256=3603ce1b030fd01d69b53562139e87d75049a537a51681ff46fbd734bebd88a9; runtime reachability unresolved; placement and bounds unresolved; renderer suitability unresolved; machineDefinitionIndexSha256=dfe633f4c5fc0791c207af1f0a2770fcec720d6e423f6b0aaaa96faeaf47f9b1; Structural/static source-derived candidate only. The exported_file is the shared machine definition-index evidence, not a visual or renderer asset export. It is not an authoritative original-runtime baseline and establishes no runtime reachability, placement, asset usage, visual appearance, renderer suitability, human or owner acceptance, strict completion, or publication."
swf-definition-00211,79,,structural-shape-definition-candidate,source-assets/flash/HELP MATH_ORIGINAL FILES/HELP_COURSES/ELMGR5/L4/TI/L4TI08.swf,,migrations/course-g05-l04-ti-008/audit/machine/g5-l4-pre-runtime-swf-definition-inventory.csv,dfe633f4c5fc0791c207af1f0a2770fcec720d6e423f6b0aaaa96faeaf47f9b1,CSV definition-index record for DefineShape2,,,"projection only; no asset bytes exported, transformed, redrawn, or generated",machine-extracted-structural-candidate,owner-provided SWF,"container=root; definitionDepth=0; tagOrdinal=211; payloadBytes=94; rawTagPayloadSha256=fad6de18e65c00e48626ec232b1474445c59b548fc6f5ae88d27d88ee6bebd1d; exactTagIdentitySha256=ffbbdde90a02ccd45c2a21ba4789eae1d898bb5939baafc03755b57af0333c85; runtime reachability unresolved; placement and bounds unresolved; renderer suitability unresolved; machineDefinitionIndexSha256=dfe633f4c5fc0791c207af1f0a2770fcec720d6e423f6b0aaaa96faeaf47f9b1; Structural/static source-derived candidate only. The exported_file is the shared machine definition-index evidence, not a visual or renderer asset export. It is not an authoritative original-runtime baseline and establishes no runtime reachability, placement, asset usage, visual appearance, renderer suitability, human or owner acceptance, strict completion, or publication."
swf-definition-00212,80,,structural-shape-definition-candidate,source-assets/flash/HELP MATH_ORIGINAL FILES/HELP_COURSES/ELMGR5/L4/TI/L4TI08.swf,,migrations/course-g05-l04-ti-008/audit/machine/g5-l4-pre-runtime-swf-definition-inventory.csv,dfe633f4c5fc0791c207af1f0a2770fcec720d6e423f6b0aaaa96faeaf47f9b1,CSV definition-index record for DefineShape2,,,"projection only; no asset bytes exported, transformed, redrawn, or generated",machine-extracted-structural-candidate,owner-provided SWF,"container=root; definitionDepth=0; tagOrdinal=212; payloadBytes=450; rawTagPayloadSha256=deb614f31f5835a767ceb3bdfdc840034f13978152e935f00a7bfb008fc556bd; exactTagIdentitySha256=14029c5afba6eec15462948ae8bdeb45046208aa3935ec50aebc37e2b95272c4; runtime reachability unresolved; placement and bounds unresolved; renderer suitability unresolved; machineDefinitionIndexSha256=dfe633f4c5fc0791c207af1f0a2770fcec720d6e423f6b0aaaa96faeaf47f9b1; Structural/static source-derived candidate only. The exported_file is the shared machine definition-index evidence, not a visual or renderer asset export. It is not an authoritative original-runtime baseline and establishes no runtime reachability, placement, asset usage, visual appearance, renderer suitability, human or owner acceptance, strict completion, or publication."
swf-definition-00213,81,,structural-text-definition-candidate,source-assets/flash/HELP MATH_ORIGINAL FILES/HELP_COURSES/ELMGR5/L4/TI/L4TI08.swf,,migrations/course-g05-l04-ti-008/audit/machine/g5-l4-pre-runtime-swf-definition-inventory.csv,dfe633f4c5fc0791c207af1f0a2770fcec720d6e423f6b0aaaa96faeaf47f9b1,CSV definition-index record for DefineText,,,"projection only; no asset bytes exported, transformed, redrawn, or generated",machine-extracted-structural-candidate,owner-provided SWF,"container=root; definitionDepth=0; tagOrdinal=213; payloadBytes=25; rawTagPayloadSha256=3a780fc657696153dcd12402f77d9d0747e60d44c2f1b5910546f631733415d3; exactTagIdentitySha256=ba366fc909a554526fd93d853a2d95a60ec24b5667e17f8430fce738dcc104e9; runtime reachability unresolved; placement and bounds unresolved; renderer suitability unresolved; machineDefinitionIndexSha256=dfe633f4c5fc0791c207af1f0a2770fcec720d6e423f6b0aaaa96faeaf47f9b1; Structural/static source-derived candidate only. The exported_file is the shared machine definition-index evidence, not a visual or renderer asset export. It is not an authoritative original-runtime baseline and establishes no runtime reachability, placement, asset usage, visual appearance, renderer suitability, human or owner acceptance, strict completion, or publication."
swf-definition-00214,82,,structural-text-definition-candidate,source-assets/flash/HELP MATH_ORIGINAL FILES/HELP_COURSES/ELMGR5/L4/TI/L4TI08.swf,,migrations/course-g05-l04-ti-008/audit/machine/g5-l4-pre-runtime-swf-definition-inventory.csv,dfe633f4c5fc0791c207af1f0a2770fcec720d6e423f6b0aaaa96faeaf47f9b1,CSV definition-index record for DefineText,,,"projection only; no asset bytes exported, transformed, redrawn, or generated",machine-extracted-structural-candidate,owner-provided SWF,"container=root; definitionDepth=0; tagOrdinal=214; payloadBytes=27; rawTagPayloadSha256=180ae6031b0c2ffe2edae4791c7d8e0dc8040adc89971d5085e0dc679eec206b; exactTagIdentitySha256=6b3748fb99cba5c875be7cded59f8614f08d77a9881f272d39e510842e723e37; runtime reachability unresolved; placement and bounds unresolved; renderer suitability unresolved; machineDefinitionIndexSha256=dfe633f4c5fc0791c207af1f0a2770fcec720d6e423f6b0aaaa96faeaf47f9b1; Structural/static source-derived candidate only. The exported_file is the shared machine definition-index evidence, not a visual or renderer asset export. It is not an authoritative original-runtime baseline and establishes no runtime reachability, placement, asset usage, visual appearance, renderer suitability, human or owner acceptance, strict completion, or publication."
swf-definition-00215,83,,structural-text-definition-candidate,source-assets/flash/HELP MATH_ORIGINAL FILES/HELP_COURSES/ELMGR5/L4/TI/L4TI08.swf,,migrations/course-g05-l04-ti-008/audit/machine/g5-l4-pre-runtime-swf-definition-inventory.csv,dfe633f4c5fc0791c207af1f0a2770fcec720d6e423f6b0aaaa96faeaf47f9b1,CSV definition-index record for DefineText,,,"projection only; no asset bytes exported, transformed, redrawn, or generated",machine-extracted-structural-candidate,owner-provided SWF,"container=root; definitionDepth=0; tagOrdinal=215; payloadBytes=35; rawTagPayloadSha256=4e675895ec56b857c8d55647eeff55c16d32e04e4e5036349b12bc42e044648c; exactTagIdentitySha256=4b2425bb7343dbed23c0372c014beb0066d7d9734e36180e5c50b1ac6b1571db; runtime reachability unresolved; placement and bounds unresolved; renderer suitability unresolved; machineDefinitionIndexSha256=dfe633f4c5fc0791c207af1f0a2770fcec720d6e423f6b0aaaa96faeaf47f9b1; Structural/static source-derived candidate only. The exported_file is the shared machine definition-index evidence, not a visual or renderer asset export. It is not an authoritative original-runtime baseline and establishes no runtime reachability, placement, asset usage, visual appearance, renderer suitability, human or owner acceptance, strict completion, or publication."
swf-definition-00216,84,,structural-text-definition-candidate,source-assets/flash/HELP MATH_ORIGINAL FILES/HELP_COURSES/ELMGR5/L4/TI/L4TI08.swf,,migrations/course-g05-l04-ti-008/audit/machine/g5-l4-pre-runtime-swf-definition-inventory.csv,dfe633f4c5fc0791c207af1f0a2770fcec720d6e423f6b0aaaa96faeaf47f9b1,CSV definition-index record for DefineText,,,"projection only; no asset bytes exported, transformed, redrawn, or generated",machine-extracted-structural-candidate,owner-provided SWF,"container=root; definitionDepth=0; tagOrdinal=216; payloadBytes=28; rawTagPayloadSha256=ec2a9434c7c2fc316c8b71f4da82c6673ab4a4ee9a4712c6e45b11108336b856; exactTagIdentitySha256=e802745bca08242ff874a680f69f690f2a0baeea5b8c7d70130d3355bacadf06; runtime reachability unresolved; placement and bounds unresolved; renderer suitability unresolved; machineDefinitionIndexSha256=dfe633f4c5fc0791c207af1f0a2770fcec720d6e423f6b0aaaa96faeaf47f9b1; Structural/static source-derived candidate only. The exported_file is the shared machine definition-index evidence, not a visual or renderer asset export. It is not an authoritative original-runtime baseline and establishes no runtime reachability, placement, asset usage, visual appearance, renderer suitability, human or owner acceptance, strict completion, or publication."
swf-definition-00217,85,,structural-shape-definition-candidate,source-assets/flash/HELP MATH_ORIGINAL FILES/HELP_COURSES/ELMGR5/L4/TI/L4TI08.swf,,migrations/course-g05-l04-ti-008/audit/machine/g5-l4-pre-runtime-swf-definition-inventory.csv,dfe633f4c5fc0791c207af1f0a2770fcec720d6e423f6b0aaaa96faeaf47f9b1,CSV definition-index record for DefineShape,,,"projection only; no asset bytes exported, transformed, redrawn, or generated",machine-extracted-structural-candidate,owner-provided SWF,"container=root; definitionDepth=0; tagOrdinal=217; payloadBytes=26; rawTagPayloadSha256=4779786bb8b97ca734a6eab20149d566555274a65579037dbc9dc5e6e0524064; exactTagIdentitySha256=df9372cc1a7c59696cef9c936dcc60f46f38405a53bc88cde87a8656f8e90026; runtime reachability unresolved; placement and bounds unresolved; renderer suitability unresolved; machineDefinitionIndexSha256=dfe633f4c5fc0791c207af1f0a2770fcec720d6e423f6b0aaaa96faeaf47f9b1; Structural/static source-derived candidate only. The exported_file is the shared machine definition-index evidence, not a visual or renderer asset export. It is not an authoritative original-runtime baseline and establishes no runtime reachability, placement, asset usage, visual appearance, renderer suitability, human or owner acceptance, strict completion, or publication."
swf-definition-00218,86,,structural-shape-definition-candidate,source-assets/flash/HELP MATH_ORIGINAL FILES/HELP_COURSES/ELMGR5/L4/TI/L4TI08.swf,,migrations/course-g05-l04-ti-008/audit/machine/g5-l4-pre-runtime-swf-definition-inventory.csv,dfe633f4c5fc0791c207af1f0a2770fcec720d6e423f6b0aaaa96faeaf47f9b1,CSV definition-index record for DefineShape2,,,"projection only; no asset bytes exported, transformed, redrawn, or generated",machine-extracted-structural-candidate,owner-provided SWF,"container=root; definitionDepth=0; tagOrdinal=218; payloadBytes=366; rawTagPayloadSha256=33f2628ae3dcf43396f2a33679c0f3b1119bed42d979e91ac47d830143feaac7; exactTagIdentitySha256=69d9c79559b2d38c2aa4e8d9a0813b30893ec14593b01d0974782c6057295d23; runtime reachability unresolved; placement and bounds unresolved; renderer suitability unresolved; machineDefinitionIndexSha256=dfe633f4c5fc0791c207af1f0a2770fcec720d6e423f6b0aaaa96faeaf47f9b1; Structural/static source-derived candidate only. The exported_file is the shared machine definition-index evidence, not a visual or renderer asset export. It is not an authoritative original-runtime baseline and establishes no runtime reachability, placement, asset usage, visual appearance, renderer suitability, human or owner acceptance, strict completion, or publication."
swf-definition-00221,87,,structural-shape-definition-candidate,source-assets/flash/HELP MATH_ORIGINAL FILES/HELP_COURSES/ELMGR5/L4/TI/L4TI08.swf,,migrations/course-g05-l04-ti-008/audit/machine/g5-l4-pre-runtime-swf-definition-inventory.csv,dfe633f4c5fc0791c207af1f0a2770fcec720d6e423f6b0aaaa96faeaf47f9b1,CSV definition-index record for DefineShape,,,"projection only; no asset bytes exported, transformed, redrawn, or generated",machine-extracted-structural-candidate,owner-provided SWF,"container=root; definitionDepth=0; tagOrdinal=221; payloadBytes=72; rawTagPayloadSha256=b7418f7041d1f2f5b92e141b5df04d6ceba592826991cabfd1231d03963e7eea; exactTagIdentitySha256=3daa1ed3078788840ec918097368227dc9067f8ed37f1441afd0b05c8d7dbac3; runtime reachability unresolved; placement and bounds unresolved; renderer suitability unresolved; machineDefinitionIndexSha256=dfe633f4c5fc0791c207af1f0a2770fcec720d6e423f6b0aaaa96faeaf47f9b1; Structural/static source-derived candidate only. The exported_file is the shared machine definition-index evidence, not a visual or renderer asset export. It is not an authoritative original-runtime baseline and establishes no runtime reachability, placement, asset usage, visual appearance, renderer suitability, human or owner acceptance, strict completion, or publication."
swf-definition-00246,88,,structural-sprite-definition-candidate,source-assets/flash/HELP MATH_ORIGINAL FILES/HELP_COURSES/ELMGR5/L4/TI/L4TI08.swf,,migrations/course-g05-l04-ti-008/audit/machine/g5-l4-pre-runtime-swf-definition-inventory.csv,dfe633f4c5fc0791c207af1f0a2770fcec720d6e423f6b0aaaa96faeaf47f9b1,CSV definition-index record for DefineSprite,,,"projection only; no asset bytes exported, transformed, redrawn, or generated",machine-extracted-structural-candidate,owner-provided SWF,"container=root; definitionDepth=0; tagOrdinal=246; payloadBytes=27; rawTagPayloadSha256=ae1031fd2db8e5b362df2e5841f371468025a3c07312b5514fe82995ddc6d449; exactTagIdentitySha256=faf4daa1c3b3bdc4060d794ee54a28d37010cc51d7aafe74cfc6ad456cf88042; declaredFrameCount=1; runtime reachability unresolved; placement and bounds unresolved; renderer suitability unresolved; machineDefinitionIndexSha256=dfe633f4c5fc0791c207af1f0a2770fcec720d6e423f6b0aaaa96faeaf47f9b1; Structural/static source-derived candidate only. The exported_file is the shared machine definition-index evidence, not a visual or renderer asset export. It is not an authoritative original-runtime baseline and establishes no runtime reachability, placement, asset usage, visual appearance, renderer suitability, human or owner acceptance, strict completion, or publication."
swf-definition-00251,89,,structural-sprite-definition-candidate,source-assets/flash/HELP MATH_ORIGINAL FILES/HELP_COURSES/ELMGR5/L4/TI/L4TI08.swf,,migrations/course-g05-l04-ti-008/audit/machine/g5-l4-pre-runtime-swf-definition-inventory.csv,dfe633f4c5fc0791c207af1f0a2770fcec720d6e423f6b0aaaa96faeaf47f9b1,CSV definition-index record for DefineSprite,,,"projection only; no asset bytes exported, transformed, redrawn, or generated",machine-extracted-structural-candidate,owner-provided SWF,"container=root; definitionDepth=0; tagOrdinal=251; payloadBytes=27; rawTagPayloadSha256=73db99f41e5f6e2143ad1012f397080eedd481dfde8730aff007025483a09ebf; exactTagIdentitySha256=4332f5127728d1759e24b58c1d1ae758b86178ef8e9e5d8da7ef14bef207e4a2; declaredFrameCount=1; runtime reachability unresolved; placement and bounds unresolved; renderer suitability unresolved; machineDefinitionIndexSha256=dfe633f4c5fc0791c207af1f0a2770fcec720d6e423f6b0aaaa96faeaf47f9b1; Structural/static source-derived candidate only. The exported_file is the shared machine definition-index evidence, not a visual or renderer asset export. It is not an authoritative original-runtime baseline and establishes no runtime reachability, placement, asset usage, visual appearance, renderer suitability, human or owner acceptance, strict completion, or publication."
swf-definition-00256,90,,structural-shape-definition-candidate,source-assets/flash/HELP MATH_ORIGINAL FILES/HELP_COURSES/ELMGR5/L4/TI/L4TI08.swf,,migrations/course-g05-l04-ti-008/audit/machine/g5-l4-pre-runtime-swf-definition-inventory.csv,dfe633f4c5fc0791c207af1f0a2770fcec720d6e423f6b0aaaa96faeaf47f9b1,CSV definition-index record for DefineShape2,,,"projection only; no asset bytes exported, transformed, redrawn, or generated",machine-extracted-structural-candidate,owner-provided SWF,"container=root; definitionDepth=0; tagOrdinal=256; payloadBytes=51; rawTagPayloadSha256=ddc0abdd99f8df98a6a213f67f049beddc9d3965c820bf9c6e974f606f14a613; exactTagIdentitySha256=8dec9ec0cb37ba59e08c06c4cc1ce1629797c851bb2c0bc96efa2aa5dd2d63f5; runtime reachability unresolved; placement and bounds unresolved; renderer suitability unresolved; machineDefinitionIndexSha256=dfe633f4c5fc0791c207af1f0a2770fcec720d6e423f6b0aaaa96faeaf47f9b1; Structural/static source-derived candidate only. The exported_file is the shared machine definition-index evidence, not a visual or renderer asset export. It is not an authoritative original-runtime baseline and establishes no runtime reachability, placement, asset usage, visual appearance, renderer suitability, human or owner acceptance, strict completion, or publication."
swf-definition-00257,91,,structural-sprite-definition-candidate,source-assets/flash/HELP MATH_ORIGINAL FILES/HELP_COURSES/ELMGR5/L4/TI/L4TI08.swf,,migrations/course-g05-l04-ti-008/audit/machine/g5-l4-pre-runtime-swf-definition-inventory.csv,dfe633f4c5fc0791c207af1f0a2770fcec720d6e423f6b0aaaa96faeaf47f9b1,CSV definition-index record for DefineSprite,,,"projection only; no asset bytes exported, transformed, redrawn, or generated",machine-extracted-structural-candidate,owner-provided SWF,"container=root; definitionDepth=0; tagOrdinal=257; payloadBytes=27; rawTagPayloadSha256=ebc5c27e23fbdbe2c7f04048436cff2132deb89f06f7a95f8e3a66584996492c; exactTagIdentitySha256=43179f021291d350c48eb52ba3a801bffa1dc1f3592ac7fb33cd82434056a59e; declaredFrameCount=1; runtime reachability unresolved; placement and bounds unresolved; renderer suitability unresolved; machineDefinitionIndexSha256=dfe633f4c5fc0791c207af1f0a2770fcec720d6e423f6b0aaaa96faeaf47f9b1; Structural/static source-derived candidate only. The exported_file is the shared machine definition-index evidence, not a visual or renderer asset export. It is not an authoritative original-runtime baseline and establishes no runtime reachability, placement, asset usage, visual appearance, renderer suitability, human or owner acceptance, strict completion, or publication."
swf-definition-00262,92,,structural-sprite-definition-candidate,source-assets/flash/HELP MATH_ORIGINAL FILES/HELP_COURSES/ELMGR5/L4/TI/L4TI08.swf,,migrations/course-g05-l04-ti-008/audit/machine/g5-l4-pre-runtime-swf-definition-inventory.csv,dfe633f4c5fc0791c207af1f0a2770fcec720d6e423f6b0aaaa96faeaf47f9b1,CSV definition-index record for DefineSprite,,,"projection only; no asset bytes exported, transformed, redrawn, or generated",machine-extracted-structural-candidate,owner-provided SWF,"container=root; definitionDepth=0; tagOrdinal=262; payloadBytes=27; rawTagPayloadSha256=0181075b4d3c217605df3c4dff301dfae9ac9067ecfad3a6dc0f39b6d648898e; exactTagIdentitySha256=59488b03a9c9acbcb4adadd97443a0e5d280bc9f46a8d0fda8438c1e8466b4cf; declaredFrameCount=1; runtime reachability unresolved; placement and bounds unresolved; renderer suitability unresolved; machineDefinitionIndexSha256=dfe633f4c5fc0791c207af1f0a2770fcec720d6e423f6b0aaaa96faeaf47f9b1; Structural/static source-derived candidate only. The exported_file is the shared machine definition-index evidence, not a visual or renderer asset export. It is not an authoritative original-runtime baseline and establishes no runtime reachability, placement, asset usage, visual appearance, renderer suitability, human or owner acceptance, strict completion, or publication."
swf-definition-00267,93,,structural-shape-definition-candidate,source-assets/flash/HELP MATH_ORIGINAL FILES/HELP_COURSES/ELMGR5/L4/TI/L4TI08.swf,,migrations/course-g05-l04-ti-008/audit/machine/g5-l4-pre-runtime-swf-definition-inventory.csv,dfe633f4c5fc0791c207af1f0a2770fcec720d6e423f6b0aaaa96faeaf47f9b1,CSV definition-index record for DefineShape2,,,"projection only; no asset bytes exported, transformed, redrawn, or generated",machine-extracted-structural-candidate,owner-provided SWF,"container=root; definitionDepth=0; tagOrdinal=267; payloadBytes=50; rawTagPayloadSha256=5af297d3239907ddebe9bc44dff649c2e53296ecf2c2700fe3bc443659ffe927; exactTagIdentitySha256=3e5cf6e3d83fab48d3c8d30e105fe101375fee4c91719083d7145db9223c4ae9; runtime reachability unresolved; placement and bounds unresolved; renderer suitability unresolved; machineDefinitionIndexSha256=dfe633f4c5fc0791c207af1f0a2770fcec720d6e423f6b0aaaa96faeaf47f9b1; Structural/static source-derived candidate only. The exported_file is the shared machine definition-index evidence, not a visual or renderer asset export. It is not an authoritative original-runtime baseline and establishes no runtime reachability, placement, asset usage, visual appearance, renderer suitability, human or owner acceptance, strict completion, or publication."
swf-definition-00268,94,,structural-sprite-definition-candidate,source-assets/flash/HELP MATH_ORIGINAL FILES/HELP_COURSES/ELMGR5/L4/TI/L4TI08.swf,,migrations/course-g05-l04-ti-008/audit/machine/g5-l4-pre-runtime-swf-definition-inventory.csv,dfe633f4c5fc0791c207af1f0a2770fcec720d6e423f6b0aaaa96faeaf47f9b1,CSV definition-index record for DefineSprite,,,"projection only; no asset bytes exported, transformed, redrawn, or generated",machine-extracted-structural-candidate,owner-provided SWF,"container=root; definitionDepth=0; tagOrdinal=268; payloadBytes=38; rawTagPayloadSha256=adae1d6cb85b913c47b78d3208c98f82d8ec84afee4f672aa42b65ee2cc76bd6; exactTagIdentitySha256=0a5a958d2e46d3984903ede79bcc5bce59154cf5c852840a1a42ee6ca57edb1c; declaredFrameCount=1; runtime reachability unresolved; placement and bounds unresolved; renderer suitability unresolved; machineDefinitionIndexSha256=dfe633f4c5fc0791c207af1f0a2770fcec720d6e423f6b0aaaa96faeaf47f9b1; Structural/static source-derived candidate only. The exported_file is the shared machine definition-index evidence, not a visual or renderer asset export. It is not an authoritative original-runtime baseline and establishes no runtime reachability, placement, asset usage, visual appearance, renderer suitability, human or owner acceptance, strict completion, or publication."
swf-definition-00274,95,,structural-shape-definition-candidate,source-assets/flash/HELP MATH_ORIGINAL FILES/HELP_COURSES/ELMGR5/L4/TI/L4TI08.swf,,migrations/course-g05-l04-ti-008/audit/machine/g5-l4-pre-runtime-swf-definition-inventory.csv,dfe633f4c5fc0791c207af1f0a2770fcec720d6e423f6b0aaaa96faeaf47f9b1,CSV definition-index record for DefineShape2,,,"projection only; no asset bytes exported, transformed, redrawn, or generated",machine-extracted-structural-candidate,owner-provided SWF,"container=root; definitionDepth=0; tagOrdinal=274; payloadBytes=51; rawTagPayloadSha256=c4c0f7503dc22fb062af8297f9519c42cac85e49bc6bee3be0e79b6d1fe1a7b5; exactTagIdentitySha256=b5ebe5bc6488578e3ffe86fdb61b9864d9beafdb672c9817d9eae3a2e175e78e; runtime reachability unresolved; placement and bounds unresolved; renderer suitability unresolved; machineDefinitionIndexSha256=dfe633f4c5fc0791c207af1f0a2770fcec720d6e423f6b0aaaa96faeaf47f9b1; Structural/static source-derived candidate only. The exported_file is the shared machine definition-index evidence, not a visual or renderer asset export. It is not an authoritative original-runtime baseline and establishes no runtime reachability, placement, asset usage, visual appearance, renderer suitability, human or owner acceptance, strict completion, or publication."
swf-definition-00275,96,,structural-sprite-definition-candidate,source-assets/flash/HELP MATH_ORIGINAL FILES/HELP_COURSES/ELMGR5/L4/TI/L4TI08.swf,,migrations/course-g05-l04-ti-008/audit/machine/g5-l4-pre-runtime-swf-definition-inventory.csv,dfe633f4c5fc0791c207af1f0a2770fcec720d6e423f6b0aaaa96faeaf47f9b1,CSV definition-index record for DefineSprite,,,"projection only; no asset bytes exported, transformed, redrawn, or generated",machine-extracted-structural-candidate,owner-provided SWF,"container=root; definitionDepth=0; tagOrdinal=275; payloadBytes=38; rawTagPayloadSha256=f93ebc327a6317e9195261c9e001d0ad22f914c6e88391fc4b1e5c5b44237b95; exactTagIdentitySha256=f8ed07ac53d1feaa6819d4da906b3601481c9b39143555a7fc2a0e053c8093de; declaredFrameCount=1; runtime reachability unresolved; placement and bounds unresolved; renderer suitability unresolved; machineDefinitionIndexSha256=dfe633f4c5fc0791c207af1f0a2770fcec720d6e423f6b0aaaa96faeaf47f9b1; Structural/static source-derived candidate only. The exported_file is the shared machine definition-index evidence, not a visual or renderer asset export. It is not an authoritative original-runtime baseline and establishes no runtime reachability, placement, asset usage, visual appearance, renderer suitability, human or owner acceptance, strict completion, or publication."
swf-definition-00281,97,,structural-shape-definition-candidate,source-assets/flash/HELP MATH_ORIGINAL FILES/HELP_COURSES/ELMGR5/L4/TI/L4TI08.swf,,migrations/course-g05-l04-ti-008/audit/machine/g5-l4-pre-runtime-swf-definition-inventory.csv,dfe633f4c5fc0791c207af1f0a2770fcec720d6e423f6b0aaaa96faeaf47f9b1,CSV definition-index record for DefineShape2,,,"projection only; no asset bytes exported, transformed, redrawn, or generated",machine-extracted-structural-candidate,owner-provided SWF,"container=root; definitionDepth=0; tagOrdinal=281; payloadBytes=518; rawTagPayloadSha256=32d3aa6c4d77b06a1ba62a0ec03f24e4c1224f461d91053fd9057515668cbdbf; exactTagIdentitySha256=678f78085de12a7215d01df6b3cc700ea17baec2e44ce0ff1e28c0ec9cfc1bce; runtime reachability unresolved; placement and bounds unresolved; renderer suitability unresolved; machineDefinitionIndexSha256=dfe633f4c5fc0791c207af1f0a2770fcec720d6e423f6b0aaaa96faeaf47f9b1; Structural/static source-derived candidate only. The exported_file is the shared machine definition-index evidence, not a visual or renderer asset export. It is not an authoritative original-runtime baseline and establishes no runtime reachability, placement, asset usage, visual appearance, renderer suitability, human or owner acceptance, strict completion, or publication."
swf-definition-00282,98,,structural-shape-definition-candidate,source-assets/flash/HELP MATH_ORIGINAL FILES/HELP_COURSES/ELMGR5/L4/TI/L4TI08.swf,,migrations/course-g05-l04-ti-008/audit/machine/g5-l4-pre-runtime-swf-definition-inventory.csv,dfe633f4c5fc0791c207af1f0a2770fcec720d6e423f6b0aaaa96faeaf47f9b1,CSV definition-index record for DefineShape2,,,"projection only; no asset bytes exported, transformed, redrawn, or generated",machine-extracted-structural-candidate,owner-provided SWF,"container=root; definitionDepth=0; tagOrdinal=282; payloadBytes=383; rawTagPayloadSha256=bc7f51725015c582f77e8b47b4b78b72b64d2cff09721811c614edfdc3458e4b; exactTagIdentitySha256=d4be19de1bd00e77f2047e4c3e8f659d268df051c2253b92a35f909c74255cc6; runtime reachability unresolved; placement and bounds unresolved; renderer suitability unresolved; machineDefinitionIndexSha256=dfe633f4c5fc0791c207af1f0a2770fcec720d6e423f6b0aaaa96faeaf47f9b1; Structural/static source-derived candidate only. The exported_file is the shared machine definition-index evidence, not a visual or renderer asset export. It is not an authoritative original-runtime baseline and establishes no runtime reachability, placement, asset usage, visual appearance, renderer suitability, human or owner acceptance, strict completion, or publication."
swf-definition-00283,99,,structural-sprite-definition-candidate,source-assets/flash/HELP MATH_ORIGINAL FILES/HELP_COURSES/ELMGR5/L4/TI/L4TI08.swf,,migrations/course-g05-l04-ti-008/audit/machine/g5-l4-pre-runtime-swf-definition-inventory.csv,dfe633f4c5fc0791c207af1f0a2770fcec720d6e423f6b0aaaa96faeaf47f9b1,CSV definition-index record for DefineSprite,,,"projection only; no asset bytes exported, transformed, redrawn, or generated",machine-extracted-structural-candidate,owner-provided SWF,"container=root; definitionDepth=0; tagOrdinal=283; payloadBytes=27; rawTagPayloadSha256=0514a561c079bda65e31222f9c3885a606ffa9a02a32e7059f93612e23600e7d; exactTagIdentitySha256=1ad0ae2bcd189d899fe85464455111d2e71e3ef752f4713008c14a2390b3013f; declaredFrameCount=1; runtime reachability unresolved; placement and bounds unresolved; renderer suitability unresolved; machineDefinitionIndexSha256=dfe633f4c5fc0791c207af1f0a2770fcec720d6e423f6b0aaaa96faeaf47f9b1; Structural/static source-derived candidate only. The exported_file is the shared machine definition-index evidence, not a visual or renderer asset export. It is not an authoritative original-runtime baseline and establishes no runtime reachability, placement, asset usage, visual appearance, renderer suitability, human or owner acceptance, strict completion, or publication."
swf-definition-00288,100,,structural-sprite-definition-candidate,source-assets/flash/HELP MATH_ORIGINAL FILES/HELP_COURSES/ELMGR5/L4/TI/L4TI08.swf,,migrations/course-g05-l04-ti-008/audit/machine/g5-l4-pre-runtime-swf-definition-inventory.csv,dfe633f4c5fc0791c207af1f0a2770fcec720d6e423f6b0aaaa96faeaf47f9b1,CSV definition-index record for DefineSprite,,,"projection only; no asset bytes exported, transformed, redrawn, or generated",machine-extracted-structural-candidate,owner-provided SWF,"container=root; definitionDepth=0; tagOrdinal=288; payloadBytes=27; rawTagPayloadSha256=75f13fe20eaef928ac0f171b710741a16cc16a0f8ae768f06d2f3cfbf89e14f4; exactTagIdentitySha256=819be1a6867175f785a6dd411b3ef2462aeb46e04b82ae49d522c13831bf8328; declaredFrameCount=1; runtime reachability unresolved; placement and bounds unresolved; renderer suitability unresolved; machineDefinitionIndexSha256=dfe633f4c5fc0791c207af1f0a2770fcec720d6e423f6b0aaaa96faeaf47f9b1; Structural/static source-derived candidate only. The exported_file is the shared machine definition-index evidence, not a visual or renderer asset export. It is not an authoritative original-runtime baseline and establishes no runtime reachability, placement, asset usage, visual appearance, renderer suitability, human or owner acceptance, strict completion, or publication."
swf-definition-00293,101,,structural-shape-definition-candidate,source-assets/flash/HELP MATH_ORIGINAL FILES/HELP_COURSES/ELMGR5/L4/TI/L4TI08.swf,,migrations/course-g05-l04-ti-008/audit/machine/g5-l4-pre-runtime-swf-definition-inventory.csv,dfe633f4c5fc0791c207af1f0a2770fcec720d6e423f6b0aaaa96faeaf47f9b1,CSV definition-index record for DefineShape2,,,"projection only; no asset bytes exported, transformed, redrawn, or generated",machine-extracted-structural-candidate,owner-provided SWF,"container=root; definitionDepth=0; tagOrdinal=293; payloadBytes=51; rawTagPayloadSha256=707648750fea0e102b5b69c6318502f77ac9635c920efc4faf24da90aa086ef2; exactTagIdentitySha256=15e0dae9f400dd10ec2407dfe2f58674a9d3d29e0e7624e1a5a2cb4368c630bd; runtime reachability unresolved; placement and bounds unresolved; renderer suitability unresolved; machineDefinitionIndexSha256=dfe633f4c5fc0791c207af1f0a2770fcec720d6e423f6b0aaaa96faeaf47f9b1; Structural/static source-derived candidate only. The exported_file is the shared machine definition-index evidence, not a visual or renderer asset export. It is not an authoritative original-runtime baseline and establishes no runtime reachability, placement, asset usage, visual appearance, renderer suitability, human or owner acceptance, strict completion, or publication."
swf-definition-00294,102,,structural-sprite-definition-candidate,source-assets/flash/HELP MATH_ORIGINAL FILES/HELP_COURSES/ELMGR5/L4/TI/L4TI08.swf,,migrations/course-g05-l04-ti-008/audit/machine/g5-l4-pre-runtime-swf-definition-inventory.csv,dfe633f4c5fc0791c207af1f0a2770fcec720d6e423f6b0aaaa96faeaf47f9b1,CSV definition-index record for DefineSprite,,,"projection only; no asset bytes exported, transformed, redrawn, or generated",machine-extracted-structural-candidate,owner-provided SWF,"container=root; definitionDepth=0; tagOrdinal=294; payloadBytes=27; rawTagPayloadSha256=9d2942e90529f22f4ad8ef6af06ce400ab374dea95aec573b2fbdb2e75417cf1; exactTagIdentitySha256=6c978533ec1448aabed15ba35a88ccf45155c873442747656ce659bffa047475; declaredFrameCount=1; runtime reachability unresolved; placement and bounds unresolved; renderer suitability unresolved; machineDefinitionIndexSha256=dfe633f4c5fc0791c207af1f0a2770fcec720d6e423f6b0aaaa96faeaf47f9b1; Structural/static source-derived candidate only. The exported_file is the shared machine definition-index evidence, not a visual or renderer asset export. It is not an authoritative original-runtime baseline and establishes no runtime reachability, placement, asset usage, visual appearance, renderer suitability, human or owner acceptance, strict completion, or publication."
swf-definition-00299,103,,structural-sprite-definition-candidate,source-assets/flash/HELP MATH_ORIGINAL FILES/HELP_COURSES/ELMGR5/L4/TI/L4TI08.swf,,migrations/course-g05-l04-ti-008/audit/machine/g5-l4-pre-runtime-swf-definition-inventory.csv,dfe633f4c5fc0791c207af1f0a2770fcec720d6e423f6b0aaaa96faeaf47f9b1,CSV definition-index record for DefineSprite,,,"projection only; no asset bytes exported, transformed, redrawn, or generated",machine-extracted-structural-candidate,owner-provided SWF,"container=root; definitionDepth=0; tagOrdinal=299; payloadBytes=27; rawTagPayloadSha256=e04c01edc95505e7a480379b6302381517404bf0225305c71455a0dad1be695d; exactTagIdentitySha256=21102602ad37725c8c689c1dc3028f03984c0e0a4293bab6dacf4c441b14e577; declaredFrameCount=1; runtime reachability unresolved; placement and bounds unresolved; renderer suitability unresolved; machineDefinitionIndexSha256=dfe633f4c5fc0791c207af1f0a2770fcec720d6e423f6b0aaaa96faeaf47f9b1; Structural/static source-derived candidate only. The exported_file is the shared machine definition-index evidence, not a visual or renderer asset export. It is not an authoritative original-runtime baseline and establishes no runtime reachability, placement, asset usage, visual appearance, renderer suitability, human or owner acceptance, strict completion, or publication."
swf-definition-00304,104,,structural-shape-definition-candidate,source-assets/flash/HELP MATH_ORIGINAL FILES/HELP_COURSES/ELMGR5/L4/TI/L4TI08.swf,,migrations/course-g05-l04-ti-008/audit/machine/g5-l4-pre-runtime-swf-definition-inventory.csv,dfe633f4c5fc0791c207af1f0a2770fcec720d6e423f6b0aaaa96faeaf47f9b1,CSV definition-index record for DefineShape2,,,"projection only; no asset bytes exported, transformed, redrawn, or generated",machine-extracted-structural-candidate,owner-provided SWF,"container=root; definitionDepth=0; tagOrdinal=304; payloadBytes=50; rawTagPayloadSha256=c70936df001c35de8419c7ac6b45fea51315f6a1fe11b536215e18766e9d2be0; exactTagIdentitySha256=96184ca50f356c4b4d3b1ca3c696607c0ba6d8e6e3a435627afac4b857c50b00; runtime reachability unresolved; placement and bounds unresolved; renderer suitability unresolved; machineDefinitionIndexSha256=dfe633f4c5fc0791c207af1f0a2770fcec720d6e423f6b0aaaa96faeaf47f9b1; Structural/static source-derived candidate only. The exported_file is the shared machine definition-index evidence, not a visual or renderer asset export. It is not an authoritative original-runtime baseline and establishes no runtime reachability, placement, asset usage, visual appearance, renderer suitability, human or owner acceptance, strict completion, or publication."
swf-definition-00305,105,,structural-sprite-definition-candidate,source-assets/flash/HELP MATH_ORIGINAL FILES/HELP_COURSES/ELMGR5/L4/TI/L4TI08.swf,,migrations/course-g05-l04-ti-008/audit/machine/g5-l4-pre-runtime-swf-definition-inventory.csv,dfe633f4c5fc0791c207af1f0a2770fcec720d6e423f6b0aaaa96faeaf47f9b1,CSV definition-index record for DefineSprite,,,"projection only; no asset bytes exported, transformed, redrawn, or generated",machine-extracted-structural-candidate,owner-provided SWF,"container=root; definitionDepth=0; tagOrdinal=305; payloadBytes=38; rawTagPayloadSha256=0e1251f042b6ba0d5d59b3aa60c51bb5d7dac62c547a84f27802cc6d8ff6fc60; exactTagIdentitySha256=56dc9e98b18d728122709252535d4617d502c46127a99bf23fbd44d5013df23e; declaredFrameCount=1; runtime reachability unresolved; placement and bounds unresolved; renderer suitability unresolved; machineDefinitionIndexSha256=dfe633f4c5fc0791c207af1f0a2770fcec720d6e423f6b0aaaa96faeaf47f9b1; Structural/static source-derived candidate only. The exported_file is the shared machine definition-index evidence, not a visual or renderer asset export. It is not an authoritative original-runtime baseline and establishes no runtime reachability, placement, asset usage, visual appearance, renderer suitability, human or owner acceptance, strict completion, or publication."
swf-definition-00311,106,,structural-shape-definition-candidate,source-assets/flash/HELP MATH_ORIGINAL FILES/HELP_COURSES/ELMGR5/L4/TI/L4TI08.swf,,migrations/course-g05-l04-ti-008/audit/machine/g5-l4-pre-runtime-swf-definition-inventory.csv,dfe633f4c5fc0791c207af1f0a2770fcec720d6e423f6b0aaaa96faeaf47f9b1,CSV definition-index record for DefineShape2,,,"projection only; no asset bytes exported, transformed, redrawn, or generated",machine-extracted-structural-candidate,owner-provided SWF,"container=root; definitionDepth=0; tagOrdinal=311; payloadBytes=51; rawTagPayloadSha256=3f595b81d938e66a081767f38a6dfe75a5267180ede95f2948721e7659f34781; exactTagIdentitySha256=27fd84b4fa7922bc696889a25079ac680324166a755571ba8b2989743bb56a2c; runtime reachability unresolved; placement and bounds unresolved; renderer suitability unresolved; machineDefinitionIndexSha256=dfe633f4c5fc0791c207af1f0a2770fcec720d6e423f6b0aaaa96faeaf47f9b1; Structural/static source-derived candidate only. The exported_file is the shared machine definition-index evidence, not a visual or renderer asset export. It is not an authoritative original-runtime baseline and establishes no runtime reachability, placement, asset usage, visual appearance, renderer suitability, human or owner acceptance, strict completion, or publication."
swf-definition-00312,107,,structural-sprite-definition-candidate,source-assets/flash/HELP MATH_ORIGINAL FILES/HELP_COURSES/ELMGR5/L4/TI/L4TI08.swf,,migrations/course-g05-l04-ti-008/audit/machine/g5-l4-pre-runtime-swf-definition-inventory.csv,dfe633f4c5fc0791c207af1f0a2770fcec720d6e423f6b0aaaa96faeaf47f9b1,CSV definition-index record for DefineSprite,,,"projection only; no asset bytes exported, transformed, redrawn, or generated",machine-extracted-structural-candidate,owner-provided SWF,"container=root; definitionDepth=0; tagOrdinal=312; payloadBytes=38; rawTagPayloadSha256=2fee79c5c49ffc79524bfd262ea4afe38e2168e82a910e23c56ec7082c9f5de7; exactTagIdentitySha256=2cbdb74ac26f36a42ad7cd900fd7749908787491c637932a7e2dc72d473e29cc; declaredFrameCount=1; runtime reachability unresolved; placement and bounds unresolved; renderer suitability unresolved; machineDefinitionIndexSha256=dfe633f4c5fc0791c207af1f0a2770fcec720d6e423f6b0aaaa96faeaf47f9b1; Structural/static source-derived candidate only. The exported_file is the shared machine definition-index evidence, not a visual or renderer asset export. It is not an authoritative original-runtime baseline and establishes no runtime reachability, placement, asset usage, visual appearance, renderer suitability, human or owner acceptance, strict completion, or publication."
swf-definition-00319,108,,structural-shape-definition-candidate,source-assets/flash/HELP MATH_ORIGINAL FILES/HELP_COURSES/ELMGR5/L4/TI/L4TI08.swf,,migrations/course-g05-l04-ti-008/audit/machine/g5-l4-pre-runtime-swf-definition-inventory.csv,dfe633f4c5fc0791c207af1f0a2770fcec720d6e423f6b0aaaa96faeaf47f9b1,CSV definition-index record for DefineShape,,,"projection only; no asset bytes exported, transformed, redrawn, or generated",machine-extracted-structural-candidate,owner-provided SWF,"container=root; definitionDepth=0; tagOrdinal=319; payloadBytes=75; rawTagPayloadSha256=0f1d9ad4779bc0173136d2440ff5b0b8a3ec7c1d76e50e987e5e2b275375dd50; exactTagIdentitySha256=d4b0aa2f7c282d012998bd0c349063ad3424642cb332827a4bd4d3bb5ccb348b; runtime reachability unresolved; placement and bounds unresolved; renderer suitability unresolved; machineDefinitionIndexSha256=dfe633f4c5fc0791c207af1f0a2770fcec720d6e423f6b0aaaa96faeaf47f9b1; Structural/static source-derived candidate only. The exported_file is the shared machine definition-index evidence, not a visual or renderer asset export. It is not an authoritative original-runtime baseline and establishes no runtime reachability, placement, asset usage, visual appearance, renderer suitability, human or owner acceptance, strict completion, or publication."
swf-definition-00320,109,,structural-sprite-definition-candidate,source-assets/flash/HELP MATH_ORIGINAL FILES/HELP_COURSES/ELMGR5/L4/TI/L4TI08.swf,,migrations/course-g05-l04-ti-008/audit/machine/g5-l4-pre-runtime-swf-definition-inventory.csv,dfe633f4c5fc0791c207af1f0a2770fcec720d6e423f6b0aaaa96faeaf47f9b1,CSV definition-index record for DefineSprite,,,"projection only; no asset bytes exported, transformed, redrawn, or generated",machine-extracted-structural-candidate,owner-provided SWF,"container=root; definitionDepth=0; tagOrdinal=320; payloadBytes=58; rawTagPayloadSha256=1ebb831eae08647c9da4248d869af15b9b14f118c8108ba9d6b880e57de694e7; exactTagIdentitySha256=ce0d30c81f34e701be7ff1a55ecfcadd1abdb820dc505d19e8bdec3b388db600; declaredFrameCount=6; runtime reachability unresolved; placement and bounds unresolved; renderer suitability unresolved; machineDefinitionIndexSha256=dfe633f4c5fc0791c207af1f0a2770fcec720d6e423f6b0aaaa96faeaf47f9b1; Structural/static source-derived candidate only. The exported_file is the shared machine definition-index evidence, not a visual or renderer asset export. It is not an authoritative original-runtime baseline and establishes no runtime reachability, placement, asset usage, visual appearance, renderer suitability, human or owner acceptance, strict completion, or publication."
swf-definition-00334,110,,structural-shape-definition-candidate,source-assets/flash/HELP MATH_ORIGINAL FILES/HELP_COURSES/ELMGR5/L4/TI/L4TI08.swf,,migrations/course-g05-l04-ti-008/audit/machine/g5-l4-pre-runtime-swf-definition-inventory.csv,dfe633f4c5fc0791c207af1f0a2770fcec720d6e423f6b0aaaa96faeaf47f9b1,CSV definition-index record for DefineShape2,,,"projection only; no asset bytes exported, transformed, redrawn, or generated",machine-extracted-structural-candidate,owner-provided SWF,"container=root; definitionDepth=0; tagOrdinal=334; payloadBytes=55; rawTagPayloadSha256=cda7533cb79b88202473b4c43e01f6d012bc9716143b487f01901e7c0e2ef03d; exactTagIdentitySha256=ac16ca12dc42dc53b6952b786aee5fcf6f0b21b164822aa5ab10cca3a4a6ac48; runtime reachability unresolved; placement and bounds unresolved; renderer suitability unresolved; machineDefinitionIndexSha256=dfe633f4c5fc0791c207af1f0a2770fcec720d6e423f6b0aaaa96faeaf47f9b1; Structural/static source-derived candidate only. The exported_file is the shared machine definition-index evidence, not a visual or renderer asset export. It is not an authoritative original-runtime baseline and establishes no runtime reachability, placement, asset usage, visual appearance, renderer suitability, human or owner acceptance, strict completion, or publication."
swf-definition-00335,111,,structural-text-definition-candidate,source-assets/flash/HELP MATH_ORIGINAL FILES/HELP_COURSES/ELMGR5/L4/TI/L4TI08.swf,,migrations/course-g05-l04-ti-008/audit/machine/g5-l4-pre-runtime-swf-definition-inventory.csv,dfe633f4c5fc0791c207af1f0a2770fcec720d6e423f6b0aaaa96faeaf47f9b1,CSV definition-index record for DefineText,,,"projection only; no asset bytes exported, transformed, redrawn, or generated",machine-extracted-structural-candidate,owner-provided SWF,"container=root; definitionDepth=0; tagOrdinal=335; payloadBytes=37; rawTagPayloadSha256=acfadea3154856bae48e715e6325cb29a8c9b81fa3dc33434dc19c4e84e7d60c; exactTagIdentitySha256=7960d9946435fd5f899ca11933d6bb01815f3fe252c6fe91b707495d3180497e; runtime reachability unresolved; placement and bounds unresolved; renderer suitability unresolved; machineDefinitionIndexSha256=dfe633f4c5fc0791c207af1f0a2770fcec720d6e423f6b0aaaa96faeaf47f9b1; Structural/static source-derived candidate only. The exported_file is the shared machine definition-index evidence, not a visual or renderer asset export. It is not an authoritative original-runtime baseline and establishes no runtime reachability, placement, asset usage, visual appearance, renderer suitability, human or owner acceptance, strict completion, or publication."
swf-definition-00336,112,,structural-shape-definition-candidate,source-assets/flash/HELP MATH_ORIGINAL FILES/HELP_COURSES/ELMGR5/L4/TI/L4TI08.swf,,migrations/course-g05-l04-ti-008/audit/machine/g5-l4-pre-runtime-swf-definition-inventory.csv,dfe633f4c5fc0791c207af1f0a2770fcec720d6e423f6b0aaaa96faeaf47f9b1,CSV definition-index record for DefineShape,,,"projection only; no asset bytes exported, transformed, redrawn, or generated",machine-extracted-structural-candidate,owner-provided SWF,"container=root; definitionDepth=0; tagOrdinal=336; payloadBytes=64; rawTagPayloadSha256=a2c25f5facb7e0dec6aee28eae53e7efe31c2c34eb6967b734f16d5142bc8213; exactTagIdentitySha256=f2ae5935dd4a29ff32f1c03e33e9d2790e7ae02c370d6515c2db46a05bd3377f; runtime reachability unresolved; placement and bounds unresolved; renderer suitability unresolved; machineDefinitionIndexSha256=dfe633f4c5fc0791c207af1f0a2770fcec720d6e423f6b0aaaa96faeaf47f9b1; Structural/static source-derived candidate only. The exported_file is the shared machine definition-index evidence, not a visual or renderer asset export. It is not an authoritative original-runtime baseline and establishes no runtime reachability, placement, asset usage, visual appearance, renderer suitability, human or owner acceptance, strict completion, or publication."
swf-definition-00337,113,,structural-shape-definition-candidate,source-assets/flash/HELP MATH_ORIGINAL FILES/HELP_COURSES/ELMGR5/L4/TI/L4TI08.swf,,migrations/course-g05-l04-ti-008/audit/machine/g5-l4-pre-runtime-swf-definition-inventory.csv,dfe633f4c5fc0791c207af1f0a2770fcec720d6e423f6b0aaaa96faeaf47f9b1,CSV definition-index record for DefineShape2,,,"projection only; no asset bytes exported, transformed, redrawn, or generated",machine-extracted-structural-candidate,owner-provided SWF,"container=root; definitionDepth=0; tagOrdinal=337; payloadBytes=285; rawTagPayloadSha256=0e8337b6ab3215627698fda08f862b6857d79dcc079d432b1588064dfa4a15d5; exactTagIdentitySha256=8e73cb7526041cba8fd396cf7fdbb9a681e27bc50f8579da82cbde478d1b0eb3; runtime reachability unresolved; placement and bounds unresolved; renderer suitability unresolved; machineDefinitionIndexSha256=dfe633f4c5fc0791c207af1f0a2770fcec720d6e423f6b0aaaa96faeaf47f9b1; Structural/static source-derived candidate only. The exported_file is the shared machine definition-index evidence, not a visual or renderer asset export. It is not an authoritative original-runtime baseline and establishes no runtime reachability, placement, asset usage, visual appearance, renderer suitability, human or owner acceptance, strict completion, or publication."
swf-definition-00338,114,,structural-shape-definition-candidate,source-assets/flash/HELP MATH_ORIGINAL FILES/HELP_COURSES/ELMGR5/L4/TI/L4TI08.swf,,migrations/course-g05-l04-ti-008/audit/machine/g5-l4-pre-runtime-swf-definition-inventory.csv,dfe633f4c5fc0791c207af1f0a2770fcec720d6e423f6b0aaaa96faeaf47f9b1,CSV definition-index record for DefineShape2,,,"projection only; no asset bytes exported, transformed, redrawn, or generated",machine-extracted-structural-candidate,owner-provided SWF,"container=root; definitionDepth=0; tagOrdinal=338; payloadBytes=55; rawTagPayloadSha256=4af41e7dc281b8a8363d27e7b414630b86bb59919e7880d9b0774ec2e57231c7; exactTagIdentitySha256=88d4e7be3e4fb1979e806b6175e471935791aa492ac080d81fc4487e9aa0d545; runtime reachability unresolved; placement and bounds unresolved; renderer suitability unresolved; machineDefinitionIndexSha256=dfe633f4c5fc0791c207af1f0a2770fcec720d6e423f6b0aaaa96faeaf47f9b1; Structural/static source-derived candidate only. The exported_file is the shared machine definition-index evidence, not a visual or renderer asset export. It is not an authoritative original-runtime baseline and establishes no runtime reachability, placement, asset usage, visual appearance, renderer suitability, human or owner acceptance, strict completion, or publication."
swf-definition-00339,115,,structural-shape-definition-candidate,source-assets/flash/HELP MATH_ORIGINAL FILES/HELP_COURSES/ELMGR5/L4/TI/L4TI08.swf,,migrations/course-g05-l04-ti-008/audit/machine/g5-l4-pre-runtime-swf-definition-inventory.csv,dfe633f4c5fc0791c207af1f0a2770fcec720d6e423f6b0aaaa96faeaf47f9b1,CSV definition-index record for DefineShape2,,,"projection only; no asset bytes exported, transformed, redrawn, or generated",machine-extracted-structural-candidate,owner-provided SWF,"container=root; definitionDepth=0; tagOrdinal=339; payloadBytes=294; rawTagPayloadSha256=e3a71a4e0e5777e5949b9b4b40f746bcaba6ac327d1f6b63a879b4b7c027fab6; exactTagIdentitySha256=9c1357c5917cb7c8f8ba95d249fcf2bdf24c20e1411f946ce5809cca60a6894f; runtime reachability unresolved; placement and bounds unresolved; renderer suitability unresolved; machineDefinitionIndexSha256=dfe633f4c5fc0791c207af1f0a2770fcec720d6e423f6b0aaaa96faeaf47f9b1; Structural/static source-derived candidate only. The exported_file is the shared machine definition-index evidence, not a visual or renderer asset export. It is not an authoritative original-runtime baseline and establishes no runtime reachability, placement, asset usage, visual appearance, renderer suitability, human or owner acceptance, strict completion, or publication."
swf-definition-00340,116,,structural-shape-definition-candidate,source-assets/flash/HELP MATH_ORIGINAL FILES/HELP_COURSES/ELMGR5/L4/TI/L4TI08.swf,,migrations/course-g05-l04-ti-008/audit/machine/g5-l4-pre-runtime-swf-definition-inventory.csv,dfe633f4c5fc0791c207af1f0a2770fcec720d6e423f6b0aaaa96faeaf47f9b1,CSV definition-index record for DefineShape2,,,"projection only; no asset bytes exported, transformed, redrawn, or generated",machine-extracted-structural-candidate,owner-provided SWF,"container=root; definitionDepth=0; tagOrdinal=340; payloadBytes=337; rawTagPayloadSha256=2684a1e15ead173aed32dc0e0d0f542f5b931292c4b4204aac87a9b90d90f596; exactTagIdentitySha256=929abfe2e96a39401dbf80dca0f97968248e2f4cb0c5e5d9d06a89bca22624d4; runtime reachability unresolved; placement and bounds unresolved; renderer suitability unresolved; machineDefinitionIndexSha256=dfe633f4c5fc0791c207af1f0a2770fcec720d6e423f6b0aaaa96faeaf47f9b1; Structural/static source-derived candidate only. The exported_file is the shared machine definition-index evidence, not a visual or renderer asset export. It is not an authoritative original-runtime baseline and establishes no runtime reachability, placement, asset usage, visual appearance, renderer suitability, human or owner acceptance, strict completion, or publication."
swf-definition-00341,117,,structural-sprite-definition-candidate,source-assets/flash/HELP MATH_ORIGINAL FILES/HELP_COURSES/ELMGR5/L4/TI/L4TI08.swf,,migrations/course-g05-l04-ti-008/audit/machine/g5-l4-pre-runtime-swf-definition-inventory.csv,dfe633f4c5fc0791c207af1f0a2770fcec720d6e423f6b0aaaa96faeaf47f9b1,CSV definition-index record for DefineSprite,,,"projection only; no asset bytes exported, transformed, redrawn, or generated",machine-extracted-structural-candidate,owner-provided SWF,"container=root; definitionDepth=0; tagOrdinal=341; payloadBytes=2040; rawTagPayloadSha256=7f52ed8876977a620d353537bc7bbf8226fefa2b1dc41448e49aee8fc9eba5be; exactTagIdentitySha256=357b57a1787224abad39f72073d90bd28a8968b7eaa8b9a741d8fa557081c9e0; declaredFrameCount=5; runtime reachability unresolved; placement and bounds unresolved; renderer suitability unresolved; machineDefinitionIndexSha256=dfe633f4c5fc0791c207af1f0a2770fcec720d6e423f6b0aaaa96faeaf47f9b1; Structural/static source-derived candidate only. The exported_file is the shared machine definition-index evidence, not a visual or renderer asset export. It is not an authoritative original-runtime baseline and establishes no runtime reachability, placement, asset usage, visual appearance, renderer suitability, human or owner acceptance, strict completion, or publication."
swf-definition-00356,118,,structural-button-definition-candidate,source-assets/flash/HELP MATH_ORIGINAL FILES/HELP_COURSES/ELMGR5/L4/TI/L4TI08.swf,,migrations/course-g05-l04-ti-008/audit/machine/g5-l4-pre-runtime-swf-definition-inventory.csv,dfe633f4c5fc0791c207af1f0a2770fcec720d6e423f6b0aaaa96faeaf47f9b1,CSV definition-index record for DefineButton2,,,"projection only; no asset bytes exported, transformed, redrawn, or generated",machine-extracted-structural-candidate,owner-provided SWF,"container=root; definitionDepth=0; tagOrdinal=356; payloadBytes=223; rawTagPayloadSha256=bbdc2e3f0de3d662d485daec1d9c73efdf8e8028ac8dfbc665b2ca1e1a67eab8; exactTagIdentitySha256=b739807777a414260fb0dac16e8a34b737275cffc82c3773cc3215276119699b; runtime reachability unresolved; placement and bounds unresolved; renderer suitability unresolved; machineDefinitionIndexSha256=dfe633f4c5fc0791c207af1f0a2770fcec720d6e423f6b0aaaa96faeaf47f9b1; Structural/static source-derived candidate only. The exported_file is the shared machine definition-index evidence, not a visual or renderer asset export. It is not an authoritative original-runtime baseline and establishes no runtime reachability, placement, asset usage, visual appearance, renderer suitability, human or owner acceptance, strict completion, or publication."
swf-definition-00357,119,,structural-shape-definition-candidate,source-assets/flash/HELP MATH_ORIGINAL FILES/HELP_COURSES/ELMGR5/L4/TI/L4TI08.swf,,migrations/course-g05-l04-ti-008/audit/machine/g5-l4-pre-runtime-swf-definition-inventory.csv,dfe633f4c5fc0791c207af1f0a2770fcec720d6e423f6b0aaaa96faeaf47f9b1,CSV definition-index record for DefineShape,,,"projection only; no asset bytes exported, transformed, redrawn, or generated",machine-extracted-structural-candidate,owner-provided SWF,"container=root; definitionDepth=0; tagOrdinal=357; payloadBytes=50; rawTagPayloadSha256=cd72b0b6cfe898b6d0580a3af0962952e78f1ec60e6a802d68fdaf14e176fa82; exactTagIdentitySha256=318a8695dee8d7ddad11b76856ecf3e93e05add21c138040c4ad825192f480ae; runtime reachability unresolved; placement and bounds unresolved; renderer suitability unresolved; machineDefinitionIndexSha256=dfe633f4c5fc0791c207af1f0a2770fcec720d6e423f6b0aaaa96faeaf47f9b1; Structural/static source-derived candidate only. The exported_file is the shared machine definition-index evidence, not a visual or renderer asset export. It is not an authoritative original-runtime baseline and establishes no runtime reachability, placement, asset usage, visual appearance, renderer suitability, human or owner acceptance, strict completion, or publication."
swf-definition-00358,120,,structural-text-definition-candidate,source-assets/flash/HELP MATH_ORIGINAL FILES/HELP_COURSES/ELMGR5/L4/TI/L4TI08.swf,,migrations/course-g05-l04-ti-008/audit/machine/g5-l4-pre-runtime-swf-definition-inventory.csv,dfe633f4c5fc0791c207af1f0a2770fcec720d6e423f6b0aaaa96faeaf47f9b1,CSV definition-index record for DefineText,,,"projection only; no asset bytes exported, transformed, redrawn, or generated",machine-extracted-structural-candidate,owner-provided SWF,"container=root; definitionDepth=0; tagOrdinal=358; payloadBytes=400; rawTagPayloadSha256=cb80e5a2d31931981ca995743df126f02713ff44af5bfd840efb77a7e902e33d; exactTagIdentitySha256=f931c9fa8c8ae21c502598af856e81a21180d9a76bb8a59750ac70deaddff185; runtime reachability unresolved; placement and bounds unresolved; renderer suitability unresolved; machineDefinitionIndexSha256=dfe633f4c5fc0791c207af1f0a2770fcec720d6e423f6b0aaaa96faeaf47f9b1; Structural/static source-derived candidate only. The exported_file is the shared machine definition-index evidence, not a visual or renderer asset export. It is not an authoritative original-runtime baseline and establishes no runtime reachability, placement, asset usage, visual appearance, renderer suitability, human or owner acceptance, strict completion, or publication."
swf-definition-00359,121,,structural-sprite-definition-candidate,source-assets/flash/HELP MATH_ORIGINAL FILES/HELP_COURSES/ELMGR5/L4/TI/L4TI08.swf,,migrations/course-g05-l04-ti-008/audit/machine/g5-l4-pre-runtime-swf-definition-inventory.csv,dfe633f4c5fc0791c207af1f0a2770fcec720d6e423f6b0aaaa96faeaf47f9b1,CSV definition-index record for DefineSprite,,,"projection only; no asset bytes exported, transformed, redrawn, or generated",machine-extracted-structural-candidate,owner-provided SWF,"container=root; definitionDepth=0; tagOrdinal=359; payloadBytes=6413; rawTagPayloadSha256=686623bef69f439af3781ef628856dd6935c362b54cadcfc7b93bf7b44521e4b; exactTagIdentitySha256=0a5c0fc037dff12bcc216c136a433e55ab45f88f8f96d7f6f4071f7c312f81d3; declaredFrameCount=15; runtime reachability unresolved; placement and bounds unresolved; renderer suitability unresolved; machineDefinitionIndexSha256=dfe633f4c5fc0791c207af1f0a2770fcec720d6e423f6b0aaaa96faeaf47f9b1; Structural/static source-derived candidate only. The exported_file is the shared machine definition-index evidence, not a visual or renderer asset export. It is not an authoritative original-runtime baseline and establishes no runtime reachability, placement, asset usage, visual appearance, renderer suitability, human or owner acceptance, strict completion, or publication."
swf-definition-00397,122,,structural-shape-definition-candidate,source-assets/flash/HELP MATH_ORIGINAL FILES/HELP_COURSES/ELMGR5/L4/TI/L4TI08.swf,,migrations/course-g05-l04-ti-008/audit/machine/g5-l4-pre-runtime-swf-definition-inventory.csv,dfe633f4c5fc0791c207af1f0a2770fcec720d6e423f6b0aaaa96faeaf47f9b1,CSV definition-index record for DefineShape,,,"projection only; no asset bytes exported, transformed, redrawn, or generated",machine-extracted-structural-candidate,owner-provided SWF,"container=root; definitionDepth=0; tagOrdinal=397; payloadBytes=34; rawTagPayloadSha256=7717d8f5b02e1073747e6ae67fec13f24b245bbfb6478fa1d459c0efda1a6c2e; exactTagIdentitySha256=081bbdb583c4edc689250b42a214882ba07ac68af16cf970c438400875af4231; runtime reachability unresolved; placement and bounds unresolved; renderer suitability unresolved; machineDefinitionIndexSha256=dfe633f4c5fc0791c207af1f0a2770fcec720d6e423f6b0aaaa96faeaf47f9b1; Structural/static source-derived candidate only. The exported_file is the shared machine definition-index evidence, not a visual or renderer asset export. It is not an authoritative original-runtime baseline and establishes no runtime reachability, placement, asset usage, visual appearance, renderer suitability, human or owner acceptance, strict completion, or publication."
swf-definition-00398,123,,structural-sprite-definition-candidate,source-assets/flash/HELP MATH_ORIGINAL FILES/HELP_COURSES/ELMGR5/L4/TI/L4TI08.swf,,migrations/course-g05-l04-ti-008/audit/machine/g5-l4-pre-runtime-swf-definition-inventory.csv,dfe633f4c5fc0791c207af1f0a2770fcec720d6e423f6b0aaaa96faeaf47f9b1,CSV definition-index record for DefineSprite,,,"projection only; no asset bytes exported, transformed, redrawn, or generated",machine-extracted-structural-candidate,owner-provided SWF,"container=root; definitionDepth=0; tagOrdinal=398; payloadBytes=179; rawTagPayloadSha256=a6a9ae5b71b7cdc6ea4c4a4db8cf6bd933d665f18281694bf52cc027d2f53052; exactTagIdentitySha256=c1b7f881e9acab8ae6bb0ff0fe569f50b9f2c23f0e8334671023be475bc8e368; declaredFrameCount=35; runtime reachability unresolved; placement and bounds unresolved; renderer suitability unresolved; machineDefinitionIndexSha256=dfe633f4c5fc0791c207af1f0a2770fcec720d6e423f6b0aaaa96faeaf47f9b1; Structural/static source-derived candidate only. The exported_file is the shared machine definition-index evidence, not a visual or renderer asset export. It is not an authoritative original-runtime baseline and establishes no runtime reachability, placement, asset usage, visual appearance, renderer suitability, human or owner acceptance, strict completion, or publication."
swf-definition-00438,124,,structural-text-definition-candidate,source-assets/flash/HELP MATH_ORIGINAL FILES/HELP_COURSES/ELMGR5/L4/TI/L4TI08.swf,,migrations/course-g05-l04-ti-008/audit/machine/g5-l4-pre-runtime-swf-definition-inventory.csv,dfe633f4c5fc0791c207af1f0a2770fcec720d6e423f6b0aaaa96faeaf47f9b1,CSV definition-index record for DefineText,,,"projection only; no asset bytes exported, transformed, redrawn, or generated",machine-extracted-structural-candidate,owner-provided SWF,"container=root; definitionDepth=0; tagOrdinal=438; payloadBytes=50; rawTagPayloadSha256=77295e8592b62a80569189a1434d3e2685d3ac5f275384295f2933a9ec3d41f6; exactTagIdentitySha256=500c0a0359c33e2df919d29a994d872f4b9786980197427fe9fa718ce05578f3; runtime reachability unresolved; placement and bounds unresolved; renderer suitability unresolved; machineDefinitionIndexSha256=dfe633f4c5fc0791c207af1f0a2770fcec720d6e423f6b0aaaa96faeaf47f9b1; Structural/static source-derived candidate only. The exported_file is the shared machine definition-index evidence, not a visual or renderer asset export. It is not an authoritative original-runtime baseline and establishes no runtime reachability, placement, asset usage, visual appearance, renderer suitability, human or owner acceptance, strict completion, or publication."
swf-definition-00439,125,,structural-sprite-definition-candidate,source-assets/flash/HELP MATH_ORIGINAL FILES/HELP_COURSES/ELMGR5/L4/TI/L4TI08.swf,,migrations/course-g05-l04-ti-008/audit/machine/g5-l4-pre-runtime-swf-definition-inventory.csv,dfe633f4c5fc0791c207af1f0a2770fcec720d6e423f6b0aaaa96faeaf47f9b1,CSV definition-index record for DefineSprite,,,"projection only; no asset bytes exported, transformed, redrawn, or generated",machine-extracted-structural-candidate,owner-provided SWF,"container=root; definitionDepth=0; tagOrdinal=439; payloadBytes=22847; rawTagPayloadSha256=34cf425f38f9744f9f6c39588c2695f1eb1ddb1a238d689609c094ae928fab43; exactTagIdentitySha256=abfcae7891dc11bc4bbe767e41958617f52ba7c93612f873ad995f13ddf0f58b; declaredFrameCount=55; runtime reachability unresolved; placement and bounds unresolved; renderer suitability unresolved; machineDefinitionIndexSha256=dfe633f4c5fc0791c207af1f0a2770fcec720d6e423f6b0aaaa96faeaf47f9b1; Structural/static source-derived candidate only. The exported_file is the shared machine definition-index evidence, not a visual or renderer asset export. It is not an authoritative original-runtime baseline and establishes no runtime reachability, placement, asset usage, visual appearance, renderer suitability, human or owner acceptance, strict completion, or publication."
swf-definition-00562,126,,structural-text-definition-candidate,source-assets/flash/HELP MATH_ORIGINAL FILES/HELP_COURSES/ELMGR5/L4/TI/L4TI08.swf,,migrations/course-g05-l04-ti-008/audit/machine/g5-l4-pre-runtime-swf-definition-inventory.csv,dfe633f4c5fc0791c207af1f0a2770fcec720d6e423f6b0aaaa96faeaf47f9b1,CSV definition-index record for DefineText,,,"projection only; no asset bytes exported, transformed, redrawn, or generated",machine-extracted-structural-candidate,owner-provided SWF,"container=root; definitionDepth=0; tagOrdinal=562; payloadBytes=50; rawTagPayloadSha256=8e6fad442eaf9f1dac70cf85471419be5581914cd14c612dad9e8496dc5ca6eb; exactTagIdentitySha256=f2179ff2809861ad19d88e5a4fa770ddec72c8ce87a8aa52d3142b0b0e39aad4; runtime reachability unresolved; placement and bounds unresolved; renderer suitability unresolved; machineDefinitionIndexSha256=dfe633f4c5fc0791c207af1f0a2770fcec720d6e423f6b0aaaa96faeaf47f9b1; Structural/static source-derived candidate only. The exported_file is the shared machine definition-index evidence, not a visual or renderer asset export. It is not an authoritative original-runtime baseline and establishes no runtime reachability, placement, asset usage, visual appearance, renderer suitability, human or owner acceptance, strict completion, or publication."
swf-definition-00563,127,,structural-sprite-definition-candidate,source-assets/flash/HELP MATH_ORIGINAL FILES/HELP_COURSES/ELMGR5/L4/TI/L4TI08.swf,,migrations/course-g05-l04-ti-008/audit/machine/g5-l4-pre-runtime-swf-definition-inventory.csv,dfe633f4c5fc0791c207af1f0a2770fcec720d6e423f6b0aaaa96faeaf47f9b1,CSV definition-index record for DefineSprite,,,"projection only; no asset bytes exported, transformed, redrawn, or generated",machine-extracted-structural-candidate,owner-provided SWF,"container=root; definitionDepth=0; tagOrdinal=563; payloadBytes=8348; rawTagPayloadSha256=036c0cda6fc01cd2ee501457fd4233225aaf0786817970774dff8d2e9f5af9b7; exactTagIdentitySha256=89c851a65269b6ae0f08c2830f53b02a299cb1b2d964c25108b8715aa733e196; declaredFrameCount=20; runtime reachability unresolved; placement and bounds unresolved; renderer suitability unresolved; machineDefinitionIndexSha256=dfe633f4c5fc0791c207af1f0a2770fcec720d6e423f6b0aaaa96faeaf47f9b1; Structural/static source-derived candidate only. The exported_file is the shared machine definition-index evidence, not a visual or renderer asset export. It is not an authoritative original-runtime baseline and establishes no runtime reachability, placement, asset usage, visual appearance, renderer suitability, human or owner acceptance, strict completion, or publication."
swf-definition-00609,128,,structural-shape-definition-candidate,source-assets/flash/HELP MATH_ORIGINAL FILES/HELP_COURSES/ELMGR5/L4/TI/L4TI08.swf,,migrations/course-g05-l04-ti-008/audit/machine/g5-l4-pre-runtime-swf-definition-inventory.csv,dfe633f4c5fc0791c207af1f0a2770fcec720d6e423f6b0aaaa96faeaf47f9b1,CSV definition-index record for DefineShape3,,,"projection only; no asset bytes exported, transformed, redrawn, or generated",machine-extracted-structural-candidate,owner-provided SWF,"container=root; definitionDepth=0; tagOrdinal=609; payloadBytes=157; rawTagPayloadSha256=5a07d56eaf81ab814fcdb1c4f637537c075f28f5b3f1d2d9fb2f5b1f7b687fd5; exactTagIdentitySha256=b8f78cbe4837af02c451931431e928d976838a77ecc64113c3c4c4ead7e30708; runtime reachability unresolved; placement and bounds unresolved; renderer suitability unresolved; machineDefinitionIndexSha256=dfe633f4c5fc0791c207af1f0a2770fcec720d6e423f6b0aaaa96faeaf47f9b1; Structural/static source-derived candidate only. The exported_file is the shared machine definition-index evidence, not a visual or renderer asset export. It is not an authoritative original-runtime baseline and establishes no runtime reachability, placement, asset usage, visual appearance, renderer suitability, human or owner acceptance, strict completion, or publication."
swf-definition-00610,129,,structural-text-definition-candidate,source-assets/flash/HELP MATH_ORIGINAL FILES/HELP_COURSES/ELMGR5/L4/TI/L4TI08.swf,,migrations/course-g05-l04-ti-008/audit/machine/g5-l4-pre-runtime-swf-definition-inventory.csv,dfe633f4c5fc0791c207af1f0a2770fcec720d6e423f6b0aaaa96faeaf47f9b1,CSV definition-index record for DefineText,,,"projection only; no asset bytes exported, transformed, redrawn, or generated",machine-extracted-structural-candidate,owner-provided SWF,"container=root; definitionDepth=0; tagOrdinal=610; payloadBytes=216; rawTagPayloadSha256=fcbddf9e6c911477826678eb56dfc49d8957c88e6b85328c73c5e94095cf4a2d; exactTagIdentitySha256=aa64335936d8e5c819e5c7433adf6c4829748f50f9b2a0e6927662df308ca40e; runtime reachability unresolved; placement and bounds unresolved; renderer suitability unresolved; machineDefinitionIndexSha256=dfe633f4c5fc0791c207af1f0a2770fcec720d6e423f6b0aaaa96faeaf47f9b1; Structural/static source-derived candidate only. The exported_file is the shared machine definition-index evidence, not a visual or renderer asset export. It is not an authoritative original-runtime baseline and establishes no runtime reachability, placement, asset usage, visual appearance, renderer suitability, human or owner acceptance, strict completion, or publication."
swf-definition-00611,130,,structural-text-definition-candidate,source-assets/flash/HELP MATH_ORIGINAL FILES/HELP_COURSES/ELMGR5/L4/TI/L4TI08.swf,,migrations/course-g05-l04-ti-008/audit/machine/g5-l4-pre-runtime-swf-definition-inventory.csv,dfe633f4c5fc0791c207af1f0a2770fcec720d6e423f6b0aaaa96faeaf47f9b1,CSV definition-index record for DefineText,,,"projection only; no asset bytes exported, transformed, redrawn, or generated",machine-extracted-structural-candidate,owner-provided SWF,"container=root; definitionDepth=0; tagOrdinal=611; payloadBytes=220; rawTagPayloadSha256=ae232fedb94a6c408a3c8b323b89eec949b8b5b4844f4f0016e01d9cc4a77d78; exactTagIdentitySha256=be074ba18580262adf44962b920cab948aaa6cd363dc216d4a4f337837d4f97b; runtime reachability unresolved; placement and bounds unresolved; renderer suitability unresolved; machineDefinitionIndexSha256=dfe633f4c5fc0791c207af1f0a2770fcec720d6e423f6b0aaaa96faeaf47f9b1; Structural/static source-derived candidate only. The exported_file is the shared machine definition-index evidence, not a visual or renderer asset export. It is not an authoritative original-runtime baseline and establishes no runtime reachability, placement, asset usage, visual appearance, renderer suitability, human or owner acceptance, strict completion, or publication."
swf-definition-00612,131,,structural-shape-definition-candidate,source-assets/flash/HELP MATH_ORIGINAL FILES/HELP_COURSES/ELMGR5/L4/TI/L4TI08.swf,,migrations/course-g05-l04-ti-008/audit/machine/g5-l4-pre-runtime-swf-definition-inventory.csv,dfe633f4c5fc0791c207af1f0a2770fcec720d6e423f6b0aaaa96faeaf47f9b1,CSV definition-index record for DefineShape,,,"projection only; no asset bytes exported, transformed, redrawn, or generated",machine-extracted-structural-candidate,owner-provided SWF,"container=root; definitionDepth=0; tagOrdinal=612; payloadBytes=26; rawTagPayloadSha256=4c680321c87026322ad510c664ac021b7bd3444da19fa766899772ef8a097a24; exactTagIdentitySha256=c883048a1136eea0780303e8ace880a48844b4109485723bf62a747079776d62; runtime reachability unresolved; placement and bounds unresolved; renderer suitability unresolved; machineDefinitionIndexSha256=dfe633f4c5fc0791c207af1f0a2770fcec720d6e423f6b0aaaa96faeaf47f9b1; Structural/static source-derived candidate only. The exported_file is the shared machine definition-index evidence, not a visual or renderer asset export. It is not an authoritative original-runtime baseline and establishes no runtime reachability, placement, asset usage, visual appearance, renderer suitability, human or owner acceptance, strict completion, or publication."
swf-definition-00613,132,,structural-text-definition-candidate,source-assets/flash/HELP MATH_ORIGINAL FILES/HELP_COURSES/ELMGR5/L4/TI/L4TI08.swf,,migrations/course-g05-l04-ti-008/audit/machine/g5-l4-pre-runtime-swf-definition-inventory.csv,dfe633f4c5fc0791c207af1f0a2770fcec720d6e423f6b0aaaa96faeaf47f9b1,CSV definition-index record for DefineText,,,"projection only; no asset bytes exported, transformed, redrawn, or generated",machine-extracted-structural-candidate,owner-provided SWF,"container=root; definitionDepth=0; tagOrdinal=613; payloadBytes=34; rawTagPayloadSha256=72b540ef1212ad6b19495e854d2f9dd9cad14d756713dad7338add4540363c5c; exactTagIdentitySha256=c6a684a21cc7d4dac48ca1724c11baaae41f5589c04cefe5cb92cd82627b379c; runtime reachability unresolved; placement and bounds unresolved; renderer suitability unresolved; machineDefinitionIndexSha256=dfe633f4c5fc0791c207af1f0a2770fcec720d6e423f6b0aaaa96faeaf47f9b1; Structural/static source-derived candidate only. The exported_file is the shared machine definition-index evidence, not a visual or renderer asset export. It is not an authoritative original-runtime baseline and establishes no runtime reachability, placement, asset usage, visual appearance, renderer suitability, human or owner acceptance, strict completion, or publication."
swf-definition-00614,133,,structural-shape-definition-candidate,source-assets/flash/HELP MATH_ORIGINAL FILES/HELP_COURSES/ELMGR5/L4/TI/L4TI08.swf,,migrations/course-g05-l04-ti-008/audit/machine/g5-l4-pre-runtime-swf-definition-inventory.csv,dfe633f4c5fc0791c207af1f0a2770fcec720d6e423f6b0aaaa96faeaf47f9b1,CSV definition-index record for DefineShape,,,"projection only; no asset bytes exported, transformed, redrawn, or generated",machine-extracted-structural-candidate,owner-provided SWF,"container=root; definitionDepth=0; tagOrdinal=614; payloadBytes=26; rawTagPayloadSha256=588deff1c2ca93756b1d93006d59aa6cbcacbc6fd47c58aa8bdb98958daf51f6; exactTagIdentitySha256=55848e8ec86abe7c516fcf18d91aae9ee6ed36685a4dbdcd149ea08a185eb867; runtime reachability unresolved; placement and bounds unresolved; renderer suitability unresolved; machineDefinitionIndexSha256=dfe633f4c5fc0791c207af1f0a2770fcec720d6e423f6b0aaaa96faeaf47f9b1; Structural/static source-derived candidate only. The exported_file is the shared machine definition-index evidence, not a visual or renderer asset export. It is not an authoritative original-runtime baseline and establishes no runtime reachability, placement, asset usage, visual appearance, renderer suitability, human or owner acceptance, strict completion, or publication."
swf-definition-00615,134,,structural-text-definition-candidate,source-assets/flash/HELP MATH_ORIGINAL FILES/HELP_COURSES/ELMGR5/L4/TI/L4TI08.swf,,migrations/course-g05-l04-ti-008/audit/machine/g5-l4-pre-runtime-swf-definition-inventory.csv,dfe633f4c5fc0791c207af1f0a2770fcec720d6e423f6b0aaaa96faeaf47f9b1,CSV definition-index record for DefineText,,,"projection only; no asset bytes exported, transformed, redrawn, or generated",machine-extracted-structural-candidate,owner-provided SWF,"container=root; definitionDepth=0; tagOrdinal=615; payloadBytes=142; rawTagPayloadSha256=dbb630c6f79fcbaabd095cfb394fa1efedfce8183b742d4223cef1fb37a97cf9; exactTagIdentitySha256=2bf34aea3b083ecdd03e84d6d8e06d6371ec58dcd63e37a6e0fcf75384ee8b66; runtime reachability unresolved; placement and bounds unresolved; renderer suitability unresolved; machineDefinitionIndexSha256=dfe633f4c5fc0791c207af1f0a2770fcec720d6e423f6b0aaaa96faeaf47f9b1; Structural/static source-derived candidate only. The exported_file is the shared machine definition-index evidence, not a visual or renderer asset export. It is not an authoritative original-runtime baseline and establishes no runtime reachability, placement, asset usage, visual appearance, renderer suitability, human or owner acceptance, strict completion, or publication."
swf-definition-00616,135,,structural-shape-definition-candidate,source-assets/flash/HELP MATH_ORIGINAL FILES/HELP_COURSES/ELMGR5/L4/TI/L4TI08.swf,,migrations/course-g05-l04-ti-008/audit/machine/g5-l4-pre-runtime-swf-definition-inventory.csv,dfe633f4c5fc0791c207af1f0a2770fcec720d6e423f6b0aaaa96faeaf47f9b1,CSV definition-index record for DefineShape,,,"projection only; no asset bytes exported, transformed, redrawn, or generated",machine-extracted-structural-candidate,owner-provided SWF,"container=root; definitionDepth=0; tagOrdinal=616; payloadBytes=28; rawTagPayloadSha256=187721cec6cd8f748de5548a30fa41a207197476168c7d20957327c9a7b399cf; exactTagIdentitySha256=37e180b1073e64f230c3459035eb751608bb248f89c5baac0f1f9804e59956c1; runtime reachability unresolved; placement and bounds unresolved; renderer suitability unresolved; machineDefinitionIndexSha256=dfe633f4c5fc0791c207af1f0a2770fcec720d6e423f6b0aaaa96faeaf47f9b1; Structural/static source-derived candidate only. The exported_file is the shared machine definition-index evidence, not a visual or renderer asset export. It is not an authoritative original-runtime baseline and establishes no runtime reachability, placement, asset usage, visual appearance, renderer suitability, human or owner acceptance, strict completion, or publication."
swf-definition-00617,136,,structural-text-definition-candidate,source-assets/flash/HELP MATH_ORIGINAL FILES/HELP_COURSES/ELMGR5/L4/TI/L4TI08.swf,,migrations/course-g05-l04-ti-008/audit/machine/g5-l4-pre-runtime-swf-definition-inventory.csv,dfe633f4c5fc0791c207af1f0a2770fcec720d6e423f6b0aaaa96faeaf47f9b1,CSV definition-index record for DefineText,,,"projection only; no asset bytes exported, transformed, redrawn, or generated",machine-extracted-structural-candidate,owner-provided SWF,"container=root; definitionDepth=0; tagOrdinal=617; payloadBytes=34; rawTagPayloadSha256=cb06e0481e244670259816658cba34bf995115a852bd4c708d9d0057d8033d27; exactTagIdentitySha256=59cc5c9bcec7abcc8243185d19fb99be9c766c14bae995882b11c7b2a9f132a1; runtime reachability unresolved; placement and bounds unresolved; renderer suitability unresolved; machineDefinitionIndexSha256=dfe633f4c5fc0791c207af1f0a2770fcec720d6e423f6b0aaaa96faeaf47f9b1; Structural/static source-derived candidate only. The exported_file is the shared machine definition-index evidence, not a visual or renderer asset export. It is not an authoritative original-runtime baseline and establishes no runtime reachability, placement, asset usage, visual appearance, renderer suitability, human or owner acceptance, strict completion, or publication."
swf-definition-00618,137,,structural-shape-definition-candidate,source-assets/flash/HELP MATH_ORIGINAL FILES/HELP_COURSES/ELMGR5/L4/TI/L4TI08.swf,,migrations/course-g05-l04-ti-008/audit/machine/g5-l4-pre-runtime-swf-definition-inventory.csv,dfe633f4c5fc0791c207af1f0a2770fcec720d6e423f6b0aaaa96faeaf47f9b1,CSV definition-index record for DefineShape,,,"projection only; no asset bytes exported, transformed, redrawn, or generated",machine-extracted-structural-candidate,owner-provided SWF,"container=root; definitionDepth=0; tagOrdinal=618; payloadBytes=28; rawTagPayloadSha256=87c580a46a1dea49e3ca31bec8c5aa29bc6f67bf61d610fc41ce611e22702ceb; exactTagIdentitySha256=a20c1cbd999247d6c9aae009b92efa0403681fb3ba3f90e60bee19069b9dca33; runtime reachability unresolved; placement and bounds unresolved; renderer suitability unresolved; machineDefinitionIndexSha256=dfe633f4c5fc0791c207af1f0a2770fcec720d6e423f6b0aaaa96faeaf47f9b1; Structural/static source-derived candidate only. The exported_file is the shared machine definition-index evidence, not a visual or renderer asset export. It is not an authoritative original-runtime baseline and establishes no runtime reachability, placement, asset usage, visual appearance, renderer suitability, human or owner acceptance, strict completion, or publication."
swf-definition-00619,138,,structural-text-definition-candidate,source-assets/flash/HELP MATH_ORIGINAL FILES/HELP_COURSES/ELMGR5/L4/TI/L4TI08.swf,,migrations/course-g05-l04-ti-008/audit/machine/g5-l4-pre-runtime-swf-definition-inventory.csv,dfe633f4c5fc0791c207af1f0a2770fcec720d6e423f6b0aaaa96faeaf47f9b1,CSV definition-index record for DefineText,,,"projection only; no asset bytes exported, transformed, redrawn, or generated",machine-extracted-structural-candidate,owner-provided SWF,"container=root; definitionDepth=0; tagOrdinal=619; payloadBytes=34; rawTagPayloadSha256=eecf23318058d2347c199d04b161949e951fe81d2b0a3533c9fb61b8506b7c3c; exactTagIdentitySha256=e38a49fb189ee4816ed5441073598ac7bae0926b8e69e8b2ac43fe4d299366d0; runtime reachability unresolved; placement and bounds unresolved; renderer suitability unresolved; machineDefinitionIndexSha256=dfe633f4c5fc0791c207af1f0a2770fcec720d6e423f6b0aaaa96faeaf47f9b1; Structural/static source-derived candidate only. The exported_file is the shared machine definition-index evidence, not a visual or renderer asset export. It is not an authoritative original-runtime baseline and establishes no runtime reachability, placement, asset usage, visual appearance, renderer suitability, human or owner acceptance, strict completion, or publication."
swf-definition-00620,139,,structural-shape-definition-candidate,source-assets/flash/HELP MATH_ORIGINAL FILES/HELP_COURSES/ELMGR5/L4/TI/L4TI08.swf,,migrations/course-g05-l04-ti-008/audit/machine/g5-l4-pre-runtime-swf-definition-inventory.csv,dfe633f4c5fc0791c207af1f0a2770fcec720d6e423f6b0aaaa96faeaf47f9b1,CSV definition-index record for DefineShape,,,"projection only; no asset bytes exported, transformed, redrawn, or generated",machine-extracted-structural-candidate,owner-provided SWF,"container=root; definitionDepth=0; tagOrdinal=620; payloadBytes=26; rawTagPayloadSha256=6a0e805630985f8d306297ae5fd99dd5eb08f74f66bfbc602755addfce2b7fed; exactTagIdentitySha256=bbece1ce077c2f0b27d71641cf77e26a25304a4c8bbb893176a43f58eead21b6; runtime reachability unresolved; placement and bounds unresolved; renderer suitability unresolved; machineDefinitionIndexSha256=dfe633f4c5fc0791c207af1f0a2770fcec720d6e423f6b0aaaa96faeaf47f9b1; Structural/static source-derived candidate only. The exported_file is the shared machine definition-index evidence, not a visual or renderer asset export. It is not an authoritative original-runtime baseline and establishes no runtime reachability, placement, asset usage, visual appearance, renderer suitability, human or owner acceptance, strict completion, or publication."
swf-definition-00621,140,,structural-text-definition-candidate,source-assets/flash/HELP MATH_ORIGINAL FILES/HELP_COURSES/ELMGR5/L4/TI/L4TI08.swf,,migrations/course-g05-l04-ti-008/audit/machine/g5-l4-pre-runtime-swf-definition-inventory.csv,dfe633f4c5fc0791c207af1f0a2770fcec720d6e423f6b0aaaa96faeaf47f9b1,CSV definition-index record for DefineText,,,"projection only; no asset bytes exported, transformed, redrawn, or generated",machine-extracted-structural-candidate,owner-provided SWF,"container=root; definitionDepth=0; tagOrdinal=621; payloadBytes=57; rawTagPayloadSha256=c982dd47d05fee23125e48fdddccdef589220c0fdd469d577a63225b21ca78f6; exactTagIdentitySha256=63700fba7e4614d94fa63262752955f60720da97c730c4985a86f3457a1ba7c0; runtime reachability unresolved; placement and bounds unresolved; renderer suitability unresolved; machineDefinitionIndexSha256=dfe633f4c5fc0791c207af1f0a2770fcec720d6e423f6b0aaaa96faeaf47f9b1; Structural/static source-derived candidate only. The exported_file is the shared machine definition-index evidence, not a visual or renderer asset export. It is not an authoritative original-runtime baseline and establishes no runtime reachability, placement, asset usage, visual appearance, renderer suitability, human or owner acceptance, strict completion, or publication."
swf-definition-00622,141,,structural-shape-definition-candidate,source-assets/flash/HELP MATH_ORIGINAL FILES/HELP_COURSES/ELMGR5/L4/TI/L4TI08.swf,,migrations/course-g05-l04-ti-008/audit/machine/g5-l4-pre-runtime-swf-definition-inventory.csv,dfe633f4c5fc0791c207af1f0a2770fcec720d6e423f6b0aaaa96faeaf47f9b1,CSV definition-index record for DefineShape,,,"projection only; no asset bytes exported, transformed, redrawn, or generated",machine-extracted-structural-candidate,owner-provided SWF,"container=root; definitionDepth=0; tagOrdinal=622; payloadBytes=28; rawTagPayloadSha256=af321450fc0856c0bf8c4a0b802a97009688a2369973ce0819442a63b480f0d0; exactTagIdentitySha256=6e7d75cbe0870f640c24452f52667cc7b2b78a82c56253af1348c8fa650f7d21; runtime reachability unresolved; placement and bounds unresolved; renderer suitability unresolved; machineDefinitionIndexSha256=dfe633f4c5fc0791c207af1f0a2770fcec720d6e423f6b0aaaa96faeaf47f9b1; Structural/static source-derived candidate only. The exported_file is the shared machine definition-index evidence, not a visual or renderer asset export. It is not an authoritative original-runtime baseline and establishes no runtime reachability, placement, asset usage, visual appearance, renderer suitability, human or owner acceptance, strict completion, or publication."
swf-definition-00623,142,,structural-shape-definition-candidate,source-assets/flash/HELP MATH_ORIGINAL FILES/HELP_COURSES/ELMGR5/L4/TI/L4TI08.swf,,migrations/course-g05-l04-ti-008/audit/machine/g5-l4-pre-runtime-swf-definition-inventory.csv,dfe633f4c5fc0791c207af1f0a2770fcec720d6e423f6b0aaaa96faeaf47f9b1,CSV definition-index record for DefineShape,,,"projection only; no asset bytes exported, transformed, redrawn, or generated",machine-extracted-structural-candidate,owner-provided SWF,"container=root; definitionDepth=0; tagOrdinal=623; payloadBytes=28; rawTagPayloadSha256=866a6397f462bfa52109bd3f194e8467829e86bf22b14b49c9ab33a7c845b922; exactTagIdentitySha256=5c5425e95997c502776ea0dfc1887270079b211b238810a02b31f961dc7480f3; runtime reachability unresolved; placement and bounds unresolved; renderer suitability unresolved; machineDefinitionIndexSha256=dfe633f4c5fc0791c207af1f0a2770fcec720d6e423f6b0aaaa96faeaf47f9b1; Structural/static source-derived candidate only. The exported_file is the shared machine definition-index evidence, not a visual or renderer asset export. It is not an authoritative original-runtime baseline and establishes no runtime reachability, placement, asset usage, visual appearance, renderer suitability, human or owner acceptance, strict completion, or publication."
swf-definition-00624,143,,structural-shape-definition-candidate,source-assets/flash/HELP MATH_ORIGINAL FILES/HELP_COURSES/ELMGR5/L4/TI/L4TI08.swf,,migrations/course-g05-l04-ti-008/audit/machine/g5-l4-pre-runtime-swf-definition-inventory.csv,dfe633f4c5fc0791c207af1f0a2770fcec720d6e423f6b0aaaa96faeaf47f9b1,CSV definition-index record for DefineShape,,,"projection only; no asset bytes exported, transformed, redrawn, or generated",machine-extracted-structural-candidate,owner-provided SWF,"container=root; definitionDepth=0; tagOrdinal=624; payloadBytes=28; rawTagPayloadSha256=0e0c89f57c3c711fdaac4320a3a9608a969c19c139e4c1b8a77ec7cd301cc1e3; exactTagIdentitySha256=3751adac2fa97c9fb57668023ab9f95a48ce49038a4ffbc9f9a2db1cfc1c1e21; runtime reachability unresolved; placement and bounds unresolved; renderer suitability unresolved; machineDefinitionIndexSha256=dfe633f4c5fc0791c207af1f0a2770fcec720d6e423f6b0aaaa96faeaf47f9b1; Structural/static source-derived candidate only. The exported_file is the shared machine definition-index evidence, not a visual or renderer asset export. It is not an authoritative original-runtime baseline and establishes no runtime reachability, placement, asset usage, visual appearance, renderer suitability, human or owner acceptance, strict completion, or publication."
swf-definition-00625,144,,structural-shape-definition-candidate,source-assets/flash/HELP MATH_ORIGINAL FILES/HELP_COURSES/ELMGR5/L4/TI/L4TI08.swf,,migrations/course-g05-l04-ti-008/audit/machine/g5-l4-pre-runtime-swf-definition-inventory.csv,dfe633f4c5fc0791c207af1f0a2770fcec720d6e423f6b0aaaa96faeaf47f9b1,CSV definition-index record for DefineShape2,,,"projection only; no asset bytes exported, transformed, redrawn, or generated",machine-extracted-structural-candidate,owner-provided SWF,"container=root; definitionDepth=0; tagOrdinal=625; payloadBytes=117; rawTagPayloadSha256=38d8deba83977094d99482785ac3c1d7f69da5a4fbe720baaf2b8047c7ac65b1; exactTagIdentitySha256=7e1776ea1ab5c7871b6c3784ef24f65b063872a95b641b14170dabdbf1a74af9; runtime reachability unresolved; placement and bounds unresolved; renderer suitability unresolved; machineDefinitionIndexSha256=dfe633f4c5fc0791c207af1f0a2770fcec720d6e423f6b0aaaa96faeaf47f9b1; Structural/static source-derived candidate only. The exported_file is the shared machine definition-index evidence, not a visual or renderer asset export. It is not an authoritative original-runtime baseline and establishes no runtime reachability, placement, asset usage, visual appearance, renderer suitability, human or owner acceptance, strict completion, or publication."
swf-definition-00626,145,,structural-text-definition-candidate,source-assets/flash/HELP MATH_ORIGINAL FILES/HELP_COURSES/ELMGR5/L4/TI/L4TI08.swf,,migrations/course-g05-l04-ti-008/audit/machine/g5-l4-pre-runtime-swf-definition-inventory.csv,dfe633f4c5fc0791c207af1f0a2770fcec720d6e423f6b0aaaa96faeaf47f9b1,CSV definition-index record for DefineText,,,"projection only; no asset bytes exported, transformed, redrawn, or generated",machine-extracted-structural-candidate,owner-provided SWF,"container=root; definitionDepth=0; tagOrdinal=626; payloadBytes=25; rawTagPayloadSha256=c09f8a4301a9e46492e9a40fc6e61806d8d485a70f4a017be0722f72b0898df4; exactTagIdentitySha256=c501532bb203fe2a31bdbdcc37f20da246e1d598f33ac6f719886d12856dffb6; runtime reachability unresolved; placement and bounds unresolved; renderer suitability unresolved; machineDefinitionIndexSha256=dfe633f4c5fc0791c207af1f0a2770fcec720d6e423f6b0aaaa96faeaf47f9b1; Structural/static source-derived candidate only. The exported_file is the shared machine definition-index evidence, not a visual or renderer asset export. It is not an authoritative original-runtime baseline and establishes no runtime reachability, placement, asset usage, visual appearance, renderer suitability, human or owner acceptance, strict completion, or publication."
swf-definition-00627,146,,structural-text-definition-candidate,source-assets/flash/HELP MATH_ORIGINAL FILES/HELP_COURSES/ELMGR5/L4/TI/L4TI08.swf,,migrations/course-g05-l04-ti-008/audit/machine/g5-l4-pre-runtime-swf-definition-inventory.csv,dfe633f4c5fc0791c207af1f0a2770fcec720d6e423f6b0aaaa96faeaf47f9b1,CSV definition-index record for DefineText,,,"projection only; no asset bytes exported, transformed, redrawn, or generated",machine-extracted-structural-candidate,owner-provided SWF,"container=root; definitionDepth=0; tagOrdinal=627; payloadBytes=25; rawTagPayloadSha256=2b098a35d718d378309037af35156f3f2d7df5341fa0f66551dafb280394de5e; exactTagIdentitySha256=fd64d870559e3297698a5b927d04eefc1a57fabc1ab20722b8effda6a193b473; runtime reachability unresolved; placement and bounds unresolved; renderer suitability unresolved; machineDefinitionIndexSha256=dfe633f4c5fc0791c207af1f0a2770fcec720d6e423f6b0aaaa96faeaf47f9b1; Structural/static source-derived candidate only. The exported_file is the shared machine definition-index evidence, not a visual or renderer asset export. It is not an authoritative original-runtime baseline and establishes no runtime reachability, placement, asset usage, visual appearance, renderer suitability, human or owner acceptance, strict completion, or publication."
swf-definition-00628,147,,structural-shape-definition-candidate,source-assets/flash/HELP MATH_ORIGINAL FILES/HELP_COURSES/ELMGR5/L4/TI/L4TI08.swf,,migrations/course-g05-l04-ti-008/audit/machine/g5-l4-pre-runtime-swf-definition-inventory.csv,dfe633f4c5fc0791c207af1f0a2770fcec720d6e423f6b0aaaa96faeaf47f9b1,CSV definition-index record for DefineShape,,,"projection only; no asset bytes exported, transformed, redrawn, or generated",machine-extracted-structural-candidate,owner-provided SWF,"container=root; definitionDepth=0; tagOrdinal=628; payloadBytes=28; rawTagPayloadSha256=1b0053216d8acf894c68f026b9fd40342edaca5475f7dcdd45ef19ac7772cd59; exactTagIdentitySha256=bc0cf5e2704fa2f9608cc390f259c3c1920b68e8e6d4b9fd6f59cda8360fde43; runtime reachability unresolved; placement and bounds unresolved; renderer suitability unresolved; machineDefinitionIndexSha256=dfe633f4c5fc0791c207af1f0a2770fcec720d6e423f6b0aaaa96faeaf47f9b1; Structural/static source-derived candidate only. The exported_file is the shared machine definition-index evidence, not a visual or renderer asset export. It is not an authoritative original-runtime baseline and establishes no runtime reachability, placement, asset usage, visual appearance, renderer suitability, human or owner acceptance, strict completion, or publication."
swf-definition-00629,148,,structural-shape-definition-candidate,source-assets/flash/HELP MATH_ORIGINAL FILES/HELP_COURSES/ELMGR5/L4/TI/L4TI08.swf,,migrations/course-g05-l04-ti-008/audit/machine/g5-l4-pre-runtime-swf-definition-inventory.csv,dfe633f4c5fc0791c207af1f0a2770fcec720d6e423f6b0aaaa96faeaf47f9b1,CSV definition-index record for DefineShape,,,"projection only; no asset bytes exported, transformed, redrawn, or generated",machine-extracted-structural-candidate,owner-provided SWF,"container=root; definitionDepth=0; tagOrdinal=629; payloadBytes=54; rawTagPayloadSha256=55b175f0b4a0fd8bae4ecc0c8b5a4273a696bb282b56c6de18e565b4ad82d75f; exactTagIdentitySha256=838176452ec27d0b5b18c0baab196992082975072ede667b56388a9028c26bef; runtime reachability unresolved; placement and bounds unresolved; renderer suitability unresolved; machineDefinitionIndexSha256=dfe633f4c5fc0791c207af1f0a2770fcec720d6e423f6b0aaaa96faeaf47f9b1; Structural/static source-derived candidate only. The exported_file is the shared machine definition-index evidence, not a visual or renderer asset export. It is not an authoritative original-runtime baseline and establishes no runtime reachability, placement, asset usage, visual appearance, renderer suitability, human or owner acceptance, strict completion, or publication."
swf-definition-00630,149,,structural-shape-definition-candidate,source-assets/flash/HELP MATH_ORIGINAL FILES/HELP_COURSES/ELMGR5/L4/TI/L4TI08.swf,,migrations/course-g05-l04-ti-008/audit/machine/g5-l4-pre-runtime-swf-definition-inventory.csv,dfe633f4c5fc0791c207af1f0a2770fcec720d6e423f6b0aaaa96faeaf47f9b1,CSV definition-index record for DefineShape,,,"projection only; no asset bytes exported, transformed, redrawn, or generated",machine-extracted-structural-candidate,owner-provided SWF,"container=root; definitionDepth=0; tagOrdinal=630; payloadBytes=28; rawTagPayloadSha256=d2ae2ff02ac437112010a9c78c1fe34717610e67f4642a605a733f40e02faf61; exactTagIdentitySha256=5d4bf2fe3e6590253f05fa821be461c78cc8977f15dd00842a3a3d25470c1bbf; runtime reachability unresolved; placement and bounds unresolved; renderer suitability unresolved; machineDefinitionIndexSha256=dfe633f4c5fc0791c207af1f0a2770fcec720d6e423f6b0aaaa96faeaf47f9b1; Structural/static source-derived candidate only. The exported_file is the shared machine definition-index evidence, not a visual or renderer asset export. It is not an authoritative original-runtime baseline and establishes no runtime reachability, placement, asset usage, visual appearance, renderer suitability, human or owner acceptance, strict completion, or publication."
swf-definition-00631,150,,structural-shape-definition-candidate,source-assets/flash/HELP MATH_ORIGINAL FILES/HELP_COURSES/ELMGR5/L4/TI/L4TI08.swf,,migrations/course-g05-l04-ti-008/audit/machine/g5-l4-pre-runtime-swf-definition-inventory.csv,dfe633f4c5fc0791c207af1f0a2770fcec720d6e423f6b0aaaa96faeaf47f9b1,CSV definition-index record for DefineShape,,,"projection only; no asset bytes exported, transformed, redrawn, or generated",machine-extracted-structural-candidate,owner-provided SWF,"container=root; definitionDepth=0; tagOrdinal=631; payloadBytes=31; rawTagPayloadSha256=a370f8f1374fb3d02da48ff8e1d71b34e4f7d4221e770f7fa5a3f25f7b1e0a31; exactTagIdentitySha256=bfbce87ea79fc74b26602be26fc09a32bbb55db82693a58b8a3d9b6bc54bdf25; runtime reachability unresolved; placement and bounds unresolved; renderer suitability unresolved; machineDefinitionIndexSha256=dfe633f4c5fc0791c207af1f0a2770fcec720d6e423f6b0aaaa96faeaf47f9b1; Structural/static source-derived candidate only. The exported_file is the shared machine definition-index evidence, not a visual or renderer asset export. It is not an authoritative original-runtime baseline and establishes no runtime reachability, placement, asset usage, visual appearance, renderer suitability, human or owner acceptance, strict completion, or publication."
swf-definition-00632,151,,structural-button-definition-candidate,source-assets/flash/HELP MATH_ORIGINAL FILES/HELP_COURSES/ELMGR5/L4/TI/L4TI08.swf,,migrations/course-g05-l04-ti-008/audit/machine/g5-l4-pre-runtime-swf-definition-inventory.csv,dfe633f4c5fc0791c207af1f0a2770fcec720d6e423f6b0aaaa96faeaf47f9b1,CSV definition-index record for DefineButton2,,,"projection only; no asset bytes exported, transformed, redrawn, or generated",machine-extracted-structural-candidate,owner-provided SWF,"container=root; definitionDepth=0; tagOrdinal=632; payloadBytes=168; rawTagPayloadSha256=41b727284b83101edf6c8b951cedde4076ce5cf8e0bfcd93134969ce9edd1b87; exactTagIdentitySha256=124e5ba78f5b7fd546d1bd9d3e5f7e5a8bef9085f11cd28c518e343d5b246c8c; runtime reachability unresolved; placement and bounds unresolved; renderer suitability unresolved; machineDefinitionIndexSha256=dfe633f4c5fc0791c207af1f0a2770fcec720d6e423f6b0aaaa96faeaf47f9b1; Structural/static source-derived candidate only. The exported_file is the shared machine definition-index evidence, not a visual or renderer asset export. It is not an authoritative original-runtime baseline and establishes no runtime reachability, placement, asset usage, visual appearance, renderer suitability, human or owner acceptance, strict completion, or publication."
swf-definition-00633,152,,structural-button-definition-candidate,source-assets/flash/HELP MATH_ORIGINAL FILES/HELP_COURSES/ELMGR5/L4/TI/L4TI08.swf,,migrations/course-g05-l04-ti-008/audit/machine/g5-l4-pre-runtime-swf-definition-inventory.csv,dfe633f4c5fc0791c207af1f0a2770fcec720d6e423f6b0aaaa96faeaf47f9b1,CSV definition-index record for DefineButton2,,,"projection only; no asset bytes exported, transformed, redrawn, or generated",machine-extracted-structural-candidate,owner-provided SWF,"container=root; definitionDepth=0; tagOrdinal=633; payloadBytes=171; rawTagPayloadSha256=ac79dc5932c1d7fd290b543a253525e729a931b9c3b1e36dce864b97adf1013b; exactTagIdentitySha256=c61ad881d12ccd47b290466997e9aede0ada4410e4262e00fe00413de8eb4df4; runtime reachability unresolved; placement and bounds unresolved; renderer suitability unresolved; machineDefinitionIndexSha256=dfe633f4c5fc0791c207af1f0a2770fcec720d6e423f6b0aaaa96faeaf47f9b1; Structural/static source-derived candidate only. The exported_file is the shared machine definition-index evidence, not a visual or renderer asset export. It is not an authoritative original-runtime baseline and establishes no runtime reachability, placement, asset usage, visual appearance, renderer suitability, human or owner acceptance, strict completion, or publication."
swf-definition-00634,153,,structural-button-definition-candidate,source-assets/flash/HELP MATH_ORIGINAL FILES/HELP_COURSES/ELMGR5/L4/TI/L4TI08.swf,,migrations/course-g05-l04-ti-008/audit/machine/g5-l4-pre-runtime-swf-definition-inventory.csv,dfe633f4c5fc0791c207af1f0a2770fcec720d6e423f6b0aaaa96faeaf47f9b1,CSV definition-index record for DefineButton2,,,"projection only; no asset bytes exported, transformed, redrawn, or generated",machine-extracted-structural-candidate,owner-provided SWF,"container=root; definitionDepth=0; tagOrdinal=634; payloadBytes=174; rawTagPayloadSha256=a633dc346e422fefc2bd2fd6c55744cefc59c29e333339b3897fc75da54e5320; exactTagIdentitySha256=732064f5f744daf8f959177fe95aad4b249ea29322e615a863a39cc76374d3c1; runtime reachability unresolved; placement and bounds unresolved; renderer suitability unresolved; machineDefinitionIndexSha256=dfe633f4c5fc0791c207af1f0a2770fcec720d6e423f6b0aaaa96faeaf47f9b1; Structural/static source-derived candidate only. The exported_file is the shared machine definition-index evidence, not a visual or renderer asset export. It is not an authoritative original-runtime baseline and establishes no runtime reachability, placement, asset usage, visual appearance, renderer suitability, human or owner acceptance, strict completion, or publication."
swf-definition-00635,154,,structural-button-definition-candidate,source-assets/flash/HELP MATH_ORIGINAL FILES/HELP_COURSES/ELMGR5/L4/TI/L4TI08.swf,,migrations/course-g05-l04-ti-008/audit/machine/g5-l4-pre-runtime-swf-definition-inventory.csv,dfe633f4c5fc0791c207af1f0a2770fcec720d6e423f6b0aaaa96faeaf47f9b1,CSV definition-index record for DefineButton2,,,"projection only; no asset bytes exported, transformed, redrawn, or generated",machine-extracted-structural-candidate,owner-provided SWF,"container=root; definitionDepth=0; tagOrdinal=635; payloadBytes=171; rawTagPayloadSha256=15f8df535147a388b935cd212db07691ec3468fddb199ace633bff10da98662b; exactTagIdentitySha256=28ec0d3c2c48cc771f298e328736e5c55668334de47475cc2d4c6d5a20b07c58; runtime reachability unresolved; placement and bounds unresolved; renderer suitability unresolved; machineDefinitionIndexSha256=dfe633f4c5fc0791c207af1f0a2770fcec720d6e423f6b0aaaa96faeaf47f9b1; Structural/static source-derived candidate only. The exported_file is the shared machine definition-index evidence, not a visual or renderer asset export. It is not an authoritative original-runtime baseline and establishes no runtime reachability, placement, asset usage, visual appearance, renderer suitability, human or owner acceptance, strict completion, or publication."
swf-definition-00636,155,,structural-sprite-definition-candidate,source-assets/flash/HELP MATH_ORIGINAL FILES/HELP_COURSES/ELMGR5/L4/TI/L4TI08.swf,,migrations/course-g05-l04-ti-008/audit/machine/g5-l4-pre-runtime-swf-definition-inventory.csv,dfe633f4c5fc0791c207af1f0a2770fcec720d6e423f6b0aaaa96faeaf47f9b1,CSV definition-index record for DefineSprite,,,"projection only; no asset bytes exported, transformed, redrawn, or generated",machine-extracted-structural-candidate,owner-provided SWF,"container=root; definitionDepth=0; tagOrdinal=636; payloadBytes=421; rawTagPayloadSha256=390e49ae82b0dc8e14be7a473719c5ccf0e32dbb941db26aebfae54cc2fdf227; exactTagIdentitySha256=619359c05803183bb9ff2ee9ee6188dc995e5251b462e73359fec965102afc15; declaredFrameCount=1; runtime reachability unresolved; placement and bounds unresolved; renderer suitability unresolved; machineDefinitionIndexSha256=dfe633f4c5fc0791c207af1f0a2770fcec720d6e423f6b0aaaa96faeaf47f9b1; Structural/static source-derived candidate only. The exported_file is the shared machine definition-index evidence, not a visual or renderer asset export. It is not an authoritative original-runtime baseline and establishes no runtime reachability, placement, asset usage, visual appearance, renderer suitability, human or owner acceptance, strict completion, or publication."
swf-definition-00675,156,,structural-shape-definition-candidate,source-assets/flash/HELP MATH_ORIGINAL FILES/HELP_COURSES/ELMGR5/L4/TI/L4TI08.swf,,migrations/course-g05-l04-ti-008/audit/machine/g5-l4-pre-runtime-swf-definition-inventory.csv,dfe633f4c5fc0791c207af1f0a2770fcec720d6e423f6b0aaaa96faeaf47f9b1,CSV definition-index record for DefineShape,,,"projection only; no asset bytes exported, transformed, redrawn, or generated",machine-extracted-structural-candidate,owner-provided SWF,"container=root; definitionDepth=0; tagOrdinal=675; payloadBytes=101; rawTagPayloadSha256=d0ab25a851d586b3e60e93b69710eba01d4f4ce476c9e9f44ba59ea01190c7e4; exactTagIdentitySha256=b73b09442bfd9e251b9ff5147f1e930ab4175a84dc3972b06e0b51c2b3f90de4; runtime reachability unresolved; placement and bounds unresolved; renderer suitability unresolved; machineDefinitionIndexSha256=dfe633f4c5fc0791c207af1f0a2770fcec720d6e423f6b0aaaa96faeaf47f9b1; Structural/static source-derived candidate only. The exported_file is the shared machine definition-index evidence, not a visual or renderer asset export. It is not an authoritative original-runtime baseline and establishes no runtime reachability, placement, asset usage, visual appearance, renderer suitability, human or owner acceptance, strict completion, or publication."
swf-definition-00676,157,,structural-font-definition-candidate,source-assets/flash/HELP MATH_ORIGINAL FILES/HELP_COURSES/ELMGR5/L4/TI/L4TI08.swf,,migrations/course-g05-l04-ti-008/audit/machine/g5-l4-pre-runtime-swf-definition-inventory.csv,dfe633f4c5fc0791c207af1f0a2770fcec720d6e423f6b0aaaa96faeaf47f9b1,CSV definition-index record for DefineFont2,,7,"projection only; no asset bytes exported, transformed, redrawn, or generated",machine-extracted-structural-candidate,owner-provided SWF,"swfEmbeddedFontName=Bertram LET; container=root; definitionDepth=0; tagOrdinal=676; payloadBytes=969; rawTagPayloadSha256=2aadf918227ee8647f01bd752f1f6f6a35fbc415b1e9bd6219bec290f602b007; exactTagIdentitySha256=880d2045d54cc756430ee1dd4743686e2f3c1053fcf79906c847f46870c5ada7; runtime reachability unresolved; placement and bounds unresolved; renderer suitability unresolved; machineDefinitionIndexSha256=dfe633f4c5fc0791c207af1f0a2770fcec720d6e423f6b0aaaa96faeaf47f9b1; Structural/static source-derived candidate only. The exported_file is the shared machine definition-index evidence, not a visual or renderer asset export. It is not an authoritative original-runtime baseline and establishes no runtime reachability, placement, asset usage, visual appearance, renderer suitability, human or owner acceptance, strict completion, or publication."
swf-definition-00677,158,,structural-text-definition-candidate,source-assets/flash/HELP MATH_ORIGINAL FILES/HELP_COURSES/ELMGR5/L4/TI/L4TI08.swf,,migrations/course-g05-l04-ti-008/audit/machine/g5-l4-pre-runtime-swf-definition-inventory.csv,dfe633f4c5fc0791c207af1f0a2770fcec720d6e423f6b0aaaa96faeaf47f9b1,CSV definition-index record for DefineText,,,"projection only; no asset bytes exported, transformed, redrawn, or generated",machine-extracted-structural-candidate,owner-provided SWF,"container=root; definitionDepth=0; tagOrdinal=677; payloadBytes=43; rawTagPayloadSha256=4855b1f73f34c496a087d1d615084dbbb8157b67be5d9af06d70b29e75f79975; exactTagIdentitySha256=f13db3af8736f6e549241351e586d8ce44564ca0778712ccfd21006c7fab4005; runtime reachability unresolved; placement and bounds unresolved; renderer suitability unresolved; machineDefinitionIndexSha256=dfe633f4c5fc0791c207af1f0a2770fcec720d6e423f6b0aaaa96faeaf47f9b1; Structural/static source-derived candidate only. The exported_file is the shared machine definition-index evidence, not a visual or renderer asset export. It is not an authoritative original-runtime baseline and establishes no runtime reachability, placement, asset usage, visual appearance, renderer suitability, human or owner acceptance, strict completion, or publication."
swf-definition-00678,159,,structural-sprite-definition-candidate,source-assets/flash/HELP MATH_ORIGINAL FILES/HELP_COURSES/ELMGR5/L4/TI/L4TI08.swf,,migrations/course-g05-l04-ti-008/audit/machine/g5-l4-pre-runtime-swf-definition-inventory.csv,dfe633f4c5fc0791c207af1f0a2770fcec720d6e423f6b0aaaa96faeaf47f9b1,CSV definition-index record for DefineSprite,,,"projection only; no asset bytes exported, transformed, redrawn, or generated",machine-extracted-structural-candidate,owner-provided SWF,"container=root; definitionDepth=0; tagOrdinal=678; payloadBytes=10296; rawTagPayloadSha256=1e298e8454f25525b4761cc80e5258885620d8868fda5ef83733067a5c0ac135; exactTagIdentitySha256=b6d57b4f28ed5aced25f542bb62c61a8221de555bafbbd7a64a0170197fa39f3; declaredFrameCount=28; runtime reachability unresolved; placement and bounds unresolved; renderer suitability unresolved; machineDefinitionIndexSha256=dfe633f4c5fc0791c207af1f0a2770fcec720d6e423f6b0aaaa96faeaf47f9b1; Structural/static source-derived candidate only. The exported_file is the shared machine definition-index evidence, not a visual or renderer asset export. It is not an authoritative original-runtime baseline and establishes no runtime reachability, placement, asset usage, visual appearance, renderer suitability, human or owner acceptance, strict completion, or publication."
swf-definition-00738,160,,structural-sprite-definition-candidate,source-assets/flash/HELP MATH_ORIGINAL FILES/HELP_COURSES/ELMGR5/L4/TI/L4TI08.swf,,migrations/course-g05-l04-ti-008/audit/machine/g5-l4-pre-runtime-swf-definition-inventory.csv,dfe633f4c5fc0791c207af1f0a2770fcec720d6e423f6b0aaaa96faeaf47f9b1,CSV definition-index record for DefineSprite,,,"projection only; no asset bytes exported, transformed, redrawn, or generated",machine-extracted-structural-candidate,owner-provided SWF,"container=root; definitionDepth=0; tagOrdinal=738; payloadBytes=68976; rawTagPayloadSha256=49d5b2b2c4a095384385d2856ab993452836befcc2154587cbcbb68e6585f85d; exactTagIdentitySha256=0e879c12ca702dfeeea50e5144329cd509a9669139168ad41b4a40c093bf9e9d; declaredFrameCount=146; runtime reachability unresolved; placement and bounds unresolved; renderer suitability unresolved; machineDefinitionIndexSha256=dfe633f4c5fc0791c207af1f0a2770fcec720d6e423f6b0aaaa96faeaf47f9b1; Structural/static source-derived candidate only. The exported_file is the shared machine definition-index evidence, not a visual or renderer asset export. It is not an authoritative original-runtime baseline and establishes no runtime reachability, placement, asset usage, visual appearance, renderer suitability, human or owner acceptance, strict completion, or publication."
