asset_id,swf_character_id,library_symbol,type,source_file,source_frame,exported_file,sha256,format,dimensions_or_bounds,font_glyphs,transformation,confidence,license_or_provenance,notes
swf-definition-00011,1,Bauhaus Md BT,font,source-assets/flash/HELP MATH_ORIGINAL FILES/HELP_COURSES/ELMGR5/L5/VB/L5VB13.swf,,,0baa04fd87abdf26021cd27c3064a91d63a08989d107e21583ba9da66e90ef25,DefineFont2,,36,none; machine census only; no renderer export,machine-extracted-definition-candidate,owner-provided SWF,container=root; definitionDepth=0; tagOrdinal=11; payloadBytes=2672; rawTagPayloadSha256=0baa04fd87abdf26021cd27c3064a91d63a08989d107e21583ba9da66e90ef25; exactTagIdentitySha256=34fc19d086b0c82f66a3d9ad0f5fe2514d41d83517c9ab01cdb07d133ab8a0ce; runtime reachability unresolved; placement and bounds unresolved; renderer suitability unresolved
swf-definition-00013,2,,text,source-assets/flash/HELP MATH_ORIGINAL FILES/HELP_COURSES/ELMGR5/L5/VB/L5VB13.swf,,,e19c597ee57e7afe821456250d678dc62d3fcfb485a9249cb42efad3faa34b9e,DefineText,,,none; machine census only; no renderer export,machine-extracted-definition-candidate,owner-provided SWF,container=root; definitionDepth=0; tagOrdinal=13; payloadBytes=122; rawTagPayloadSha256=e19c597ee57e7afe821456250d678dc62d3fcfb485a9249cb42efad3faa34b9e; exactTagIdentitySha256=fff0903068dac088b8933c8f055079f500587ecf13f979f8f0b5427caa93a391; runtime reachability unresolved; placement and bounds unresolved; renderer suitability unresolved
swf-definition-00015,3,,shape,source-assets/flash/HELP MATH_ORIGINAL FILES/HELP_COURSES/ELMGR5/L5/VB/L5VB13.swf,,,92c7f5211c7e030c9050415471402b46cf7b88e86f0da15e48b2a24f9bbe2132,DefineShape,,,none; machine census only; no renderer export,machine-extracted-definition-candidate,owner-provided SWF,container=root; definitionDepth=0; tagOrdinal=15; payloadBytes=2851; rawTagPayloadSha256=92c7f5211c7e030c9050415471402b46cf7b88e86f0da15e48b2a24f9bbe2132; exactTagIdentitySha256=8d8b4ea3215d69f24d29d426410e2c4387c9ef85b1079095e393a6e73dff6b0d; runtime reachability unresolved; placement and bounds unresolved; renderer suitability unresolved
swf-definition-00017,4,,text,source-assets/flash/HELP MATH_ORIGINAL FILES/HELP_COURSES/ELMGR5/L5/VB/L5VB13.swf,,,b403aa873f0ac7382cb59703f2777d3cc95d54dd2dd6480a3981904e6f1d1a34,DefineText,,,none; machine census only; no renderer export,machine-extracted-definition-candidate,owner-provided SWF,container=root; definitionDepth=0; tagOrdinal=17; payloadBytes=160; rawTagPayloadSha256=b403aa873f0ac7382cb59703f2777d3cc95d54dd2dd6480a3981904e6f1d1a34; exactTagIdentitySha256=afdd172728338ceff556439ac4a3337958315707b3d766dd8af5a9b9fe5d49f9; runtime reachability unresolved; placement and bounds unresolved; renderer suitability unresolved
swf-definition-00018,5,,shape,source-assets/flash/HELP MATH_ORIGINAL FILES/HELP_COURSES/ELMGR5/L5/VB/L5VB13.swf,,,ad0db507ed5e9b85a157943ac52e612b762c32dec07a39fc0f6d16eb412b620a,DefineShape2,,,none; machine census only; no renderer export,machine-extracted-definition-candidate,owner-provided SWF,container=root; definitionDepth=0; tagOrdinal=18; payloadBytes=213; rawTagPayloadSha256=ad0db507ed5e9b85a157943ac52e612b762c32dec07a39fc0f6d16eb412b620a; exactTagIdentitySha256=5e15fc3c25ff76933358724578b15ba1368866d3286e73711200b9481acf2cee; runtime reachability unresolved; placement and bounds unresolved; renderer suitability unresolved
swf-definition-00019,6,,text,source-assets/flash/HELP MATH_ORIGINAL FILES/HELP_COURSES/ELMGR5/L5/VB/L5VB13.swf,,,d4a8b1cef0ab0c0ab6b2c47a57fa5e97a62257fc4a2ccb1a2f364b7c8a039b67,DefineText,,,none; machine census only; no renderer export,machine-extracted-definition-candidate,owner-provided SWF,container=root; definitionDepth=0; tagOrdinal=19; payloadBytes=25; rawTagPayloadSha256=d4a8b1cef0ab0c0ab6b2c47a57fa5e97a62257fc4a2ccb1a2f364b7c8a039b67; exactTagIdentitySha256=bb93c882879b1a4d734ad46ef32d59991049f05ce53f64e308c7fcd3c0eb9644; runtime reachability unresolved; placement and bounds unresolved; renderer suitability unresolved
swf-definition-00020,7,Arial,font,source-assets/flash/HELP MATH_ORIGINAL FILES/HELP_COURSES/ELMGR5/L5/VB/L5VB13.swf,,,bb5449dcb777e71949e2e407aa89ca7f712f105ab1d6279faf5a27c394ba18c4,DefineFont2,,8,none; machine census only; no renderer export,machine-extracted-definition-candidate,owner-provided SWF,container=root; definitionDepth=0; tagOrdinal=20; payloadBytes=795; rawTagPayloadSha256=bb5449dcb777e71949e2e407aa89ca7f712f105ab1d6279faf5a27c394ba18c4; exactTagIdentitySha256=b4f5493812f2bb36a4b68638fbb6ec4ce713d612e1ea233acd5abf39ab140b1a; runtime reachability unresolved; placement and bounds unresolved; renderer suitability unresolved
swf-definition-00022,8,,text,source-assets/flash/HELP MATH_ORIGINAL FILES/HELP_COURSES/ELMGR5/L5/VB/L5VB13.swf,,,357e35dc68cac2c3136a00a90258fe88de4278c49a3be2a2dbafbd24f4f034a7,DefineText,,,none; machine census only; no renderer export,machine-extracted-definition-candidate,owner-provided SWF,container=root; definitionDepth=0; tagOrdinal=22; payloadBytes=25; rawTagPayloadSha256=357e35dc68cac2c3136a00a90258fe88de4278c49a3be2a2dbafbd24f4f034a7; exactTagIdentitySha256=119ba365a5815c17c4818f05cd826107d9bc0f5c5a53f282f5bafee8a1cdd781; runtime reachability unresolved; placement and bounds unresolved; renderer suitability unresolved
swf-definition-00023,9,,text,source-assets/flash/HELP MATH_ORIGINAL FILES/HELP_COURSES/ELMGR5/L5/VB/L5VB13.swf,,,640baffeff8ca78be878658f9403b205f5717ecaadf28cd7131e710893e89af8,DefineText,,,none; machine census only; no renderer export,machine-extracted-definition-candidate,owner-provided SWF,container=root; definitionDepth=0; tagOrdinal=23; payloadBytes=25; rawTagPayloadSha256=640baffeff8ca78be878658f9403b205f5717ecaadf28cd7131e710893e89af8; exactTagIdentitySha256=231672868a8d791944019054c00916c6c52696e40bd8a15754e300ca061921af; runtime reachability unresolved; placement and bounds unresolved; renderer suitability unresolved
swf-definition-00024,10,,text,source-assets/flash/HELP MATH_ORIGINAL FILES/HELP_COURSES/ELMGR5/L5/VB/L5VB13.swf,,,945628612d2aba438cde45e8de4e532397a898f090cbe50beae15f4461c51103,DefineText,,,none; machine census only; no renderer export,machine-extracted-definition-candidate,owner-provided SWF,container=root; definitionDepth=0; tagOrdinal=24; payloadBytes=25; rawTagPayloadSha256=945628612d2aba438cde45e8de4e532397a898f090cbe50beae15f4461c51103; exactTagIdentitySha256=46b91a411bf687ace8067f392fce417e4f98d285838030a1546413144bc4d800; runtime reachability unresolved; placement and bounds unresolved; renderer suitability unresolved
swf-definition-00025,11,,text,source-assets/flash/HELP MATH_ORIGINAL FILES/HELP_COURSES/ELMGR5/L5/VB/L5VB13.swf,,,f682906c3ca8a2eb0a3aad4bd6bad84fdd4255ce2e0ca4acfbea572d13f86c59,DefineText,,,none; machine census only; no renderer export,machine-extracted-definition-candidate,owner-provided SWF,container=root; definitionDepth=0; tagOrdinal=25; payloadBytes=25; rawTagPayloadSha256=f682906c3ca8a2eb0a3aad4bd6bad84fdd4255ce2e0ca4acfbea572d13f86c59; exactTagIdentitySha256=7e94d679e7f2b8bc69b3d1f24180bdc41b0c01e9190b1adfbb679649f2c0fbe4; runtime reachability unresolved; placement and bounds unresolved; renderer suitability unresolved
swf-definition-00026,12,,text,source-assets/flash/HELP MATH_ORIGINAL FILES/HELP_COURSES/ELMGR5/L5/VB/L5VB13.swf,,,0c0c504512a2303e85c0a88eceeb43551dc28bdf7dbf98348ef622d67d99b703,DefineText,,,none; machine census only; no renderer export,machine-extracted-definition-candidate,owner-provided SWF,container=root; definitionDepth=0; tagOrdinal=26; payloadBytes=25; rawTagPayloadSha256=0c0c504512a2303e85c0a88eceeb43551dc28bdf7dbf98348ef622d67d99b703; exactTagIdentitySha256=49fb8b3509fbbaeb94a0a023d2cfc705d27a8ac6343760c063bbbb8102c1f01a; runtime reachability unresolved; placement and bounds unresolved; renderer suitability unresolved
swf-definition-00027,13,,text,source-assets/flash/HELP MATH_ORIGINAL FILES/HELP_COURSES/ELMGR5/L5/VB/L5VB13.swf,,,c305888ad8b247c82221b8a0a507a4e6745cec17d1660c6ed8a1aa92298c9209,DefineText,,,none; machine census only; no renderer export,machine-extracted-definition-candidate,owner-provided SWF,container=root; definitionDepth=0; tagOrdinal=27; payloadBytes=25; rawTagPayloadSha256=c305888ad8b247c82221b8a0a507a4e6745cec17d1660c6ed8a1aa92298c9209; exactTagIdentitySha256=935fc0ce17300bad67b0f9f54f715059792933d6a1816ce0643ead1153a67952; runtime reachability unresolved; placement and bounds unresolved; renderer suitability unresolved
swf-definition-00028,14,,text,source-assets/flash/HELP MATH_ORIGINAL FILES/HELP_COURSES/ELMGR5/L5/VB/L5VB13.swf,,,e589099d64ffa80d4678f231d0f748f7d90a7e50b8f0d4116d37a8f309add3a9,DefineText,,,none; machine census only; no renderer export,machine-extracted-definition-candidate,owner-provided SWF,container=root; definitionDepth=0; tagOrdinal=28; payloadBytes=25; rawTagPayloadSha256=e589099d64ffa80d4678f231d0f748f7d90a7e50b8f0d4116d37a8f309add3a9; exactTagIdentitySha256=1b27b0d9b2f9fb8b24cf25ce34c04a7b20440130618a92256c31885ce7fe244b; runtime reachability unresolved; placement and bounds unresolved; renderer suitability unresolved
swf-definition-00029,15,,text,source-assets/flash/HELP MATH_ORIGINAL FILES/HELP_COURSES/ELMGR5/L5/VB/L5VB13.swf,,,e2e2ad5872cc91becffa109847bbacc2318bcbc6ecebd1dd56219ecd64660c66,DefineText,,,none; machine census only; no renderer export,machine-extracted-definition-candidate,owner-provided SWF,container=root; definitionDepth=0; tagOrdinal=29; payloadBytes=25; rawTagPayloadSha256=e2e2ad5872cc91becffa109847bbacc2318bcbc6ecebd1dd56219ecd64660c66; exactTagIdentitySha256=64302d5d24495576890776222f17b20aad3e094c12b4d179bca8ac0349527028; runtime reachability unresolved; placement and bounds unresolved; renderer suitability unresolved
swf-definition-00030,16,arial,font,source-assets/flash/HELP MATH_ORIGINAL FILES/HELP_COURSES/ELMGR5/L5/VB/L5VB13.swf,,,a237cf69f31ad4542dbb6ec180f4b3f96b9879ec30e960f8c2a3dff4213a1106,DefineFont2,,2,none; machine census only; no renderer export,machine-extracted-definition-candidate,owner-provided SWF,container=root; definitionDepth=0; tagOrdinal=30; payloadBytes=40; rawTagPayloadSha256=a237cf69f31ad4542dbb6ec180f4b3f96b9879ec30e960f8c2a3dff4213a1106; exactTagIdentitySha256=4cf9c7876b3859532d37e79b437fb8c1e929bf06630de409d943f40335b33ab6; runtime reachability unresolved; placement and bounds unresolved; renderer suitability unresolved
swf-definition-00032,17,,text,source-assets/flash/HELP MATH_ORIGINAL FILES/HELP_COURSES/ELMGR5/L5/VB/L5VB13.swf,,,db731b86f03e2d647ff3ca6bc4ea312540c4d72d9611dbbf254470c60fcc404b,DefineText,,,none; machine census only; no renderer export,machine-extracted-definition-candidate,owner-provided SWF,container=root; definitionDepth=0; tagOrdinal=32; payloadBytes=34; rawTagPayloadSha256=db731b86f03e2d647ff3ca6bc4ea312540c4d72d9611dbbf254470c60fcc404b; exactTagIdentitySha256=f98475fddf1844e0beb32e6e0c685aa1d166b2717b09fd4ac616d78b84f86849; runtime reachability unresolved; placement and bounds unresolved; renderer suitability unresolved
swf-definition-00033,18,,text,source-assets/flash/HELP MATH_ORIGINAL FILES/HELP_COURSES/ELMGR5/L5/VB/L5VB13.swf,,,108f15c8d1512b874f1ed43e483c8b51d1735b0772aa36e4cfc5c9365cfde274,DefineText,,,none; machine census only; no renderer export,machine-extracted-definition-candidate,owner-provided SWF,container=root; definitionDepth=0; tagOrdinal=33; payloadBytes=34; rawTagPayloadSha256=108f15c8d1512b874f1ed43e483c8b51d1735b0772aa36e4cfc5c9365cfde274; exactTagIdentitySha256=2090e317fced5c82446c96ad59dcaf72097b17463f438d8fff9bc991d8671f5b; runtime reachability unresolved; placement and bounds unresolved; renderer suitability unresolved
swf-definition-00034,19,,text,source-assets/flash/HELP MATH_ORIGINAL FILES/HELP_COURSES/ELMGR5/L5/VB/L5VB13.swf,,,59d2a3548a20eee6395c2df31a2c6630bcb094803064e01a6c1a290d19cf0727,DefineText,,,none; machine census only; no renderer export,machine-extracted-definition-candidate,owner-provided SWF,container=root; definitionDepth=0; tagOrdinal=34; payloadBytes=34; rawTagPayloadSha256=59d2a3548a20eee6395c2df31a2c6630bcb094803064e01a6c1a290d19cf0727; exactTagIdentitySha256=280f56146e7a0d81cb35190b4eff98d6be322a9b41d69883353dc49d5137c6d6; runtime reachability unresolved; placement and bounds unresolved; renderer suitability unresolved
swf-definition-00035,20,,text,source-assets/flash/HELP MATH_ORIGINAL FILES/HELP_COURSES/ELMGR5/L5/VB/L5VB13.swf,,,47731ec7000d0e7de8b93a0abf19a1b2fa4560d66832578ce165b8eaa0300deb,DefineText,,,none; machine census only; no renderer export,machine-extracted-definition-candidate,owner-provided SWF,container=root; definitionDepth=0; tagOrdinal=35; payloadBytes=34; rawTagPayloadSha256=47731ec7000d0e7de8b93a0abf19a1b2fa4560d66832578ce165b8eaa0300deb; exactTagIdentitySha256=3f3b649685c97c2fa2b5a54ca513fb1b3aa2058275f2af5b6c04ce184a869369; runtime reachability unresolved; placement and bounds unresolved; renderer suitability unresolved
swf-definition-00036,21,,text,source-assets/flash/HELP MATH_ORIGINAL FILES/HELP_COURSES/ELMGR5/L5/VB/L5VB13.swf,,,5751bbde1bfe4702ca742a1a567054da045bbbe69a1481341c3b071072bf15fd,DefineText,,,none; machine census only; no renderer export,machine-extracted-definition-candidate,owner-provided SWF,container=root; definitionDepth=0; tagOrdinal=36; payloadBytes=34; rawTagPayloadSha256=5751bbde1bfe4702ca742a1a567054da045bbbe69a1481341c3b071072bf15fd; exactTagIdentitySha256=de01b8bd19df698e26764ccd067265e4106661eda497a1df7fea0c99e8ab080a; runtime reachability unresolved; placement and bounds unresolved; renderer suitability unresolved
swf-definition-00037,22,,text,source-assets/flash/HELP MATH_ORIGINAL FILES/HELP_COURSES/ELMGR5/L5/VB/L5VB13.swf,,,ec625a72669f99563e21a86d476b59cbbca67526bfb2f406afcf0df4a3ff521c,DefineText,,,none; machine census only; no renderer export,machine-extracted-definition-candidate,owner-provided SWF,container=root; definitionDepth=0; tagOrdinal=37; payloadBytes=34; rawTagPayloadSha256=ec625a72669f99563e21a86d476b59cbbca67526bfb2f406afcf0df4a3ff521c; exactTagIdentitySha256=ba6cb376386bce98bc82bc38ce87f9ad3010eea22b30b764f3d30d06ea65e0c5; runtime reachability unresolved; placement and bounds unresolved; renderer suitability unresolved
swf-definition-00038,23,,text,source-assets/flash/HELP MATH_ORIGINAL FILES/HELP_COURSES/ELMGR5/L5/VB/L5VB13.swf,,,3d4211abe78ebef0d1daf6d8213793ad37309097ea2c25716f81a84c495465a8,DefineText,,,none; machine census only; no renderer export,machine-extracted-definition-candidate,owner-provided SWF,container=root; definitionDepth=0; tagOrdinal=38; payloadBytes=34; rawTagPayloadSha256=3d4211abe78ebef0d1daf6d8213793ad37309097ea2c25716f81a84c495465a8; exactTagIdentitySha256=ec37c4268de5348a4b8c3dec5c3c4c28690bf300ce0f918f19cb3cd12f567c45; runtime reachability unresolved; placement and bounds unresolved; renderer suitability unresolved
swf-definition-00039,24,,shape,source-assets/flash/HELP MATH_ORIGINAL FILES/HELP_COURSES/ELMGR5/L5/VB/L5VB13.swf,,,0fc3e67c6ca5a78b175af98d0075efb24c5d3dfe40fef82f8245d2802495dd7f,DefineShape2,,,none; machine census only; no renderer export,machine-extracted-definition-candidate,owner-provided SWF,container=root; definitionDepth=0; tagOrdinal=39; payloadBytes=199; rawTagPayloadSha256=0fc3e67c6ca5a78b175af98d0075efb24c5d3dfe40fef82f8245d2802495dd7f; exactTagIdentitySha256=3425f394125d734ebcc27adf24c83669458cb47ec1018464fff4de312d9be79a; runtime reachability unresolved; placement and bounds unresolved; renderer suitability unresolved
swf-definition-00040,25,,text,source-assets/flash/HELP MATH_ORIGINAL FILES/HELP_COURSES/ELMGR5/L5/VB/L5VB13.swf,,,98381ac4fe33c1158a532246f00d19df407d066f5e2fcfeec956d42b501500f6,DefineText,,,none; machine census only; no renderer export,machine-extracted-definition-candidate,owner-provided SWF,container=root; definitionDepth=0; tagOrdinal=40; payloadBytes=25; rawTagPayloadSha256=98381ac4fe33c1158a532246f00d19df407d066f5e2fcfeec956d42b501500f6; exactTagIdentitySha256=c2ae8d854badf4b6844f86e4af8808a38a6be5fb894df5f57a5227ea11a68006; runtime reachability unresolved; placement and bounds unresolved; renderer suitability unresolved
swf-definition-00041,26,,text,source-assets/flash/HELP MATH_ORIGINAL FILES/HELP_COURSES/ELMGR5/L5/VB/L5VB13.swf,,,75435b080e554dafa61f1f2bf84af86cfb174cbe90ad1c453b1c1af9de7103f5,DefineText,,,none; machine census only; no renderer export,machine-extracted-definition-candidate,owner-provided SWF,container=root; definitionDepth=0; tagOrdinal=41; payloadBytes=25; rawTagPayloadSha256=75435b080e554dafa61f1f2bf84af86cfb174cbe90ad1c453b1c1af9de7103f5; exactTagIdentitySha256=a6ad5e4bc6b29da2159456355737e64d329d13ac2bb9f813a501f26bb55366bb; runtime reachability unresolved; placement and bounds unresolved; renderer suitability unresolved
swf-definition-00042,27,,shape,source-assets/flash/HELP MATH_ORIGINAL FILES/HELP_COURSES/ELMGR5/L5/VB/L5VB13.swf,,,59eb51093335be18a22e4d17d827c076f769f6cad7510ebdbe4ac7ab9c483242,DefineShape,,,none; machine census only; no renderer export,machine-extracted-definition-candidate,owner-provided SWF,container=root; definitionDepth=0; tagOrdinal=42; payloadBytes=56; rawTagPayloadSha256=59eb51093335be18a22e4d17d827c076f769f6cad7510ebdbe4ac7ab9c483242; exactTagIdentitySha256=bd0b65eea511a38c61cc561998f212d919e441456144cf51b6edec01f25f44e3; runtime reachability unresolved; placement and bounds unresolved; renderer suitability unresolved
swf-definition-00043,28,,shape,source-assets/flash/HELP MATH_ORIGINAL FILES/HELP_COURSES/ELMGR5/L5/VB/L5VB13.swf,,,631e5a9d124458d5e62e61ad8aedd972a82fdffac32293f834ab5d132fba0de8,DefineShape3,,,none; machine census only; no renderer export,machine-extracted-definition-candidate,owner-provided SWF,container=root; definitionDepth=0; tagOrdinal=43; payloadBytes=32; rawTagPayloadSha256=631e5a9d124458d5e62e61ad8aedd972a82fdffac32293f834ab5d132fba0de8; exactTagIdentitySha256=7123dcd8f94a37cf2794b7c02e28c59bdf17d2f3e793059d95c397d8e61cb92b; runtime reachability unresolved; placement and bounds unresolved; renderer suitability unresolved
swf-definition-00044,29,,text,source-assets/flash/HELP MATH_ORIGINAL FILES/HELP_COURSES/ELMGR5/L5/VB/L5VB13.swf,,,f1ec7f4c330d255a66e7b587be7504d3db40e9f5ae5aeabd245af86f893862cc,DefineText,,,none; machine census only; no renderer export,machine-extracted-definition-candidate,owner-provided SWF,container=root; definitionDepth=0; tagOrdinal=44; payloadBytes=59; rawTagPayloadSha256=f1ec7f4c330d255a66e7b587be7504d3db40e9f5ae5aeabd245af86f893862cc; exactTagIdentitySha256=51077872df37efb02558411025cfa889d4829b7da6c26e230b1debb2c080b02b; runtime reachability unresolved; placement and bounds unresolved; renderer suitability unresolved
swf-definition-00045,30,,shape,source-assets/flash/HELP MATH_ORIGINAL FILES/HELP_COURSES/ELMGR5/L5/VB/L5VB13.swf,,,d6a1f3ab7867ede7613e0b8f019b8b96e5c9b80937cf870fac26bb806bb975cd,DefineShape,,,none; machine census only; no renderer export,machine-extracted-definition-candidate,owner-provided SWF,container=root; definitionDepth=0; tagOrdinal=45; payloadBytes=59; rawTagPayloadSha256=d6a1f3ab7867ede7613e0b8f019b8b96e5c9b80937cf870fac26bb806bb975cd; exactTagIdentitySha256=9e3c1979f7bf8e9c18ae3d93b20fbb0b3e689e831b02cf0a42084f8d5d5f0b2d; runtime reachability unresolved; placement and bounds unresolved; renderer suitability unresolved
swf-definition-00046,31,,text,source-assets/flash/HELP MATH_ORIGINAL FILES/HELP_COURSES/ELMGR5/L5/VB/L5VB13.swf,,,64f7e27074df6a56a20f727ffa2d9db40d487327e5b469b363c6474d30889be5,DefineText,,,none; machine census only; no renderer export,machine-extracted-definition-candidate,owner-provided SWF,container=root; definitionDepth=0; tagOrdinal=46; payloadBytes=42; rawTagPayloadSha256=64f7e27074df6a56a20f727ffa2d9db40d487327e5b469b363c6474d30889be5; exactTagIdentitySha256=b8afae65db930056745ff25073eba1f4af2934af7e658b4e49e2ad61d819a9ec; runtime reachability unresolved; placement and bounds unresolved; renderer suitability unresolved
swf-definition-00047,32,,shape,source-assets/flash/HELP MATH_ORIGINAL FILES/HELP_COURSES/ELMGR5/L5/VB/L5VB13.swf,,,fecdc984e07aeb079b0867b030db2195d1e398e7a3d6c1a00d7692d74483f661,DefineShape,,,none; machine census only; no renderer export,machine-extracted-definition-candidate,owner-provided SWF,container=root; definitionDepth=0; tagOrdinal=47; payloadBytes=49; rawTagPayloadSha256=fecdc984e07aeb079b0867b030db2195d1e398e7a3d6c1a00d7692d74483f661; exactTagIdentitySha256=e8b6d6a1b2971b3b7becd87f67f303ad78b45b3e17ad1724ca51f368b723b6f6; runtime reachability unresolved; placement and bounds unresolved; renderer suitability unresolved
swf-definition-00048,33,,sprite,source-assets/flash/HELP MATH_ORIGINAL FILES/HELP_COURSES/ELMGR5/L5/VB/L5VB13.swf,,,b71a850bef672a125ddac9b6028c1e7c9e7a4338f2acf21a22a2139b3bd6548f,DefineSprite,,,none; machine census only; no renderer export,machine-extracted-definition-candidate,owner-provided SWF,container=root; definitionDepth=0; tagOrdinal=48; payloadBytes=104; rawTagPayloadSha256=b71a850bef672a125ddac9b6028c1e7c9e7a4338f2acf21a22a2139b3bd6548f; exactTagIdentitySha256=a9843386942cd52f3664bd1f39988730d0f9d5d64b91cac83cd5aa2330ca0147; declaredFrameCount=10; runtime reachability unresolved; placement and bounds unresolved; renderer suitability unresolved
swf-definition-00069,34,,shape,source-assets/flash/HELP MATH_ORIGINAL FILES/HELP_COURSES/ELMGR5/L5/VB/L5VB13.swf,,,8e762b016773f6de907ae4d41bb5ffb9ab275c4a2d3f40cc85c6daec565a2227,DefineShape,,,none; machine census only; no renderer export,machine-extracted-definition-candidate,owner-provided SWF,container=root; definitionDepth=0; tagOrdinal=69; payloadBytes=35; rawTagPayloadSha256=8e762b016773f6de907ae4d41bb5ffb9ab275c4a2d3f40cc85c6daec565a2227; exactTagIdentitySha256=33bf475019bd78bab3752675f0f13e3f27b2a12f8481c5779cb38173519e2ceb; runtime reachability unresolved; placement and bounds unresolved; renderer suitability unresolved
swf-definition-00070,35,,text,source-assets/flash/HELP MATH_ORIGINAL FILES/HELP_COURSES/ELMGR5/L5/VB/L5VB13.swf,,,3459e5f039c73505f9b8ae8fdfd0e032e525f8326ea0d533e08ceae75097c4e3,DefineEditText,,,none; machine census only; no renderer export,machine-extracted-definition-candidate,owner-provided SWF,container=root; definitionDepth=0; tagOrdinal=70; payloadBytes=42; rawTagPayloadSha256=3459e5f039c73505f9b8ae8fdfd0e032e525f8326ea0d533e08ceae75097c4e3; exactTagIdentitySha256=5703945cfd19c5cde72f033e4614f004bcede51336fdcb7e31dc4a5f1ee1ccbd; runtime reachability unresolved; placement and bounds unresolved; renderer suitability unresolved
swf-definition-00071,36,,sprite,source-assets/flash/HELP MATH_ORIGINAL FILES/HELP_COURSES/ELMGR5/L5/VB/L5VB13.swf,,,255d9001afa355cfd30e0d72426a708c61d900aea83394f11f5e5c8bea058664,DefineSprite,,,none; machine census only; no renderer export,machine-extracted-definition-candidate,owner-provided SWF,container=root; definitionDepth=0; tagOrdinal=71; payloadBytes=1308; rawTagPayloadSha256=255d9001afa355cfd30e0d72426a708c61d900aea83394f11f5e5c8bea058664; exactTagIdentitySha256=e78ca519da412e2a9401e910bb291ee56dfc72aa9d0ab78c97ee486d35438705; declaredFrameCount=3; runtime reachability unresolved; placement and bounds unresolved; renderer suitability unresolved
swf-definition-00080,37,,shape,source-assets/flash/HELP MATH_ORIGINAL FILES/HELP_COURSES/ELMGR5/L5/VB/L5VB13.swf,,,d798aa6411b10133b7fad9125e2aacb0fbc3e57ebc77e3dbe3d954b2c9bf50af,DefineShape,,,none; machine census only; no renderer export,machine-extracted-definition-candidate,owner-provided SWF,container=root; definitionDepth=0; tagOrdinal=80; payloadBytes=31; rawTagPayloadSha256=d798aa6411b10133b7fad9125e2aacb0fbc3e57ebc77e3dbe3d954b2c9bf50af; exactTagIdentitySha256=8103b1ccf69f42b9ed1df76e1dce0a1e30bbc3d3793de327916b8aa548c3e111; runtime reachability unresolved; placement and bounds unresolved; renderer suitability unresolved
swf-definition-00081,38,,button,source-assets/flash/HELP MATH_ORIGINAL FILES/HELP_COURSES/ELMGR5/L5/VB/L5VB13.swf,,,23d30ad151f05b19718a7119c0040c5c4336eb471717383b05195430f997ea49,DefineButton2,,,none; machine census only; no renderer export,machine-extracted-definition-candidate,owner-provided SWF,container=root; definitionDepth=0; tagOrdinal=81; payloadBytes=1158; rawTagPayloadSha256=23d30ad151f05b19718a7119c0040c5c4336eb471717383b05195430f997ea49; exactTagIdentitySha256=890eab3d23c8cf981a89807436ddcc65e1267af892baf95923604879b0454202; runtime reachability unresolved; placement and bounds unresolved; renderer suitability unresolved
swf-definition-00082,39,,button,source-assets/flash/HELP MATH_ORIGINAL FILES/HELP_COURSES/ELMGR5/L5/VB/L5VB13.swf,,,117e4e7c3742bec8594d5a0a47391f9bc624c9836a2b01bd799fcf2b625f5494,DefineButton2,,,none; machine census only; no renderer export,machine-extracted-definition-candidate,owner-provided SWF,container=root; definitionDepth=0; tagOrdinal=82; payloadBytes=149; rawTagPayloadSha256=117e4e7c3742bec8594d5a0a47391f9bc624c9836a2b01bd799fcf2b625f5494; exactTagIdentitySha256=3fe9c112320840c9e56490a7869b43240326fadbca732911c74f901f4e9e556d; runtime reachability unresolved; placement and bounds unresolved; renderer suitability unresolved
swf-definition-00083,40,,morph,source-assets/flash/HELP MATH_ORIGINAL FILES/HELP_COURSES/ELMGR5/L5/VB/L5VB13.swf,,,68ed1eacb000de8eab3f16e776bae45cea8ec8ad2903e8eb54423196597c0cb9,DefineMorphShape,,,none; machine census only; no renderer export,machine-extracted-definition-candidate,owner-provided SWF,container=root; definitionDepth=0; tagOrdinal=83; payloadBytes=412; rawTagPayloadSha256=68ed1eacb000de8eab3f16e776bae45cea8ec8ad2903e8eb54423196597c0cb9; exactTagIdentitySha256=0a9c539fff477a8e08fa5d711121a02aa9c35908c5dcf3154aeb4588a4a336ac; runtime reachability unresolved; placement and bounds unresolved; renderer suitability unresolved
swf-definition-00084,41,,morph,source-assets/flash/HELP MATH_ORIGINAL FILES/HELP_COURSES/ELMGR5/L5/VB/L5VB13.swf,,,b222c121dfeeb71f4df94adb487e407054bade218d0dc0df17824e4fc2803968,DefineMorphShape,,,none; machine census only; no renderer export,machine-extracted-definition-candidate,owner-provided SWF,container=root; definitionDepth=0; tagOrdinal=84; payloadBytes=452; rawTagPayloadSha256=b222c121dfeeb71f4df94adb487e407054bade218d0dc0df17824e4fc2803968; exactTagIdentitySha256=c067007eb6c03ed2d13ad7cecf07abec4b68821b3d4e4aa63da8fae553214895; runtime reachability unresolved; placement and bounds unresolved; renderer suitability unresolved
swf-definition-00085,42,,shape,source-assets/flash/HELP MATH_ORIGINAL FILES/HELP_COURSES/ELMGR5/L5/VB/L5VB13.swf,,,0458fa2ac5f9803b1d535272565402ff2a6f3846f45a76e53d97c99370ea9fce,DefineShape,,,none; machine census only; no renderer export,machine-extracted-definition-candidate,owner-provided SWF,container=root; definitionDepth=0; tagOrdinal=85; payloadBytes=176; rawTagPayloadSha256=0458fa2ac5f9803b1d535272565402ff2a6f3846f45a76e53d97c99370ea9fce; exactTagIdentitySha256=d7ea1c8cb336a4babb0c18ac90c3d7bed7f7a69fef72c25c9fa33f576952ff6a; runtime reachability unresolved; placement and bounds unresolved; renderer suitability unresolved
swf-definition-00086,43,,shape,source-assets/flash/HELP MATH_ORIGINAL FILES/HELP_COURSES/ELMGR5/L5/VB/L5VB13.swf,,,b8d797ff2277349addd3209c0231b5b6852d221aa2b0faee97124208738e2315,DefineShape,,,none; machine census only; no renderer export,machine-extracted-definition-candidate,owner-provided SWF,container=root; definitionDepth=0; tagOrdinal=86; payloadBytes=93; rawTagPayloadSha256=b8d797ff2277349addd3209c0231b5b6852d221aa2b0faee97124208738e2315; exactTagIdentitySha256=a6b9fba316e7cd370ee983697d7364b3b0de841459f07c7d63582d4f8a1ede3b; runtime reachability unresolved; placement and bounds unresolved; renderer suitability unresolved
swf-definition-00087,44,,sprite,source-assets/flash/HELP MATH_ORIGINAL FILES/HELP_COURSES/ELMGR5/L5/VB/L5VB13.swf,,,628344ef45805bea10c87407d3b7008584a3c0360dad2d63a8c9f388d738a07b,DefineSprite,,,none; machine census only; no renderer export,machine-extracted-definition-candidate,owner-provided SWF,container=root; definitionDepth=0; tagOrdinal=87; payloadBytes=16; rawTagPayloadSha256=628344ef45805bea10c87407d3b7008584a3c0360dad2d63a8c9f388d738a07b; exactTagIdentitySha256=ea47e8be6581a9d4724581b6eafceacafe30186d1cc83fc4a7ca118070a634ea; declaredFrameCount=1; runtime reachability unresolved; placement and bounds unresolved; renderer suitability unresolved
swf-definition-00091,45,,shape,source-assets/flash/HELP MATH_ORIGINAL FILES/HELP_COURSES/ELMGR5/L5/VB/L5VB13.swf,,,bac2f7c2e4b4f376058ef966cf7f133fb1957c1dfd85e76fa26ceaed5af86f16,DefineShape3,,,none; machine census only; no renderer export,machine-extracted-definition-candidate,owner-provided SWF,container=root; definitionDepth=0; tagOrdinal=91; payloadBytes=143; rawTagPayloadSha256=bac2f7c2e4b4f376058ef966cf7f133fb1957c1dfd85e76fa26ceaed5af86f16; exactTagIdentitySha256=91107916c7bbde18400a62a4c8d52aad54642d1d0e251641c2a33692b6cedbcb; runtime reachability unresolved; placement and bounds unresolved; renderer suitability unresolved
swf-definition-00092,46,,shape,source-assets/flash/HELP MATH_ORIGINAL FILES/HELP_COURSES/ELMGR5/L5/VB/L5VB13.swf,,,fe484791540a79b6cbbb00e7134330a8c0964f8efeeb727e5f90210fd368bfd3,DefineShape3,,,none; machine census only; no renderer export,machine-extracted-definition-candidate,owner-provided SWF,container=root; definitionDepth=0; tagOrdinal=92; payloadBytes=231; rawTagPayloadSha256=fe484791540a79b6cbbb00e7134330a8c0964f8efeeb727e5f90210fd368bfd3; exactTagIdentitySha256=53478940cecfd6ff208c7d658c5c878c64d16402e9ed816fce6ceae305af3cd6; runtime reachability unresolved; placement and bounds unresolved; renderer suitability unresolved
swf-definition-00093,47,Arial,font,source-assets/flash/HELP MATH_ORIGINAL FILES/HELP_COURSES/ELMGR5/L5/VB/L5VB13.swf,,,f18b86617a566c66a020d3145fd81a3db3ead2a505559328c3f7e7ae174ae326,DefineFont2,,5,none; machine census only; no renderer export,machine-extracted-definition-candidate,owner-provided SWF,container=root; definitionDepth=0; tagOrdinal=93; payloadBytes=233; rawTagPayloadSha256=f18b86617a566c66a020d3145fd81a3db3ead2a505559328c3f7e7ae174ae326; exactTagIdentitySha256=1057c660e7ea2365d541cebb7303421e68d27ebb811aa650deca943e15822dd5; runtime reachability unresolved; placement and bounds unresolved; renderer suitability unresolved
swf-definition-00095,48,,text,source-assets/flash/HELP MATH_ORIGINAL FILES/HELP_COURSES/ELMGR5/L5/VB/L5VB13.swf,,,18c5035387a300a2b14b04bd986707aea9231d1b857ab92deb7286da1152ceac,DefineText,,,none; machine census only; no renderer export,machine-extracted-definition-candidate,owner-provided SWF,container=root; definitionDepth=0; tagOrdinal=95; payloadBytes=39; rawTagPayloadSha256=18c5035387a300a2b14b04bd986707aea9231d1b857ab92deb7286da1152ceac; exactTagIdentitySha256=49b4babec61fe723bb941286bfdb6a56240b4cb375fd5b2ebaa74d1624ef1379; runtime reachability unresolved; placement and bounds unresolved; renderer suitability unresolved
swf-definition-00096,49,,text,source-assets/flash/HELP MATH_ORIGINAL FILES/HELP_COURSES/ELMGR5/L5/VB/L5VB13.swf,,,a3f939b04cdd15a4237aefbfcc22622e91c26cd517ea715d6ad50de2c219f191,DefineText,,,none; machine census only; no renderer export,machine-extracted-definition-candidate,owner-provided SWF,container=root; definitionDepth=0; tagOrdinal=96; payloadBytes=39; rawTagPayloadSha256=a3f939b04cdd15a4237aefbfcc22622e91c26cd517ea715d6ad50de2c219f191; exactTagIdentitySha256=d1f63d3e755a98eef2c3baf6eff25f2a55322e39523247140d049e8ecb2e86af; runtime reachability unresolved; placement and bounds unresolved; renderer suitability unresolved
swf-definition-00097,50,,shape,source-assets/flash/HELP MATH_ORIGINAL FILES/HELP_COURSES/ELMGR5/L5/VB/L5VB13.swf,,,551698d9813cf3ccb4891b2199be48d915f8d1cb1fdb482f6c44ab20ffab377a,DefineShape,,,none; machine census only; no renderer export,machine-extracted-definition-candidate,owner-provided SWF,container=root; definitionDepth=0; tagOrdinal=97; payloadBytes=60; rawTagPayloadSha256=551698d9813cf3ccb4891b2199be48d915f8d1cb1fdb482f6c44ab20ffab377a; exactTagIdentitySha256=876edb2add0b5f1e947682357fb44041db86c429f909b742d1a81c9dd7101c64; runtime reachability unresolved; placement and bounds unresolved; renderer suitability unresolved
swf-definition-00098,51,Bauhaus Md BT,font,source-assets/flash/HELP MATH_ORIGINAL FILES/HELP_COURSES/ELMGR5/L5/VB/L5VB13.swf,,,3f522ff8e9d00fe6e19c5b44ad7997c247215f696e4a9339d9a7aafd82a3d279,DefineFont2,,0,none; machine census only; no renderer export,machine-extracted-definition-candidate,owner-provided SWF,container=root; definitionDepth=0; tagOrdinal=98; payloadBytes=23; rawTagPayloadSha256=3f522ff8e9d00fe6e19c5b44ad7997c247215f696e4a9339d9a7aafd82a3d279; exactTagIdentitySha256=3fc0fa35861f3d5445b1edeec5c8d50ab96f8f012852d7801f6115df5d5d92e1; runtime reachability unresolved; placement and bounds unresolved; renderer suitability unresolved
swf-definition-00099,52,,text,source-assets/flash/HELP MATH_ORIGINAL FILES/HELP_COURSES/ELMGR5/L5/VB/L5VB13.swf,,,2c6fba9e9e30e61e6db64689d8ec9b83103e2d80719d7c437b42e109c3b02bd7,DefineEditText,,,none; machine census only; no renderer export,machine-extracted-definition-candidate,owner-provided SWF,container=root; definitionDepth=0; tagOrdinal=99; payloadBytes=51; rawTagPayloadSha256=2c6fba9e9e30e61e6db64689d8ec9b83103e2d80719d7c437b42e109c3b02bd7; exactTagIdentitySha256=b80608a3eb8bfa6aab3f1a92f6d2e2f0093e4ad330b5e93e472d74ad456cd2b0; runtime reachability unresolved; placement and bounds unresolved; renderer suitability unresolved
swf-definition-00100,53,,shape,source-assets/flash/HELP MATH_ORIGINAL FILES/HELP_COURSES/ELMGR5/L5/VB/L5VB13.swf,,,329c38fe5a8bfc441a6366e584788923e519bfb8641faba8974cafd50aa48c5e,DefineShape2,,,none; machine census only; no renderer export,machine-extracted-definition-candidate,owner-provided SWF,container=root; definitionDepth=0; tagOrdinal=100; payloadBytes=55; rawTagPayloadSha256=329c38fe5a8bfc441a6366e584788923e519bfb8641faba8974cafd50aa48c5e; exactTagIdentitySha256=44450cd536011cf00d04cbd144443fdcaf31d9d37a220828ceeb7849e1e3573e; runtime reachability unresolved; placement and bounds unresolved; renderer suitability unresolved
swf-definition-00101,54,,text,source-assets/flash/HELP MATH_ORIGINAL FILES/HELP_COURSES/ELMGR5/L5/VB/L5VB13.swf,,,56f8e44dcec3dc84773de2f8b39b6b5517c1f090d064a41f002fc6f1b5437d46,DefineText,,,none; machine census only; no renderer export,machine-extracted-definition-candidate,owner-provided SWF,container=root; definitionDepth=0; tagOrdinal=101; payloadBytes=36; rawTagPayloadSha256=56f8e44dcec3dc84773de2f8b39b6b5517c1f090d064a41f002fc6f1b5437d46; exactTagIdentitySha256=396c017d73ea19b454217054e5d624f1eabe060c6079375a7c96b68ad1d30402; runtime reachability unresolved; placement and bounds unresolved; renderer suitability unresolved
swf-definition-00102,55,,shape,source-assets/flash/HELP MATH_ORIGINAL FILES/HELP_COURSES/ELMGR5/L5/VB/L5VB13.swf,,,a2cd68cf3e889186f6b9f9018dcb3299d6b2c6ee7e7a3aa60dedf56b230f5684,DefineShape,,,none; machine census only; no renderer export,machine-extracted-definition-candidate,owner-provided SWF,container=root; definitionDepth=0; tagOrdinal=102; payloadBytes=64; rawTagPayloadSha256=a2cd68cf3e889186f6b9f9018dcb3299d6b2c6ee7e7a3aa60dedf56b230f5684; exactTagIdentitySha256=aa6455781db2c0ec4c9c6b6638e68852a1a2aba671e10ffd20ea99a170b88348; runtime reachability unresolved; placement and bounds unresolved; renderer suitability unresolved
swf-definition-00103,56,,shape,source-assets/flash/HELP MATH_ORIGINAL FILES/HELP_COURSES/ELMGR5/L5/VB/L5VB13.swf,,,df1778d62e05195f99d523efea2a0bdf8976f82cb80d65221392497232a4352e,DefineShape2,,,none; machine census only; no renderer export,machine-extracted-definition-candidate,owner-provided SWF,container=root; definitionDepth=0; tagOrdinal=103; payloadBytes=286; rawTagPayloadSha256=df1778d62e05195f99d523efea2a0bdf8976f82cb80d65221392497232a4352e; exactTagIdentitySha256=1dd22b026e9b28b8023a31fdfeff1f7bfa40d4d560e693c91dbcbf7262d91741; runtime reachability unresolved; placement and bounds unresolved; renderer suitability unresolved
swf-definition-00104,57,,shape,source-assets/flash/HELP MATH_ORIGINAL FILES/HELP_COURSES/ELMGR5/L5/VB/L5VB13.swf,,,e13e992584e4148f3c32153637d973b0f3a7a2a5786e9fb040b30e57d965b680,DefineShape2,,,none; machine census only; no renderer export,machine-extracted-definition-candidate,owner-provided SWF,container=root; definitionDepth=0; tagOrdinal=104; payloadBytes=296; rawTagPayloadSha256=e13e992584e4148f3c32153637d973b0f3a7a2a5786e9fb040b30e57d965b680; exactTagIdentitySha256=df4b3124068c9815cd522469cd30ea08cfa953890efdd1f5bce8bf7f3e3f8d51; runtime reachability unresolved; placement and bounds unresolved; renderer suitability unresolved
swf-definition-00105,58,,shape,source-assets/flash/HELP MATH_ORIGINAL FILES/HELP_COURSES/ELMGR5/L5/VB/L5VB13.swf,,,d88614aeed04678ce3b00f445d8e4fe75a052b4761187dd771bc1a48dcc5c628,DefineShape2,,,none; machine census only; no renderer export,machine-extracted-definition-candidate,owner-provided SWF,container=root; definitionDepth=0; tagOrdinal=105; payloadBytes=337; rawTagPayloadSha256=d88614aeed04678ce3b00f445d8e4fe75a052b4761187dd771bc1a48dcc5c628; exactTagIdentitySha256=facb12572fafede61505fa37f1ff09fc15e690a95025035a4c313237a8700d5a; runtime reachability unresolved; placement and bounds unresolved; renderer suitability unresolved
swf-definition-00106,59,,shape,source-assets/flash/HELP MATH_ORIGINAL FILES/HELP_COURSES/ELMGR5/L5/VB/L5VB13.swf,,,4fa7d97bd212e6a1a481e3db093e486fcf94285b6267961e23ac0c11cdddf3c5,DefineShape,,,none; machine census only; no renderer export,machine-extracted-definition-candidate,owner-provided SWF,container=root; definitionDepth=0; tagOrdinal=106; payloadBytes=34; rawTagPayloadSha256=4fa7d97bd212e6a1a481e3db093e486fcf94285b6267961e23ac0c11cdddf3c5; exactTagIdentitySha256=8498c2c09610a955ccb46c41f320f43abc4d3fee261ce5c9f68c93218db53aaa; runtime reachability unresolved; placement and bounds unresolved; renderer suitability unresolved
swf-definition-00107,60,,sprite,source-assets/flash/HELP MATH_ORIGINAL FILES/HELP_COURSES/ELMGR5/L5/VB/L5VB13.swf,,,83cd419e733594532c617ccabb90eaf6d24fc3eed69dd5d8fd4531ebab838a59,DefineSprite,,,none; machine census only; no renderer export,machine-extracted-definition-candidate,owner-provided SWF,container=root; definitionDepth=0; tagOrdinal=107; payloadBytes=2040; rawTagPayloadSha256=83cd419e733594532c617ccabb90eaf6d24fc3eed69dd5d8fd4531ebab838a59; exactTagIdentitySha256=6fd89934986a77fef59f8382434c505aa7442d3889787129338eba57b8266add; declaredFrameCount=5; runtime reachability unresolved; placement and bounds unresolved; renderer suitability unresolved
swf-definition-00122,61,,button,source-assets/flash/HELP MATH_ORIGINAL FILES/HELP_COURSES/ELMGR5/L5/VB/L5VB13.swf,,,89dc7b1caca9970e815767968d1860250ae4f7952d517cfe33691f0a4b92a63d,DefineButton2,,,none; machine census only; no renderer export,machine-extracted-definition-candidate,owner-provided SWF,container=root; definitionDepth=0; tagOrdinal=122; payloadBytes=195; rawTagPayloadSha256=89dc7b1caca9970e815767968d1860250ae4f7952d517cfe33691f0a4b92a63d; exactTagIdentitySha256=bafca205769fc828efcc59d5c1008d4cb375d66e5088394e1716880d3117dbd5; runtime reachability unresolved; placement and bounds unresolved; renderer suitability unresolved
swf-definition-00123,62,,sprite,source-assets/flash/HELP MATH_ORIGINAL FILES/HELP_COURSES/ELMGR5/L5/VB/L5VB13.swf,,,318867f9cc26ff1653c7efde48e667fcfa044d2eeadcc4a60e146ea3e38da057,DefineSprite,,,none; machine census only; no renderer export,machine-extracted-definition-candidate,owner-provided SWF,container=root; definitionDepth=0; tagOrdinal=123; payloadBytes=315; rawTagPayloadSha256=318867f9cc26ff1653c7efde48e667fcfa044d2eeadcc4a60e146ea3e38da057; exactTagIdentitySha256=df800a4080e24c85683e0a8d4fb9ecd676659588051f415acf88c8cf68bedbc7; declaredFrameCount=1; runtime reachability unresolved; placement and bounds unresolved; renderer suitability unresolved
swf-definition-00130,63,,morph,source-assets/flash/HELP MATH_ORIGINAL FILES/HELP_COURSES/ELMGR5/L5/VB/L5VB13.swf,,,6c7bb50cee0fe4e48db2981a39b7ea8c62bc297efa7d536387a7da2bde790bd8,DefineMorphShape,,,none; machine census only; no renderer export,machine-extracted-definition-candidate,owner-provided SWF,container=root; definitionDepth=0; tagOrdinal=130; payloadBytes=451; rawTagPayloadSha256=6c7bb50cee0fe4e48db2981a39b7ea8c62bc297efa7d536387a7da2bde790bd8; exactTagIdentitySha256=69d0d28bb9d5fc4062ea4f0564751c4ce9c9fc0b298a4594a5761c0c7dcbd96f; runtime reachability unresolved; placement and bounds unresolved; renderer suitability unresolved
swf-definition-00131,64,,morph,source-assets/flash/HELP MATH_ORIGINAL FILES/HELP_COURSES/ELMGR5/L5/VB/L5VB13.swf,,,842c0b60543eff1b5371e9fd28d451278912eb2c477590565cffa71ecac36ba9,DefineMorphShape,,,none; machine census only; no renderer export,machine-extracted-definition-candidate,owner-provided SWF,container=root; definitionDepth=0; tagOrdinal=131; payloadBytes=412; rawTagPayloadSha256=842c0b60543eff1b5371e9fd28d451278912eb2c477590565cffa71ecac36ba9; exactTagIdentitySha256=fa9aefb2fd2497f35449415ee41209edfec4660c12c7be0961b8b4ba04d900f4; runtime reachability unresolved; placement and bounds unresolved; renderer suitability unresolved
swf-definition-00132,65,,shape,source-assets/flash/HELP MATH_ORIGINAL FILES/HELP_COURSES/ELMGR5/L5/VB/L5VB13.swf,,,131877f3cf38f70ca9060102c21a080de76a01b1126a4b9a5a618b2840d90e57,DefineShape3,,,none; machine census only; no renderer export,machine-extracted-definition-candidate,owner-provided SWF,container=root; definitionDepth=0; tagOrdinal=132; payloadBytes=148; rawTagPayloadSha256=131877f3cf38f70ca9060102c21a080de76a01b1126a4b9a5a618b2840d90e57; exactTagIdentitySha256=fa9dc65b28bb21f8fe7a89877b22047e3b962b252520d415a2ad154a8b323cdf; runtime reachability unresolved; placement and bounds unresolved; renderer suitability unresolved
swf-definition-00133,66,,sprite,source-assets/flash/HELP MATH_ORIGINAL FILES/HELP_COURSES/ELMGR5/L5/VB/L5VB13.swf,,,81f65e391824714a4007f017bea4ba4a432a8829cf3b124bf709cfe565343d18,DefineSprite,,,none; machine census only; no renderer export,machine-extracted-definition-candidate,owner-provided SWF,container=root; definitionDepth=0; tagOrdinal=133; payloadBytes=13397; rawTagPayloadSha256=81f65e391824714a4007f017bea4ba4a432a8829cf3b124bf709cfe565343d18; exactTagIdentitySha256=9d7e5dde9b2880b24dedd08887326209388749b578b04520c91d0f1800c68a47; declaredFrameCount=31; runtime reachability unresolved; placement and bounds unresolved; renderer suitability unresolved
swf-definition-00262,67,,shape,source-assets/flash/HELP MATH_ORIGINAL FILES/HELP_COURSES/ELMGR5/L5/VB/L5VB13.swf,,,53f743ac1e5ca90e0c3218550e74d6c3d9813e03995d843b381790c62da948a2,DefineShape,,,none; machine census only; no renderer export,machine-extracted-definition-candidate,owner-provided SWF,container=root; definitionDepth=0; tagOrdinal=262; payloadBytes=35; rawTagPayloadSha256=53f743ac1e5ca90e0c3218550e74d6c3d9813e03995d843b381790c62da948a2; exactTagIdentitySha256=3acac3fdfbba6a27203f5cf8d35b8b62d9f3ec0b9c9bc86a22e41722e6733444; runtime reachability unresolved; placement and bounds unresolved; renderer suitability unresolved
swf-definition-00263,68,,morph,source-assets/flash/HELP MATH_ORIGINAL FILES/HELP_COURSES/ELMGR5/L5/VB/L5VB13.swf,,,2184d38d9bdccade3b292b58869e9b2fd45e3590abbd601a32b36395b6612da2,DefineMorphShape,,,none; machine census only; no renderer export,machine-extracted-definition-candidate,owner-provided SWF,container=root; definitionDepth=0; tagOrdinal=263; payloadBytes=200; rawTagPayloadSha256=2184d38d9bdccade3b292b58869e9b2fd45e3590abbd601a32b36395b6612da2; exactTagIdentitySha256=bcf4bf64d07918e23a1c57cfd7d7e821d26c9ea4d2f974b259a36fa104dfd78c; runtime reachability unresolved; placement and bounds unresolved; renderer suitability unresolved
swf-definition-00264,69,,shape,source-assets/flash/HELP MATH_ORIGINAL FILES/HELP_COURSES/ELMGR5/L5/VB/L5VB13.swf,,,c8da4f198926fb6694a745cc9c10d0b33e5ba855d5b7c69279ad78c6eb1c6652,DefineShape3,,,none; machine census only; no renderer export,machine-extracted-definition-candidate,owner-provided SWF,container=root; definitionDepth=0; tagOrdinal=264; payloadBytes=417; rawTagPayloadSha256=c8da4f198926fb6694a745cc9c10d0b33e5ba855d5b7c69279ad78c6eb1c6652; exactTagIdentitySha256=3a8dfb90e1c328e2563f904fb431f32ff97ee3c1cd5d169fb43afec407417791; runtime reachability unresolved; placement and bounds unresolved; renderer suitability unresolved
swf-definition-00265,70,,shape,source-assets/flash/HELP MATH_ORIGINAL FILES/HELP_COURSES/ELMGR5/L5/VB/L5VB13.swf,,,30802eb6b69e1c2bdfe54a737c6123441bf26c2e327ddb4e47ff763421f27a00,DefineShape3,,,none; machine census only; no renderer export,machine-extracted-definition-candidate,owner-provided SWF,container=root; definitionDepth=0; tagOrdinal=265; payloadBytes=514; rawTagPayloadSha256=30802eb6b69e1c2bdfe54a737c6123441bf26c2e327ddb4e47ff763421f27a00; exactTagIdentitySha256=107caf30591e4f066b2f36ba765d09eb1a1a933a0c7fd3ec2c9f70629984b679; runtime reachability unresolved; placement and bounds unresolved; renderer suitability unresolved
swf-definition-00266,71,Berlin Sans FB Demi,font,source-assets/flash/HELP MATH_ORIGINAL FILES/HELP_COURSES/ELMGR5/L5/VB/L5VB13.swf,,,600d8d44ae3ebf0e821bdfd57a53927e3ce49086ea4bd8232af401a9a817dd60,DefineFont2,,14,none; machine census only; no renderer export,machine-extracted-definition-candidate,owner-provided SWF,container=root; definitionDepth=0; tagOrdinal=266; payloadBytes=1386; rawTagPayloadSha256=600d8d44ae3ebf0e821bdfd57a53927e3ce49086ea4bd8232af401a9a817dd60; exactTagIdentitySha256=d797192dd5016e839f55f3f0fe65d7cb454b70f62e0a46cb2f7b25520cf3e9fa; runtime reachability unresolved; placement and bounds unresolved; renderer suitability unresolved
swf-definition-00268,72,,text,source-assets/flash/HELP MATH_ORIGINAL FILES/HELP_COURSES/ELMGR5/L5/VB/L5VB13.swf,,,96e5036a5c8d53dc0a9ab3ab4edd948f4bc52444a238af8fc1710829b1a6d790,DefineText,,,none; machine census only; no renderer export,machine-extracted-definition-candidate,owner-provided SWF,container=root; definitionDepth=0; tagOrdinal=268; payloadBytes=55; rawTagPayloadSha256=96e5036a5c8d53dc0a9ab3ab4edd948f4bc52444a238af8fc1710829b1a6d790; exactTagIdentitySha256=98406ec1eb16e5912c256a3ada5a7c5960ed9a42a7f410a509f2ef1c4c1f9cb4; runtime reachability unresolved; placement and bounds unresolved; renderer suitability unresolved
swf-definition-00269,73,,shape,source-assets/flash/HELP MATH_ORIGINAL FILES/HELP_COURSES/ELMGR5/L5/VB/L5VB13.swf,,,cdc3ee72280b1c6d5c4f059eaf2859054585ff86f6b9b31c60abd5519b3686fc,DefineShape3,,,none; machine census only; no renderer export,machine-extracted-definition-candidate,owner-provided SWF,container=root; definitionDepth=0; tagOrdinal=269; payloadBytes=95; rawTagPayloadSha256=cdc3ee72280b1c6d5c4f059eaf2859054585ff86f6b9b31c60abd5519b3686fc; exactTagIdentitySha256=c6fdb0899b8d2a87e35d91b65ec55ff8c8ef8e56ebb3dd8ed9093d493b33dbd2; runtime reachability unresolved; placement and bounds unresolved; renderer suitability unresolved
swf-definition-00270,74,,morph,source-assets/flash/HELP MATH_ORIGINAL FILES/HELP_COURSES/ELMGR5/L5/VB/L5VB13.swf,,,06cf0acc08d6354a82e2f76dfd2978d19bc6904f701bc0d1acd4dac8ece1a3d8,DefineMorphShape,,,none; machine census only; no renderer export,machine-extracted-definition-candidate,owner-provided SWF,container=root; definitionDepth=0; tagOrdinal=270; payloadBytes=507; rawTagPayloadSha256=06cf0acc08d6354a82e2f76dfd2978d19bc6904f701bc0d1acd4dac8ece1a3d8; exactTagIdentitySha256=b1fe5d9160a66143d639e31b0bfb563eea0de7a7e0dc1cb0b509e984c0f647e8; runtime reachability unresolved; placement and bounds unresolved; renderer suitability unresolved
swf-definition-00271,75,,morph,source-assets/flash/HELP MATH_ORIGINAL FILES/HELP_COURSES/ELMGR5/L5/VB/L5VB13.swf,,,d6fa11d702a61b37326341acc8cf16a1d39c93aebfdfb2a692282bfb3c90fcdc,DefineMorphShape,,,none; machine census only; no renderer export,machine-extracted-definition-candidate,owner-provided SWF,container=root; definitionDepth=0; tagOrdinal=271; payloadBytes=577; rawTagPayloadSha256=d6fa11d702a61b37326341acc8cf16a1d39c93aebfdfb2a692282bfb3c90fcdc; exactTagIdentitySha256=d16b011e6949924021438ed957501c359900ed92f3c93e47450db7a7170d601a; runtime reachability unresolved; placement and bounds unresolved; renderer suitability unresolved
swf-definition-00272,76,,morph,source-assets/flash/HELP MATH_ORIGINAL FILES/HELP_COURSES/ELMGR5/L5/VB/L5VB13.swf,,,5318001b1a8998737dcbff269918d0707b5e3127aa4030c1dec288aaea2d86ab,DefineMorphShape,,,none; machine census only; no renderer export,machine-extracted-definition-candidate,owner-provided SWF,container=root; definitionDepth=0; tagOrdinal=272; payloadBytes=509; rawTagPayloadSha256=5318001b1a8998737dcbff269918d0707b5e3127aa4030c1dec288aaea2d86ab; exactTagIdentitySha256=4574f0e7f6dd7b80708ea24d745f7e1c7872f9062fc5b41e4a3dfc3ee53468f8; runtime reachability unresolved; placement and bounds unresolved; renderer suitability unresolved
swf-definition-00273,77,,shape,source-assets/flash/HELP MATH_ORIGINAL FILES/HELP_COURSES/ELMGR5/L5/VB/L5VB13.swf,,,eaf305e2734e38c11ccc6d4e77985fde4bb40b98314b915deb15d185592c5612,DefineShape3,,,none; machine census only; no renderer export,machine-extracted-definition-candidate,owner-provided SWF,container=root; definitionDepth=0; tagOrdinal=273; payloadBytes=1591; rawTagPayloadSha256=eaf305e2734e38c11ccc6d4e77985fde4bb40b98314b915deb15d185592c5612; exactTagIdentitySha256=8d614a94b68acb413e824f38768ef5dd3c1870aeec9a511bb31983a7fe742f47; runtime reachability unresolved; placement and bounds unresolved; renderer suitability unresolved
swf-definition-00274,78,,shape,source-assets/flash/HELP MATH_ORIGINAL FILES/HELP_COURSES/ELMGR5/L5/VB/L5VB13.swf,,,7405c2a9a13ef49064ca7d46fa5ef17af3aec232d99e6d5e357f775beb16e8b6,DefineShape3,,,none; machine census only; no renderer export,machine-extracted-definition-candidate,owner-provided SWF,container=root; definitionDepth=0; tagOrdinal=274; payloadBytes=1587; rawTagPayloadSha256=7405c2a9a13ef49064ca7d46fa5ef17af3aec232d99e6d5e357f775beb16e8b6; exactTagIdentitySha256=a115817bf535a252cabba95e8486c7fbc53d446d7ba50129461e1e200a6b0a40; runtime reachability unresolved; placement and bounds unresolved; renderer suitability unresolved
swf-definition-00275,79,,morph,source-assets/flash/HELP MATH_ORIGINAL FILES/HELP_COURSES/ELMGR5/L5/VB/L5VB13.swf,,,b7bac30555465b51aeee67c2362deb917f2df37a0f00e4756c07f5a690c7daf7,DefineMorphShape,,,none; machine census only; no renderer export,machine-extracted-definition-candidate,owner-provided SWF,container=root; definitionDepth=0; tagOrdinal=275; payloadBytes=482; rawTagPayloadSha256=b7bac30555465b51aeee67c2362deb917f2df37a0f00e4756c07f5a690c7daf7; exactTagIdentitySha256=0f70a9a41ae24bc566533a140f42a61d1c0ef4c00d52bd4f46a81c53a1939494; runtime reachability unresolved; placement and bounds unresolved; renderer suitability unresolved
swf-definition-00276,80,,morph,source-assets/flash/HELP MATH_ORIGINAL FILES/HELP_COURSES/ELMGR5/L5/VB/L5VB13.swf,,,c99c43859fbb973e71d5919dbc07c9aa3f3604170b94ec4a2598fa9643ff1c78,DefineMorphShape,,,none; machine census only; no renderer export,machine-extracted-definition-candidate,owner-provided SWF,container=root; definitionDepth=0; tagOrdinal=276; payloadBytes=572; rawTagPayloadSha256=c99c43859fbb973e71d5919dbc07c9aa3f3604170b94ec4a2598fa9643ff1c78; exactTagIdentitySha256=7fce4526b8c34a13aa3bb9f0472ba832a4d7ea54fe1560a9c82aa2b898568eec; runtime reachability unresolved; placement and bounds unresolved; renderer suitability unresolved
swf-definition-00277,81,,morph,source-assets/flash/HELP MATH_ORIGINAL FILES/HELP_COURSES/ELMGR5/L5/VB/L5VB13.swf,,,89023b6922dcaf39945af878e26cfa9815904f70121da09fb0a17efa3e224d74,DefineMorphShape,,,none; machine census only; no renderer export,machine-extracted-definition-candidate,owner-provided SWF,container=root; definitionDepth=0; tagOrdinal=277; payloadBytes=509; rawTagPayloadSha256=89023b6922dcaf39945af878e26cfa9815904f70121da09fb0a17efa3e224d74; exactTagIdentitySha256=21c1237e8eedbe03d681ea66d50827f764070476dba8a1fed2d38ebfa675c540; runtime reachability unresolved; placement and bounds unresolved; renderer suitability unresolved
swf-definition-00278,82,,morph,source-assets/flash/HELP MATH_ORIGINAL FILES/HELP_COURSES/ELMGR5/L5/VB/L5VB13.swf,,,d0cf2d4e7d8075283b0a9e9e86fa4790efaca92ef18020090d18b4a6c1487a55,DefineMorphShape,,,none; machine census only; no renderer export,machine-extracted-definition-candidate,owner-provided SWF,container=root; definitionDepth=0; tagOrdinal=278; payloadBytes=488; rawTagPayloadSha256=d0cf2d4e7d8075283b0a9e9e86fa4790efaca92ef18020090d18b4a6c1487a55; exactTagIdentitySha256=7d3506e192fe72ea9912cdc916326d7bb783e6e940159374e9d08f9cd21f6a0b; runtime reachability unresolved; placement and bounds unresolved; renderer suitability unresolved
swf-definition-00279,83,,morph,source-assets/flash/HELP MATH_ORIGINAL FILES/HELP_COURSES/ELMGR5/L5/VB/L5VB13.swf,,,8e29ac465531eb799ac22114bb1304f02512a41182623dadc389c350cf04d9eb,DefineMorphShape,,,none; machine census only; no renderer export,machine-extracted-definition-candidate,owner-provided SWF,container=root; definitionDepth=0; tagOrdinal=279; payloadBytes=349; rawTagPayloadSha256=8e29ac465531eb799ac22114bb1304f02512a41182623dadc389c350cf04d9eb; exactTagIdentitySha256=38589494b3597380366ce9ad1209cb799c79834f69582e5914e9966a8dc213e7; runtime reachability unresolved; placement and bounds unresolved; renderer suitability unresolved
swf-definition-00280,84,,morph,source-assets/flash/HELP MATH_ORIGINAL FILES/HELP_COURSES/ELMGR5/L5/VB/L5VB13.swf,,,9a06290021ea6dd68fbe9e7ee864472988a8dda944bba03a9c571dfec89425cb,DefineMorphShape,,,none; machine census only; no renderer export,machine-extracted-definition-candidate,owner-provided SWF,container=root; definitionDepth=0; tagOrdinal=280; payloadBytes=507; rawTagPayloadSha256=9a06290021ea6dd68fbe9e7ee864472988a8dda944bba03a9c571dfec89425cb; exactTagIdentitySha256=9d168860fe2ee088fecf8b225b7622e6c765ea3296488cc340f18f1203409608; runtime reachability unresolved; placement and bounds unresolved; renderer suitability unresolved
swf-definition-00281,85,,shape,source-assets/flash/HELP MATH_ORIGINAL FILES/HELP_COURSES/ELMGR5/L5/VB/L5VB13.swf,,,cc3c30eea961d276be645d1cc86a0c970d56d4cb9964f528db34bc2c7a9325df,DefineShape3,,,none; machine census only; no renderer export,machine-extracted-definition-candidate,owner-provided SWF,container=root; definitionDepth=0; tagOrdinal=281; payloadBytes=1588; rawTagPayloadSha256=cc3c30eea961d276be645d1cc86a0c970d56d4cb9964f528db34bc2c7a9325df; exactTagIdentitySha256=12f69b12c6cfdad674d5d5bfc43b15e18a7b9fc146b5b69b4f919ffdd8cf7ee1; runtime reachability unresolved; placement and bounds unresolved; renderer suitability unresolved
swf-definition-00282,86,,shape,source-assets/flash/HELP MATH_ORIGINAL FILES/HELP_COURSES/ELMGR5/L5/VB/L5VB13.swf,,,1beee2fb33468e4e8f62ab174a6fbd92fa0db32067775407c8d5ea06023d7166,DefineShape3,,,none; machine census only; no renderer export,machine-extracted-definition-candidate,owner-provided SWF,container=root; definitionDepth=0; tagOrdinal=282; payloadBytes=510; rawTagPayloadSha256=1beee2fb33468e4e8f62ab174a6fbd92fa0db32067775407c8d5ea06023d7166; exactTagIdentitySha256=bf345abd358281d4a50f1bdd2f486da415ea5721a87674ea511da155cc009bd4; runtime reachability unresolved; placement and bounds unresolved; renderer suitability unresolved
swf-definition-00283,87,,morph,source-assets/flash/HELP MATH_ORIGINAL FILES/HELP_COURSES/ELMGR5/L5/VB/L5VB13.swf,,,660809a835bbeb8a13266a268db5142830374286401e34cf7a332f9ae830a36c,DefineMorphShape,,,none; machine census only; no renderer export,machine-extracted-definition-candidate,owner-provided SWF,container=root; definitionDepth=0; tagOrdinal=283; payloadBytes=200; rawTagPayloadSha256=660809a835bbeb8a13266a268db5142830374286401e34cf7a332f9ae830a36c; exactTagIdentitySha256=df2dac8b4a60bf4486f8ad1251579737964083796e3fbb019c6e777176aa55e3; runtime reachability unresolved; placement and bounds unresolved; renderer suitability unresolved
swf-definition-00284,88,,morph,source-assets/flash/HELP MATH_ORIGINAL FILES/HELP_COURSES/ELMGR5/L5/VB/L5VB13.swf,,,fbd0a21adb43b3ce6fe0a3935e49ad2ff7a615806bf44706cea858312554db44,DefineMorphShape,,,none; machine census only; no renderer export,machine-extracted-definition-candidate,owner-provided SWF,container=root; definitionDepth=0; tagOrdinal=284; payloadBytes=484; rawTagPayloadSha256=fbd0a21adb43b3ce6fe0a3935e49ad2ff7a615806bf44706cea858312554db44; exactTagIdentitySha256=dd74cb309d525106342966e303ea739b8f431f3b483f37e0a0f503677b1bc411; runtime reachability unresolved; placement and bounds unresolved; renderer suitability unresolved
swf-definition-00285,89,,morph,source-assets/flash/HELP MATH_ORIGINAL FILES/HELP_COURSES/ELMGR5/L5/VB/L5VB13.swf,,,62778fdce3fb549978b7471dc76ed5cb49a2c687fae976c6e9c15fcd39549730,DefineMorphShape,,,none; machine census only; no renderer export,machine-extracted-definition-candidate,owner-provided SWF,container=root; definitionDepth=0; tagOrdinal=285; payloadBytes=402; rawTagPayloadSha256=62778fdce3fb549978b7471dc76ed5cb49a2c687fae976c6e9c15fcd39549730; exactTagIdentitySha256=cb1702d9757ead0fa9e9f236cbe60d6d459b1f290a2d70bca0957992ec60de93; runtime reachability unresolved; placement and bounds unresolved; renderer suitability unresolved
swf-definition-00286,90,,morph,source-assets/flash/HELP MATH_ORIGINAL FILES/HELP_COURSES/ELMGR5/L5/VB/L5VB13.swf,,,a6800028b711e032bc8136d84523794a7952632dbde5c75efa20c9b476a4edcf,DefineMorphShape,,,none; machine census only; no renderer export,machine-extracted-definition-candidate,owner-provided SWF,container=root; definitionDepth=0; tagOrdinal=286; payloadBytes=513; rawTagPayloadSha256=a6800028b711e032bc8136d84523794a7952632dbde5c75efa20c9b476a4edcf; exactTagIdentitySha256=26ca5d988adc74eb7bd465ed7bcfcbeaf4eb87d3eab69b3017444bcf4ab621b2; runtime reachability unresolved; placement and bounds unresolved; renderer suitability unresolved
swf-definition-00287,91,,shape,source-assets/flash/HELP MATH_ORIGINAL FILES/HELP_COURSES/ELMGR5/L5/VB/L5VB13.swf,,,1e29d5613686c1703d1d99fed68996c57c65e2a57f4064dd3999df064be747ac,DefineShape3,,,none; machine census only; no renderer export,machine-extracted-definition-candidate,owner-provided SWF,container=root; definitionDepth=0; tagOrdinal=287; payloadBytes=506; rawTagPayloadSha256=1e29d5613686c1703d1d99fed68996c57c65e2a57f4064dd3999df064be747ac; exactTagIdentitySha256=bb053ca374885238b744cdb5d8e0dfd33b67693e72633d174fa126100c49e4fb; runtime reachability unresolved; placement and bounds unresolved; renderer suitability unresolved
swf-definition-00288,92,,morph,source-assets/flash/HELP MATH_ORIGINAL FILES/HELP_COURSES/ELMGR5/L5/VB/L5VB13.swf,,,153c40108b39657490423999fc5c2ed66652213e68bc0344338e7be83ced446c,DefineMorphShape,,,none; machine census only; no renderer export,machine-extracted-definition-candidate,owner-provided SWF,container=root; definitionDepth=0; tagOrdinal=288; payloadBytes=518; rawTagPayloadSha256=153c40108b39657490423999fc5c2ed66652213e68bc0344338e7be83ced446c; exactTagIdentitySha256=754ee8c26b054f3aa53d8f8f9ae37747f648cfb9f6b186a2615927b28e3a872c; runtime reachability unresolved; placement and bounds unresolved; renderer suitability unresolved
swf-definition-00289,93,,shape,source-assets/flash/HELP MATH_ORIGINAL FILES/HELP_COURSES/ELMGR5/L5/VB/L5VB13.swf,,,a354413e3b925bf6474a00f44b76265bbea95123b5b70f02fffb73dbfe6cf248,DefineShape3,,,none; machine census only; no renderer export,machine-extracted-definition-candidate,owner-provided SWF,container=root; definitionDepth=0; tagOrdinal=289; payloadBytes=167; rawTagPayloadSha256=a354413e3b925bf6474a00f44b76265bbea95123b5b70f02fffb73dbfe6cf248; exactTagIdentitySha256=09fe617c42a430cce97a704c19a404dafde6a8d5decf6863d63671d228c51aff; runtime reachability unresolved; placement and bounds unresolved; renderer suitability unresolved
swf-definition-00290,94,,sprite,source-assets/flash/HELP MATH_ORIGINAL FILES/HELP_COURSES/ELMGR5/L5/VB/L5VB13.swf,,,9c2bfcd95f957592f35c134957e78dc620b643d081f59e248cec52f44574b466,DefineSprite,,,none; machine census only; no renderer export,machine-extracted-definition-candidate,owner-provided SWF,container=root; definitionDepth=0; tagOrdinal=290; payloadBytes=12675; rawTagPayloadSha256=9c2bfcd95f957592f35c134957e78dc620b643d081f59e248cec52f44574b466; exactTagIdentitySha256=58b05463c443845b866007c498a9bad479ea648f6e6f06b1cbbfa97a6d788ce3; declaredFrameCount=28; runtime reachability unresolved; placement and bounds unresolved; renderer suitability unresolved
swf-definition-00470,95,,shape,source-assets/flash/HELP MATH_ORIGINAL FILES/HELP_COURSES/ELMGR5/L5/VB/L5VB13.swf,,,29b7c0667813a11f7fbc635b73d48dbca4a299398c929f7cc8a28e59b1402549,DefineShape3,,,none; machine census only; no renderer export,machine-extracted-definition-candidate,owner-provided SWF,container=root; definitionDepth=0; tagOrdinal=470; payloadBytes=4259; rawTagPayloadSha256=29b7c0667813a11f7fbc635b73d48dbca4a299398c929f7cc8a28e59b1402549; exactTagIdentitySha256=b81571d91f11ecfe6a1511109c2365bb325ed8fea7ac046dbd435bb9c40b5d37; runtime reachability unresolved; placement and bounds unresolved; renderer suitability unresolved
swf-definition-00471,96,,morph,source-assets/flash/HELP MATH_ORIGINAL FILES/HELP_COURSES/ELMGR5/L5/VB/L5VB13.swf,,,a2fe083aa460659026121c73ac4888125b11bac41c1bfe954fd9718beb61f3de,DefineMorphShape,,,none; machine census only; no renderer export,machine-extracted-definition-candidate,owner-provided SWF,container=root; definitionDepth=0; tagOrdinal=471; payloadBytes=76; rawTagPayloadSha256=a2fe083aa460659026121c73ac4888125b11bac41c1bfe954fd9718beb61f3de; exactTagIdentitySha256=e0cf2710506cd11fd6e4e3e9afd3b700cb9a42dddcf1865f36734d8fca716e13; runtime reachability unresolved; placement and bounds unresolved; renderer suitability unresolved
swf-definition-00472,97,,shape,source-assets/flash/HELP MATH_ORIGINAL FILES/HELP_COURSES/ELMGR5/L5/VB/L5VB13.swf,,,4921aa899d2551f41d3edd2c4248ec9a5aa151e292d7003b9bf34796dff1b747,DefineShape3,,,none; machine census only; no renderer export,machine-extracted-definition-candidate,owner-provided SWF,container=root; definitionDepth=0; tagOrdinal=472; payloadBytes=992; rawTagPayloadSha256=4921aa899d2551f41d3edd2c4248ec9a5aa151e292d7003b9bf34796dff1b747; exactTagIdentitySha256=1f8a3c2f7f779234b112adaf1b8a3375fd5cf2f29dc9c5c100c75b93947ccfa6; runtime reachability unresolved; placement and bounds unresolved; renderer suitability unresolved
swf-definition-00473,98,,shape,source-assets/flash/HELP MATH_ORIGINAL FILES/HELP_COURSES/ELMGR5/L5/VB/L5VB13.swf,,,86a7669d91f82d7dc62286b0d85ec539a5844c33ac8cc8ffe01778399d5b8aad,DefineShape2,,,none; machine census only; no renderer export,machine-extracted-definition-candidate,owner-provided SWF,container=root; definitionDepth=0; tagOrdinal=473; payloadBytes=1069; rawTagPayloadSha256=86a7669d91f82d7dc62286b0d85ec539a5844c33ac8cc8ffe01778399d5b8aad; exactTagIdentitySha256=701142791e46594f31812307172276bfaad529aef08b68ad3762aaed8551828c; runtime reachability unresolved; placement and bounds unresolved; renderer suitability unresolved
swf-definition-00474,99,,morph,source-assets/flash/HELP MATH_ORIGINAL FILES/HELP_COURSES/ELMGR5/L5/VB/L5VB13.swf,,,1f098a744a664e40709297d3c618f07e3c392e9598bc0d09a90f0d1b9f8e74f1,DefineMorphShape,,,none; machine census only; no renderer export,machine-extracted-definition-candidate,owner-provided SWF,container=root; definitionDepth=0; tagOrdinal=474; payloadBytes=77; rawTagPayloadSha256=1f098a744a664e40709297d3c618f07e3c392e9598bc0d09a90f0d1b9f8e74f1; exactTagIdentitySha256=c27793f8ab7ba01e58bb00617cf1303b45c921570f752151d9f71b7b2ec27955; runtime reachability unresolved; placement and bounds unresolved; renderer suitability unresolved
swf-definition-00475,100,Bertram LET,font,source-assets/flash/HELP MATH_ORIGINAL FILES/HELP_COURSES/ELMGR5/L5/VB/L5VB13.swf,,,a92e4628fd96ee549bd3055d105052977f22fe4ebe817c5825e28a18e55d18fb,DefineFont2,,10,none; machine census only; no renderer export,machine-extracted-definition-candidate,owner-provided SWF,container=root; definitionDepth=0; tagOrdinal=475; payloadBytes=966; rawTagPayloadSha256=a92e4628fd96ee549bd3055d105052977f22fe4ebe817c5825e28a18e55d18fb; exactTagIdentitySha256=217037fa6b38e4a15b0dd225d8287c835d3edf88aac4444dabdfd36445ac8df9; runtime reachability unresolved; placement and bounds unresolved; renderer suitability unresolved
swf-definition-00477,101,,text,source-assets/flash/HELP MATH_ORIGINAL FILES/HELP_COURSES/ELMGR5/L5/VB/L5VB13.swf,,,52349d77a291411722dd6cf529bc76a29c6041d102d8378ee47daaff3fee2a52,DefineText,,,none; machine census only; no renderer export,machine-extracted-definition-candidate,owner-provided SWF,container=root; definitionDepth=0; tagOrdinal=477; payloadBytes=46; rawTagPayloadSha256=52349d77a291411722dd6cf529bc76a29c6041d102d8378ee47daaff3fee2a52; exactTagIdentitySha256=23c97b8cd3e59778a375ed81aade5426c91c5172133490db3c4aa91a42c72c18; runtime reachability unresolved; placement and bounds unresolved; renderer suitability unresolved
swf-definition-00478,102,,morph,source-assets/flash/HELP MATH_ORIGINAL FILES/HELP_COURSES/ELMGR5/L5/VB/L5VB13.swf,,,bfb49061cc0b0f28dc8dbee4661c36340d197e098dd72bf77f1cbd62ae0fa2c0,DefineMorphShape,,,none; machine census only; no renderer export,machine-extracted-definition-candidate,owner-provided SWF,container=root; definitionDepth=0; tagOrdinal=478; payloadBytes=77; rawTagPayloadSha256=bfb49061cc0b0f28dc8dbee4661c36340d197e098dd72bf77f1cbd62ae0fa2c0; exactTagIdentitySha256=e7893d062e1db25df8aa05e4aa0ce6fa2f0032c10a332f682bd7788b750b3ec8; runtime reachability unresolved; placement and bounds unresolved; renderer suitability unresolved
swf-definition-00479,103,,morph,source-assets/flash/HELP MATH_ORIGINAL FILES/HELP_COURSES/ELMGR5/L5/VB/L5VB13.swf,,,c2d4d4dde38ee9bc4a2f460b1f868f569cfa225011d83adba94fb19d718e845f,DefineMorphShape,,,none; machine census only; no renderer export,machine-extracted-definition-candidate,owner-provided SWF,container=root; definitionDepth=0; tagOrdinal=479; payloadBytes=76; rawTagPayloadSha256=c2d4d4dde38ee9bc4a2f460b1f868f569cfa225011d83adba94fb19d718e845f; exactTagIdentitySha256=12a2ff5a082e4a0195e511e88125b885e084f580136df8df0f6cdc7c97e80f5c; runtime reachability unresolved; placement and bounds unresolved; renderer suitability unresolved
swf-definition-00480,104,,shape,source-assets/flash/HELP MATH_ORIGINAL FILES/HELP_COURSES/ELMGR5/L5/VB/L5VB13.swf,,,2f10b8a1851d134314a3d7910a477419da9b8871d21ba9846d2f28ebce3ccaad,DefineShape3,,,none; machine census only; no renderer export,machine-extracted-definition-candidate,owner-provided SWF,container=root; definitionDepth=0; tagOrdinal=480; payloadBytes=32; rawTagPayloadSha256=2f10b8a1851d134314a3d7910a477419da9b8871d21ba9846d2f28ebce3ccaad; exactTagIdentitySha256=7d0d9c0404823b5a1b22ee0b85f1fcce4569091c3ddfbd8f9b38c7dc7a035f12; runtime reachability unresolved; placement and bounds unresolved; renderer suitability unresolved
swf-definition-00481,105,,sprite,source-assets/flash/HELP MATH_ORIGINAL FILES/HELP_COURSES/ELMGR5/L5/VB/L5VB13.swf,,,f93673eea5e61d68550d4e3d293385ce3a7b583ffd25d7efb0ea74d598c189ce,DefineSprite,,,none; machine census only; no renderer export,machine-extracted-definition-candidate,owner-provided SWF,container=root; definitionDepth=0; tagOrdinal=481; payloadBytes=12537; rawTagPayloadSha256=f93673eea5e61d68550d4e3d293385ce3a7b583ffd25d7efb0ea74d598c189ce; exactTagIdentitySha256=4a2808077c27cb8fd6c5e71722c8072124c9fec238d1a846e0183eeaaf934759; declaredFrameCount=28; runtime reachability unresolved; placement and bounds unresolved; renderer suitability unresolved
swf-definition-00614,106,,morph,source-assets/flash/HELP MATH_ORIGINAL FILES/HELP_COURSES/ELMGR5/L5/VB/L5VB13.swf,,,1379f14357a30af3955221fb9fcb2587adb4d1c6d9a04c0f9cf281ebd68ca780,DefineMorphShape,,,none; machine census only; no renderer export,machine-extracted-definition-candidate,owner-provided SWF,container=root; definitionDepth=0; tagOrdinal=614; payloadBytes=142; rawTagPayloadSha256=1379f14357a30af3955221fb9fcb2587adb4d1c6d9a04c0f9cf281ebd68ca780; exactTagIdentitySha256=b2e5602cacae8cfec789416cadb4a08f8ac04e9836777f6a287f78f17c1dbee0; runtime reachability unresolved; placement and bounds unresolved; renderer suitability unresolved
swf-definition-00615,107,,morph,source-assets/flash/HELP MATH_ORIGINAL FILES/HELP_COURSES/ELMGR5/L5/VB/L5VB13.swf,,,46cc05a38100f8df4a6144842a080e00609e0cf3d35d8a2860cadbc9ddd71d1d,DefineMorphShape,,,none; machine census only; no renderer export,machine-extracted-definition-candidate,owner-provided SWF,container=root; definitionDepth=0; tagOrdinal=615; payloadBytes=158; rawTagPayloadSha256=46cc05a38100f8df4a6144842a080e00609e0cf3d35d8a2860cadbc9ddd71d1d; exactTagIdentitySha256=567add100007504e8d779a5dd82541634c96ca801bd16547c89e3a4255e08af0; runtime reachability unresolved; placement and bounds unresolved; renderer suitability unresolved
swf-definition-00616,108,,morph,source-assets/flash/HELP MATH_ORIGINAL FILES/HELP_COURSES/ELMGR5/L5/VB/L5VB13.swf,,,8c3ba6eb2646f4e23fe80ee49f1f893f04f23441d9a3d6dd6e139e00ea07cfde,DefineMorphShape,,,none; machine census only; no renderer export,machine-extracted-definition-candidate,owner-provided SWF,container=root; definitionDepth=0; tagOrdinal=616; payloadBytes=159; rawTagPayloadSha256=8c3ba6eb2646f4e23fe80ee49f1f893f04f23441d9a3d6dd6e139e00ea07cfde; exactTagIdentitySha256=de937f790d00e650946cab1c31e57552e50365bdd71f40f7f80fec31d6565894; runtime reachability unresolved; placement and bounds unresolved; renderer suitability unresolved
swf-definition-00617,109,Eras Bd BT,font,source-assets/flash/HELP MATH_ORIGINAL FILES/HELP_COURSES/ELMGR5/L5/VB/L5VB13.swf,,,27303505a1f96807484ce3565d2e3e8eea84168f5a5b153f41f87fb4d8b883be,DefineFont2,,8,none; machine census only; no renderer export,machine-extracted-definition-candidate,owner-provided SWF,container=root; definitionDepth=0; tagOrdinal=617; payloadBytes=592; rawTagPayloadSha256=27303505a1f96807484ce3565d2e3e8eea84168f5a5b153f41f87fb4d8b883be; exactTagIdentitySha256=d3eb721a4860ed821037549e5b5044af439ca2205b9bfd00627b78f728a24a89; runtime reachability unresolved; placement and bounds unresolved; renderer suitability unresolved
swf-definition-00619,110,,text,source-assets/flash/HELP MATH_ORIGINAL FILES/HELP_COURSES/ELMGR5/L5/VB/L5VB13.swf,,,12f0cadf64dcf02382e3d5859acd88c805cea399dee4f0512c74579bc3c4f776,DefineText,,,none; machine census only; no renderer export,machine-extracted-definition-candidate,owner-provided SWF,container=root; definitionDepth=0; tagOrdinal=619; payloadBytes=44; rawTagPayloadSha256=12f0cadf64dcf02382e3d5859acd88c805cea399dee4f0512c74579bc3c4f776; exactTagIdentitySha256=7494c93f2d82870103f9fb57140ca38b4a06e37c42c742d7197c734f630aefe1; runtime reachability unresolved; placement and bounds unresolved; renderer suitability unresolved
swf-definition-00620,111,,text,source-assets/flash/HELP MATH_ORIGINAL FILES/HELP_COURSES/ELMGR5/L5/VB/L5VB13.swf,,,2f8eba03706c3c83b5a662d23a4e88fa209cc1fd417b806ba8680eddcc529b43,DefineText,,,none; machine census only; no renderer export,machine-extracted-definition-candidate,owner-provided SWF,container=root; definitionDepth=0; tagOrdinal=620; payloadBytes=44; rawTagPayloadSha256=2f8eba03706c3c83b5a662d23a4e88fa209cc1fd417b806ba8680eddcc529b43; exactTagIdentitySha256=2f94bef90f4364e40119331bf9d8fdf0c3aa34fd6c4b47ccddce50d8eb97ad71; runtime reachability unresolved; placement and bounds unresolved; renderer suitability unresolved
swf-definition-00621,112,,shape,source-assets/flash/HELP MATH_ORIGINAL FILES/HELP_COURSES/ELMGR5/L5/VB/L5VB13.swf,,,9c489dce36e7c9d6e860cf8c1d4cbaac37c8068841a89587d84c242a8568faaa,DefineShape3,,,none; machine census only; no renderer export,machine-extracted-definition-candidate,owner-provided SWF,container=root; definitionDepth=0; tagOrdinal=621; payloadBytes=76; rawTagPayloadSha256=9c489dce36e7c9d6e860cf8c1d4cbaac37c8068841a89587d84c242a8568faaa; exactTagIdentitySha256=0f8ef019783451ed283e34aa9d12d7d97dacfd21ef810dc46793c51c73f6b6ab; runtime reachability unresolved; placement and bounds unresolved; renderer suitability unresolved
swf-definition-00622,113,,morph,source-assets/flash/HELP MATH_ORIGINAL FILES/HELP_COURSES/ELMGR5/L5/VB/L5VB13.swf,,,d29bcaa8a0a5367110cc9d157058211336bc81753585a4e6a049a2baacc5ad3b,DefineMorphShape,,,none; machine census only; no renderer export,machine-extracted-definition-candidate,owner-provided SWF,container=root; definitionDepth=0; tagOrdinal=622; payloadBytes=142; rawTagPayloadSha256=d29bcaa8a0a5367110cc9d157058211336bc81753585a4e6a049a2baacc5ad3b; exactTagIdentitySha256=e6f5fcb3a792fa5d3a971762a0a6fa1bf57fd4af2b3ff2cb08bae47458618d6f; runtime reachability unresolved; placement and bounds unresolved; renderer suitability unresolved
swf-definition-00623,114,,morph,source-assets/flash/HELP MATH_ORIGINAL FILES/HELP_COURSES/ELMGR5/L5/VB/L5VB13.swf,,,261760f4293c086057dae8bc91c0f092ada00f5c49dc649928273e3045e0b9ba,DefineMorphShape,,,none; machine census only; no renderer export,machine-extracted-definition-candidate,owner-provided SWF,container=root; definitionDepth=0; tagOrdinal=623; payloadBytes=142; rawTagPayloadSha256=261760f4293c086057dae8bc91c0f092ada00f5c49dc649928273e3045e0b9ba; exactTagIdentitySha256=d19828b064db40390ed4ffe41d7dd7b8cfdb90ef095e03e0411933eca3e9cd0b; runtime reachability unresolved; placement and bounds unresolved; renderer suitability unresolved
swf-definition-00624,115,,shape,source-assets/flash/HELP MATH_ORIGINAL FILES/HELP_COURSES/ELMGR5/L5/VB/L5VB13.swf,,,f6c22054d713762f53371ae8ba82904169155bb160889e00e846a163863e3267,DefineShape2,,,none; machine census only; no renderer export,machine-extracted-definition-candidate,owner-provided SWF,container=root; definitionDepth=0; tagOrdinal=624; payloadBytes=122; rawTagPayloadSha256=f6c22054d713762f53371ae8ba82904169155bb160889e00e846a163863e3267; exactTagIdentitySha256=ec3600f15baa1b6c711ae9604514508dfcbb9d9dafe5791e0e51ccb58e87fde5; runtime reachability unresolved; placement and bounds unresolved; renderer suitability unresolved
swf-definition-00625,116,,shape,source-assets/flash/HELP MATH_ORIGINAL FILES/HELP_COURSES/ELMGR5/L5/VB/L5VB13.swf,,,b60d2efd7acd8eeae931d3bb87b07272f5d38dc4c66c06d8177cee67c734b2e4,DefineShape3,,,none; machine census only; no renderer export,machine-extracted-definition-candidate,owner-provided SWF,container=root; definitionDepth=0; tagOrdinal=625; payloadBytes=121; rawTagPayloadSha256=b60d2efd7acd8eeae931d3bb87b07272f5d38dc4c66c06d8177cee67c734b2e4; exactTagIdentitySha256=bca0e8031da341fd87f3d9035f7790538fa04e1d7e21aa0950013c0e84888f5e; runtime reachability unresolved; placement and bounds unresolved; renderer suitability unresolved
swf-definition-00626,117,,sprite,source-assets/flash/HELP MATH_ORIGINAL FILES/HELP_COURSES/ELMGR5/L5/VB/L5VB13.swf,,,9d16ecf49d770cdaba29ebdc6fb861c723d60ffc8d9d695f80dcd26ecbb6d9b2,DefineSprite,,,none; machine census only; no renderer export,machine-extracted-definition-candidate,owner-provided SWF,container=root; definitionDepth=0; tagOrdinal=626; payloadBytes=14057; rawTagPayloadSha256=9d16ecf49d770cdaba29ebdc6fb861c723d60ffc8d9d695f80dcd26ecbb6d9b2; exactTagIdentitySha256=ef1406eb9dd3c9f1eebadd54b1cabe0ba052136c2041ff10b1133d621921a48d; declaredFrameCount=31; runtime reachability unresolved; placement and bounds unresolved; renderer suitability unresolved
swf-definition-00764,118,,shape,source-assets/flash/HELP MATH_ORIGINAL FILES/HELP_COURSES/ELMGR5/L5/VB/L5VB13.swf,,,a00b04ab8257df280055470e286f770bb12a245e51a8b07865eb5d8315d5dd0e,DefineShape3,,,none; machine census only; no renderer export,machine-extracted-definition-candidate,owner-provided SWF,container=root; definitionDepth=0; tagOrdinal=764; payloadBytes=35; rawTagPayloadSha256=a00b04ab8257df280055470e286f770bb12a245e51a8b07865eb5d8315d5dd0e; exactTagIdentitySha256=867a4138cc95408974e11459a1499050af3c2c301f48f0b518ec749cbc6504b1; runtime reachability unresolved; placement and bounds unresolved; renderer suitability unresolved
swf-definition-00765,119,,shape,source-assets/flash/HELP MATH_ORIGINAL FILES/HELP_COURSES/ELMGR5/L5/VB/L5VB13.swf,,,45970096786bc4adc1ab81e2573bb8a38c968dd159a7abb8318cf08969b2e47f,DefineShape3,,,none; machine census only; no renderer export,machine-extracted-definition-candidate,owner-provided SWF,container=root; definitionDepth=0; tagOrdinal=765; payloadBytes=209; rawTagPayloadSha256=45970096786bc4adc1ab81e2573bb8a38c968dd159a7abb8318cf08969b2e47f; exactTagIdentitySha256=0a2215fbeb949ec0575036dafebc28c0b68cacd403c24b1d4f45e9a11a538cb1; runtime reachability unresolved; placement and bounds unresolved; renderer suitability unresolved
swf-definition-00766,120,,shape,source-assets/flash/HELP MATH_ORIGINAL FILES/HELP_COURSES/ELMGR5/L5/VB/L5VB13.swf,,,8fb89272c71b0ca2dc019de5048b163972670945a8a95ef806f77ac660f8198e,DefineShape3,,,none; machine census only; no renderer export,machine-extracted-definition-candidate,owner-provided SWF,container=root; definitionDepth=0; tagOrdinal=766; payloadBytes=3635; rawTagPayloadSha256=8fb89272c71b0ca2dc019de5048b163972670945a8a95ef806f77ac660f8198e; exactTagIdentitySha256=8016e3794f87092431ba2409ff6f3656769f14ba39076f35b8feb51bb22e44f5; runtime reachability unresolved; placement and bounds unresolved; renderer suitability unresolved
swf-definition-00767,121,,shape,source-assets/flash/HELP MATH_ORIGINAL FILES/HELP_COURSES/ELMGR5/L5/VB/L5VB13.swf,,,0817c8c5d20ab0e45f9f33bc55522a7c863aa26a12396c39f079d6de57c6682e,DefineShape3,,,none; machine census only; no renderer export,machine-extracted-definition-candidate,owner-provided SWF,container=root; definitionDepth=0; tagOrdinal=767; payloadBytes=178; rawTagPayloadSha256=0817c8c5d20ab0e45f9f33bc55522a7c863aa26a12396c39f079d6de57c6682e; exactTagIdentitySha256=70a0b2beb7dfa2616c2d3a5e573917bd5bc6264ff70ea1b8d42e0ab82a2a537f; runtime reachability unresolved; placement and bounds unresolved; renderer suitability unresolved
swf-definition-00768,122,,shape,source-assets/flash/HELP MATH_ORIGINAL FILES/HELP_COURSES/ELMGR5/L5/VB/L5VB13.swf,,,e851e8834e8fa4ba98952434327fc7505e09f46726ddf2b631ddc773da585557,DefineShape3,,,none; machine census only; no renderer export,machine-extracted-definition-candidate,owner-provided SWF,container=root; definitionDepth=0; tagOrdinal=768; payloadBytes=53; rawTagPayloadSha256=e851e8834e8fa4ba98952434327fc7505e09f46726ddf2b631ddc773da585557; exactTagIdentitySha256=cb517d06005cd6a8e21007e2416d6d42dd52091a0c3dc95c813ca48a754e9d07; runtime reachability unresolved; placement and bounds unresolved; renderer suitability unresolved
swf-definition-00769,123,,shape,source-assets/flash/HELP MATH_ORIGINAL FILES/HELP_COURSES/ELMGR5/L5/VB/L5VB13.swf,,,a6e1058ad0653b69bdeed8cff72c3c09f3910f8636219c0bb6acfc4bebbfd086,DefineShape3,,,none; machine census only; no renderer export,machine-extracted-definition-candidate,owner-provided SWF,container=root; definitionDepth=0; tagOrdinal=769; payloadBytes=4032; rawTagPayloadSha256=a6e1058ad0653b69bdeed8cff72c3c09f3910f8636219c0bb6acfc4bebbfd086; exactTagIdentitySha256=acb0f751d4f1e753b59c41c23f70d0d21687b8715e867acbc4492b8a2106b390; runtime reachability unresolved; placement and bounds unresolved; renderer suitability unresolved
swf-definition-00770,124,,shape,source-assets/flash/HELP MATH_ORIGINAL FILES/HELP_COURSES/ELMGR5/L5/VB/L5VB13.swf,,,b230300faf563f547704a31a4f0af98ac93fad0846f1f9c1277bb53aba61fe94,DefineShape3,,,none; machine census only; no renderer export,machine-extracted-definition-candidate,owner-provided SWF,container=root; definitionDepth=0; tagOrdinal=770; payloadBytes=65; rawTagPayloadSha256=b230300faf563f547704a31a4f0af98ac93fad0846f1f9c1277bb53aba61fe94; exactTagIdentitySha256=ffb668d90f49ecc142434622825aa1d350f06f2a4bddf66494bbe9f3fc036f59; runtime reachability unresolved; placement and bounds unresolved; renderer suitability unresolved
swf-definition-00771,125,,shape,source-assets/flash/HELP MATH_ORIGINAL FILES/HELP_COURSES/ELMGR5/L5/VB/L5VB13.swf,,,93d0e26eb8ad970d1020071c152177ef0a84d90c3e1208980c099c18be573900,DefineShape3,,,none; machine census only; no renderer export,machine-extracted-definition-candidate,owner-provided SWF,container=root; definitionDepth=0; tagOrdinal=771; payloadBytes=3027; rawTagPayloadSha256=93d0e26eb8ad970d1020071c152177ef0a84d90c3e1208980c099c18be573900; exactTagIdentitySha256=30464e68c304c76188bad8bdaa07efb799b71e15b45f24af37115badcdb1d500; runtime reachability unresolved; placement and bounds unresolved; renderer suitability unresolved
swf-definition-00772,126,,shape,source-assets/flash/HELP MATH_ORIGINAL FILES/HELP_COURSES/ELMGR5/L5/VB/L5VB13.swf,,,4acba4b03429056eebc9cf58a3c06250f02d0c520510e2d5bfe9207b64a58ca9,DefineShape3,,,none; machine census only; no renderer export,machine-extracted-definition-candidate,owner-provided SWF,container=root; definitionDepth=0; tagOrdinal=772; payloadBytes=55; rawTagPayloadSha256=4acba4b03429056eebc9cf58a3c06250f02d0c520510e2d5bfe9207b64a58ca9; exactTagIdentitySha256=5e4ae7023d7fd233d13cf2d0fcc9a79b9c421dfa4bb51341e2f64b1a238df3e1; runtime reachability unresolved; placement and bounds unresolved; renderer suitability unresolved
swf-definition-00773,127,,shape,source-assets/flash/HELP MATH_ORIGINAL FILES/HELP_COURSES/ELMGR5/L5/VB/L5VB13.swf,,,e3d059af2d76971463fc32e144717062656203a1a56ae5c13de9cfe8de03b8f0,DefineShape3,,,none; machine census only; no renderer export,machine-extracted-definition-candidate,owner-provided SWF,container=root; definitionDepth=0; tagOrdinal=773; payloadBytes=3619; rawTagPayloadSha256=e3d059af2d76971463fc32e144717062656203a1a56ae5c13de9cfe8de03b8f0; exactTagIdentitySha256=24cdf7f9b1000d277d26d3d031fb0d12b720a77b318f02347a01f6d68da4ba03; runtime reachability unresolved; placement and bounds unresolved; renderer suitability unresolved
swf-definition-00774,128,,shape,source-assets/flash/HELP MATH_ORIGINAL FILES/HELP_COURSES/ELMGR5/L5/VB/L5VB13.swf,,,c9a0ecad8ed5f3485146b9a25805b9adbcaaac230682734198a1e3f2b3ec9bba,DefineShape3,,,none; machine census only; no renderer export,machine-extracted-definition-candidate,owner-provided SWF,container=root; definitionDepth=0; tagOrdinal=774; payloadBytes=65; rawTagPayloadSha256=c9a0ecad8ed5f3485146b9a25805b9adbcaaac230682734198a1e3f2b3ec9bba; exactTagIdentitySha256=0ca2b17a48a6497f87e5f097e78b11c407c9ca856a23be540814ef202b231ce1; runtime reachability unresolved; placement and bounds unresolved; renderer suitability unresolved
swf-definition-00775,129,,shape,source-assets/flash/HELP MATH_ORIGINAL FILES/HELP_COURSES/ELMGR5/L5/VB/L5VB13.swf,,,e3ec8e265ba76b8face4d96df72ab03c8ccba894a102aec11449f67a578fc466,DefineShape3,,,none; machine census only; no renderer export,machine-extracted-definition-candidate,owner-provided SWF,container=root; definitionDepth=0; tagOrdinal=775; payloadBytes=2799; rawTagPayloadSha256=e3ec8e265ba76b8face4d96df72ab03c8ccba894a102aec11449f67a578fc466; exactTagIdentitySha256=4f8bf1ba6b61841603b67fd323e97c910750427815f5eb4d8763c7a16db0fa2b; runtime reachability unresolved; placement and bounds unresolved; renderer suitability unresolved
swf-definition-00776,130,,morph,source-assets/flash/HELP MATH_ORIGINAL FILES/HELP_COURSES/ELMGR5/L5/VB/L5VB13.swf,,,2a2c86976b6f5ba76fea8428d3ac1076707be028ae7e6ee1eb239219ec12f3bd,DefineMorphShape,,,none; machine census only; no renderer export,machine-extracted-definition-candidate,owner-provided SWF,container=root; definitionDepth=0; tagOrdinal=776; payloadBytes=180; rawTagPayloadSha256=2a2c86976b6f5ba76fea8428d3ac1076707be028ae7e6ee1eb239219ec12f3bd; exactTagIdentitySha256=b0da51c13d31f18d9fb44ca8e8922779292e63f81a039d204143cd334a5f410c; runtime reachability unresolved; placement and bounds unresolved; renderer suitability unresolved
swf-definition-00777,131,Performa Black SSi,font,source-assets/flash/HELP MATH_ORIGINAL FILES/HELP_COURSES/ELMGR5/L5/VB/L5VB13.swf,,,a5ef447db74450d148e95056d754c4672f64edd30fc062bdfd6d7306fdf262dc,DefineFont2,,8,none; machine census only; no renderer export,machine-extracted-definition-candidate,owner-provided SWF,container=root; definitionDepth=0; tagOrdinal=777; payloadBytes=481; rawTagPayloadSha256=a5ef447db74450d148e95056d754c4672f64edd30fc062bdfd6d7306fdf262dc; exactTagIdentitySha256=41fc27eb9e7b867f09c89ef134ffb248384d74c9ac37a097fe4010aa83f9522e; runtime reachability unresolved; placement and bounds unresolved; renderer suitability unresolved
swf-definition-00779,132,,text,source-assets/flash/HELP MATH_ORIGINAL FILES/HELP_COURSES/ELMGR5/L5/VB/L5VB13.swf,,,d2bfdb99157228ffed656151d77bfa4988a3d3c79aadf4c19916ee61782a3812,DefineText,,,none; machine census only; no renderer export,machine-extracted-definition-candidate,owner-provided SWF,container=root; definitionDepth=0; tagOrdinal=779; payloadBytes=43; rawTagPayloadSha256=d2bfdb99157228ffed656151d77bfa4988a3d3c79aadf4c19916ee61782a3812; exactTagIdentitySha256=5ce1ec2405cfeeaba8bb0d3860fe42d9a73ae8711e9ead1239f09fd192dff2db; runtime reachability unresolved; placement and bounds unresolved; renderer suitability unresolved
swf-definition-00780,133,,text,source-assets/flash/HELP MATH_ORIGINAL FILES/HELP_COURSES/ELMGR5/L5/VB/L5VB13.swf,,,902b5158d8a99c141e86e3707dc7667dae4b194378fda7f604a6dc7d98c0effe,DefineText,,,none; machine census only; no renderer export,machine-extracted-definition-candidate,owner-provided SWF,container=root; definitionDepth=0; tagOrdinal=780; payloadBytes=43; rawTagPayloadSha256=902b5158d8a99c141e86e3707dc7667dae4b194378fda7f604a6dc7d98c0effe; exactTagIdentitySha256=95cfd158e097790ef151b71d1d2c8647050531e43555ea75c0a47bdebd03db3a; runtime reachability unresolved; placement and bounds unresolved; renderer suitability unresolved
swf-definition-00781,134,,shape,source-assets/flash/HELP MATH_ORIGINAL FILES/HELP_COURSES/ELMGR5/L5/VB/L5VB13.swf,,,d84d1f499614e2da228f616d8537c1551ca8555572d0cec531a9d4532d1e2dbf,DefineShape3,,,none; machine census only; no renderer export,machine-extracted-definition-candidate,owner-provided SWF,container=root; definitionDepth=0; tagOrdinal=781; payloadBytes=3309; rawTagPayloadSha256=d84d1f499614e2da228f616d8537c1551ca8555572d0cec531a9d4532d1e2dbf; exactTagIdentitySha256=f43fff02e95a5bb973b5740c0cff97d22cc7ab8d3661cf61644100214947dcfc; runtime reachability unresolved; placement and bounds unresolved; renderer suitability unresolved
swf-definition-00782,135,,shape,source-assets/flash/HELP MATH_ORIGINAL FILES/HELP_COURSES/ELMGR5/L5/VB/L5VB13.swf,,,4fff74449e0a677a2f8b6f6012ac8f497f68926cc74b76f1c16072c02fde8618,DefineShape3,,,none; machine census only; no renderer export,machine-extracted-definition-candidate,owner-provided SWF,container=root; definitionDepth=0; tagOrdinal=782; payloadBytes=2309; rawTagPayloadSha256=4fff74449e0a677a2f8b6f6012ac8f497f68926cc74b76f1c16072c02fde8618; exactTagIdentitySha256=21bc3d85225576280a10477d8716b612957128808a3ba5e42d5e9dcfead67b1f; runtime reachability unresolved; placement and bounds unresolved; renderer suitability unresolved
swf-definition-00783,136,,bitmap,source-assets/flash/HELP MATH_ORIGINAL FILES/HELP_COURSES/ELMGR5/L5/VB/L5VB13.swf,,,abb2cfa14a3336f397f3e8482d394af75d7540b7744cdd5dc8b79ce12bd53c8f,DefineBitsJPEG3,,,none; machine census only; no renderer export,machine-extracted-definition-candidate,owner-provided SWF,container=root; definitionDepth=0; tagOrdinal=783; payloadBytes=32837; rawTagPayloadSha256=abb2cfa14a3336f397f3e8482d394af75d7540b7744cdd5dc8b79ce12bd53c8f; exactTagIdentitySha256=71b9f603066ec6429829ed4a15bd77c49e205919f7e967b487d61d875f633728; runtime reachability unresolved; placement and bounds unresolved; renderer suitability unresolved
swf-definition-00784,137,,shape,source-assets/flash/HELP MATH_ORIGINAL FILES/HELP_COURSES/ELMGR5/L5/VB/L5VB13.swf,,,c9acf7e99b3c18f580250f2f35130fdffe0147e20eb731aee52b43d7f2670868,DefineShape,,,none; machine census only; no renderer export,machine-extracted-definition-candidate,owner-provided SWF,container=root; definitionDepth=0; tagOrdinal=784; payloadBytes=51; rawTagPayloadSha256=c9acf7e99b3c18f580250f2f35130fdffe0147e20eb731aee52b43d7f2670868; exactTagIdentitySha256=5f532f8ab62c723417cda1c33e8c5dc3d5092c647dcca6beb4a0938f418a0d7c; runtime reachability unresolved; placement and bounds unresolved; renderer suitability unresolved
swf-definition-00785,138,,morph,source-assets/flash/HELP MATH_ORIGINAL FILES/HELP_COURSES/ELMGR5/L5/VB/L5VB13.swf,,,9509eb49a635ffbfce8a66fa1f5fbb2736ed227929436c685b94d1f595b08ee3,DefineMorphShape,,,none; machine census only; no renderer export,machine-extracted-definition-candidate,owner-provided SWF,container=root; definitionDepth=0; tagOrdinal=785; payloadBytes=189; rawTagPayloadSha256=9509eb49a635ffbfce8a66fa1f5fbb2736ed227929436c685b94d1f595b08ee3; exactTagIdentitySha256=bc16e3a83a17ce7571d3207aff599e3e86a7c71619cd6be05b7e135947f75a58; runtime reachability unresolved; placement and bounds unresolved; renderer suitability unresolved
swf-definition-00786,139,,morph,source-assets/flash/HELP MATH_ORIGINAL FILES/HELP_COURSES/ELMGR5/L5/VB/L5VB13.swf,,,15e1e295252397214a4dfb0ffb433717edadede13b0e43ff279526773d6f4f28,DefineMorphShape,,,none; machine census only; no renderer export,machine-extracted-definition-candidate,owner-provided SWF,container=root; definitionDepth=0; tagOrdinal=786; payloadBytes=573; rawTagPayloadSha256=15e1e295252397214a4dfb0ffb433717edadede13b0e43ff279526773d6f4f28; exactTagIdentitySha256=db5f66a6c5708a35bec6b3cbabc9b0e59b4a5f7d988b8a4cc32769b2f2dd6db7; runtime reachability unresolved; placement and bounds unresolved; renderer suitability unresolved
swf-definition-00787,140,,shape,source-assets/flash/HELP MATH_ORIGINAL FILES/HELP_COURSES/ELMGR5/L5/VB/L5VB13.swf,,,50f4ddc6dc57bed5b7209fe31088d17d0cf4b757de19b404346560c313e63d35,DefineShape3,,,none; machine census only; no renderer export,machine-extracted-definition-candidate,owner-provided SWF,container=root; definitionDepth=0; tagOrdinal=787; payloadBytes=186; rawTagPayloadSha256=50f4ddc6dc57bed5b7209fe31088d17d0cf4b757de19b404346560c313e63d35; exactTagIdentitySha256=95e43005d5e19217bea7b11278b096fcf854de4459d4d1fdbc507c696464c3cb; runtime reachability unresolved; placement and bounds unresolved; renderer suitability unresolved
swf-definition-00788,141,,morph,source-assets/flash/HELP MATH_ORIGINAL FILES/HELP_COURSES/ELMGR5/L5/VB/L5VB13.swf,,,eab1f5121a6c02c948420c54c90f6f7e752e29a4e718086d3a8f270c29536c69,DefineMorphShape,,,none; machine census only; no renderer export,machine-extracted-definition-candidate,owner-provided SWF,container=root; definitionDepth=0; tagOrdinal=788; payloadBytes=569; rawTagPayloadSha256=eab1f5121a6c02c948420c54c90f6f7e752e29a4e718086d3a8f270c29536c69; exactTagIdentitySha256=bfa366d0fa1f46bfd7c0169745f6aa918af02d2873ead025ec975a2c2b3761e3; runtime reachability unresolved; placement and bounds unresolved; renderer suitability unresolved
swf-definition-00789,142,,shape,source-assets/flash/HELP MATH_ORIGINAL FILES/HELP_COURSES/ELMGR5/L5/VB/L5VB13.swf,,,47233e5bf0d30ad8ae88a93f530d560e1808100fd7aece73176506825e4c748f,DefineShape3,,,none; machine census only; no renderer export,machine-extracted-definition-candidate,owner-provided SWF,container=root; definitionDepth=0; tagOrdinal=789; payloadBytes=180; rawTagPayloadSha256=47233e5bf0d30ad8ae88a93f530d560e1808100fd7aece73176506825e4c748f; exactTagIdentitySha256=c28e247b7d27ff5f79e8c534985566de0f8a8d4f6502b2f4af3b17dbeae7d505; runtime reachability unresolved; placement and bounds unresolved; renderer suitability unresolved
swf-definition-00790,143,,sprite,source-assets/flash/HELP MATH_ORIGINAL FILES/HELP_COURSES/ELMGR5/L5/VB/L5VB13.swf,,,ee68b6ff7623e3a7ad6d118a51bed8ee89edce29baae063d3bbf5490728ac4dc,DefineSprite,,,none; machine census only; no renderer export,machine-extracted-definition-candidate,owner-provided SWF,container=root; definitionDepth=0; tagOrdinal=790; payloadBytes=13801; rawTagPayloadSha256=ee68b6ff7623e3a7ad6d118a51bed8ee89edce29baae063d3bbf5490728ac4dc; exactTagIdentitySha256=91ba24014cd3063b1e97014f54d4cfb88318e19cf43427109a5aa5a549b8b16a; declaredFrameCount=31; runtime reachability unresolved; placement and bounds unresolved; renderer suitability unresolved
swf-definition-00935,144,,shape,source-assets/flash/HELP MATH_ORIGINAL FILES/HELP_COURSES/ELMGR5/L5/VB/L5VB13.swf,,,fcec739f69b3f8e726e2c9704a6ffeb8e5f41d11543b17647dd231f6c9c068d9,DefineShape3,,,none; machine census only; no renderer export,machine-extracted-definition-candidate,owner-provided SWF,container=root; definitionDepth=0; tagOrdinal=935; payloadBytes=155; rawTagPayloadSha256=fcec739f69b3f8e726e2c9704a6ffeb8e5f41d11543b17647dd231f6c9c068d9; exactTagIdentitySha256=753dbda3e26526114c0a32b33e5a9d5c37eff82bbeeb55d4bc12deed5daeeb91; runtime reachability unresolved; placement and bounds unresolved; renderer suitability unresolved
swf-definition-00936,145,,morph,source-assets/flash/HELP MATH_ORIGINAL FILES/HELP_COURSES/ELMGR5/L5/VB/L5VB13.swf,,,8f0877d3a8ace82c271d72f995a1e74bd81aa451bebf3ba4675d7a16326b7473,DefineMorphShape,,,none; machine census only; no renderer export,machine-extracted-definition-candidate,owner-provided SWF,container=root; definitionDepth=0; tagOrdinal=936; payloadBytes=176; rawTagPayloadSha256=8f0877d3a8ace82c271d72f995a1e74bd81aa451bebf3ba4675d7a16326b7473; exactTagIdentitySha256=333b0d36db2bc4f57e767bb350a5c56fd0aa1975cd7e1392133d008eb61193c8; runtime reachability unresolved; placement and bounds unresolved; renderer suitability unresolved
swf-definition-00937,146,,morph,source-assets/flash/HELP MATH_ORIGINAL FILES/HELP_COURSES/ELMGR5/L5/VB/L5VB13.swf,,,d61fb072564b00359771e1f399248f40a183da12d18ea4a36d36d8ad4602dc3e,DefineMorphShape,,,none; machine census only; no renderer export,machine-extracted-definition-candidate,owner-provided SWF,container=root; definitionDepth=0; tagOrdinal=937; payloadBytes=177; rawTagPayloadSha256=d61fb072564b00359771e1f399248f40a183da12d18ea4a36d36d8ad4602dc3e; exactTagIdentitySha256=2ea18e3be7ed292897f628cd97c6db388649d16f164a25275517b48ad6a529c2; runtime reachability unresolved; placement and bounds unresolved; renderer suitability unresolved
swf-definition-00938,147,,shape,source-assets/flash/HELP MATH_ORIGINAL FILES/HELP_COURSES/ELMGR5/L5/VB/L5VB13.swf,,,9f2a1c6a7783a13b1cbf1b03f67cf594924d2b5eb6c59c04a1ee7806e38ab081,DefineShape2,,,none; machine census only; no renderer export,machine-extracted-definition-candidate,owner-provided SWF,container=root; definitionDepth=0; tagOrdinal=938; payloadBytes=154; rawTagPayloadSha256=9f2a1c6a7783a13b1cbf1b03f67cf594924d2b5eb6c59c04a1ee7806e38ab081; exactTagIdentitySha256=6e75c7dcf75a6cd780d8e0a29fa4620ebd9848a3bb3b071d1c5ab215e61170b7; runtime reachability unresolved; placement and bounds unresolved; renderer suitability unresolved
swf-definition-00939,148,,shape,source-assets/flash/HELP MATH_ORIGINAL FILES/HELP_COURSES/ELMGR5/L5/VB/L5VB13.swf,,,a6f2909c00418e7b3e4365c36cb2f21fe2e1fcabf782063001fcf3491ee6e607,DefineShape,,,none; machine census only; no renderer export,machine-extracted-definition-candidate,owner-provided SWF,container=root; definitionDepth=0; tagOrdinal=939; payloadBytes=62; rawTagPayloadSha256=a6f2909c00418e7b3e4365c36cb2f21fe2e1fcabf782063001fcf3491ee6e607; exactTagIdentitySha256=23a99f3bacb12fe6e19ac26774ebd53ddd50d60b0dc18013d1c173708f45c576; runtime reachability unresolved; placement and bounds unresolved; renderer suitability unresolved
swf-definition-00940,149,,sprite,source-assets/flash/HELP MATH_ORIGINAL FILES/HELP_COURSES/ELMGR5/L5/VB/L5VB13.swf,,,3d386d5f0ed478e793026269afdba6ade5768d7f3611efdff744c391b08028a0,DefineSprite,,,none; machine census only; no renderer export,machine-extracted-definition-candidate,owner-provided SWF,container=root; definitionDepth=0; tagOrdinal=940; payloadBytes=16; rawTagPayloadSha256=3d386d5f0ed478e793026269afdba6ade5768d7f3611efdff744c391b08028a0; exactTagIdentitySha256=afc2b1be8a2e08948f456870b86f2759679ac3087a5faa1b58fa17ed404ded36; declaredFrameCount=1; runtime reachability unresolved; placement and bounds unresolved; renderer suitability unresolved
swf-definition-00944,150,,shape,source-assets/flash/HELP MATH_ORIGINAL FILES/HELP_COURSES/ELMGR5/L5/VB/L5VB13.swf,,,56815b96a4343c03d2dd6d8665914728dcc2341670fcd6956e9204657b7ff759,DefineShape,,,none; machine census only; no renderer export,machine-extracted-definition-candidate,owner-provided SWF,container=root; definitionDepth=0; tagOrdinal=944; payloadBytes=78; rawTagPayloadSha256=56815b96a4343c03d2dd6d8665914728dcc2341670fcd6956e9204657b7ff759; exactTagIdentitySha256=2b50cd8ace0014e45a7109b928d8f6daa5662b6fc61fdb066ffb5415f7c02f74; runtime reachability unresolved; placement and bounds unresolved; renderer suitability unresolved
swf-definition-00945,151,,morph,source-assets/flash/HELP MATH_ORIGINAL FILES/HELP_COURSES/ELMGR5/L5/VB/L5VB13.swf,,,6ba2e240980f1c9f297ca2314f77ce2f868b33cc684714b130ec2705b9dcbb5c,DefineMorphShape,,,none; machine census only; no renderer export,machine-extracted-definition-candidate,owner-provided SWF,container=root; definitionDepth=0; tagOrdinal=945; payloadBytes=203; rawTagPayloadSha256=6ba2e240980f1c9f297ca2314f77ce2f868b33cc684714b130ec2705b9dcbb5c; exactTagIdentitySha256=935b9688a47734153699dfd554dada7f149c600a456db7d6a0673fc31be9990b; runtime reachability unresolved; placement and bounds unresolved; renderer suitability unresolved
swf-definition-00946,152,,morph,source-assets/flash/HELP MATH_ORIGINAL FILES/HELP_COURSES/ELMGR5/L5/VB/L5VB13.swf,,,49afbb5fc008278306dd3626239f8780f16ce21b28adba822482346e3f100483,DefineMorphShape,,,none; machine census only; no renderer export,machine-extracted-definition-candidate,owner-provided SWF,container=root; definitionDepth=0; tagOrdinal=946; payloadBytes=303; rawTagPayloadSha256=49afbb5fc008278306dd3626239f8780f16ce21b28adba822482346e3f100483; exactTagIdentitySha256=4e91c31e0f5fd1c78b80395d9f755f377e4cfc00fd909ea566d090c3b4349eb7; runtime reachability unresolved; placement and bounds unresolved; renderer suitability unresolved
swf-definition-00947,153,,morph,source-assets/flash/HELP MATH_ORIGINAL FILES/HELP_COURSES/ELMGR5/L5/VB/L5VB13.swf,,,830197fbd5162bd9890cfe0cf35cb73b7a7a639ea2be50405c0489acbc260664,DefineMorphShape,,,none; machine census only; no renderer export,machine-extracted-definition-candidate,owner-provided SWF,container=root; definitionDepth=0; tagOrdinal=947; payloadBytes=252; rawTagPayloadSha256=830197fbd5162bd9890cfe0cf35cb73b7a7a639ea2be50405c0489acbc260664; exactTagIdentitySha256=7ba6fbc7ea9b822e82bc80ec095636b854a42eb4be66404725b9b1fd51b6a4cf; runtime reachability unresolved; placement and bounds unresolved; renderer suitability unresolved
swf-definition-00948,154,Revue BT,font,source-assets/flash/HELP MATH_ORIGINAL FILES/HELP_COURSES/ELMGR5/L5/VB/L5VB13.swf,,,54723608b7db8892e3f3ce17247fb932ea3cac780b96deb919a1abf190fc6778,DefineFont2,,12,none; machine census only; no renderer export,machine-extracted-definition-candidate,owner-provided SWF,container=root; definitionDepth=0; tagOrdinal=948; payloadBytes=805; rawTagPayloadSha256=54723608b7db8892e3f3ce17247fb932ea3cac780b96deb919a1abf190fc6778; exactTagIdentitySha256=3685ffdb8626348104a239a2b5194dabf19e680069417e9bc54d7682dfd22bce; runtime reachability unresolved; placement and bounds unresolved; renderer suitability unresolved
swf-definition-00950,155,,text,source-assets/flash/HELP MATH_ORIGINAL FILES/HELP_COURSES/ELMGR5/L5/VB/L5VB13.swf,,,ddfdce7b9bc1dff21540bea3a1eacae7cf4e6b6ef24b989ac7e7349fcc63589d,DefineText,,,none; machine census only; no renderer export,machine-extracted-definition-candidate,owner-provided SWF,container=root; definitionDepth=0; tagOrdinal=950; payloadBytes=41; rawTagPayloadSha256=ddfdce7b9bc1dff21540bea3a1eacae7cf4e6b6ef24b989ac7e7349fcc63589d; exactTagIdentitySha256=1b3b01e0fec7cc130cf7c0dacd3ec182cca55cb76172f7d340b59d874ffbbdb7; runtime reachability unresolved; placement and bounds unresolved; renderer suitability unresolved
swf-definition-00951,156,,text,source-assets/flash/HELP MATH_ORIGINAL FILES/HELP_COURSES/ELMGR5/L5/VB/L5VB13.swf,,,8d0317dc61cc2f95de18f3cd703341618d6c530e500fcef9ab134d2f617acff9,DefineText,,,none; machine census only; no renderer export,machine-extracted-definition-candidate,owner-provided SWF,container=root; definitionDepth=0; tagOrdinal=951; payloadBytes=41; rawTagPayloadSha256=8d0317dc61cc2f95de18f3cd703341618d6c530e500fcef9ab134d2f617acff9; exactTagIdentitySha256=286c90c2048aa740e029d6aa7917319face8cc5e9df75ad6a97bbf293df784ee; runtime reachability unresolved; placement and bounds unresolved; renderer suitability unresolved
swf-definition-00952,157,,sprite,source-assets/flash/HELP MATH_ORIGINAL FILES/HELP_COURSES/ELMGR5/L5/VB/L5VB13.swf,,,a5b541bd31b06b9e90287b4271a669f1fcfecfe897426eaf31e53a8d0d04d4ff,DefineSprite,,,none; machine census only; no renderer export,machine-extracted-definition-candidate,owner-provided SWF,container=root; definitionDepth=0; tagOrdinal=952; payloadBytes=19; rawTagPayloadSha256=a5b541bd31b06b9e90287b4271a669f1fcfecfe897426eaf31e53a8d0d04d4ff; exactTagIdentitySha256=256659956b868e4da593cfe03ba3a30e8e31c46bf2bad075c79717fcd7e1664b; declaredFrameCount=1; runtime reachability unresolved; placement and bounds unresolved; renderer suitability unresolved
swf-definition-00956,158,,morph,source-assets/flash/HELP MATH_ORIGINAL FILES/HELP_COURSES/ELMGR5/L5/VB/L5VB13.swf,,,602bd7c8834183d17ebcee9a58ed072dfe07b1fc121b7cafec3646a0e5f609f2,DefineMorphShape,,,none; machine census only; no renderer export,machine-extracted-definition-candidate,owner-provided SWF,container=root; definitionDepth=0; tagOrdinal=956; payloadBytes=245; rawTagPayloadSha256=602bd7c8834183d17ebcee9a58ed072dfe07b1fc121b7cafec3646a0e5f609f2; exactTagIdentitySha256=79961fe2e75a95e79c2965284bee0199409157c127b7ee863e1a13d1d0ea4094; runtime reachability unresolved; placement and bounds unresolved; renderer suitability unresolved
swf-definition-00957,159,,shape,source-assets/flash/HELP MATH_ORIGINAL FILES/HELP_COURSES/ELMGR5/L5/VB/L5VB13.swf,,,1d683732049a5d887da094c7be7b404ce44b5a8a237320653bb8cd1c68184c76,DefineShape3,,,none; machine census only; no renderer export,machine-extracted-definition-candidate,owner-provided SWF,container=root; definitionDepth=0; tagOrdinal=957; payloadBytes=114; rawTagPayloadSha256=1d683732049a5d887da094c7be7b404ce44b5a8a237320653bb8cd1c68184c76; exactTagIdentitySha256=42b66c37cfd92363d67c84f24fed5cb141ee066376bafa5555c5c3c2c2f872af; runtime reachability unresolved; placement and bounds unresolved; renderer suitability unresolved
swf-definition-00958,160,,sprite,source-assets/flash/HELP MATH_ORIGINAL FILES/HELP_COURSES/ELMGR5/L5/VB/L5VB13.swf,,,a8ba9d7c94b2aee825d124730b5d1a37b774701698d4a621a15cdc7eb6badec0,DefineSprite,,,none; machine census only; no renderer export,machine-extracted-definition-candidate,owner-provided SWF,container=root; definitionDepth=0; tagOrdinal=958; payloadBytes=12663; rawTagPayloadSha256=a8ba9d7c94b2aee825d124730b5d1a37b774701698d4a621a15cdc7eb6badec0; exactTagIdentitySha256=127d50da39b4f2b557fd43a29ff47b0edfa9835fe9781eeb367a79b2c4e8600e; declaredFrameCount=28; runtime reachability unresolved; placement and bounds unresolved; renderer suitability unresolved
swf-definition-01099,161,,shape,source-assets/flash/HELP MATH_ORIGINAL FILES/HELP_COURSES/ELMGR5/L5/VB/L5VB13.swf,,,0928342f3fc6eeb28825a367b3b71bd33886eb97548c0eabac1fc7539dd9f549,DefineShape,,,none; machine census only; no renderer export,machine-extracted-definition-candidate,owner-provided SWF,container=root; definitionDepth=0; tagOrdinal=1099; payloadBytes=1956; rawTagPayloadSha256=0928342f3fc6eeb28825a367b3b71bd33886eb97548c0eabac1fc7539dd9f549; exactTagIdentitySha256=f09b8c020066d35824f8b636162c7ebb1d1ca085b70d05533d3aa5ddbeaaa40d; runtime reachability unresolved; placement and bounds unresolved; renderer suitability unresolved
swf-definition-01100,162,,shape,source-assets/flash/HELP MATH_ORIGINAL FILES/HELP_COURSES/ELMGR5/L5/VB/L5VB13.swf,,,a25af5e10b863c9da825cf55c1cec535358acb5594f6861c205499a5fac720e4,DefineShape,,,none; machine census only; no renderer export,machine-extracted-definition-candidate,owner-provided SWF,container=root; definitionDepth=0; tagOrdinal=1100; payloadBytes=2330; rawTagPayloadSha256=a25af5e10b863c9da825cf55c1cec535358acb5594f6861c205499a5fac720e4; exactTagIdentitySha256=ca0e36d02a6b6f355dc3cd4ec08b05d9cccd4a2aac66305207d3e1fa04a4d3c9; runtime reachability unresolved; placement and bounds unresolved; renderer suitability unresolved
swf-definition-01101,163,,shape,source-assets/flash/HELP MATH_ORIGINAL FILES/HELP_COURSES/ELMGR5/L5/VB/L5VB13.swf,,,64156cda3857a936dbb70a41abce203c378e7cb8d9f7656754280c4afc0a4eff,DefineShape,,,none; machine census only; no renderer export,machine-extracted-definition-candidate,owner-provided SWF,container=root; definitionDepth=0; tagOrdinal=1101; payloadBytes=2535; rawTagPayloadSha256=64156cda3857a936dbb70a41abce203c378e7cb8d9f7656754280c4afc0a4eff; exactTagIdentitySha256=1890c80cfeef59411f62bf240b38e255bd50e0ac68a92733982ef16330fcda11; runtime reachability unresolved; placement and bounds unresolved; renderer suitability unresolved
swf-definition-01102,164,,shape,source-assets/flash/HELP MATH_ORIGINAL FILES/HELP_COURSES/ELMGR5/L5/VB/L5VB13.swf,,,71fdd67b4285f76cbf4fefffc8037691fa5621b8c5d23db7529f3bbe730b116d,DefineShape,,,none; machine census only; no renderer export,machine-extracted-definition-candidate,owner-provided SWF,container=root; definitionDepth=0; tagOrdinal=1102; payloadBytes=2873; rawTagPayloadSha256=71fdd67b4285f76cbf4fefffc8037691fa5621b8c5d23db7529f3bbe730b116d; exactTagIdentitySha256=ad7a83daad841484b2a4c6d921c57e8ede40c8e3184993e15227b0d644c68972; runtime reachability unresolved; placement and bounds unresolved; renderer suitability unresolved
swf-definition-01103,165,,shape,source-assets/flash/HELP MATH_ORIGINAL FILES/HELP_COURSES/ELMGR5/L5/VB/L5VB13.swf,,,1d9b97e2c9df44e63898c3aecc6a1e5f309aaf44f3f496997839bf41ad71cefe,DefineShape,,,none; machine census only; no renderer export,machine-extracted-definition-candidate,owner-provided SWF,container=root; definitionDepth=0; tagOrdinal=1103; payloadBytes=6173; rawTagPayloadSha256=1d9b97e2c9df44e63898c3aecc6a1e5f309aaf44f3f496997839bf41ad71cefe; exactTagIdentitySha256=9e8fac4140e863263e30307d2c98ab80e14f5044fe3713ca7999507b2353cc0c; runtime reachability unresolved; placement and bounds unresolved; renderer suitability unresolved
swf-definition-01104,166,,shape,source-assets/flash/HELP MATH_ORIGINAL FILES/HELP_COURSES/ELMGR5/L5/VB/L5VB13.swf,,,ce8b40ee1268f7277670dabd5fe091fe38d076ee846f91e3d31c6780004a40e6,DefineShape,,,none; machine census only; no renderer export,machine-extracted-definition-candidate,owner-provided SWF,container=root; definitionDepth=0; tagOrdinal=1104; payloadBytes=5167; rawTagPayloadSha256=ce8b40ee1268f7277670dabd5fe091fe38d076ee846f91e3d31c6780004a40e6; exactTagIdentitySha256=03b1cbd9c599e8bf5ae4aacfda712678f91bd1133ff0573f88a9e4ef244140ec; runtime reachability unresolved; placement and bounds unresolved; renderer suitability unresolved
swf-definition-01105,167,,shape,source-assets/flash/HELP MATH_ORIGINAL FILES/HELP_COURSES/ELMGR5/L5/VB/L5VB13.swf,,,2beae962a09250e5c8bd3432b0843f33ba1d5fd6d6c0915ee1652505f157c6a4,DefineShape,,,none; machine census only; no renderer export,machine-extracted-definition-candidate,owner-provided SWF,container=root; definitionDepth=0; tagOrdinal=1105; payloadBytes=114; rawTagPayloadSha256=2beae962a09250e5c8bd3432b0843f33ba1d5fd6d6c0915ee1652505f157c6a4; exactTagIdentitySha256=f3e18c35e0db7a82099c19e7e25799f13017f9164eb7377a730dd0e63b4b4f79; runtime reachability unresolved; placement and bounds unresolved; renderer suitability unresolved
swf-definition-01106,168,,shape,source-assets/flash/HELP MATH_ORIGINAL FILES/HELP_COURSES/ELMGR5/L5/VB/L5VB13.swf,,,669999f159577646ec43825c7153919a84a7031e762233272c98c02b7b5d0411,DefineShape2,,,none; machine census only; no renderer export,machine-extracted-definition-candidate,owner-provided SWF,container=root; definitionDepth=0; tagOrdinal=1106; payloadBytes=222; rawTagPayloadSha256=669999f159577646ec43825c7153919a84a7031e762233272c98c02b7b5d0411; exactTagIdentitySha256=17e0774e08ec23e1cce888ab1302a9296deb7bc71232568d9d80290cd47e54f9; runtime reachability unresolved; placement and bounds unresolved; renderer suitability unresolved
swf-definition-01107,169,,shape,source-assets/flash/HELP MATH_ORIGINAL FILES/HELP_COURSES/ELMGR5/L5/VB/L5VB13.swf,,,90ed15d1c13fdcf1ad3413a9010b576020b8c6a5141278364934d57885796358,DefineShape2,,,none; machine census only; no renderer export,machine-extracted-definition-candidate,owner-provided SWF,container=root; definitionDepth=0; tagOrdinal=1107; payloadBytes=372; rawTagPayloadSha256=90ed15d1c13fdcf1ad3413a9010b576020b8c6a5141278364934d57885796358; exactTagIdentitySha256=b0b0c54a0a92499eff5648822de3a3292b8a1b7bf0b519618cc93d0cbe8a2eba; runtime reachability unresolved; placement and bounds unresolved; renderer suitability unresolved
swf-definition-01108,170,,shape,source-assets/flash/HELP MATH_ORIGINAL FILES/HELP_COURSES/ELMGR5/L5/VB/L5VB13.swf,,,d41e62535dacae2c62c632d72c04e292779bd6769775c9eb18320befcdae92d6,DefineShape2,,,none; machine census only; no renderer export,machine-extracted-definition-candidate,owner-provided SWF,container=root; definitionDepth=0; tagOrdinal=1108; payloadBytes=390; rawTagPayloadSha256=d41e62535dacae2c62c632d72c04e292779bd6769775c9eb18320befcdae92d6; exactTagIdentitySha256=1600a221beab7840add3d84769e1e7023b14facd04034905729d09e03ab86059; runtime reachability unresolved; placement and bounds unresolved; renderer suitability unresolved
swf-definition-01109,171,,shape,source-assets/flash/HELP MATH_ORIGINAL FILES/HELP_COURSES/ELMGR5/L5/VB/L5VB13.swf,,,5583f3b6ca6ec0569c3c73ed1d89ed92dc736f5afac2613ec96173b8d6502c84,DefineShape2,,,none; machine census only; no renderer export,machine-extracted-definition-candidate,owner-provided SWF,container=root; definitionDepth=0; tagOrdinal=1109; payloadBytes=627; rawTagPayloadSha256=5583f3b6ca6ec0569c3c73ed1d89ed92dc736f5afac2613ec96173b8d6502c84; exactTagIdentitySha256=872a3700822d3b4d2b8348e3559dd9ae9aa508113620a966b81c55b945277920; runtime reachability unresolved; placement and bounds unresolved; renderer suitability unresolved
swf-definition-01110,172,,shape,source-assets/flash/HELP MATH_ORIGINAL FILES/HELP_COURSES/ELMGR5/L5/VB/L5VB13.swf,,,1c3200fd7201635cb82d9099dd82f7b91073fe78bd5b2522f26a9cc6cf9f897a,DefineShape2,,,none; machine census only; no renderer export,machine-extracted-definition-candidate,owner-provided SWF,container=root; definitionDepth=0; tagOrdinal=1110; payloadBytes=1189; rawTagPayloadSha256=1c3200fd7201635cb82d9099dd82f7b91073fe78bd5b2522f26a9cc6cf9f897a; exactTagIdentitySha256=804284fad72aadc8430c88bb3cbf940465710440102b89e419a31a4d2434c642; runtime reachability unresolved; placement and bounds unresolved; renderer suitability unresolved
swf-definition-01111,173,,shape,source-assets/flash/HELP MATH_ORIGINAL FILES/HELP_COURSES/ELMGR5/L5/VB/L5VB13.swf,,,9c35cf873f16d39022c5da4cf32b770b23624d1c94f0ccc006c2f4ca721356a5,DefineShape2,,,none; machine census only; no renderer export,machine-extracted-definition-candidate,owner-provided SWF,container=root; definitionDepth=0; tagOrdinal=1111; payloadBytes=906; rawTagPayloadSha256=9c35cf873f16d39022c5da4cf32b770b23624d1c94f0ccc006c2f4ca721356a5; exactTagIdentitySha256=ce3cca7fc4852c1dd1d952c772d8a3bdaeab54f6f9c1eba110efca038fbcca13; runtime reachability unresolved; placement and bounds unresolved; renderer suitability unresolved
swf-definition-01112,174,,shape,source-assets/flash/HELP MATH_ORIGINAL FILES/HELP_COURSES/ELMGR5/L5/VB/L5VB13.swf,,,935fe91fff4c3162cb895e689a69721f6ada10e75ea5db1e71d6308282bb4278,DefineShape,,,none; machine census only; no renderer export,machine-extracted-definition-candidate,owner-provided SWF,container=root; definitionDepth=0; tagOrdinal=1112; payloadBytes=132; rawTagPayloadSha256=935fe91fff4c3162cb895e689a69721f6ada10e75ea5db1e71d6308282bb4278; exactTagIdentitySha256=c76df6667ba409df116b962207a0e320224dcb644cfcad503ccee5feb269f582; runtime reachability unresolved; placement and bounds unresolved; renderer suitability unresolved
swf-definition-01113,175,,shape,source-assets/flash/HELP MATH_ORIGINAL FILES/HELP_COURSES/ELMGR5/L5/VB/L5VB13.swf,,,ab77b349a508901d07ad84f15a2f93979ff97604cafb298420553787c6beed56,DefineShape,,,none; machine census only; no renderer export,machine-extracted-definition-candidate,owner-provided SWF,container=root; definitionDepth=0; tagOrdinal=1113; payloadBytes=353; rawTagPayloadSha256=ab77b349a508901d07ad84f15a2f93979ff97604cafb298420553787c6beed56; exactTagIdentitySha256=56bc5c17e85443653d14b8a1a2a33d07098af8aea0110cf9cf2b0fb83019df59; runtime reachability unresolved; placement and bounds unresolved; renderer suitability unresolved
swf-definition-01114,176,,shape,source-assets/flash/HELP MATH_ORIGINAL FILES/HELP_COURSES/ELMGR5/L5/VB/L5VB13.swf,,,06fd177104e5a3502795f9e8bdafccb7ae195a0f7bf60a9a6dd445193a12ebbd,DefineShape2,,,none; machine census only; no renderer export,machine-extracted-definition-candidate,owner-provided SWF,container=root; definitionDepth=0; tagOrdinal=1114; payloadBytes=562; rawTagPayloadSha256=06fd177104e5a3502795f9e8bdafccb7ae195a0f7bf60a9a6dd445193a12ebbd; exactTagIdentitySha256=97ed5a08034466faf88b0b75c6a64b467e13989912e4db2c9e65b65c33064b05; runtime reachability unresolved; placement and bounds unresolved; renderer suitability unresolved
swf-definition-01115,177,,shape,source-assets/flash/HELP MATH_ORIGINAL FILES/HELP_COURSES/ELMGR5/L5/VB/L5VB13.swf,,,8d4a36339e10ed165f3f65e9a0ee38482e671b916c62c70d945ca374629ec509,DefineShape,,,none; machine census only; no renderer export,machine-extracted-definition-candidate,owner-provided SWF,container=root; definitionDepth=0; tagOrdinal=1115; payloadBytes=188; rawTagPayloadSha256=8d4a36339e10ed165f3f65e9a0ee38482e671b916c62c70d945ca374629ec509; exactTagIdentitySha256=15f32b0ca884d7ae32c52d4a652cebe7be8dbe114046a9dcdb48ba61f42cd52a; runtime reachability unresolved; placement and bounds unresolved; renderer suitability unresolved
swf-definition-01116,178,Boink LET,font,source-assets/flash/HELP MATH_ORIGINAL FILES/HELP_COURSES/ELMGR5/L5/VB/L5VB13.swf,,,daeaaf6e8284ace597a632b675839dc4c84c2c8a79959f3e3460d58a4e3e3915,DefineFont2,,8,none; machine census only; no renderer export,machine-extracted-definition-candidate,owner-provided SWF,container=root; definitionDepth=0; tagOrdinal=1116; payloadBytes=445; rawTagPayloadSha256=daeaaf6e8284ace597a632b675839dc4c84c2c8a79959f3e3460d58a4e3e3915; exactTagIdentitySha256=953a7ab2a83fb720fe8b44086c7a4e90b97df24c1d5e6021b7b01c3c1aed6092; runtime reachability unresolved; placement and bounds unresolved; renderer suitability unresolved
swf-definition-01118,179,,text,source-assets/flash/HELP MATH_ORIGINAL FILES/HELP_COURSES/ELMGR5/L5/VB/L5VB13.swf,,,18dd4c2073afde26440079659a48979e3ae63f1d6f41b5f7e2839bf22fe906ad,DefineText,,,none; machine census only; no renderer export,machine-extracted-definition-candidate,owner-provided SWF,container=root; definitionDepth=0; tagOrdinal=1118; payloadBytes=45; rawTagPayloadSha256=18dd4c2073afde26440079659a48979e3ae63f1d6f41b5f7e2839bf22fe906ad; exactTagIdentitySha256=402e2000651ce77add2a29cd05f1b14a13c07b784f01c6ec4a61e5166ca45d82; runtime reachability unresolved; placement and bounds unresolved; renderer suitability unresolved
swf-definition-01119,180,,text,source-assets/flash/HELP MATH_ORIGINAL FILES/HELP_COURSES/ELMGR5/L5/VB/L5VB13.swf,,,0179f1806b29695b03c4c0d45a2428efe529f3eaec664de3ff1eb6c70e60da70,DefineText,,,none; machine census only; no renderer export,machine-extracted-definition-candidate,owner-provided SWF,container=root; definitionDepth=0; tagOrdinal=1119; payloadBytes=45; rawTagPayloadSha256=0179f1806b29695b03c4c0d45a2428efe529f3eaec664de3ff1eb6c70e60da70; exactTagIdentitySha256=5bcda73fdff903bd9b2030415decb83134c480b4a054dc8b8a59782c2d5f687d; runtime reachability unresolved; placement and bounds unresolved; renderer suitability unresolved
swf-definition-01120,181,,sprite,source-assets/flash/HELP MATH_ORIGINAL FILES/HELP_COURSES/ELMGR5/L5/VB/L5VB13.swf,,,bd0f8b43bef69df130532bb5664f1465ec04dd05e1ee6ce08d1904c72e4d60ee,DefineSprite,,,none; machine census only; no renderer export,machine-extracted-definition-candidate,owner-provided SWF,container=root; definitionDepth=0; tagOrdinal=1120; payloadBytes=14936; rawTagPayloadSha256=bd0f8b43bef69df130532bb5664f1465ec04dd05e1ee6ce08d1904c72e4d60ee; exactTagIdentitySha256=5369fdae23235b740dae312944c9bd349bf28b1d30675948dcd1bf1839fc6e09; declaredFrameCount=33; runtime reachability unresolved; placement and bounds unresolved; renderer suitability unresolved
swf-definition-01316,182,,morph,source-assets/flash/HELP MATH_ORIGINAL FILES/HELP_COURSES/ELMGR5/L5/VB/L5VB13.swf,,,db69311ebffd09ac8ce9212e3f37423b0eef667bb871e75ca20129c09fda568b,DefineMorphShape,,,none; machine census only; no renderer export,machine-extracted-definition-candidate,owner-provided SWF,container=root; definitionDepth=0; tagOrdinal=1316; payloadBytes=857; rawTagPayloadSha256=db69311ebffd09ac8ce9212e3f37423b0eef667bb871e75ca20129c09fda568b; exactTagIdentitySha256=cf8eef8e485a251fd0b427d2396bacb1a2dab0ff3cdd8554540d9fc56e41282c; runtime reachability unresolved; placement and bounds unresolved; renderer suitability unresolved
swf-definition-01317,183,,morph,source-assets/flash/HELP MATH_ORIGINAL FILES/HELP_COURSES/ELMGR5/L5/VB/L5VB13.swf,,,1c0f64f6ba1e488e3837c225fda31190eef0c9207c6e411066e5ef43414804e2,DefineMorphShape,,,none; machine census only; no renderer export,machine-extracted-definition-candidate,owner-provided SWF,container=root; definitionDepth=0; tagOrdinal=1317; payloadBytes=851; rawTagPayloadSha256=1c0f64f6ba1e488e3837c225fda31190eef0c9207c6e411066e5ef43414804e2; exactTagIdentitySha256=18912520074fb15c0b7ddf89078bcadfe8647a081135bf1d6d5c6edad9f11911; runtime reachability unresolved; placement and bounds unresolved; renderer suitability unresolved
swf-definition-01318,184,,morph,source-assets/flash/HELP MATH_ORIGINAL FILES/HELP_COURSES/ELMGR5/L5/VB/L5VB13.swf,,,cd1b7c31dcaa3ad9375b1cc646b8f6f66b1897edf6270b98232cc4d12fd81d6b,DefineMorphShape,,,none; machine census only; no renderer export,machine-extracted-definition-candidate,owner-provided SWF,container=root; definitionDepth=0; tagOrdinal=1318; payloadBytes=251; rawTagPayloadSha256=cd1b7c31dcaa3ad9375b1cc646b8f6f66b1897edf6270b98232cc4d12fd81d6b; exactTagIdentitySha256=c558b1fc63e0ce29195fd0a66b42a374b318156a9042df22cd9868a3f7ee9388; runtime reachability unresolved; placement and bounds unresolved; renderer suitability unresolved
swf-definition-01319,185,,shape,source-assets/flash/HELP MATH_ORIGINAL FILES/HELP_COURSES/ELMGR5/L5/VB/L5VB13.swf,,,b2e102a8a431d888c17c56aa5089c5050279602bf76590ff11638474066d9f5e,DefineShape,,,none; machine census only; no renderer export,machine-extracted-definition-candidate,owner-provided SWF,container=root; definitionDepth=0; tagOrdinal=1319; payloadBytes=61; rawTagPayloadSha256=b2e102a8a431d888c17c56aa5089c5050279602bf76590ff11638474066d9f5e; exactTagIdentitySha256=098d45239ee994aa5f90ce7f1cd84b2f659c96faddbe16ac589658c7587db655; runtime reachability unresolved; placement and bounds unresolved; renderer suitability unresolved
swf-definition-01320,186,,morph,source-assets/flash/HELP MATH_ORIGINAL FILES/HELP_COURSES/ELMGR5/L5/VB/L5VB13.swf,,,8b652dba49482ce4732a191a3e563a880238e85b64b04a49aeb7d88636ead9c3,DefineMorphShape,,,none; machine census only; no renderer export,machine-extracted-definition-candidate,owner-provided SWF,container=root; definitionDepth=0; tagOrdinal=1320; payloadBytes=257; rawTagPayloadSha256=8b652dba49482ce4732a191a3e563a880238e85b64b04a49aeb7d88636ead9c3; exactTagIdentitySha256=e9bd9745fd7d361b0e73a969593031fbf9e458f1026155e45eb7e657d2007c3f; runtime reachability unresolved; placement and bounds unresolved; renderer suitability unresolved
swf-definition-01321,187,,text,source-assets/flash/HELP MATH_ORIGINAL FILES/HELP_COURSES/ELMGR5/L5/VB/L5VB13.swf,,,f1dde12427f9ca44d3c915a167107927674ac2f18ae0acc6a4685547feb27ff8,DefineText,,,none; machine census only; no renderer export,machine-extracted-definition-candidate,owner-provided SWF,container=root; definitionDepth=0; tagOrdinal=1321; payloadBytes=46; rawTagPayloadSha256=f1dde12427f9ca44d3c915a167107927674ac2f18ae0acc6a4685547feb27ff8; exactTagIdentitySha256=8b2643df29c8ca6387a0b91aae675122daaaa8c88aed23dd4421dcc417477f6a; runtime reachability unresolved; placement and bounds unresolved; renderer suitability unresolved
swf-definition-01322,188,,text,source-assets/flash/HELP MATH_ORIGINAL FILES/HELP_COURSES/ELMGR5/L5/VB/L5VB13.swf,,,1d7790ca123186094b4e1103163f92cb1efb540a9285641190051d54ae0ed8ae,DefineText,,,none; machine census only; no renderer export,machine-extracted-definition-candidate,owner-provided SWF,container=root; definitionDepth=0; tagOrdinal=1322; payloadBytes=46; rawTagPayloadSha256=1d7790ca123186094b4e1103163f92cb1efb540a9285641190051d54ae0ed8ae; exactTagIdentitySha256=02659b9dd4721398165c84f56e83e2cd9126c93ba777579c80c2b15b9d829684; runtime reachability unresolved; placement and bounds unresolved; renderer suitability unresolved
swf-definition-01323,189,,morph,source-assets/flash/HELP MATH_ORIGINAL FILES/HELP_COURSES/ELMGR5/L5/VB/L5VB13.swf,,,f2053e6ab9aeb992dd033a5b7acbbd80a59e2f9b2c2b0f14dc138c2ef1637658,DefineMorphShape,,,none; machine census only; no renderer export,machine-extracted-definition-candidate,owner-provided SWF,container=root; definitionDepth=0; tagOrdinal=1323; payloadBytes=924; rawTagPayloadSha256=f2053e6ab9aeb992dd033a5b7acbbd80a59e2f9b2c2b0f14dc138c2ef1637658; exactTagIdentitySha256=a8a7e56830ae7a34460f5330d01375b5457c7c18cc78a188a864db9649a57661; runtime reachability unresolved; placement and bounds unresolved; renderer suitability unresolved
swf-definition-01324,190,,morph,source-assets/flash/HELP MATH_ORIGINAL FILES/HELP_COURSES/ELMGR5/L5/VB/L5VB13.swf,,,d812117ed0d05e0b073435b4e61285676051624dd4ec7d50c8fc4012f1751d0c,DefineMorphShape,,,none; machine census only; no renderer export,machine-extracted-definition-candidate,owner-provided SWF,container=root; definitionDepth=0; tagOrdinal=1324; payloadBytes=257; rawTagPayloadSha256=d812117ed0d05e0b073435b4e61285676051624dd4ec7d50c8fc4012f1751d0c; exactTagIdentitySha256=d90a098c215f5522f2afff87a799db12c27cfc61f520a6164654d1cbf73ce6f3; runtime reachability unresolved; placement and bounds unresolved; renderer suitability unresolved
swf-definition-01325,191,,shape,source-assets/flash/HELP MATH_ORIGINAL FILES/HELP_COURSES/ELMGR5/L5/VB/L5VB13.swf,,,29745759855723fbe095c86c1e90ad66009b4e9e4591246ac5cb608c2fc5cec5,DefineShape3,,,none; machine census only; no renderer export,machine-extracted-definition-candidate,owner-provided SWF,container=root; definitionDepth=0; tagOrdinal=1325; payloadBytes=303; rawTagPayloadSha256=29745759855723fbe095c86c1e90ad66009b4e9e4591246ac5cb608c2fc5cec5; exactTagIdentitySha256=ba28cd0fb928243951fbd9b5e3e427fbfbf7ca8862b6afe0c17677daa76bfbfa; runtime reachability unresolved; placement and bounds unresolved; renderer suitability unresolved
swf-definition-01326,192,,shape,source-assets/flash/HELP MATH_ORIGINAL FILES/HELP_COURSES/ELMGR5/L5/VB/L5VB13.swf,,,48fd15995357578103f224d4423640d7849787a795de87537136b5b90b5ba980,DefineShape3,,,none; machine census only; no renderer export,machine-extracted-definition-candidate,owner-provided SWF,container=root; definitionDepth=0; tagOrdinal=1326; payloadBytes=92; rawTagPayloadSha256=48fd15995357578103f224d4423640d7849787a795de87537136b5b90b5ba980; exactTagIdentitySha256=b2031277f629787f3f04e030f7d5393d97e1df3cec59b99611f265e99b09bd07; runtime reachability unresolved; placement and bounds unresolved; renderer suitability unresolved
swf-definition-01327,193,,sprite,source-assets/flash/HELP MATH_ORIGINAL FILES/HELP_COURSES/ELMGR5/L5/VB/L5VB13.swf,,,1bbe598319fc11fd80ef8c97dd095e7a04d3f687d32143745b63e5eac07a29b1,DefineSprite,,,none; machine census only; no renderer export,machine-extracted-definition-candidate,owner-provided SWF,container=root; definitionDepth=0; tagOrdinal=1327; payloadBytes=12751; rawTagPayloadSha256=1bbe598319fc11fd80ef8c97dd095e7a04d3f687d32143745b63e5eac07a29b1; exactTagIdentitySha256=0018cf8f58332576a8bce75c0ae7a40c49714713016b7e3f9ece4701dc5bc384; declaredFrameCount=28; runtime reachability unresolved; placement and bounds unresolved; renderer suitability unresolved
swf-definition-01462,194,,shape,source-assets/flash/HELP MATH_ORIGINAL FILES/HELP_COURSES/ELMGR5/L5/VB/L5VB13.swf,,,03224b3c38ac2930a9c65c2021adb72a022510835fc4de4c769f1bee4d68bb46,DefineShape,,,none; machine census only; no renderer export,machine-extracted-definition-candidate,owner-provided SWF,container=root; definitionDepth=0; tagOrdinal=1462; payloadBytes=34; rawTagPayloadSha256=03224b3c38ac2930a9c65c2021adb72a022510835fc4de4c769f1bee4d68bb46; exactTagIdentitySha256=f9f1cc35a0c3b1bca7b7df1afdf224e132b49c6cb234b72f34986577ab355201; runtime reachability unresolved; placement and bounds unresolved; renderer suitability unresolved
swf-definition-01463,195,,shape,source-assets/flash/HELP MATH_ORIGINAL FILES/HELP_COURSES/ELMGR5/L5/VB/L5VB13.swf,,,02ff9a8813867dc3d22a272abae43de2e153dc7ab18779779da2a840a02ded04,DefineShape3,,,none; machine census only; no renderer export,machine-extracted-definition-candidate,owner-provided SWF,container=root; definitionDepth=0; tagOrdinal=1463; payloadBytes=117; rawTagPayloadSha256=02ff9a8813867dc3d22a272abae43de2e153dc7ab18779779da2a840a02ded04; exactTagIdentitySha256=f27cc6b947acdfeb9fd6c3e5caa65994e47cedaee6dce5e30018a4bd0314b8ee; runtime reachability unresolved; placement and bounds unresolved; renderer suitability unresolved
swf-definition-01464,196,,shape,source-assets/flash/HELP MATH_ORIGINAL FILES/HELP_COURSES/ELMGR5/L5/VB/L5VB13.swf,,,b5329ef93c7917cde82af6df8b085bd1eb65832fb5810e414bae4c5ad6572883,DefineShape3,,,none; machine census only; no renderer export,machine-extracted-definition-candidate,owner-provided SWF,container=root; definitionDepth=0; tagOrdinal=1464; payloadBytes=119; rawTagPayloadSha256=b5329ef93c7917cde82af6df8b085bd1eb65832fb5810e414bae4c5ad6572883; exactTagIdentitySha256=9f70b641c7b2dd5717be46e69b7536253620b74a647bd32ab875f63d7ae80fb1; runtime reachability unresolved; placement and bounds unresolved; renderer suitability unresolved
swf-definition-01465,197,,morph,source-assets/flash/HELP MATH_ORIGINAL FILES/HELP_COURSES/ELMGR5/L5/VB/L5VB13.swf,,,6005dc506d1e76b5b784081db30d96e42243bf205e776ba37ffb3b2818154a2d,DefineMorphShape,,,none; machine census only; no renderer export,machine-extracted-definition-candidate,owner-provided SWF,container=root; definitionDepth=0; tagOrdinal=1465; payloadBytes=186; rawTagPayloadSha256=6005dc506d1e76b5b784081db30d96e42243bf205e776ba37ffb3b2818154a2d; exactTagIdentitySha256=3d3ebb3caeca64ccd640c71a6b4e9fe4bdc46c60d0b61aba92a6e52b868fbb76; runtime reachability unresolved; placement and bounds unresolved; renderer suitability unresolved
swf-definition-01466,198,,morph,source-assets/flash/HELP MATH_ORIGINAL FILES/HELP_COURSES/ELMGR5/L5/VB/L5VB13.swf,,,c70486061dfb7d621979f6c49236068e027ecdd612738458c93341334fd51292,DefineMorphShape,,,none; machine census only; no renderer export,machine-extracted-definition-candidate,owner-provided SWF,container=root; definitionDepth=0; tagOrdinal=1466; payloadBytes=186; rawTagPayloadSha256=c70486061dfb7d621979f6c49236068e027ecdd612738458c93341334fd51292; exactTagIdentitySha256=5f8cf64dc56ff9b9f5cbbe975bb025ca05dbc0b116f651735fb52c2bb4b96f4b; runtime reachability unresolved; placement and bounds unresolved; renderer suitability unresolved
swf-definition-01467,199,,morph,source-assets/flash/HELP MATH_ORIGINAL FILES/HELP_COURSES/ELMGR5/L5/VB/L5VB13.swf,,,f2f30ab1df72297dbcc70636d38b8fc990e05c2449d7c77b1e557fe459cdbe12,DefineMorphShape,,,none; machine census only; no renderer export,machine-extracted-definition-candidate,owner-provided SWF,container=root; definitionDepth=0; tagOrdinal=1467; payloadBytes=186; rawTagPayloadSha256=f2f30ab1df72297dbcc70636d38b8fc990e05c2449d7c77b1e557fe459cdbe12; exactTagIdentitySha256=45b48e0c530a228629c7b0872fe20cdbecaea1a1a395b80bd1153ef989491f91; runtime reachability unresolved; placement and bounds unresolved; renderer suitability unresolved
swf-definition-01468,200,,morph,source-assets/flash/HELP MATH_ORIGINAL FILES/HELP_COURSES/ELMGR5/L5/VB/L5VB13.swf,,,34255c4bbf57449fd7ed0a007981305aa3e61c1fca4904dd04add5b823cc72d2,DefineMorphShape,,,none; machine census only; no renderer export,machine-extracted-definition-candidate,owner-provided SWF,container=root; definitionDepth=0; tagOrdinal=1468; payloadBytes=186; rawTagPayloadSha256=34255c4bbf57449fd7ed0a007981305aa3e61c1fca4904dd04add5b823cc72d2; exactTagIdentitySha256=7f67695c2b4a09ce9f9aaf05834c2dad6f38f4b89a1679b1b9937e17744d6e17; runtime reachability unresolved; placement and bounds unresolved; renderer suitability unresolved
swf-definition-01469,201,,shape,source-assets/flash/HELP MATH_ORIGINAL FILES/HELP_COURSES/ELMGR5/L5/VB/L5VB13.swf,,,3f60ed7a72a831faad0ec6cbb47e92a0707dbf3814a854c31a5c8b591c80a0b7,DefineShape3,,,none; machine census only; no renderer export,machine-extracted-definition-candidate,owner-provided SWF,container=root; definitionDepth=0; tagOrdinal=1469; payloadBytes=88; rawTagPayloadSha256=3f60ed7a72a831faad0ec6cbb47e92a0707dbf3814a854c31a5c8b591c80a0b7; exactTagIdentitySha256=428db3f5bdc17ba20685d5ecbd9bc9dc6b1d5169965ac260820f112935e48d72; runtime reachability unresolved; placement and bounds unresolved; renderer suitability unresolved
swf-definition-01470,202,,sprite,source-assets/flash/HELP MATH_ORIGINAL FILES/HELP_COURSES/ELMGR5/L5/VB/L5VB13.swf,,,0138dc80d8cb9177b86123024cd6a38fe187b1bc8640eef018a25874bbb2cea0,DefineSprite,,,none; machine census only; no renderer export,machine-extracted-definition-candidate,owner-provided SWF,container=root; definitionDepth=0; tagOrdinal=1470; payloadBytes=224; rawTagPayloadSha256=0138dc80d8cb9177b86123024cd6a38fe187b1bc8640eef018a25874bbb2cea0; exactTagIdentitySha256=748b3dc636c387dacd25681b53d66fb424fffc011e7eed1acaec91a4055c3b0e; declaredFrameCount=22; runtime reachability unresolved; placement and bounds unresolved; renderer suitability unresolved
swf-definition-01518,203,,shape,source-assets/flash/HELP MATH_ORIGINAL FILES/HELP_COURSES/ELMGR5/L5/VB/L5VB13.swf,,,75b2791c3270fba0e84098b126ad7211a2148e78afb0c1830e3bbc44de84644b,DefineShape3,,,none; machine census only; no renderer export,machine-extracted-definition-candidate,owner-provided SWF,container=root; definitionDepth=0; tagOrdinal=1518; payloadBytes=1683; rawTagPayloadSha256=75b2791c3270fba0e84098b126ad7211a2148e78afb0c1830e3bbc44de84644b; exactTagIdentitySha256=418aade45151dbacff9b1a04e9aa328e9679a05476a505aa502c365e8cdc6ff1; runtime reachability unresolved; placement and bounds unresolved; renderer suitability unresolved
swf-definition-01519,204,Facile Black SSi,font,source-assets/flash/HELP MATH_ORIGINAL FILES/HELP_COURSES/ELMGR5/L5/VB/L5VB13.swf,,,fb2aa1276855233f5706e1d7c1f039b77b4ab3c1be709325bcf92527266f080a,DefineFont2,,6,none; machine census only; no renderer export,machine-extracted-definition-candidate,owner-provided SWF,container=root; definitionDepth=0; tagOrdinal=1519; payloadBytes=473; rawTagPayloadSha256=fb2aa1276855233f5706e1d7c1f039b77b4ab3c1be709325bcf92527266f080a; exactTagIdentitySha256=2ddc330fe199f8cebcb13f72eebcde2dfce264b82012c3821add7a57f8296906; runtime reachability unresolved; placement and bounds unresolved; renderer suitability unresolved
swf-definition-01521,205,,text,source-assets/flash/HELP MATH_ORIGINAL FILES/HELP_COURSES/ELMGR5/L5/VB/L5VB13.swf,,,9bf866e59f6362d4da9079e450864fb6606094b064a584f59e26a06ed9c96b61,DefineText,,,none; machine census only; no renderer export,machine-extracted-definition-candidate,owner-provided SWF,container=root; definitionDepth=0; tagOrdinal=1521; payloadBytes=25; rawTagPayloadSha256=9bf866e59f6362d4da9079e450864fb6606094b064a584f59e26a06ed9c96b61; exactTagIdentitySha256=8fd5009827c869b242def1fcfc8758bb548de7b4c617e539574c2e97a4d827b9; runtime reachability unresolved; placement and bounds unresolved; renderer suitability unresolved
swf-definition-01522,206,,text,source-assets/flash/HELP MATH_ORIGINAL FILES/HELP_COURSES/ELMGR5/L5/VB/L5VB13.swf,,,8349543bc8cd29154864fa10271ea26a398af6968aed53c869914459d5763ffb,DefineText,,,none; machine census only; no renderer export,machine-extracted-definition-candidate,owner-provided SWF,container=root; definitionDepth=0; tagOrdinal=1522; payloadBytes=25; rawTagPayloadSha256=8349543bc8cd29154864fa10271ea26a398af6968aed53c869914459d5763ffb; exactTagIdentitySha256=f6edc5b53039d0bbc6573584bdb7045e0ede0fc58a01024b1a7270e41b7383ad; runtime reachability unresolved; placement and bounds unresolved; renderer suitability unresolved
swf-definition-01523,207,,text,source-assets/flash/HELP MATH_ORIGINAL FILES/HELP_COURSES/ELMGR5/L5/VB/L5VB13.swf,,,953d9ddea87b80616724b0a9f5f9da1a9b4be35a86f874d9a8a2800cebf26a26,DefineText,,,none; machine census only; no renderer export,machine-extracted-definition-candidate,owner-provided SWF,container=root; definitionDepth=0; tagOrdinal=1523; payloadBytes=25; rawTagPayloadSha256=953d9ddea87b80616724b0a9f5f9da1a9b4be35a86f874d9a8a2800cebf26a26; exactTagIdentitySha256=e41091f6817f4632423490afe6c5730dc20726083179971e47b934f239c4e85b; runtime reachability unresolved; placement and bounds unresolved; renderer suitability unresolved
swf-definition-01524,208,,text,source-assets/flash/HELP MATH_ORIGINAL FILES/HELP_COURSES/ELMGR5/L5/VB/L5VB13.swf,,,d1d1661175029263233cf1b0935568310eb0b5b6bb6dffb0001e99b24ee35afe,DefineText,,,none; machine census only; no renderer export,machine-extracted-definition-candidate,owner-provided SWF,container=root; definitionDepth=0; tagOrdinal=1524; payloadBytes=25; rawTagPayloadSha256=d1d1661175029263233cf1b0935568310eb0b5b6bb6dffb0001e99b24ee35afe; exactTagIdentitySha256=cb8d334fe03706a271f971341c8cc4b2fde2a9bb09a20d4702877b18fc963da1; runtime reachability unresolved; placement and bounds unresolved; renderer suitability unresolved
swf-definition-01525,209,,text,source-assets/flash/HELP MATH_ORIGINAL FILES/HELP_COURSES/ELMGR5/L5/VB/L5VB13.swf,,,8cada3a2897cda2729a4b06a01f28cf26c49b5e7b35d42a72491b492edbd50dd,DefineText,,,none; machine census only; no renderer export,machine-extracted-definition-candidate,owner-provided SWF,container=root; definitionDepth=0; tagOrdinal=1525; payloadBytes=25; rawTagPayloadSha256=8cada3a2897cda2729a4b06a01f28cf26c49b5e7b35d42a72491b492edbd50dd; exactTagIdentitySha256=ac8f63f27a2b19b73f3c43aef0e578b1902745f30d4c7b3c167cefa9e830ca19; runtime reachability unresolved; placement and bounds unresolved; renderer suitability unresolved
swf-definition-01526,210,,text,source-assets/flash/HELP MATH_ORIGINAL FILES/HELP_COURSES/ELMGR5/L5/VB/L5VB13.swf,,,8f2e25bd94ce0ff3e1b13acc5728ef28d18b41d755ebf16823a3799d09cf1540,DefineText,,,none; machine census only; no renderer export,machine-extracted-definition-candidate,owner-provided SWF,container=root; definitionDepth=0; tagOrdinal=1526; payloadBytes=25; rawTagPayloadSha256=8f2e25bd94ce0ff3e1b13acc5728ef28d18b41d755ebf16823a3799d09cf1540; exactTagIdentitySha256=acb7c5dac08464d4fe7fd703b1e2afca0e6af0381294f1df238601a2d32a402a; runtime reachability unresolved; placement and bounds unresolved; renderer suitability unresolved
swf-definition-01527,211,,morph,source-assets/flash/HELP MATH_ORIGINAL FILES/HELP_COURSES/ELMGR5/L5/VB/L5VB13.swf,,,70a9363c5cfcd2d2af773e4e2a653b6c93b65faa77a656836cabfb90f33d54ad,DefineMorphShape,,,none; machine census only; no renderer export,machine-extracted-definition-candidate,owner-provided SWF,container=root; definitionDepth=0; tagOrdinal=1527; payloadBytes=335; rawTagPayloadSha256=70a9363c5cfcd2d2af773e4e2a653b6c93b65faa77a656836cabfb90f33d54ad; exactTagIdentitySha256=55e15b5970075243819b8a9a4695fefe761401a04ef120244afffa4be4957518; runtime reachability unresolved; placement and bounds unresolved; renderer suitability unresolved
swf-definition-01528,212,,morph,source-assets/flash/HELP MATH_ORIGINAL FILES/HELP_COURSES/ELMGR5/L5/VB/L5VB13.swf,,,9912bc02111c8b586678ea681333050a973c65f7082ef36d9f496b1681d9a8d3,DefineMorphShape,,,none; machine census only; no renderer export,machine-extracted-definition-candidate,owner-provided SWF,container=root; definitionDepth=0; tagOrdinal=1528; payloadBytes=850; rawTagPayloadSha256=9912bc02111c8b586678ea681333050a973c65f7082ef36d9f496b1681d9a8d3; exactTagIdentitySha256=eca5b9214001bb551c9a616df35df609666fecd215f5099b00fb96fc0ae81881; runtime reachability unresolved; placement and bounds unresolved; renderer suitability unresolved
swf-definition-01529,213,,shape,source-assets/flash/HELP MATH_ORIGINAL FILES/HELP_COURSES/ELMGR5/L5/VB/L5VB13.swf,,,fee7750777ea583562468b01c60f1cb9cbc11ce6a723e82b5a1ad705c92a3a52,DefineShape3,,,none; machine census only; no renderer export,machine-extracted-definition-candidate,owner-provided SWF,container=root; definitionDepth=0; tagOrdinal=1529; payloadBytes=69; rawTagPayloadSha256=fee7750777ea583562468b01c60f1cb9cbc11ce6a723e82b5a1ad705c92a3a52; exactTagIdentitySha256=88204482f070f8f8cc4b5973d65cb1f21cf03828bae05cbf8a9b9ccaa69326f2; runtime reachability unresolved; placement and bounds unresolved; renderer suitability unresolved
swf-definition-01530,214,,morph,source-assets/flash/HELP MATH_ORIGINAL FILES/HELP_COURSES/ELMGR5/L5/VB/L5VB13.swf,,,dfd89a3054ff037faf4256294d193ecc43628095e06ae06ff421912240ad10e0,DefineMorphShape,,,none; machine census only; no renderer export,machine-extracted-definition-candidate,owner-provided SWF,container=root; definitionDepth=0; tagOrdinal=1530; payloadBytes=899; rawTagPayloadSha256=dfd89a3054ff037faf4256294d193ecc43628095e06ae06ff421912240ad10e0; exactTagIdentitySha256=a951b27d98f3e5ad935ec2608edb301b817d523ea690ed0379bccc95e8347c50; runtime reachability unresolved; placement and bounds unresolved; renderer suitability unresolved
swf-definition-01531,215,,morph,source-assets/flash/HELP MATH_ORIGINAL FILES/HELP_COURSES/ELMGR5/L5/VB/L5VB13.swf,,,6bfc6a9b45adee6b84788d3af1faa41c94c2c0cc5b76ecd5658eeada7e4239c8,DefineMorphShape,,,none; machine census only; no renderer export,machine-extracted-definition-candidate,owner-provided SWF,container=root; definitionDepth=0; tagOrdinal=1531; payloadBytes=1167; rawTagPayloadSha256=6bfc6a9b45adee6b84788d3af1faa41c94c2c0cc5b76ecd5658eeada7e4239c8; exactTagIdentitySha256=6d3c3e1ce690998faaa29db2fea7261ef08ba79420037db9cf5dfaf630e7d001; runtime reachability unresolved; placement and bounds unresolved; renderer suitability unresolved
swf-definition-01532,216,,shape,source-assets/flash/HELP MATH_ORIGINAL FILES/HELP_COURSES/ELMGR5/L5/VB/L5VB13.swf,,,f4e05f5949a53e72bb0f1f024549364d1041144eadebeb2683732b77c080370f,DefineShape3,,,none; machine census only; no renderer export,machine-extracted-definition-candidate,owner-provided SWF,container=root; definitionDepth=0; tagOrdinal=1532; payloadBytes=106; rawTagPayloadSha256=f4e05f5949a53e72bb0f1f024549364d1041144eadebeb2683732b77c080370f; exactTagIdentitySha256=0e45df8957ba559e108091f23c3358e9a4efff365c6b2495ec3a4b53202f106f; runtime reachability unresolved; placement and bounds unresolved; renderer suitability unresolved
swf-definition-01533,217,,morph,source-assets/flash/HELP MATH_ORIGINAL FILES/HELP_COURSES/ELMGR5/L5/VB/L5VB13.swf,,,e151a904b86ed926c8da5338d767694a4bd78e297152e6286632560fefd476e2,DefineMorphShape,,,none; machine census only; no renderer export,machine-extracted-definition-candidate,owner-provided SWF,container=root; definitionDepth=0; tagOrdinal=1533; payloadBytes=1152; rawTagPayloadSha256=e151a904b86ed926c8da5338d767694a4bd78e297152e6286632560fefd476e2; exactTagIdentitySha256=a832fc86205785ea5b04f733da3b4d7bcf56f126c2cce27fd914692c2108c2e3; runtime reachability unresolved; placement and bounds unresolved; renderer suitability unresolved
swf-definition-01534,218,,shape,source-assets/flash/HELP MATH_ORIGINAL FILES/HELP_COURSES/ELMGR5/L5/VB/L5VB13.swf,,,e7eac877a8fa67674ea501f57bde5b080b77263f57a30ac347685fe5492799d4,DefineShape3,,,none; machine census only; no renderer export,machine-extracted-definition-candidate,owner-provided SWF,container=root; definitionDepth=0; tagOrdinal=1534; payloadBytes=485; rawTagPayloadSha256=e7eac877a8fa67674ea501f57bde5b080b77263f57a30ac347685fe5492799d4; exactTagIdentitySha256=f09c4db00d6f2da12658f215bda0ad35464b2cc5bc28c6a4b47663b6d2190cfb; runtime reachability unresolved; placement and bounds unresolved; renderer suitability unresolved
swf-definition-01535,219,Eras Bd BT,font,source-assets/flash/HELP MATH_ORIGINAL FILES/HELP_COURSES/ELMGR5/L5/VB/L5VB13.swf,,,4e4ab1ced56b0be888d2266c7375938da4fec3d0c149ab4ddf49efe49d2c3d8e,DefineFont2,,10,none; machine census only; no renderer export,machine-extracted-definition-candidate,owner-provided SWF,container=root; definitionDepth=0; tagOrdinal=1535; payloadBytes=809; rawTagPayloadSha256=4e4ab1ced56b0be888d2266c7375938da4fec3d0c149ab4ddf49efe49d2c3d8e; exactTagIdentitySha256=ef2bc7a9e5241403b31d7fd6ca1eda437dca2a0a51bee55309f110e4dbe33d70; runtime reachability unresolved; placement and bounds unresolved; renderer suitability unresolved
swf-definition-01537,220,,text,source-assets/flash/HELP MATH_ORIGINAL FILES/HELP_COURSES/ELMGR5/L5/VB/L5VB13.swf,,,8e2f1505c336a668541560782edd7bf29224586b7065a6cd347e152e66af059a,DefineText,,,none; machine census only; no renderer export,machine-extracted-definition-candidate,owner-provided SWF,container=root; definitionDepth=0; tagOrdinal=1537; payloadBytes=46; rawTagPayloadSha256=8e2f1505c336a668541560782edd7bf29224586b7065a6cd347e152e66af059a; exactTagIdentitySha256=587f1bbd37e8ba20c45f33d9010d3f11fe105bb19f3d27c0995a80130a1612fc; runtime reachability unresolved; placement and bounds unresolved; renderer suitability unresolved
swf-definition-01538,221,,text,source-assets/flash/HELP MATH_ORIGINAL FILES/HELP_COURSES/ELMGR5/L5/VB/L5VB13.swf,,,11f1e8dcd703bbf12b13a2874ad2281db286a1ee6d11f8c2b8347e2d37e436fa,DefineText,,,none; machine census only; no renderer export,machine-extracted-definition-candidate,owner-provided SWF,container=root; definitionDepth=0; tagOrdinal=1538; payloadBytes=46; rawTagPayloadSha256=11f1e8dcd703bbf12b13a2874ad2281db286a1ee6d11f8c2b8347e2d37e436fa; exactTagIdentitySha256=524e73f1778170124da53fb36077cbd16f7bc93fb53de00f4412fb71b5f045e7; runtime reachability unresolved; placement and bounds unresolved; renderer suitability unresolved
swf-definition-01539,222,,shape,source-assets/flash/HELP MATH_ORIGINAL FILES/HELP_COURSES/ELMGR5/L5/VB/L5VB13.swf,,,dbb4877d0498ab9f68e37d3c51dc161e545f186015d06943400cb5e314830fa0,DefineShape3,,,none; machine census only; no renderer export,machine-extracted-definition-candidate,owner-provided SWF,container=root; definitionDepth=0; tagOrdinal=1539; payloadBytes=99; rawTagPayloadSha256=dbb4877d0498ab9f68e37d3c51dc161e545f186015d06943400cb5e314830fa0; exactTagIdentitySha256=98d6deba7723b20728b7d80a1008a741382e593edaa80d6e068b3565ee2ae93d; runtime reachability unresolved; placement and bounds unresolved; renderer suitability unresolved
swf-definition-01540,223,,text,source-assets/flash/HELP MATH_ORIGINAL FILES/HELP_COURSES/ELMGR5/L5/VB/L5VB13.swf,,,3efa6db94f2910bd71937534ecbbabf11441983264bc48b100bc50b7277d8488,DefineText,,,none; machine census only; no renderer export,machine-extracted-definition-candidate,owner-provided SWF,container=root; definitionDepth=0; tagOrdinal=1540; payloadBytes=46; rawTagPayloadSha256=3efa6db94f2910bd71937534ecbbabf11441983264bc48b100bc50b7277d8488; exactTagIdentitySha256=4e47a755816c56339344bad86b33f09db265ac3bb9cc226a2a0ca46b76ed1880; runtime reachability unresolved; placement and bounds unresolved; renderer suitability unresolved
swf-definition-01541,224,,sprite,source-assets/flash/HELP MATH_ORIGINAL FILES/HELP_COURSES/ELMGR5/L5/VB/L5VB13.swf,,,7514787bc086e5952986156ad8b58828fc2d6d45c204a15bfee91ad96a0363fd,DefineSprite,,,none; machine census only; no renderer export,machine-extracted-definition-candidate,owner-provided SWF,container=root; definitionDepth=0; tagOrdinal=1541; payloadBytes=13263; rawTagPayloadSha256=7514787bc086e5952986156ad8b58828fc2d6d45c204a15bfee91ad96a0363fd; exactTagIdentitySha256=6df2a35d9254182942e425af00ed0f6aa71f23c4707dd1cf602689d04284de09; declaredFrameCount=26; runtime reachability unresolved; placement and bounds unresolved; renderer suitability unresolved
swf-definition-01742,225,,sprite,source-assets/flash/HELP MATH_ORIGINAL FILES/HELP_COURSES/ELMGR5/L5/VB/L5VB13.swf,,,12d69661a1f559e2909460bc4d5372de54308519c50ed29eef8d84c53bf8083e,DefineSprite,,,none; machine census only; no renderer export,machine-extracted-definition-candidate,owner-provided SWF,container=root; definitionDepth=0; tagOrdinal=1742; payloadBytes=84944; rawTagPayloadSha256=12d69661a1f559e2909460bc4d5372de54308519c50ed29eef8d84c53bf8083e; exactTagIdentitySha256=9fa8844dabd1760bf35b8adf82aa033fbd0c7d560044f5a995d7578154446299; declaredFrameCount=201; runtime reachability unresolved; placement and bounds unresolved; renderer suitability unresolved
