asset_id,swf_character_id,library_symbol,type,source_file,source_frame,exported_file,sha256,format,dimensions_or_bounds,font_glyphs,transformation,confidence,license_or_provenance,notes
swf-definition-00011,1,,structural-font-definition-candidate,source-assets/flash/HELP MATH_ORIGINAL FILES/HELP_COURSES/ELMGR5/L4/VB/L4VB07.swf,,migrations/course-g05-l04-vb-007/audit/machine/g5-l4-pre-runtime-swf-definition-inventory.csv,4f9b021016de1dc316725329c3e436832b74c0cedf4fc104e9f50e470f20975b,CSV definition-index record for DefineFont2,,29,"projection only; no asset bytes exported, transformed, redrawn, or generated",machine-extracted-structural-candidate,owner-provided SWF,"swfEmbeddedFontName=Bauhaus Md BT; container=root; definitionDepth=0; tagOrdinal=11; payloadBytes=2092; rawTagPayloadSha256=713a32f1ab5b22f48fff2e0bb344b74f0d126c44a4e30a5ab7169127c40947bf; exactTagIdentitySha256=1bea31f204c135c90a11dc2b7c6f780a8c032c6fa4da0ed80e9f6ad6478ca6d4; runtime reachability unresolved; placement and bounds unresolved; renderer suitability unresolved; machineDefinitionIndexSha256=4f9b021016de1dc316725329c3e436832b74c0cedf4fc104e9f50e470f20975b; Structural/static source-derived candidate only. The exported_file is the shared machine definition-index evidence, not a visual or renderer asset export. It is not an authoritative original-runtime baseline and establishes no runtime reachability, placement, asset usage, visual appearance, renderer suitability, human or owner acceptance, strict completion, or publication."
swf-definition-00013,2,,structural-text-definition-candidate,source-assets/flash/HELP MATH_ORIGINAL FILES/HELP_COURSES/ELMGR5/L4/VB/L4VB07.swf,,migrations/course-g05-l04-vb-007/audit/machine/g5-l4-pre-runtime-swf-definition-inventory.csv,4f9b021016de1dc316725329c3e436832b74c0cedf4fc104e9f50e470f20975b,CSV definition-index record for DefineText,,,"projection only; no asset bytes exported, transformed, redrawn, or generated",machine-extracted-structural-candidate,owner-provided SWF,"container=root; definitionDepth=0; tagOrdinal=13; payloadBytes=80; rawTagPayloadSha256=541a136e6a807d0738cbd0dc41959c11b369347f4e4703160450f4b74fd12829; exactTagIdentitySha256=82771336b9f5aebb0827f89c2df1fad70188b61bd875622fc7e8654d9465064c; runtime reachability unresolved; placement and bounds unresolved; renderer suitability unresolved; machineDefinitionIndexSha256=4f9b021016de1dc316725329c3e436832b74c0cedf4fc104e9f50e470f20975b; Structural/static source-derived candidate only. The exported_file is the shared machine definition-index evidence, not a visual or renderer asset export. It is not an authoritative original-runtime baseline and establishes no runtime reachability, placement, asset usage, visual appearance, renderer suitability, human or owner acceptance, strict completion, or publication."
swf-definition-00015,3,,structural-shape-definition-candidate,source-assets/flash/HELP MATH_ORIGINAL FILES/HELP_COURSES/ELMGR5/L4/VB/L4VB07.swf,,migrations/course-g05-l04-vb-007/audit/machine/g5-l4-pre-runtime-swf-definition-inventory.csv,4f9b021016de1dc316725329c3e436832b74c0cedf4fc104e9f50e470f20975b,CSV definition-index record for DefineShape,,,"projection only; no asset bytes exported, transformed, redrawn, or generated",machine-extracted-structural-candidate,owner-provided SWF,"container=root; definitionDepth=0; tagOrdinal=15; payloadBytes=1696; rawTagPayloadSha256=e31fcace4671bc0a3f796e0f4a9985938db6382679dd84720c598c04417dbf6b; exactTagIdentitySha256=44995d9a09a490d727d94f6905a8d47be3ef1d7218cf5c50a7874e205fa8394e; runtime reachability unresolved; placement and bounds unresolved; renderer suitability unresolved; machineDefinitionIndexSha256=4f9b021016de1dc316725329c3e436832b74c0cedf4fc104e9f50e470f20975b; Structural/static source-derived candidate only. The exported_file is the shared machine definition-index evidence, not a visual or renderer asset export. It is not an authoritative original-runtime baseline and establishes no runtime reachability, placement, asset usage, visual appearance, renderer suitability, human or owner acceptance, strict completion, or publication."
swf-definition-00017,4,,structural-text-definition-candidate,source-assets/flash/HELP MATH_ORIGINAL FILES/HELP_COURSES/ELMGR5/L4/VB/L4VB07.swf,,migrations/course-g05-l04-vb-007/audit/machine/g5-l4-pre-runtime-swf-definition-inventory.csv,4f9b021016de1dc316725329c3e436832b74c0cedf4fc104e9f50e470f20975b,CSV definition-index record for DefineText,,,"projection only; no asset bytes exported, transformed, redrawn, or generated",machine-extracted-structural-candidate,owner-provided SWF,"container=root; definitionDepth=0; tagOrdinal=17; payloadBytes=131; rawTagPayloadSha256=7d98c57db6c500283269f1996b3958c6fa56a2fa0458a681df18478ee4085bdf; exactTagIdentitySha256=b3ab45a25b0c7ff3315e13fe183deb19358ddea69b248959ae186741930bac54; runtime reachability unresolved; placement and bounds unresolved; renderer suitability unresolved; machineDefinitionIndexSha256=4f9b021016de1dc316725329c3e436832b74c0cedf4fc104e9f50e470f20975b; Structural/static source-derived candidate only. The exported_file is the shared machine definition-index evidence, not a visual or renderer asset export. It is not an authoritative original-runtime baseline and establishes no runtime reachability, placement, asset usage, visual appearance, renderer suitability, human or owner acceptance, strict completion, or publication."
swf-definition-00018,5,,structural-shape-definition-candidate,source-assets/flash/HELP MATH_ORIGINAL FILES/HELP_COURSES/ELMGR5/L4/VB/L4VB07.swf,,migrations/course-g05-l04-vb-007/audit/machine/g5-l4-pre-runtime-swf-definition-inventory.csv,4f9b021016de1dc316725329c3e436832b74c0cedf4fc104e9f50e470f20975b,CSV definition-index record for DefineShape2,,,"projection only; no asset bytes exported, transformed, redrawn, or generated",machine-extracted-structural-candidate,owner-provided SWF,"container=root; definitionDepth=0; tagOrdinal=18; payloadBytes=213; rawTagPayloadSha256=ad0db507ed5e9b85a157943ac52e612b762c32dec07a39fc0f6d16eb412b620a; exactTagIdentitySha256=5e15fc3c25ff76933358724578b15ba1368866d3286e73711200b9481acf2cee; runtime reachability unresolved; placement and bounds unresolved; renderer suitability unresolved; machineDefinitionIndexSha256=4f9b021016de1dc316725329c3e436832b74c0cedf4fc104e9f50e470f20975b; Structural/static source-derived candidate only. The exported_file is the shared machine definition-index evidence, not a visual or renderer asset export. It is not an authoritative original-runtime baseline and establishes no runtime reachability, placement, asset usage, visual appearance, renderer suitability, human or owner acceptance, strict completion, or publication."
swf-definition-00019,6,,structural-text-definition-candidate,source-assets/flash/HELP MATH_ORIGINAL FILES/HELP_COURSES/ELMGR5/L4/VB/L4VB07.swf,,migrations/course-g05-l04-vb-007/audit/machine/g5-l4-pre-runtime-swf-definition-inventory.csv,4f9b021016de1dc316725329c3e436832b74c0cedf4fc104e9f50e470f20975b,CSV definition-index record for DefineText,,,"projection only; no asset bytes exported, transformed, redrawn, or generated",machine-extracted-structural-candidate,owner-provided SWF,"container=root; definitionDepth=0; tagOrdinal=19; payloadBytes=25; rawTagPayloadSha256=c4673a1f3e42e572734f06d2f22944ac2075f4288b39958310f0cee222329c40; exactTagIdentitySha256=a187834e087bed8ecd26636e72dbc08f489e6debf45a6c7b52a2166af2fa06c0; runtime reachability unresolved; placement and bounds unresolved; renderer suitability unresolved; machineDefinitionIndexSha256=4f9b021016de1dc316725329c3e436832b74c0cedf4fc104e9f50e470f20975b; Structural/static source-derived candidate only. The exported_file is the shared machine definition-index evidence, not a visual or renderer asset export. It is not an authoritative original-runtime baseline and establishes no runtime reachability, placement, asset usage, visual appearance, renderer suitability, human or owner acceptance, strict completion, or publication."
swf-definition-00020,7,,structural-font-definition-candidate,source-assets/flash/HELP MATH_ORIGINAL FILES/HELP_COURSES/ELMGR5/L4/VB/L4VB07.swf,,migrations/course-g05-l04-vb-007/audit/machine/g5-l4-pre-runtime-swf-definition-inventory.csv,4f9b021016de1dc316725329c3e436832b74c0cedf4fc104e9f50e470f20975b,CSV definition-index record for DefineFont2,,8,"projection only; no asset bytes exported, transformed, redrawn, or generated",machine-extracted-structural-candidate,owner-provided SWF,"swfEmbeddedFontName=Arial; container=root; definitionDepth=0; tagOrdinal=20; payloadBytes=795; rawTagPayloadSha256=bb5449dcb777e71949e2e407aa89ca7f712f105ab1d6279faf5a27c394ba18c4; exactTagIdentitySha256=b4f5493812f2bb36a4b68638fbb6ec4ce713d612e1ea233acd5abf39ab140b1a; runtime reachability unresolved; placement and bounds unresolved; renderer suitability unresolved; machineDefinitionIndexSha256=4f9b021016de1dc316725329c3e436832b74c0cedf4fc104e9f50e470f20975b; Structural/static source-derived candidate only. The exported_file is the shared machine definition-index evidence, not a visual or renderer asset export. It is not an authoritative original-runtime baseline and establishes no runtime reachability, placement, asset usage, visual appearance, renderer suitability, human or owner acceptance, strict completion, or publication."
swf-definition-00022,8,,structural-text-definition-candidate,source-assets/flash/HELP MATH_ORIGINAL FILES/HELP_COURSES/ELMGR5/L4/VB/L4VB07.swf,,migrations/course-g05-l04-vb-007/audit/machine/g5-l4-pre-runtime-swf-definition-inventory.csv,4f9b021016de1dc316725329c3e436832b74c0cedf4fc104e9f50e470f20975b,CSV definition-index record for DefineText,,,"projection only; no asset bytes exported, transformed, redrawn, or generated",machine-extracted-structural-candidate,owner-provided SWF,"container=root; definitionDepth=0; tagOrdinal=22; payloadBytes=25; rawTagPayloadSha256=357e35dc68cac2c3136a00a90258fe88de4278c49a3be2a2dbafbd24f4f034a7; exactTagIdentitySha256=119ba365a5815c17c4818f05cd826107d9bc0f5c5a53f282f5bafee8a1cdd781; runtime reachability unresolved; placement and bounds unresolved; renderer suitability unresolved; machineDefinitionIndexSha256=4f9b021016de1dc316725329c3e436832b74c0cedf4fc104e9f50e470f20975b; Structural/static source-derived candidate only. The exported_file is the shared machine definition-index evidence, not a visual or renderer asset export. It is not an authoritative original-runtime baseline and establishes no runtime reachability, placement, asset usage, visual appearance, renderer suitability, human or owner acceptance, strict completion, or publication."
swf-definition-00023,9,,structural-text-definition-candidate,source-assets/flash/HELP MATH_ORIGINAL FILES/HELP_COURSES/ELMGR5/L4/VB/L4VB07.swf,,migrations/course-g05-l04-vb-007/audit/machine/g5-l4-pre-runtime-swf-definition-inventory.csv,4f9b021016de1dc316725329c3e436832b74c0cedf4fc104e9f50e470f20975b,CSV definition-index record for DefineText,,,"projection only; no asset bytes exported, transformed, redrawn, or generated",machine-extracted-structural-candidate,owner-provided SWF,"container=root; definitionDepth=0; tagOrdinal=23; payloadBytes=25; rawTagPayloadSha256=39c97f6c8dee01585adbc2f061e4f01c8f3c06e7c90c23f1ab9c7bce71830317; exactTagIdentitySha256=bb551280095c89947c0bc3bbd7b1632a30187d7e34de72d6effaf410c842fa50; runtime reachability unresolved; placement and bounds unresolved; renderer suitability unresolved; machineDefinitionIndexSha256=4f9b021016de1dc316725329c3e436832b74c0cedf4fc104e9f50e470f20975b; Structural/static source-derived candidate only. The exported_file is the shared machine definition-index evidence, not a visual or renderer asset export. It is not an authoritative original-runtime baseline and establishes no runtime reachability, placement, asset usage, visual appearance, renderer suitability, human or owner acceptance, strict completion, or publication."
swf-definition-00024,10,,structural-text-definition-candidate,source-assets/flash/HELP MATH_ORIGINAL FILES/HELP_COURSES/ELMGR5/L4/VB/L4VB07.swf,,migrations/course-g05-l04-vb-007/audit/machine/g5-l4-pre-runtime-swf-definition-inventory.csv,4f9b021016de1dc316725329c3e436832b74c0cedf4fc104e9f50e470f20975b,CSV definition-index record for DefineText,,,"projection only; no asset bytes exported, transformed, redrawn, or generated",machine-extracted-structural-candidate,owner-provided SWF,"container=root; definitionDepth=0; tagOrdinal=24; payloadBytes=25; rawTagPayloadSha256=945628612d2aba438cde45e8de4e532397a898f090cbe50beae15f4461c51103; exactTagIdentitySha256=46b91a411bf687ace8067f392fce417e4f98d285838030a1546413144bc4d800; runtime reachability unresolved; placement and bounds unresolved; renderer suitability unresolved; machineDefinitionIndexSha256=4f9b021016de1dc316725329c3e436832b74c0cedf4fc104e9f50e470f20975b; Structural/static source-derived candidate only. The exported_file is the shared machine definition-index evidence, not a visual or renderer asset export. It is not an authoritative original-runtime baseline and establishes no runtime reachability, placement, asset usage, visual appearance, renderer suitability, human or owner acceptance, strict completion, or publication."
swf-definition-00025,11,,structural-text-definition-candidate,source-assets/flash/HELP MATH_ORIGINAL FILES/HELP_COURSES/ELMGR5/L4/VB/L4VB07.swf,,migrations/course-g05-l04-vb-007/audit/machine/g5-l4-pre-runtime-swf-definition-inventory.csv,4f9b021016de1dc316725329c3e436832b74c0cedf4fc104e9f50e470f20975b,CSV definition-index record for DefineText,,,"projection only; no asset bytes exported, transformed, redrawn, or generated",machine-extracted-structural-candidate,owner-provided SWF,"container=root; definitionDepth=0; tagOrdinal=25; payloadBytes=25; rawTagPayloadSha256=f682906c3ca8a2eb0a3aad4bd6bad84fdd4255ce2e0ca4acfbea572d13f86c59; exactTagIdentitySha256=7e94d679e7f2b8bc69b3d1f24180bdc41b0c01e9190b1adfbb679649f2c0fbe4; runtime reachability unresolved; placement and bounds unresolved; renderer suitability unresolved; machineDefinitionIndexSha256=4f9b021016de1dc316725329c3e436832b74c0cedf4fc104e9f50e470f20975b; Structural/static source-derived candidate only. The exported_file is the shared machine definition-index evidence, not a visual or renderer asset export. It is not an authoritative original-runtime baseline and establishes no runtime reachability, placement, asset usage, visual appearance, renderer suitability, human or owner acceptance, strict completion, or publication."
swf-definition-00026,12,,structural-text-definition-candidate,source-assets/flash/HELP MATH_ORIGINAL FILES/HELP_COURSES/ELMGR5/L4/VB/L4VB07.swf,,migrations/course-g05-l04-vb-007/audit/machine/g5-l4-pre-runtime-swf-definition-inventory.csv,4f9b021016de1dc316725329c3e436832b74c0cedf4fc104e9f50e470f20975b,CSV definition-index record for DefineText,,,"projection only; no asset bytes exported, transformed, redrawn, or generated",machine-extracted-structural-candidate,owner-provided SWF,"container=root; definitionDepth=0; tagOrdinal=26; payloadBytes=25; rawTagPayloadSha256=0c0c504512a2303e85c0a88eceeb43551dc28bdf7dbf98348ef622d67d99b703; exactTagIdentitySha256=49fb8b3509fbbaeb94a0a023d2cfc705d27a8ac6343760c063bbbb8102c1f01a; runtime reachability unresolved; placement and bounds unresolved; renderer suitability unresolved; machineDefinitionIndexSha256=4f9b021016de1dc316725329c3e436832b74c0cedf4fc104e9f50e470f20975b; Structural/static source-derived candidate only. The exported_file is the shared machine definition-index evidence, not a visual or renderer asset export. It is not an authoritative original-runtime baseline and establishes no runtime reachability, placement, asset usage, visual appearance, renderer suitability, human or owner acceptance, strict completion, or publication."
swf-definition-00027,13,,structural-text-definition-candidate,source-assets/flash/HELP MATH_ORIGINAL FILES/HELP_COURSES/ELMGR5/L4/VB/L4VB07.swf,,migrations/course-g05-l04-vb-007/audit/machine/g5-l4-pre-runtime-swf-definition-inventory.csv,4f9b021016de1dc316725329c3e436832b74c0cedf4fc104e9f50e470f20975b,CSV definition-index record for DefineText,,,"projection only; no asset bytes exported, transformed, redrawn, or generated",machine-extracted-structural-candidate,owner-provided SWF,"container=root; definitionDepth=0; tagOrdinal=27; payloadBytes=25; rawTagPayloadSha256=c305888ad8b247c82221b8a0a507a4e6745cec17d1660c6ed8a1aa92298c9209; exactTagIdentitySha256=935fc0ce17300bad67b0f9f54f715059792933d6a1816ce0643ead1153a67952; runtime reachability unresolved; placement and bounds unresolved; renderer suitability unresolved; machineDefinitionIndexSha256=4f9b021016de1dc316725329c3e436832b74c0cedf4fc104e9f50e470f20975b; Structural/static source-derived candidate only. The exported_file is the shared machine definition-index evidence, not a visual or renderer asset export. It is not an authoritative original-runtime baseline and establishes no runtime reachability, placement, asset usage, visual appearance, renderer suitability, human or owner acceptance, strict completion, or publication."
swf-definition-00028,14,,structural-text-definition-candidate,source-assets/flash/HELP MATH_ORIGINAL FILES/HELP_COURSES/ELMGR5/L4/VB/L4VB07.swf,,migrations/course-g05-l04-vb-007/audit/machine/g5-l4-pre-runtime-swf-definition-inventory.csv,4f9b021016de1dc316725329c3e436832b74c0cedf4fc104e9f50e470f20975b,CSV definition-index record for DefineText,,,"projection only; no asset bytes exported, transformed, redrawn, or generated",machine-extracted-structural-candidate,owner-provided SWF,"container=root; definitionDepth=0; tagOrdinal=28; payloadBytes=25; rawTagPayloadSha256=e589099d64ffa80d4678f231d0f748f7d90a7e50b8f0d4116d37a8f309add3a9; exactTagIdentitySha256=1b27b0d9b2f9fb8b24cf25ce34c04a7b20440130618a92256c31885ce7fe244b; runtime reachability unresolved; placement and bounds unresolved; renderer suitability unresolved; machineDefinitionIndexSha256=4f9b021016de1dc316725329c3e436832b74c0cedf4fc104e9f50e470f20975b; Structural/static source-derived candidate only. The exported_file is the shared machine definition-index evidence, not a visual or renderer asset export. It is not an authoritative original-runtime baseline and establishes no runtime reachability, placement, asset usage, visual appearance, renderer suitability, human or owner acceptance, strict completion, or publication."
swf-definition-00029,15,,structural-text-definition-candidate,source-assets/flash/HELP MATH_ORIGINAL FILES/HELP_COURSES/ELMGR5/L4/VB/L4VB07.swf,,migrations/course-g05-l04-vb-007/audit/machine/g5-l4-pre-runtime-swf-definition-inventory.csv,4f9b021016de1dc316725329c3e436832b74c0cedf4fc104e9f50e470f20975b,CSV definition-index record for DefineText,,,"projection only; no asset bytes exported, transformed, redrawn, or generated",machine-extracted-structural-candidate,owner-provided SWF,"container=root; definitionDepth=0; tagOrdinal=29; payloadBytes=25; rawTagPayloadSha256=e2e2ad5872cc91becffa109847bbacc2318bcbc6ecebd1dd56219ecd64660c66; exactTagIdentitySha256=64302d5d24495576890776222f17b20aad3e094c12b4d179bca8ac0349527028; runtime reachability unresolved; placement and bounds unresolved; renderer suitability unresolved; machineDefinitionIndexSha256=4f9b021016de1dc316725329c3e436832b74c0cedf4fc104e9f50e470f20975b; Structural/static source-derived candidate only. The exported_file is the shared machine definition-index evidence, not a visual or renderer asset export. It is not an authoritative original-runtime baseline and establishes no runtime reachability, placement, asset usage, visual appearance, renderer suitability, human or owner acceptance, strict completion, or publication."
swf-definition-00030,16,,structural-font-definition-candidate,source-assets/flash/HELP MATH_ORIGINAL FILES/HELP_COURSES/ELMGR5/L4/VB/L4VB07.swf,,migrations/course-g05-l04-vb-007/audit/machine/g5-l4-pre-runtime-swf-definition-inventory.csv,4f9b021016de1dc316725329c3e436832b74c0cedf4fc104e9f50e470f20975b,CSV definition-index record for DefineFont2,,1,"projection only; no asset bytes exported, transformed, redrawn, or generated",machine-extracted-structural-candidate,owner-provided SWF,"swfEmbeddedFontName=arial; container=root; definitionDepth=0; tagOrdinal=30; payloadBytes=34; rawTagPayloadSha256=fc2db4e052caaa02d430dd61b9e45b69a1ffc686b114576215110c4165eb3489; exactTagIdentitySha256=f121a0a56374f3ae7f091d927a70481f558fe2b89bdd7aeae0c5f959a16b6bda; runtime reachability unresolved; placement and bounds unresolved; renderer suitability unresolved; machineDefinitionIndexSha256=4f9b021016de1dc316725329c3e436832b74c0cedf4fc104e9f50e470f20975b; Structural/static source-derived candidate only. The exported_file is the shared machine definition-index evidence, not a visual or renderer asset export. It is not an authoritative original-runtime baseline and establishes no runtime reachability, placement, asset usage, visual appearance, renderer suitability, human or owner acceptance, strict completion, or publication."
swf-definition-00032,17,,structural-text-definition-candidate,source-assets/flash/HELP MATH_ORIGINAL FILES/HELP_COURSES/ELMGR5/L4/VB/L4VB07.swf,,migrations/course-g05-l04-vb-007/audit/machine/g5-l4-pre-runtime-swf-definition-inventory.csv,4f9b021016de1dc316725329c3e436832b74c0cedf4fc104e9f50e470f20975b,CSV definition-index record for DefineText,,,"projection only; no asset bytes exported, transformed, redrawn, or generated",machine-extracted-structural-candidate,owner-provided SWF,"container=root; definitionDepth=0; tagOrdinal=32; payloadBytes=34; rawTagPayloadSha256=e2facb766b593ae845cdcd186de5045af05f89178d68cde0027c64d65908eced; exactTagIdentitySha256=5e09c577d8d1494ae2d11912744fb8f88547c5b63b6a001622c64b8e292e9913; runtime reachability unresolved; placement and bounds unresolved; renderer suitability unresolved; machineDefinitionIndexSha256=4f9b021016de1dc316725329c3e436832b74c0cedf4fc104e9f50e470f20975b; Structural/static source-derived candidate only. The exported_file is the shared machine definition-index evidence, not a visual or renderer asset export. It is not an authoritative original-runtime baseline and establishes no runtime reachability, placement, asset usage, visual appearance, renderer suitability, human or owner acceptance, strict completion, or publication."
swf-definition-00033,18,,structural-text-definition-candidate,source-assets/flash/HELP MATH_ORIGINAL FILES/HELP_COURSES/ELMGR5/L4/VB/L4VB07.swf,,migrations/course-g05-l04-vb-007/audit/machine/g5-l4-pre-runtime-swf-definition-inventory.csv,4f9b021016de1dc316725329c3e436832b74c0cedf4fc104e9f50e470f20975b,CSV definition-index record for DefineText,,,"projection only; no asset bytes exported, transformed, redrawn, or generated",machine-extracted-structural-candidate,owner-provided SWF,"container=root; definitionDepth=0; tagOrdinal=33; payloadBytes=34; rawTagPayloadSha256=f7cbae1bd524f7a4cb486efb618537a0188fbcab5f91260801a361cd5a8bfb93; exactTagIdentitySha256=53f13b8c50db6c279b7973e8bcd7bec21ab81209e1d39412501780c450881dc6; runtime reachability unresolved; placement and bounds unresolved; renderer suitability unresolved; machineDefinitionIndexSha256=4f9b021016de1dc316725329c3e436832b74c0cedf4fc104e9f50e470f20975b; Structural/static source-derived candidate only. The exported_file is the shared machine definition-index evidence, not a visual or renderer asset export. It is not an authoritative original-runtime baseline and establishes no runtime reachability, placement, asset usage, visual appearance, renderer suitability, human or owner acceptance, strict completion, or publication."
swf-definition-00034,19,,structural-text-definition-candidate,source-assets/flash/HELP MATH_ORIGINAL FILES/HELP_COURSES/ELMGR5/L4/VB/L4VB07.swf,,migrations/course-g05-l04-vb-007/audit/machine/g5-l4-pre-runtime-swf-definition-inventory.csv,4f9b021016de1dc316725329c3e436832b74c0cedf4fc104e9f50e470f20975b,CSV definition-index record for DefineText,,,"projection only; no asset bytes exported, transformed, redrawn, or generated",machine-extracted-structural-candidate,owner-provided SWF,"container=root; definitionDepth=0; tagOrdinal=34; payloadBytes=34; rawTagPayloadSha256=ad04a12cdf3246d0fe03b2a9ba764874920d854c9a7d3aba1803f670666426cd; exactTagIdentitySha256=f24b7adda87ef2586a8bca5e8719ecc837f08f2f050bf1fbd8c8ab426664da4b; runtime reachability unresolved; placement and bounds unresolved; renderer suitability unresolved; machineDefinitionIndexSha256=4f9b021016de1dc316725329c3e436832b74c0cedf4fc104e9f50e470f20975b; Structural/static source-derived candidate only. The exported_file is the shared machine definition-index evidence, not a visual or renderer asset export. It is not an authoritative original-runtime baseline and establishes no runtime reachability, placement, asset usage, visual appearance, renderer suitability, human or owner acceptance, strict completion, or publication."
swf-definition-00035,20,,structural-text-definition-candidate,source-assets/flash/HELP MATH_ORIGINAL FILES/HELP_COURSES/ELMGR5/L4/VB/L4VB07.swf,,migrations/course-g05-l04-vb-007/audit/machine/g5-l4-pre-runtime-swf-definition-inventory.csv,4f9b021016de1dc316725329c3e436832b74c0cedf4fc104e9f50e470f20975b,CSV definition-index record for DefineText,,,"projection only; no asset bytes exported, transformed, redrawn, or generated",machine-extracted-structural-candidate,owner-provided SWF,"container=root; definitionDepth=0; tagOrdinal=35; payloadBytes=34; rawTagPayloadSha256=d70e4cd0ec7e44192cea79af18eb4d6ab8741db12329bc78a39d38e1df9214f8; exactTagIdentitySha256=fffec06e2d6bb02b5383574e1daca92a13e916328969246c54b221ef7e1138ec; runtime reachability unresolved; placement and bounds unresolved; renderer suitability unresolved; machineDefinitionIndexSha256=4f9b021016de1dc316725329c3e436832b74c0cedf4fc104e9f50e470f20975b; Structural/static source-derived candidate only. The exported_file is the shared machine definition-index evidence, not a visual or renderer asset export. It is not an authoritative original-runtime baseline and establishes no runtime reachability, placement, asset usage, visual appearance, renderer suitability, human or owner acceptance, strict completion, or publication."
swf-definition-00036,21,,structural-text-definition-candidate,source-assets/flash/HELP MATH_ORIGINAL FILES/HELP_COURSES/ELMGR5/L4/VB/L4VB07.swf,,migrations/course-g05-l04-vb-007/audit/machine/g5-l4-pre-runtime-swf-definition-inventory.csv,4f9b021016de1dc316725329c3e436832b74c0cedf4fc104e9f50e470f20975b,CSV definition-index record for DefineText,,,"projection only; no asset bytes exported, transformed, redrawn, or generated",machine-extracted-structural-candidate,owner-provided SWF,"container=root; definitionDepth=0; tagOrdinal=36; payloadBytes=34; rawTagPayloadSha256=6064105e9cce26eaff892ce78853c2f5a5a4768190a65ad853ba2ecf98489bb4; exactTagIdentitySha256=e3aa802f654b4ccf7f6c1b33df890cc2a5a1be833307b923168448fca8b1e6d4; runtime reachability unresolved; placement and bounds unresolved; renderer suitability unresolved; machineDefinitionIndexSha256=4f9b021016de1dc316725329c3e436832b74c0cedf4fc104e9f50e470f20975b; Structural/static source-derived candidate only. The exported_file is the shared machine definition-index evidence, not a visual or renderer asset export. It is not an authoritative original-runtime baseline and establishes no runtime reachability, placement, asset usage, visual appearance, renderer suitability, human or owner acceptance, strict completion, or publication."
swf-definition-00037,22,,structural-text-definition-candidate,source-assets/flash/HELP MATH_ORIGINAL FILES/HELP_COURSES/ELMGR5/L4/VB/L4VB07.swf,,migrations/course-g05-l04-vb-007/audit/machine/g5-l4-pre-runtime-swf-definition-inventory.csv,4f9b021016de1dc316725329c3e436832b74c0cedf4fc104e9f50e470f20975b,CSV definition-index record for DefineText,,,"projection only; no asset bytes exported, transformed, redrawn, or generated",machine-extracted-structural-candidate,owner-provided SWF,"container=root; definitionDepth=0; tagOrdinal=37; payloadBytes=34; rawTagPayloadSha256=a32748e7b595759c80253a214210dbf90a02259f8e7bb29fc9c11b6a87645600; exactTagIdentitySha256=6109df8ccefb8379e505c854a76e478ef5f02143760cd139d07846cda0768ac8; runtime reachability unresolved; placement and bounds unresolved; renderer suitability unresolved; machineDefinitionIndexSha256=4f9b021016de1dc316725329c3e436832b74c0cedf4fc104e9f50e470f20975b; Structural/static source-derived candidate only. The exported_file is the shared machine definition-index evidence, not a visual or renderer asset export. It is not an authoritative original-runtime baseline and establishes no runtime reachability, placement, asset usage, visual appearance, renderer suitability, human or owner acceptance, strict completion, or publication."
swf-definition-00038,23,,structural-text-definition-candidate,source-assets/flash/HELP MATH_ORIGINAL FILES/HELP_COURSES/ELMGR5/L4/VB/L4VB07.swf,,migrations/course-g05-l04-vb-007/audit/machine/g5-l4-pre-runtime-swf-definition-inventory.csv,4f9b021016de1dc316725329c3e436832b74c0cedf4fc104e9f50e470f20975b,CSV definition-index record for DefineText,,,"projection only; no asset bytes exported, transformed, redrawn, or generated",machine-extracted-structural-candidate,owner-provided SWF,"container=root; definitionDepth=0; tagOrdinal=38; payloadBytes=34; rawTagPayloadSha256=fbb2dec51ab1a6a91e544d78e52128f550a22dff235e34231109677d1877d9c7; exactTagIdentitySha256=02f739905868aa3a18ed4e1ccdea485b0b83121aeabd6865af04455708fc6b76; runtime reachability unresolved; placement and bounds unresolved; renderer suitability unresolved; machineDefinitionIndexSha256=4f9b021016de1dc316725329c3e436832b74c0cedf4fc104e9f50e470f20975b; Structural/static source-derived candidate only. The exported_file is the shared machine definition-index evidence, not a visual or renderer asset export. It is not an authoritative original-runtime baseline and establishes no runtime reachability, placement, asset usage, visual appearance, renderer suitability, human or owner acceptance, strict completion, or publication."
swf-definition-00039,24,,structural-shape-definition-candidate,source-assets/flash/HELP MATH_ORIGINAL FILES/HELP_COURSES/ELMGR5/L4/VB/L4VB07.swf,,migrations/course-g05-l04-vb-007/audit/machine/g5-l4-pre-runtime-swf-definition-inventory.csv,4f9b021016de1dc316725329c3e436832b74c0cedf4fc104e9f50e470f20975b,CSV definition-index record for DefineShape2,,,"projection only; no asset bytes exported, transformed, redrawn, or generated",machine-extracted-structural-candidate,owner-provided SWF,"container=root; definitionDepth=0; tagOrdinal=39; payloadBytes=199; rawTagPayloadSha256=0fc3e67c6ca5a78b175af98d0075efb24c5d3dfe40fef82f8245d2802495dd7f; exactTagIdentitySha256=3425f394125d734ebcc27adf24c83669458cb47ec1018464fff4de312d9be79a; runtime reachability unresolved; placement and bounds unresolved; renderer suitability unresolved; machineDefinitionIndexSha256=4f9b021016de1dc316725329c3e436832b74c0cedf4fc104e9f50e470f20975b; Structural/static source-derived candidate only. The exported_file is the shared machine definition-index evidence, not a visual or renderer asset export. It is not an authoritative original-runtime baseline and establishes no runtime reachability, placement, asset usage, visual appearance, renderer suitability, human or owner acceptance, strict completion, or publication."
swf-definition-00040,25,,structural-text-definition-candidate,source-assets/flash/HELP MATH_ORIGINAL FILES/HELP_COURSES/ELMGR5/L4/VB/L4VB07.swf,,migrations/course-g05-l04-vb-007/audit/machine/g5-l4-pre-runtime-swf-definition-inventory.csv,4f9b021016de1dc316725329c3e436832b74c0cedf4fc104e9f50e470f20975b,CSV definition-index record for DefineText,,,"projection only; no asset bytes exported, transformed, redrawn, or generated",machine-extracted-structural-candidate,owner-provided SWF,"container=root; definitionDepth=0; tagOrdinal=40; payloadBytes=25; rawTagPayloadSha256=98381ac4fe33c1158a532246f00d19df407d066f5e2fcfeec956d42b501500f6; exactTagIdentitySha256=c2ae8d854badf4b6844f86e4af8808a38a6be5fb894df5f57a5227ea11a68006; runtime reachability unresolved; placement and bounds unresolved; renderer suitability unresolved; machineDefinitionIndexSha256=4f9b021016de1dc316725329c3e436832b74c0cedf4fc104e9f50e470f20975b; Structural/static source-derived candidate only. The exported_file is the shared machine definition-index evidence, not a visual or renderer asset export. It is not an authoritative original-runtime baseline and establishes no runtime reachability, placement, asset usage, visual appearance, renderer suitability, human or owner acceptance, strict completion, or publication."
swf-definition-00041,26,,structural-text-definition-candidate,source-assets/flash/HELP MATH_ORIGINAL FILES/HELP_COURSES/ELMGR5/L4/VB/L4VB07.swf,,migrations/course-g05-l04-vb-007/audit/machine/g5-l4-pre-runtime-swf-definition-inventory.csv,4f9b021016de1dc316725329c3e436832b74c0cedf4fc104e9f50e470f20975b,CSV definition-index record for DefineText,,,"projection only; no asset bytes exported, transformed, redrawn, or generated",machine-extracted-structural-candidate,owner-provided SWF,"container=root; definitionDepth=0; tagOrdinal=41; payloadBytes=25; rawTagPayloadSha256=94b6c89491a1ff731bd85b10247f5f758a75ffaaf77b3c8b98c92911dcbfc119; exactTagIdentitySha256=af12ffc1cfc0e9cdf8c5effcc7e913b95a377fb58a64bb507f699a31171ba335; runtime reachability unresolved; placement and bounds unresolved; renderer suitability unresolved; machineDefinitionIndexSha256=4f9b021016de1dc316725329c3e436832b74c0cedf4fc104e9f50e470f20975b; Structural/static source-derived candidate only. The exported_file is the shared machine definition-index evidence, not a visual or renderer asset export. It is not an authoritative original-runtime baseline and establishes no runtime reachability, placement, asset usage, visual appearance, renderer suitability, human or owner acceptance, strict completion, or publication."
swf-definition-00042,27,,structural-shape-definition-candidate,source-assets/flash/HELP MATH_ORIGINAL FILES/HELP_COURSES/ELMGR5/L4/VB/L4VB07.swf,,migrations/course-g05-l04-vb-007/audit/machine/g5-l4-pre-runtime-swf-definition-inventory.csv,4f9b021016de1dc316725329c3e436832b74c0cedf4fc104e9f50e470f20975b,CSV definition-index record for DefineShape2,,,"projection only; no asset bytes exported, transformed, redrawn, or generated",machine-extracted-structural-candidate,owner-provided SWF,"container=root; definitionDepth=0; tagOrdinal=42; payloadBytes=279; rawTagPayloadSha256=d84e32920004419f8493024e2df1b03ca0a6e8552e4935012139fdf821d75ae0; exactTagIdentitySha256=84faaad2a443e1ae4b8d1c5b6af9ab36e422a3d2f08b65a0ebe0153b3c2f72e2; runtime reachability unresolved; placement and bounds unresolved; renderer suitability unresolved; machineDefinitionIndexSha256=4f9b021016de1dc316725329c3e436832b74c0cedf4fc104e9f50e470f20975b; Structural/static source-derived candidate only. The exported_file is the shared machine definition-index evidence, not a visual or renderer asset export. It is not an authoritative original-runtime baseline and establishes no runtime reachability, placement, asset usage, visual appearance, renderer suitability, human or owner acceptance, strict completion, or publication."
swf-definition-00043,28,,structural-shape-definition-candidate,source-assets/flash/HELP MATH_ORIGINAL FILES/HELP_COURSES/ELMGR5/L4/VB/L4VB07.swf,,migrations/course-g05-l04-vb-007/audit/machine/g5-l4-pre-runtime-swf-definition-inventory.csv,4f9b021016de1dc316725329c3e436832b74c0cedf4fc104e9f50e470f20975b,CSV definition-index record for DefineShape,,,"projection only; no asset bytes exported, transformed, redrawn, or generated",machine-extracted-structural-candidate,owner-provided SWF,"container=root; definitionDepth=0; tagOrdinal=43; payloadBytes=31; rawTagPayloadSha256=a95ff16ce4f739a8b9869aaff12938c97e3e82343eaa072dd90f7a7618568114; exactTagIdentitySha256=2a9fbd6287aed3b22c922c180bbdac29a29b3d5c5af5cf5068e6da2e90041665; runtime reachability unresolved; placement and bounds unresolved; renderer suitability unresolved; machineDefinitionIndexSha256=4f9b021016de1dc316725329c3e436832b74c0cedf4fc104e9f50e470f20975b; Structural/static source-derived candidate only. The exported_file is the shared machine definition-index evidence, not a visual or renderer asset export. It is not an authoritative original-runtime baseline and establishes no runtime reachability, placement, asset usage, visual appearance, renderer suitability, human or owner acceptance, strict completion, or publication."
swf-definition-00044,29,,structural-button-definition-candidate,source-assets/flash/HELP MATH_ORIGINAL FILES/HELP_COURSES/ELMGR5/L4/VB/L4VB07.swf,,migrations/course-g05-l04-vb-007/audit/machine/g5-l4-pre-runtime-swf-definition-inventory.csv,4f9b021016de1dc316725329c3e436832b74c0cedf4fc104e9f50e470f20975b,CSV definition-index record for DefineButton2,,,"projection only; no asset bytes exported, transformed, redrawn, or generated",machine-extracted-structural-candidate,owner-provided SWF,"container=root; definitionDepth=0; tagOrdinal=44; payloadBytes=388; rawTagPayloadSha256=c9c3be44be9e0cf1d89ca3911dda37b8e0eaa8a0024dd89149102965f92c39a4; exactTagIdentitySha256=96e6976466797214408dbb6578fe565ff89bb0e98f4c20b6451a6dff2e430bf5; runtime reachability unresolved; placement and bounds unresolved; renderer suitability unresolved; machineDefinitionIndexSha256=4f9b021016de1dc316725329c3e436832b74c0cedf4fc104e9f50e470f20975b; Structural/static source-derived candidate only. The exported_file is the shared machine definition-index evidence, not a visual or renderer asset export. It is not an authoritative original-runtime baseline and establishes no runtime reachability, placement, asset usage, visual appearance, renderer suitability, human or owner acceptance, strict completion, or publication."
swf-definition-00045,30,,structural-button-definition-candidate,source-assets/flash/HELP MATH_ORIGINAL FILES/HELP_COURSES/ELMGR5/L4/VB/L4VB07.swf,,migrations/course-g05-l04-vb-007/audit/machine/g5-l4-pre-runtime-swf-definition-inventory.csv,4f9b021016de1dc316725329c3e436832b74c0cedf4fc104e9f50e470f20975b,CSV definition-index record for DefineButton2,,,"projection only; no asset bytes exported, transformed, redrawn, or generated",machine-extracted-structural-candidate,owner-provided SWF,"container=root; definitionDepth=0; tagOrdinal=45; payloadBytes=105; rawTagPayloadSha256=fd7fb6cef678ef8e5f695f7bda79c2ec616e3b9d6b2f7558db33683075de0c59; exactTagIdentitySha256=ad9009210fa4a461d25cdacf8500d4d5848555b2565278c4c9e5fe595ccd497d; runtime reachability unresolved; placement and bounds unresolved; renderer suitability unresolved; machineDefinitionIndexSha256=4f9b021016de1dc316725329c3e436832b74c0cedf4fc104e9f50e470f20975b; Structural/static source-derived candidate only. The exported_file is the shared machine definition-index evidence, not a visual or renderer asset export. It is not an authoritative original-runtime baseline and establishes no runtime reachability, placement, asset usage, visual appearance, renderer suitability, human or owner acceptance, strict completion, or publication."
swf-definition-00046,31,,structural-button-definition-candidate,source-assets/flash/HELP MATH_ORIGINAL FILES/HELP_COURSES/ELMGR5/L4/VB/L4VB07.swf,,migrations/course-g05-l04-vb-007/audit/machine/g5-l4-pre-runtime-swf-definition-inventory.csv,4f9b021016de1dc316725329c3e436832b74c0cedf4fc104e9f50e470f20975b,CSV definition-index record for DefineButton2,,,"projection only; no asset bytes exported, transformed, redrawn, or generated",machine-extracted-structural-candidate,owner-provided SWF,"container=root; definitionDepth=0; tagOrdinal=46; payloadBytes=417; rawTagPayloadSha256=1832dc8434ba0e6df4b96aa08af3f2d6ac2eb837a8ef53bb67c4d1580d6ccaac; exactTagIdentitySha256=812a7e4b184ba64216a0308b16b75f7f1523f0f05df6289583174acb6641c92e; runtime reachability unresolved; placement and bounds unresolved; renderer suitability unresolved; machineDefinitionIndexSha256=4f9b021016de1dc316725329c3e436832b74c0cedf4fc104e9f50e470f20975b; Structural/static source-derived candidate only. The exported_file is the shared machine definition-index evidence, not a visual or renderer asset export. It is not an authoritative original-runtime baseline and establishes no runtime reachability, placement, asset usage, visual appearance, renderer suitability, human or owner acceptance, strict completion, or publication."
swf-definition-00047,32,,structural-morph-definition-candidate,source-assets/flash/HELP MATH_ORIGINAL FILES/HELP_COURSES/ELMGR5/L4/VB/L4VB07.swf,,migrations/course-g05-l04-vb-007/audit/machine/g5-l4-pre-runtime-swf-definition-inventory.csv,4f9b021016de1dc316725329c3e436832b74c0cedf4fc104e9f50e470f20975b,CSV definition-index record for DefineMorphShape,,,"projection only; no asset bytes exported, transformed, redrawn, or generated",machine-extracted-structural-candidate,owner-provided SWF,"container=root; definitionDepth=0; tagOrdinal=47; payloadBytes=232; rawTagPayloadSha256=8b53c5584ceecde52a4b2e67b8f4b8a00aa11d15a324348851f7cfff20acef17; exactTagIdentitySha256=6f40973494920df876a4ff9cc8caba86bcc571dad091b2e5fa97a788a156dc15; runtime reachability unresolved; placement and bounds unresolved; renderer suitability unresolved; machineDefinitionIndexSha256=4f9b021016de1dc316725329c3e436832b74c0cedf4fc104e9f50e470f20975b; Structural/static source-derived candidate only. The exported_file is the shared machine definition-index evidence, not a visual or renderer asset export. It is not an authoritative original-runtime baseline and establishes no runtime reachability, placement, asset usage, visual appearance, renderer suitability, human or owner acceptance, strict completion, or publication."
swf-definition-00048,33,,structural-shape-definition-candidate,source-assets/flash/HELP MATH_ORIGINAL FILES/HELP_COURSES/ELMGR5/L4/VB/L4VB07.swf,,migrations/course-g05-l04-vb-007/audit/machine/g5-l4-pre-runtime-swf-definition-inventory.csv,4f9b021016de1dc316725329c3e436832b74c0cedf4fc104e9f50e470f20975b,CSV definition-index record for DefineShape3,,,"projection only; no asset bytes exported, transformed, redrawn, or generated",machine-extracted-structural-candidate,owner-provided SWF,"container=root; definitionDepth=0; tagOrdinal=48; payloadBytes=771; rawTagPayloadSha256=9b91965699d4c5af34f4041015bb4c4c285a8cb1a2e7d399cf368f2628a79e15; exactTagIdentitySha256=5592409d813e4169b55e462ae807a0b1ed3395a9c3ea0fdfc3e0fbab67d11cef; runtime reachability unresolved; placement and bounds unresolved; renderer suitability unresolved; machineDefinitionIndexSha256=4f9b021016de1dc316725329c3e436832b74c0cedf4fc104e9f50e470f20975b; Structural/static source-derived candidate only. The exported_file is the shared machine definition-index evidence, not a visual or renderer asset export. It is not an authoritative original-runtime baseline and establishes no runtime reachability, placement, asset usage, visual appearance, renderer suitability, human or owner acceptance, strict completion, or publication."
swf-definition-00049,34,,structural-font-definition-candidate,source-assets/flash/HELP MATH_ORIGINAL FILES/HELP_COURSES/ELMGR5/L4/VB/L4VB07.swf,,migrations/course-g05-l04-vb-007/audit/machine/g5-l4-pre-runtime-swf-definition-inventory.csv,4f9b021016de1dc316725329c3e436832b74c0cedf4fc104e9f50e470f20975b,CSV definition-index record for DefineFont2,,8,"projection only; no asset bytes exported, transformed, redrawn, or generated",machine-extracted-structural-candidate,owner-provided SWF,"swfEmbeddedFontName=Boink LET; container=root; definitionDepth=0; tagOrdinal=49; payloadBytes=495; rawTagPayloadSha256=ed35daf657cb6fa456589f82e16985452abef36cbf6d37db3925f396ed385e82; exactTagIdentitySha256=b9eea43f0cccc456a456ce6ee3868cfe50a4ff48bb0cbc49d554222d38a35832; runtime reachability unresolved; placement and bounds unresolved; renderer suitability unresolved; machineDefinitionIndexSha256=4f9b021016de1dc316725329c3e436832b74c0cedf4fc104e9f50e470f20975b; Structural/static source-derived candidate only. The exported_file is the shared machine definition-index evidence, not a visual or renderer asset export. It is not an authoritative original-runtime baseline and establishes no runtime reachability, placement, asset usage, visual appearance, renderer suitability, human or owner acceptance, strict completion, or publication."
swf-definition-00051,35,,structural-text-definition-candidate,source-assets/flash/HELP MATH_ORIGINAL FILES/HELP_COURSES/ELMGR5/L4/VB/L4VB07.swf,,migrations/course-g05-l04-vb-007/audit/machine/g5-l4-pre-runtime-swf-definition-inventory.csv,4f9b021016de1dc316725329c3e436832b74c0cedf4fc104e9f50e470f20975b,CSV definition-index record for DefineText,,,"projection only; no asset bytes exported, transformed, redrawn, or generated",machine-extracted-structural-candidate,owner-provided SWF,"container=root; definitionDepth=0; tagOrdinal=51; payloadBytes=45; rawTagPayloadSha256=732333d134da968430acb73469d5187035de3a5a500571e46aefe07c16a0252a; exactTagIdentitySha256=48d71591322fc1b8fa7cd9369e48a43f8c667da970f6fad1e9ebb89629d177d9; runtime reachability unresolved; placement and bounds unresolved; renderer suitability unresolved; machineDefinitionIndexSha256=4f9b021016de1dc316725329c3e436832b74c0cedf4fc104e9f50e470f20975b; Structural/static source-derived candidate only. The exported_file is the shared machine definition-index evidence, not a visual or renderer asset export. It is not an authoritative original-runtime baseline and establishes no runtime reachability, placement, asset usage, visual appearance, renderer suitability, human or owner acceptance, strict completion, or publication."
swf-definition-00052,36,,structural-text-definition-candidate,source-assets/flash/HELP MATH_ORIGINAL FILES/HELP_COURSES/ELMGR5/L4/VB/L4VB07.swf,,migrations/course-g05-l04-vb-007/audit/machine/g5-l4-pre-runtime-swf-definition-inventory.csv,4f9b021016de1dc316725329c3e436832b74c0cedf4fc104e9f50e470f20975b,CSV definition-index record for DefineText,,,"projection only; no asset bytes exported, transformed, redrawn, or generated",machine-extracted-structural-candidate,owner-provided SWF,"container=root; definitionDepth=0; tagOrdinal=52; payloadBytes=45; rawTagPayloadSha256=ffba17a535b711bc1dd47784713234d97baf7fef15878c029869fcaa7a2c819f; exactTagIdentitySha256=9f534a36bc2aeaefa5ec19fcfd70732fe7d02499184ec2c42380761e89b5b702; runtime reachability unresolved; placement and bounds unresolved; renderer suitability unresolved; machineDefinitionIndexSha256=4f9b021016de1dc316725329c3e436832b74c0cedf4fc104e9f50e470f20975b; Structural/static source-derived candidate only. The exported_file is the shared machine definition-index evidence, not a visual or renderer asset export. It is not an authoritative original-runtime baseline and establishes no runtime reachability, placement, asset usage, visual appearance, renderer suitability, human or owner acceptance, strict completion, or publication."
swf-definition-00053,37,,structural-shape-definition-candidate,source-assets/flash/HELP MATH_ORIGINAL FILES/HELP_COURSES/ELMGR5/L4/VB/L4VB07.swf,,migrations/course-g05-l04-vb-007/audit/machine/g5-l4-pre-runtime-swf-definition-inventory.csv,4f9b021016de1dc316725329c3e436832b74c0cedf4fc104e9f50e470f20975b,CSV definition-index record for DefineShape,,,"projection only; no asset bytes exported, transformed, redrawn, or generated",machine-extracted-structural-candidate,owner-provided SWF,"container=root; definitionDepth=0; tagOrdinal=53; payloadBytes=108; rawTagPayloadSha256=1f59eaeda33ea07ed265a0182bf16b779d55d9f2c6df2d0566dd8b4881dce9bf; exactTagIdentitySha256=24d6a6aa24ea5891a793903401688b048eff325f2322947754e30b79e9e88b4f; runtime reachability unresolved; placement and bounds unresolved; renderer suitability unresolved; machineDefinitionIndexSha256=4f9b021016de1dc316725329c3e436832b74c0cedf4fc104e9f50e470f20975b; Structural/static source-derived candidate only. The exported_file is the shared machine definition-index evidence, not a visual or renderer asset export. It is not an authoritative original-runtime baseline and establishes no runtime reachability, placement, asset usage, visual appearance, renderer suitability, human or owner acceptance, strict completion, or publication."
swf-definition-00054,38,,structural-text-definition-candidate,source-assets/flash/HELP MATH_ORIGINAL FILES/HELP_COURSES/ELMGR5/L4/VB/L4VB07.swf,,migrations/course-g05-l04-vb-007/audit/machine/g5-l4-pre-runtime-swf-definition-inventory.csv,4f9b021016de1dc316725329c3e436832b74c0cedf4fc104e9f50e470f20975b,CSV definition-index record for DefineText,,,"projection only; no asset bytes exported, transformed, redrawn, or generated",machine-extracted-structural-candidate,owner-provided SWF,"container=root; definitionDepth=0; tagOrdinal=54; payloadBytes=45; rawTagPayloadSha256=4734ea0d3ca195b3946e71a7f5aa409a29ddec3e427581c2480cdef08a1d3e10; exactTagIdentitySha256=8acbafc7355f9cc96fa3b753019f8429f8f9e29e584a9b449e6a67c176b5c012; runtime reachability unresolved; placement and bounds unresolved; renderer suitability unresolved; machineDefinitionIndexSha256=4f9b021016de1dc316725329c3e436832b74c0cedf4fc104e9f50e470f20975b; Structural/static source-derived candidate only. The exported_file is the shared machine definition-index evidence, not a visual or renderer asset export. It is not an authoritative original-runtime baseline and establishes no runtime reachability, placement, asset usage, visual appearance, renderer suitability, human or owner acceptance, strict completion, or publication."
swf-definition-00055,39,,structural-shape-definition-candidate,source-assets/flash/HELP MATH_ORIGINAL FILES/HELP_COURSES/ELMGR5/L4/VB/L4VB07.swf,,migrations/course-g05-l04-vb-007/audit/machine/g5-l4-pre-runtime-swf-definition-inventory.csv,4f9b021016de1dc316725329c3e436832b74c0cedf4fc104e9f50e470f20975b,CSV definition-index record for DefineShape,,,"projection only; no asset bytes exported, transformed, redrawn, or generated",machine-extracted-structural-candidate,owner-provided SWF,"container=root; definitionDepth=0; tagOrdinal=55; payloadBytes=60; rawTagPayloadSha256=8f581a15a9e3475e8b2836c18f9791badd5ccfe0e6e6e7ca959b06fde083f22f; exactTagIdentitySha256=573cfc46f7931a8bfcae2a687789a416de41f43698318ff53848fa28dc2f1c1e; runtime reachability unresolved; placement and bounds unresolved; renderer suitability unresolved; machineDefinitionIndexSha256=4f9b021016de1dc316725329c3e436832b74c0cedf4fc104e9f50e470f20975b; Structural/static source-derived candidate only. The exported_file is the shared machine definition-index evidence, not a visual or renderer asset export. It is not an authoritative original-runtime baseline and establishes no runtime reachability, placement, asset usage, visual appearance, renderer suitability, human or owner acceptance, strict completion, or publication."
swf-definition-00056,40,,structural-font-definition-candidate,source-assets/flash/HELP MATH_ORIGINAL FILES/HELP_COURSES/ELMGR5/L4/VB/L4VB07.swf,,migrations/course-g05-l04-vb-007/audit/machine/g5-l4-pre-runtime-swf-definition-inventory.csv,4f9b021016de1dc316725329c3e436832b74c0cedf4fc104e9f50e470f20975b,CSV definition-index record for DefineFont2,,0,"projection only; no asset bytes exported, transformed, redrawn, or generated",machine-extracted-structural-candidate,owner-provided SWF,"swfEmbeddedFontName=Bauhaus Md BT; container=root; definitionDepth=0; tagOrdinal=56; payloadBytes=23; rawTagPayloadSha256=e319eee25bb97f763032858add4911b5ae1b29747049fcb769e1dbc8a5337826; exactTagIdentitySha256=8ae7cf252a36505efa54116039f3b9d3584755c2bcca54a6bbe5ffcd9389e103; runtime reachability unresolved; placement and bounds unresolved; renderer suitability unresolved; machineDefinitionIndexSha256=4f9b021016de1dc316725329c3e436832b74c0cedf4fc104e9f50e470f20975b; Structural/static source-derived candidate only. The exported_file is the shared machine definition-index evidence, not a visual or renderer asset export. It is not an authoritative original-runtime baseline and establishes no runtime reachability, placement, asset usage, visual appearance, renderer suitability, human or owner acceptance, strict completion, or publication."
swf-definition-00057,41,,structural-text-definition-candidate,source-assets/flash/HELP MATH_ORIGINAL FILES/HELP_COURSES/ELMGR5/L4/VB/L4VB07.swf,,migrations/course-g05-l04-vb-007/audit/machine/g5-l4-pre-runtime-swf-definition-inventory.csv,4f9b021016de1dc316725329c3e436832b74c0cedf4fc104e9f50e470f20975b,CSV definition-index record for DefineEditText,,,"projection only; no asset bytes exported, transformed, redrawn, or generated",machine-extracted-structural-candidate,owner-provided SWF,"container=root; definitionDepth=0; tagOrdinal=57; payloadBytes=51; rawTagPayloadSha256=7208b065ffc57a3da127115652d5160bf34a3a28cda07e3dcd61ff283e83b6bb; exactTagIdentitySha256=1ce112cca7c6d6789cad8097700a1d5abf90e8be58f47cda03b725d2789f82f9; runtime reachability unresolved; placement and bounds unresolved; renderer suitability unresolved; machineDefinitionIndexSha256=4f9b021016de1dc316725329c3e436832b74c0cedf4fc104e9f50e470f20975b; Structural/static source-derived candidate only. The exported_file is the shared machine definition-index evidence, not a visual or renderer asset export. It is not an authoritative original-runtime baseline and establishes no runtime reachability, placement, asset usage, visual appearance, renderer suitability, human or owner acceptance, strict completion, or publication."
swf-definition-00058,42,,structural-shape-definition-candidate,source-assets/flash/HELP MATH_ORIGINAL FILES/HELP_COURSES/ELMGR5/L4/VB/L4VB07.swf,,migrations/course-g05-l04-vb-007/audit/machine/g5-l4-pre-runtime-swf-definition-inventory.csv,4f9b021016de1dc316725329c3e436832b74c0cedf4fc104e9f50e470f20975b,CSV definition-index record for DefineShape2,,,"projection only; no asset bytes exported, transformed, redrawn, or generated",machine-extracted-structural-candidate,owner-provided SWF,"container=root; definitionDepth=0; tagOrdinal=58; payloadBytes=55; rawTagPayloadSha256=9329e56e134f06aa15dc47bd89fbcdc4375b873ac48b0665cb1fb78a5c4d06b3; exactTagIdentitySha256=ee7906767bd017b6e629c59dff35a62928471fbf1e7ff060eb8eefb56b21b8f7; runtime reachability unresolved; placement and bounds unresolved; renderer suitability unresolved; machineDefinitionIndexSha256=4f9b021016de1dc316725329c3e436832b74c0cedf4fc104e9f50e470f20975b; Structural/static source-derived candidate only. The exported_file is the shared machine definition-index evidence, not a visual or renderer asset export. It is not an authoritative original-runtime baseline and establishes no runtime reachability, placement, asset usage, visual appearance, renderer suitability, human or owner acceptance, strict completion, or publication."
swf-definition-00059,43,,structural-text-definition-candidate,source-assets/flash/HELP MATH_ORIGINAL FILES/HELP_COURSES/ELMGR5/L4/VB/L4VB07.swf,,migrations/course-g05-l04-vb-007/audit/machine/g5-l4-pre-runtime-swf-definition-inventory.csv,4f9b021016de1dc316725329c3e436832b74c0cedf4fc104e9f50e470f20975b,CSV definition-index record for DefineText,,,"projection only; no asset bytes exported, transformed, redrawn, or generated",machine-extracted-structural-candidate,owner-provided SWF,"container=root; definitionDepth=0; tagOrdinal=59; payloadBytes=36; rawTagPayloadSha256=e8bacb08b4a767eb89a03bf5a05422102cfdd44c75b6c78d87c2c44b1b11e6f6; exactTagIdentitySha256=9484c2179f2497903978ad4314f4eee57b36aaeaf19d3b1416a79af13d4f646c; runtime reachability unresolved; placement and bounds unresolved; renderer suitability unresolved; machineDefinitionIndexSha256=4f9b021016de1dc316725329c3e436832b74c0cedf4fc104e9f50e470f20975b; Structural/static source-derived candidate only. The exported_file is the shared machine definition-index evidence, not a visual or renderer asset export. It is not an authoritative original-runtime baseline and establishes no runtime reachability, placement, asset usage, visual appearance, renderer suitability, human or owner acceptance, strict completion, or publication."
swf-definition-00060,44,,structural-shape-definition-candidate,source-assets/flash/HELP MATH_ORIGINAL FILES/HELP_COURSES/ELMGR5/L4/VB/L4VB07.swf,,migrations/course-g05-l04-vb-007/audit/machine/g5-l4-pre-runtime-swf-definition-inventory.csv,4f9b021016de1dc316725329c3e436832b74c0cedf4fc104e9f50e470f20975b,CSV definition-index record for DefineShape,,,"projection only; no asset bytes exported, transformed, redrawn, or generated",machine-extracted-structural-candidate,owner-provided SWF,"container=root; definitionDepth=0; tagOrdinal=60; payloadBytes=64; rawTagPayloadSha256=410cf41707cd6bd09ee1e5aad2fa5459366adb645b91f9b25d758ddcacb1c83a; exactTagIdentitySha256=4fd567129dcd3b9dd60470628969460143288984b76aaf7ea3a24b520a09645b; runtime reachability unresolved; placement and bounds unresolved; renderer suitability unresolved; machineDefinitionIndexSha256=4f9b021016de1dc316725329c3e436832b74c0cedf4fc104e9f50e470f20975b; Structural/static source-derived candidate only. The exported_file is the shared machine definition-index evidence, not a visual or renderer asset export. It is not an authoritative original-runtime baseline and establishes no runtime reachability, placement, asset usage, visual appearance, renderer suitability, human or owner acceptance, strict completion, or publication."
swf-definition-00061,45,,structural-shape-definition-candidate,source-assets/flash/HELP MATH_ORIGINAL FILES/HELP_COURSES/ELMGR5/L4/VB/L4VB07.swf,,migrations/course-g05-l04-vb-007/audit/machine/g5-l4-pre-runtime-swf-definition-inventory.csv,4f9b021016de1dc316725329c3e436832b74c0cedf4fc104e9f50e470f20975b,CSV definition-index record for DefineShape2,,,"projection only; no asset bytes exported, transformed, redrawn, or generated",machine-extracted-structural-candidate,owner-provided SWF,"container=root; definitionDepth=0; tagOrdinal=61; payloadBytes=286; rawTagPayloadSha256=f2eb5974789e7f94508dad9de3a35844ec0dd4c8fc1fd18a426d2d860d3a243a; exactTagIdentitySha256=0eadb8aa38955b8fa8cb1fb06375e51a71520a1247f799e8f5e56f84e3e2618f; runtime reachability unresolved; placement and bounds unresolved; renderer suitability unresolved; machineDefinitionIndexSha256=4f9b021016de1dc316725329c3e436832b74c0cedf4fc104e9f50e470f20975b; Structural/static source-derived candidate only. The exported_file is the shared machine definition-index evidence, not a visual or renderer asset export. It is not an authoritative original-runtime baseline and establishes no runtime reachability, placement, asset usage, visual appearance, renderer suitability, human or owner acceptance, strict completion, or publication."
swf-definition-00062,46,,structural-shape-definition-candidate,source-assets/flash/HELP MATH_ORIGINAL FILES/HELP_COURSES/ELMGR5/L4/VB/L4VB07.swf,,migrations/course-g05-l04-vb-007/audit/machine/g5-l4-pre-runtime-swf-definition-inventory.csv,4f9b021016de1dc316725329c3e436832b74c0cedf4fc104e9f50e470f20975b,CSV definition-index record for DefineShape2,,,"projection only; no asset bytes exported, transformed, redrawn, or generated",machine-extracted-structural-candidate,owner-provided SWF,"container=root; definitionDepth=0; tagOrdinal=62; payloadBytes=296; rawTagPayloadSha256=615a175975fc592bebae0512baa05dccdcbbb442c82f55c8086726e37c82ec8f; exactTagIdentitySha256=0f63f4049db552994d50c6f64a5564e2dd01dc66f4faaed0c7e8378a73f25514; runtime reachability unresolved; placement and bounds unresolved; renderer suitability unresolved; machineDefinitionIndexSha256=4f9b021016de1dc316725329c3e436832b74c0cedf4fc104e9f50e470f20975b; Structural/static source-derived candidate only. The exported_file is the shared machine definition-index evidence, not a visual or renderer asset export. It is not an authoritative original-runtime baseline and establishes no runtime reachability, placement, asset usage, visual appearance, renderer suitability, human or owner acceptance, strict completion, or publication."
swf-definition-00063,47,,structural-shape-definition-candidate,source-assets/flash/HELP MATH_ORIGINAL FILES/HELP_COURSES/ELMGR5/L4/VB/L4VB07.swf,,migrations/course-g05-l04-vb-007/audit/machine/g5-l4-pre-runtime-swf-definition-inventory.csv,4f9b021016de1dc316725329c3e436832b74c0cedf4fc104e9f50e470f20975b,CSV definition-index record for DefineShape2,,,"projection only; no asset bytes exported, transformed, redrawn, or generated",machine-extracted-structural-candidate,owner-provided SWF,"container=root; definitionDepth=0; tagOrdinal=63; payloadBytes=337; rawTagPayloadSha256=279c1fcd9d3bb3770976292dfc54ee3d15e9aa4a2dc10a23b4c3660a37ec0713; exactTagIdentitySha256=b38708115b0faeda95bdd357ea468a47b4712a4ccd2729edc8970ce466d2e56a; runtime reachability unresolved; placement and bounds unresolved; renderer suitability unresolved; machineDefinitionIndexSha256=4f9b021016de1dc316725329c3e436832b74c0cedf4fc104e9f50e470f20975b; Structural/static source-derived candidate only. The exported_file is the shared machine definition-index evidence, not a visual or renderer asset export. It is not an authoritative original-runtime baseline and establishes no runtime reachability, placement, asset usage, visual appearance, renderer suitability, human or owner acceptance, strict completion, or publication."
swf-definition-00064,48,,structural-shape-definition-candidate,source-assets/flash/HELP MATH_ORIGINAL FILES/HELP_COURSES/ELMGR5/L4/VB/L4VB07.swf,,migrations/course-g05-l04-vb-007/audit/machine/g5-l4-pre-runtime-swf-definition-inventory.csv,4f9b021016de1dc316725329c3e436832b74c0cedf4fc104e9f50e470f20975b,CSV definition-index record for DefineShape,,,"projection only; no asset bytes exported, transformed, redrawn, or generated",machine-extracted-structural-candidate,owner-provided SWF,"container=root; definitionDepth=0; tagOrdinal=64; payloadBytes=34; rawTagPayloadSha256=98284db0c7071e03a8afc509ee6fc83e07b5db880c068a25c4f891a154d48774; exactTagIdentitySha256=871211bda0f2a8abe48bf250eee8d1f9dd2267aeb3045adcb1638f31afca04bb; runtime reachability unresolved; placement and bounds unresolved; renderer suitability unresolved; machineDefinitionIndexSha256=4f9b021016de1dc316725329c3e436832b74c0cedf4fc104e9f50e470f20975b; Structural/static source-derived candidate only. The exported_file is the shared machine definition-index evidence, not a visual or renderer asset export. It is not an authoritative original-runtime baseline and establishes no runtime reachability, placement, asset usage, visual appearance, renderer suitability, human or owner acceptance, strict completion, or publication."
swf-definition-00065,49,,structural-sprite-definition-candidate,source-assets/flash/HELP MATH_ORIGINAL FILES/HELP_COURSES/ELMGR5/L4/VB/L4VB07.swf,,migrations/course-g05-l04-vb-007/audit/machine/g5-l4-pre-runtime-swf-definition-inventory.csv,4f9b021016de1dc316725329c3e436832b74c0cedf4fc104e9f50e470f20975b,CSV definition-index record for DefineSprite,,,"projection only; no asset bytes exported, transformed, redrawn, or generated",machine-extracted-structural-candidate,owner-provided SWF,"container=root; definitionDepth=0; tagOrdinal=65; payloadBytes=2040; rawTagPayloadSha256=92e8f110c45ea2d4d17028b98fe4c9e8fee4fe07e659a3225c2bf8aaa0ec7d51; exactTagIdentitySha256=92864be80cceddb0230c07139c7872cec52ab6ccafd395ebd144c41ccaff93c1; declaredFrameCount=5; runtime reachability unresolved; placement and bounds unresolved; renderer suitability unresolved; machineDefinitionIndexSha256=4f9b021016de1dc316725329c3e436832b74c0cedf4fc104e9f50e470f20975b; Structural/static source-derived candidate only. The exported_file is the shared machine definition-index evidence, not a visual or renderer asset export. It is not an authoritative original-runtime baseline and establishes no runtime reachability, placement, asset usage, visual appearance, renderer suitability, human or owner acceptance, strict completion, or publication."
swf-definition-00080,50,,structural-button-definition-candidate,source-assets/flash/HELP MATH_ORIGINAL FILES/HELP_COURSES/ELMGR5/L4/VB/L4VB07.swf,,migrations/course-g05-l04-vb-007/audit/machine/g5-l4-pre-runtime-swf-definition-inventory.csv,4f9b021016de1dc316725329c3e436832b74c0cedf4fc104e9f50e470f20975b,CSV definition-index record for DefineButton2,,,"projection only; no asset bytes exported, transformed, redrawn, or generated",machine-extracted-structural-candidate,owner-provided SWF,"container=root; definitionDepth=0; tagOrdinal=80; payloadBytes=195; rawTagPayloadSha256=45e4daa35b99f3f498c80717e7aee92490dc8d0790b7a6bafd1b0556ee4eee5d; exactTagIdentitySha256=a2b9c3ba6ecf5aaa44a01b7d571f98e76ef688879b6fba0ecb9358b29a8280c1; runtime reachability unresolved; placement and bounds unresolved; renderer suitability unresolved; machineDefinitionIndexSha256=4f9b021016de1dc316725329c3e436832b74c0cedf4fc104e9f50e470f20975b; Structural/static source-derived candidate only. The exported_file is the shared machine definition-index evidence, not a visual or renderer asset export. It is not an authoritative original-runtime baseline and establishes no runtime reachability, placement, asset usage, visual appearance, renderer suitability, human or owner acceptance, strict completion, or publication."
swf-definition-00081,51,,structural-sprite-definition-candidate,source-assets/flash/HELP MATH_ORIGINAL FILES/HELP_COURSES/ELMGR5/L4/VB/L4VB07.swf,,migrations/course-g05-l04-vb-007/audit/machine/g5-l4-pre-runtime-swf-definition-inventory.csv,4f9b021016de1dc316725329c3e436832b74c0cedf4fc104e9f50e470f20975b,CSV definition-index record for DefineSprite,,,"projection only; no asset bytes exported, transformed, redrawn, or generated",machine-extracted-structural-candidate,owner-provided SWF,"container=root; definitionDepth=0; tagOrdinal=81; payloadBytes=315; rawTagPayloadSha256=764032ad24a27a39629f8867e34444c1bac8f7f954e8540e1dd69fa4e67558d8; exactTagIdentitySha256=3fa72f44009b58289b8d432ab5ab63e67f3001b1a5dbcc703b5b118ef08de50c; declaredFrameCount=1; runtime reachability unresolved; placement and bounds unresolved; renderer suitability unresolved; machineDefinitionIndexSha256=4f9b021016de1dc316725329c3e436832b74c0cedf4fc104e9f50e470f20975b; Structural/static source-derived candidate only. The exported_file is the shared machine definition-index evidence, not a visual or renderer asset export. It is not an authoritative original-runtime baseline and establishes no runtime reachability, placement, asset usage, visual appearance, renderer suitability, human or owner acceptance, strict completion, or publication."
swf-definition-00088,52,,structural-morph-definition-candidate,source-assets/flash/HELP MATH_ORIGINAL FILES/HELP_COURSES/ELMGR5/L4/VB/L4VB07.swf,,migrations/course-g05-l04-vb-007/audit/machine/g5-l4-pre-runtime-swf-definition-inventory.csv,4f9b021016de1dc316725329c3e436832b74c0cedf4fc104e9f50e470f20975b,CSV definition-index record for DefineMorphShape,,,"projection only; no asset bytes exported, transformed, redrawn, or generated",machine-extracted-structural-candidate,owner-provided SWF,"container=root; definitionDepth=0; tagOrdinal=88; payloadBytes=232; rawTagPayloadSha256=f822fab1eb6f49175ea5ec3cc41ae1422b7a54b1b4349204b5573ec330e04a12; exactTagIdentitySha256=200ef0950efb571fb6f47c26e0ff02a5c268bb908f97f0675ece51e1aa97d719; runtime reachability unresolved; placement and bounds unresolved; renderer suitability unresolved; machineDefinitionIndexSha256=4f9b021016de1dc316725329c3e436832b74c0cedf4fc104e9f50e470f20975b; Structural/static source-derived candidate only. The exported_file is the shared machine definition-index evidence, not a visual or renderer asset export. It is not an authoritative original-runtime baseline and establishes no runtime reachability, placement, asset usage, visual appearance, renderer suitability, human or owner acceptance, strict completion, or publication."
swf-definition-00089,53,,structural-shape-definition-candidate,source-assets/flash/HELP MATH_ORIGINAL FILES/HELP_COURSES/ELMGR5/L4/VB/L4VB07.swf,,migrations/course-g05-l04-vb-007/audit/machine/g5-l4-pre-runtime-swf-definition-inventory.csv,4f9b021016de1dc316725329c3e436832b74c0cedf4fc104e9f50e470f20975b,CSV definition-index record for DefineShape,,,"projection only; no asset bytes exported, transformed, redrawn, or generated",machine-extracted-structural-candidate,owner-provided SWF,"container=root; definitionDepth=0; tagOrdinal=89; payloadBytes=108; rawTagPayloadSha256=67671e6071e260672a5d443d9884a1109d81e0ee34c28e4715423aeccd31b915; exactTagIdentitySha256=a01f3e5aa7d85b8260b98e201698497755145fa1e3127c736fd42ae79b5f2aca; runtime reachability unresolved; placement and bounds unresolved; renderer suitability unresolved; machineDefinitionIndexSha256=4f9b021016de1dc316725329c3e436832b74c0cedf4fc104e9f50e470f20975b; Structural/static source-derived candidate only. The exported_file is the shared machine definition-index evidence, not a visual or renderer asset export. It is not an authoritative original-runtime baseline and establishes no runtime reachability, placement, asset usage, visual appearance, renderer suitability, human or owner acceptance, strict completion, or publication."
swf-definition-00090,54,,structural-sprite-definition-candidate,source-assets/flash/HELP MATH_ORIGINAL FILES/HELP_COURSES/ELMGR5/L4/VB/L4VB07.swf,,migrations/course-g05-l04-vb-007/audit/machine/g5-l4-pre-runtime-swf-definition-inventory.csv,4f9b021016de1dc316725329c3e436832b74c0cedf4fc104e9f50e470f20975b,CSV definition-index record for DefineSprite,,,"projection only; no asset bytes exported, transformed, redrawn, or generated",machine-extracted-structural-candidate,owner-provided SWF,"container=root; definitionDepth=0; tagOrdinal=90; payloadBytes=12377; rawTagPayloadSha256=1b7ae37f064e6915f76bc23d6257240263eeb1798d41cf5a71bee69efc5a9d3c; exactTagIdentitySha256=1cb35ccd4d5e35bf1d1b95c6b186a9dadd7194e958f4cb4f2da5d06ed909623c; declaredFrameCount=28; runtime reachability unresolved; placement and bounds unresolved; renderer suitability unresolved; machineDefinitionIndexSha256=4f9b021016de1dc316725329c3e436832b74c0cedf4fc104e9f50e470f20975b; Structural/static source-derived candidate only. The exported_file is the shared machine definition-index evidence, not a visual or renderer asset export. It is not an authoritative original-runtime baseline and establishes no runtime reachability, placement, asset usage, visual appearance, renderer suitability, human or owner acceptance, strict completion, or publication."
swf-definition-00262,55,,structural-shape-definition-candidate,source-assets/flash/HELP MATH_ORIGINAL FILES/HELP_COURSES/ELMGR5/L4/VB/L4VB07.swf,,migrations/course-g05-l04-vb-007/audit/machine/g5-l4-pre-runtime-swf-definition-inventory.csv,4f9b021016de1dc316725329c3e436832b74c0cedf4fc104e9f50e470f20975b,CSV definition-index record for DefineShape3,,,"projection only; no asset bytes exported, transformed, redrawn, or generated",machine-extracted-structural-candidate,owner-provided SWF,"container=root; definitionDepth=0; tagOrdinal=262; payloadBytes=57; rawTagPayloadSha256=0335e34d44dbba043bba96d68f44e66d626ef13aa01c11f02e62f564cffe1b75; exactTagIdentitySha256=a737265160467cecff22d7dbd9eecfbba56d80817b502047ad4a6a20cf83addc; runtime reachability unresolved; placement and bounds unresolved; renderer suitability unresolved; machineDefinitionIndexSha256=4f9b021016de1dc316725329c3e436832b74c0cedf4fc104e9f50e470f20975b; Structural/static source-derived candidate only. The exported_file is the shared machine definition-index evidence, not a visual or renderer asset export. It is not an authoritative original-runtime baseline and establishes no runtime reachability, placement, asset usage, visual appearance, renderer suitability, human or owner acceptance, strict completion, or publication."
swf-definition-00263,56,,structural-shape-definition-candidate,source-assets/flash/HELP MATH_ORIGINAL FILES/HELP_COURSES/ELMGR5/L4/VB/L4VB07.swf,,migrations/course-g05-l04-vb-007/audit/machine/g5-l4-pre-runtime-swf-definition-inventory.csv,4f9b021016de1dc316725329c3e436832b74c0cedf4fc104e9f50e470f20975b,CSV definition-index record for DefineShape,,,"projection only; no asset bytes exported, transformed, redrawn, or generated",machine-extracted-structural-candidate,owner-provided SWF,"container=root; definitionDepth=0; tagOrdinal=263; payloadBytes=119; rawTagPayloadSha256=a34aa03b52112fd679c5a10330558812a6b30ea2889590d33e633c483c42bb71; exactTagIdentitySha256=632b9d59e569f6ff41c51d7586c5721b8152afb5356340cbf225b60f86490b77; runtime reachability unresolved; placement and bounds unresolved; renderer suitability unresolved; machineDefinitionIndexSha256=4f9b021016de1dc316725329c3e436832b74c0cedf4fc104e9f50e470f20975b; Structural/static source-derived candidate only. The exported_file is the shared machine definition-index evidence, not a visual or renderer asset export. It is not an authoritative original-runtime baseline and establishes no runtime reachability, placement, asset usage, visual appearance, renderer suitability, human or owner acceptance, strict completion, or publication."
swf-definition-00264,57,,structural-font-definition-candidate,source-assets/flash/HELP MATH_ORIGINAL FILES/HELP_COURSES/ELMGR5/L4/VB/L4VB07.swf,,migrations/course-g05-l04-vb-007/audit/machine/g5-l4-pre-runtime-swf-definition-inventory.csv,4f9b021016de1dc316725329c3e436832b74c0cedf4fc104e9f50e470f20975b,CSV definition-index record for DefineFont2,,5,"projection only; no asset bytes exported, transformed, redrawn, or generated",machine-extracted-structural-candidate,owner-provided SWF,"swfEmbeddedFontName=GeoSlab703 MdCn BT; container=root; definitionDepth=0; tagOrdinal=264; payloadBytes=316; rawTagPayloadSha256=3c0e434d3c072c8680ac3fdc816e3a751c18eaaf446d5be701322aa198bac13c; exactTagIdentitySha256=f85be7bcb507daf8b899dcf0f3de16b82aba17c9e7c4fbd6b5758d856810c50d; runtime reachability unresolved; placement and bounds unresolved; renderer suitability unresolved; machineDefinitionIndexSha256=4f9b021016de1dc316725329c3e436832b74c0cedf4fc104e9f50e470f20975b; Structural/static source-derived candidate only. The exported_file is the shared machine definition-index evidence, not a visual or renderer asset export. It is not an authoritative original-runtime baseline and establishes no runtime reachability, placement, asset usage, visual appearance, renderer suitability, human or owner acceptance, strict completion, or publication."
swf-definition-00266,58,,structural-text-definition-candidate,source-assets/flash/HELP MATH_ORIGINAL FILES/HELP_COURSES/ELMGR5/L4/VB/L4VB07.swf,,migrations/course-g05-l04-vb-007/audit/machine/g5-l4-pre-runtime-swf-definition-inventory.csv,4f9b021016de1dc316725329c3e436832b74c0cedf4fc104e9f50e470f20975b,CSV definition-index record for DefineText,,,"projection only; no asset bytes exported, transformed, redrawn, or generated",machine-extracted-structural-candidate,owner-provided SWF,"container=root; definitionDepth=0; tagOrdinal=266; payloadBytes=38; rawTagPayloadSha256=9b4dc385154451a2bf9c8849ffef7dbee3db2df160393ccfdd147eae57c69362; exactTagIdentitySha256=365032b1f112ef1d872707407d6005209f0879da4b822dd41a64641633c40c58; runtime reachability unresolved; placement and bounds unresolved; renderer suitability unresolved; machineDefinitionIndexSha256=4f9b021016de1dc316725329c3e436832b74c0cedf4fc104e9f50e470f20975b; Structural/static source-derived candidate only. The exported_file is the shared machine definition-index evidence, not a visual or renderer asset export. It is not an authoritative original-runtime baseline and establishes no runtime reachability, placement, asset usage, visual appearance, renderer suitability, human or owner acceptance, strict completion, or publication."
swf-definition-00267,59,,structural-text-definition-candidate,source-assets/flash/HELP MATH_ORIGINAL FILES/HELP_COURSES/ELMGR5/L4/VB/L4VB07.swf,,migrations/course-g05-l04-vb-007/audit/machine/g5-l4-pre-runtime-swf-definition-inventory.csv,4f9b021016de1dc316725329c3e436832b74c0cedf4fc104e9f50e470f20975b,CSV definition-index record for DefineText,,,"projection only; no asset bytes exported, transformed, redrawn, or generated",machine-extracted-structural-candidate,owner-provided SWF,"container=root; definitionDepth=0; tagOrdinal=267; payloadBytes=38; rawTagPayloadSha256=b399b8aea98b05ff903b513eeeabe3705433eb4ed3e710821bac9ef536a3343f; exactTagIdentitySha256=9ab83e3fb6a7dd372dc8c0c20cd45b692f8ccf39225fad4356274408b5a6e7c2; runtime reachability unresolved; placement and bounds unresolved; renderer suitability unresolved; machineDefinitionIndexSha256=4f9b021016de1dc316725329c3e436832b74c0cedf4fc104e9f50e470f20975b; Structural/static source-derived candidate only. The exported_file is the shared machine definition-index evidence, not a visual or renderer asset export. It is not an authoritative original-runtime baseline and establishes no runtime reachability, placement, asset usage, visual appearance, renderer suitability, human or owner acceptance, strict completion, or publication."
swf-definition-00268,60,,structural-shape-definition-candidate,source-assets/flash/HELP MATH_ORIGINAL FILES/HELP_COURSES/ELMGR5/L4/VB/L4VB07.swf,,migrations/course-g05-l04-vb-007/audit/machine/g5-l4-pre-runtime-swf-definition-inventory.csv,4f9b021016de1dc316725329c3e436832b74c0cedf4fc104e9f50e470f20975b,CSV definition-index record for DefineShape3,,,"projection only; no asset bytes exported, transformed, redrawn, or generated",machine-extracted-structural-candidate,owner-provided SWF,"container=root; definitionDepth=0; tagOrdinal=268; payloadBytes=289; rawTagPayloadSha256=735268dc4b598977435493e4b650ec0cad282e04fcdcafa551ea2ab9b28a277b; exactTagIdentitySha256=9e52aed033c1b1ac4b15db54555cd767a13b8e830e0057eac8d54fd52275649b; runtime reachability unresolved; placement and bounds unresolved; renderer suitability unresolved; machineDefinitionIndexSha256=4f9b021016de1dc316725329c3e436832b74c0cedf4fc104e9f50e470f20975b; Structural/static source-derived candidate only. The exported_file is the shared machine definition-index evidence, not a visual or renderer asset export. It is not an authoritative original-runtime baseline and establishes no runtime reachability, placement, asset usage, visual appearance, renderer suitability, human or owner acceptance, strict completion, or publication."
swf-definition-00269,61,,structural-shape-definition-candidate,source-assets/flash/HELP MATH_ORIGINAL FILES/HELP_COURSES/ELMGR5/L4/VB/L4VB07.swf,,migrations/course-g05-l04-vb-007/audit/machine/g5-l4-pre-runtime-swf-definition-inventory.csv,4f9b021016de1dc316725329c3e436832b74c0cedf4fc104e9f50e470f20975b,CSV definition-index record for DefineShape3,,,"projection only; no asset bytes exported, transformed, redrawn, or generated",machine-extracted-structural-candidate,owner-provided SWF,"container=root; definitionDepth=0; tagOrdinal=269; payloadBytes=924; rawTagPayloadSha256=945c84d1bc4e47cbf630adf441986cd024b7227c1da720bcefebd9677d5aef66; exactTagIdentitySha256=8aa3811abdf96dc0b874822b42786192303a32e073fd843bf7c2b792d12b200c; runtime reachability unresolved; placement and bounds unresolved; renderer suitability unresolved; machineDefinitionIndexSha256=4f9b021016de1dc316725329c3e436832b74c0cedf4fc104e9f50e470f20975b; Structural/static source-derived candidate only. The exported_file is the shared machine definition-index evidence, not a visual or renderer asset export. It is not an authoritative original-runtime baseline and establishes no runtime reachability, placement, asset usage, visual appearance, renderer suitability, human or owner acceptance, strict completion, or publication."
swf-definition-00270,62,,structural-shape-definition-candidate,source-assets/flash/HELP MATH_ORIGINAL FILES/HELP_COURSES/ELMGR5/L4/VB/L4VB07.swf,,migrations/course-g05-l04-vb-007/audit/machine/g5-l4-pre-runtime-swf-definition-inventory.csv,4f9b021016de1dc316725329c3e436832b74c0cedf4fc104e9f50e470f20975b,CSV definition-index record for DefineShape3,,,"projection only; no asset bytes exported, transformed, redrawn, or generated",machine-extracted-structural-candidate,owner-provided SWF,"container=root; definitionDepth=0; tagOrdinal=270; payloadBytes=120; rawTagPayloadSha256=9258619c4d477983888776c55c2b76acc8e9ba0435306961fb7898595043aac3; exactTagIdentitySha256=1c5db02e23c1ed2add1bf6a1e9928285501252f95975c3df3e591e90c3f4c464; runtime reachability unresolved; placement and bounds unresolved; renderer suitability unresolved; machineDefinitionIndexSha256=4f9b021016de1dc316725329c3e436832b74c0cedf4fc104e9f50e470f20975b; Structural/static source-derived candidate only. The exported_file is the shared machine definition-index evidence, not a visual or renderer asset export. It is not an authoritative original-runtime baseline and establishes no runtime reachability, placement, asset usage, visual appearance, renderer suitability, human or owner acceptance, strict completion, or publication."
swf-definition-00271,63,,structural-shape-definition-candidate,source-assets/flash/HELP MATH_ORIGINAL FILES/HELP_COURSES/ELMGR5/L4/VB/L4VB07.swf,,migrations/course-g05-l04-vb-007/audit/machine/g5-l4-pre-runtime-swf-definition-inventory.csv,4f9b021016de1dc316725329c3e436832b74c0cedf4fc104e9f50e470f20975b,CSV definition-index record for DefineShape3,,,"projection only; no asset bytes exported, transformed, redrawn, or generated",machine-extracted-structural-candidate,owner-provided SWF,"container=root; definitionDepth=0; tagOrdinal=271; payloadBytes=272; rawTagPayloadSha256=5422d401dd3ed6a6a68284df50ba6bd26e9cb0d085bd9dc7495476804d63b41d; exactTagIdentitySha256=cd27f3b7023fccf58086e49ddaf4f74468c191d6dd19d89b0036d172500a662a; runtime reachability unresolved; placement and bounds unresolved; renderer suitability unresolved; machineDefinitionIndexSha256=4f9b021016de1dc316725329c3e436832b74c0cedf4fc104e9f50e470f20975b; Structural/static source-derived candidate only. The exported_file is the shared machine definition-index evidence, not a visual or renderer asset export. It is not an authoritative original-runtime baseline and establishes no runtime reachability, placement, asset usage, visual appearance, renderer suitability, human or owner acceptance, strict completion, or publication."
swf-definition-00272,64,,structural-shape-definition-candidate,source-assets/flash/HELP MATH_ORIGINAL FILES/HELP_COURSES/ELMGR5/L4/VB/L4VB07.swf,,migrations/course-g05-l04-vb-007/audit/machine/g5-l4-pre-runtime-swf-definition-inventory.csv,4f9b021016de1dc316725329c3e436832b74c0cedf4fc104e9f50e470f20975b,CSV definition-index record for DefineShape3,,,"projection only; no asset bytes exported, transformed, redrawn, or generated",machine-extracted-structural-candidate,owner-provided SWF,"container=root; definitionDepth=0; tagOrdinal=272; payloadBytes=271; rawTagPayloadSha256=7f7219f6aa007659b83fa2b137e89003aaadd624bd5dcee9c8d6948bf0a79bf2; exactTagIdentitySha256=3549fee5319f93ff1810ee2d1eb75d10b6f9cd825ea148e7934eb879f3726ca0; runtime reachability unresolved; placement and bounds unresolved; renderer suitability unresolved; machineDefinitionIndexSha256=4f9b021016de1dc316725329c3e436832b74c0cedf4fc104e9f50e470f20975b; Structural/static source-derived candidate only. The exported_file is the shared machine definition-index evidence, not a visual or renderer asset export. It is not an authoritative original-runtime baseline and establishes no runtime reachability, placement, asset usage, visual appearance, renderer suitability, human or owner acceptance, strict completion, or publication."
swf-definition-00273,65,,structural-shape-definition-candidate,source-assets/flash/HELP MATH_ORIGINAL FILES/HELP_COURSES/ELMGR5/L4/VB/L4VB07.swf,,migrations/course-g05-l04-vb-007/audit/machine/g5-l4-pre-runtime-swf-definition-inventory.csv,4f9b021016de1dc316725329c3e436832b74c0cedf4fc104e9f50e470f20975b,CSV definition-index record for DefineShape3,,,"projection only; no asset bytes exported, transformed, redrawn, or generated",machine-extracted-structural-candidate,owner-provided SWF,"container=root; definitionDepth=0; tagOrdinal=273; payloadBytes=263; rawTagPayloadSha256=a6581056f75df2ec1a678d7f67bfa9449ec0f211f7b6f3f9d637e4cc47e6c161; exactTagIdentitySha256=8fc762986b4d6c8c0e5105df8a55b0b0551337b4ea288513a0c63ed9fcca6475; runtime reachability unresolved; placement and bounds unresolved; renderer suitability unresolved; machineDefinitionIndexSha256=4f9b021016de1dc316725329c3e436832b74c0cedf4fc104e9f50e470f20975b; Structural/static source-derived candidate only. The exported_file is the shared machine definition-index evidence, not a visual or renderer asset export. It is not an authoritative original-runtime baseline and establishes no runtime reachability, placement, asset usage, visual appearance, renderer suitability, human or owner acceptance, strict completion, or publication."
swf-definition-00274,66,,structural-shape-definition-candidate,source-assets/flash/HELP MATH_ORIGINAL FILES/HELP_COURSES/ELMGR5/L4/VB/L4VB07.swf,,migrations/course-g05-l04-vb-007/audit/machine/g5-l4-pre-runtime-swf-definition-inventory.csv,4f9b021016de1dc316725329c3e436832b74c0cedf4fc104e9f50e470f20975b,CSV definition-index record for DefineShape3,,,"projection only; no asset bytes exported, transformed, redrawn, or generated",machine-extracted-structural-candidate,owner-provided SWF,"container=root; definitionDepth=0; tagOrdinal=274; payloadBytes=286; rawTagPayloadSha256=1dca930f6f20520cdfadb8117f14c40fd8d88b41678ecc650087f536cb21c39c; exactTagIdentitySha256=3038d7a700f1d922757e5b4d7afdc6b67b12a79a2e07f35f7cc54670b6e67215; runtime reachability unresolved; placement and bounds unresolved; renderer suitability unresolved; machineDefinitionIndexSha256=4f9b021016de1dc316725329c3e436832b74c0cedf4fc104e9f50e470f20975b; Structural/static source-derived candidate only. The exported_file is the shared machine definition-index evidence, not a visual or renderer asset export. It is not an authoritative original-runtime baseline and establishes no runtime reachability, placement, asset usage, visual appearance, renderer suitability, human or owner acceptance, strict completion, or publication."
swf-definition-00275,67,,structural-shape-definition-candidate,source-assets/flash/HELP MATH_ORIGINAL FILES/HELP_COURSES/ELMGR5/L4/VB/L4VB07.swf,,migrations/course-g05-l04-vb-007/audit/machine/g5-l4-pre-runtime-swf-definition-inventory.csv,4f9b021016de1dc316725329c3e436832b74c0cedf4fc104e9f50e470f20975b,CSV definition-index record for DefineShape3,,,"projection only; no asset bytes exported, transformed, redrawn, or generated",machine-extracted-structural-candidate,owner-provided SWF,"container=root; definitionDepth=0; tagOrdinal=275; payloadBytes=264; rawTagPayloadSha256=31af092210602a819871665febf327391c7202ce0380814f1b97c4bdcb411dd5; exactTagIdentitySha256=22e87fdfeeb81bd8c402b820f7db1c969d422ad29a98280ffa66f9b6d0e4c38f; runtime reachability unresolved; placement and bounds unresolved; renderer suitability unresolved; machineDefinitionIndexSha256=4f9b021016de1dc316725329c3e436832b74c0cedf4fc104e9f50e470f20975b; Structural/static source-derived candidate only. The exported_file is the shared machine definition-index evidence, not a visual or renderer asset export. It is not an authoritative original-runtime baseline and establishes no runtime reachability, placement, asset usage, visual appearance, renderer suitability, human or owner acceptance, strict completion, or publication."
swf-definition-00276,68,,structural-shape-definition-candidate,source-assets/flash/HELP MATH_ORIGINAL FILES/HELP_COURSES/ELMGR5/L4/VB/L4VB07.swf,,migrations/course-g05-l04-vb-007/audit/machine/g5-l4-pre-runtime-swf-definition-inventory.csv,4f9b021016de1dc316725329c3e436832b74c0cedf4fc104e9f50e470f20975b,CSV definition-index record for DefineShape3,,,"projection only; no asset bytes exported, transformed, redrawn, or generated",machine-extracted-structural-candidate,owner-provided SWF,"container=root; definitionDepth=0; tagOrdinal=276; payloadBytes=123; rawTagPayloadSha256=b9e721d42c71885dac3329ebcc7a70d2190c0c48860a3a60b42ef158ff7abb7c; exactTagIdentitySha256=caa9628536444a9fcc9239bcfe6b11a33f24094f64b0efc8157e68486b60dae2; runtime reachability unresolved; placement and bounds unresolved; renderer suitability unresolved; machineDefinitionIndexSha256=4f9b021016de1dc316725329c3e436832b74c0cedf4fc104e9f50e470f20975b; Structural/static source-derived candidate only. The exported_file is the shared machine definition-index evidence, not a visual or renderer asset export. It is not an authoritative original-runtime baseline and establishes no runtime reachability, placement, asset usage, visual appearance, renderer suitability, human or owner acceptance, strict completion, or publication."
swf-definition-00277,69,,structural-shape-definition-candidate,source-assets/flash/HELP MATH_ORIGINAL FILES/HELP_COURSES/ELMGR5/L4/VB/L4VB07.swf,,migrations/course-g05-l04-vb-007/audit/machine/g5-l4-pre-runtime-swf-definition-inventory.csv,4f9b021016de1dc316725329c3e436832b74c0cedf4fc104e9f50e470f20975b,CSV definition-index record for DefineShape3,,,"projection only; no asset bytes exported, transformed, redrawn, or generated",machine-extracted-structural-candidate,owner-provided SWF,"container=root; definitionDepth=0; tagOrdinal=277; payloadBytes=928; rawTagPayloadSha256=ca209dadf12f8db16d258ff6a3d9c6d87260adb9b583b26376ae3c6f2882a23f; exactTagIdentitySha256=4fe208c499830c95a9c021d03eee54121d391832fe3386d998f7c0e62ce09ce4; runtime reachability unresolved; placement and bounds unresolved; renderer suitability unresolved; machineDefinitionIndexSha256=4f9b021016de1dc316725329c3e436832b74c0cedf4fc104e9f50e470f20975b; Structural/static source-derived candidate only. The exported_file is the shared machine definition-index evidence, not a visual or renderer asset export. It is not an authoritative original-runtime baseline and establishes no runtime reachability, placement, asset usage, visual appearance, renderer suitability, human or owner acceptance, strict completion, or publication."
swf-definition-00278,70,,structural-shape-definition-candidate,source-assets/flash/HELP MATH_ORIGINAL FILES/HELP_COURSES/ELMGR5/L4/VB/L4VB07.swf,,migrations/course-g05-l04-vb-007/audit/machine/g5-l4-pre-runtime-swf-definition-inventory.csv,4f9b021016de1dc316725329c3e436832b74c0cedf4fc104e9f50e470f20975b,CSV definition-index record for DefineShape3,,,"projection only; no asset bytes exported, transformed, redrawn, or generated",machine-extracted-structural-candidate,owner-provided SWF,"container=root; definitionDepth=0; tagOrdinal=278; payloadBytes=264; rawTagPayloadSha256=d9f91eeb7cbd7c2c5a8780c6c101a66127f019113db92895bcecf0049fcf3c20; exactTagIdentitySha256=c42706054be214ea3da1b7728bf61cdd3add0f46923dc19581f617c1dd0f6c8a; runtime reachability unresolved; placement and bounds unresolved; renderer suitability unresolved; machineDefinitionIndexSha256=4f9b021016de1dc316725329c3e436832b74c0cedf4fc104e9f50e470f20975b; Structural/static source-derived candidate only. The exported_file is the shared machine definition-index evidence, not a visual or renderer asset export. It is not an authoritative original-runtime baseline and establishes no runtime reachability, placement, asset usage, visual appearance, renderer suitability, human or owner acceptance, strict completion, or publication."
swf-definition-00279,71,,structural-shape-definition-candidate,source-assets/flash/HELP MATH_ORIGINAL FILES/HELP_COURSES/ELMGR5/L4/VB/L4VB07.swf,,migrations/course-g05-l04-vb-007/audit/machine/g5-l4-pre-runtime-swf-definition-inventory.csv,4f9b021016de1dc316725329c3e436832b74c0cedf4fc104e9f50e470f20975b,CSV definition-index record for DefineShape3,,,"projection only; no asset bytes exported, transformed, redrawn, or generated",machine-extracted-structural-candidate,owner-provided SWF,"container=root; definitionDepth=0; tagOrdinal=279; payloadBytes=178; rawTagPayloadSha256=9038ee210c8da2a84d1c29a1563174ce0616652b00e5b4fb2dfa1f862cc4e482; exactTagIdentitySha256=089587789bc0bf9a20a772245931028a32db9f2fa4ce7792ae47e3ba8c6c0add; runtime reachability unresolved; placement and bounds unresolved; renderer suitability unresolved; machineDefinitionIndexSha256=4f9b021016de1dc316725329c3e436832b74c0cedf4fc104e9f50e470f20975b; Structural/static source-derived candidate only. The exported_file is the shared machine definition-index evidence, not a visual or renderer asset export. It is not an authoritative original-runtime baseline and establishes no runtime reachability, placement, asset usage, visual appearance, renderer suitability, human or owner acceptance, strict completion, or publication."
swf-definition-00280,72,,structural-sprite-definition-candidate,source-assets/flash/HELP MATH_ORIGINAL FILES/HELP_COURSES/ELMGR5/L4/VB/L4VB07.swf,,migrations/course-g05-l04-vb-007/audit/machine/g5-l4-pre-runtime-swf-definition-inventory.csv,4f9b021016de1dc316725329c3e436832b74c0cedf4fc104e9f50e470f20975b,CSV definition-index record for DefineSprite,,,"projection only; no asset bytes exported, transformed, redrawn, or generated",machine-extracted-structural-candidate,owner-provided SWF,"container=root; definitionDepth=0; tagOrdinal=280; payloadBytes=12319; rawTagPayloadSha256=8e8a16fa17b446e0a7c7c5a75429f55a2abba1db974995dfcfdce54aada14795; exactTagIdentitySha256=687cdbb5b8fcd8cddc7b8cc87cd4c9b33f8382cdc2b580ce3e38fd68cb70b811; declaredFrameCount=27; runtime reachability unresolved; placement and bounds unresolved; renderer suitability unresolved; machineDefinitionIndexSha256=4f9b021016de1dc316725329c3e436832b74c0cedf4fc104e9f50e470f20975b; Structural/static source-derived candidate only. The exported_file is the shared machine definition-index evidence, not a visual or renderer asset export. It is not an authoritative original-runtime baseline and establishes no runtime reachability, placement, asset usage, visual appearance, renderer suitability, human or owner acceptance, strict completion, or publication."
swf-definition-00413,73,,structural-morph-definition-candidate,source-assets/flash/HELP MATH_ORIGINAL FILES/HELP_COURSES/ELMGR5/L4/VB/L4VB07.swf,,migrations/course-g05-l04-vb-007/audit/machine/g5-l4-pre-runtime-swf-definition-inventory.csv,4f9b021016de1dc316725329c3e436832b74c0cedf4fc104e9f50e470f20975b,CSV definition-index record for DefineMorphShape,,,"projection only; no asset bytes exported, transformed, redrawn, or generated",machine-extracted-structural-candidate,owner-provided SWF,"container=root; definitionDepth=0; tagOrdinal=413; payloadBytes=412; rawTagPayloadSha256=0df5c2ea09cc1b3ec5b639f38dcc70d7e1eff0faa9a45eb402d3a60dd9c76c20; exactTagIdentitySha256=a5c51990fa01f0f1a4a1c02d5729d6f7a569d29c831ff64b968e2fd4081f245a; runtime reachability unresolved; placement and bounds unresolved; renderer suitability unresolved; machineDefinitionIndexSha256=4f9b021016de1dc316725329c3e436832b74c0cedf4fc104e9f50e470f20975b; Structural/static source-derived candidate only. The exported_file is the shared machine definition-index evidence, not a visual or renderer asset export. It is not an authoritative original-runtime baseline and establishes no runtime reachability, placement, asset usage, visual appearance, renderer suitability, human or owner acceptance, strict completion, or publication."
swf-definition-00414,74,,structural-morph-definition-candidate,source-assets/flash/HELP MATH_ORIGINAL FILES/HELP_COURSES/ELMGR5/L4/VB/L4VB07.swf,,migrations/course-g05-l04-vb-007/audit/machine/g5-l4-pre-runtime-swf-definition-inventory.csv,4f9b021016de1dc316725329c3e436832b74c0cedf4fc104e9f50e470f20975b,CSV definition-index record for DefineMorphShape,,,"projection only; no asset bytes exported, transformed, redrawn, or generated",machine-extracted-structural-candidate,owner-provided SWF,"container=root; definitionDepth=0; tagOrdinal=414; payloadBytes=452; rawTagPayloadSha256=95b49e102c6744eb45f071cb7d7ccd973f9e41d03e220c3f39166a9812d44e7e; exactTagIdentitySha256=5d141ce590028dfb56062a1b152f1306010ed61a2ffa6ab6cd48da5ac09961ce; runtime reachability unresolved; placement and bounds unresolved; renderer suitability unresolved; machineDefinitionIndexSha256=4f9b021016de1dc316725329c3e436832b74c0cedf4fc104e9f50e470f20975b; Structural/static source-derived candidate only. The exported_file is the shared machine definition-index evidence, not a visual or renderer asset export. It is not an authoritative original-runtime baseline and establishes no runtime reachability, placement, asset usage, visual appearance, renderer suitability, human or owner acceptance, strict completion, or publication."
swf-definition-00415,75,,structural-shape-definition-candidate,source-assets/flash/HELP MATH_ORIGINAL FILES/HELP_COURSES/ELMGR5/L4/VB/L4VB07.swf,,migrations/course-g05-l04-vb-007/audit/machine/g5-l4-pre-runtime-swf-definition-inventory.csv,4f9b021016de1dc316725329c3e436832b74c0cedf4fc104e9f50e470f20975b,CSV definition-index record for DefineShape,,,"projection only; no asset bytes exported, transformed, redrawn, or generated",machine-extracted-structural-candidate,owner-provided SWF,"container=root; definitionDepth=0; tagOrdinal=415; payloadBytes=176; rawTagPayloadSha256=5e04d0be4b845a28ae59435a9243936791a73c714054fc3c2a0e15269c0d7bf2; exactTagIdentitySha256=d9002802ee29e7bbea1542d056b0b522c89351677fd4aedc2e72c475663bf3f3; runtime reachability unresolved; placement and bounds unresolved; renderer suitability unresolved; machineDefinitionIndexSha256=4f9b021016de1dc316725329c3e436832b74c0cedf4fc104e9f50e470f20975b; Structural/static source-derived candidate only. The exported_file is the shared machine definition-index evidence, not a visual or renderer asset export. It is not an authoritative original-runtime baseline and establishes no runtime reachability, placement, asset usage, visual appearance, renderer suitability, human or owner acceptance, strict completion, or publication."
swf-definition-00416,76,,structural-shape-definition-candidate,source-assets/flash/HELP MATH_ORIGINAL FILES/HELP_COURSES/ELMGR5/L4/VB/L4VB07.swf,,migrations/course-g05-l04-vb-007/audit/machine/g5-l4-pre-runtime-swf-definition-inventory.csv,4f9b021016de1dc316725329c3e436832b74c0cedf4fc104e9f50e470f20975b,CSV definition-index record for DefineShape,,,"projection only; no asset bytes exported, transformed, redrawn, or generated",machine-extracted-structural-candidate,owner-provided SWF,"container=root; definitionDepth=0; tagOrdinal=416; payloadBytes=93; rawTagPayloadSha256=dc8aa9d739d807e0fe7438d82cec20e3c5f428eba10907eec9bdc92ea2819da5; exactTagIdentitySha256=bf616c976e8d6b4cec4172e6f95d57875348063e1561ca6c3b1280b7eaf4f6b6; runtime reachability unresolved; placement and bounds unresolved; renderer suitability unresolved; machineDefinitionIndexSha256=4f9b021016de1dc316725329c3e436832b74c0cedf4fc104e9f50e470f20975b; Structural/static source-derived candidate only. The exported_file is the shared machine definition-index evidence, not a visual or renderer asset export. It is not an authoritative original-runtime baseline and establishes no runtime reachability, placement, asset usage, visual appearance, renderer suitability, human or owner acceptance, strict completion, or publication."
swf-definition-00417,77,,structural-sprite-definition-candidate,source-assets/flash/HELP MATH_ORIGINAL FILES/HELP_COURSES/ELMGR5/L4/VB/L4VB07.swf,,migrations/course-g05-l04-vb-007/audit/machine/g5-l4-pre-runtime-swf-definition-inventory.csv,4f9b021016de1dc316725329c3e436832b74c0cedf4fc104e9f50e470f20975b,CSV definition-index record for DefineSprite,,,"projection only; no asset bytes exported, transformed, redrawn, or generated",machine-extracted-structural-candidate,owner-provided SWF,"container=root; definitionDepth=0; tagOrdinal=417; payloadBytes=16; rawTagPayloadSha256=945100d70dfaacfe8f7b6c805f009b51f3f790c0eb09aab7000a5f400259f5cb; exactTagIdentitySha256=ccc42e872e5cd4af8637ed7885d7f981255c3731d1f86e2368f544aaf3fbbf3a; declaredFrameCount=1; runtime reachability unresolved; placement and bounds unresolved; renderer suitability unresolved; machineDefinitionIndexSha256=4f9b021016de1dc316725329c3e436832b74c0cedf4fc104e9f50e470f20975b; Structural/static source-derived candidate only. The exported_file is the shared machine definition-index evidence, not a visual or renderer asset export. It is not an authoritative original-runtime baseline and establishes no runtime reachability, placement, asset usage, visual appearance, renderer suitability, human or owner acceptance, strict completion, or publication."
swf-definition-00421,78,,structural-shape-definition-candidate,source-assets/flash/HELP MATH_ORIGINAL FILES/HELP_COURSES/ELMGR5/L4/VB/L4VB07.swf,,migrations/course-g05-l04-vb-007/audit/machine/g5-l4-pre-runtime-swf-definition-inventory.csv,4f9b021016de1dc316725329c3e436832b74c0cedf4fc104e9f50e470f20975b,CSV definition-index record for DefineShape3,,,"projection only; no asset bytes exported, transformed, redrawn, or generated",machine-extracted-structural-candidate,owner-provided SWF,"container=root; definitionDepth=0; tagOrdinal=421; payloadBytes=143; rawTagPayloadSha256=ccac6324c94e915fad4b8cb29c335750dcb07a24639c3c0e70b55a9e95cd452e; exactTagIdentitySha256=5ca9a3fd1b7acead527ea5b293441e31bdb8d578d4741bb444892b912caacef1; runtime reachability unresolved; placement and bounds unresolved; renderer suitability unresolved; machineDefinitionIndexSha256=4f9b021016de1dc316725329c3e436832b74c0cedf4fc104e9f50e470f20975b; Structural/static source-derived candidate only. The exported_file is the shared machine definition-index evidence, not a visual or renderer asset export. It is not an authoritative original-runtime baseline and establishes no runtime reachability, placement, asset usage, visual appearance, renderer suitability, human or owner acceptance, strict completion, or publication."
swf-definition-00422,79,,structural-shape-definition-candidate,source-assets/flash/HELP MATH_ORIGINAL FILES/HELP_COURSES/ELMGR5/L4/VB/L4VB07.swf,,migrations/course-g05-l04-vb-007/audit/machine/g5-l4-pre-runtime-swf-definition-inventory.csv,4f9b021016de1dc316725329c3e436832b74c0cedf4fc104e9f50e470f20975b,CSV definition-index record for DefineShape3,,,"projection only; no asset bytes exported, transformed, redrawn, or generated",machine-extracted-structural-candidate,owner-provided SWF,"container=root; definitionDepth=0; tagOrdinal=422; payloadBytes=231; rawTagPayloadSha256=e70850de3a7643136f0ba657fed0e4604e0bc8e0875ee96a534f49a67a007b1b; exactTagIdentitySha256=75c36f419f952c176eec03800a4dc789d9f6521f2578a37496e1c7da33fde5b1; runtime reachability unresolved; placement and bounds unresolved; renderer suitability unresolved; machineDefinitionIndexSha256=4f9b021016de1dc316725329c3e436832b74c0cedf4fc104e9f50e470f20975b; Structural/static source-derived candidate only. The exported_file is the shared machine definition-index evidence, not a visual or renderer asset export. It is not an authoritative original-runtime baseline and establishes no runtime reachability, placement, asset usage, visual appearance, renderer suitability, human or owner acceptance, strict completion, or publication."
swf-definition-00423,80,,structural-font-definition-candidate,source-assets/flash/HELP MATH_ORIGINAL FILES/HELP_COURSES/ELMGR5/L4/VB/L4VB07.swf,,migrations/course-g05-l04-vb-007/audit/machine/g5-l4-pre-runtime-swf-definition-inventory.csv,4f9b021016de1dc316725329c3e436832b74c0cedf4fc104e9f50e470f20975b,CSV definition-index record for DefineFont2,,5,"projection only; no asset bytes exported, transformed, redrawn, or generated",machine-extracted-structural-candidate,owner-provided SWF,"swfEmbeddedFontName=Arial; container=root; definitionDepth=0; tagOrdinal=423; payloadBytes=233; rawTagPayloadSha256=a1bdba8a32c67ecf7a34c1ac86da29730e9092904b4b1c6eecfa0dee12f73bbd; exactTagIdentitySha256=9d383716a451fa9b63e9b79923f7135254ba365c8922d1495605d609075205e9; runtime reachability unresolved; placement and bounds unresolved; renderer suitability unresolved; machineDefinitionIndexSha256=4f9b021016de1dc316725329c3e436832b74c0cedf4fc104e9f50e470f20975b; Structural/static source-derived candidate only. The exported_file is the shared machine definition-index evidence, not a visual or renderer asset export. It is not an authoritative original-runtime baseline and establishes no runtime reachability, placement, asset usage, visual appearance, renderer suitability, human or owner acceptance, strict completion, or publication."
swf-definition-00425,81,,structural-text-definition-candidate,source-assets/flash/HELP MATH_ORIGINAL FILES/HELP_COURSES/ELMGR5/L4/VB/L4VB07.swf,,migrations/course-g05-l04-vb-007/audit/machine/g5-l4-pre-runtime-swf-definition-inventory.csv,4f9b021016de1dc316725329c3e436832b74c0cedf4fc104e9f50e470f20975b,CSV definition-index record for DefineText,,,"projection only; no asset bytes exported, transformed, redrawn, or generated",machine-extracted-structural-candidate,owner-provided SWF,"container=root; definitionDepth=0; tagOrdinal=425; payloadBytes=39; rawTagPayloadSha256=54e53c26ee3791552c3d8c05ba8e120d4396c3726cb7dfcb5222bc352de32579; exactTagIdentitySha256=05d4ee6fbd893a1d7b1d577a6bf6e28d58b71afbe23e8fea93f4c7c20c4a4708; runtime reachability unresolved; placement and bounds unresolved; renderer suitability unresolved; machineDefinitionIndexSha256=4f9b021016de1dc316725329c3e436832b74c0cedf4fc104e9f50e470f20975b; Structural/static source-derived candidate only. The exported_file is the shared machine definition-index evidence, not a visual or renderer asset export. It is not an authoritative original-runtime baseline and establishes no runtime reachability, placement, asset usage, visual appearance, renderer suitability, human or owner acceptance, strict completion, or publication."
swf-definition-00426,82,,structural-text-definition-candidate,source-assets/flash/HELP MATH_ORIGINAL FILES/HELP_COURSES/ELMGR5/L4/VB/L4VB07.swf,,migrations/course-g05-l04-vb-007/audit/machine/g5-l4-pre-runtime-swf-definition-inventory.csv,4f9b021016de1dc316725329c3e436832b74c0cedf4fc104e9f50e470f20975b,CSV definition-index record for DefineText,,,"projection only; no asset bytes exported, transformed, redrawn, or generated",machine-extracted-structural-candidate,owner-provided SWF,"container=root; definitionDepth=0; tagOrdinal=426; payloadBytes=39; rawTagPayloadSha256=a4fbb60bdab194ede8abee19a0e100de3b9b6d78e53ec08fe3b75c6af7e52aa7; exactTagIdentitySha256=20fb7dd2c5a1644f40f43c2f5ca012502eeb0ec4b2bce5bd9f5e44e2e8db3994; runtime reachability unresolved; placement and bounds unresolved; renderer suitability unresolved; machineDefinitionIndexSha256=4f9b021016de1dc316725329c3e436832b74c0cedf4fc104e9f50e470f20975b; Structural/static source-derived candidate only. The exported_file is the shared machine definition-index evidence, not a visual or renderer asset export. It is not an authoritative original-runtime baseline and establishes no runtime reachability, placement, asset usage, visual appearance, renderer suitability, human or owner acceptance, strict completion, or publication."
swf-definition-00427,83,,structural-morph-definition-candidate,source-assets/flash/HELP MATH_ORIGINAL FILES/HELP_COURSES/ELMGR5/L4/VB/L4VB07.swf,,migrations/course-g05-l04-vb-007/audit/machine/g5-l4-pre-runtime-swf-definition-inventory.csv,4f9b021016de1dc316725329c3e436832b74c0cedf4fc104e9f50e470f20975b,CSV definition-index record for DefineMorphShape,,,"projection only; no asset bytes exported, transformed, redrawn, or generated",machine-extracted-structural-candidate,owner-provided SWF,"container=root; definitionDepth=0; tagOrdinal=427; payloadBytes=451; rawTagPayloadSha256=ac0967579db6c061ade6c683ddda786407a3e01692a10e70554804a3de7cb05f; exactTagIdentitySha256=6707b322adf259e625fefc631c0c6c3b309053e10fb07e46768a2446ed8afbab; runtime reachability unresolved; placement and bounds unresolved; renderer suitability unresolved; machineDefinitionIndexSha256=4f9b021016de1dc316725329c3e436832b74c0cedf4fc104e9f50e470f20975b; Structural/static source-derived candidate only. The exported_file is the shared machine definition-index evidence, not a visual or renderer asset export. It is not an authoritative original-runtime baseline and establishes no runtime reachability, placement, asset usage, visual appearance, renderer suitability, human or owner acceptance, strict completion, or publication."
swf-definition-00428,84,,structural-morph-definition-candidate,source-assets/flash/HELP MATH_ORIGINAL FILES/HELP_COURSES/ELMGR5/L4/VB/L4VB07.swf,,migrations/course-g05-l04-vb-007/audit/machine/g5-l4-pre-runtime-swf-definition-inventory.csv,4f9b021016de1dc316725329c3e436832b74c0cedf4fc104e9f50e470f20975b,CSV definition-index record for DefineMorphShape,,,"projection only; no asset bytes exported, transformed, redrawn, or generated",machine-extracted-structural-candidate,owner-provided SWF,"container=root; definitionDepth=0; tagOrdinal=428; payloadBytes=412; rawTagPayloadSha256=67f7c32b6a06c0ae4342befcbc8252f227fb063dfbd444065db698bf40e984fd; exactTagIdentitySha256=f05d454b85e0e4685e49f2adcce6726c569878155d17f512758dc43996a76f0f; runtime reachability unresolved; placement and bounds unresolved; renderer suitability unresolved; machineDefinitionIndexSha256=4f9b021016de1dc316725329c3e436832b74c0cedf4fc104e9f50e470f20975b; Structural/static source-derived candidate only. The exported_file is the shared machine definition-index evidence, not a visual or renderer asset export. It is not an authoritative original-runtime baseline and establishes no runtime reachability, placement, asset usage, visual appearance, renderer suitability, human or owner acceptance, strict completion, or publication."
swf-definition-00429,85,,structural-shape-definition-candidate,source-assets/flash/HELP MATH_ORIGINAL FILES/HELP_COURSES/ELMGR5/L4/VB/L4VB07.swf,,migrations/course-g05-l04-vb-007/audit/machine/g5-l4-pre-runtime-swf-definition-inventory.csv,4f9b021016de1dc316725329c3e436832b74c0cedf4fc104e9f50e470f20975b,CSV definition-index record for DefineShape3,,,"projection only; no asset bytes exported, transformed, redrawn, or generated",machine-extracted-structural-candidate,owner-provided SWF,"container=root; definitionDepth=0; tagOrdinal=429; payloadBytes=148; rawTagPayloadSha256=010492acf95e784e90246de8b06f5b2245d472f6421ef0c138f5d4111f1f5e53; exactTagIdentitySha256=486f314b3c26e3eac1d93fdacaad6b79aa3a298c2fcd3fcb8317bfb0858d0f61; runtime reachability unresolved; placement and bounds unresolved; renderer suitability unresolved; machineDefinitionIndexSha256=4f9b021016de1dc316725329c3e436832b74c0cedf4fc104e9f50e470f20975b; Structural/static source-derived candidate only. The exported_file is the shared machine definition-index evidence, not a visual or renderer asset export. It is not an authoritative original-runtime baseline and establishes no runtime reachability, placement, asset usage, visual appearance, renderer suitability, human or owner acceptance, strict completion, or publication."
swf-definition-00430,86,,structural-sprite-definition-candidate,source-assets/flash/HELP MATH_ORIGINAL FILES/HELP_COURSES/ELMGR5/L4/VB/L4VB07.swf,,migrations/course-g05-l04-vb-007/audit/machine/g5-l4-pre-runtime-swf-definition-inventory.csv,4f9b021016de1dc316725329c3e436832b74c0cedf4fc104e9f50e470f20975b,CSV definition-index record for DefineSprite,,,"projection only; no asset bytes exported, transformed, redrawn, or generated",machine-extracted-structural-candidate,owner-provided SWF,"container=root; definitionDepth=0; tagOrdinal=430; payloadBytes=13369; rawTagPayloadSha256=10b002be8953615a04be3d61b423c1f1e4a94e425a87f7fb847d35beecfad03b; exactTagIdentitySha256=fd19cc149d2b8ce0940ed2a932aa1d1e00635eafd87f6cfdda436599019a4c2b; declaredFrameCount=31; runtime reachability unresolved; placement and bounds unresolved; renderer suitability unresolved; machineDefinitionIndexSha256=4f9b021016de1dc316725329c3e436832b74c0cedf4fc104e9f50e470f20975b; Structural/static source-derived candidate only. The exported_file is the shared machine definition-index evidence, not a visual or renderer asset export. It is not an authoritative original-runtime baseline and establishes no runtime reachability, placement, asset usage, visual appearance, renderer suitability, human or owner acceptance, strict completion, or publication."
swf-definition-00559,87,,structural-shape-definition-candidate,source-assets/flash/HELP MATH_ORIGINAL FILES/HELP_COURSES/ELMGR5/L4/VB/L4VB07.swf,,migrations/course-g05-l04-vb-007/audit/machine/g5-l4-pre-runtime-swf-definition-inventory.csv,4f9b021016de1dc316725329c3e436832b74c0cedf4fc104e9f50e470f20975b,CSV definition-index record for DefineShape3,,,"projection only; no asset bytes exported, transformed, redrawn, or generated",machine-extracted-structural-candidate,owner-provided SWF,"container=root; definitionDepth=0; tagOrdinal=559; payloadBytes=2730; rawTagPayloadSha256=8a53bad3afeb9035451eff6a95ab3706dacd94c37c21a1836ca74e99ba6bcb02; exactTagIdentitySha256=ab5504aa761efcb88f056a077c8b45a0a6a9b03b7515e8a5bd886f263476f124; runtime reachability unresolved; placement and bounds unresolved; renderer suitability unresolved; machineDefinitionIndexSha256=4f9b021016de1dc316725329c3e436832b74c0cedf4fc104e9f50e470f20975b; Structural/static source-derived candidate only. The exported_file is the shared machine definition-index evidence, not a visual or renderer asset export. It is not an authoritative original-runtime baseline and establishes no runtime reachability, placement, asset usage, visual appearance, renderer suitability, human or owner acceptance, strict completion, or publication."
swf-definition-00560,88,,structural-morph-definition-candidate,source-assets/flash/HELP MATH_ORIGINAL FILES/HELP_COURSES/ELMGR5/L4/VB/L4VB07.swf,,migrations/course-g05-l04-vb-007/audit/machine/g5-l4-pre-runtime-swf-definition-inventory.csv,4f9b021016de1dc316725329c3e436832b74c0cedf4fc104e9f50e470f20975b,CSV definition-index record for DefineMorphShape,,,"projection only; no asset bytes exported, transformed, redrawn, or generated",machine-extracted-structural-candidate,owner-provided SWF,"container=root; definitionDepth=0; tagOrdinal=560; payloadBytes=162; rawTagPayloadSha256=d0d58f691b5ac1b7f24aad49d52124fdd8b19a807ed8a5936ead5dafe3c1f9b1; exactTagIdentitySha256=3bcafa74f54a09d5975e8e69807b7a88c3e0863e548829162ed78c318cca0ea9; runtime reachability unresolved; placement and bounds unresolved; renderer suitability unresolved; machineDefinitionIndexSha256=4f9b021016de1dc316725329c3e436832b74c0cedf4fc104e9f50e470f20975b; Structural/static source-derived candidate only. The exported_file is the shared machine definition-index evidence, not a visual or renderer asset export. It is not an authoritative original-runtime baseline and establishes no runtime reachability, placement, asset usage, visual appearance, renderer suitability, human or owner acceptance, strict completion, or publication."
swf-definition-00561,89,,structural-shape-definition-candidate,source-assets/flash/HELP MATH_ORIGINAL FILES/HELP_COURSES/ELMGR5/L4/VB/L4VB07.swf,,migrations/course-g05-l04-vb-007/audit/machine/g5-l4-pre-runtime-swf-definition-inventory.csv,4f9b021016de1dc316725329c3e436832b74c0cedf4fc104e9f50e470f20975b,CSV definition-index record for DefineShape,,,"projection only; no asset bytes exported, transformed, redrawn, or generated",machine-extracted-structural-candidate,owner-provided SWF,"container=root; definitionDepth=0; tagOrdinal=561; payloadBytes=60; rawTagPayloadSha256=69cea12f44979503f31c775827e35d2f92041ae6ed806d31c18b0fc8059ad339; exactTagIdentitySha256=0e62eedfb0b2b59e7a40ac605d08b2b442e4fd35ab1ddb6fe38f2df610f08d1a; runtime reachability unresolved; placement and bounds unresolved; renderer suitability unresolved; machineDefinitionIndexSha256=4f9b021016de1dc316725329c3e436832b74c0cedf4fc104e9f50e470f20975b; Structural/static source-derived candidate only. The exported_file is the shared machine definition-index evidence, not a visual or renderer asset export. It is not an authoritative original-runtime baseline and establishes no runtime reachability, placement, asset usage, visual appearance, renderer suitability, human or owner acceptance, strict completion, or publication."
swf-definition-00562,90,,structural-shape-definition-candidate,source-assets/flash/HELP MATH_ORIGINAL FILES/HELP_COURSES/ELMGR5/L4/VB/L4VB07.swf,,migrations/course-g05-l04-vb-007/audit/machine/g5-l4-pre-runtime-swf-definition-inventory.csv,4f9b021016de1dc316725329c3e436832b74c0cedf4fc104e9f50e470f20975b,CSV definition-index record for DefineShape,,,"projection only; no asset bytes exported, transformed, redrawn, or generated",machine-extracted-structural-candidate,owner-provided SWF,"container=root; definitionDepth=0; tagOrdinal=562; payloadBytes=737; rawTagPayloadSha256=3a003afba246dd634ea5cf4db4b14a86371a41f2a51ca307072371a18cd3886b; exactTagIdentitySha256=ee2d81dc2555f44be9302346d7272a0e6bc8ea7b250e395c23f0495db40d26b7; runtime reachability unresolved; placement and bounds unresolved; renderer suitability unresolved; machineDefinitionIndexSha256=4f9b021016de1dc316725329c3e436832b74c0cedf4fc104e9f50e470f20975b; Structural/static source-derived candidate only. The exported_file is the shared machine definition-index evidence, not a visual or renderer asset export. It is not an authoritative original-runtime baseline and establishes no runtime reachability, placement, asset usage, visual appearance, renderer suitability, human or owner acceptance, strict completion, or publication."
swf-definition-00563,91,,structural-font-definition-candidate,source-assets/flash/HELP MATH_ORIGINAL FILES/HELP_COURSES/ELMGR5/L4/VB/L4VB07.swf,,migrations/course-g05-l04-vb-007/audit/machine/g5-l4-pre-runtime-swf-definition-inventory.csv,4f9b021016de1dc316725329c3e436832b74c0cedf4fc104e9f50e470f20975b,CSV definition-index record for DefineFont2,,10,"projection only; no asset bytes exported, transformed, redrawn, or generated",machine-extracted-structural-candidate,owner-provided SWF,"swfEmbeddedFontName=Eras Bold ITC; container=root; definitionDepth=0; tagOrdinal=563; payloadBytes=902; rawTagPayloadSha256=bd41db71780da369a3be0a1139a2a8740d8754f687ee2409c58c1de4810b3aba; exactTagIdentitySha256=393e05e54e4147768a4fa4ae580c01405e674cc0b7219147bc2461f7e581bafa; runtime reachability unresolved; placement and bounds unresolved; renderer suitability unresolved; machineDefinitionIndexSha256=4f9b021016de1dc316725329c3e436832b74c0cedf4fc104e9f50e470f20975b; Structural/static source-derived candidate only. The exported_file is the shared machine definition-index evidence, not a visual or renderer asset export. It is not an authoritative original-runtime baseline and establishes no runtime reachability, placement, asset usage, visual appearance, renderer suitability, human or owner acceptance, strict completion, or publication."
swf-definition-00565,92,,structural-text-definition-candidate,source-assets/flash/HELP MATH_ORIGINAL FILES/HELP_COURSES/ELMGR5/L4/VB/L4VB07.swf,,migrations/course-g05-l04-vb-007/audit/machine/g5-l4-pre-runtime-swf-definition-inventory.csv,4f9b021016de1dc316725329c3e436832b74c0cedf4fc104e9f50e470f20975b,CSV definition-index record for DefineText,,,"projection only; no asset bytes exported, transformed, redrawn, or generated",machine-extracted-structural-candidate,owner-provided SWF,"container=root; definitionDepth=0; tagOrdinal=565; payloadBytes=47; rawTagPayloadSha256=7480e8c0aac02097ddfe881fa69f91674e8a045743b0e492054956199f27314d; exactTagIdentitySha256=c668005552520b10b208b816e5d71721cfb8be72fa4755862d0cec4ef5582cd3; runtime reachability unresolved; placement and bounds unresolved; renderer suitability unresolved; machineDefinitionIndexSha256=4f9b021016de1dc316725329c3e436832b74c0cedf4fc104e9f50e470f20975b; Structural/static source-derived candidate only. The exported_file is the shared machine definition-index evidence, not a visual or renderer asset export. It is not an authoritative original-runtime baseline and establishes no runtime reachability, placement, asset usage, visual appearance, renderer suitability, human or owner acceptance, strict completion, or publication."
swf-definition-00566,93,,structural-morph-definition-candidate,source-assets/flash/HELP MATH_ORIGINAL FILES/HELP_COURSES/ELMGR5/L4/VB/L4VB07.swf,,migrations/course-g05-l04-vb-007/audit/machine/g5-l4-pre-runtime-swf-definition-inventory.csv,4f9b021016de1dc316725329c3e436832b74c0cedf4fc104e9f50e470f20975b,CSV definition-index record for DefineMorphShape,,,"projection only; no asset bytes exported, transformed, redrawn, or generated",machine-extracted-structural-candidate,owner-provided SWF,"container=root; definitionDepth=0; tagOrdinal=566; payloadBytes=172; rawTagPayloadSha256=1d5b511d3fa313262db83ed4b8f212640d4f9968a6642358b2ca27340bda6476; exactTagIdentitySha256=0496c70e9ed5ef3ba31210f89f229922e0fafa7c54e6cb4130abc99cb9a75f72; runtime reachability unresolved; placement and bounds unresolved; renderer suitability unresolved; machineDefinitionIndexSha256=4f9b021016de1dc316725329c3e436832b74c0cedf4fc104e9f50e470f20975b; Structural/static source-derived candidate only. The exported_file is the shared machine definition-index evidence, not a visual or renderer asset export. It is not an authoritative original-runtime baseline and establishes no runtime reachability, placement, asset usage, visual appearance, renderer suitability, human or owner acceptance, strict completion, or publication."
swf-definition-00567,94,,structural-morph-definition-candidate,source-assets/flash/HELP MATH_ORIGINAL FILES/HELP_COURSES/ELMGR5/L4/VB/L4VB07.swf,,migrations/course-g05-l04-vb-007/audit/machine/g5-l4-pre-runtime-swf-definition-inventory.csv,4f9b021016de1dc316725329c3e436832b74c0cedf4fc104e9f50e470f20975b,CSV definition-index record for DefineMorphShape,,,"projection only; no asset bytes exported, transformed, redrawn, or generated",machine-extracted-structural-candidate,owner-provided SWF,"container=root; definitionDepth=0; tagOrdinal=567; payloadBytes=172; rawTagPayloadSha256=1abfaf4adbddcf03a3f9b8a4b44bca4b499b9ff437300c1d3b7fffd9ed4c43f2; exactTagIdentitySha256=e059e5cd7db0e9d5c3c061dbd4e365efc9857fb83f132ac0a9210c801689a117; runtime reachability unresolved; placement and bounds unresolved; renderer suitability unresolved; machineDefinitionIndexSha256=4f9b021016de1dc316725329c3e436832b74c0cedf4fc104e9f50e470f20975b; Structural/static source-derived candidate only. The exported_file is the shared machine definition-index evidence, not a visual or renderer asset export. It is not an authoritative original-runtime baseline and establishes no runtime reachability, placement, asset usage, visual appearance, renderer suitability, human or owner acceptance, strict completion, or publication."
swf-definition-00568,95,,structural-morph-definition-candidate,source-assets/flash/HELP MATH_ORIGINAL FILES/HELP_COURSES/ELMGR5/L4/VB/L4VB07.swf,,migrations/course-g05-l04-vb-007/audit/machine/g5-l4-pre-runtime-swf-definition-inventory.csv,4f9b021016de1dc316725329c3e436832b74c0cedf4fc104e9f50e470f20975b,CSV definition-index record for DefineMorphShape,,,"projection only; no asset bytes exported, transformed, redrawn, or generated",machine-extracted-structural-candidate,owner-provided SWF,"container=root; definitionDepth=0; tagOrdinal=568; payloadBytes=172; rawTagPayloadSha256=6dee4391a2e82cb95b183aa98dd66532fcd45845812b1752616b4ee746c180d8; exactTagIdentitySha256=5c07f3554d600fffc8ad436a46782f1c176bffcbfbc9d6fdbe00a24e52fce7c3; runtime reachability unresolved; placement and bounds unresolved; renderer suitability unresolved; machineDefinitionIndexSha256=4f9b021016de1dc316725329c3e436832b74c0cedf4fc104e9f50e470f20975b; Structural/static source-derived candidate only. The exported_file is the shared machine definition-index evidence, not a visual or renderer asset export. It is not an authoritative original-runtime baseline and establishes no runtime reachability, placement, asset usage, visual appearance, renderer suitability, human or owner acceptance, strict completion, or publication."
swf-definition-00569,96,,structural-morph-definition-candidate,source-assets/flash/HELP MATH_ORIGINAL FILES/HELP_COURSES/ELMGR5/L4/VB/L4VB07.swf,,migrations/course-g05-l04-vb-007/audit/machine/g5-l4-pre-runtime-swf-definition-inventory.csv,4f9b021016de1dc316725329c3e436832b74c0cedf4fc104e9f50e470f20975b,CSV definition-index record for DefineMorphShape,,,"projection only; no asset bytes exported, transformed, redrawn, or generated",machine-extracted-structural-candidate,owner-provided SWF,"container=root; definitionDepth=0; tagOrdinal=569; payloadBytes=162; rawTagPayloadSha256=eb10839d509fd557a201a482376a21ccdbfab1986f16ad31cf9b821a4d8b7c26; exactTagIdentitySha256=b40a6f7c9fa8636bc91da44cdd29277bc720e1f64a14d4e41ae3182470328767; runtime reachability unresolved; placement and bounds unresolved; renderer suitability unresolved; machineDefinitionIndexSha256=4f9b021016de1dc316725329c3e436832b74c0cedf4fc104e9f50e470f20975b; Structural/static source-derived candidate only. The exported_file is the shared machine definition-index evidence, not a visual or renderer asset export. It is not an authoritative original-runtime baseline and establishes no runtime reachability, placement, asset usage, visual appearance, renderer suitability, human or owner acceptance, strict completion, or publication."
swf-definition-00570,97,,structural-shape-definition-candidate,source-assets/flash/HELP MATH_ORIGINAL FILES/HELP_COURSES/ELMGR5/L4/VB/L4VB07.swf,,migrations/course-g05-l04-vb-007/audit/machine/g5-l4-pre-runtime-swf-definition-inventory.csv,4f9b021016de1dc316725329c3e436832b74c0cedf4fc104e9f50e470f20975b,CSV definition-index record for DefineShape3,,,"projection only; no asset bytes exported, transformed, redrawn, or generated",machine-extracted-structural-candidate,owner-provided SWF,"container=root; definitionDepth=0; tagOrdinal=570; payloadBytes=76; rawTagPayloadSha256=ab504375af8d25c37c5083b8acec194d3368d5dfdd26cc8a9b3d33b3d013a8d7; exactTagIdentitySha256=14046f78ceae426a15d34085e877317bf480d72e4ceab74f053882a1fae7e1a4; runtime reachability unresolved; placement and bounds unresolved; renderer suitability unresolved; machineDefinitionIndexSha256=4f9b021016de1dc316725329c3e436832b74c0cedf4fc104e9f50e470f20975b; Structural/static source-derived candidate only. The exported_file is the shared machine definition-index evidence, not a visual or renderer asset export. It is not an authoritative original-runtime baseline and establishes no runtime reachability, placement, asset usage, visual appearance, renderer suitability, human or owner acceptance, strict completion, or publication."
swf-definition-00571,98,,structural-sprite-definition-candidate,source-assets/flash/HELP MATH_ORIGINAL FILES/HELP_COURSES/ELMGR5/L4/VB/L4VB07.swf,,migrations/course-g05-l04-vb-007/audit/machine/g5-l4-pre-runtime-swf-definition-inventory.csv,4f9b021016de1dc316725329c3e436832b74c0cedf4fc104e9f50e470f20975b,CSV definition-index record for DefineSprite,,,"projection only; no asset bytes exported, transformed, redrawn, or generated",machine-extracted-structural-candidate,owner-provided SWF,"container=root; definitionDepth=0; tagOrdinal=571; payloadBytes=12965; rawTagPayloadSha256=970ffdc50e11ac8b4fa46adb1b33f847e0f7eb46b85dfc08ce3b89ef43042cab; exactTagIdentitySha256=a187c24e44fd745ff2db0195dbe29487b625f582230304e871b10a55cb65a6fb; declaredFrameCount=29; runtime reachability unresolved; placement and bounds unresolved; renderer suitability unresolved; machineDefinitionIndexSha256=4f9b021016de1dc316725329c3e436832b74c0cedf4fc104e9f50e470f20975b; Structural/static source-derived candidate only. The exported_file is the shared machine definition-index evidence, not a visual or renderer asset export. It is not an authoritative original-runtime baseline and establishes no runtime reachability, placement, asset usage, visual appearance, renderer suitability, human or owner acceptance, strict completion, or publication."
swf-definition-00702,99,,structural-morph-definition-candidate,source-assets/flash/HELP MATH_ORIGINAL FILES/HELP_COURSES/ELMGR5/L4/VB/L4VB07.swf,,migrations/course-g05-l04-vb-007/audit/machine/g5-l4-pre-runtime-swf-definition-inventory.csv,4f9b021016de1dc316725329c3e436832b74c0cedf4fc104e9f50e470f20975b,CSV definition-index record for DefineMorphShape,,,"projection only; no asset bytes exported, transformed, redrawn, or generated",machine-extracted-structural-candidate,owner-provided SWF,"container=root; definitionDepth=0; tagOrdinal=702; payloadBytes=204; rawTagPayloadSha256=ca8b39e57f8737f71cbb8e70a3f7bab59ff3c31b8a3815f4bb2dea57d6585490; exactTagIdentitySha256=195d91c5c8b624cdad41fbd38b8eaf5e4afea75418a43aa550a43d9c034e2c93; runtime reachability unresolved; placement and bounds unresolved; renderer suitability unresolved; machineDefinitionIndexSha256=4f9b021016de1dc316725329c3e436832b74c0cedf4fc104e9f50e470f20975b; Structural/static source-derived candidate only. The exported_file is the shared machine definition-index evidence, not a visual or renderer asset export. It is not an authoritative original-runtime baseline and establishes no runtime reachability, placement, asset usage, visual appearance, renderer suitability, human or owner acceptance, strict completion, or publication."
swf-definition-00703,100,,structural-morph-definition-candidate,source-assets/flash/HELP MATH_ORIGINAL FILES/HELP_COURSES/ELMGR5/L4/VB/L4VB07.swf,,migrations/course-g05-l04-vb-007/audit/machine/g5-l4-pre-runtime-swf-definition-inventory.csv,4f9b021016de1dc316725329c3e436832b74c0cedf4fc104e9f50e470f20975b,CSV definition-index record for DefineMorphShape,,,"projection only; no asset bytes exported, transformed, redrawn, or generated",machine-extracted-structural-candidate,owner-provided SWF,"container=root; definitionDepth=0; tagOrdinal=703; payloadBytes=169; rawTagPayloadSha256=07033c0730449598750b41e2ea6c5df6348ff89e0c652489d2af0869817eeb04; exactTagIdentitySha256=1c04ab95f56c4fe4b501cf9d23cdbefea7fb9eb6aa8b9a1de329a6c8f7817c53; runtime reachability unresolved; placement and bounds unresolved; renderer suitability unresolved; machineDefinitionIndexSha256=4f9b021016de1dc316725329c3e436832b74c0cedf4fc104e9f50e470f20975b; Structural/static source-derived candidate only. The exported_file is the shared machine definition-index evidence, not a visual or renderer asset export. It is not an authoritative original-runtime baseline and establishes no runtime reachability, placement, asset usage, visual appearance, renderer suitability, human or owner acceptance, strict completion, or publication."
swf-definition-00704,101,,structural-morph-definition-candidate,source-assets/flash/HELP MATH_ORIGINAL FILES/HELP_COURSES/ELMGR5/L4/VB/L4VB07.swf,,migrations/course-g05-l04-vb-007/audit/machine/g5-l4-pre-runtime-swf-definition-inventory.csv,4f9b021016de1dc316725329c3e436832b74c0cedf4fc104e9f50e470f20975b,CSV definition-index record for DefineMorphShape,,,"projection only; no asset bytes exported, transformed, redrawn, or generated",machine-extracted-structural-candidate,owner-provided SWF,"container=root; definitionDepth=0; tagOrdinal=704; payloadBytes=179; rawTagPayloadSha256=1e751f7ba000e44e574bee863e6ce1bc8dd9884e33a499f378b1913eac40461a; exactTagIdentitySha256=f3d69c11a4f0fe2e2f7e6d0eaa6c72a97148fc79233436bf1efe5b08d62fab7d; runtime reachability unresolved; placement and bounds unresolved; renderer suitability unresolved; machineDefinitionIndexSha256=4f9b021016de1dc316725329c3e436832b74c0cedf4fc104e9f50e470f20975b; Structural/static source-derived candidate only. The exported_file is the shared machine definition-index evidence, not a visual or renderer asset export. It is not an authoritative original-runtime baseline and establishes no runtime reachability, placement, asset usage, visual appearance, renderer suitability, human or owner acceptance, strict completion, or publication."
swf-definition-00705,102,,structural-morph-definition-candidate,source-assets/flash/HELP MATH_ORIGINAL FILES/HELP_COURSES/ELMGR5/L4/VB/L4VB07.swf,,migrations/course-g05-l04-vb-007/audit/machine/g5-l4-pre-runtime-swf-definition-inventory.csv,4f9b021016de1dc316725329c3e436832b74c0cedf4fc104e9f50e470f20975b,CSV definition-index record for DefineMorphShape,,,"projection only; no asset bytes exported, transformed, redrawn, or generated",machine-extracted-structural-candidate,owner-provided SWF,"container=root; definitionDepth=0; tagOrdinal=705; payloadBytes=170; rawTagPayloadSha256=6c5766fc34aba7363f99665d4ae51b908eca389138a507d2e7df5684da414296; exactTagIdentitySha256=0da4d1a0aa423438610edb605c8f0f7ac873d3add7a14a071cd874053f2bf7ab; runtime reachability unresolved; placement and bounds unresolved; renderer suitability unresolved; machineDefinitionIndexSha256=4f9b021016de1dc316725329c3e436832b74c0cedf4fc104e9f50e470f20975b; Structural/static source-derived candidate only. The exported_file is the shared machine definition-index evidence, not a visual or renderer asset export. It is not an authoritative original-runtime baseline and establishes no runtime reachability, placement, asset usage, visual appearance, renderer suitability, human or owner acceptance, strict completion, or publication."
swf-definition-00706,103,,structural-morph-definition-candidate,source-assets/flash/HELP MATH_ORIGINAL FILES/HELP_COURSES/ELMGR5/L4/VB/L4VB07.swf,,migrations/course-g05-l04-vb-007/audit/machine/g5-l4-pre-runtime-swf-definition-inventory.csv,4f9b021016de1dc316725329c3e436832b74c0cedf4fc104e9f50e470f20975b,CSV definition-index record for DefineMorphShape,,,"projection only; no asset bytes exported, transformed, redrawn, or generated",machine-extracted-structural-candidate,owner-provided SWF,"container=root; definitionDepth=0; tagOrdinal=706; payloadBytes=172; rawTagPayloadSha256=14788236229871de63bbd8cff50fb482beadbc225f3f9088973d8854e6647174; exactTagIdentitySha256=108cec1b9e7f0038579465317285e7b8a2c686d038b569c088415267b293830c; runtime reachability unresolved; placement and bounds unresolved; renderer suitability unresolved; machineDefinitionIndexSha256=4f9b021016de1dc316725329c3e436832b74c0cedf4fc104e9f50e470f20975b; Structural/static source-derived candidate only. The exported_file is the shared machine definition-index evidence, not a visual or renderer asset export. It is not an authoritative original-runtime baseline and establishes no runtime reachability, placement, asset usage, visual appearance, renderer suitability, human or owner acceptance, strict completion, or publication."
swf-definition-00707,104,,structural-morph-definition-candidate,source-assets/flash/HELP MATH_ORIGINAL FILES/HELP_COURSES/ELMGR5/L4/VB/L4VB07.swf,,migrations/course-g05-l04-vb-007/audit/machine/g5-l4-pre-runtime-swf-definition-inventory.csv,4f9b021016de1dc316725329c3e436832b74c0cedf4fc104e9f50e470f20975b,CSV definition-index record for DefineMorphShape,,,"projection only; no asset bytes exported, transformed, redrawn, or generated",machine-extracted-structural-candidate,owner-provided SWF,"container=root; definitionDepth=0; tagOrdinal=707; payloadBytes=187; rawTagPayloadSha256=f55b803e74ea1a7feac8478e618b6dd3d394e035295fa1c78730494d822033ac; exactTagIdentitySha256=c3992d1de2277df5979ff626ea474cdd4a9bc6e23bdb8f80d700631ff66e572a; runtime reachability unresolved; placement and bounds unresolved; renderer suitability unresolved; machineDefinitionIndexSha256=4f9b021016de1dc316725329c3e436832b74c0cedf4fc104e9f50e470f20975b; Structural/static source-derived candidate only. The exported_file is the shared machine definition-index evidence, not a visual or renderer asset export. It is not an authoritative original-runtime baseline and establishes no runtime reachability, placement, asset usage, visual appearance, renderer suitability, human or owner acceptance, strict completion, or publication."
swf-definition-00708,105,,structural-morph-definition-candidate,source-assets/flash/HELP MATH_ORIGINAL FILES/HELP_COURSES/ELMGR5/L4/VB/L4VB07.swf,,migrations/course-g05-l04-vb-007/audit/machine/g5-l4-pre-runtime-swf-definition-inventory.csv,4f9b021016de1dc316725329c3e436832b74c0cedf4fc104e9f50e470f20975b,CSV definition-index record for DefineMorphShape,,,"projection only; no asset bytes exported, transformed, redrawn, or generated",machine-extracted-structural-candidate,owner-provided SWF,"container=root; definitionDepth=0; tagOrdinal=708; payloadBytes=315; rawTagPayloadSha256=9f1b2df327875535a056fcdaa63f50d8542e78802279e6dbf1e139222d9c4ef5; exactTagIdentitySha256=c1a13032452f1df41a391a931e087bc266e0dfd0d8172f2ad45dff45daefa03b; runtime reachability unresolved; placement and bounds unresolved; renderer suitability unresolved; machineDefinitionIndexSha256=4f9b021016de1dc316725329c3e436832b74c0cedf4fc104e9f50e470f20975b; Structural/static source-derived candidate only. The exported_file is the shared machine definition-index evidence, not a visual or renderer asset export. It is not an authoritative original-runtime baseline and establishes no runtime reachability, placement, asset usage, visual appearance, renderer suitability, human or owner acceptance, strict completion, or publication."
swf-definition-00709,106,,structural-morph-definition-candidate,source-assets/flash/HELP MATH_ORIGINAL FILES/HELP_COURSES/ELMGR5/L4/VB/L4VB07.swf,,migrations/course-g05-l04-vb-007/audit/machine/g5-l4-pre-runtime-swf-definition-inventory.csv,4f9b021016de1dc316725329c3e436832b74c0cedf4fc104e9f50e470f20975b,CSV definition-index record for DefineMorphShape,,,"projection only; no asset bytes exported, transformed, redrawn, or generated",machine-extracted-structural-candidate,owner-provided SWF,"container=root; definitionDepth=0; tagOrdinal=709; payloadBytes=315; rawTagPayloadSha256=f1632d8f4df8de4aeb17fcafc1f44c44e31998cc247bee6db92ad5a444c4a2c9; exactTagIdentitySha256=27e46b38b616404e4ae2d4581d0992f4283779edc3f84e0b9ff9a849acbac18a; runtime reachability unresolved; placement and bounds unresolved; renderer suitability unresolved; machineDefinitionIndexSha256=4f9b021016de1dc316725329c3e436832b74c0cedf4fc104e9f50e470f20975b; Structural/static source-derived candidate only. The exported_file is the shared machine definition-index evidence, not a visual or renderer asset export. It is not an authoritative original-runtime baseline and establishes no runtime reachability, placement, asset usage, visual appearance, renderer suitability, human or owner acceptance, strict completion, or publication."
swf-definition-00710,107,,structural-morph-definition-candidate,source-assets/flash/HELP MATH_ORIGINAL FILES/HELP_COURSES/ELMGR5/L4/VB/L4VB07.swf,,migrations/course-g05-l04-vb-007/audit/machine/g5-l4-pre-runtime-swf-definition-inventory.csv,4f9b021016de1dc316725329c3e436832b74c0cedf4fc104e9f50e470f20975b,CSV definition-index record for DefineMorphShape,,,"projection only; no asset bytes exported, transformed, redrawn, or generated",machine-extracted-structural-candidate,owner-provided SWF,"container=root; definitionDepth=0; tagOrdinal=710; payloadBytes=205; rawTagPayloadSha256=964fedc3d25752c0c0e66943b531a60014c896fd099cbe135a05a9382fcc3af9; exactTagIdentitySha256=9acac69d103a2a2dcf9d04b683cc14e4764df3a52a5ae7a75eb669feb80c53af; runtime reachability unresolved; placement and bounds unresolved; renderer suitability unresolved; machineDefinitionIndexSha256=4f9b021016de1dc316725329c3e436832b74c0cedf4fc104e9f50e470f20975b; Structural/static source-derived candidate only. The exported_file is the shared machine definition-index evidence, not a visual or renderer asset export. It is not an authoritative original-runtime baseline and establishes no runtime reachability, placement, asset usage, visual appearance, renderer suitability, human or owner acceptance, strict completion, or publication."
swf-definition-00711,108,,structural-morph-definition-candidate,source-assets/flash/HELP MATH_ORIGINAL FILES/HELP_COURSES/ELMGR5/L4/VB/L4VB07.swf,,migrations/course-g05-l04-vb-007/audit/machine/g5-l4-pre-runtime-swf-definition-inventory.csv,4f9b021016de1dc316725329c3e436832b74c0cedf4fc104e9f50e470f20975b,CSV definition-index record for DefineMorphShape,,,"projection only; no asset bytes exported, transformed, redrawn, or generated",machine-extracted-structural-candidate,owner-provided SWF,"container=root; definitionDepth=0; tagOrdinal=711; payloadBytes=168; rawTagPayloadSha256=ca8c95e54a47a3fd38cee6dd0a569320a1389d77dddd0a480272ef1ccca48394; exactTagIdentitySha256=799b8eb914c7342452cc6d1cb351f53fefc2db8673fa8ce7ffc69b9e802b9c72; runtime reachability unresolved; placement and bounds unresolved; renderer suitability unresolved; machineDefinitionIndexSha256=4f9b021016de1dc316725329c3e436832b74c0cedf4fc104e9f50e470f20975b; Structural/static source-derived candidate only. The exported_file is the shared machine definition-index evidence, not a visual or renderer asset export. It is not an authoritative original-runtime baseline and establishes no runtime reachability, placement, asset usage, visual appearance, renderer suitability, human or owner acceptance, strict completion, or publication."
swf-definition-00712,109,,structural-morph-definition-candidate,source-assets/flash/HELP MATH_ORIGINAL FILES/HELP_COURSES/ELMGR5/L4/VB/L4VB07.swf,,migrations/course-g05-l04-vb-007/audit/machine/g5-l4-pre-runtime-swf-definition-inventory.csv,4f9b021016de1dc316725329c3e436832b74c0cedf4fc104e9f50e470f20975b,CSV definition-index record for DefineMorphShape,,,"projection only; no asset bytes exported, transformed, redrawn, or generated",machine-extracted-structural-candidate,owner-provided SWF,"container=root; definitionDepth=0; tagOrdinal=712; payloadBytes=170; rawTagPayloadSha256=e8bca2ef650cccd9c5ca311dbd98ab1723199f6ad20f030eb462d48fe3ca2687; exactTagIdentitySha256=27160f7f9de51cc1f56b03f9e97f9ccf1a55c18865579c017249984a6432c75b; runtime reachability unresolved; placement and bounds unresolved; renderer suitability unresolved; machineDefinitionIndexSha256=4f9b021016de1dc316725329c3e436832b74c0cedf4fc104e9f50e470f20975b; Structural/static source-derived candidate only. The exported_file is the shared machine definition-index evidence, not a visual or renderer asset export. It is not an authoritative original-runtime baseline and establishes no runtime reachability, placement, asset usage, visual appearance, renderer suitability, human or owner acceptance, strict completion, or publication."
swf-definition-00713,110,,structural-morph-definition-candidate,source-assets/flash/HELP MATH_ORIGINAL FILES/HELP_COURSES/ELMGR5/L4/VB/L4VB07.swf,,migrations/course-g05-l04-vb-007/audit/machine/g5-l4-pre-runtime-swf-definition-inventory.csv,4f9b021016de1dc316725329c3e436832b74c0cedf4fc104e9f50e470f20975b,CSV definition-index record for DefineMorphShape,,,"projection only; no asset bytes exported, transformed, redrawn, or generated",machine-extracted-structural-candidate,owner-provided SWF,"container=root; definitionDepth=0; tagOrdinal=713; payloadBytes=326; rawTagPayloadSha256=4621281b1bc867d1af4fa6d2b5d7be31e7bafb2a94d6588d83247d2548734342; exactTagIdentitySha256=b48d961ed8c1eb1cfc805d40bb9ec1d348584c50b9d9e5410829778d4cd3890f; runtime reachability unresolved; placement and bounds unresolved; renderer suitability unresolved; machineDefinitionIndexSha256=4f9b021016de1dc316725329c3e436832b74c0cedf4fc104e9f50e470f20975b; Structural/static source-derived candidate only. The exported_file is the shared machine definition-index evidence, not a visual or renderer asset export. It is not an authoritative original-runtime baseline and establishes no runtime reachability, placement, asset usage, visual appearance, renderer suitability, human or owner acceptance, strict completion, or publication."
swf-definition-00714,111,,structural-morph-definition-candidate,source-assets/flash/HELP MATH_ORIGINAL FILES/HELP_COURSES/ELMGR5/L4/VB/L4VB07.swf,,migrations/course-g05-l04-vb-007/audit/machine/g5-l4-pre-runtime-swf-definition-inventory.csv,4f9b021016de1dc316725329c3e436832b74c0cedf4fc104e9f50e470f20975b,CSV definition-index record for DefineMorphShape,,,"projection only; no asset bytes exported, transformed, redrawn, or generated",machine-extracted-structural-candidate,owner-provided SWF,"container=root; definitionDepth=0; tagOrdinal=714; payloadBytes=315; rawTagPayloadSha256=59247baee8a1f477fe81abb04ce567cc7e5abaeeed01111a2db8733dced7c1c5; exactTagIdentitySha256=900ef94fc1d7e7ace76eeab58adc0d254eb0460e538e2101451eda20c6d643ab; runtime reachability unresolved; placement and bounds unresolved; renderer suitability unresolved; machineDefinitionIndexSha256=4f9b021016de1dc316725329c3e436832b74c0cedf4fc104e9f50e470f20975b; Structural/static source-derived candidate only. The exported_file is the shared machine definition-index evidence, not a visual or renderer asset export. It is not an authoritative original-runtime baseline and establishes no runtime reachability, placement, asset usage, visual appearance, renderer suitability, human or owner acceptance, strict completion, or publication."
swf-definition-00715,112,,structural-morph-definition-candidate,source-assets/flash/HELP MATH_ORIGINAL FILES/HELP_COURSES/ELMGR5/L4/VB/L4VB07.swf,,migrations/course-g05-l04-vb-007/audit/machine/g5-l4-pre-runtime-swf-definition-inventory.csv,4f9b021016de1dc316725329c3e436832b74c0cedf4fc104e9f50e470f20975b,CSV definition-index record for DefineMorphShape,,,"projection only; no asset bytes exported, transformed, redrawn, or generated",machine-extracted-structural-candidate,owner-provided SWF,"container=root; definitionDepth=0; tagOrdinal=715; payloadBytes=168; rawTagPayloadSha256=4b7d011f39954d1f7f55f3ebfc908551c4153286762bb615b6ce7f6ed8e07d2c; exactTagIdentitySha256=7dd045965946af86992ee36cef0948a65a49fcc74de2cfc815177a539cf8dbfe; runtime reachability unresolved; placement and bounds unresolved; renderer suitability unresolved; machineDefinitionIndexSha256=4f9b021016de1dc316725329c3e436832b74c0cedf4fc104e9f50e470f20975b; Structural/static source-derived candidate only. The exported_file is the shared machine definition-index evidence, not a visual or renderer asset export. It is not an authoritative original-runtime baseline and establishes no runtime reachability, placement, asset usage, visual appearance, renderer suitability, human or owner acceptance, strict completion, or publication."
swf-definition-00716,113,,structural-morph-definition-candidate,source-assets/flash/HELP MATH_ORIGINAL FILES/HELP_COURSES/ELMGR5/L4/VB/L4VB07.swf,,migrations/course-g05-l04-vb-007/audit/machine/g5-l4-pre-runtime-swf-definition-inventory.csv,4f9b021016de1dc316725329c3e436832b74c0cedf4fc104e9f50e470f20975b,CSV definition-index record for DefineMorphShape,,,"projection only; no asset bytes exported, transformed, redrawn, or generated",machine-extracted-structural-candidate,owner-provided SWF,"container=root; definitionDepth=0; tagOrdinal=716; payloadBytes=178; rawTagPayloadSha256=6f5d2125812881b61585f657a909ac385c4856afe7154160c5227a49d8b883a7; exactTagIdentitySha256=5f86cc0aa5580dc75a3e784bf836f0a9afb06c0cb79eeb8d0f15fa7850fd98fd; runtime reachability unresolved; placement and bounds unresolved; renderer suitability unresolved; machineDefinitionIndexSha256=4f9b021016de1dc316725329c3e436832b74c0cedf4fc104e9f50e470f20975b; Structural/static source-derived candidate only. The exported_file is the shared machine definition-index evidence, not a visual or renderer asset export. It is not an authoritative original-runtime baseline and establishes no runtime reachability, placement, asset usage, visual appearance, renderer suitability, human or owner acceptance, strict completion, or publication."
swf-definition-00717,114,,structural-morph-definition-candidate,source-assets/flash/HELP MATH_ORIGINAL FILES/HELP_COURSES/ELMGR5/L4/VB/L4VB07.swf,,migrations/course-g05-l04-vb-007/audit/machine/g5-l4-pre-runtime-swf-definition-inventory.csv,4f9b021016de1dc316725329c3e436832b74c0cedf4fc104e9f50e470f20975b,CSV definition-index record for DefineMorphShape,,,"projection only; no asset bytes exported, transformed, redrawn, or generated",machine-extracted-structural-candidate,owner-provided SWF,"container=root; definitionDepth=0; tagOrdinal=717; payloadBytes=170; rawTagPayloadSha256=7966921f2bef867f923a005feece72bf980c73c3634c6b4e297ef074321af9dd; exactTagIdentitySha256=4570b5c434cca025b502eb6e5815ec0cf8916c0f83468c0eb22fc9422eea7e8f; runtime reachability unresolved; placement and bounds unresolved; renderer suitability unresolved; machineDefinitionIndexSha256=4f9b021016de1dc316725329c3e436832b74c0cedf4fc104e9f50e470f20975b; Structural/static source-derived candidate only. The exported_file is the shared machine definition-index evidence, not a visual or renderer asset export. It is not an authoritative original-runtime baseline and establishes no runtime reachability, placement, asset usage, visual appearance, renderer suitability, human or owner acceptance, strict completion, or publication."
swf-definition-00718,115,,structural-shape-definition-candidate,source-assets/flash/HELP MATH_ORIGINAL FILES/HELP_COURSES/ELMGR5/L4/VB/L4VB07.swf,,migrations/course-g05-l04-vb-007/audit/machine/g5-l4-pre-runtime-swf-definition-inventory.csv,4f9b021016de1dc316725329c3e436832b74c0cedf4fc104e9f50e470f20975b,CSV definition-index record for DefineShape3,,,"projection only; no asset bytes exported, transformed, redrawn, or generated",machine-extracted-structural-candidate,owner-provided SWF,"container=root; definitionDepth=0; tagOrdinal=718; payloadBytes=81; rawTagPayloadSha256=fe222c97c718945979828872df7726a0bda6b657e57151a4274c2155df10c465; exactTagIdentitySha256=a1c9e6758dfb68deacdc32469d93fdd9fe47bc13e7a76bcf3edf537ea9be1991; runtime reachability unresolved; placement and bounds unresolved; renderer suitability unresolved; machineDefinitionIndexSha256=4f9b021016de1dc316725329c3e436832b74c0cedf4fc104e9f50e470f20975b; Structural/static source-derived candidate only. The exported_file is the shared machine definition-index evidence, not a visual or renderer asset export. It is not an authoritative original-runtime baseline and establishes no runtime reachability, placement, asset usage, visual appearance, renderer suitability, human or owner acceptance, strict completion, or publication."
swf-definition-00719,116,,structural-morph-definition-candidate,source-assets/flash/HELP MATH_ORIGINAL FILES/HELP_COURSES/ELMGR5/L4/VB/L4VB07.swf,,migrations/course-g05-l04-vb-007/audit/machine/g5-l4-pre-runtime-swf-definition-inventory.csv,4f9b021016de1dc316725329c3e436832b74c0cedf4fc104e9f50e470f20975b,CSV definition-index record for DefineMorphShape,,,"projection only; no asset bytes exported, transformed, redrawn, or generated",machine-extracted-structural-candidate,owner-provided SWF,"container=root; definitionDepth=0; tagOrdinal=719; payloadBytes=186; rawTagPayloadSha256=ee1a08c98f22d7f75a57e669147f9380d101257a186b99cab8647f0ab3e70fc9; exactTagIdentitySha256=f8297afa48c804bef6fd0dfe9f464592c3390846583ec453520d0fc7cce416b7; runtime reachability unresolved; placement and bounds unresolved; renderer suitability unresolved; machineDefinitionIndexSha256=4f9b021016de1dc316725329c3e436832b74c0cedf4fc104e9f50e470f20975b; Structural/static source-derived candidate only. The exported_file is the shared machine definition-index evidence, not a visual or renderer asset export. It is not an authoritative original-runtime baseline and establishes no runtime reachability, placement, asset usage, visual appearance, renderer suitability, human or owner acceptance, strict completion, or publication."
swf-definition-00720,117,,structural-shape-definition-candidate,source-assets/flash/HELP MATH_ORIGINAL FILES/HELP_COURSES/ELMGR5/L4/VB/L4VB07.swf,,migrations/course-g05-l04-vb-007/audit/machine/g5-l4-pre-runtime-swf-definition-inventory.csv,4f9b021016de1dc316725329c3e436832b74c0cedf4fc104e9f50e470f20975b,CSV definition-index record for DefineShape3,,,"projection only; no asset bytes exported, transformed, redrawn, or generated",machine-extracted-structural-candidate,owner-provided SWF,"container=root; definitionDepth=0; tagOrdinal=720; payloadBytes=152; rawTagPayloadSha256=b64a0f5ac2b15eff28abfe8b811465671d90a865ef0e5335789b92c6e48a9446; exactTagIdentitySha256=15f98066527dc9542babfe6ebf6ac96ecf2fb817e18e75d6e60baff977026f06; runtime reachability unresolved; placement and bounds unresolved; renderer suitability unresolved; machineDefinitionIndexSha256=4f9b021016de1dc316725329c3e436832b74c0cedf4fc104e9f50e470f20975b; Structural/static source-derived candidate only. The exported_file is the shared machine definition-index evidence, not a visual or renderer asset export. It is not an authoritative original-runtime baseline and establishes no runtime reachability, placement, asset usage, visual appearance, renderer suitability, human or owner acceptance, strict completion, or publication."
swf-definition-00721,118,,structural-morph-definition-candidate,source-assets/flash/HELP MATH_ORIGINAL FILES/HELP_COURSES/ELMGR5/L4/VB/L4VB07.swf,,migrations/course-g05-l04-vb-007/audit/machine/g5-l4-pre-runtime-swf-definition-inventory.csv,4f9b021016de1dc316725329c3e436832b74c0cedf4fc104e9f50e470f20975b,CSV definition-index record for DefineMorphShape,,,"projection only; no asset bytes exported, transformed, redrawn, or generated",machine-extracted-structural-candidate,owner-provided SWF,"container=root; definitionDepth=0; tagOrdinal=721; payloadBytes=194; rawTagPayloadSha256=91cf63c1252605fc450be4b9817d6042c825fb558a6fb1e716d5d95dbe336f0c; exactTagIdentitySha256=e525b03fd9972491a067dbd338dc7f82059ac1dfe83ebcc9fdc521bb79338254; runtime reachability unresolved; placement and bounds unresolved; renderer suitability unresolved; machineDefinitionIndexSha256=4f9b021016de1dc316725329c3e436832b74c0cedf4fc104e9f50e470f20975b; Structural/static source-derived candidate only. The exported_file is the shared machine definition-index evidence, not a visual or renderer asset export. It is not an authoritative original-runtime baseline and establishes no runtime reachability, placement, asset usage, visual appearance, renderer suitability, human or owner acceptance, strict completion, or publication."
swf-definition-00722,119,,structural-morph-definition-candidate,source-assets/flash/HELP MATH_ORIGINAL FILES/HELP_COURSES/ELMGR5/L4/VB/L4VB07.swf,,migrations/course-g05-l04-vb-007/audit/machine/g5-l4-pre-runtime-swf-definition-inventory.csv,4f9b021016de1dc316725329c3e436832b74c0cedf4fc104e9f50e470f20975b,CSV definition-index record for DefineMorphShape,,,"projection only; no asset bytes exported, transformed, redrawn, or generated",machine-extracted-structural-candidate,owner-provided SWF,"container=root; definitionDepth=0; tagOrdinal=722; payloadBytes=172; rawTagPayloadSha256=20be110ef8a4c9276f6578bf66dc921405dc3ed1d5bab37815ceb1b2d2dcf431; exactTagIdentitySha256=ef2c1b37eaf6bf092dcbc9723c3e651a36915437a4d720a94666627bbc274376; runtime reachability unresolved; placement and bounds unresolved; renderer suitability unresolved; machineDefinitionIndexSha256=4f9b021016de1dc316725329c3e436832b74c0cedf4fc104e9f50e470f20975b; Structural/static source-derived candidate only. The exported_file is the shared machine definition-index evidence, not a visual or renderer asset export. It is not an authoritative original-runtime baseline and establishes no runtime reachability, placement, asset usage, visual appearance, renderer suitability, human or owner acceptance, strict completion, or publication."
swf-definition-00723,120,,structural-morph-definition-candidate,source-assets/flash/HELP MATH_ORIGINAL FILES/HELP_COURSES/ELMGR5/L4/VB/L4VB07.swf,,migrations/course-g05-l04-vb-007/audit/machine/g5-l4-pre-runtime-swf-definition-inventory.csv,4f9b021016de1dc316725329c3e436832b74c0cedf4fc104e9f50e470f20975b,CSV definition-index record for DefineMorphShape,,,"projection only; no asset bytes exported, transformed, redrawn, or generated",machine-extracted-structural-candidate,owner-provided SWF,"container=root; definitionDepth=0; tagOrdinal=723; payloadBytes=334; rawTagPayloadSha256=7be3e2535e30415e1140aea76a480cbb5fb29aa77540cc3d2347ed84d5cc18ff; exactTagIdentitySha256=81b73f15527bdb1a10ea0c19801d65d81d6cc406962f976c2199215a0b6a24c3; runtime reachability unresolved; placement and bounds unresolved; renderer suitability unresolved; machineDefinitionIndexSha256=4f9b021016de1dc316725329c3e436832b74c0cedf4fc104e9f50e470f20975b; Structural/static source-derived candidate only. The exported_file is the shared machine definition-index evidence, not a visual or renderer asset export. It is not an authoritative original-runtime baseline and establishes no runtime reachability, placement, asset usage, visual appearance, renderer suitability, human or owner acceptance, strict completion, or publication."
swf-definition-00724,121,,structural-morph-definition-candidate,source-assets/flash/HELP MATH_ORIGINAL FILES/HELP_COURSES/ELMGR5/L4/VB/L4VB07.swf,,migrations/course-g05-l04-vb-007/audit/machine/g5-l4-pre-runtime-swf-definition-inventory.csv,4f9b021016de1dc316725329c3e436832b74c0cedf4fc104e9f50e470f20975b,CSV definition-index record for DefineMorphShape,,,"projection only; no asset bytes exported, transformed, redrawn, or generated",machine-extracted-structural-candidate,owner-provided SWF,"container=root; definitionDepth=0; tagOrdinal=724; payloadBytes=167; rawTagPayloadSha256=f24353227d17f9e95ed5210c78a4a7caaca5759d037f9687870cb689df02e4dc; exactTagIdentitySha256=a0ba22da5ee8d103871fcb7070b4a58c905a0b5f1e69bfe0f6503516c8c2449b; runtime reachability unresolved; placement and bounds unresolved; renderer suitability unresolved; machineDefinitionIndexSha256=4f9b021016de1dc316725329c3e436832b74c0cedf4fc104e9f50e470f20975b; Structural/static source-derived candidate only. The exported_file is the shared machine definition-index evidence, not a visual or renderer asset export. It is not an authoritative original-runtime baseline and establishes no runtime reachability, placement, asset usage, visual appearance, renderer suitability, human or owner acceptance, strict completion, or publication."
swf-definition-00725,122,,structural-morph-definition-candidate,source-assets/flash/HELP MATH_ORIGINAL FILES/HELP_COURSES/ELMGR5/L4/VB/L4VB07.swf,,migrations/course-g05-l04-vb-007/audit/machine/g5-l4-pre-runtime-swf-definition-inventory.csv,4f9b021016de1dc316725329c3e436832b74c0cedf4fc104e9f50e470f20975b,CSV definition-index record for DefineMorphShape,,,"projection only; no asset bytes exported, transformed, redrawn, or generated",machine-extracted-structural-candidate,owner-provided SWF,"container=root; definitionDepth=0; tagOrdinal=725; payloadBytes=169; rawTagPayloadSha256=e92bebfd04e410aedf454cf485b643f6d3f9befe09f434cc4bd6c853b9ec8053; exactTagIdentitySha256=43255ade26c95d24517769a34176fdb3975ee826c797a0cc91432ad8411d599d; runtime reachability unresolved; placement and bounds unresolved; renderer suitability unresolved; machineDefinitionIndexSha256=4f9b021016de1dc316725329c3e436832b74c0cedf4fc104e9f50e470f20975b; Structural/static source-derived candidate only. The exported_file is the shared machine definition-index evidence, not a visual or renderer asset export. It is not an authoritative original-runtime baseline and establishes no runtime reachability, placement, asset usage, visual appearance, renderer suitability, human or owner acceptance, strict completion, or publication."
swf-definition-00726,123,,structural-shape-definition-candidate,source-assets/flash/HELP MATH_ORIGINAL FILES/HELP_COURSES/ELMGR5/L4/VB/L4VB07.swf,,migrations/course-g05-l04-vb-007/audit/machine/g5-l4-pre-runtime-swf-definition-inventory.csv,4f9b021016de1dc316725329c3e436832b74c0cedf4fc104e9f50e470f20975b,CSV definition-index record for DefineShape3,,,"projection only; no asset bytes exported, transformed, redrawn, or generated",machine-extracted-structural-candidate,owner-provided SWF,"container=root; definitionDepth=0; tagOrdinal=726; payloadBytes=138; rawTagPayloadSha256=c0abe21b99288067815e8a7537f587ec60d8b2d0ca4e1fd0b309a4b25e566c50; exactTagIdentitySha256=3fcdb24ef71288fabaf103a3a3d1c4b2852f1d91b40eb77086a2e15a5c0d451a; runtime reachability unresolved; placement and bounds unresolved; renderer suitability unresolved; machineDefinitionIndexSha256=4f9b021016de1dc316725329c3e436832b74c0cedf4fc104e9f50e470f20975b; Structural/static source-derived candidate only. The exported_file is the shared machine definition-index evidence, not a visual or renderer asset export. It is not an authoritative original-runtime baseline and establishes no runtime reachability, placement, asset usage, visual appearance, renderer suitability, human or owner acceptance, strict completion, or publication."
swf-definition-00727,124,,structural-shape-definition-candidate,source-assets/flash/HELP MATH_ORIGINAL FILES/HELP_COURSES/ELMGR5/L4/VB/L4VB07.swf,,migrations/course-g05-l04-vb-007/audit/machine/g5-l4-pre-runtime-swf-definition-inventory.csv,4f9b021016de1dc316725329c3e436832b74c0cedf4fc104e9f50e470f20975b,CSV definition-index record for DefineShape3,,,"projection only; no asset bytes exported, transformed, redrawn, or generated",machine-extracted-structural-candidate,owner-provided SWF,"container=root; definitionDepth=0; tagOrdinal=727; payloadBytes=142; rawTagPayloadSha256=76b7f521eeecf31488dbbe68820d7a278b0efc2b74686aaaa73ffd60e7939792; exactTagIdentitySha256=bf44da2c7192e7405a50a0a7ecf406b37022c002b19e62c57b4a6daa1d3c3432; runtime reachability unresolved; placement and bounds unresolved; renderer suitability unresolved; machineDefinitionIndexSha256=4f9b021016de1dc316725329c3e436832b74c0cedf4fc104e9f50e470f20975b; Structural/static source-derived candidate only. The exported_file is the shared machine definition-index evidence, not a visual or renderer asset export. It is not an authoritative original-runtime baseline and establishes no runtime reachability, placement, asset usage, visual appearance, renderer suitability, human or owner acceptance, strict completion, or publication."
swf-definition-00728,125,,structural-font-definition-candidate,source-assets/flash/HELP MATH_ORIGINAL FILES/HELP_COURSES/ELMGR5/L4/VB/L4VB07.swf,,migrations/course-g05-l04-vb-007/audit/machine/g5-l4-pre-runtime-swf-definition-inventory.csv,4f9b021016de1dc316725329c3e436832b74c0cedf4fc104e9f50e470f20975b,CSV definition-index record for DefineFont2,,7,"projection only; no asset bytes exported, transformed, redrawn, or generated",machine-extracted-structural-candidate,owner-provided SWF,"swfEmbeddedFontName=Performa Black SSi; container=root; definitionDepth=0; tagOrdinal=728; payloadBytes=587; rawTagPayloadSha256=06ae9cf788492916b8bedc64cdd43081a37ef5fa700c70438e0e17dd563378bc; exactTagIdentitySha256=c04a55916fddb06344887f65c0136bad090de93cdfa25634c0bda1f1c4580678; runtime reachability unresolved; placement and bounds unresolved; renderer suitability unresolved; machineDefinitionIndexSha256=4f9b021016de1dc316725329c3e436832b74c0cedf4fc104e9f50e470f20975b; Structural/static source-derived candidate only. The exported_file is the shared machine definition-index evidence, not a visual or renderer asset export. It is not an authoritative original-runtime baseline and establishes no runtime reachability, placement, asset usage, visual appearance, renderer suitability, human or owner acceptance, strict completion, or publication."
swf-definition-00730,126,,structural-text-definition-candidate,source-assets/flash/HELP MATH_ORIGINAL FILES/HELP_COURSES/ELMGR5/L4/VB/L4VB07.swf,,migrations/course-g05-l04-vb-007/audit/machine/g5-l4-pre-runtime-swf-definition-inventory.csv,4f9b021016de1dc316725329c3e436832b74c0cedf4fc104e9f50e470f20975b,CSV definition-index record for DefineText,,,"projection only; no asset bytes exported, transformed, redrawn, or generated",machine-extracted-structural-candidate,owner-provided SWF,"container=root; definitionDepth=0; tagOrdinal=730; payloadBytes=39; rawTagPayloadSha256=30ee5f0291166aaed95296b503d56e9527afbe3f2626cd6f8157532d079e3ef0; exactTagIdentitySha256=433e09eb6e6fe165b381b1635b1b457d7eab37aed14e18a6bf65b6e32cd6da55; runtime reachability unresolved; placement and bounds unresolved; renderer suitability unresolved; machineDefinitionIndexSha256=4f9b021016de1dc316725329c3e436832b74c0cedf4fc104e9f50e470f20975b; Structural/static source-derived candidate only. The exported_file is the shared machine definition-index evidence, not a visual or renderer asset export. It is not an authoritative original-runtime baseline and establishes no runtime reachability, placement, asset usage, visual appearance, renderer suitability, human or owner acceptance, strict completion, or publication."
swf-definition-00731,127,,structural-text-definition-candidate,source-assets/flash/HELP MATH_ORIGINAL FILES/HELP_COURSES/ELMGR5/L4/VB/L4VB07.swf,,migrations/course-g05-l04-vb-007/audit/machine/g5-l4-pre-runtime-swf-definition-inventory.csv,4f9b021016de1dc316725329c3e436832b74c0cedf4fc104e9f50e470f20975b,CSV definition-index record for DefineText,,,"projection only; no asset bytes exported, transformed, redrawn, or generated",machine-extracted-structural-candidate,owner-provided SWF,"container=root; definitionDepth=0; tagOrdinal=731; payloadBytes=39; rawTagPayloadSha256=5696f710e5acaa4fbfe5051398c24b15033638dd45a64fa31e2c5096f805e457; exactTagIdentitySha256=1e3887af79091faeac8a34b0c3253aff154aa1420fe165b5d83930b5488b6be2; runtime reachability unresolved; placement and bounds unresolved; renderer suitability unresolved; machineDefinitionIndexSha256=4f9b021016de1dc316725329c3e436832b74c0cedf4fc104e9f50e470f20975b; Structural/static source-derived candidate only. The exported_file is the shared machine definition-index evidence, not a visual or renderer asset export. It is not an authoritative original-runtime baseline and establishes no runtime reachability, placement, asset usage, visual appearance, renderer suitability, human or owner acceptance, strict completion, or publication."
swf-definition-00732,128,,structural-text-definition-candidate,source-assets/flash/HELP MATH_ORIGINAL FILES/HELP_COURSES/ELMGR5/L4/VB/L4VB07.swf,,migrations/course-g05-l04-vb-007/audit/machine/g5-l4-pre-runtime-swf-definition-inventory.csv,4f9b021016de1dc316725329c3e436832b74c0cedf4fc104e9f50e470f20975b,CSV definition-index record for DefineText,,,"projection only; no asset bytes exported, transformed, redrawn, or generated",machine-extracted-structural-candidate,owner-provided SWF,"container=root; definitionDepth=0; tagOrdinal=732; payloadBytes=39; rawTagPayloadSha256=cf9b4a513934826b7ba154b5a114f462474cbcff555fe71c3fc997f5e431d20a; exactTagIdentitySha256=629e429e79075b6f7b63be80790d63d5fc9a800936aaebab04d66efddc1f6689; runtime reachability unresolved; placement and bounds unresolved; renderer suitability unresolved; machineDefinitionIndexSha256=4f9b021016de1dc316725329c3e436832b74c0cedf4fc104e9f50e470f20975b; Structural/static source-derived candidate only. The exported_file is the shared machine definition-index evidence, not a visual or renderer asset export. It is not an authoritative original-runtime baseline and establishes no runtime reachability, placement, asset usage, visual appearance, renderer suitability, human or owner acceptance, strict completion, or publication."
swf-definition-00733,129,,structural-morph-definition-candidate,source-assets/flash/HELP MATH_ORIGINAL FILES/HELP_COURSES/ELMGR5/L4/VB/L4VB07.swf,,migrations/course-g05-l04-vb-007/audit/machine/g5-l4-pre-runtime-swf-definition-inventory.csv,4f9b021016de1dc316725329c3e436832b74c0cedf4fc104e9f50e470f20975b,CSV definition-index record for DefineMorphShape,,,"projection only; no asset bytes exported, transformed, redrawn, or generated",machine-extracted-structural-candidate,owner-provided SWF,"container=root; definitionDepth=0; tagOrdinal=733; payloadBytes=95; rawTagPayloadSha256=27047e49986a4a0f455adf178022965c6787add5b47c278d061bd9db02d0f9cf; exactTagIdentitySha256=0642ede57965bbd7905c3872a79192ca1a13747bafa1ee3f30b3ad5b579c5665; runtime reachability unresolved; placement and bounds unresolved; renderer suitability unresolved; machineDefinitionIndexSha256=4f9b021016de1dc316725329c3e436832b74c0cedf4fc104e9f50e470f20975b; Structural/static source-derived candidate only. The exported_file is the shared machine definition-index evidence, not a visual or renderer asset export. It is not an authoritative original-runtime baseline and establishes no runtime reachability, placement, asset usage, visual appearance, renderer suitability, human or owner acceptance, strict completion, or publication."
swf-definition-00734,130,,structural-morph-definition-candidate,source-assets/flash/HELP MATH_ORIGINAL FILES/HELP_COURSES/ELMGR5/L4/VB/L4VB07.swf,,migrations/course-g05-l04-vb-007/audit/machine/g5-l4-pre-runtime-swf-definition-inventory.csv,4f9b021016de1dc316725329c3e436832b74c0cedf4fc104e9f50e470f20975b,CSV definition-index record for DefineMorphShape,,,"projection only; no asset bytes exported, transformed, redrawn, or generated",machine-extracted-structural-candidate,owner-provided SWF,"container=root; definitionDepth=0; tagOrdinal=734; payloadBytes=274; rawTagPayloadSha256=ba8e83debe8aab174f7e136937806232358a81a89f6601bc5720e92b0112cef9; exactTagIdentitySha256=4157921fd5839f61b7ef6b2a1c52e8017e99c76121c05b02ccc82438a47ac112; runtime reachability unresolved; placement and bounds unresolved; renderer suitability unresolved; machineDefinitionIndexSha256=4f9b021016de1dc316725329c3e436832b74c0cedf4fc104e9f50e470f20975b; Structural/static source-derived candidate only. The exported_file is the shared machine definition-index evidence, not a visual or renderer asset export. It is not an authoritative original-runtime baseline and establishes no runtime reachability, placement, asset usage, visual appearance, renderer suitability, human or owner acceptance, strict completion, or publication."
swf-definition-00735,131,,structural-shape-definition-candidate,source-assets/flash/HELP MATH_ORIGINAL FILES/HELP_COURSES/ELMGR5/L4/VB/L4VB07.swf,,migrations/course-g05-l04-vb-007/audit/machine/g5-l4-pre-runtime-swf-definition-inventory.csv,4f9b021016de1dc316725329c3e436832b74c0cedf4fc104e9f50e470f20975b,CSV definition-index record for DefineShape3,,,"projection only; no asset bytes exported, transformed, redrawn, or generated",machine-extracted-structural-candidate,owner-provided SWF,"container=root; definitionDepth=0; tagOrdinal=735; payloadBytes=86; rawTagPayloadSha256=2ab5707458767016802e298149aa2fbe126b0fb1d1518dd64fc9947686865dcf; exactTagIdentitySha256=6f4731b44333ade759f1d2c52c35ec3b4fce2f0712714b77c6e1d2cdaff757c0; runtime reachability unresolved; placement and bounds unresolved; renderer suitability unresolved; machineDefinitionIndexSha256=4f9b021016de1dc316725329c3e436832b74c0cedf4fc104e9f50e470f20975b; Structural/static source-derived candidate only. The exported_file is the shared machine definition-index evidence, not a visual or renderer asset export. It is not an authoritative original-runtime baseline and establishes no runtime reachability, placement, asset usage, visual appearance, renderer suitability, human or owner acceptance, strict completion, or publication."
swf-definition-00736,132,,structural-sprite-definition-candidate,source-assets/flash/HELP MATH_ORIGINAL FILES/HELP_COURSES/ELMGR5/L4/VB/L4VB07.swf,,migrations/course-g05-l04-vb-007/audit/machine/g5-l4-pre-runtime-swf-definition-inventory.csv,4f9b021016de1dc316725329c3e436832b74c0cedf4fc104e9f50e470f20975b,CSV definition-index record for DefineSprite,,,"projection only; no asset bytes exported, transformed, redrawn, or generated",machine-extracted-structural-candidate,owner-provided SWF,"container=root; definitionDepth=0; tagOrdinal=736; payloadBytes=13198; rawTagPayloadSha256=94388d6647e55562215e477ad1457989599851304a9bdbd1f3c417293737408c; exactTagIdentitySha256=9ed3a857f029ab8277a0a67f982c91bbc4ea0927bf9bbdf9a27e9fcf47b93524; declaredFrameCount=27; runtime reachability unresolved; placement and bounds unresolved; renderer suitability unresolved; machineDefinitionIndexSha256=4f9b021016de1dc316725329c3e436832b74c0cedf4fc104e9f50e470f20975b; Structural/static source-derived candidate only. The exported_file is the shared machine definition-index evidence, not a visual or renderer asset export. It is not an authoritative original-runtime baseline and establishes no runtime reachability, placement, asset usage, visual appearance, renderer suitability, human or owner acceptance, strict completion, or publication."
swf-definition-00909,133,,structural-bitmap-definition-candidate,source-assets/flash/HELP MATH_ORIGINAL FILES/HELP_COURSES/ELMGR5/L4/VB/L4VB07.swf,,migrations/course-g05-l04-vb-007/audit/machine/g5-l4-pre-runtime-swf-definition-inventory.csv,4f9b021016de1dc316725329c3e436832b74c0cedf4fc104e9f50e470f20975b,CSV definition-index record for DefineBitsJPEG3,,,"projection only; no asset bytes exported, transformed, redrawn, or generated",machine-extracted-structural-candidate,owner-provided SWF,"container=root; definitionDepth=0; tagOrdinal=909; payloadBytes=11547; rawTagPayloadSha256=2fe4ac32a7fb9ab2e6a8c48e4e1bb9cee054aeddbf87dbbbfc3c9c67cbb1c0b9; exactTagIdentitySha256=6f0b9587a91d7553a2822e2f1d68187fb6df7bea73e38afe56f9ce64235b2e48; runtime reachability unresolved; placement and bounds unresolved; renderer suitability unresolved; machineDefinitionIndexSha256=4f9b021016de1dc316725329c3e436832b74c0cedf4fc104e9f50e470f20975b; Structural/static source-derived candidate only. The exported_file is the shared machine definition-index evidence, not a visual or renderer asset export. It is not an authoritative original-runtime baseline and establishes no runtime reachability, placement, asset usage, visual appearance, renderer suitability, human or owner acceptance, strict completion, or publication."
swf-definition-00910,134,,structural-shape-definition-candidate,source-assets/flash/HELP MATH_ORIGINAL FILES/HELP_COURSES/ELMGR5/L4/VB/L4VB07.swf,,migrations/course-g05-l04-vb-007/audit/machine/g5-l4-pre-runtime-swf-definition-inventory.csv,4f9b021016de1dc316725329c3e436832b74c0cedf4fc104e9f50e470f20975b,CSV definition-index record for DefineShape,,,"projection only; no asset bytes exported, transformed, redrawn, or generated",machine-extracted-structural-candidate,owner-provided SWF,"container=root; definitionDepth=0; tagOrdinal=910; payloadBytes=51; rawTagPayloadSha256=1b98e772821c9124873c583d3a9a3824ab486a16b668247815ec653fad987668; exactTagIdentitySha256=eda4dfcb2af849f99fdb2718dd80241bc17d95a421269fce3d1193fca41be3fb; runtime reachability unresolved; placement and bounds unresolved; renderer suitability unresolved; machineDefinitionIndexSha256=4f9b021016de1dc316725329c3e436832b74c0cedf4fc104e9f50e470f20975b; Structural/static source-derived candidate only. The exported_file is the shared machine definition-index evidence, not a visual or renderer asset export. It is not an authoritative original-runtime baseline and establishes no runtime reachability, placement, asset usage, visual appearance, renderer suitability, human or owner acceptance, strict completion, or publication."
swf-definition-00911,135,,structural-bitmap-definition-candidate,source-assets/flash/HELP MATH_ORIGINAL FILES/HELP_COURSES/ELMGR5/L4/VB/L4VB07.swf,,migrations/course-g05-l04-vb-007/audit/machine/g5-l4-pre-runtime-swf-definition-inventory.csv,4f9b021016de1dc316725329c3e436832b74c0cedf4fc104e9f50e470f20975b,CSV definition-index record for DefineBitsJPEG3,,,"projection only; no asset bytes exported, transformed, redrawn, or generated",machine-extracted-structural-candidate,owner-provided SWF,"container=root; definitionDepth=0; tagOrdinal=911; payloadBytes=104971; rawTagPayloadSha256=2f8e6dbea45909c979b3e5102bbb426154c2d8d949445d330d9d53cff9d8ca54; exactTagIdentitySha256=cba333cdfc1bd87c43f085589a2a9a05107bb0de8090c4f43995a38f15d41cd1; runtime reachability unresolved; placement and bounds unresolved; renderer suitability unresolved; machineDefinitionIndexSha256=4f9b021016de1dc316725329c3e436832b74c0cedf4fc104e9f50e470f20975b; Structural/static source-derived candidate only. The exported_file is the shared machine definition-index evidence, not a visual or renderer asset export. It is not an authoritative original-runtime baseline and establishes no runtime reachability, placement, asset usage, visual appearance, renderer suitability, human or owner acceptance, strict completion, or publication."
swf-definition-00912,136,,structural-shape-definition-candidate,source-assets/flash/HELP MATH_ORIGINAL FILES/HELP_COURSES/ELMGR5/L4/VB/L4VB07.swf,,migrations/course-g05-l04-vb-007/audit/machine/g5-l4-pre-runtime-swf-definition-inventory.csv,4f9b021016de1dc316725329c3e436832b74c0cedf4fc104e9f50e470f20975b,CSV definition-index record for DefineShape,,,"projection only; no asset bytes exported, transformed, redrawn, or generated",machine-extracted-structural-candidate,owner-provided SWF,"container=root; definitionDepth=0; tagOrdinal=912; payloadBytes=53; rawTagPayloadSha256=1c6ad457245839110f9dd128c983e31d40f6e208d62f519e76e1124339429084; exactTagIdentitySha256=6bfa30a71f2df13719ea63202a66a5db81c21cf27c3817b01aca7e83a511a9af; runtime reachability unresolved; placement and bounds unresolved; renderer suitability unresolved; machineDefinitionIndexSha256=4f9b021016de1dc316725329c3e436832b74c0cedf4fc104e9f50e470f20975b; Structural/static source-derived candidate only. The exported_file is the shared machine definition-index evidence, not a visual or renderer asset export. It is not an authoritative original-runtime baseline and establishes no runtime reachability, placement, asset usage, visual appearance, renderer suitability, human or owner acceptance, strict completion, or publication."
swf-definition-00913,137,,structural-bitmap-definition-candidate,source-assets/flash/HELP MATH_ORIGINAL FILES/HELP_COURSES/ELMGR5/L4/VB/L4VB07.swf,,migrations/course-g05-l04-vb-007/audit/machine/g5-l4-pre-runtime-swf-definition-inventory.csv,4f9b021016de1dc316725329c3e436832b74c0cedf4fc104e9f50e470f20975b,CSV definition-index record for DefineBitsJPEG3,,,"projection only; no asset bytes exported, transformed, redrawn, or generated",machine-extracted-structural-candidate,owner-provided SWF,"container=root; definitionDepth=0; tagOrdinal=913; payloadBytes=96292; rawTagPayloadSha256=f51cfcd8e15bcad2d6cbb928bc220574f29b91b029cc5bcec7b24adaf16ef786; exactTagIdentitySha256=7b26c39598a471c01940515931897b0f4e5fafe5ad1a82e7197bdbb0717f6031; runtime reachability unresolved; placement and bounds unresolved; renderer suitability unresolved; machineDefinitionIndexSha256=4f9b021016de1dc316725329c3e436832b74c0cedf4fc104e9f50e470f20975b; Structural/static source-derived candidate only. The exported_file is the shared machine definition-index evidence, not a visual or renderer asset export. It is not an authoritative original-runtime baseline and establishes no runtime reachability, placement, asset usage, visual appearance, renderer suitability, human or owner acceptance, strict completion, or publication."
swf-definition-00914,138,,structural-shape-definition-candidate,source-assets/flash/HELP MATH_ORIGINAL FILES/HELP_COURSES/ELMGR5/L4/VB/L4VB07.swf,,migrations/course-g05-l04-vb-007/audit/machine/g5-l4-pre-runtime-swf-definition-inventory.csv,4f9b021016de1dc316725329c3e436832b74c0cedf4fc104e9f50e470f20975b,CSV definition-index record for DefineShape,,,"projection only; no asset bytes exported, transformed, redrawn, or generated",machine-extracted-structural-candidate,owner-provided SWF,"container=root; definitionDepth=0; tagOrdinal=914; payloadBytes=53; rawTagPayloadSha256=946d3fde0013c147e1b0ab5d523e7d3e88d5df089ce00a6584e7bb8d255fe0b8; exactTagIdentitySha256=58719cad7ec5cd83bf933c9f0f73fbd92728bfeb5338594a71c8f527d2b88ef2; runtime reachability unresolved; placement and bounds unresolved; renderer suitability unresolved; machineDefinitionIndexSha256=4f9b021016de1dc316725329c3e436832b74c0cedf4fc104e9f50e470f20975b; Structural/static source-derived candidate only. The exported_file is the shared machine definition-index evidence, not a visual or renderer asset export. It is not an authoritative original-runtime baseline and establishes no runtime reachability, placement, asset usage, visual appearance, renderer suitability, human or owner acceptance, strict completion, or publication."
swf-definition-00915,139,,structural-shape-definition-candidate,source-assets/flash/HELP MATH_ORIGINAL FILES/HELP_COURSES/ELMGR5/L4/VB/L4VB07.swf,,migrations/course-g05-l04-vb-007/audit/machine/g5-l4-pre-runtime-swf-definition-inventory.csv,4f9b021016de1dc316725329c3e436832b74c0cedf4fc104e9f50e470f20975b,CSV definition-index record for DefineShape3,,,"projection only; no asset bytes exported, transformed, redrawn, or generated",machine-extracted-structural-candidate,owner-provided SWF,"container=root; definitionDepth=0; tagOrdinal=915; payloadBytes=250; rawTagPayloadSha256=d089f1a94fb31324f28f1e697bca40be800e3144f69fb164ccb21c104412a780; exactTagIdentitySha256=6f2b66d3b12713bceedcd8ac9d690d601885112827eb72abcdb7a6a42a36eff3; runtime reachability unresolved; placement and bounds unresolved; renderer suitability unresolved; machineDefinitionIndexSha256=4f9b021016de1dc316725329c3e436832b74c0cedf4fc104e9f50e470f20975b; Structural/static source-derived candidate only. The exported_file is the shared machine definition-index evidence, not a visual or renderer asset export. It is not an authoritative original-runtime baseline and establishes no runtime reachability, placement, asset usage, visual appearance, renderer suitability, human or owner acceptance, strict completion, or publication."
swf-definition-00916,140,,structural-font-definition-candidate,source-assets/flash/HELP MATH_ORIGINAL FILES/HELP_COURSES/ELMGR5/L4/VB/L4VB07.swf,,migrations/course-g05-l04-vb-007/audit/machine/g5-l4-pre-runtime-swf-definition-inventory.csv,4f9b021016de1dc316725329c3e436832b74c0cedf4fc104e9f50e470f20975b,CSV definition-index record for DefineFont2,,8,"projection only; no asset bytes exported, transformed, redrawn, or generated",machine-extracted-structural-candidate,owner-provided SWF,"swfEmbeddedFontName=MicrogrammaDBolExt; container=root; definitionDepth=0; tagOrdinal=916; payloadBytes=570; rawTagPayloadSha256=035651707ad15250e9004257cef748e03011ab73b0b25da1797c90bdcb8b723b; exactTagIdentitySha256=6b93acd6f7d0cebf7901e6f180b59272e9482bb46311d62f08680e00c6747957; runtime reachability unresolved; placement and bounds unresolved; renderer suitability unresolved; machineDefinitionIndexSha256=4f9b021016de1dc316725329c3e436832b74c0cedf4fc104e9f50e470f20975b; Structural/static source-derived candidate only. The exported_file is the shared machine definition-index evidence, not a visual or renderer asset export. It is not an authoritative original-runtime baseline and establishes no runtime reachability, placement, asset usage, visual appearance, renderer suitability, human or owner acceptance, strict completion, or publication."
swf-definition-00918,141,,structural-text-definition-candidate,source-assets/flash/HELP MATH_ORIGINAL FILES/HELP_COURSES/ELMGR5/L4/VB/L4VB07.swf,,migrations/course-g05-l04-vb-007/audit/machine/g5-l4-pre-runtime-swf-definition-inventory.csv,4f9b021016de1dc316725329c3e436832b74c0cedf4fc104e9f50e470f20975b,CSV definition-index record for DefineText,,,"projection only; no asset bytes exported, transformed, redrawn, or generated",machine-extracted-structural-candidate,owner-provided SWF,"container=root; definitionDepth=0; tagOrdinal=918; payloadBytes=46; rawTagPayloadSha256=0b6296bb94737e19c8ab37e6b21b3a507046622f058efc36907d46737eba14c4; exactTagIdentitySha256=eba8c89ddfb9b0f9cb071d2729df028476c0cae2b6b89f4290d900fcc7a8bcc3; runtime reachability unresolved; placement and bounds unresolved; renderer suitability unresolved; machineDefinitionIndexSha256=4f9b021016de1dc316725329c3e436832b74c0cedf4fc104e9f50e470f20975b; Structural/static source-derived candidate only. The exported_file is the shared machine definition-index evidence, not a visual or renderer asset export. It is not an authoritative original-runtime baseline and establishes no runtime reachability, placement, asset usage, visual appearance, renderer suitability, human or owner acceptance, strict completion, or publication."
swf-definition-00919,142,,structural-text-definition-candidate,source-assets/flash/HELP MATH_ORIGINAL FILES/HELP_COURSES/ELMGR5/L4/VB/L4VB07.swf,,migrations/course-g05-l04-vb-007/audit/machine/g5-l4-pre-runtime-swf-definition-inventory.csv,4f9b021016de1dc316725329c3e436832b74c0cedf4fc104e9f50e470f20975b,CSV definition-index record for DefineText,,,"projection only; no asset bytes exported, transformed, redrawn, or generated",machine-extracted-structural-candidate,owner-provided SWF,"container=root; definitionDepth=0; tagOrdinal=919; payloadBytes=46; rawTagPayloadSha256=034011abfe22f47bdaf26a01b5d96e4ba66a58572c0e3e80e9d21b95ac60f6f0; exactTagIdentitySha256=f15b0ef97f4e2325d35f7a3d558475fc07e4f23261cbac54f8fd06be776442d5; runtime reachability unresolved; placement and bounds unresolved; renderer suitability unresolved; machineDefinitionIndexSha256=4f9b021016de1dc316725329c3e436832b74c0cedf4fc104e9f50e470f20975b; Structural/static source-derived candidate only. The exported_file is the shared machine definition-index evidence, not a visual or renderer asset export. It is not an authoritative original-runtime baseline and establishes no runtime reachability, placement, asset usage, visual appearance, renderer suitability, human or owner acceptance, strict completion, or publication."
swf-definition-00920,143,,structural-shape-definition-candidate,source-assets/flash/HELP MATH_ORIGINAL FILES/HELP_COURSES/ELMGR5/L4/VB/L4VB07.swf,,migrations/course-g05-l04-vb-007/audit/machine/g5-l4-pre-runtime-swf-definition-inventory.csv,4f9b021016de1dc316725329c3e436832b74c0cedf4fc104e9f50e470f20975b,CSV definition-index record for DefineShape,,,"projection only; no asset bytes exported, transformed, redrawn, or generated",machine-extracted-structural-candidate,owner-provided SWF,"container=root; definitionDepth=0; tagOrdinal=920; payloadBytes=53; rawTagPayloadSha256=b93b49dbb3b2286f06a06f74c2997abd44fb46e99e7f2a12701c27bc782d9e7e; exactTagIdentitySha256=77445b2def5bd04aec9def9ddb61308081103248373ead2ec3f14b81d6936abc; runtime reachability unresolved; placement and bounds unresolved; renderer suitability unresolved; machineDefinitionIndexSha256=4f9b021016de1dc316725329c3e436832b74c0cedf4fc104e9f50e470f20975b; Structural/static source-derived candidate only. The exported_file is the shared machine definition-index evidence, not a visual or renderer asset export. It is not an authoritative original-runtime baseline and establishes no runtime reachability, placement, asset usage, visual appearance, renderer suitability, human or owner acceptance, strict completion, or publication."
swf-definition-00921,144,,structural-sprite-definition-candidate,source-assets/flash/HELP MATH_ORIGINAL FILES/HELP_COURSES/ELMGR5/L4/VB/L4VB07.swf,,migrations/course-g05-l04-vb-007/audit/machine/g5-l4-pre-runtime-swf-definition-inventory.csv,4f9b021016de1dc316725329c3e436832b74c0cedf4fc104e9f50e470f20975b,CSV definition-index record for DefineSprite,,,"projection only; no asset bytes exported, transformed, redrawn, or generated",machine-extracted-structural-candidate,owner-provided SWF,"container=root; definitionDepth=0; tagOrdinal=921; payloadBytes=12053; rawTagPayloadSha256=88786c19e0ba2f63925b465b9f9a58996cc33ea69866bc0dcedc0e9ffef0a6c0; exactTagIdentitySha256=614bd6cb866905a42a047bf8a78aeb96746cba30125d738ec249cc71a8c523a9; declaredFrameCount=27; runtime reachability unresolved; placement and bounds unresolved; renderer suitability unresolved; machineDefinitionIndexSha256=4f9b021016de1dc316725329c3e436832b74c0cedf4fc104e9f50e470f20975b; Structural/static source-derived candidate only. The exported_file is the shared machine definition-index evidence, not a visual or renderer asset export. It is not an authoritative original-runtime baseline and establishes no runtime reachability, placement, asset usage, visual appearance, renderer suitability, human or owner acceptance, strict completion, or publication."
swf-definition-01025,145,,structural-bitmap-definition-candidate,source-assets/flash/HELP MATH_ORIGINAL FILES/HELP_COURSES/ELMGR5/L4/VB/L4VB07.swf,,migrations/course-g05-l04-vb-007/audit/machine/g5-l4-pre-runtime-swf-definition-inventory.csv,4f9b021016de1dc316725329c3e436832b74c0cedf4fc104e9f50e470f20975b,CSV definition-index record for DefineBitsJPEG3,,,"projection only; no asset bytes exported, transformed, redrawn, or generated",machine-extracted-structural-candidate,owner-provided SWF,"container=root; definitionDepth=0; tagOrdinal=1025; payloadBytes=5556; rawTagPayloadSha256=413480a5b4ebc56534684942a147e7b48cdb33c023b90c66958f2095aa710283; exactTagIdentitySha256=98c7af72bee647aba3e3b3fe41cc69f262fefc20939cf711c401aec69d247ec5; runtime reachability unresolved; placement and bounds unresolved; renderer suitability unresolved; machineDefinitionIndexSha256=4f9b021016de1dc316725329c3e436832b74c0cedf4fc104e9f50e470f20975b; Structural/static source-derived candidate only. The exported_file is the shared machine definition-index evidence, not a visual or renderer asset export. It is not an authoritative original-runtime baseline and establishes no runtime reachability, placement, asset usage, visual appearance, renderer suitability, human or owner acceptance, strict completion, or publication."
swf-definition-01026,146,,structural-shape-definition-candidate,source-assets/flash/HELP MATH_ORIGINAL FILES/HELP_COURSES/ELMGR5/L4/VB/L4VB07.swf,,migrations/course-g05-l04-vb-007/audit/machine/g5-l4-pre-runtime-swf-definition-inventory.csv,4f9b021016de1dc316725329c3e436832b74c0cedf4fc104e9f50e470f20975b,CSV definition-index record for DefineShape,,,"projection only; no asset bytes exported, transformed, redrawn, or generated",machine-extracted-structural-candidate,owner-provided SWF,"container=root; definitionDepth=0; tagOrdinal=1026; payloadBytes=52; rawTagPayloadSha256=d595296fa0a41dcd1533d9df3bdc1a972023074f9a37cfdbe9b386066758755d; exactTagIdentitySha256=a88085d264e73275e4f079bc691c602afbebd8d14d8ee63bd9e4d2f3e80c05aa; runtime reachability unresolved; placement and bounds unresolved; renderer suitability unresolved; machineDefinitionIndexSha256=4f9b021016de1dc316725329c3e436832b74c0cedf4fc104e9f50e470f20975b; Structural/static source-derived candidate only. The exported_file is the shared machine definition-index evidence, not a visual or renderer asset export. It is not an authoritative original-runtime baseline and establishes no runtime reachability, placement, asset usage, visual appearance, renderer suitability, human or owner acceptance, strict completion, or publication."
swf-definition-01027,147,,structural-bitmap-definition-candidate,source-assets/flash/HELP MATH_ORIGINAL FILES/HELP_COURSES/ELMGR5/L4/VB/L4VB07.swf,,migrations/course-g05-l04-vb-007/audit/machine/g5-l4-pre-runtime-swf-definition-inventory.csv,4f9b021016de1dc316725329c3e436832b74c0cedf4fc104e9f50e470f20975b,CSV definition-index record for DefineBitsJPEG3,,,"projection only; no asset bytes exported, transformed, redrawn, or generated",machine-extracted-structural-candidate,owner-provided SWF,"container=root; definitionDepth=0; tagOrdinal=1027; payloadBytes=16430; rawTagPayloadSha256=ba5fb32af585d6c53d1bd753c5a7522658fda1c95875749f1e7072143e181cc0; exactTagIdentitySha256=2b2ebde70b700cd37d663c5fd5d6218bbe20ecdbe84ed577e8e395ed62cee2b8; runtime reachability unresolved; placement and bounds unresolved; renderer suitability unresolved; machineDefinitionIndexSha256=4f9b021016de1dc316725329c3e436832b74c0cedf4fc104e9f50e470f20975b; Structural/static source-derived candidate only. The exported_file is the shared machine definition-index evidence, not a visual or renderer asset export. It is not an authoritative original-runtime baseline and establishes no runtime reachability, placement, asset usage, visual appearance, renderer suitability, human or owner acceptance, strict completion, or publication."
swf-definition-01028,148,,structural-shape-definition-candidate,source-assets/flash/HELP MATH_ORIGINAL FILES/HELP_COURSES/ELMGR5/L4/VB/L4VB07.swf,,migrations/course-g05-l04-vb-007/audit/machine/g5-l4-pre-runtime-swf-definition-inventory.csv,4f9b021016de1dc316725329c3e436832b74c0cedf4fc104e9f50e470f20975b,CSV definition-index record for DefineShape,,,"projection only; no asset bytes exported, transformed, redrawn, or generated",machine-extracted-structural-candidate,owner-provided SWF,"container=root; definitionDepth=0; tagOrdinal=1028; payloadBytes=52; rawTagPayloadSha256=7069e571adbfed742484ed929d8f6c43aa640ccf0829997b725a142743c6af52; exactTagIdentitySha256=a45310dbcbd222e8d497e8c12ec503962e9ea0f64d103d1ada15cb0d33f5f56b; runtime reachability unresolved; placement and bounds unresolved; renderer suitability unresolved; machineDefinitionIndexSha256=4f9b021016de1dc316725329c3e436832b74c0cedf4fc104e9f50e470f20975b; Structural/static source-derived candidate only. The exported_file is the shared machine definition-index evidence, not a visual or renderer asset export. It is not an authoritative original-runtime baseline and establishes no runtime reachability, placement, asset usage, visual appearance, renderer suitability, human or owner acceptance, strict completion, or publication."
swf-definition-01029,149,,structural-bitmap-definition-candidate,source-assets/flash/HELP MATH_ORIGINAL FILES/HELP_COURSES/ELMGR5/L4/VB/L4VB07.swf,,migrations/course-g05-l04-vb-007/audit/machine/g5-l4-pre-runtime-swf-definition-inventory.csv,4f9b021016de1dc316725329c3e436832b74c0cedf4fc104e9f50e470f20975b,CSV definition-index record for DefineBitsJPEG3,,,"projection only; no asset bytes exported, transformed, redrawn, or generated",machine-extracted-structural-candidate,owner-provided SWF,"container=root; definitionDepth=0; tagOrdinal=1029; payloadBytes=31294; rawTagPayloadSha256=5ad7023993b836b74d58d3949b40ce4209b7d8e5e7dd323019c5b7f7d1f97037; exactTagIdentitySha256=13871d223cce91d4c260140ccd8079edf9685ffbd9b9503a23c0e98b9db3c521; runtime reachability unresolved; placement and bounds unresolved; renderer suitability unresolved; machineDefinitionIndexSha256=4f9b021016de1dc316725329c3e436832b74c0cedf4fc104e9f50e470f20975b; Structural/static source-derived candidate only. The exported_file is the shared machine definition-index evidence, not a visual or renderer asset export. It is not an authoritative original-runtime baseline and establishes no runtime reachability, placement, asset usage, visual appearance, renderer suitability, human or owner acceptance, strict completion, or publication."
swf-definition-01030,150,,structural-shape-definition-candidate,source-assets/flash/HELP MATH_ORIGINAL FILES/HELP_COURSES/ELMGR5/L4/VB/L4VB07.swf,,migrations/course-g05-l04-vb-007/audit/machine/g5-l4-pre-runtime-swf-definition-inventory.csv,4f9b021016de1dc316725329c3e436832b74c0cedf4fc104e9f50e470f20975b,CSV definition-index record for DefineShape,,,"projection only; no asset bytes exported, transformed, redrawn, or generated",machine-extracted-structural-candidate,owner-provided SWF,"container=root; definitionDepth=0; tagOrdinal=1030; payloadBytes=54; rawTagPayloadSha256=3fe243b096f30f3e1990ac3d8f5e0207af7ab3337884bffab35e0623cbce2204; exactTagIdentitySha256=30acfed37bd56f0321b67ee06e34e2742922bb4a0508fe4f45280833c5f3494e; runtime reachability unresolved; placement and bounds unresolved; renderer suitability unresolved; machineDefinitionIndexSha256=4f9b021016de1dc316725329c3e436832b74c0cedf4fc104e9f50e470f20975b; Structural/static source-derived candidate only. The exported_file is the shared machine definition-index evidence, not a visual or renderer asset export. It is not an authoritative original-runtime baseline and establishes no runtime reachability, placement, asset usage, visual appearance, renderer suitability, human or owner acceptance, strict completion, or publication."
swf-definition-01031,151,,structural-bitmap-definition-candidate,source-assets/flash/HELP MATH_ORIGINAL FILES/HELP_COURSES/ELMGR5/L4/VB/L4VB07.swf,,migrations/course-g05-l04-vb-007/audit/machine/g5-l4-pre-runtime-swf-definition-inventory.csv,4f9b021016de1dc316725329c3e436832b74c0cedf4fc104e9f50e470f20975b,CSV definition-index record for DefineBitsJPEG3,,,"projection only; no asset bytes exported, transformed, redrawn, or generated",machine-extracted-structural-candidate,owner-provided SWF,"container=root; definitionDepth=0; tagOrdinal=1031; payloadBytes=40576; rawTagPayloadSha256=f3d54baf1584053ea89aff8a2d679c2bf2375527a7dfda779af05799eeb4cff4; exactTagIdentitySha256=9918773c2e8c8067c1bd70233ceed2efc80039dd531bc147a827600341ae3558; runtime reachability unresolved; placement and bounds unresolved; renderer suitability unresolved; machineDefinitionIndexSha256=4f9b021016de1dc316725329c3e436832b74c0cedf4fc104e9f50e470f20975b; Structural/static source-derived candidate only. The exported_file is the shared machine definition-index evidence, not a visual or renderer asset export. It is not an authoritative original-runtime baseline and establishes no runtime reachability, placement, asset usage, visual appearance, renderer suitability, human or owner acceptance, strict completion, or publication."
swf-definition-01032,152,,structural-shape-definition-candidate,source-assets/flash/HELP MATH_ORIGINAL FILES/HELP_COURSES/ELMGR5/L4/VB/L4VB07.swf,,migrations/course-g05-l04-vb-007/audit/machine/g5-l4-pre-runtime-swf-definition-inventory.csv,4f9b021016de1dc316725329c3e436832b74c0cedf4fc104e9f50e470f20975b,CSV definition-index record for DefineShape,,,"projection only; no asset bytes exported, transformed, redrawn, or generated",machine-extracted-structural-candidate,owner-provided SWF,"container=root; definitionDepth=0; tagOrdinal=1032; payloadBytes=54; rawTagPayloadSha256=410a4b15162efa3f0054f872fe28ddbd2bb48ac0bc54676b1272a875a57c21cf; exactTagIdentitySha256=2ca7e5d348262e73436f6dbc4afdbabf79a6fd06296b14d548b720fcb67314f3; runtime reachability unresolved; placement and bounds unresolved; renderer suitability unresolved; machineDefinitionIndexSha256=4f9b021016de1dc316725329c3e436832b74c0cedf4fc104e9f50e470f20975b; Structural/static source-derived candidate only. The exported_file is the shared machine definition-index evidence, not a visual or renderer asset export. It is not an authoritative original-runtime baseline and establishes no runtime reachability, placement, asset usage, visual appearance, renderer suitability, human or owner acceptance, strict completion, or publication."
swf-definition-01033,153,,structural-bitmap-definition-candidate,source-assets/flash/HELP MATH_ORIGINAL FILES/HELP_COURSES/ELMGR5/L4/VB/L4VB07.swf,,migrations/course-g05-l04-vb-007/audit/machine/g5-l4-pre-runtime-swf-definition-inventory.csv,4f9b021016de1dc316725329c3e436832b74c0cedf4fc104e9f50e470f20975b,CSV definition-index record for DefineBitsJPEG3,,,"projection only; no asset bytes exported, transformed, redrawn, or generated",machine-extracted-structural-candidate,owner-provided SWF,"container=root; definitionDepth=0; tagOrdinal=1033; payloadBytes=38542; rawTagPayloadSha256=894f62db09a3755711fa6707546e3575ddd6c903c0ada7c8daf2f2f5dcafda85; exactTagIdentitySha256=e9a94aacfeb46d4aaf904dd54737dc2535e7cd99b65c7d5f37847dc4219be0da; runtime reachability unresolved; placement and bounds unresolved; renderer suitability unresolved; machineDefinitionIndexSha256=4f9b021016de1dc316725329c3e436832b74c0cedf4fc104e9f50e470f20975b; Structural/static source-derived candidate only. The exported_file is the shared machine definition-index evidence, not a visual or renderer asset export. It is not an authoritative original-runtime baseline and establishes no runtime reachability, placement, asset usage, visual appearance, renderer suitability, human or owner acceptance, strict completion, or publication."
swf-definition-01034,154,,structural-shape-definition-candidate,source-assets/flash/HELP MATH_ORIGINAL FILES/HELP_COURSES/ELMGR5/L4/VB/L4VB07.swf,,migrations/course-g05-l04-vb-007/audit/machine/g5-l4-pre-runtime-swf-definition-inventory.csv,4f9b021016de1dc316725329c3e436832b74c0cedf4fc104e9f50e470f20975b,CSV definition-index record for DefineShape,,,"projection only; no asset bytes exported, transformed, redrawn, or generated",machine-extracted-structural-candidate,owner-provided SWF,"container=root; definitionDepth=0; tagOrdinal=1034; payloadBytes=54; rawTagPayloadSha256=471587c9afc42b7d65741b11cada9618f8e04b3937e3be0136da7ce920c47f9b; exactTagIdentitySha256=626e47804025157c1fc7ea789527b0c678c13d9953cac59a7daa91830a4930b2; runtime reachability unresolved; placement and bounds unresolved; renderer suitability unresolved; machineDefinitionIndexSha256=4f9b021016de1dc316725329c3e436832b74c0cedf4fc104e9f50e470f20975b; Structural/static source-derived candidate only. The exported_file is the shared machine definition-index evidence, not a visual or renderer asset export. It is not an authoritative original-runtime baseline and establishes no runtime reachability, placement, asset usage, visual appearance, renderer suitability, human or owner acceptance, strict completion, or publication."
swf-definition-01035,155,,structural-bitmap-definition-candidate,source-assets/flash/HELP MATH_ORIGINAL FILES/HELP_COURSES/ELMGR5/L4/VB/L4VB07.swf,,migrations/course-g05-l04-vb-007/audit/machine/g5-l4-pre-runtime-swf-definition-inventory.csv,4f9b021016de1dc316725329c3e436832b74c0cedf4fc104e9f50e470f20975b,CSV definition-index record for DefineBitsJPEG3,,,"projection only; no asset bytes exported, transformed, redrawn, or generated",machine-extracted-structural-candidate,owner-provided SWF,"container=root; definitionDepth=0; tagOrdinal=1035; payloadBytes=41721; rawTagPayloadSha256=b1230100e0027d7c8688a654b055a76ab861e1f78f641184f9d4dd9a2db67958; exactTagIdentitySha256=a0f2092f1488da5b74845196154efe313a9e01b737e828fd5a82555fb2f9b621; runtime reachability unresolved; placement and bounds unresolved; renderer suitability unresolved; machineDefinitionIndexSha256=4f9b021016de1dc316725329c3e436832b74c0cedf4fc104e9f50e470f20975b; Structural/static source-derived candidate only. The exported_file is the shared machine definition-index evidence, not a visual or renderer asset export. It is not an authoritative original-runtime baseline and establishes no runtime reachability, placement, asset usage, visual appearance, renderer suitability, human or owner acceptance, strict completion, or publication."
swf-definition-01036,156,,structural-shape-definition-candidate,source-assets/flash/HELP MATH_ORIGINAL FILES/HELP_COURSES/ELMGR5/L4/VB/L4VB07.swf,,migrations/course-g05-l04-vb-007/audit/machine/g5-l4-pre-runtime-swf-definition-inventory.csv,4f9b021016de1dc316725329c3e436832b74c0cedf4fc104e9f50e470f20975b,CSV definition-index record for DefineShape,,,"projection only; no asset bytes exported, transformed, redrawn, or generated",machine-extracted-structural-candidate,owner-provided SWF,"container=root; definitionDepth=0; tagOrdinal=1036; payloadBytes=54; rawTagPayloadSha256=3f9c6368115cf68ec7f5de702da7d91234e329fbae76ba1273957b3d265e035b; exactTagIdentitySha256=255597321eb900ff0832adf5c123f63151a2669c726be148f9169cad8acbb59a; runtime reachability unresolved; placement and bounds unresolved; renderer suitability unresolved; machineDefinitionIndexSha256=4f9b021016de1dc316725329c3e436832b74c0cedf4fc104e9f50e470f20975b; Structural/static source-derived candidate only. The exported_file is the shared machine definition-index evidence, not a visual or renderer asset export. It is not an authoritative original-runtime baseline and establishes no runtime reachability, placement, asset usage, visual appearance, renderer suitability, human or owner acceptance, strict completion, or publication."
swf-definition-01037,157,,structural-bitmap-definition-candidate,source-assets/flash/HELP MATH_ORIGINAL FILES/HELP_COURSES/ELMGR5/L4/VB/L4VB07.swf,,migrations/course-g05-l04-vb-007/audit/machine/g5-l4-pre-runtime-swf-definition-inventory.csv,4f9b021016de1dc316725329c3e436832b74c0cedf4fc104e9f50e470f20975b,CSV definition-index record for DefineBitsJPEG3,,,"projection only; no asset bytes exported, transformed, redrawn, or generated",machine-extracted-structural-candidate,owner-provided SWF,"container=root; definitionDepth=0; tagOrdinal=1037; payloadBytes=64051; rawTagPayloadSha256=7e9f0826eb40866c3f3992d2b73963a7af7e4ebbeb5e89f583e6397d1499757c; exactTagIdentitySha256=b6a0fe38f01928736d1e4d0320c4a762f653716eb8c3f803296633515874c8f4; runtime reachability unresolved; placement and bounds unresolved; renderer suitability unresolved; machineDefinitionIndexSha256=4f9b021016de1dc316725329c3e436832b74c0cedf4fc104e9f50e470f20975b; Structural/static source-derived candidate only. The exported_file is the shared machine definition-index evidence, not a visual or renderer asset export. It is not an authoritative original-runtime baseline and establishes no runtime reachability, placement, asset usage, visual appearance, renderer suitability, human or owner acceptance, strict completion, or publication."
swf-definition-01038,158,,structural-shape-definition-candidate,source-assets/flash/HELP MATH_ORIGINAL FILES/HELP_COURSES/ELMGR5/L4/VB/L4VB07.swf,,migrations/course-g05-l04-vb-007/audit/machine/g5-l4-pre-runtime-swf-definition-inventory.csv,4f9b021016de1dc316725329c3e436832b74c0cedf4fc104e9f50e470f20975b,CSV definition-index record for DefineShape,,,"projection only; no asset bytes exported, transformed, redrawn, or generated",machine-extracted-structural-candidate,owner-provided SWF,"container=root; definitionDepth=0; tagOrdinal=1038; payloadBytes=54; rawTagPayloadSha256=7cbbf59d17f376f8f36692dbc7649210f7ba48591cfc713b5a10121fa803695d; exactTagIdentitySha256=7e191aeccdabd3774abc41b962c6382e72bdd08278630f64d239e25b182935ea; runtime reachability unresolved; placement and bounds unresolved; renderer suitability unresolved; machineDefinitionIndexSha256=4f9b021016de1dc316725329c3e436832b74c0cedf4fc104e9f50e470f20975b; Structural/static source-derived candidate only. The exported_file is the shared machine definition-index evidence, not a visual or renderer asset export. It is not an authoritative original-runtime baseline and establishes no runtime reachability, placement, asset usage, visual appearance, renderer suitability, human or owner acceptance, strict completion, or publication."
swf-definition-01039,159,,structural-bitmap-definition-candidate,source-assets/flash/HELP MATH_ORIGINAL FILES/HELP_COURSES/ELMGR5/L4/VB/L4VB07.swf,,migrations/course-g05-l04-vb-007/audit/machine/g5-l4-pre-runtime-swf-definition-inventory.csv,4f9b021016de1dc316725329c3e436832b74c0cedf4fc104e9f50e470f20975b,CSV definition-index record for DefineBitsJPEG3,,,"projection only; no asset bytes exported, transformed, redrawn, or generated",machine-extracted-structural-candidate,owner-provided SWF,"container=root; definitionDepth=0; tagOrdinal=1039; payloadBytes=24379; rawTagPayloadSha256=db5139199d130e24e3c629b0ffa16d5ad5629e7a561f0eea43287c589466c2c4; exactTagIdentitySha256=fe1cf8c828fa06cb6c41a2c83fdadacbc9f23f302c75b21d31a7522b1b05f8ff; runtime reachability unresolved; placement and bounds unresolved; renderer suitability unresolved; machineDefinitionIndexSha256=4f9b021016de1dc316725329c3e436832b74c0cedf4fc104e9f50e470f20975b; Structural/static source-derived candidate only. The exported_file is the shared machine definition-index evidence, not a visual or renderer asset export. It is not an authoritative original-runtime baseline and establishes no runtime reachability, placement, asset usage, visual appearance, renderer suitability, human or owner acceptance, strict completion, or publication."
swf-definition-01040,160,,structural-bitmap-definition-candidate,source-assets/flash/HELP MATH_ORIGINAL FILES/HELP_COURSES/ELMGR5/L4/VB/L4VB07.swf,,migrations/course-g05-l04-vb-007/audit/machine/g5-l4-pre-runtime-swf-definition-inventory.csv,4f9b021016de1dc316725329c3e436832b74c0cedf4fc104e9f50e470f20975b,CSV definition-index record for DefineBitsJPEG3,,,"projection only; no asset bytes exported, transformed, redrawn, or generated",machine-extracted-structural-candidate,owner-provided SWF,"container=root; definitionDepth=0; tagOrdinal=1040; payloadBytes=68306; rawTagPayloadSha256=3753fd8ab95a4db318583654a21bc730f56a7f758069251c634e38f0a1f986d9; exactTagIdentitySha256=ac2ae819473282bbcdbb60d9f1dcda0c3280e109fab129f660e352d711774cd9; runtime reachability unresolved; placement and bounds unresolved; renderer suitability unresolved; machineDefinitionIndexSha256=4f9b021016de1dc316725329c3e436832b74c0cedf4fc104e9f50e470f20975b; Structural/static source-derived candidate only. The exported_file is the shared machine definition-index evidence, not a visual or renderer asset export. It is not an authoritative original-runtime baseline and establishes no runtime reachability, placement, asset usage, visual appearance, renderer suitability, human or owner acceptance, strict completion, or publication."
swf-definition-01041,161,,structural-shape-definition-candidate,source-assets/flash/HELP MATH_ORIGINAL FILES/HELP_COURSES/ELMGR5/L4/VB/L4VB07.swf,,migrations/course-g05-l04-vb-007/audit/machine/g5-l4-pre-runtime-swf-definition-inventory.csv,4f9b021016de1dc316725329c3e436832b74c0cedf4fc104e9f50e470f20975b,CSV definition-index record for DefineShape2,,,"projection only; no asset bytes exported, transformed, redrawn, or generated",machine-extracted-structural-candidate,owner-provided SWF,"container=root; definitionDepth=0; tagOrdinal=1041; payloadBytes=229; rawTagPayloadSha256=33c5382e02c4455f732cb439e85cc5ecbebccae95fe5586a8d7513faff4c79cc; exactTagIdentitySha256=6e78f429c0d7040eea2cccb1a1fc731ab8edfb83f28d1d3686d9bb095395b897; runtime reachability unresolved; placement and bounds unresolved; renderer suitability unresolved; machineDefinitionIndexSha256=4f9b021016de1dc316725329c3e436832b74c0cedf4fc104e9f50e470f20975b; Structural/static source-derived candidate only. The exported_file is the shared machine definition-index evidence, not a visual or renderer asset export. It is not an authoritative original-runtime baseline and establishes no runtime reachability, placement, asset usage, visual appearance, renderer suitability, human or owner acceptance, strict completion, or publication."
swf-definition-01042,162,,structural-bitmap-definition-candidate,source-assets/flash/HELP MATH_ORIGINAL FILES/HELP_COURSES/ELMGR5/L4/VB/L4VB07.swf,,migrations/course-g05-l04-vb-007/audit/machine/g5-l4-pre-runtime-swf-definition-inventory.csv,4f9b021016de1dc316725329c3e436832b74c0cedf4fc104e9f50e470f20975b,CSV definition-index record for DefineBitsJPEG3,,,"projection only; no asset bytes exported, transformed, redrawn, or generated",machine-extracted-structural-candidate,owner-provided SWF,"container=root; definitionDepth=0; tagOrdinal=1042; payloadBytes=86546; rawTagPayloadSha256=aa19564d78ffc703cfccc2945dae0621c5c395340ab223f7117292aa884fdc64; exactTagIdentitySha256=205a6e89635e58786a88e87fa867be870aa20a4fed3a828f916d13576e37de70; runtime reachability unresolved; placement and bounds unresolved; renderer suitability unresolved; machineDefinitionIndexSha256=4f9b021016de1dc316725329c3e436832b74c0cedf4fc104e9f50e470f20975b; Structural/static source-derived candidate only. The exported_file is the shared machine definition-index evidence, not a visual or renderer asset export. It is not an authoritative original-runtime baseline and establishes no runtime reachability, placement, asset usage, visual appearance, renderer suitability, human or owner acceptance, strict completion, or publication."
swf-definition-01043,163,,structural-shape-definition-candidate,source-assets/flash/HELP MATH_ORIGINAL FILES/HELP_COURSES/ELMGR5/L4/VB/L4VB07.swf,,migrations/course-g05-l04-vb-007/audit/machine/g5-l4-pre-runtime-swf-definition-inventory.csv,4f9b021016de1dc316725329c3e436832b74c0cedf4fc104e9f50e470f20975b,CSV definition-index record for DefineShape2,,,"projection only; no asset bytes exported, transformed, redrawn, or generated",machine-extracted-structural-candidate,owner-provided SWF,"container=root; definitionDepth=0; tagOrdinal=1043; payloadBytes=183; rawTagPayloadSha256=6782ab4d433bfc71fa24bde4b51502a8ddf6f7b6d64ec81d7d6e83f31f4f69f4; exactTagIdentitySha256=dce8940ff4bce97a0fdc76c492030405983bfd6267c8e6505fdda9dff4f2c937; runtime reachability unresolved; placement and bounds unresolved; renderer suitability unresolved; machineDefinitionIndexSha256=4f9b021016de1dc316725329c3e436832b74c0cedf4fc104e9f50e470f20975b; Structural/static source-derived candidate only. The exported_file is the shared machine definition-index evidence, not a visual or renderer asset export. It is not an authoritative original-runtime baseline and establishes no runtime reachability, placement, asset usage, visual appearance, renderer suitability, human or owner acceptance, strict completion, or publication."
swf-definition-01044,164,,structural-shape-definition-candidate,source-assets/flash/HELP MATH_ORIGINAL FILES/HELP_COURSES/ELMGR5/L4/VB/L4VB07.swf,,migrations/course-g05-l04-vb-007/audit/machine/g5-l4-pre-runtime-swf-definition-inventory.csv,4f9b021016de1dc316725329c3e436832b74c0cedf4fc104e9f50e470f20975b,CSV definition-index record for DefineShape,,,"projection only; no asset bytes exported, transformed, redrawn, or generated",machine-extracted-structural-candidate,owner-provided SWF,"container=root; definitionDepth=0; tagOrdinal=1044; payloadBytes=55; rawTagPayloadSha256=40be2eecd37266ae98a090e94c68577e33ab92d12c019fa9f9ae8220da0ede8f; exactTagIdentitySha256=960e0db6bcaf95df34365238dad1fef09e90ab26e9b31fa6d8f2e3d96191d806; runtime reachability unresolved; placement and bounds unresolved; renderer suitability unresolved; machineDefinitionIndexSha256=4f9b021016de1dc316725329c3e436832b74c0cedf4fc104e9f50e470f20975b; Structural/static source-derived candidate only. The exported_file is the shared machine definition-index evidence, not a visual or renderer asset export. It is not an authoritative original-runtime baseline and establishes no runtime reachability, placement, asset usage, visual appearance, renderer suitability, human or owner acceptance, strict completion, or publication."
swf-definition-01045,165,,structural-morph-definition-candidate,source-assets/flash/HELP MATH_ORIGINAL FILES/HELP_COURSES/ELMGR5/L4/VB/L4VB07.swf,,migrations/course-g05-l04-vb-007/audit/machine/g5-l4-pre-runtime-swf-definition-inventory.csv,4f9b021016de1dc316725329c3e436832b74c0cedf4fc104e9f50e470f20975b,CSV definition-index record for DefineMorphShape,,,"projection only; no asset bytes exported, transformed, redrawn, or generated",machine-extracted-structural-candidate,owner-provided SWF,"container=root; definitionDepth=0; tagOrdinal=1045; payloadBytes=220; rawTagPayloadSha256=1ebc9c1bc365fb88939fd66477d42408f20d4929a043fd606cdfa90632c32542; exactTagIdentitySha256=db9ca289c526fed35d995f512822029817a996fd8102f65c1e40978f4ac3eda6; runtime reachability unresolved; placement and bounds unresolved; renderer suitability unresolved; machineDefinitionIndexSha256=4f9b021016de1dc316725329c3e436832b74c0cedf4fc104e9f50e470f20975b; Structural/static source-derived candidate only. The exported_file is the shared machine definition-index evidence, not a visual or renderer asset export. It is not an authoritative original-runtime baseline and establishes no runtime reachability, placement, asset usage, visual appearance, renderer suitability, human or owner acceptance, strict completion, or publication."
swf-definition-01046,166,,structural-morph-definition-candidate,source-assets/flash/HELP MATH_ORIGINAL FILES/HELP_COURSES/ELMGR5/L4/VB/L4VB07.swf,,migrations/course-g05-l04-vb-007/audit/machine/g5-l4-pre-runtime-swf-definition-inventory.csv,4f9b021016de1dc316725329c3e436832b74c0cedf4fc104e9f50e470f20975b,CSV definition-index record for DefineMorphShape,,,"projection only; no asset bytes exported, transformed, redrawn, or generated",machine-extracted-structural-candidate,owner-provided SWF,"container=root; definitionDepth=0; tagOrdinal=1046; payloadBytes=222; rawTagPayloadSha256=1ab361aea29bff2e9de89fb5ef4d73e56688cb2c13f4efe4bd5378958e867e03; exactTagIdentitySha256=d39e9fbd2d1a188c98cc202cc823889fce62abbd44a9624615e8e79d75523596; runtime reachability unresolved; placement and bounds unresolved; renderer suitability unresolved; machineDefinitionIndexSha256=4f9b021016de1dc316725329c3e436832b74c0cedf4fc104e9f50e470f20975b; Structural/static source-derived candidate only. The exported_file is the shared machine definition-index evidence, not a visual or renderer asset export. It is not an authoritative original-runtime baseline and establishes no runtime reachability, placement, asset usage, visual appearance, renderer suitability, human or owner acceptance, strict completion, or publication."
swf-definition-01047,167,,structural-font-definition-candidate,source-assets/flash/HELP MATH_ORIGINAL FILES/HELP_COURSES/ELMGR5/L4/VB/L4VB07.swf,,migrations/course-g05-l04-vb-007/audit/machine/g5-l4-pre-runtime-swf-definition-inventory.csv,4f9b021016de1dc316725329c3e436832b74c0cedf4fc104e9f50e470f20975b,CSV definition-index record for DefineFont2,,7,"projection only; no asset bytes exported, transformed, redrawn, or generated",machine-extracted-structural-candidate,owner-provided SWF,"swfEmbeddedFontName=Revue BT; container=root; definitionDepth=0; tagOrdinal=1047; payloadBytes=456; rawTagPayloadSha256=181c8756573b28ec056ee015f5d740f9df4ddc27c734d89800ae1f653a73b5e6; exactTagIdentitySha256=85f314307a4b5e63ac8c14a6905de930c1e8bedebbc8b03fe76a31e1f2677a65; runtime reachability unresolved; placement and bounds unresolved; renderer suitability unresolved; machineDefinitionIndexSha256=4f9b021016de1dc316725329c3e436832b74c0cedf4fc104e9f50e470f20975b; Structural/static source-derived candidate only. The exported_file is the shared machine definition-index evidence, not a visual or renderer asset export. It is not an authoritative original-runtime baseline and establishes no runtime reachability, placement, asset usage, visual appearance, renderer suitability, human or owner acceptance, strict completion, or publication."
swf-definition-01049,168,,structural-text-definition-candidate,source-assets/flash/HELP MATH_ORIGINAL FILES/HELP_COURSES/ELMGR5/L4/VB/L4VB07.swf,,migrations/course-g05-l04-vb-007/audit/machine/g5-l4-pre-runtime-swf-definition-inventory.csv,4f9b021016de1dc316725329c3e436832b74c0cedf4fc104e9f50e470f20975b,CSV definition-index record for DefineText,,,"projection only; no asset bytes exported, transformed, redrawn, or generated",machine-extracted-structural-candidate,owner-provided SWF,"container=root; definitionDepth=0; tagOrdinal=1049; payloadBytes=43; rawTagPayloadSha256=473945841b2b127d57ebc989628724edccd0825c822c4eaa0a7ef91a5410e8af; exactTagIdentitySha256=afb779a7ac268cc8c0b5969d73693b3e13c01bea99860408053adfa928fef950; runtime reachability unresolved; placement and bounds unresolved; renderer suitability unresolved; machineDefinitionIndexSha256=4f9b021016de1dc316725329c3e436832b74c0cedf4fc104e9f50e470f20975b; Structural/static source-derived candidate only. The exported_file is the shared machine definition-index evidence, not a visual or renderer asset export. It is not an authoritative original-runtime baseline and establishes no runtime reachability, placement, asset usage, visual appearance, renderer suitability, human or owner acceptance, strict completion, or publication."
swf-definition-01050,169,,structural-text-definition-candidate,source-assets/flash/HELP MATH_ORIGINAL FILES/HELP_COURSES/ELMGR5/L4/VB/L4VB07.swf,,migrations/course-g05-l04-vb-007/audit/machine/g5-l4-pre-runtime-swf-definition-inventory.csv,4f9b021016de1dc316725329c3e436832b74c0cedf4fc104e9f50e470f20975b,CSV definition-index record for DefineText,,,"projection only; no asset bytes exported, transformed, redrawn, or generated",machine-extracted-structural-candidate,owner-provided SWF,"container=root; definitionDepth=0; tagOrdinal=1050; payloadBytes=43; rawTagPayloadSha256=9403b04fa21a8fe2535fba9e65d9afa32126bc07f3c451f2a8807fe43d8a5b73; exactTagIdentitySha256=60ae515b9b6bf6279bae4f168761c1910703637ec7c817d089744c80d3229da2; runtime reachability unresolved; placement and bounds unresolved; renderer suitability unresolved; machineDefinitionIndexSha256=4f9b021016de1dc316725329c3e436832b74c0cedf4fc104e9f50e470f20975b; Structural/static source-derived candidate only. The exported_file is the shared machine definition-index evidence, not a visual or renderer asset export. It is not an authoritative original-runtime baseline and establishes no runtime reachability, placement, asset usage, visual appearance, renderer suitability, human or owner acceptance, strict completion, or publication."
swf-definition-01051,170,,structural-morph-definition-candidate,source-assets/flash/HELP MATH_ORIGINAL FILES/HELP_COURSES/ELMGR5/L4/VB/L4VB07.swf,,migrations/course-g05-l04-vb-007/audit/machine/g5-l4-pre-runtime-swf-definition-inventory.csv,4f9b021016de1dc316725329c3e436832b74c0cedf4fc104e9f50e470f20975b,CSV definition-index record for DefineMorphShape,,,"projection only; no asset bytes exported, transformed, redrawn, or generated",machine-extracted-structural-candidate,owner-provided SWF,"container=root; definitionDepth=0; tagOrdinal=1051; payloadBytes=220; rawTagPayloadSha256=32365f2ec8f8dfa50363e0ecb2dd210eb184df829436b3987593ba811343dbe5; exactTagIdentitySha256=4d91e64ffab528e9b8ed0bd917ad2e87cd220d186568f4896c459c65fc87af2d; runtime reachability unresolved; placement and bounds unresolved; renderer suitability unresolved; machineDefinitionIndexSha256=4f9b021016de1dc316725329c3e436832b74c0cedf4fc104e9f50e470f20975b; Structural/static source-derived candidate only. The exported_file is the shared machine definition-index evidence, not a visual or renderer asset export. It is not an authoritative original-runtime baseline and establishes no runtime reachability, placement, asset usage, visual appearance, renderer suitability, human or owner acceptance, strict completion, or publication."
swf-definition-01052,171,,structural-shape-definition-candidate,source-assets/flash/HELP MATH_ORIGINAL FILES/HELP_COURSES/ELMGR5/L4/VB/L4VB07.swf,,migrations/course-g05-l04-vb-007/audit/machine/g5-l4-pre-runtime-swf-definition-inventory.csv,4f9b021016de1dc316725329c3e436832b74c0cedf4fc104e9f50e470f20975b,CSV definition-index record for DefineShape3,,,"projection only; no asset bytes exported, transformed, redrawn, or generated",machine-extracted-structural-candidate,owner-provided SWF,"container=root; definitionDepth=0; tagOrdinal=1052; payloadBytes=104; rawTagPayloadSha256=912ab80ba5636e70cb7cd548994a1fc664218cf991431648c68e89b7b647028b; exactTagIdentitySha256=71db987f72b1851c7003ca8400c23a514d196aabc4cd5b8ece565552eb3d5e85; runtime reachability unresolved; placement and bounds unresolved; renderer suitability unresolved; machineDefinitionIndexSha256=4f9b021016de1dc316725329c3e436832b74c0cedf4fc104e9f50e470f20975b; Structural/static source-derived candidate only. The exported_file is the shared machine definition-index evidence, not a visual or renderer asset export. It is not an authoritative original-runtime baseline and establishes no runtime reachability, placement, asset usage, visual appearance, renderer suitability, human or owner acceptance, strict completion, or publication."
swf-definition-01053,172,,structural-sprite-definition-candidate,source-assets/flash/HELP MATH_ORIGINAL FILES/HELP_COURSES/ELMGR5/L4/VB/L4VB07.swf,,migrations/course-g05-l04-vb-007/audit/machine/g5-l4-pre-runtime-swf-definition-inventory.csv,4f9b021016de1dc316725329c3e436832b74c0cedf4fc104e9f50e470f20975b,CSV definition-index record for DefineSprite,,,"projection only; no asset bytes exported, transformed, redrawn, or generated",machine-extracted-structural-candidate,owner-provided SWF,"container=root; definitionDepth=0; tagOrdinal=1053; payloadBytes=11968; rawTagPayloadSha256=6c6b803fc8da2aee0dd5d97674094c9d8dde7f6ce0652228f2e4b7cc78d92936; exactTagIdentitySha256=def5880955f0737d4df6a977895ad4aab5108ba2b2443800323d53ff6808628a; declaredFrameCount=28; runtime reachability unresolved; placement and bounds unresolved; renderer suitability unresolved; machineDefinitionIndexSha256=4f9b021016de1dc316725329c3e436832b74c0cedf4fc104e9f50e470f20975b; Structural/static source-derived candidate only. The exported_file is the shared machine definition-index evidence, not a visual or renderer asset export. It is not an authoritative original-runtime baseline and establishes no runtime reachability, placement, asset usage, visual appearance, renderer suitability, human or owner acceptance, strict completion, or publication."
swf-definition-01156,173,,structural-shape-definition-candidate,source-assets/flash/HELP MATH_ORIGINAL FILES/HELP_COURSES/ELMGR5/L4/VB/L4VB07.swf,,migrations/course-g05-l04-vb-007/audit/machine/g5-l4-pre-runtime-swf-definition-inventory.csv,4f9b021016de1dc316725329c3e436832b74c0cedf4fc104e9f50e470f20975b,CSV definition-index record for DefineShape3,,,"projection only; no asset bytes exported, transformed, redrawn, or generated",machine-extracted-structural-candidate,owner-provided SWF,"container=root; definitionDepth=0; tagOrdinal=1156; payloadBytes=814; rawTagPayloadSha256=9a1f6889af5123a61c0e60fa205f3703b3adea99508aea3eb1e5e910efbeb310; exactTagIdentitySha256=1b286a3bb5d014aeb3682b4e9c97fcfacf8ec38d5fdbe37bdd0f6d95b0c295c1; runtime reachability unresolved; placement and bounds unresolved; renderer suitability unresolved; machineDefinitionIndexSha256=4f9b021016de1dc316725329c3e436832b74c0cedf4fc104e9f50e470f20975b; Structural/static source-derived candidate only. The exported_file is the shared machine definition-index evidence, not a visual or renderer asset export. It is not an authoritative original-runtime baseline and establishes no runtime reachability, placement, asset usage, visual appearance, renderer suitability, human or owner acceptance, strict completion, or publication."
swf-definition-01157,174,,structural-shape-definition-candidate,source-assets/flash/HELP MATH_ORIGINAL FILES/HELP_COURSES/ELMGR5/L4/VB/L4VB07.swf,,migrations/course-g05-l04-vb-007/audit/machine/g5-l4-pre-runtime-swf-definition-inventory.csv,4f9b021016de1dc316725329c3e436832b74c0cedf4fc104e9f50e470f20975b,CSV definition-index record for DefineShape3,,,"projection only; no asset bytes exported, transformed, redrawn, or generated",machine-extracted-structural-candidate,owner-provided SWF,"container=root; definitionDepth=0; tagOrdinal=1157; payloadBytes=327; rawTagPayloadSha256=cf39655da08c7a973202e67e80b8a154a2baad33efffa9fa5d4513e8e9fc17b6; exactTagIdentitySha256=208858c8fcc812c63c0bd9905aef76a765d9a7e1638400643a287808594707e0; runtime reachability unresolved; placement and bounds unresolved; renderer suitability unresolved; machineDefinitionIndexSha256=4f9b021016de1dc316725329c3e436832b74c0cedf4fc104e9f50e470f20975b; Structural/static source-derived candidate only. The exported_file is the shared machine definition-index evidence, not a visual or renderer asset export. It is not an authoritative original-runtime baseline and establishes no runtime reachability, placement, asset usage, visual appearance, renderer suitability, human or owner acceptance, strict completion, or publication."
swf-definition-01158,175,,structural-morph-definition-candidate,source-assets/flash/HELP MATH_ORIGINAL FILES/HELP_COURSES/ELMGR5/L4/VB/L4VB07.swf,,migrations/course-g05-l04-vb-007/audit/machine/g5-l4-pre-runtime-swf-definition-inventory.csv,4f9b021016de1dc316725329c3e436832b74c0cedf4fc104e9f50e470f20975b,CSV definition-index record for DefineMorphShape,,,"projection only; no asset bytes exported, transformed, redrawn, or generated",machine-extracted-structural-candidate,owner-provided SWF,"container=root; definitionDepth=0; tagOrdinal=1158; payloadBytes=193; rawTagPayloadSha256=8f46113641c4f3b254fc2edf1896e96131183df59274530d29a83e1ba4d1315a; exactTagIdentitySha256=a25267e0e726c7303c68bd310f4fcbfd92dd3fbc42c26f933fe0a57acf7259ff; runtime reachability unresolved; placement and bounds unresolved; renderer suitability unresolved; machineDefinitionIndexSha256=4f9b021016de1dc316725329c3e436832b74c0cedf4fc104e9f50e470f20975b; Structural/static source-derived candidate only. The exported_file is the shared machine definition-index evidence, not a visual or renderer asset export. It is not an authoritative original-runtime baseline and establishes no runtime reachability, placement, asset usage, visual appearance, renderer suitability, human or owner acceptance, strict completion, or publication."
swf-definition-01159,176,,structural-morph-definition-candidate,source-assets/flash/HELP MATH_ORIGINAL FILES/HELP_COURSES/ELMGR5/L4/VB/L4VB07.swf,,migrations/course-g05-l04-vb-007/audit/machine/g5-l4-pre-runtime-swf-definition-inventory.csv,4f9b021016de1dc316725329c3e436832b74c0cedf4fc104e9f50e470f20975b,CSV definition-index record for DefineMorphShape,,,"projection only; no asset bytes exported, transformed, redrawn, or generated",machine-extracted-structural-candidate,owner-provided SWF,"container=root; definitionDepth=0; tagOrdinal=1159; payloadBytes=197; rawTagPayloadSha256=c2bd0c6caec522da588dc9c28a2a8b4fa8c15d5661f9178d24268af1c2b7e39f; exactTagIdentitySha256=fe4cfc465a39fc0736fbb61c6d95ba987e22c56be4b3110e7277353d3050140a; runtime reachability unresolved; placement and bounds unresolved; renderer suitability unresolved; machineDefinitionIndexSha256=4f9b021016de1dc316725329c3e436832b74c0cedf4fc104e9f50e470f20975b; Structural/static source-derived candidate only. The exported_file is the shared machine definition-index evidence, not a visual or renderer asset export. It is not an authoritative original-runtime baseline and establishes no runtime reachability, placement, asset usage, visual appearance, renderer suitability, human or owner acceptance, strict completion, or publication."
swf-definition-01160,177,,structural-shape-definition-candidate,source-assets/flash/HELP MATH_ORIGINAL FILES/HELP_COURSES/ELMGR5/L4/VB/L4VB07.swf,,migrations/course-g05-l04-vb-007/audit/machine/g5-l4-pre-runtime-swf-definition-inventory.csv,4f9b021016de1dc316725329c3e436832b74c0cedf4fc104e9f50e470f20975b,CSV definition-index record for DefineShape3,,,"projection only; no asset bytes exported, transformed, redrawn, or generated",machine-extracted-structural-candidate,owner-provided SWF,"container=root; definitionDepth=0; tagOrdinal=1160; payloadBytes=139; rawTagPayloadSha256=adfc4a5aa35674f1693d7385297b8c0ba1737ca8edceaa2ff84887a58c9e9ec1; exactTagIdentitySha256=d532b9df17137e30ad000936f7b471d78e4c2eb2d2743ddbd3edce1924e688ba; runtime reachability unresolved; placement and bounds unresolved; renderer suitability unresolved; machineDefinitionIndexSha256=4f9b021016de1dc316725329c3e436832b74c0cedf4fc104e9f50e470f20975b; Structural/static source-derived candidate only. The exported_file is the shared machine definition-index evidence, not a visual or renderer asset export. It is not an authoritative original-runtime baseline and establishes no runtime reachability, placement, asset usage, visual appearance, renderer suitability, human or owner acceptance, strict completion, or publication."
swf-definition-01161,178,,structural-font-definition-candidate,source-assets/flash/HELP MATH_ORIGINAL FILES/HELP_COURSES/ELMGR5/L4/VB/L4VB07.swf,,migrations/course-g05-l04-vb-007/audit/machine/g5-l4-pre-runtime-swf-definition-inventory.csv,4f9b021016de1dc316725329c3e436832b74c0cedf4fc104e9f50e470f20975b,CSV definition-index record for DefineFont2,,8,"projection only; no asset bytes exported, transformed, redrawn, or generated",machine-extracted-structural-candidate,owner-provided SWF,"swfEmbeddedFontName=Eras Bd BT; container=root; definitionDepth=0; tagOrdinal=1161; payloadBytes=601; rawTagPayloadSha256=232df782a63777e5aa3225d6888a259ee482767e35e4960ee83bbe2ee7446fe6; exactTagIdentitySha256=ee90786eb659c612be1373b200e27ac6033841a01df1978d8883d62deb314830; runtime reachability unresolved; placement and bounds unresolved; renderer suitability unresolved; machineDefinitionIndexSha256=4f9b021016de1dc316725329c3e436832b74c0cedf4fc104e9f50e470f20975b; Structural/static source-derived candidate only. The exported_file is the shared machine definition-index evidence, not a visual or renderer asset export. It is not an authoritative original-runtime baseline and establishes no runtime reachability, placement, asset usage, visual appearance, renderer suitability, human or owner acceptance, strict completion, or publication."
swf-definition-01163,179,,structural-text-definition-candidate,source-assets/flash/HELP MATH_ORIGINAL FILES/HELP_COURSES/ELMGR5/L4/VB/L4VB07.swf,,migrations/course-g05-l04-vb-007/audit/machine/g5-l4-pre-runtime-swf-definition-inventory.csv,4f9b021016de1dc316725329c3e436832b74c0cedf4fc104e9f50e470f20975b,CSV definition-index record for DefineText,,,"projection only; no asset bytes exported, transformed, redrawn, or generated",machine-extracted-structural-candidate,owner-provided SWF,"container=root; definitionDepth=0; tagOrdinal=1163; payloadBytes=45; rawTagPayloadSha256=640c153e5d368582039c27a3d5620999a74e65e4ba5fd7d9b4183d152dcb2cb6; exactTagIdentitySha256=a8cd9145a7d9ea8c8455f49211129840b129a37932f875e45bd3c9031b7d036c; runtime reachability unresolved; placement and bounds unresolved; renderer suitability unresolved; machineDefinitionIndexSha256=4f9b021016de1dc316725329c3e436832b74c0cedf4fc104e9f50e470f20975b; Structural/static source-derived candidate only. The exported_file is the shared machine definition-index evidence, not a visual or renderer asset export. It is not an authoritative original-runtime baseline and establishes no runtime reachability, placement, asset usage, visual appearance, renderer suitability, human or owner acceptance, strict completion, or publication."
swf-definition-01164,180,,structural-text-definition-candidate,source-assets/flash/HELP MATH_ORIGINAL FILES/HELP_COURSES/ELMGR5/L4/VB/L4VB07.swf,,migrations/course-g05-l04-vb-007/audit/machine/g5-l4-pre-runtime-swf-definition-inventory.csv,4f9b021016de1dc316725329c3e436832b74c0cedf4fc104e9f50e470f20975b,CSV definition-index record for DefineText,,,"projection only; no asset bytes exported, transformed, redrawn, or generated",machine-extracted-structural-candidate,owner-provided SWF,"container=root; definitionDepth=0; tagOrdinal=1164; payloadBytes=45; rawTagPayloadSha256=0c2f2b018accf781aaacfdd91b2b6bbde9b100161faa9031c3e925ecd3f5c8b0; exactTagIdentitySha256=d954477768a4c70da470727f9113b5bb6ff23164ef09d2740eef902cbe2ddf61; runtime reachability unresolved; placement and bounds unresolved; renderer suitability unresolved; machineDefinitionIndexSha256=4f9b021016de1dc316725329c3e436832b74c0cedf4fc104e9f50e470f20975b; Structural/static source-derived candidate only. The exported_file is the shared machine definition-index evidence, not a visual or renderer asset export. It is not an authoritative original-runtime baseline and establishes no runtime reachability, placement, asset usage, visual appearance, renderer suitability, human or owner acceptance, strict completion, or publication."
swf-definition-01165,181,,structural-morph-definition-candidate,source-assets/flash/HELP MATH_ORIGINAL FILES/HELP_COURSES/ELMGR5/L4/VB/L4VB07.swf,,migrations/course-g05-l04-vb-007/audit/machine/g5-l4-pre-runtime-swf-definition-inventory.csv,4f9b021016de1dc316725329c3e436832b74c0cedf4fc104e9f50e470f20975b,CSV definition-index record for DefineMorphShape,,,"projection only; no asset bytes exported, transformed, redrawn, or generated",machine-extracted-structural-candidate,owner-provided SWF,"container=root; definitionDepth=0; tagOrdinal=1165; payloadBytes=205; rawTagPayloadSha256=c4438a57fd6e3a1c15048d65f237852e84331d156b152aaa64ad8211cb26dddf; exactTagIdentitySha256=4c183abe37ff435920f4ef981cffe549c6e0a0b935085eb17910f249d8b8bdae; runtime reachability unresolved; placement and bounds unresolved; renderer suitability unresolved; machineDefinitionIndexSha256=4f9b021016de1dc316725329c3e436832b74c0cedf4fc104e9f50e470f20975b; Structural/static source-derived candidate only. The exported_file is the shared machine definition-index evidence, not a visual or renderer asset export. It is not an authoritative original-runtime baseline and establishes no runtime reachability, placement, asset usage, visual appearance, renderer suitability, human or owner acceptance, strict completion, or publication."
swf-definition-01166,182,,structural-shape-definition-candidate,source-assets/flash/HELP MATH_ORIGINAL FILES/HELP_COURSES/ELMGR5/L4/VB/L4VB07.swf,,migrations/course-g05-l04-vb-007/audit/machine/g5-l4-pre-runtime-swf-definition-inventory.csv,4f9b021016de1dc316725329c3e436832b74c0cedf4fc104e9f50e470f20975b,CSV definition-index record for DefineShape3,,,"projection only; no asset bytes exported, transformed, redrawn, or generated",machine-extracted-structural-candidate,owner-provided SWF,"container=root; definitionDepth=0; tagOrdinal=1166; payloadBytes=98; rawTagPayloadSha256=52f420b7af59f640661cc8507a14bb27fb990cfc6bf6c97d88e884ed653b26fa; exactTagIdentitySha256=f4d7146237eac262a512b60e21dcb49877c664f55e72b6014aa3ac5197711b1c; runtime reachability unresolved; placement and bounds unresolved; renderer suitability unresolved; machineDefinitionIndexSha256=4f9b021016de1dc316725329c3e436832b74c0cedf4fc104e9f50e470f20975b; Structural/static source-derived candidate only. The exported_file is the shared machine definition-index evidence, not a visual or renderer asset export. It is not an authoritative original-runtime baseline and establishes no runtime reachability, placement, asset usage, visual appearance, renderer suitability, human or owner acceptance, strict completion, or publication."
swf-definition-01167,183,,structural-morph-definition-candidate,source-assets/flash/HELP MATH_ORIGINAL FILES/HELP_COURSES/ELMGR5/L4/VB/L4VB07.swf,,migrations/course-g05-l04-vb-007/audit/machine/g5-l4-pre-runtime-swf-definition-inventory.csv,4f9b021016de1dc316725329c3e436832b74c0cedf4fc104e9f50e470f20975b,CSV definition-index record for DefineMorphShape,,,"projection only; no asset bytes exported, transformed, redrawn, or generated",machine-extracted-structural-candidate,owner-provided SWF,"container=root; definitionDepth=0; tagOrdinal=1167; payloadBytes=214; rawTagPayloadSha256=31973db4b8ea1a1cb97778502bc460f6a331dece235bf5d830989b9dfba263d9; exactTagIdentitySha256=13175d681c2435ffc292e0cbbd25d2332a38a5d6b0a3062f4c57eb0d2f2537d8; runtime reachability unresolved; placement and bounds unresolved; renderer suitability unresolved; machineDefinitionIndexSha256=4f9b021016de1dc316725329c3e436832b74c0cedf4fc104e9f50e470f20975b; Structural/static source-derived candidate only. The exported_file is the shared machine definition-index evidence, not a visual or renderer asset export. It is not an authoritative original-runtime baseline and establishes no runtime reachability, placement, asset usage, visual appearance, renderer suitability, human or owner acceptance, strict completion, or publication."
swf-definition-01168,184,,structural-text-definition-candidate,source-assets/flash/HELP MATH_ORIGINAL FILES/HELP_COURSES/ELMGR5/L4/VB/L4VB07.swf,,migrations/course-g05-l04-vb-007/audit/machine/g5-l4-pre-runtime-swf-definition-inventory.csv,4f9b021016de1dc316725329c3e436832b74c0cedf4fc104e9f50e470f20975b,CSV definition-index record for DefineText,,,"projection only; no asset bytes exported, transformed, redrawn, or generated",machine-extracted-structural-candidate,owner-provided SWF,"container=root; definitionDepth=0; tagOrdinal=1168; payloadBytes=45; rawTagPayloadSha256=e4d9cb5ce834020838799155f2075aa8bfa2dcd807c857b9f5df3fd2fc60e1cb; exactTagIdentitySha256=2b33ad85dbd8e30bbd4b9cd2c28fb79b774c394f8917cfd5d583154b682bb7e3; runtime reachability unresolved; placement and bounds unresolved; renderer suitability unresolved; machineDefinitionIndexSha256=4f9b021016de1dc316725329c3e436832b74c0cedf4fc104e9f50e470f20975b; Structural/static source-derived candidate only. The exported_file is the shared machine definition-index evidence, not a visual or renderer asset export. It is not an authoritative original-runtime baseline and establishes no runtime reachability, placement, asset usage, visual appearance, renderer suitability, human or owner acceptance, strict completion, or publication."
swf-definition-01169,185,,structural-shape-definition-candidate,source-assets/flash/HELP MATH_ORIGINAL FILES/HELP_COURSES/ELMGR5/L4/VB/L4VB07.swf,,migrations/course-g05-l04-vb-007/audit/machine/g5-l4-pre-runtime-swf-definition-inventory.csv,4f9b021016de1dc316725329c3e436832b74c0cedf4fc104e9f50e470f20975b,CSV definition-index record for DefineShape3,,,"projection only; no asset bytes exported, transformed, redrawn, or generated",machine-extracted-structural-candidate,owner-provided SWF,"container=root; definitionDepth=0; tagOrdinal=1169; payloadBytes=102; rawTagPayloadSha256=555057c6d20aa59dac279ac9f961f0d417480513197060c38cb60d204bfa9e89; exactTagIdentitySha256=5e1281b08e76ea20cd8e95bb21c8e08a3cf412c4e22af8da17f12492adea0776; runtime reachability unresolved; placement and bounds unresolved; renderer suitability unresolved; machineDefinitionIndexSha256=4f9b021016de1dc316725329c3e436832b74c0cedf4fc104e9f50e470f20975b; Structural/static source-derived candidate only. The exported_file is the shared machine definition-index evidence, not a visual or renderer asset export. It is not an authoritative original-runtime baseline and establishes no runtime reachability, placement, asset usage, visual appearance, renderer suitability, human or owner acceptance, strict completion, or publication."
swf-definition-01170,186,,structural-sprite-definition-candidate,source-assets/flash/HELP MATH_ORIGINAL FILES/HELP_COURSES/ELMGR5/L4/VB/L4VB07.swf,,migrations/course-g05-l04-vb-007/audit/machine/g5-l4-pre-runtime-swf-definition-inventory.csv,4f9b021016de1dc316725329c3e436832b74c0cedf4fc104e9f50e470f20975b,CSV definition-index record for DefineSprite,,,"projection only; no asset bytes exported, transformed, redrawn, or generated",machine-extracted-structural-candidate,owner-provided SWF,"container=root; definitionDepth=0; tagOrdinal=1170; payloadBytes=14672; rawTagPayloadSha256=b1225e3a60f8a6f2027cb1754fa1ca5834298cfcd6ada25c9fdca2ebde53bd61; exactTagIdentitySha256=882db918c78e12dc5f0f62a77100add47ef172aad321e19ce953b43853d30c96; declaredFrameCount=32; runtime reachability unresolved; placement and bounds unresolved; renderer suitability unresolved; machineDefinitionIndexSha256=4f9b021016de1dc316725329c3e436832b74c0cedf4fc104e9f50e470f20975b; Structural/static source-derived candidate only. The exported_file is the shared machine definition-index evidence, not a visual or renderer asset export. It is not an authoritative original-runtime baseline and establishes no runtime reachability, placement, asset usage, visual appearance, renderer suitability, human or owner acceptance, strict completion, or publication."
swf-definition-01345,187,,structural-morph-definition-candidate,source-assets/flash/HELP MATH_ORIGINAL FILES/HELP_COURSES/ELMGR5/L4/VB/L4VB07.swf,,migrations/course-g05-l04-vb-007/audit/machine/g5-l4-pre-runtime-swf-definition-inventory.csv,4f9b021016de1dc316725329c3e436832b74c0cedf4fc104e9f50e470f20975b,CSV definition-index record for DefineMorphShape,,,"projection only; no asset bytes exported, transformed, redrawn, or generated",machine-extracted-structural-candidate,owner-provided SWF,"container=root; definitionDepth=0; tagOrdinal=1345; payloadBytes=408; rawTagPayloadSha256=c36659a6873a2b76865935f6743a87c14f01d3da221890e0b1b319fa58d1e8ab; exactTagIdentitySha256=4fef72db87a4736b256557a92c6e35a8bc52fbd3208dee87fc2f27bd9637f53b; runtime reachability unresolved; placement and bounds unresolved; renderer suitability unresolved; machineDefinitionIndexSha256=4f9b021016de1dc316725329c3e436832b74c0cedf4fc104e9f50e470f20975b; Structural/static source-derived candidate only. The exported_file is the shared machine definition-index evidence, not a visual or renderer asset export. It is not an authoritative original-runtime baseline and establishes no runtime reachability, placement, asset usage, visual appearance, renderer suitability, human or owner acceptance, strict completion, or publication."
swf-definition-01346,188,,structural-morph-definition-candidate,source-assets/flash/HELP MATH_ORIGINAL FILES/HELP_COURSES/ELMGR5/L4/VB/L4VB07.swf,,migrations/course-g05-l04-vb-007/audit/machine/g5-l4-pre-runtime-swf-definition-inventory.csv,4f9b021016de1dc316725329c3e436832b74c0cedf4fc104e9f50e470f20975b,CSV definition-index record for DefineMorphShape,,,"projection only; no asset bytes exported, transformed, redrawn, or generated",machine-extracted-structural-candidate,owner-provided SWF,"container=root; definitionDepth=0; tagOrdinal=1346; payloadBytes=537; rawTagPayloadSha256=2195350f1e2e69f6bc8aad358a54350d85840743f3acf3f634ec95f8beef9514; exactTagIdentitySha256=5bddc259255120b9db1093849a87c9e2b6dad1d6ee302440a979c4eeafe844f8; runtime reachability unresolved; placement and bounds unresolved; renderer suitability unresolved; machineDefinitionIndexSha256=4f9b021016de1dc316725329c3e436832b74c0cedf4fc104e9f50e470f20975b; Structural/static source-derived candidate only. The exported_file is the shared machine definition-index evidence, not a visual or renderer asset export. It is not an authoritative original-runtime baseline and establishes no runtime reachability, placement, asset usage, visual appearance, renderer suitability, human or owner acceptance, strict completion, or publication."
swf-definition-01347,189,,structural-morph-definition-candidate,source-assets/flash/HELP MATH_ORIGINAL FILES/HELP_COURSES/ELMGR5/L4/VB/L4VB07.swf,,migrations/course-g05-l04-vb-007/audit/machine/g5-l4-pre-runtime-swf-definition-inventory.csv,4f9b021016de1dc316725329c3e436832b74c0cedf4fc104e9f50e470f20975b,CSV definition-index record for DefineMorphShape,,,"projection only; no asset bytes exported, transformed, redrawn, or generated",machine-extracted-structural-candidate,owner-provided SWF,"container=root; definitionDepth=0; tagOrdinal=1347; payloadBytes=537; rawTagPayloadSha256=cdf1dc9009e1eb055936afce30e44c758e8fac14e020734f253257e56f3084e2; exactTagIdentitySha256=21b4f3b7563babb7d1db90e54a390a4b93a276ed57370d10e5368bb827fa876f; runtime reachability unresolved; placement and bounds unresolved; renderer suitability unresolved; machineDefinitionIndexSha256=4f9b021016de1dc316725329c3e436832b74c0cedf4fc104e9f50e470f20975b; Structural/static source-derived candidate only. The exported_file is the shared machine definition-index evidence, not a visual or renderer asset export. It is not an authoritative original-runtime baseline and establishes no runtime reachability, placement, asset usage, visual appearance, renderer suitability, human or owner acceptance, strict completion, or publication."
swf-definition-01348,190,,structural-morph-definition-candidate,source-assets/flash/HELP MATH_ORIGINAL FILES/HELP_COURSES/ELMGR5/L4/VB/L4VB07.swf,,migrations/course-g05-l04-vb-007/audit/machine/g5-l4-pre-runtime-swf-definition-inventory.csv,4f9b021016de1dc316725329c3e436832b74c0cedf4fc104e9f50e470f20975b,CSV definition-index record for DefineMorphShape,,,"projection only; no asset bytes exported, transformed, redrawn, or generated",machine-extracted-structural-candidate,owner-provided SWF,"container=root; definitionDepth=0; tagOrdinal=1348; payloadBytes=409; rawTagPayloadSha256=fa8f5fdac433efb010b999514f93592a236be9c2bbabe40569658cd6e071bbda; exactTagIdentitySha256=09654b6d91b8a2e041bb3dd1055805f5044bde60be5bc6c62ba9622c4197848a; runtime reachability unresolved; placement and bounds unresolved; renderer suitability unresolved; machineDefinitionIndexSha256=4f9b021016de1dc316725329c3e436832b74c0cedf4fc104e9f50e470f20975b; Structural/static source-derived candidate only. The exported_file is the shared machine definition-index evidence, not a visual or renderer asset export. It is not an authoritative original-runtime baseline and establishes no runtime reachability, placement, asset usage, visual appearance, renderer suitability, human or owner acceptance, strict completion, or publication."
swf-definition-01349,191,,structural-shape-definition-candidate,source-assets/flash/HELP MATH_ORIGINAL FILES/HELP_COURSES/ELMGR5/L4/VB/L4VB07.swf,,migrations/course-g05-l04-vb-007/audit/machine/g5-l4-pre-runtime-swf-definition-inventory.csv,4f9b021016de1dc316725329c3e436832b74c0cedf4fc104e9f50e470f20975b,CSV definition-index record for DefineShape3,,,"projection only; no asset bytes exported, transformed, redrawn, or generated",machine-extracted-structural-candidate,owner-provided SWF,"container=root; definitionDepth=0; tagOrdinal=1349; payloadBytes=197; rawTagPayloadSha256=c0c406e236b4631b1c2ac6650c637d6cf703639dcd85bc9094366296368f6ab6; exactTagIdentitySha256=b08dda23aed96d003544d72f80d42ed3da494630734d41d3c956e3113e03da82; runtime reachability unresolved; placement and bounds unresolved; renderer suitability unresolved; machineDefinitionIndexSha256=4f9b021016de1dc316725329c3e436832b74c0cedf4fc104e9f50e470f20975b; Structural/static source-derived candidate only. The exported_file is the shared machine definition-index evidence, not a visual or renderer asset export. It is not an authoritative original-runtime baseline and establishes no runtime reachability, placement, asset usage, visual appearance, renderer suitability, human or owner acceptance, strict completion, or publication."
swf-definition-01350,192,,structural-sprite-definition-candidate,source-assets/flash/HELP MATH_ORIGINAL FILES/HELP_COURSES/ELMGR5/L4/VB/L4VB07.swf,,migrations/course-g05-l04-vb-007/audit/machine/g5-l4-pre-runtime-swf-definition-inventory.csv,4f9b021016de1dc316725329c3e436832b74c0cedf4fc104e9f50e470f20975b,CSV definition-index record for DefineSprite,,,"projection only; no asset bytes exported, transformed, redrawn, or generated",machine-extracted-structural-candidate,owner-provided SWF,"container=root; definitionDepth=0; tagOrdinal=1350; payloadBytes=216; rawTagPayloadSha256=3c0e8360cab9e169879c432618f68cdcbd323e8ed13373b684087a2817970597; exactTagIdentitySha256=83b28c9ad3f6b668268aebecc603a219800f500c44f8b21dec7aa65124e09159; declaredFrameCount=22; runtime reachability unresolved; placement and bounds unresolved; renderer suitability unresolved; machineDefinitionIndexSha256=4f9b021016de1dc316725329c3e436832b74c0cedf4fc104e9f50e470f20975b; Structural/static source-derived candidate only. The exported_file is the shared machine definition-index evidence, not a visual or renderer asset export. It is not an authoritative original-runtime baseline and establishes no runtime reachability, placement, asset usage, visual appearance, renderer suitability, human or owner acceptance, strict completion, or publication."
swf-definition-01397,193,,structural-bitmap-definition-candidate,source-assets/flash/HELP MATH_ORIGINAL FILES/HELP_COURSES/ELMGR5/L4/VB/L4VB07.swf,,migrations/course-g05-l04-vb-007/audit/machine/g5-l4-pre-runtime-swf-definition-inventory.csv,4f9b021016de1dc316725329c3e436832b74c0cedf4fc104e9f50e470f20975b,CSV definition-index record for DefineBitsJPEG3,,,"projection only; no asset bytes exported, transformed, redrawn, or generated",machine-extracted-structural-candidate,owner-provided SWF,"container=root; definitionDepth=0; tagOrdinal=1397; payloadBytes=22183; rawTagPayloadSha256=3c3dbbe0ae0c5c30793e38ff9de10e0ca9cafb49184d2b75d7944c3e5187cfcb; exactTagIdentitySha256=04f326340c27036a697ae6cc92b572bb41b24de9f3285a415d9297dbb781487f; runtime reachability unresolved; placement and bounds unresolved; renderer suitability unresolved; machineDefinitionIndexSha256=4f9b021016de1dc316725329c3e436832b74c0cedf4fc104e9f50e470f20975b; Structural/static source-derived candidate only. The exported_file is the shared machine definition-index evidence, not a visual or renderer asset export. It is not an authoritative original-runtime baseline and establishes no runtime reachability, placement, asset usage, visual appearance, renderer suitability, human or owner acceptance, strict completion, or publication."
swf-definition-01398,194,,structural-shape-definition-candidate,source-assets/flash/HELP MATH_ORIGINAL FILES/HELP_COURSES/ELMGR5/L4/VB/L4VB07.swf,,migrations/course-g05-l04-vb-007/audit/machine/g5-l4-pre-runtime-swf-definition-inventory.csv,4f9b021016de1dc316725329c3e436832b74c0cedf4fc104e9f50e470f20975b,CSV definition-index record for DefineShape,,,"projection only; no asset bytes exported, transformed, redrawn, or generated",machine-extracted-structural-candidate,owner-provided SWF,"container=root; definitionDepth=0; tagOrdinal=1398; payloadBytes=54; rawTagPayloadSha256=86b17d4823384e93c1c1fb7bc45203898b73b7f2ecf424ee5b2e508066d2c542; exactTagIdentitySha256=e0021dd7b58188f5d3cebe8083e3132be8d0319df6e6bad3a9103d9b00648e24; runtime reachability unresolved; placement and bounds unresolved; renderer suitability unresolved; machineDefinitionIndexSha256=4f9b021016de1dc316725329c3e436832b74c0cedf4fc104e9f50e470f20975b; Structural/static source-derived candidate only. The exported_file is the shared machine definition-index evidence, not a visual or renderer asset export. It is not an authoritative original-runtime baseline and establishes no runtime reachability, placement, asset usage, visual appearance, renderer suitability, human or owner acceptance, strict completion, or publication."
swf-definition-01399,195,,structural-morph-definition-candidate,source-assets/flash/HELP MATH_ORIGINAL FILES/HELP_COURSES/ELMGR5/L4/VB/L4VB07.swf,,migrations/course-g05-l04-vb-007/audit/machine/g5-l4-pre-runtime-swf-definition-inventory.csv,4f9b021016de1dc316725329c3e436832b74c0cedf4fc104e9f50e470f20975b,CSV definition-index record for DefineMorphShape,,,"projection only; no asset bytes exported, transformed, redrawn, or generated",machine-extracted-structural-candidate,owner-provided SWF,"container=root; definitionDepth=0; tagOrdinal=1399; payloadBytes=236; rawTagPayloadSha256=8252998af1471b5dec55fe7dc84175234092f489dc8aa95a57b8a0412e99de1b; exactTagIdentitySha256=18a08e8c56c1ef0e8aad3c2b78b4c6d694f27895f0e3c971fc06a011d1c182ad; runtime reachability unresolved; placement and bounds unresolved; renderer suitability unresolved; machineDefinitionIndexSha256=4f9b021016de1dc316725329c3e436832b74c0cedf4fc104e9f50e470f20975b; Structural/static source-derived candidate only. The exported_file is the shared machine definition-index evidence, not a visual or renderer asset export. It is not an authoritative original-runtime baseline and establishes no runtime reachability, placement, asset usage, visual appearance, renderer suitability, human or owner acceptance, strict completion, or publication."
swf-definition-01400,196,,structural-shape-definition-candidate,source-assets/flash/HELP MATH_ORIGINAL FILES/HELP_COURSES/ELMGR5/L4/VB/L4VB07.swf,,migrations/course-g05-l04-vb-007/audit/machine/g5-l4-pre-runtime-swf-definition-inventory.csv,4f9b021016de1dc316725329c3e436832b74c0cedf4fc104e9f50e470f20975b,CSV definition-index record for DefineShape3,,,"projection only; no asset bytes exported, transformed, redrawn, or generated",machine-extracted-structural-candidate,owner-provided SWF,"container=root; definitionDepth=0; tagOrdinal=1400; payloadBytes=1960; rawTagPayloadSha256=b8889d3d815222afead42c6e916f133a08d2564e4d016da8bd50647178ffe542; exactTagIdentitySha256=13985189b7ae71d8852d8be2f5505640a63dfad86ac72a966e3eb5ff0ca73af0; runtime reachability unresolved; placement and bounds unresolved; renderer suitability unresolved; machineDefinitionIndexSha256=4f9b021016de1dc316725329c3e436832b74c0cedf4fc104e9f50e470f20975b; Structural/static source-derived candidate only. The exported_file is the shared machine definition-index evidence, not a visual or renderer asset export. It is not an authoritative original-runtime baseline and establishes no runtime reachability, placement, asset usage, visual appearance, renderer suitability, human or owner acceptance, strict completion, or publication."
swf-definition-01401,197,,structural-shape-definition-candidate,source-assets/flash/HELP MATH_ORIGINAL FILES/HELP_COURSES/ELMGR5/L4/VB/L4VB07.swf,,migrations/course-g05-l04-vb-007/audit/machine/g5-l4-pre-runtime-swf-definition-inventory.csv,4f9b021016de1dc316725329c3e436832b74c0cedf4fc104e9f50e470f20975b,CSV definition-index record for DefineShape3,,,"projection only; no asset bytes exported, transformed, redrawn, or generated",machine-extracted-structural-candidate,owner-provided SWF,"container=root; definitionDepth=0; tagOrdinal=1401; payloadBytes=776; rawTagPayloadSha256=9dbae53e385b1f15571586fedee7f86ca4162424e56cdefd556d91a57c357a89; exactTagIdentitySha256=a6e566264b839b397e60f993e195158ce0bcf16d4c9a3162e67674ef848d37fa; runtime reachability unresolved; placement and bounds unresolved; renderer suitability unresolved; machineDefinitionIndexSha256=4f9b021016de1dc316725329c3e436832b74c0cedf4fc104e9f50e470f20975b; Structural/static source-derived candidate only. The exported_file is the shared machine definition-index evidence, not a visual or renderer asset export. It is not an authoritative original-runtime baseline and establishes no runtime reachability, placement, asset usage, visual appearance, renderer suitability, human or owner acceptance, strict completion, or publication."
swf-definition-01402,198,,structural-shape-definition-candidate,source-assets/flash/HELP MATH_ORIGINAL FILES/HELP_COURSES/ELMGR5/L4/VB/L4VB07.swf,,migrations/course-g05-l04-vb-007/audit/machine/g5-l4-pre-runtime-swf-definition-inventory.csv,4f9b021016de1dc316725329c3e436832b74c0cedf4fc104e9f50e470f20975b,CSV definition-index record for DefineShape3,,,"projection only; no asset bytes exported, transformed, redrawn, or generated",machine-extracted-structural-candidate,owner-provided SWF,"container=root; definitionDepth=0; tagOrdinal=1402; payloadBytes=765; rawTagPayloadSha256=9c784818c304d1d13f8c35fe8d25a4753ec7f3c3c6d657cc210682a8b63da509; exactTagIdentitySha256=176a3d3800bf1dc066303dc62a998dc449b88d4a640a67b62eb56c4342262536; runtime reachability unresolved; placement and bounds unresolved; renderer suitability unresolved; machineDefinitionIndexSha256=4f9b021016de1dc316725329c3e436832b74c0cedf4fc104e9f50e470f20975b; Structural/static source-derived candidate only. The exported_file is the shared machine definition-index evidence, not a visual or renderer asset export. It is not an authoritative original-runtime baseline and establishes no runtime reachability, placement, asset usage, visual appearance, renderer suitability, human or owner acceptance, strict completion, or publication."
swf-definition-01403,199,,structural-shape-definition-candidate,source-assets/flash/HELP MATH_ORIGINAL FILES/HELP_COURSES/ELMGR5/L4/VB/L4VB07.swf,,migrations/course-g05-l04-vb-007/audit/machine/g5-l4-pre-runtime-swf-definition-inventory.csv,4f9b021016de1dc316725329c3e436832b74c0cedf4fc104e9f50e470f20975b,CSV definition-index record for DefineShape3,,,"projection only; no asset bytes exported, transformed, redrawn, or generated",machine-extracted-structural-candidate,owner-provided SWF,"container=root; definitionDepth=0; tagOrdinal=1403; payloadBytes=835; rawTagPayloadSha256=dcf15fcb18419ad6ae197fc848177cf8d0b248e794ec663ec2b5f993cc4b7e38; exactTagIdentitySha256=92ea4b39763874fe56b7a1f37b5e2768942b7a4e2ba6a3c36fbfffa6efe3e8fe; runtime reachability unresolved; placement and bounds unresolved; renderer suitability unresolved; machineDefinitionIndexSha256=4f9b021016de1dc316725329c3e436832b74c0cedf4fc104e9f50e470f20975b; Structural/static source-derived candidate only. The exported_file is the shared machine definition-index evidence, not a visual or renderer asset export. It is not an authoritative original-runtime baseline and establishes no runtime reachability, placement, asset usage, visual appearance, renderer suitability, human or owner acceptance, strict completion, or publication."
swf-definition-01404,200,,structural-shape-definition-candidate,source-assets/flash/HELP MATH_ORIGINAL FILES/HELP_COURSES/ELMGR5/L4/VB/L4VB07.swf,,migrations/course-g05-l04-vb-007/audit/machine/g5-l4-pre-runtime-swf-definition-inventory.csv,4f9b021016de1dc316725329c3e436832b74c0cedf4fc104e9f50e470f20975b,CSV definition-index record for DefineShape3,,,"projection only; no asset bytes exported, transformed, redrawn, or generated",machine-extracted-structural-candidate,owner-provided SWF,"container=root; definitionDepth=0; tagOrdinal=1404; payloadBytes=892; rawTagPayloadSha256=493ec08cb93163d2319e98fee5a8e066493cb807bca95077036f0926ab20b6f7; exactTagIdentitySha256=b48d6bbca4bfef4b17250b499c6fac175b3bf54f480ce5b4ccaae31377a78827; runtime reachability unresolved; placement and bounds unresolved; renderer suitability unresolved; machineDefinitionIndexSha256=4f9b021016de1dc316725329c3e436832b74c0cedf4fc104e9f50e470f20975b; Structural/static source-derived candidate only. The exported_file is the shared machine definition-index evidence, not a visual or renderer asset export. It is not an authoritative original-runtime baseline and establishes no runtime reachability, placement, asset usage, visual appearance, renderer suitability, human or owner acceptance, strict completion, or publication."
swf-definition-01405,201,,structural-shape-definition-candidate,source-assets/flash/HELP MATH_ORIGINAL FILES/HELP_COURSES/ELMGR5/L4/VB/L4VB07.swf,,migrations/course-g05-l04-vb-007/audit/machine/g5-l4-pre-runtime-swf-definition-inventory.csv,4f9b021016de1dc316725329c3e436832b74c0cedf4fc104e9f50e470f20975b,CSV definition-index record for DefineShape3,,,"projection only; no asset bytes exported, transformed, redrawn, or generated",machine-extracted-structural-candidate,owner-provided SWF,"container=root; definitionDepth=0; tagOrdinal=1405; payloadBytes=1022; rawTagPayloadSha256=a759623ce03517305b83af27808afafdf668aa8d8eba451149871be7f6931ee4; exactTagIdentitySha256=06c44820695c61993963e03316b2acc98e4e2828223133063bfef310c99f2864; runtime reachability unresolved; placement and bounds unresolved; renderer suitability unresolved; machineDefinitionIndexSha256=4f9b021016de1dc316725329c3e436832b74c0cedf4fc104e9f50e470f20975b; Structural/static source-derived candidate only. The exported_file is the shared machine definition-index evidence, not a visual or renderer asset export. It is not an authoritative original-runtime baseline and establishes no runtime reachability, placement, asset usage, visual appearance, renderer suitability, human or owner acceptance, strict completion, or publication."
swf-definition-01406,202,,structural-shape-definition-candidate,source-assets/flash/HELP MATH_ORIGINAL FILES/HELP_COURSES/ELMGR5/L4/VB/L4VB07.swf,,migrations/course-g05-l04-vb-007/audit/machine/g5-l4-pre-runtime-swf-definition-inventory.csv,4f9b021016de1dc316725329c3e436832b74c0cedf4fc104e9f50e470f20975b,CSV definition-index record for DefineShape3,,,"projection only; no asset bytes exported, transformed, redrawn, or generated",machine-extracted-structural-candidate,owner-provided SWF,"container=root; definitionDepth=0; tagOrdinal=1406; payloadBytes=1132; rawTagPayloadSha256=8ead988036249358990ee30e2b72fc7a863ef04378f8e5ef66e70b15c2a8cee4; exactTagIdentitySha256=316d35c155df65eed8504c022abbac57e4e2bfc46da24ecb3fb2cae86393608a; runtime reachability unresolved; placement and bounds unresolved; renderer suitability unresolved; machineDefinitionIndexSha256=4f9b021016de1dc316725329c3e436832b74c0cedf4fc104e9f50e470f20975b; Structural/static source-derived candidate only. The exported_file is the shared machine definition-index evidence, not a visual or renderer asset export. It is not an authoritative original-runtime baseline and establishes no runtime reachability, placement, asset usage, visual appearance, renderer suitability, human or owner acceptance, strict completion, or publication."
swf-definition-01407,203,,structural-shape-definition-candidate,source-assets/flash/HELP MATH_ORIGINAL FILES/HELP_COURSES/ELMGR5/L4/VB/L4VB07.swf,,migrations/course-g05-l04-vb-007/audit/machine/g5-l4-pre-runtime-swf-definition-inventory.csv,4f9b021016de1dc316725329c3e436832b74c0cedf4fc104e9f50e470f20975b,CSV definition-index record for DefineShape3,,,"projection only; no asset bytes exported, transformed, redrawn, or generated",machine-extracted-structural-candidate,owner-provided SWF,"container=root; definitionDepth=0; tagOrdinal=1407; payloadBytes=1058; rawTagPayloadSha256=3da96f346135bed3023382d10ca205a95cd8b5698ccb70321f805ac2a52c77f5; exactTagIdentitySha256=10592d4aa82345a195f2045e9c99285a71ca0fb64cdd617bce0713c0e5174382; runtime reachability unresolved; placement and bounds unresolved; renderer suitability unresolved; machineDefinitionIndexSha256=4f9b021016de1dc316725329c3e436832b74c0cedf4fc104e9f50e470f20975b; Structural/static source-derived candidate only. The exported_file is the shared machine definition-index evidence, not a visual or renderer asset export. It is not an authoritative original-runtime baseline and establishes no runtime reachability, placement, asset usage, visual appearance, renderer suitability, human or owner acceptance, strict completion, or publication."
swf-definition-01408,204,,structural-shape-definition-candidate,source-assets/flash/HELP MATH_ORIGINAL FILES/HELP_COURSES/ELMGR5/L4/VB/L4VB07.swf,,migrations/course-g05-l04-vb-007/audit/machine/g5-l4-pre-runtime-swf-definition-inventory.csv,4f9b021016de1dc316725329c3e436832b74c0cedf4fc104e9f50e470f20975b,CSV definition-index record for DefineShape3,,,"projection only; no asset bytes exported, transformed, redrawn, or generated",machine-extracted-structural-candidate,owner-provided SWF,"container=root; definitionDepth=0; tagOrdinal=1408; payloadBytes=1206; rawTagPayloadSha256=296750aedccc1f78eb1a6b68b7a9668e6fc4ba034853c339a20cb4b7e96fea31; exactTagIdentitySha256=6ff11b6d80b0923520af05873bf7d21b4b6b2b579f64266c8543acf9bb01f4d7; runtime reachability unresolved; placement and bounds unresolved; renderer suitability unresolved; machineDefinitionIndexSha256=4f9b021016de1dc316725329c3e436832b74c0cedf4fc104e9f50e470f20975b; Structural/static source-derived candidate only. The exported_file is the shared machine definition-index evidence, not a visual or renderer asset export. It is not an authoritative original-runtime baseline and establishes no runtime reachability, placement, asset usage, visual appearance, renderer suitability, human or owner acceptance, strict completion, or publication."
swf-definition-01409,205,,structural-shape-definition-candidate,source-assets/flash/HELP MATH_ORIGINAL FILES/HELP_COURSES/ELMGR5/L4/VB/L4VB07.swf,,migrations/course-g05-l04-vb-007/audit/machine/g5-l4-pre-runtime-swf-definition-inventory.csv,4f9b021016de1dc316725329c3e436832b74c0cedf4fc104e9f50e470f20975b,CSV definition-index record for DefineShape3,,,"projection only; no asset bytes exported, transformed, redrawn, or generated",machine-extracted-structural-candidate,owner-provided SWF,"container=root; definitionDepth=0; tagOrdinal=1409; payloadBytes=1191; rawTagPayloadSha256=ae66097186e3eb056d112ba229d1ab2625f3818583c0065ab82ff3ff198a23fc; exactTagIdentitySha256=a3dca109cbc8d8862af87a2e78f9803340691a75505b87784e351a2f02cd83b0; runtime reachability unresolved; placement and bounds unresolved; renderer suitability unresolved; machineDefinitionIndexSha256=4f9b021016de1dc316725329c3e436832b74c0cedf4fc104e9f50e470f20975b; Structural/static source-derived candidate only. The exported_file is the shared machine definition-index evidence, not a visual or renderer asset export. It is not an authoritative original-runtime baseline and establishes no runtime reachability, placement, asset usage, visual appearance, renderer suitability, human or owner acceptance, strict completion, or publication."
swf-definition-01410,206,,structural-shape-definition-candidate,source-assets/flash/HELP MATH_ORIGINAL FILES/HELP_COURSES/ELMGR5/L4/VB/L4VB07.swf,,migrations/course-g05-l04-vb-007/audit/machine/g5-l4-pre-runtime-swf-definition-inventory.csv,4f9b021016de1dc316725329c3e436832b74c0cedf4fc104e9f50e470f20975b,CSV definition-index record for DefineShape3,,,"projection only; no asset bytes exported, transformed, redrawn, or generated",machine-extracted-structural-candidate,owner-provided SWF,"container=root; definitionDepth=0; tagOrdinal=1410; payloadBytes=1358; rawTagPayloadSha256=baf9c683ef99cdfe6cdd9bb80dbde86df6884d4a377e057bd4f1f9c8f69620de; exactTagIdentitySha256=7ea028eb5dfede6dcf2e248edba2ea39d7b3619555c409c3fdde78d803567d55; runtime reachability unresolved; placement and bounds unresolved; renderer suitability unresolved; machineDefinitionIndexSha256=4f9b021016de1dc316725329c3e436832b74c0cedf4fc104e9f50e470f20975b; Structural/static source-derived candidate only. The exported_file is the shared machine definition-index evidence, not a visual or renderer asset export. It is not an authoritative original-runtime baseline and establishes no runtime reachability, placement, asset usage, visual appearance, renderer suitability, human or owner acceptance, strict completion, or publication."
swf-definition-01411,207,,structural-shape-definition-candidate,source-assets/flash/HELP MATH_ORIGINAL FILES/HELP_COURSES/ELMGR5/L4/VB/L4VB07.swf,,migrations/course-g05-l04-vb-007/audit/machine/g5-l4-pre-runtime-swf-definition-inventory.csv,4f9b021016de1dc316725329c3e436832b74c0cedf4fc104e9f50e470f20975b,CSV definition-index record for DefineShape3,,,"projection only; no asset bytes exported, transformed, redrawn, or generated",machine-extracted-structural-candidate,owner-provided SWF,"container=root; definitionDepth=0; tagOrdinal=1411; payloadBytes=1294; rawTagPayloadSha256=876a93735c426751fcd959c1ccae50cfc75ae2eab58232399f8aa46f5daa11f7; exactTagIdentitySha256=b805d45a0d00b4321e736c7460ef9298ebba51572d65c65d5ece53b6da9f632c; runtime reachability unresolved; placement and bounds unresolved; renderer suitability unresolved; machineDefinitionIndexSha256=4f9b021016de1dc316725329c3e436832b74c0cedf4fc104e9f50e470f20975b; Structural/static source-derived candidate only. The exported_file is the shared machine definition-index evidence, not a visual or renderer asset export. It is not an authoritative original-runtime baseline and establishes no runtime reachability, placement, asset usage, visual appearance, renderer suitability, human or owner acceptance, strict completion, or publication."
swf-definition-01412,208,,structural-shape-definition-candidate,source-assets/flash/HELP MATH_ORIGINAL FILES/HELP_COURSES/ELMGR5/L4/VB/L4VB07.swf,,migrations/course-g05-l04-vb-007/audit/machine/g5-l4-pre-runtime-swf-definition-inventory.csv,4f9b021016de1dc316725329c3e436832b74c0cedf4fc104e9f50e470f20975b,CSV definition-index record for DefineShape3,,,"projection only; no asset bytes exported, transformed, redrawn, or generated",machine-extracted-structural-candidate,owner-provided SWF,"container=root; definitionDepth=0; tagOrdinal=1412; payloadBytes=1245; rawTagPayloadSha256=9513eb3b0c86d94fea202e15e9763ca9144099aa8100344360ebe6fd59c27a3a; exactTagIdentitySha256=a0e9acdb1f6d372b4c9092fd6f3edd4962059caf433f6c9cb5466070ed31d1f8; runtime reachability unresolved; placement and bounds unresolved; renderer suitability unresolved; machineDefinitionIndexSha256=4f9b021016de1dc316725329c3e436832b74c0cedf4fc104e9f50e470f20975b; Structural/static source-derived candidate only. The exported_file is the shared machine definition-index evidence, not a visual or renderer asset export. It is not an authoritative original-runtime baseline and establishes no runtime reachability, placement, asset usage, visual appearance, renderer suitability, human or owner acceptance, strict completion, or publication."
swf-definition-01413,209,,structural-shape-definition-candidate,source-assets/flash/HELP MATH_ORIGINAL FILES/HELP_COURSES/ELMGR5/L4/VB/L4VB07.swf,,migrations/course-g05-l04-vb-007/audit/machine/g5-l4-pre-runtime-swf-definition-inventory.csv,4f9b021016de1dc316725329c3e436832b74c0cedf4fc104e9f50e470f20975b,CSV definition-index record for DefineShape3,,,"projection only; no asset bytes exported, transformed, redrawn, or generated",machine-extracted-structural-candidate,owner-provided SWF,"container=root; definitionDepth=0; tagOrdinal=1413; payloadBytes=990; rawTagPayloadSha256=92f3fb8224dea5382e0c4f9d0c918d2ddd624d38e1d6cf20f115646258cf4c1a; exactTagIdentitySha256=a64528bd363f10df96f4bed9b68c4889b3d435b623bc41a6b3885bf8affd9bdf; runtime reachability unresolved; placement and bounds unresolved; renderer suitability unresolved; machineDefinitionIndexSha256=4f9b021016de1dc316725329c3e436832b74c0cedf4fc104e9f50e470f20975b; Structural/static source-derived candidate only. The exported_file is the shared machine definition-index evidence, not a visual or renderer asset export. It is not an authoritative original-runtime baseline and establishes no runtime reachability, placement, asset usage, visual appearance, renderer suitability, human or owner acceptance, strict completion, or publication."
swf-definition-01414,210,,structural-shape-definition-candidate,source-assets/flash/HELP MATH_ORIGINAL FILES/HELP_COURSES/ELMGR5/L4/VB/L4VB07.swf,,migrations/course-g05-l04-vb-007/audit/machine/g5-l4-pre-runtime-swf-definition-inventory.csv,4f9b021016de1dc316725329c3e436832b74c0cedf4fc104e9f50e470f20975b,CSV definition-index record for DefineShape3,,,"projection only; no asset bytes exported, transformed, redrawn, or generated",machine-extracted-structural-candidate,owner-provided SWF,"container=root; definitionDepth=0; tagOrdinal=1414; payloadBytes=1106; rawTagPayloadSha256=d13c568a7b11642859f3a1b58dcf4463f42c9d0bf0ff093237935586f2863b90; exactTagIdentitySha256=792cef6f1712cc62ff9fbc400498bbbd8bc60a3bae93fbcdc1080c88b562bdd1; runtime reachability unresolved; placement and bounds unresolved; renderer suitability unresolved; machineDefinitionIndexSha256=4f9b021016de1dc316725329c3e436832b74c0cedf4fc104e9f50e470f20975b; Structural/static source-derived candidate only. The exported_file is the shared machine definition-index evidence, not a visual or renderer asset export. It is not an authoritative original-runtime baseline and establishes no runtime reachability, placement, asset usage, visual appearance, renderer suitability, human or owner acceptance, strict completion, or publication."
swf-definition-01415,211,,structural-shape-definition-candidate,source-assets/flash/HELP MATH_ORIGINAL FILES/HELP_COURSES/ELMGR5/L4/VB/L4VB07.swf,,migrations/course-g05-l04-vb-007/audit/machine/g5-l4-pre-runtime-swf-definition-inventory.csv,4f9b021016de1dc316725329c3e436832b74c0cedf4fc104e9f50e470f20975b,CSV definition-index record for DefineShape3,,,"projection only; no asset bytes exported, transformed, redrawn, or generated",machine-extracted-structural-candidate,owner-provided SWF,"container=root; definitionDepth=0; tagOrdinal=1415; payloadBytes=909; rawTagPayloadSha256=6fea273a0501d8c8833e3e05eb4d39bfa379deab9ecc6b9c92aa47bc44bf474b; exactTagIdentitySha256=47f1f57687d02494e2ddc4a67cb13a5f3004b94433d47e11dd2b7175f7c8bfdd; runtime reachability unresolved; placement and bounds unresolved; renderer suitability unresolved; machineDefinitionIndexSha256=4f9b021016de1dc316725329c3e436832b74c0cedf4fc104e9f50e470f20975b; Structural/static source-derived candidate only. The exported_file is the shared machine definition-index evidence, not a visual or renderer asset export. It is not an authoritative original-runtime baseline and establishes no runtime reachability, placement, asset usage, visual appearance, renderer suitability, human or owner acceptance, strict completion, or publication."
swf-definition-01416,212,,structural-shape-definition-candidate,source-assets/flash/HELP MATH_ORIGINAL FILES/HELP_COURSES/ELMGR5/L4/VB/L4VB07.swf,,migrations/course-g05-l04-vb-007/audit/machine/g5-l4-pre-runtime-swf-definition-inventory.csv,4f9b021016de1dc316725329c3e436832b74c0cedf4fc104e9f50e470f20975b,CSV definition-index record for DefineShape3,,,"projection only; no asset bytes exported, transformed, redrawn, or generated",machine-extracted-structural-candidate,owner-provided SWF,"container=root; definitionDepth=0; tagOrdinal=1416; payloadBytes=947; rawTagPayloadSha256=1ebbe48ab9d00411211599802013cf155218b3d156266bf0244eb846ca0645ae; exactTagIdentitySha256=1dbf8381a67ce22b4b44ef3ddfc5b1fbc92dceeda9317df57d629cdab215640b; runtime reachability unresolved; placement and bounds unresolved; renderer suitability unresolved; machineDefinitionIndexSha256=4f9b021016de1dc316725329c3e436832b74c0cedf4fc104e9f50e470f20975b; Structural/static source-derived candidate only. The exported_file is the shared machine definition-index evidence, not a visual or renderer asset export. It is not an authoritative original-runtime baseline and establishes no runtime reachability, placement, asset usage, visual appearance, renderer suitability, human or owner acceptance, strict completion, or publication."
swf-definition-01417,213,,structural-shape-definition-candidate,source-assets/flash/HELP MATH_ORIGINAL FILES/HELP_COURSES/ELMGR5/L4/VB/L4VB07.swf,,migrations/course-g05-l04-vb-007/audit/machine/g5-l4-pre-runtime-swf-definition-inventory.csv,4f9b021016de1dc316725329c3e436832b74c0cedf4fc104e9f50e470f20975b,CSV definition-index record for DefineShape3,,,"projection only; no asset bytes exported, transformed, redrawn, or generated",machine-extracted-structural-candidate,owner-provided SWF,"container=root; definitionDepth=0; tagOrdinal=1417; payloadBytes=818; rawTagPayloadSha256=3d56f6c0cd838ac2d64d44f5d3635efbf2d2f3765804a7dc2de56cc1eaf81944; exactTagIdentitySha256=2a315544f81b9e1778111dac2b1bd92626d3072844ad66b0193717858f6ddcb6; runtime reachability unresolved; placement and bounds unresolved; renderer suitability unresolved; machineDefinitionIndexSha256=4f9b021016de1dc316725329c3e436832b74c0cedf4fc104e9f50e470f20975b; Structural/static source-derived candidate only. The exported_file is the shared machine definition-index evidence, not a visual or renderer asset export. It is not an authoritative original-runtime baseline and establishes no runtime reachability, placement, asset usage, visual appearance, renderer suitability, human or owner acceptance, strict completion, or publication."
swf-definition-01418,214,,structural-shape-definition-candidate,source-assets/flash/HELP MATH_ORIGINAL FILES/HELP_COURSES/ELMGR5/L4/VB/L4VB07.swf,,migrations/course-g05-l04-vb-007/audit/machine/g5-l4-pre-runtime-swf-definition-inventory.csv,4f9b021016de1dc316725329c3e436832b74c0cedf4fc104e9f50e470f20975b,CSV definition-index record for DefineShape3,,,"projection only; no asset bytes exported, transformed, redrawn, or generated",machine-extracted-structural-candidate,owner-provided SWF,"container=root; definitionDepth=0; tagOrdinal=1418; payloadBytes=938; rawTagPayloadSha256=8cad562aaf5575e051d4f28215feab70627c7933644730a5985f968bf4a5948b; exactTagIdentitySha256=174fce48786637d0277561e12e402f1021a998274fbed6dd21f5263d5681a8a0; runtime reachability unresolved; placement and bounds unresolved; renderer suitability unresolved; machineDefinitionIndexSha256=4f9b021016de1dc316725329c3e436832b74c0cedf4fc104e9f50e470f20975b; Structural/static source-derived candidate only. The exported_file is the shared machine definition-index evidence, not a visual or renderer asset export. It is not an authoritative original-runtime baseline and establishes no runtime reachability, placement, asset usage, visual appearance, renderer suitability, human or owner acceptance, strict completion, or publication."
swf-definition-01419,215,,structural-shape-definition-candidate,source-assets/flash/HELP MATH_ORIGINAL FILES/HELP_COURSES/ELMGR5/L4/VB/L4VB07.swf,,migrations/course-g05-l04-vb-007/audit/machine/g5-l4-pre-runtime-swf-definition-inventory.csv,4f9b021016de1dc316725329c3e436832b74c0cedf4fc104e9f50e470f20975b,CSV definition-index record for DefineShape3,,,"projection only; no asset bytes exported, transformed, redrawn, or generated",machine-extracted-structural-candidate,owner-provided SWF,"container=root; definitionDepth=0; tagOrdinal=1419; payloadBytes=726; rawTagPayloadSha256=abae2b924aa3d4f7970a01036cc11b50ec77a8a0cd2d83280a24f21a60ea5f41; exactTagIdentitySha256=63eacc51be194120bdddc1b7432ff970609784820a32595987cbade09a5d029e; runtime reachability unresolved; placement and bounds unresolved; renderer suitability unresolved; machineDefinitionIndexSha256=4f9b021016de1dc316725329c3e436832b74c0cedf4fc104e9f50e470f20975b; Structural/static source-derived candidate only. The exported_file is the shared machine definition-index evidence, not a visual or renderer asset export. It is not an authoritative original-runtime baseline and establishes no runtime reachability, placement, asset usage, visual appearance, renderer suitability, human or owner acceptance, strict completion, or publication."
swf-definition-01420,216,,structural-sprite-definition-candidate,source-assets/flash/HELP MATH_ORIGINAL FILES/HELP_COURSES/ELMGR5/L4/VB/L4VB07.swf,,migrations/course-g05-l04-vb-007/audit/machine/g5-l4-pre-runtime-swf-definition-inventory.csv,4f9b021016de1dc316725329c3e436832b74c0cedf4fc104e9f50e470f20975b,CSV definition-index record for DefineSprite,,,"projection only; no asset bytes exported, transformed, redrawn, or generated",machine-extracted-structural-candidate,owner-provided SWF,"container=root; definitionDepth=0; tagOrdinal=1420; payloadBytes=246; rawTagPayloadSha256=65afde1a5c3226a5ab7374f54de78f87d40974b6abb4cc5d35d1bb3359626284; exactTagIdentitySha256=92fd087965be3dcfc77202879ad198e91e32c769e2bbaea20f988444d3465fbb; declaredFrameCount=19; runtime reachability unresolved; placement and bounds unresolved; renderer suitability unresolved; machineDefinitionIndexSha256=4f9b021016de1dc316725329c3e436832b74c0cedf4fc104e9f50e470f20975b; Structural/static source-derived candidate only. The exported_file is the shared machine definition-index evidence, not a visual or renderer asset export. It is not an authoritative original-runtime baseline and establishes no runtime reachability, placement, asset usage, visual appearance, renderer suitability, human or owner acceptance, strict completion, or publication."
swf-definition-01473,217,,structural-morph-definition-candidate,source-assets/flash/HELP MATH_ORIGINAL FILES/HELP_COURSES/ELMGR5/L4/VB/L4VB07.swf,,migrations/course-g05-l04-vb-007/audit/machine/g5-l4-pre-runtime-swf-definition-inventory.csv,4f9b021016de1dc316725329c3e436832b74c0cedf4fc104e9f50e470f20975b,CSV definition-index record for DefineMorphShape,,,"projection only; no asset bytes exported, transformed, redrawn, or generated",machine-extracted-structural-candidate,owner-provided SWF,"container=root; definitionDepth=0; tagOrdinal=1473; payloadBytes=777; rawTagPayloadSha256=f69fb9f32546d82be953be39245cea953a759bf19061721121f73b6f99be8be3; exactTagIdentitySha256=486979b4f88936a6f701d3696fea6f675fde0b040077147532260b06497c5a95; runtime reachability unresolved; placement and bounds unresolved; renderer suitability unresolved; machineDefinitionIndexSha256=4f9b021016de1dc316725329c3e436832b74c0cedf4fc104e9f50e470f20975b; Structural/static source-derived candidate only. The exported_file is the shared machine definition-index evidence, not a visual or renderer asset export. It is not an authoritative original-runtime baseline and establishes no runtime reachability, placement, asset usage, visual appearance, renderer suitability, human or owner acceptance, strict completion, or publication."
swf-definition-01474,218,,structural-shape-definition-candidate,source-assets/flash/HELP MATH_ORIGINAL FILES/HELP_COURSES/ELMGR5/L4/VB/L4VB07.swf,,migrations/course-g05-l04-vb-007/audit/machine/g5-l4-pre-runtime-swf-definition-inventory.csv,4f9b021016de1dc316725329c3e436832b74c0cedf4fc104e9f50e470f20975b,CSV definition-index record for DefineShape3,,,"projection only; no asset bytes exported, transformed, redrawn, or generated",machine-extracted-structural-candidate,owner-provided SWF,"container=root; definitionDepth=0; tagOrdinal=1474; payloadBytes=36; rawTagPayloadSha256=9f0e23fc4a6841e4c2263036fc1164bbfd7c990ee5d28e620df61c5c8c930970; exactTagIdentitySha256=d5dd2ae114cf6ea7ab1665cc0a8f106c3dd2a0bcb91b42a372efedb649475a8e; runtime reachability unresolved; placement and bounds unresolved; renderer suitability unresolved; machineDefinitionIndexSha256=4f9b021016de1dc316725329c3e436832b74c0cedf4fc104e9f50e470f20975b; Structural/static source-derived candidate only. The exported_file is the shared machine definition-index evidence, not a visual or renderer asset export. It is not an authoritative original-runtime baseline and establishes no runtime reachability, placement, asset usage, visual appearance, renderer suitability, human or owner acceptance, strict completion, or publication."
swf-definition-01475,219,,structural-morph-definition-candidate,source-assets/flash/HELP MATH_ORIGINAL FILES/HELP_COURSES/ELMGR5/L4/VB/L4VB07.swf,,migrations/course-g05-l04-vb-007/audit/machine/g5-l4-pre-runtime-swf-definition-inventory.csv,4f9b021016de1dc316725329c3e436832b74c0cedf4fc104e9f50e470f20975b,CSV definition-index record for DefineMorphShape,,,"projection only; no asset bytes exported, transformed, redrawn, or generated",machine-extracted-structural-candidate,owner-provided SWF,"container=root; definitionDepth=0; tagOrdinal=1475; payloadBytes=610; rawTagPayloadSha256=f4b777786f83a80b9fe414f8f143c3d631c10f2fd07f4170da80d71f53d17916; exactTagIdentitySha256=6c5b8f62f2c7a9e60803d604315350b5d17571b0b859142657a3939b56a0f3ae; runtime reachability unresolved; placement and bounds unresolved; renderer suitability unresolved; machineDefinitionIndexSha256=4f9b021016de1dc316725329c3e436832b74c0cedf4fc104e9f50e470f20975b; Structural/static source-derived candidate only. The exported_file is the shared machine definition-index evidence, not a visual or renderer asset export. It is not an authoritative original-runtime baseline and establishes no runtime reachability, placement, asset usage, visual appearance, renderer suitability, human or owner acceptance, strict completion, or publication."
swf-definition-01476,220,,structural-text-definition-candidate,source-assets/flash/HELP MATH_ORIGINAL FILES/HELP_COURSES/ELMGR5/L4/VB/L4VB07.swf,,migrations/course-g05-l04-vb-007/audit/machine/g5-l4-pre-runtime-swf-definition-inventory.csv,4f9b021016de1dc316725329c3e436832b74c0cedf4fc104e9f50e470f20975b,CSV definition-index record for DefineText,,,"projection only; no asset bytes exported, transformed, redrawn, or generated",machine-extracted-structural-candidate,owner-provided SWF,"container=root; definitionDepth=0; tagOrdinal=1476; payloadBytes=43; rawTagPayloadSha256=bc66810eb76d8e1a952561eeefeab4b95b385cb601142b0f0b7b73473fc6b3fb; exactTagIdentitySha256=5c44be0ea5e85c8665c3432dee5b09dfec42f3a67f89a01ef951f47ae0fd0bd7; runtime reachability unresolved; placement and bounds unresolved; renderer suitability unresolved; machineDefinitionIndexSha256=4f9b021016de1dc316725329c3e436832b74c0cedf4fc104e9f50e470f20975b; Structural/static source-derived candidate only. The exported_file is the shared machine definition-index evidence, not a visual or renderer asset export. It is not an authoritative original-runtime baseline and establishes no runtime reachability, placement, asset usage, visual appearance, renderer suitability, human or owner acceptance, strict completion, or publication."
swf-definition-01477,221,,structural-text-definition-candidate,source-assets/flash/HELP MATH_ORIGINAL FILES/HELP_COURSES/ELMGR5/L4/VB/L4VB07.swf,,migrations/course-g05-l04-vb-007/audit/machine/g5-l4-pre-runtime-swf-definition-inventory.csv,4f9b021016de1dc316725329c3e436832b74c0cedf4fc104e9f50e470f20975b,CSV definition-index record for DefineText,,,"projection only; no asset bytes exported, transformed, redrawn, or generated",machine-extracted-structural-candidate,owner-provided SWF,"container=root; definitionDepth=0; tagOrdinal=1477; payloadBytes=43; rawTagPayloadSha256=7dfbf6fb852e49d71ec2da5825994b2264fb0f65cd49b5895a1190af24a71445; exactTagIdentitySha256=30ab2fd53fc14f0da6f88ecb4374e618e1d1037a0c073dd853d2149a50b47881; runtime reachability unresolved; placement and bounds unresolved; renderer suitability unresolved; machineDefinitionIndexSha256=4f9b021016de1dc316725329c3e436832b74c0cedf4fc104e9f50e470f20975b; Structural/static source-derived candidate only. The exported_file is the shared machine definition-index evidence, not a visual or renderer asset export. It is not an authoritative original-runtime baseline and establishes no runtime reachability, placement, asset usage, visual appearance, renderer suitability, human or owner acceptance, strict completion, or publication."
swf-definition-01478,222,,structural-shape-definition-candidate,source-assets/flash/HELP MATH_ORIGINAL FILES/HELP_COURSES/ELMGR5/L4/VB/L4VB07.swf,,migrations/course-g05-l04-vb-007/audit/machine/g5-l4-pre-runtime-swf-definition-inventory.csv,4f9b021016de1dc316725329c3e436832b74c0cedf4fc104e9f50e470f20975b,CSV definition-index record for DefineShape3,,,"projection only; no asset bytes exported, transformed, redrawn, or generated",machine-extracted-structural-candidate,owner-provided SWF,"container=root; definitionDepth=0; tagOrdinal=1478; payloadBytes=410; rawTagPayloadSha256=69988897cbd8227333bf54431a9733cc508d85978f1dc4365a82029e636153e0; exactTagIdentitySha256=7947da71353236094fcf841c72b4c638be737eb3ade0fa17a80315f94a605c03; runtime reachability unresolved; placement and bounds unresolved; renderer suitability unresolved; machineDefinitionIndexSha256=4f9b021016de1dc316725329c3e436832b74c0cedf4fc104e9f50e470f20975b; Structural/static source-derived candidate only. The exported_file is the shared machine definition-index evidence, not a visual or renderer asset export. It is not an authoritative original-runtime baseline and establishes no runtime reachability, placement, asset usage, visual appearance, renderer suitability, human or owner acceptance, strict completion, or publication."
swf-definition-01479,223,,structural-morph-definition-candidate,source-assets/flash/HELP MATH_ORIGINAL FILES/HELP_COURSES/ELMGR5/L4/VB/L4VB07.swf,,migrations/course-g05-l04-vb-007/audit/machine/g5-l4-pre-runtime-swf-definition-inventory.csv,4f9b021016de1dc316725329c3e436832b74c0cedf4fc104e9f50e470f20975b,CSV definition-index record for DefineMorphShape,,,"projection only; no asset bytes exported, transformed, redrawn, or generated",machine-extracted-structural-candidate,owner-provided SWF,"container=root; definitionDepth=0; tagOrdinal=1479; payloadBytes=610; rawTagPayloadSha256=2ad685e33d085730b761063641a5bf28b2091499303dce96553e68628a54bc2e; exactTagIdentitySha256=429b305c88aa4b2fd8285a58ccaf0be62974850ec769e500f0c0ee4b5a8994fd; runtime reachability unresolved; placement and bounds unresolved; renderer suitability unresolved; machineDefinitionIndexSha256=4f9b021016de1dc316725329c3e436832b74c0cedf4fc104e9f50e470f20975b; Structural/static source-derived candidate only. The exported_file is the shared machine definition-index evidence, not a visual or renderer asset export. It is not an authoritative original-runtime baseline and establishes no runtime reachability, placement, asset usage, visual appearance, renderer suitability, human or owner acceptance, strict completion, or publication."
swf-definition-01480,224,,structural-shape-definition-candidate,source-assets/flash/HELP MATH_ORIGINAL FILES/HELP_COURSES/ELMGR5/L4/VB/L4VB07.swf,,migrations/course-g05-l04-vb-007/audit/machine/g5-l4-pre-runtime-swf-definition-inventory.csv,4f9b021016de1dc316725329c3e436832b74c0cedf4fc104e9f50e470f20975b,CSV definition-index record for DefineShape3,,,"projection only; no asset bytes exported, transformed, redrawn, or generated",machine-extracted-structural-candidate,owner-provided SWF,"container=root; definitionDepth=0; tagOrdinal=1480; payloadBytes=219; rawTagPayloadSha256=bbd33d191f77532fc02295c8c59f8b96597fefb1a8a0e1ebcd5e31501f3a5eec; exactTagIdentitySha256=d010c4a840731a26d20276cc17a15e5faa32d54e9c22619651fbb4928479ee97; runtime reachability unresolved; placement and bounds unresolved; renderer suitability unresolved; machineDefinitionIndexSha256=4f9b021016de1dc316725329c3e436832b74c0cedf4fc104e9f50e470f20975b; Structural/static source-derived candidate only. The exported_file is the shared machine definition-index evidence, not a visual or renderer asset export. It is not an authoritative original-runtime baseline and establishes no runtime reachability, placement, asset usage, visual appearance, renderer suitability, human or owner acceptance, strict completion, or publication."
swf-definition-01481,225,,structural-sprite-definition-candidate,source-assets/flash/HELP MATH_ORIGINAL FILES/HELP_COURSES/ELMGR5/L4/VB/L4VB07.swf,,migrations/course-g05-l04-vb-007/audit/machine/g5-l4-pre-runtime-swf-definition-inventory.csv,4f9b021016de1dc316725329c3e436832b74c0cedf4fc104e9f50e470f20975b,CSV definition-index record for DefineSprite,,,"projection only; no asset bytes exported, transformed, redrawn, or generated",machine-extracted-structural-candidate,owner-provided SWF,"container=root; definitionDepth=0; tagOrdinal=1481; payloadBytes=11977; rawTagPayloadSha256=85febfee2224b6edfa57ce513221e1bcaa88a98f0d3831975569e1aa943fc0cf; exactTagIdentitySha256=c0bf4f0444cadfb2f1d58bb48a10ef3feda7a08a1e1d86b47a4318406a11af84; declaredFrameCount=27; runtime reachability unresolved; placement and bounds unresolved; renderer suitability unresolved; machineDefinitionIndexSha256=4f9b021016de1dc316725329c3e436832b74c0cedf4fc104e9f50e470f20975b; Structural/static source-derived candidate only. The exported_file is the shared machine definition-index evidence, not a visual or renderer asset export. It is not an authoritative original-runtime baseline and establishes no runtime reachability, placement, asset usage, visual appearance, renderer suitability, human or owner acceptance, strict completion, or publication."
swf-definition-01602,226,,structural-shape-definition-candidate,source-assets/flash/HELP MATH_ORIGINAL FILES/HELP_COURSES/ELMGR5/L4/VB/L4VB07.swf,,migrations/course-g05-l04-vb-007/audit/machine/g5-l4-pre-runtime-swf-definition-inventory.csv,4f9b021016de1dc316725329c3e436832b74c0cedf4fc104e9f50e470f20975b,CSV definition-index record for DefineShape,,,"projection only; no asset bytes exported, transformed, redrawn, or generated",machine-extracted-structural-candidate,owner-provided SWF,"container=root; definitionDepth=0; tagOrdinal=1602; payloadBytes=82; rawTagPayloadSha256=03ef12d529191eee1ff26f3fe4736a7ec0284c2fc4d505db7b037ee334af0d17; exactTagIdentitySha256=56be889642c783ab02751ac584918c50a736dc3efc2453499ee5cc25de344739; runtime reachability unresolved; placement and bounds unresolved; renderer suitability unresolved; machineDefinitionIndexSha256=4f9b021016de1dc316725329c3e436832b74c0cedf4fc104e9f50e470f20975b; Structural/static source-derived candidate only. The exported_file is the shared machine definition-index evidence, not a visual or renderer asset export. It is not an authoritative original-runtime baseline and establishes no runtime reachability, placement, asset usage, visual appearance, renderer suitability, human or owner acceptance, strict completion, or publication."
swf-definition-01603,227,,structural-text-definition-candidate,source-assets/flash/HELP MATH_ORIGINAL FILES/HELP_COURSES/ELMGR5/L4/VB/L4VB07.swf,,migrations/course-g05-l04-vb-007/audit/machine/g5-l4-pre-runtime-swf-definition-inventory.csv,4f9b021016de1dc316725329c3e436832b74c0cedf4fc104e9f50e470f20975b,CSV definition-index record for DefineText,,,"projection only; no asset bytes exported, transformed, redrawn, or generated",machine-extracted-structural-candidate,owner-provided SWF,"container=root; definitionDepth=0; tagOrdinal=1603; payloadBytes=34; rawTagPayloadSha256=524c6211ab5ea83bb251fdab5ba7c9789c14fe65c364cb4f85a250a9e7e2a257; exactTagIdentitySha256=3a742c8a9b03b28a2466fee0f120fdfe9d76bf5ed074c2baabab0435809d92a6; runtime reachability unresolved; placement and bounds unresolved; renderer suitability unresolved; machineDefinitionIndexSha256=4f9b021016de1dc316725329c3e436832b74c0cedf4fc104e9f50e470f20975b; Structural/static source-derived candidate only. The exported_file is the shared machine definition-index evidence, not a visual or renderer asset export. It is not an authoritative original-runtime baseline and establishes no runtime reachability, placement, asset usage, visual appearance, renderer suitability, human or owner acceptance, strict completion, or publication."
swf-definition-01604,228,,structural-shape-definition-candidate,source-assets/flash/HELP MATH_ORIGINAL FILES/HELP_COURSES/ELMGR5/L4/VB/L4VB07.swf,,migrations/course-g05-l04-vb-007/audit/machine/g5-l4-pre-runtime-swf-definition-inventory.csv,4f9b021016de1dc316725329c3e436832b74c0cedf4fc104e9f50e470f20975b,CSV definition-index record for DefineShape,,,"projection only; no asset bytes exported, transformed, redrawn, or generated",machine-extracted-structural-candidate,owner-provided SWF,"container=root; definitionDepth=0; tagOrdinal=1604; payloadBytes=64; rawTagPayloadSha256=7d40637cf91530e21291e73b873708bb6b9926ecf7bc1c14e29e82a5c3798849; exactTagIdentitySha256=c4c98867cef4ae725ced1796dd234ceea2f689b9852d910a6a72027862da0ba1; runtime reachability unresolved; placement and bounds unresolved; renderer suitability unresolved; machineDefinitionIndexSha256=4f9b021016de1dc316725329c3e436832b74c0cedf4fc104e9f50e470f20975b; Structural/static source-derived candidate only. The exported_file is the shared machine definition-index evidence, not a visual or renderer asset export. It is not an authoritative original-runtime baseline and establishes no runtime reachability, placement, asset usage, visual appearance, renderer suitability, human or owner acceptance, strict completion, or publication."
swf-definition-01605,229,,structural-text-definition-candidate,source-assets/flash/HELP MATH_ORIGINAL FILES/HELP_COURSES/ELMGR5/L4/VB/L4VB07.swf,,migrations/course-g05-l04-vb-007/audit/machine/g5-l4-pre-runtime-swf-definition-inventory.csv,4f9b021016de1dc316725329c3e436832b74c0cedf4fc104e9f50e470f20975b,CSV definition-index record for DefineText,,,"projection only; no asset bytes exported, transformed, redrawn, or generated",machine-extracted-structural-candidate,owner-provided SWF,"container=root; definitionDepth=0; tagOrdinal=1605; payloadBytes=25; rawTagPayloadSha256=0dce69052aa3b33988901ff080b94a2585346de03a100ae481d13df1d187bc20; exactTagIdentitySha256=85d57fccb692240e8c5c9da1aff05d94fb1be5994783972c1b7038222d458fdc; runtime reachability unresolved; placement and bounds unresolved; renderer suitability unresolved; machineDefinitionIndexSha256=4f9b021016de1dc316725329c3e436832b74c0cedf4fc104e9f50e470f20975b; Structural/static source-derived candidate only. The exported_file is the shared machine definition-index evidence, not a visual or renderer asset export. It is not an authoritative original-runtime baseline and establishes no runtime reachability, placement, asset usage, visual appearance, renderer suitability, human or owner acceptance, strict completion, or publication."
swf-definition-01606,230,,structural-sprite-definition-candidate,source-assets/flash/HELP MATH_ORIGINAL FILES/HELP_COURSES/ELMGR5/L4/VB/L4VB07.swf,,migrations/course-g05-l04-vb-007/audit/machine/g5-l4-pre-runtime-swf-definition-inventory.csv,4f9b021016de1dc316725329c3e436832b74c0cedf4fc104e9f50e470f20975b,CSV definition-index record for DefineSprite,,,"projection only; no asset bytes exported, transformed, redrawn, or generated",machine-extracted-structural-candidate,owner-provided SWF,"container=root; definitionDepth=0; tagOrdinal=1606; payloadBytes=57024; rawTagPayloadSha256=99510ad99a092515e4b4e5549159f84484a9a79eddc3db290a79f07c5cb39e08; exactTagIdentitySha256=44594c22f71ab55c25bed84f10279544f414fc4346ec015e815c0c2b9a58fae7; declaredFrameCount=136; runtime reachability unresolved; placement and bounds unresolved; renderer suitability unresolved; machineDefinitionIndexSha256=4f9b021016de1dc316725329c3e436832b74c0cedf4fc104e9f50e470f20975b; Structural/static source-derived candidate only. The exported_file is the shared machine definition-index evidence, not a visual or renderer asset export. It is not an authoritative original-runtime baseline and establishes no runtime reachability, placement, asset usage, visual appearance, renderer suitability, human or owner acceptance, strict completion, or publication."
