asset_id,swf_character_id,library_symbol,type,source_file,source_frame,exported_file,sha256,format,dimensions_or_bounds,font_glyphs,transformation,confidence,license_or_provenance,notes
swf-definition-00003,1,,structural-shape-definition-candidate,source-assets/flash/HELP MATH_ORIGINAL FILES/HELP_COURSES/ELMGR5/L4/IN/L4IN18.swf,,migrations/course-g05-l04-in-018/audit/machine/g5-l4-pre-runtime-swf-definition-inventory.csv,3307ecc7133255c87b9aa0fba340647466b5a093987fb7f93cfc4b40d84af77b,CSV definition-index record for DefineShape3,,,"projection only; no asset bytes exported, transformed, redrawn, or generated",machine-extracted-structural-candidate,owner-provided SWF,"container=root; definitionDepth=0; tagOrdinal=3; payloadBytes=161; rawTagPayloadSha256=d3cc0e2b7193675d4a17aeb6878d9870684d9bdedd55e01a2f2b0cb733e30cdc; exactTagIdentitySha256=b5c0e3f4056f263fd769dc9a9f2cfccc25b899e63a2e97a1ac4ca37f6210b35c; runtime reachability unresolved; placement and bounds unresolved; renderer suitability unresolved; machineDefinitionIndexSha256=3307ecc7133255c87b9aa0fba340647466b5a093987fb7f93cfc4b40d84af77b; Structural/static source-derived candidate only. The exported_file is the shared machine definition-index evidence, not a visual or renderer asset export. It is not an authoritative original-runtime baseline and establishes no runtime reachability, placement, asset usage, visual appearance, renderer suitability, human or owner acceptance, strict completion, or publication."
swf-definition-00004,2,,structural-font-definition-candidate,source-assets/flash/HELP MATH_ORIGINAL FILES/HELP_COURSES/ELMGR5/L4/IN/L4IN18.swf,,migrations/course-g05-l04-in-018/audit/machine/g5-l4-pre-runtime-swf-definition-inventory.csv,3307ecc7133255c87b9aa0fba340647466b5a093987fb7f93cfc4b40d84af77b,CSV definition-index record for DefineFont2,,48,"projection only; no asset bytes exported, transformed, redrawn, or generated",machine-extracted-structural-candidate,owner-provided SWF,"swfEmbeddedFontName=Bauhaus Md BT; container=root; definitionDepth=0; tagOrdinal=4; payloadBytes=3488; rawTagPayloadSha256=b86b49cb1050e1045c7aebec79195b9a40539cc247c4aa756e4474db78a338d2; exactTagIdentitySha256=87af65e8aa9115ce7abf6e082ee84af656d64ae587dcb8dedb263db2ac3beaee; runtime reachability unresolved; placement and bounds unresolved; renderer suitability unresolved; machineDefinitionIndexSha256=3307ecc7133255c87b9aa0fba340647466b5a093987fb7f93cfc4b40d84af77b; Structural/static source-derived candidate only. The exported_file is the shared machine definition-index evidence, not a visual or renderer asset export. It is not an authoritative original-runtime baseline and establishes no runtime reachability, placement, asset usage, visual appearance, renderer suitability, human or owner acceptance, strict completion, or publication."
swf-definition-00006,3,,structural-text-definition-candidate,source-assets/flash/HELP MATH_ORIGINAL FILES/HELP_COURSES/ELMGR5/L4/IN/L4IN18.swf,,migrations/course-g05-l04-in-018/audit/machine/g5-l4-pre-runtime-swf-definition-inventory.csv,3307ecc7133255c87b9aa0fba340647466b5a093987fb7f93cfc4b40d84af77b,CSV definition-index record for DefineText,,,"projection only; no asset bytes exported, transformed, redrawn, or generated",machine-extracted-structural-candidate,owner-provided SWF,"container=root; definitionDepth=0; tagOrdinal=6; payloadBytes=452; rawTagPayloadSha256=96ac341100c39708b8eeb56c17d637c0766120fd2b51282a6e8987cf9697c0dc; exactTagIdentitySha256=a6d6db646b8253d4271c8a57a1bee99aa67cf59e906f281c078a93190aac0216; runtime reachability unresolved; placement and bounds unresolved; renderer suitability unresolved; machineDefinitionIndexSha256=3307ecc7133255c87b9aa0fba340647466b5a093987fb7f93cfc4b40d84af77b; Structural/static source-derived candidate only. The exported_file is the shared machine definition-index evidence, not a visual or renderer asset export. It is not an authoritative original-runtime baseline and establishes no runtime reachability, placement, asset usage, visual appearance, renderer suitability, human or owner acceptance, strict completion, or publication."
swf-definition-00007,4,,structural-shape-definition-candidate,source-assets/flash/HELP MATH_ORIGINAL FILES/HELP_COURSES/ELMGR5/L4/IN/L4IN18.swf,,migrations/course-g05-l04-in-018/audit/machine/g5-l4-pre-runtime-swf-definition-inventory.csv,3307ecc7133255c87b9aa0fba340647466b5a093987fb7f93cfc4b40d84af77b,CSV definition-index record for DefineShape,,,"projection only; no asset bytes exported, transformed, redrawn, or generated",machine-extracted-structural-candidate,owner-provided SWF,"container=root; definitionDepth=0; tagOrdinal=7; payloadBytes=89; rawTagPayloadSha256=92907f1c6f55081d0c77a7f8f31652f31bcfd8888f21571f80965df9c65bca9c; exactTagIdentitySha256=80c9eff1fbd5de8be1c0c18e0ea9cb3e9be51440556a5ffde5b279a7a201cc21; runtime reachability unresolved; placement and bounds unresolved; renderer suitability unresolved; machineDefinitionIndexSha256=3307ecc7133255c87b9aa0fba340647466b5a093987fb7f93cfc4b40d84af77b; Structural/static source-derived candidate only. The exported_file is the shared machine definition-index evidence, not a visual or renderer asset export. It is not an authoritative original-runtime baseline and establishes no runtime reachability, placement, asset usage, visual appearance, renderer suitability, human or owner acceptance, strict completion, or publication."
swf-definition-00008,5,,structural-text-definition-candidate,source-assets/flash/HELP MATH_ORIGINAL FILES/HELP_COURSES/ELMGR5/L4/IN/L4IN18.swf,,migrations/course-g05-l04-in-018/audit/machine/g5-l4-pre-runtime-swf-definition-inventory.csv,3307ecc7133255c87b9aa0fba340647466b5a093987fb7f93cfc4b40d84af77b,CSV definition-index record for DefineText,,,"projection only; no asset bytes exported, transformed, redrawn, or generated",machine-extracted-structural-candidate,owner-provided SWF,"container=root; definitionDepth=0; tagOrdinal=8; payloadBytes=29; rawTagPayloadSha256=9598571997a423ba312a610878cc9f43f857cd99b05aa78a2c46130819f6141a; exactTagIdentitySha256=39b68b9375407e3f113ccd858ea03ed41bdb09f130a1031d42fcd5c39cd5ef0d; runtime reachability unresolved; placement and bounds unresolved; renderer suitability unresolved; machineDefinitionIndexSha256=3307ecc7133255c87b9aa0fba340647466b5a093987fb7f93cfc4b40d84af77b; Structural/static source-derived candidate only. The exported_file is the shared machine definition-index evidence, not a visual or renderer asset export. It is not an authoritative original-runtime baseline and establishes no runtime reachability, placement, asset usage, visual appearance, renderer suitability, human or owner acceptance, strict completion, or publication."
swf-definition-00009,6,,structural-shape-definition-candidate,source-assets/flash/HELP MATH_ORIGINAL FILES/HELP_COURSES/ELMGR5/L4/IN/L4IN18.swf,,migrations/course-g05-l04-in-018/audit/machine/g5-l4-pre-runtime-swf-definition-inventory.csv,3307ecc7133255c87b9aa0fba340647466b5a093987fb7f93cfc4b40d84af77b,CSV definition-index record for DefineShape2,,,"projection only; no asset bytes exported, transformed, redrawn, or generated",machine-extracted-structural-candidate,owner-provided SWF,"container=root; definitionDepth=0; tagOrdinal=9; payloadBytes=226; rawTagPayloadSha256=8d9ff08b6a768b60c5ab39e00cb2bbecbc2fe183c0013991f7fa8d49a796a097; exactTagIdentitySha256=e8042bcde8189a946a46d4e9faab3b4cde3e347a7fdb0b781b595a4d9e7e0eb9; runtime reachability unresolved; placement and bounds unresolved; renderer suitability unresolved; machineDefinitionIndexSha256=3307ecc7133255c87b9aa0fba340647466b5a093987fb7f93cfc4b40d84af77b; Structural/static source-derived candidate only. The exported_file is the shared machine definition-index evidence, not a visual or renderer asset export. It is not an authoritative original-runtime baseline and establishes no runtime reachability, placement, asset usage, visual appearance, renderer suitability, human or owner acceptance, strict completion, or publication."
swf-definition-00010,7,,structural-text-definition-candidate,source-assets/flash/HELP MATH_ORIGINAL FILES/HELP_COURSES/ELMGR5/L4/IN/L4IN18.swf,,migrations/course-g05-l04-in-018/audit/machine/g5-l4-pre-runtime-swf-definition-inventory.csv,3307ecc7133255c87b9aa0fba340647466b5a093987fb7f93cfc4b40d84af77b,CSV definition-index record for DefineText,,,"projection only; no asset bytes exported, transformed, redrawn, or generated",machine-extracted-structural-candidate,owner-provided SWF,"container=root; definitionDepth=0; tagOrdinal=10; payloadBytes=29; rawTagPayloadSha256=e073b61d6dd363e066e16c55dcdaed876b162c14287f7c53d4695aeeb92242ad; exactTagIdentitySha256=dca678ea0fbdac4ea129e9c11710c98c0ea222ac065f851343154e64816e4141; runtime reachability unresolved; placement and bounds unresolved; renderer suitability unresolved; machineDefinitionIndexSha256=3307ecc7133255c87b9aa0fba340647466b5a093987fb7f93cfc4b40d84af77b; Structural/static source-derived candidate only. The exported_file is the shared machine definition-index evidence, not a visual or renderer asset export. It is not an authoritative original-runtime baseline and establishes no runtime reachability, placement, asset usage, visual appearance, renderer suitability, human or owner acceptance, strict completion, or publication."
swf-definition-00011,8,,structural-text-definition-candidate,source-assets/flash/HELP MATH_ORIGINAL FILES/HELP_COURSES/ELMGR5/L4/IN/L4IN18.swf,,migrations/course-g05-l04-in-018/audit/machine/g5-l4-pre-runtime-swf-definition-inventory.csv,3307ecc7133255c87b9aa0fba340647466b5a093987fb7f93cfc4b40d84af77b,CSV definition-index record for DefineText,,,"projection only; no asset bytes exported, transformed, redrawn, or generated",machine-extracted-structural-candidate,owner-provided SWF,"container=root; definitionDepth=0; tagOrdinal=11; payloadBytes=31; rawTagPayloadSha256=7ff009561958cbea05f44adcbcdc33af6e8fe1a99ed23ebcdc1e0f9c1be4b9eb; exactTagIdentitySha256=8a60ba9bb42da5ea704d73649fab814a2d92e90f92d406960fdb077e5f55e7e7; runtime reachability unresolved; placement and bounds unresolved; renderer suitability unresolved; machineDefinitionIndexSha256=3307ecc7133255c87b9aa0fba340647466b5a093987fb7f93cfc4b40d84af77b; Structural/static source-derived candidate only. The exported_file is the shared machine definition-index evidence, not a visual or renderer asset export. It is not an authoritative original-runtime baseline and establishes no runtime reachability, placement, asset usage, visual appearance, renderer suitability, human or owner acceptance, strict completion, or publication."
swf-definition-00012,9,,structural-text-definition-candidate,source-assets/flash/HELP MATH_ORIGINAL FILES/HELP_COURSES/ELMGR5/L4/IN/L4IN18.swf,,migrations/course-g05-l04-in-018/audit/machine/g5-l4-pre-runtime-swf-definition-inventory.csv,3307ecc7133255c87b9aa0fba340647466b5a093987fb7f93cfc4b40d84af77b,CSV definition-index record for DefineText,,,"projection only; no asset bytes exported, transformed, redrawn, or generated",machine-extracted-structural-candidate,owner-provided SWF,"container=root; definitionDepth=0; tagOrdinal=12; payloadBytes=31; rawTagPayloadSha256=8822849d6c524ab0da4ffa1ba2a4ff58e5a930a8cd45a4326891d6c7fe094555; exactTagIdentitySha256=05eeb7943f2c594239d89ce9daf27843daaf61f60beadb707169f19848b261f9; runtime reachability unresolved; placement and bounds unresolved; renderer suitability unresolved; machineDefinitionIndexSha256=3307ecc7133255c87b9aa0fba340647466b5a093987fb7f93cfc4b40d84af77b; Structural/static source-derived candidate only. The exported_file is the shared machine definition-index evidence, not a visual or renderer asset export. It is not an authoritative original-runtime baseline and establishes no runtime reachability, placement, asset usage, visual appearance, renderer suitability, human or owner acceptance, strict completion, or publication."
swf-definition-00013,10,,structural-shape-definition-candidate,source-assets/flash/HELP MATH_ORIGINAL FILES/HELP_COURSES/ELMGR5/L4/IN/L4IN18.swf,,migrations/course-g05-l04-in-018/audit/machine/g5-l4-pre-runtime-swf-definition-inventory.csv,3307ecc7133255c87b9aa0fba340647466b5a093987fb7f93cfc4b40d84af77b,CSV definition-index record for DefineShape2,,,"projection only; no asset bytes exported, transformed, redrawn, or generated",machine-extracted-structural-candidate,owner-provided SWF,"container=root; definitionDepth=0; tagOrdinal=13; payloadBytes=107; rawTagPayloadSha256=756fba110cd32f0f441eed42576e7bc5fa93a247de590476e4cb6e31c92183d8; exactTagIdentitySha256=0c9b066644a5b4092dd62baf62795fecdac59d08fe9d2b4362efa63581bd5b23; runtime reachability unresolved; placement and bounds unresolved; renderer suitability unresolved; machineDefinitionIndexSha256=3307ecc7133255c87b9aa0fba340647466b5a093987fb7f93cfc4b40d84af77b; Structural/static source-derived candidate only. The exported_file is the shared machine definition-index evidence, not a visual or renderer asset export. It is not an authoritative original-runtime baseline and establishes no runtime reachability, placement, asset usage, visual appearance, renderer suitability, human or owner acceptance, strict completion, or publication."
swf-definition-00014,11,,structural-text-definition-candidate,source-assets/flash/HELP MATH_ORIGINAL FILES/HELP_COURSES/ELMGR5/L4/IN/L4IN18.swf,,migrations/course-g05-l04-in-018/audit/machine/g5-l4-pre-runtime-swf-definition-inventory.csv,3307ecc7133255c87b9aa0fba340647466b5a093987fb7f93cfc4b40d84af77b,CSV definition-index record for DefineText,,,"projection only; no asset bytes exported, transformed, redrawn, or generated",machine-extracted-structural-candidate,owner-provided SWF,"container=root; definitionDepth=0; tagOrdinal=14; payloadBytes=45; rawTagPayloadSha256=a5377651fff0449ec2bb9b9bdd264d63a687c471566505e7dc86277de82a0939; exactTagIdentitySha256=86e2bce1c849eba67290ba8ef2fa670bcef19b103b1d4e03d5859b957874c0da; runtime reachability unresolved; placement and bounds unresolved; renderer suitability unresolved; machineDefinitionIndexSha256=3307ecc7133255c87b9aa0fba340647466b5a093987fb7f93cfc4b40d84af77b; Structural/static source-derived candidate only. The exported_file is the shared machine definition-index evidence, not a visual or renderer asset export. It is not an authoritative original-runtime baseline and establishes no runtime reachability, placement, asset usage, visual appearance, renderer suitability, human or owner acceptance, strict completion, or publication."
swf-definition-00015,12,,structural-text-definition-candidate,source-assets/flash/HELP MATH_ORIGINAL FILES/HELP_COURSES/ELMGR5/L4/IN/L4IN18.swf,,migrations/course-g05-l04-in-018/audit/machine/g5-l4-pre-runtime-swf-definition-inventory.csv,3307ecc7133255c87b9aa0fba340647466b5a093987fb7f93cfc4b40d84af77b,CSV definition-index record for DefineText,,,"projection only; no asset bytes exported, transformed, redrawn, or generated",machine-extracted-structural-candidate,owner-provided SWF,"container=root; definitionDepth=0; tagOrdinal=15; payloadBytes=29; rawTagPayloadSha256=b3ff12f51993549f3aa20b71139130a1c80ac2153ef639673c373c682db98543; exactTagIdentitySha256=f2ff997538b3a8e0d6543db30a401466e8d396393e9b4f80f50af7ca6ba9071e; runtime reachability unresolved; placement and bounds unresolved; renderer suitability unresolved; machineDefinitionIndexSha256=3307ecc7133255c87b9aa0fba340647466b5a093987fb7f93cfc4b40d84af77b; Structural/static source-derived candidate only. The exported_file is the shared machine definition-index evidence, not a visual or renderer asset export. It is not an authoritative original-runtime baseline and establishes no runtime reachability, placement, asset usage, visual appearance, renderer suitability, human or owner acceptance, strict completion, or publication."
swf-definition-00016,13,,structural-shape-definition-candidate,source-assets/flash/HELP MATH_ORIGINAL FILES/HELP_COURSES/ELMGR5/L4/IN/L4IN18.swf,,migrations/course-g05-l04-in-018/audit/machine/g5-l4-pre-runtime-swf-definition-inventory.csv,3307ecc7133255c87b9aa0fba340647466b5a093987fb7f93cfc4b40d84af77b,CSV definition-index record for DefineShape2,,,"projection only; no asset bytes exported, transformed, redrawn, or generated",machine-extracted-structural-candidate,owner-provided SWF,"container=root; definitionDepth=0; tagOrdinal=16; payloadBytes=506; rawTagPayloadSha256=829b61cddd8d84300070a903b4a2e774f07b75e6081c8ae6a1858a626b9132dd; exactTagIdentitySha256=1c3bee3be5537a6cf87f9edaa730f00672bdec13f7e76b9f2023a401563c2c49; runtime reachability unresolved; placement and bounds unresolved; renderer suitability unresolved; machineDefinitionIndexSha256=3307ecc7133255c87b9aa0fba340647466b5a093987fb7f93cfc4b40d84af77b; Structural/static source-derived candidate only. The exported_file is the shared machine definition-index evidence, not a visual or renderer asset export. It is not an authoritative original-runtime baseline and establishes no runtime reachability, placement, asset usage, visual appearance, renderer suitability, human or owner acceptance, strict completion, or publication."
swf-definition-00017,14,,structural-sprite-definition-candidate,source-assets/flash/HELP MATH_ORIGINAL FILES/HELP_COURSES/ELMGR5/L4/IN/L4IN18.swf,,migrations/course-g05-l04-in-018/audit/machine/g5-l4-pre-runtime-swf-definition-inventory.csv,3307ecc7133255c87b9aa0fba340647466b5a093987fb7f93cfc4b40d84af77b,CSV definition-index record for DefineSprite,,,"projection only; no asset bytes exported, transformed, redrawn, or generated",machine-extracted-structural-candidate,owner-provided SWF,"container=root; definitionDepth=0; tagOrdinal=17; payloadBytes=132; rawTagPayloadSha256=70d67de818acaf738a9f12127fb5a293c0ed56f721b7c0533f8cc2b159d58638; exactTagIdentitySha256=eef6bd0e7a7a80a68fed769e78f4fb7526d03a4c4285520f9be657258e0b024b; declaredFrameCount=1; runtime reachability unresolved; placement and bounds unresolved; renderer suitability unresolved; machineDefinitionIndexSha256=3307ecc7133255c87b9aa0fba340647466b5a093987fb7f93cfc4b40d84af77b; Structural/static source-derived candidate only. The exported_file is the shared machine definition-index evidence, not a visual or renderer asset export. It is not an authoritative original-runtime baseline and establishes no runtime reachability, placement, asset usage, visual appearance, renderer suitability, human or owner acceptance, strict completion, or publication."
swf-definition-00033,15,,structural-shape-definition-candidate,source-assets/flash/HELP MATH_ORIGINAL FILES/HELP_COURSES/ELMGR5/L4/IN/L4IN18.swf,,migrations/course-g05-l04-in-018/audit/machine/g5-l4-pre-runtime-swf-definition-inventory.csv,3307ecc7133255c87b9aa0fba340647466b5a093987fb7f93cfc4b40d84af77b,CSV definition-index record for DefineShape2,,,"projection only; no asset bytes exported, transformed, redrawn, or generated",machine-extracted-structural-candidate,owner-provided SWF,"container=root; definitionDepth=0; tagOrdinal=33; payloadBytes=170; rawTagPayloadSha256=545a4e914241cf6b9acc3f1b728101a84c86eb12e866c4656e101d4f825e4796; exactTagIdentitySha256=2e83699e8bede4cc3419a823877e168dc79c7388d7944e3b33d46fe2ee421f59; runtime reachability unresolved; placement and bounds unresolved; renderer suitability unresolved; machineDefinitionIndexSha256=3307ecc7133255c87b9aa0fba340647466b5a093987fb7f93cfc4b40d84af77b; Structural/static source-derived candidate only. The exported_file is the shared machine definition-index evidence, not a visual or renderer asset export. It is not an authoritative original-runtime baseline and establishes no runtime reachability, placement, asset usage, visual appearance, renderer suitability, human or owner acceptance, strict completion, or publication."
swf-definition-00034,16,,structural-shape-definition-candidate,source-assets/flash/HELP MATH_ORIGINAL FILES/HELP_COURSES/ELMGR5/L4/IN/L4IN18.swf,,migrations/course-g05-l04-in-018/audit/machine/g5-l4-pre-runtime-swf-definition-inventory.csv,3307ecc7133255c87b9aa0fba340647466b5a093987fb7f93cfc4b40d84af77b,CSV definition-index record for DefineShape3,,,"projection only; no asset bytes exported, transformed, redrawn, or generated",machine-extracted-structural-candidate,owner-provided SWF,"container=root; definitionDepth=0; tagOrdinal=34; payloadBytes=97; rawTagPayloadSha256=b5a215bc6d8e8fcdbc0f49f2fc4061c6a45e02deee39ef4c83c5b2e7029709b5; exactTagIdentitySha256=cc9879bb9de8eeffe117af8bcd566d4257faa110e3fd74eca71a61c6666eaa8f; runtime reachability unresolved; placement and bounds unresolved; renderer suitability unresolved; machineDefinitionIndexSha256=3307ecc7133255c87b9aa0fba340647466b5a093987fb7f93cfc4b40d84af77b; Structural/static source-derived candidate only. The exported_file is the shared machine definition-index evidence, not a visual or renderer asset export. It is not an authoritative original-runtime baseline and establishes no runtime reachability, placement, asset usage, visual appearance, renderer suitability, human or owner acceptance, strict completion, or publication."
swf-definition-00035,17,,structural-text-definition-candidate,source-assets/flash/HELP MATH_ORIGINAL FILES/HELP_COURSES/ELMGR5/L4/IN/L4IN18.swf,,migrations/course-g05-l04-in-018/audit/machine/g5-l4-pre-runtime-swf-definition-inventory.csv,3307ecc7133255c87b9aa0fba340647466b5a093987fb7f93cfc4b40d84af77b,CSV definition-index record for DefineText,,,"projection only; no asset bytes exported, transformed, redrawn, or generated",machine-extracted-structural-candidate,owner-provided SWF,"container=root; definitionDepth=0; tagOrdinal=35; payloadBytes=53; rawTagPayloadSha256=70e4e61b730e436103f8b7757113aec1b00778c81f0c28a9f06358ad2633d133; exactTagIdentitySha256=b57b12a1d721a30b471a237d119830680df5cfecf23dba3038228f25da45e067; runtime reachability unresolved; placement and bounds unresolved; renderer suitability unresolved; machineDefinitionIndexSha256=3307ecc7133255c87b9aa0fba340647466b5a093987fb7f93cfc4b40d84af77b; Structural/static source-derived candidate only. The exported_file is the shared machine definition-index evidence, not a visual or renderer asset export. It is not an authoritative original-runtime baseline and establishes no runtime reachability, placement, asset usage, visual appearance, renderer suitability, human or owner acceptance, strict completion, or publication."
swf-definition-00036,18,,structural-text-definition-candidate,source-assets/flash/HELP MATH_ORIGINAL FILES/HELP_COURSES/ELMGR5/L4/IN/L4IN18.swf,,migrations/course-g05-l04-in-018/audit/machine/g5-l4-pre-runtime-swf-definition-inventory.csv,3307ecc7133255c87b9aa0fba340647466b5a093987fb7f93cfc4b40d84af77b,CSV definition-index record for DefineText,,,"projection only; no asset bytes exported, transformed, redrawn, or generated",machine-extracted-structural-candidate,owner-provided SWF,"container=root; definitionDepth=0; tagOrdinal=36; payloadBytes=53; rawTagPayloadSha256=154d8fff2e1ef6db1c078e0f405ef10bc1641300ee5bfe014e0448e31f5a362d; exactTagIdentitySha256=2b4f8ac29862dadde0c754832524c4d20ed0ddf650e58dc73132b1d7d9a93411; runtime reachability unresolved; placement and bounds unresolved; renderer suitability unresolved; machineDefinitionIndexSha256=3307ecc7133255c87b9aa0fba340647466b5a093987fb7f93cfc4b40d84af77b; Structural/static source-derived candidate only. The exported_file is the shared machine definition-index evidence, not a visual or renderer asset export. It is not an authoritative original-runtime baseline and establishes no runtime reachability, placement, asset usage, visual appearance, renderer suitability, human or owner acceptance, strict completion, or publication."
swf-definition-00037,19,,structural-shape-definition-candidate,source-assets/flash/HELP MATH_ORIGINAL FILES/HELP_COURSES/ELMGR5/L4/IN/L4IN18.swf,,migrations/course-g05-l04-in-018/audit/machine/g5-l4-pre-runtime-swf-definition-inventory.csv,3307ecc7133255c87b9aa0fba340647466b5a093987fb7f93cfc4b40d84af77b,CSV definition-index record for DefineShape3,,,"projection only; no asset bytes exported, transformed, redrawn, or generated",machine-extracted-structural-candidate,owner-provided SWF,"container=root; definitionDepth=0; tagOrdinal=37; payloadBytes=96; rawTagPayloadSha256=726b16541493e5acab90e918deb79b093a6e32ca0810b3474959084d8a3662ea; exactTagIdentitySha256=2df8fdc6caa68114b2f5c916f7ee4611f3a1c58c02624aaa76f056e737dd7ab1; runtime reachability unresolved; placement and bounds unresolved; renderer suitability unresolved; machineDefinitionIndexSha256=3307ecc7133255c87b9aa0fba340647466b5a093987fb7f93cfc4b40d84af77b; Structural/static source-derived candidate only. The exported_file is the shared machine definition-index evidence, not a visual or renderer asset export. It is not an authoritative original-runtime baseline and establishes no runtime reachability, placement, asset usage, visual appearance, renderer suitability, human or owner acceptance, strict completion, or publication."
swf-definition-00038,20,,structural-button-definition-candidate,source-assets/flash/HELP MATH_ORIGINAL FILES/HELP_COURSES/ELMGR5/L4/IN/L4IN18.swf,,migrations/course-g05-l04-in-018/audit/machine/g5-l4-pre-runtime-swf-definition-inventory.csv,3307ecc7133255c87b9aa0fba340647466b5a093987fb7f93cfc4b40d84af77b,CSV definition-index record for DefineButton2,,,"projection only; no asset bytes exported, transformed, redrawn, or generated",machine-extracted-structural-candidate,owner-provided SWF,"container=root; definitionDepth=0; tagOrdinal=38; payloadBytes=47; rawTagPayloadSha256=a5b2ee2c884effaa1426e0b90b68e0fdcdceb051ce86ee29d5d0256aa7f7a7c7; exactTagIdentitySha256=6aad7ed4b96719f90c89b2a30431b1787ccfc0730fb91744cd1fe86fad95dc40; runtime reachability unresolved; placement and bounds unresolved; renderer suitability unresolved; machineDefinitionIndexSha256=3307ecc7133255c87b9aa0fba340647466b5a093987fb7f93cfc4b40d84af77b; Structural/static source-derived candidate only. The exported_file is the shared machine definition-index evidence, not a visual or renderer asset export. It is not an authoritative original-runtime baseline and establishes no runtime reachability, placement, asset usage, visual appearance, renderer suitability, human or owner acceptance, strict completion, or publication."
swf-definition-00048,21,,structural-shape-definition-candidate,source-assets/flash/HELP MATH_ORIGINAL FILES/HELP_COURSES/ELMGR5/L4/IN/L4IN18.swf,,migrations/course-g05-l04-in-018/audit/machine/g5-l4-pre-runtime-swf-definition-inventory.csv,3307ecc7133255c87b9aa0fba340647466b5a093987fb7f93cfc4b40d84af77b,CSV definition-index record for DefineShape,,,"projection only; no asset bytes exported, transformed, redrawn, or generated",machine-extracted-structural-candidate,owner-provided SWF,"container=root; definitionDepth=0; tagOrdinal=48; payloadBytes=1130; rawTagPayloadSha256=e3bffe800d0e2c8dbebf3ff94cb633ccfbc40cfa668b078ac60a365314eebcb5; exactTagIdentitySha256=2000ce9a0d25918f61204605d1ce15dedf9aa8083e2b2a005d98e5071ebdef66; runtime reachability unresolved; placement and bounds unresolved; renderer suitability unresolved; machineDefinitionIndexSha256=3307ecc7133255c87b9aa0fba340647466b5a093987fb7f93cfc4b40d84af77b; Structural/static source-derived candidate only. The exported_file is the shared machine definition-index evidence, not a visual or renderer asset export. It is not an authoritative original-runtime baseline and establishes no runtime reachability, placement, asset usage, visual appearance, renderer suitability, human or owner acceptance, strict completion, or publication."
swf-definition-00050,22,,structural-shape-definition-candidate,source-assets/flash/HELP MATH_ORIGINAL FILES/HELP_COURSES/ELMGR5/L4/IN/L4IN18.swf,,migrations/course-g05-l04-in-018/audit/machine/g5-l4-pre-runtime-swf-definition-inventory.csv,3307ecc7133255c87b9aa0fba340647466b5a093987fb7f93cfc4b40d84af77b,CSV definition-index record for DefineShape,,,"projection only; no asset bytes exported, transformed, redrawn, or generated",machine-extracted-structural-candidate,owner-provided SWF,"container=root; definitionDepth=0; tagOrdinal=50; payloadBytes=26; rawTagPayloadSha256=366905196ae02cdb11bad1a115e0e95636997e0e76f3fbbb9b4bac5838db1b81; exactTagIdentitySha256=cf89eee51a6d70cc025df90970287fedafbaa5e75b245ddac0dcd2a89e60f52f; runtime reachability unresolved; placement and bounds unresolved; renderer suitability unresolved; machineDefinitionIndexSha256=3307ecc7133255c87b9aa0fba340647466b5a093987fb7f93cfc4b40d84af77b; Structural/static source-derived candidate only. The exported_file is the shared machine definition-index evidence, not a visual or renderer asset export. It is not an authoritative original-runtime baseline and establishes no runtime reachability, placement, asset usage, visual appearance, renderer suitability, human or owner acceptance, strict completion, or publication."
swf-definition-00051,23,,structural-text-definition-candidate,source-assets/flash/HELP MATH_ORIGINAL FILES/HELP_COURSES/ELMGR5/L4/IN/L4IN18.swf,,migrations/course-g05-l04-in-018/audit/machine/g5-l4-pre-runtime-swf-definition-inventory.csv,3307ecc7133255c87b9aa0fba340647466b5a093987fb7f93cfc4b40d84af77b,CSV definition-index record for DefineText,,,"projection only; no asset bytes exported, transformed, redrawn, or generated",machine-extracted-structural-candidate,owner-provided SWF,"container=root; definitionDepth=0; tagOrdinal=51; payloadBytes=31; rawTagPayloadSha256=68bd54f996a81717b06a5b4f3acd709caf65498de439155688d2592b733dfc09; exactTagIdentitySha256=7ed84a52ea9e970a3c556f7e64f29441d8a837a50df70f46ae090baccafc982a; runtime reachability unresolved; placement and bounds unresolved; renderer suitability unresolved; machineDefinitionIndexSha256=3307ecc7133255c87b9aa0fba340647466b5a093987fb7f93cfc4b40d84af77b; Structural/static source-derived candidate only. The exported_file is the shared machine definition-index evidence, not a visual or renderer asset export. It is not an authoritative original-runtime baseline and establishes no runtime reachability, placement, asset usage, visual appearance, renderer suitability, human or owner acceptance, strict completion, or publication."
swf-definition-00052,24,,structural-text-definition-candidate,source-assets/flash/HELP MATH_ORIGINAL FILES/HELP_COURSES/ELMGR5/L4/IN/L4IN18.swf,,migrations/course-g05-l04-in-018/audit/machine/g5-l4-pre-runtime-swf-definition-inventory.csv,3307ecc7133255c87b9aa0fba340647466b5a093987fb7f93cfc4b40d84af77b,CSV definition-index record for DefineText,,,"projection only; no asset bytes exported, transformed, redrawn, or generated",machine-extracted-structural-candidate,owner-provided SWF,"container=root; definitionDepth=0; tagOrdinal=52; payloadBytes=29; rawTagPayloadSha256=52479e6962e6842d43977faad3681925f96019d57d3c6c04d378127818d48129; exactTagIdentitySha256=f16d3a49c902548ecbf355d57be96cf10c5ecd66f3b8fc7d2f471902aa2d85af; runtime reachability unresolved; placement and bounds unresolved; renderer suitability unresolved; machineDefinitionIndexSha256=3307ecc7133255c87b9aa0fba340647466b5a093987fb7f93cfc4b40d84af77b; Structural/static source-derived candidate only. The exported_file is the shared machine definition-index evidence, not a visual or renderer asset export. It is not an authoritative original-runtime baseline and establishes no runtime reachability, placement, asset usage, visual appearance, renderer suitability, human or owner acceptance, strict completion, or publication."
swf-definition-00053,25,,structural-text-definition-candidate,source-assets/flash/HELP MATH_ORIGINAL FILES/HELP_COURSES/ELMGR5/L4/IN/L4IN18.swf,,migrations/course-g05-l04-in-018/audit/machine/g5-l4-pre-runtime-swf-definition-inventory.csv,3307ecc7133255c87b9aa0fba340647466b5a093987fb7f93cfc4b40d84af77b,CSV definition-index record for DefineText,,,"projection only; no asset bytes exported, transformed, redrawn, or generated",machine-extracted-structural-candidate,owner-provided SWF,"container=root; definitionDepth=0; tagOrdinal=53; payloadBytes=29; rawTagPayloadSha256=9742a6df0fb4c0387fe5d8c8ba568a933e60df86843007b5ae9bc5c7ae5380da; exactTagIdentitySha256=a9febea77de495b292b0a8e518fdf31a714f6f0dcd33a7a2d0ccb3eca613be02; runtime reachability unresolved; placement and bounds unresolved; renderer suitability unresolved; machineDefinitionIndexSha256=3307ecc7133255c87b9aa0fba340647466b5a093987fb7f93cfc4b40d84af77b; Structural/static source-derived candidate only. The exported_file is the shared machine definition-index evidence, not a visual or renderer asset export. It is not an authoritative original-runtime baseline and establishes no runtime reachability, placement, asset usage, visual appearance, renderer suitability, human or owner acceptance, strict completion, or publication."
swf-definition-00054,26,,structural-shape-definition-candidate,source-assets/flash/HELP MATH_ORIGINAL FILES/HELP_COURSES/ELMGR5/L4/IN/L4IN18.swf,,migrations/course-g05-l04-in-018/audit/machine/g5-l4-pre-runtime-swf-definition-inventory.csv,3307ecc7133255c87b9aa0fba340647466b5a093987fb7f93cfc4b40d84af77b,CSV definition-index record for DefineShape2,,,"projection only; no asset bytes exported, transformed, redrawn, or generated",machine-extracted-structural-candidate,owner-provided SWF,"container=root; definitionDepth=0; tagOrdinal=54; payloadBytes=272; rawTagPayloadSha256=d62a0f1eb71c12662363705bdb88a1683139789b9e035abea092a95ba0090197; exactTagIdentitySha256=d65ff48778e487e7d4c02b5469d1e7b59584ea96260ebf72cf8d7aac9460809b; runtime reachability unresolved; placement and bounds unresolved; renderer suitability unresolved; machineDefinitionIndexSha256=3307ecc7133255c87b9aa0fba340647466b5a093987fb7f93cfc4b40d84af77b; Structural/static source-derived candidate only. The exported_file is the shared machine definition-index evidence, not a visual or renderer asset export. It is not an authoritative original-runtime baseline and establishes no runtime reachability, placement, asset usage, visual appearance, renderer suitability, human or owner acceptance, strict completion, or publication."
swf-definition-00055,27,,structural-shape-definition-candidate,source-assets/flash/HELP MATH_ORIGINAL FILES/HELP_COURSES/ELMGR5/L4/IN/L4IN18.swf,,migrations/course-g05-l04-in-018/audit/machine/g5-l4-pre-runtime-swf-definition-inventory.csv,3307ecc7133255c87b9aa0fba340647466b5a093987fb7f93cfc4b40d84af77b,CSV definition-index record for DefineShape,,,"projection only; no asset bytes exported, transformed, redrawn, or generated",machine-extracted-structural-candidate,owner-provided SWF,"container=root; definitionDepth=0; tagOrdinal=55; payloadBytes=55; rawTagPayloadSha256=1c8f1a4ce3177542f7e5877ca6e052b64afdef2b6ad1f786135b8a448df11dde; exactTagIdentitySha256=687c5decd2ed50ec7d87052d3c935fed55aee09dbd9034841825abee9c3fddae; runtime reachability unresolved; placement and bounds unresolved; renderer suitability unresolved; machineDefinitionIndexSha256=3307ecc7133255c87b9aa0fba340647466b5a093987fb7f93cfc4b40d84af77b; Structural/static source-derived candidate only. The exported_file is the shared machine definition-index evidence, not a visual or renderer asset export. It is not an authoritative original-runtime baseline and establishes no runtime reachability, placement, asset usage, visual appearance, renderer suitability, human or owner acceptance, strict completion, or publication."
swf-definition-00056,28,,structural-font-definition-candidate,source-assets/flash/HELP MATH_ORIGINAL FILES/HELP_COURSES/ELMGR5/L4/IN/L4IN18.swf,,migrations/course-g05-l04-in-018/audit/machine/g5-l4-pre-runtime-swf-definition-inventory.csv,3307ecc7133255c87b9aa0fba340647466b5a093987fb7f93cfc4b40d84af77b,CSV definition-index record for DefineFont2,,10,"projection only; no asset bytes exported, transformed, redrawn, or generated",machine-extracted-structural-candidate,owner-provided SWF,"swfEmbeddedFontName=Bauhaus Md BT; container=root; definitionDepth=0; tagOrdinal=56; payloadBytes=769; rawTagPayloadSha256=9db1a9e826739e2648daeb78d6df2edc3a20cf3eb5ee931ca0c11c16c53614a7; exactTagIdentitySha256=1d225b9e6fe5d594f51564b0f22191b9de2edfa8bb773eb4a234e2a9d99bafed; runtime reachability unresolved; placement and bounds unresolved; renderer suitability unresolved; machineDefinitionIndexSha256=3307ecc7133255c87b9aa0fba340647466b5a093987fb7f93cfc4b40d84af77b; Structural/static source-derived candidate only. The exported_file is the shared machine definition-index evidence, not a visual or renderer asset export. It is not an authoritative original-runtime baseline and establishes no runtime reachability, placement, asset usage, visual appearance, renderer suitability, human or owner acceptance, strict completion, or publication."
swf-definition-00058,29,,structural-text-definition-candidate,source-assets/flash/HELP MATH_ORIGINAL FILES/HELP_COURSES/ELMGR5/L4/IN/L4IN18.swf,,migrations/course-g05-l04-in-018/audit/machine/g5-l4-pre-runtime-swf-definition-inventory.csv,3307ecc7133255c87b9aa0fba340647466b5a093987fb7f93cfc4b40d84af77b,CSV definition-index record for DefineText,,,"projection only; no asset bytes exported, transformed, redrawn, or generated",machine-extracted-structural-candidate,owner-provided SWF,"container=root; definitionDepth=0; tagOrdinal=58; payloadBytes=284; rawTagPayloadSha256=35cf903764c1f542a6063424061c40ab672c8a929930c8d0c9d867d65a1c1c92; exactTagIdentitySha256=3ad895bcd5785eadab0f83da2e1f0f33b67ec1dc6df93e227c99fc3350e77e8d; runtime reachability unresolved; placement and bounds unresolved; renderer suitability unresolved; machineDefinitionIndexSha256=3307ecc7133255c87b9aa0fba340647466b5a093987fb7f93cfc4b40d84af77b; Structural/static source-derived candidate only. The exported_file is the shared machine definition-index evidence, not a visual or renderer asset export. It is not an authoritative original-runtime baseline and establishes no runtime reachability, placement, asset usage, visual appearance, renderer suitability, human or owner acceptance, strict completion, or publication."
swf-definition-00059,30,,structural-shape-definition-candidate,source-assets/flash/HELP MATH_ORIGINAL FILES/HELP_COURSES/ELMGR5/L4/IN/L4IN18.swf,,migrations/course-g05-l04-in-018/audit/machine/g5-l4-pre-runtime-swf-definition-inventory.csv,3307ecc7133255c87b9aa0fba340647466b5a093987fb7f93cfc4b40d84af77b,CSV definition-index record for DefineShape,,,"projection only; no asset bytes exported, transformed, redrawn, or generated",machine-extracted-structural-candidate,owner-provided SWF,"container=root; definitionDepth=0; tagOrdinal=59; payloadBytes=36; rawTagPayloadSha256=1ff34e279c89fc7427152451045875add9b87c80e1c2b24d52d2918b8281bb63; exactTagIdentitySha256=654f153e97ac3605436edf3a5f7a5b282e5503a129cfe7a959b6a1e39e046d3f; runtime reachability unresolved; placement and bounds unresolved; renderer suitability unresolved; machineDefinitionIndexSha256=3307ecc7133255c87b9aa0fba340647466b5a093987fb7f93cfc4b40d84af77b; Structural/static source-derived candidate only. The exported_file is the shared machine definition-index evidence, not a visual or renderer asset export. It is not an authoritative original-runtime baseline and establishes no runtime reachability, placement, asset usage, visual appearance, renderer suitability, human or owner acceptance, strict completion, or publication."
swf-definition-00060,31,,structural-text-definition-candidate,source-assets/flash/HELP MATH_ORIGINAL FILES/HELP_COURSES/ELMGR5/L4/IN/L4IN18.swf,,migrations/course-g05-l04-in-018/audit/machine/g5-l4-pre-runtime-swf-definition-inventory.csv,3307ecc7133255c87b9aa0fba340647466b5a093987fb7f93cfc4b40d84af77b,CSV definition-index record for DefineText,,,"projection only; no asset bytes exported, transformed, redrawn, or generated",machine-extracted-structural-candidate,owner-provided SWF,"container=root; definitionDepth=0; tagOrdinal=60; payloadBytes=25; rawTagPayloadSha256=b61a5286e2db1893afad86ec19b446536a18f1f1504761cb8bc507979192eefa; exactTagIdentitySha256=ea96a2f2645f877cad45967310257401d7967eb07e8fb71c3b2ea5c5b35206d2; runtime reachability unresolved; placement and bounds unresolved; renderer suitability unresolved; machineDefinitionIndexSha256=3307ecc7133255c87b9aa0fba340647466b5a093987fb7f93cfc4b40d84af77b; Structural/static source-derived candidate only. The exported_file is the shared machine definition-index evidence, not a visual or renderer asset export. It is not an authoritative original-runtime baseline and establishes no runtime reachability, placement, asset usage, visual appearance, renderer suitability, human or owner acceptance, strict completion, or publication."
swf-definition-00061,32,,structural-text-definition-candidate,source-assets/flash/HELP MATH_ORIGINAL FILES/HELP_COURSES/ELMGR5/L4/IN/L4IN18.swf,,migrations/course-g05-l04-in-018/audit/machine/g5-l4-pre-runtime-swf-definition-inventory.csv,3307ecc7133255c87b9aa0fba340647466b5a093987fb7f93cfc4b40d84af77b,CSV definition-index record for DefineText,,,"projection only; no asset bytes exported, transformed, redrawn, or generated",machine-extracted-structural-candidate,owner-provided SWF,"container=root; definitionDepth=0; tagOrdinal=61; payloadBytes=25; rawTagPayloadSha256=cf3e384b464baee2b2a18d3d13dba9ceac4706db7b5c041f93fc82ec2e272188; exactTagIdentitySha256=d3542b61fc73f61f9429621df5c1227e10d3f4baa53f41dbb65fd6c3636c5e36; runtime reachability unresolved; placement and bounds unresolved; renderer suitability unresolved; machineDefinitionIndexSha256=3307ecc7133255c87b9aa0fba340647466b5a093987fb7f93cfc4b40d84af77b; Structural/static source-derived candidate only. The exported_file is the shared machine definition-index evidence, not a visual or renderer asset export. It is not an authoritative original-runtime baseline and establishes no runtime reachability, placement, asset usage, visual appearance, renderer suitability, human or owner acceptance, strict completion, or publication."
swf-definition-00062,33,,structural-shape-definition-candidate,source-assets/flash/HELP MATH_ORIGINAL FILES/HELP_COURSES/ELMGR5/L4/IN/L4IN18.swf,,migrations/course-g05-l04-in-018/audit/machine/g5-l4-pre-runtime-swf-definition-inventory.csv,3307ecc7133255c87b9aa0fba340647466b5a093987fb7f93cfc4b40d84af77b,CSV definition-index record for DefineShape,,,"projection only; no asset bytes exported, transformed, redrawn, or generated",machine-extracted-structural-candidate,owner-provided SWF,"container=root; definitionDepth=0; tagOrdinal=62; payloadBytes=23; rawTagPayloadSha256=74064077541ddec5dedfd8855ca42de2cd318fd479fe8c1322dac6ccb59479dc; exactTagIdentitySha256=e077daf3c77e9982157c53888fdeb455b7b379b39cf7a32657ead5c7e1cbe7c5; runtime reachability unresolved; placement and bounds unresolved; renderer suitability unresolved; machineDefinitionIndexSha256=3307ecc7133255c87b9aa0fba340647466b5a093987fb7f93cfc4b40d84af77b; Structural/static source-derived candidate only. The exported_file is the shared machine definition-index evidence, not a visual or renderer asset export. It is not an authoritative original-runtime baseline and establishes no runtime reachability, placement, asset usage, visual appearance, renderer suitability, human or owner acceptance, strict completion, or publication."
swf-definition-00063,34,,structural-text-definition-candidate,source-assets/flash/HELP MATH_ORIGINAL FILES/HELP_COURSES/ELMGR5/L4/IN/L4IN18.swf,,migrations/course-g05-l04-in-018/audit/machine/g5-l4-pre-runtime-swf-definition-inventory.csv,3307ecc7133255c87b9aa0fba340647466b5a093987fb7f93cfc4b40d84af77b,CSV definition-index record for DefineText,,,"projection only; no asset bytes exported, transformed, redrawn, or generated",machine-extracted-structural-candidate,owner-provided SWF,"container=root; definitionDepth=0; tagOrdinal=63; payloadBytes=25; rawTagPayloadSha256=fbbfbfd1c43baa4bb6fe997c4894c7525772011c5a423741332ff89ded6c0e80; exactTagIdentitySha256=c58f48e7524ee1ebb9df7434f66622233d168831121254696386764d4ab8dfde; runtime reachability unresolved; placement and bounds unresolved; renderer suitability unresolved; machineDefinitionIndexSha256=3307ecc7133255c87b9aa0fba340647466b5a093987fb7f93cfc4b40d84af77b; Structural/static source-derived candidate only. The exported_file is the shared machine definition-index evidence, not a visual or renderer asset export. It is not an authoritative original-runtime baseline and establishes no runtime reachability, placement, asset usage, visual appearance, renderer suitability, human or owner acceptance, strict completion, or publication."
swf-definition-00064,35,,structural-text-definition-candidate,source-assets/flash/HELP MATH_ORIGINAL FILES/HELP_COURSES/ELMGR5/L4/IN/L4IN18.swf,,migrations/course-g05-l04-in-018/audit/machine/g5-l4-pre-runtime-swf-definition-inventory.csv,3307ecc7133255c87b9aa0fba340647466b5a093987fb7f93cfc4b40d84af77b,CSV definition-index record for DefineText,,,"projection only; no asset bytes exported, transformed, redrawn, or generated",machine-extracted-structural-candidate,owner-provided SWF,"container=root; definitionDepth=0; tagOrdinal=64; payloadBytes=25; rawTagPayloadSha256=56f98b9158f6b04af8b399eb6559be224896eb9ed93a2940f8dffd092cb9cf1c; exactTagIdentitySha256=c8bb4bc03e12f2156230568c47fbc210a28c589c37f2f8aebb057b79efbd80e5; runtime reachability unresolved; placement and bounds unresolved; renderer suitability unresolved; machineDefinitionIndexSha256=3307ecc7133255c87b9aa0fba340647466b5a093987fb7f93cfc4b40d84af77b; Structural/static source-derived candidate only. The exported_file is the shared machine definition-index evidence, not a visual or renderer asset export. It is not an authoritative original-runtime baseline and establishes no runtime reachability, placement, asset usage, visual appearance, renderer suitability, human or owner acceptance, strict completion, or publication."
swf-definition-00065,36,,structural-shape-definition-candidate,source-assets/flash/HELP MATH_ORIGINAL FILES/HELP_COURSES/ELMGR5/L4/IN/L4IN18.swf,,migrations/course-g05-l04-in-018/audit/machine/g5-l4-pre-runtime-swf-definition-inventory.csv,3307ecc7133255c87b9aa0fba340647466b5a093987fb7f93cfc4b40d84af77b,CSV definition-index record for DefineShape,,,"projection only; no asset bytes exported, transformed, redrawn, or generated",machine-extracted-structural-candidate,owner-provided SWF,"container=root; definitionDepth=0; tagOrdinal=65; payloadBytes=23; rawTagPayloadSha256=f6d32db6faf1865cf07d3773cb34f3c356406135c2c209f069c4c940cc047f3b; exactTagIdentitySha256=19af26e288047f36c038fc5eceb1c0c8855d48e6cc49c9e07446024189588659; runtime reachability unresolved; placement and bounds unresolved; renderer suitability unresolved; machineDefinitionIndexSha256=3307ecc7133255c87b9aa0fba340647466b5a093987fb7f93cfc4b40d84af77b; Structural/static source-derived candidate only. The exported_file is the shared machine definition-index evidence, not a visual or renderer asset export. It is not an authoritative original-runtime baseline and establishes no runtime reachability, placement, asset usage, visual appearance, renderer suitability, human or owner acceptance, strict completion, or publication."
swf-definition-00066,37,,structural-shape-definition-candidate,source-assets/flash/HELP MATH_ORIGINAL FILES/HELP_COURSES/ELMGR5/L4/IN/L4IN18.swf,,migrations/course-g05-l04-in-018/audit/machine/g5-l4-pre-runtime-swf-definition-inventory.csv,3307ecc7133255c87b9aa0fba340647466b5a093987fb7f93cfc4b40d84af77b,CSV definition-index record for DefineShape,,,"projection only; no asset bytes exported, transformed, redrawn, or generated",machine-extracted-structural-candidate,owner-provided SWF,"container=root; definitionDepth=0; tagOrdinal=66; payloadBytes=147; rawTagPayloadSha256=f825083a110c3a2addd113f920ae47589c0ec8e8b6f96b7dec8635a0ed9237e7; exactTagIdentitySha256=f84c9ca14dfe253f45f5a54aeb60b2fe05f8bd139f77764fed0c5a58b2b8fb86; runtime reachability unresolved; placement and bounds unresolved; renderer suitability unresolved; machineDefinitionIndexSha256=3307ecc7133255c87b9aa0fba340647466b5a093987fb7f93cfc4b40d84af77b; Structural/static source-derived candidate only. The exported_file is the shared machine definition-index evidence, not a visual or renderer asset export. It is not an authoritative original-runtime baseline and establishes no runtime reachability, placement, asset usage, visual appearance, renderer suitability, human or owner acceptance, strict completion, or publication."
swf-definition-00067,38,,structural-text-definition-candidate,source-assets/flash/HELP MATH_ORIGINAL FILES/HELP_COURSES/ELMGR5/L4/IN/L4IN18.swf,,migrations/course-g05-l04-in-018/audit/machine/g5-l4-pre-runtime-swf-definition-inventory.csv,3307ecc7133255c87b9aa0fba340647466b5a093987fb7f93cfc4b40d84af77b,CSV definition-index record for DefineText,,,"projection only; no asset bytes exported, transformed, redrawn, or generated",machine-extracted-structural-candidate,owner-provided SWF,"container=root; definitionDepth=0; tagOrdinal=67; payloadBytes=50; rawTagPayloadSha256=9375b6a996850af397d9647514d9911db35e47b4312d5e2c4a2749cb6e25ead8; exactTagIdentitySha256=4d5f10666f7b457bc91b9078ebbef44cb7a412a70d303b9a86e70aad2f2a7d62; runtime reachability unresolved; placement and bounds unresolved; renderer suitability unresolved; machineDefinitionIndexSha256=3307ecc7133255c87b9aa0fba340647466b5a093987fb7f93cfc4b40d84af77b; Structural/static source-derived candidate only. The exported_file is the shared machine definition-index evidence, not a visual or renderer asset export. It is not an authoritative original-runtime baseline and establishes no runtime reachability, placement, asset usage, visual appearance, renderer suitability, human or owner acceptance, strict completion, or publication."
swf-definition-00068,39,,structural-text-definition-candidate,source-assets/flash/HELP MATH_ORIGINAL FILES/HELP_COURSES/ELMGR5/L4/IN/L4IN18.swf,,migrations/course-g05-l04-in-018/audit/machine/g5-l4-pre-runtime-swf-definition-inventory.csv,3307ecc7133255c87b9aa0fba340647466b5a093987fb7f93cfc4b40d84af77b,CSV definition-index record for DefineText,,,"projection only; no asset bytes exported, transformed, redrawn, or generated",machine-extracted-structural-candidate,owner-provided SWF,"container=root; definitionDepth=0; tagOrdinal=68; payloadBytes=50; rawTagPayloadSha256=c274e4f3b51b91f7b2bb85b37bbb956ef7cfb061cb980510a56b4b49073443ad; exactTagIdentitySha256=09401fde65ec9ccee59b6a84c2e4a79180ec702615fbb68c5a227288705f579e; runtime reachability unresolved; placement and bounds unresolved; renderer suitability unresolved; machineDefinitionIndexSha256=3307ecc7133255c87b9aa0fba340647466b5a093987fb7f93cfc4b40d84af77b; Structural/static source-derived candidate only. The exported_file is the shared machine definition-index evidence, not a visual or renderer asset export. It is not an authoritative original-runtime baseline and establishes no runtime reachability, placement, asset usage, visual appearance, renderer suitability, human or owner acceptance, strict completion, or publication."
swf-definition-00069,40,,structural-shape-definition-candidate,source-assets/flash/HELP MATH_ORIGINAL FILES/HELP_COURSES/ELMGR5/L4/IN/L4IN18.swf,,migrations/course-g05-l04-in-018/audit/machine/g5-l4-pre-runtime-swf-definition-inventory.csv,3307ecc7133255c87b9aa0fba340647466b5a093987fb7f93cfc4b40d84af77b,CSV definition-index record for DefineShape,,,"projection only; no asset bytes exported, transformed, redrawn, or generated",machine-extracted-structural-candidate,owner-provided SWF,"container=root; definitionDepth=0; tagOrdinal=69; payloadBytes=55; rawTagPayloadSha256=da6ae8cc14d73212bb536c00abdea0487e1370c76c488c3968b9f84be88b35d1; exactTagIdentitySha256=fef1334f0d4979af04ea308f874f19a1e29c0c8c00be70cd11ecc27ead71e737; runtime reachability unresolved; placement and bounds unresolved; renderer suitability unresolved; machineDefinitionIndexSha256=3307ecc7133255c87b9aa0fba340647466b5a093987fb7f93cfc4b40d84af77b; Structural/static source-derived candidate only. The exported_file is the shared machine definition-index evidence, not a visual or renderer asset export. It is not an authoritative original-runtime baseline and establishes no runtime reachability, placement, asset usage, visual appearance, renderer suitability, human or owner acceptance, strict completion, or publication."
swf-definition-00070,41,,structural-shape-definition-candidate,source-assets/flash/HELP MATH_ORIGINAL FILES/HELP_COURSES/ELMGR5/L4/IN/L4IN18.swf,,migrations/course-g05-l04-in-018/audit/machine/g5-l4-pre-runtime-swf-definition-inventory.csv,3307ecc7133255c87b9aa0fba340647466b5a093987fb7f93cfc4b40d84af77b,CSV definition-index record for DefineShape,,,"projection only; no asset bytes exported, transformed, redrawn, or generated",machine-extracted-structural-candidate,owner-provided SWF,"container=root; definitionDepth=0; tagOrdinal=70; payloadBytes=49; rawTagPayloadSha256=f09acc16aa553576aef7c197ba0f583ee51a12642967edcb16e0c335a3a95095; exactTagIdentitySha256=f817ab528d78ab6b00c26a4721905b8ebc1b786610fff247946f87ddc19de712; runtime reachability unresolved; placement and bounds unresolved; renderer suitability unresolved; machineDefinitionIndexSha256=3307ecc7133255c87b9aa0fba340647466b5a093987fb7f93cfc4b40d84af77b; Structural/static source-derived candidate only. The exported_file is the shared machine definition-index evidence, not a visual or renderer asset export. It is not an authoritative original-runtime baseline and establishes no runtime reachability, placement, asset usage, visual appearance, renderer suitability, human or owner acceptance, strict completion, or publication."
swf-definition-00071,42,,structural-text-definition-candidate,source-assets/flash/HELP MATH_ORIGINAL FILES/HELP_COURSES/ELMGR5/L4/IN/L4IN18.swf,,migrations/course-g05-l04-in-018/audit/machine/g5-l4-pre-runtime-swf-definition-inventory.csv,3307ecc7133255c87b9aa0fba340647466b5a093987fb7f93cfc4b40d84af77b,CSV definition-index record for DefineText,,,"projection only; no asset bytes exported, transformed, redrawn, or generated",machine-extracted-structural-candidate,owner-provided SWF,"container=root; definitionDepth=0; tagOrdinal=71; payloadBytes=25; rawTagPayloadSha256=6f7f3a109f879efa905c35d8a4059f41c883015bb048fff036b0839b539d842c; exactTagIdentitySha256=13d2787c1dc1cd442f964309102ea83a524a3a726e56d4cd6b0f46719224bc73; runtime reachability unresolved; placement and bounds unresolved; renderer suitability unresolved; machineDefinitionIndexSha256=3307ecc7133255c87b9aa0fba340647466b5a093987fb7f93cfc4b40d84af77b; Structural/static source-derived candidate only. The exported_file is the shared machine definition-index evidence, not a visual or renderer asset export. It is not an authoritative original-runtime baseline and establishes no runtime reachability, placement, asset usage, visual appearance, renderer suitability, human or owner acceptance, strict completion, or publication."
swf-definition-00072,43,,structural-shape-definition-candidate,source-assets/flash/HELP MATH_ORIGINAL FILES/HELP_COURSES/ELMGR5/L4/IN/L4IN18.swf,,migrations/course-g05-l04-in-018/audit/machine/g5-l4-pre-runtime-swf-definition-inventory.csv,3307ecc7133255c87b9aa0fba340647466b5a093987fb7f93cfc4b40d84af77b,CSV definition-index record for DefineShape,,,"projection only; no asset bytes exported, transformed, redrawn, or generated",machine-extracted-structural-candidate,owner-provided SWF,"container=root; definitionDepth=0; tagOrdinal=72; payloadBytes=23; rawTagPayloadSha256=fb83fc58ae5b66d3822dfdfda706f731c9d2692b06573205cc53fa1aba62d606; exactTagIdentitySha256=663b13e59feba63f31e07e11fc8113d81ad46561a6afeb4e8467233c982e4797; runtime reachability unresolved; placement and bounds unresolved; renderer suitability unresolved; machineDefinitionIndexSha256=3307ecc7133255c87b9aa0fba340647466b5a093987fb7f93cfc4b40d84af77b; Structural/static source-derived candidate only. The exported_file is the shared machine definition-index evidence, not a visual or renderer asset export. It is not an authoritative original-runtime baseline and establishes no runtime reachability, placement, asset usage, visual appearance, renderer suitability, human or owner acceptance, strict completion, or publication."
swf-definition-00073,44,,structural-text-definition-candidate,source-assets/flash/HELP MATH_ORIGINAL FILES/HELP_COURSES/ELMGR5/L4/IN/L4IN18.swf,,migrations/course-g05-l04-in-018/audit/machine/g5-l4-pre-runtime-swf-definition-inventory.csv,3307ecc7133255c87b9aa0fba340647466b5a093987fb7f93cfc4b40d84af77b,CSV definition-index record for DefineText,,,"projection only; no asset bytes exported, transformed, redrawn, or generated",machine-extracted-structural-candidate,owner-provided SWF,"container=root; definitionDepth=0; tagOrdinal=73; payloadBytes=26; rawTagPayloadSha256=bdce203b55b43e03be0b9f609b22b0cbb2e5746de20523e52061b1070f86d930; exactTagIdentitySha256=a5d8803531f4bdf4c44ff15883215e5347741519617ca411b2af991116406208; runtime reachability unresolved; placement and bounds unresolved; renderer suitability unresolved; machineDefinitionIndexSha256=3307ecc7133255c87b9aa0fba340647466b5a093987fb7f93cfc4b40d84af77b; Structural/static source-derived candidate only. The exported_file is the shared machine definition-index evidence, not a visual or renderer asset export. It is not an authoritative original-runtime baseline and establishes no runtime reachability, placement, asset usage, visual appearance, renderer suitability, human or owner acceptance, strict completion, or publication."
swf-definition-00074,45,,structural-shape-definition-candidate,source-assets/flash/HELP MATH_ORIGINAL FILES/HELP_COURSES/ELMGR5/L4/IN/L4IN18.swf,,migrations/course-g05-l04-in-018/audit/machine/g5-l4-pre-runtime-swf-definition-inventory.csv,3307ecc7133255c87b9aa0fba340647466b5a093987fb7f93cfc4b40d84af77b,CSV definition-index record for DefineShape,,,"projection only; no asset bytes exported, transformed, redrawn, or generated",machine-extracted-structural-candidate,owner-provided SWF,"container=root; definitionDepth=0; tagOrdinal=74; payloadBytes=180; rawTagPayloadSha256=5b71a1216da05117f8a21058eef5e8af58152516254a1202624225ca71abecfa; exactTagIdentitySha256=9d86f861f77241e3d1162f8b3143f97d07a1461c7f16a7cad211a448cbc32c33; runtime reachability unresolved; placement and bounds unresolved; renderer suitability unresolved; machineDefinitionIndexSha256=3307ecc7133255c87b9aa0fba340647466b5a093987fb7f93cfc4b40d84af77b; Structural/static source-derived candidate only. The exported_file is the shared machine definition-index evidence, not a visual or renderer asset export. It is not an authoritative original-runtime baseline and establishes no runtime reachability, placement, asset usage, visual appearance, renderer suitability, human or owner acceptance, strict completion, or publication."
swf-definition-00075,46,,structural-shape-definition-candidate,source-assets/flash/HELP MATH_ORIGINAL FILES/HELP_COURSES/ELMGR5/L4/IN/L4IN18.swf,,migrations/course-g05-l04-in-018/audit/machine/g5-l4-pre-runtime-swf-definition-inventory.csv,3307ecc7133255c87b9aa0fba340647466b5a093987fb7f93cfc4b40d84af77b,CSV definition-index record for DefineShape,,,"projection only; no asset bytes exported, transformed, redrawn, or generated",machine-extracted-structural-candidate,owner-provided SWF,"container=root; definitionDepth=0; tagOrdinal=75; payloadBytes=23; rawTagPayloadSha256=194353397f7d9bc2cbf224385f3d31a3e8fcc0e4841acc0c4f19a47b1b018aad; exactTagIdentitySha256=2f22493a67e84eb0c77761e2ecd0d3c18b0792b604b9dc549294adfb2ca4f2a1; runtime reachability unresolved; placement and bounds unresolved; renderer suitability unresolved; machineDefinitionIndexSha256=3307ecc7133255c87b9aa0fba340647466b5a093987fb7f93cfc4b40d84af77b; Structural/static source-derived candidate only. The exported_file is the shared machine definition-index evidence, not a visual or renderer asset export. It is not an authoritative original-runtime baseline and establishes no runtime reachability, placement, asset usage, visual appearance, renderer suitability, human or owner acceptance, strict completion, or publication."
swf-definition-00076,47,,structural-sprite-definition-candidate,source-assets/flash/HELP MATH_ORIGINAL FILES/HELP_COURSES/ELMGR5/L4/IN/L4IN18.swf,,migrations/course-g05-l04-in-018/audit/machine/g5-l4-pre-runtime-swf-definition-inventory.csv,3307ecc7133255c87b9aa0fba340647466b5a093987fb7f93cfc4b40d84af77b,CSV definition-index record for DefineSprite,,,"projection only; no asset bytes exported, transformed, redrawn, or generated",machine-extracted-structural-candidate,owner-provided SWF,"container=root; definitionDepth=0; tagOrdinal=76; payloadBytes=1090; rawTagPayloadSha256=ef700d8f831761c30375ba0b51ef3475cb3388257429842a114e9c4b6a6cd4bc; exactTagIdentitySha256=fa0ea8194599758506b8b2494e5e062a86648ee74b1df8a2ccc5296b1847f573; declaredFrameCount=21; runtime reachability unresolved; placement and bounds unresolved; renderer suitability unresolved; machineDefinitionIndexSha256=3307ecc7133255c87b9aa0fba340647466b5a093987fb7f93cfc4b40d84af77b; Structural/static source-derived candidate only. The exported_file is the shared machine definition-index evidence, not a visual or renderer asset export. It is not an authoritative original-runtime baseline and establishes no runtime reachability, placement, asset usage, visual appearance, renderer suitability, human or owner acceptance, strict completion, or publication."
swf-definition-00178,48,,structural-shape-definition-candidate,source-assets/flash/HELP MATH_ORIGINAL FILES/HELP_COURSES/ELMGR5/L4/IN/L4IN18.swf,,migrations/course-g05-l04-in-018/audit/machine/g5-l4-pre-runtime-swf-definition-inventory.csv,3307ecc7133255c87b9aa0fba340647466b5a093987fb7f93cfc4b40d84af77b,CSV definition-index record for DefineShape,,,"projection only; no asset bytes exported, transformed, redrawn, or generated",machine-extracted-structural-candidate,owner-provided SWF,"container=root; definitionDepth=0; tagOrdinal=178; payloadBytes=30; rawTagPayloadSha256=999d501ed9d89a07f45c087a25a826ee01cfdc967b7e7e3a881d9eaa0909e3ae; exactTagIdentitySha256=b07dd9d35a33e293de63eabc72fc16a473a48968cdd49a5555e99a415489e7e1; runtime reachability unresolved; placement and bounds unresolved; renderer suitability unresolved; machineDefinitionIndexSha256=3307ecc7133255c87b9aa0fba340647466b5a093987fb7f93cfc4b40d84af77b; Structural/static source-derived candidate only. The exported_file is the shared machine definition-index evidence, not a visual or renderer asset export. It is not an authoritative original-runtime baseline and establishes no runtime reachability, placement, asset usage, visual appearance, renderer suitability, human or owner acceptance, strict completion, or publication."
swf-definition-00179,49,,structural-button-definition-candidate,source-assets/flash/HELP MATH_ORIGINAL FILES/HELP_COURSES/ELMGR5/L4/IN/L4IN18.swf,,migrations/course-g05-l04-in-018/audit/machine/g5-l4-pre-runtime-swf-definition-inventory.csv,3307ecc7133255c87b9aa0fba340647466b5a093987fb7f93cfc4b40d84af77b,CSV definition-index record for DefineButton2,,,"projection only; no asset bytes exported, transformed, redrawn, or generated",machine-extracted-structural-candidate,owner-provided SWF,"container=root; definitionDepth=0; tagOrdinal=179; payloadBytes=176; rawTagPayloadSha256=d74bc669feaa44d9b98fe90a5faff069334e0741b28dc433c3625c56be914afb; exactTagIdentitySha256=94d4b6353558ad473e901ae08a84d633664569e3aab1c0f2e5d13b3a707bf155; runtime reachability unresolved; placement and bounds unresolved; renderer suitability unresolved; machineDefinitionIndexSha256=3307ecc7133255c87b9aa0fba340647466b5a093987fb7f93cfc4b40d84af77b; Structural/static source-derived candidate only. The exported_file is the shared machine definition-index evidence, not a visual or renderer asset export. It is not an authoritative original-runtime baseline and establishes no runtime reachability, placement, asset usage, visual appearance, renderer suitability, human or owner acceptance, strict completion, or publication."
swf-definition-00180,50,,structural-button-definition-candidate,source-assets/flash/HELP MATH_ORIGINAL FILES/HELP_COURSES/ELMGR5/L4/IN/L4IN18.swf,,migrations/course-g05-l04-in-018/audit/machine/g5-l4-pre-runtime-swf-definition-inventory.csv,3307ecc7133255c87b9aa0fba340647466b5a093987fb7f93cfc4b40d84af77b,CSV definition-index record for DefineButton2,,,"projection only; no asset bytes exported, transformed, redrawn, or generated",machine-extracted-structural-candidate,owner-provided SWF,"container=root; definitionDepth=0; tagOrdinal=180; payloadBytes=166; rawTagPayloadSha256=50e324c260acdffe5319027fc10e97abd6002d49869b7cec10c2c4e4bb2e671d; exactTagIdentitySha256=cff6f5192a2adb6f7281ce05db849d10270f176b755c7a6bccd392ee3be67ba9; runtime reachability unresolved; placement and bounds unresolved; renderer suitability unresolved; machineDefinitionIndexSha256=3307ecc7133255c87b9aa0fba340647466b5a093987fb7f93cfc4b40d84af77b; Structural/static source-derived candidate only. The exported_file is the shared machine definition-index evidence, not a visual or renderer asset export. It is not an authoritative original-runtime baseline and establishes no runtime reachability, placement, asset usage, visual appearance, renderer suitability, human or owner acceptance, strict completion, or publication."
swf-definition-00181,51,,structural-morph-definition-candidate,source-assets/flash/HELP MATH_ORIGINAL FILES/HELP_COURSES/ELMGR5/L4/IN/L4IN18.swf,,migrations/course-g05-l04-in-018/audit/machine/g5-l4-pre-runtime-swf-definition-inventory.csv,3307ecc7133255c87b9aa0fba340647466b5a093987fb7f93cfc4b40d84af77b,CSV definition-index record for DefineMorphShape,,,"projection only; no asset bytes exported, transformed, redrawn, or generated",machine-extracted-structural-candidate,owner-provided SWF,"container=root; definitionDepth=0; tagOrdinal=181; payloadBytes=204; rawTagPayloadSha256=cc3a36e92f17ba92d12692545b14fd222ca3b85c4e22741ac86b4f531e568ee7; exactTagIdentitySha256=ee5a370ba3056d54b69a375a5d628aa13e46a583130b2b6ab9307a05e478a2df; runtime reachability unresolved; placement and bounds unresolved; renderer suitability unresolved; machineDefinitionIndexSha256=3307ecc7133255c87b9aa0fba340647466b5a093987fb7f93cfc4b40d84af77b; Structural/static source-derived candidate only. The exported_file is the shared machine definition-index evidence, not a visual or renderer asset export. It is not an authoritative original-runtime baseline and establishes no runtime reachability, placement, asset usage, visual appearance, renderer suitability, human or owner acceptance, strict completion, or publication."
swf-definition-00182,52,,structural-morph-definition-candidate,source-assets/flash/HELP MATH_ORIGINAL FILES/HELP_COURSES/ELMGR5/L4/IN/L4IN18.swf,,migrations/course-g05-l04-in-018/audit/machine/g5-l4-pre-runtime-swf-definition-inventory.csv,3307ecc7133255c87b9aa0fba340647466b5a093987fb7f93cfc4b40d84af77b,CSV definition-index record for DefineMorphShape,,,"projection only; no asset bytes exported, transformed, redrawn, or generated",machine-extracted-structural-candidate,owner-provided SWF,"container=root; definitionDepth=0; tagOrdinal=182; payloadBytes=169; rawTagPayloadSha256=06e0591374bc4ffa7d4f3de003b3987b90c1900a11105837ad15ac15dd434890; exactTagIdentitySha256=9c81c7f2806c33607ce7168e5974d5d6416d173926372fd7e53330334adb8a6b; runtime reachability unresolved; placement and bounds unresolved; renderer suitability unresolved; machineDefinitionIndexSha256=3307ecc7133255c87b9aa0fba340647466b5a093987fb7f93cfc4b40d84af77b; Structural/static source-derived candidate only. The exported_file is the shared machine definition-index evidence, not a visual or renderer asset export. It is not an authoritative original-runtime baseline and establishes no runtime reachability, placement, asset usage, visual appearance, renderer suitability, human or owner acceptance, strict completion, or publication."
swf-definition-00183,53,,structural-morph-definition-candidate,source-assets/flash/HELP MATH_ORIGINAL FILES/HELP_COURSES/ELMGR5/L4/IN/L4IN18.swf,,migrations/course-g05-l04-in-018/audit/machine/g5-l4-pre-runtime-swf-definition-inventory.csv,3307ecc7133255c87b9aa0fba340647466b5a093987fb7f93cfc4b40d84af77b,CSV definition-index record for DefineMorphShape,,,"projection only; no asset bytes exported, transformed, redrawn, or generated",machine-extracted-structural-candidate,owner-provided SWF,"container=root; definitionDepth=0; tagOrdinal=183; payloadBytes=179; rawTagPayloadSha256=5d470efbcbdda6d255cb4ef943c768c6bbaea37fe8b7b281001e54ba47972e47; exactTagIdentitySha256=62bcba5436b42433f1a9d006a1d905b9d591c237b589b01168a1194bca625c02; runtime reachability unresolved; placement and bounds unresolved; renderer suitability unresolved; machineDefinitionIndexSha256=3307ecc7133255c87b9aa0fba340647466b5a093987fb7f93cfc4b40d84af77b; Structural/static source-derived candidate only. The exported_file is the shared machine definition-index evidence, not a visual or renderer asset export. It is not an authoritative original-runtime baseline and establishes no runtime reachability, placement, asset usage, visual appearance, renderer suitability, human or owner acceptance, strict completion, or publication."
swf-definition-00184,54,,structural-morph-definition-candidate,source-assets/flash/HELP MATH_ORIGINAL FILES/HELP_COURSES/ELMGR5/L4/IN/L4IN18.swf,,migrations/course-g05-l04-in-018/audit/machine/g5-l4-pre-runtime-swf-definition-inventory.csv,3307ecc7133255c87b9aa0fba340647466b5a093987fb7f93cfc4b40d84af77b,CSV definition-index record for DefineMorphShape,,,"projection only; no asset bytes exported, transformed, redrawn, or generated",machine-extracted-structural-candidate,owner-provided SWF,"container=root; definitionDepth=0; tagOrdinal=184; payloadBytes=170; rawTagPayloadSha256=f43674a4d5110aa6542e0c1969ce2b8d2975d34e828bb1fadf8e72c1abb8b416; exactTagIdentitySha256=644bea2e7d0f41332300166f2e831f067313f649376118ff0a3d9bd74a988ab6; runtime reachability unresolved; placement and bounds unresolved; renderer suitability unresolved; machineDefinitionIndexSha256=3307ecc7133255c87b9aa0fba340647466b5a093987fb7f93cfc4b40d84af77b; Structural/static source-derived candidate only. The exported_file is the shared machine definition-index evidence, not a visual or renderer asset export. It is not an authoritative original-runtime baseline and establishes no runtime reachability, placement, asset usage, visual appearance, renderer suitability, human or owner acceptance, strict completion, or publication."
swf-definition-00185,55,,structural-morph-definition-candidate,source-assets/flash/HELP MATH_ORIGINAL FILES/HELP_COURSES/ELMGR5/L4/IN/L4IN18.swf,,migrations/course-g05-l04-in-018/audit/machine/g5-l4-pre-runtime-swf-definition-inventory.csv,3307ecc7133255c87b9aa0fba340647466b5a093987fb7f93cfc4b40d84af77b,CSV definition-index record for DefineMorphShape,,,"projection only; no asset bytes exported, transformed, redrawn, or generated",machine-extracted-structural-candidate,owner-provided SWF,"container=root; definitionDepth=0; tagOrdinal=185; payloadBytes=172; rawTagPayloadSha256=b9612b67d6893ad57ce733810fcbf2a9f651a5ae4daab69b8d62288d112c7d24; exactTagIdentitySha256=372d9db37ff44bdc40512b87e61adcdf6feb47b6bf16facbf33390037788a8ef; runtime reachability unresolved; placement and bounds unresolved; renderer suitability unresolved; machineDefinitionIndexSha256=3307ecc7133255c87b9aa0fba340647466b5a093987fb7f93cfc4b40d84af77b; Structural/static source-derived candidate only. The exported_file is the shared machine definition-index evidence, not a visual or renderer asset export. It is not an authoritative original-runtime baseline and establishes no runtime reachability, placement, asset usage, visual appearance, renderer suitability, human or owner acceptance, strict completion, or publication."
swf-definition-00186,56,,structural-morph-definition-candidate,source-assets/flash/HELP MATH_ORIGINAL FILES/HELP_COURSES/ELMGR5/L4/IN/L4IN18.swf,,migrations/course-g05-l04-in-018/audit/machine/g5-l4-pre-runtime-swf-definition-inventory.csv,3307ecc7133255c87b9aa0fba340647466b5a093987fb7f93cfc4b40d84af77b,CSV definition-index record for DefineMorphShape,,,"projection only; no asset bytes exported, transformed, redrawn, or generated",machine-extracted-structural-candidate,owner-provided SWF,"container=root; definitionDepth=0; tagOrdinal=186; payloadBytes=187; rawTagPayloadSha256=00c51e4191c0f4bc2f1863981e0a77faf234da04a82248ffc97e9d01a7089daa; exactTagIdentitySha256=229fcf5382d55ddf4c40b2b228dfbc530484fde2293da87af3978ff40d17da8d; runtime reachability unresolved; placement and bounds unresolved; renderer suitability unresolved; machineDefinitionIndexSha256=3307ecc7133255c87b9aa0fba340647466b5a093987fb7f93cfc4b40d84af77b; Structural/static source-derived candidate only. The exported_file is the shared machine definition-index evidence, not a visual or renderer asset export. It is not an authoritative original-runtime baseline and establishes no runtime reachability, placement, asset usage, visual appearance, renderer suitability, human or owner acceptance, strict completion, or publication."
swf-definition-00187,57,,structural-morph-definition-candidate,source-assets/flash/HELP MATH_ORIGINAL FILES/HELP_COURSES/ELMGR5/L4/IN/L4IN18.swf,,migrations/course-g05-l04-in-018/audit/machine/g5-l4-pre-runtime-swf-definition-inventory.csv,3307ecc7133255c87b9aa0fba340647466b5a093987fb7f93cfc4b40d84af77b,CSV definition-index record for DefineMorphShape,,,"projection only; no asset bytes exported, transformed, redrawn, or generated",machine-extracted-structural-candidate,owner-provided SWF,"container=root; definitionDepth=0; tagOrdinal=187; payloadBytes=315; rawTagPayloadSha256=b86778b1d6dae351be296ade78de29efcef40e2c7fabffd95b79646a5be6d63d; exactTagIdentitySha256=55c05c9aaf0e10ce733cf1b0652e72f11f233b10ade40de72eb2529668583bf9; runtime reachability unresolved; placement and bounds unresolved; renderer suitability unresolved; machineDefinitionIndexSha256=3307ecc7133255c87b9aa0fba340647466b5a093987fb7f93cfc4b40d84af77b; Structural/static source-derived candidate only. The exported_file is the shared machine definition-index evidence, not a visual or renderer asset export. It is not an authoritative original-runtime baseline and establishes no runtime reachability, placement, asset usage, visual appearance, renderer suitability, human or owner acceptance, strict completion, or publication."
swf-definition-00188,58,,structural-morph-definition-candidate,source-assets/flash/HELP MATH_ORIGINAL FILES/HELP_COURSES/ELMGR5/L4/IN/L4IN18.swf,,migrations/course-g05-l04-in-018/audit/machine/g5-l4-pre-runtime-swf-definition-inventory.csv,3307ecc7133255c87b9aa0fba340647466b5a093987fb7f93cfc4b40d84af77b,CSV definition-index record for DefineMorphShape,,,"projection only; no asset bytes exported, transformed, redrawn, or generated",machine-extracted-structural-candidate,owner-provided SWF,"container=root; definitionDepth=0; tagOrdinal=188; payloadBytes=315; rawTagPayloadSha256=33f5bec9ccced7fd523e60b99408950fb6c8451614857e7f25098edc2541a71e; exactTagIdentitySha256=8958e0790a727485a335d1fe5319cb8874617a570faa60d25c429a0c0d9bde77; runtime reachability unresolved; placement and bounds unresolved; renderer suitability unresolved; machineDefinitionIndexSha256=3307ecc7133255c87b9aa0fba340647466b5a093987fb7f93cfc4b40d84af77b; Structural/static source-derived candidate only. The exported_file is the shared machine definition-index evidence, not a visual or renderer asset export. It is not an authoritative original-runtime baseline and establishes no runtime reachability, placement, asset usage, visual appearance, renderer suitability, human or owner acceptance, strict completion, or publication."
swf-definition-00189,59,,structural-morph-definition-candidate,source-assets/flash/HELP MATH_ORIGINAL FILES/HELP_COURSES/ELMGR5/L4/IN/L4IN18.swf,,migrations/course-g05-l04-in-018/audit/machine/g5-l4-pre-runtime-swf-definition-inventory.csv,3307ecc7133255c87b9aa0fba340647466b5a093987fb7f93cfc4b40d84af77b,CSV definition-index record for DefineMorphShape,,,"projection only; no asset bytes exported, transformed, redrawn, or generated",machine-extracted-structural-candidate,owner-provided SWF,"container=root; definitionDepth=0; tagOrdinal=189; payloadBytes=205; rawTagPayloadSha256=8fb64dfd2228e0cf5ee62331d40b401b545f2d49a48b3f8b61b1d0fe26146e12; exactTagIdentitySha256=be5626d9574a0a98395b9b60fac8135eae0fed37e6f18157e9921200159d2021; runtime reachability unresolved; placement and bounds unresolved; renderer suitability unresolved; machineDefinitionIndexSha256=3307ecc7133255c87b9aa0fba340647466b5a093987fb7f93cfc4b40d84af77b; Structural/static source-derived candidate only. The exported_file is the shared machine definition-index evidence, not a visual or renderer asset export. It is not an authoritative original-runtime baseline and establishes no runtime reachability, placement, asset usage, visual appearance, renderer suitability, human or owner acceptance, strict completion, or publication."
swf-definition-00190,60,,structural-morph-definition-candidate,source-assets/flash/HELP MATH_ORIGINAL FILES/HELP_COURSES/ELMGR5/L4/IN/L4IN18.swf,,migrations/course-g05-l04-in-018/audit/machine/g5-l4-pre-runtime-swf-definition-inventory.csv,3307ecc7133255c87b9aa0fba340647466b5a093987fb7f93cfc4b40d84af77b,CSV definition-index record for DefineMorphShape,,,"projection only; no asset bytes exported, transformed, redrawn, or generated",machine-extracted-structural-candidate,owner-provided SWF,"container=root; definitionDepth=0; tagOrdinal=190; payloadBytes=168; rawTagPayloadSha256=d38fe8a089aa10c9afb67c1525f14228fca7d8f9263c80aacc437ef8f0d61641; exactTagIdentitySha256=5cd197f50fc9aea92b60fd3d17f2902ef9bc73d87e7e6238c28889893135a6b4; runtime reachability unresolved; placement and bounds unresolved; renderer suitability unresolved; machineDefinitionIndexSha256=3307ecc7133255c87b9aa0fba340647466b5a093987fb7f93cfc4b40d84af77b; Structural/static source-derived candidate only. The exported_file is the shared machine definition-index evidence, not a visual or renderer asset export. It is not an authoritative original-runtime baseline and establishes no runtime reachability, placement, asset usage, visual appearance, renderer suitability, human or owner acceptance, strict completion, or publication."
swf-definition-00191,61,,structural-morph-definition-candidate,source-assets/flash/HELP MATH_ORIGINAL FILES/HELP_COURSES/ELMGR5/L4/IN/L4IN18.swf,,migrations/course-g05-l04-in-018/audit/machine/g5-l4-pre-runtime-swf-definition-inventory.csv,3307ecc7133255c87b9aa0fba340647466b5a093987fb7f93cfc4b40d84af77b,CSV definition-index record for DefineMorphShape,,,"projection only; no asset bytes exported, transformed, redrawn, or generated",machine-extracted-structural-candidate,owner-provided SWF,"container=root; definitionDepth=0; tagOrdinal=191; payloadBytes=170; rawTagPayloadSha256=528204ad5a75efa86ffa457be6b7772aca54d82ac3605e751208f15cf1d4d347; exactTagIdentitySha256=a48c79ed4813dd4c9dbf7c74a74eae1119686bdcf368671c2036e786829de02d; runtime reachability unresolved; placement and bounds unresolved; renderer suitability unresolved; machineDefinitionIndexSha256=3307ecc7133255c87b9aa0fba340647466b5a093987fb7f93cfc4b40d84af77b; Structural/static source-derived candidate only. The exported_file is the shared machine definition-index evidence, not a visual or renderer asset export. It is not an authoritative original-runtime baseline and establishes no runtime reachability, placement, asset usage, visual appearance, renderer suitability, human or owner acceptance, strict completion, or publication."
swf-definition-00192,62,,structural-morph-definition-candidate,source-assets/flash/HELP MATH_ORIGINAL FILES/HELP_COURSES/ELMGR5/L4/IN/L4IN18.swf,,migrations/course-g05-l04-in-018/audit/machine/g5-l4-pre-runtime-swf-definition-inventory.csv,3307ecc7133255c87b9aa0fba340647466b5a093987fb7f93cfc4b40d84af77b,CSV definition-index record for DefineMorphShape,,,"projection only; no asset bytes exported, transformed, redrawn, or generated",machine-extracted-structural-candidate,owner-provided SWF,"container=root; definitionDepth=0; tagOrdinal=192; payloadBytes=326; rawTagPayloadSha256=0aced0cb700e52b7742df4bb7053da64e1d535d3fcf9ab4c67ea7f4853475b87; exactTagIdentitySha256=8954a33eddbb29390b34ede9249073a830cf8d6570f8cce17fe35cae8142b5e2; runtime reachability unresolved; placement and bounds unresolved; renderer suitability unresolved; machineDefinitionIndexSha256=3307ecc7133255c87b9aa0fba340647466b5a093987fb7f93cfc4b40d84af77b; Structural/static source-derived candidate only. The exported_file is the shared machine definition-index evidence, not a visual or renderer asset export. It is not an authoritative original-runtime baseline and establishes no runtime reachability, placement, asset usage, visual appearance, renderer suitability, human or owner acceptance, strict completion, or publication."
swf-definition-00193,63,,structural-morph-definition-candidate,source-assets/flash/HELP MATH_ORIGINAL FILES/HELP_COURSES/ELMGR5/L4/IN/L4IN18.swf,,migrations/course-g05-l04-in-018/audit/machine/g5-l4-pre-runtime-swf-definition-inventory.csv,3307ecc7133255c87b9aa0fba340647466b5a093987fb7f93cfc4b40d84af77b,CSV definition-index record for DefineMorphShape,,,"projection only; no asset bytes exported, transformed, redrawn, or generated",machine-extracted-structural-candidate,owner-provided SWF,"container=root; definitionDepth=0; tagOrdinal=193; payloadBytes=315; rawTagPayloadSha256=72761f46b37673164e77d43fdbf0c080fbbeedf734d2921c7d9354ffb72dd524; exactTagIdentitySha256=58bc01027346101de721334280d09c4e4a2c1c3e8024ec7ab8f70cf96314e8ea; runtime reachability unresolved; placement and bounds unresolved; renderer suitability unresolved; machineDefinitionIndexSha256=3307ecc7133255c87b9aa0fba340647466b5a093987fb7f93cfc4b40d84af77b; Structural/static source-derived candidate only. The exported_file is the shared machine definition-index evidence, not a visual or renderer asset export. It is not an authoritative original-runtime baseline and establishes no runtime reachability, placement, asset usage, visual appearance, renderer suitability, human or owner acceptance, strict completion, or publication."
swf-definition-00194,64,,structural-morph-definition-candidate,source-assets/flash/HELP MATH_ORIGINAL FILES/HELP_COURSES/ELMGR5/L4/IN/L4IN18.swf,,migrations/course-g05-l04-in-018/audit/machine/g5-l4-pre-runtime-swf-definition-inventory.csv,3307ecc7133255c87b9aa0fba340647466b5a093987fb7f93cfc4b40d84af77b,CSV definition-index record for DefineMorphShape,,,"projection only; no asset bytes exported, transformed, redrawn, or generated",machine-extracted-structural-candidate,owner-provided SWF,"container=root; definitionDepth=0; tagOrdinal=194; payloadBytes=168; rawTagPayloadSha256=b567bde43e56eb1494534a8457cf0ba8b5ac0b73da20f6f1a20fb2687fdf843b; exactTagIdentitySha256=1873a192e0f61ee3e2519be4469cf5d04a7e3342f4a94b2149cda5d0caebdebf; runtime reachability unresolved; placement and bounds unresolved; renderer suitability unresolved; machineDefinitionIndexSha256=3307ecc7133255c87b9aa0fba340647466b5a093987fb7f93cfc4b40d84af77b; Structural/static source-derived candidate only. The exported_file is the shared machine definition-index evidence, not a visual or renderer asset export. It is not an authoritative original-runtime baseline and establishes no runtime reachability, placement, asset usage, visual appearance, renderer suitability, human or owner acceptance, strict completion, or publication."
swf-definition-00195,65,,structural-morph-definition-candidate,source-assets/flash/HELP MATH_ORIGINAL FILES/HELP_COURSES/ELMGR5/L4/IN/L4IN18.swf,,migrations/course-g05-l04-in-018/audit/machine/g5-l4-pre-runtime-swf-definition-inventory.csv,3307ecc7133255c87b9aa0fba340647466b5a093987fb7f93cfc4b40d84af77b,CSV definition-index record for DefineMorphShape,,,"projection only; no asset bytes exported, transformed, redrawn, or generated",machine-extracted-structural-candidate,owner-provided SWF,"container=root; definitionDepth=0; tagOrdinal=195; payloadBytes=178; rawTagPayloadSha256=27515eadfe7cc9e41a03604779ab8d9d9531791a53a3fb00c02238e7030ebdc8; exactTagIdentitySha256=d1700768c420ed91c03fc88c313cee7bca730b5e54b5a3923fa2acdcc9c97e9d; runtime reachability unresolved; placement and bounds unresolved; renderer suitability unresolved; machineDefinitionIndexSha256=3307ecc7133255c87b9aa0fba340647466b5a093987fb7f93cfc4b40d84af77b; Structural/static source-derived candidate only. The exported_file is the shared machine definition-index evidence, not a visual or renderer asset export. It is not an authoritative original-runtime baseline and establishes no runtime reachability, placement, asset usage, visual appearance, renderer suitability, human or owner acceptance, strict completion, or publication."
swf-definition-00196,66,,structural-morph-definition-candidate,source-assets/flash/HELP MATH_ORIGINAL FILES/HELP_COURSES/ELMGR5/L4/IN/L4IN18.swf,,migrations/course-g05-l04-in-018/audit/machine/g5-l4-pre-runtime-swf-definition-inventory.csv,3307ecc7133255c87b9aa0fba340647466b5a093987fb7f93cfc4b40d84af77b,CSV definition-index record for DefineMorphShape,,,"projection only; no asset bytes exported, transformed, redrawn, or generated",machine-extracted-structural-candidate,owner-provided SWF,"container=root; definitionDepth=0; tagOrdinal=196; payloadBytes=170; rawTagPayloadSha256=05560fee5d88956bf2b74effb13174302ba8f85d9b3f3e765158ef3d2c673413; exactTagIdentitySha256=84ce73cab0e5227ffcb5bb219fe8e4058fe5d1983db208fa946797f54b94da70; runtime reachability unresolved; placement and bounds unresolved; renderer suitability unresolved; machineDefinitionIndexSha256=3307ecc7133255c87b9aa0fba340647466b5a093987fb7f93cfc4b40d84af77b; Structural/static source-derived candidate only. The exported_file is the shared machine definition-index evidence, not a visual or renderer asset export. It is not an authoritative original-runtime baseline and establishes no runtime reachability, placement, asset usage, visual appearance, renderer suitability, human or owner acceptance, strict completion, or publication."
swf-definition-00197,67,,structural-shape-definition-candidate,source-assets/flash/HELP MATH_ORIGINAL FILES/HELP_COURSES/ELMGR5/L4/IN/L4IN18.swf,,migrations/course-g05-l04-in-018/audit/machine/g5-l4-pre-runtime-swf-definition-inventory.csv,3307ecc7133255c87b9aa0fba340647466b5a093987fb7f93cfc4b40d84af77b,CSV definition-index record for DefineShape3,,,"projection only; no asset bytes exported, transformed, redrawn, or generated",machine-extracted-structural-candidate,owner-provided SWF,"container=root; definitionDepth=0; tagOrdinal=197; payloadBytes=81; rawTagPayloadSha256=412fee92b0927bc031060adb9c0c21d9f6252e848bcf88a3d2badce45538a79b; exactTagIdentitySha256=918e8e8048a2c96824ded5cc465cef50ec7848bef7bd081728d4e4df17401d9a; runtime reachability unresolved; placement and bounds unresolved; renderer suitability unresolved; machineDefinitionIndexSha256=3307ecc7133255c87b9aa0fba340647466b5a093987fb7f93cfc4b40d84af77b; Structural/static source-derived candidate only. The exported_file is the shared machine definition-index evidence, not a visual or renderer asset export. It is not an authoritative original-runtime baseline and establishes no runtime reachability, placement, asset usage, visual appearance, renderer suitability, human or owner acceptance, strict completion, or publication."
swf-definition-00198,68,,structural-morph-definition-candidate,source-assets/flash/HELP MATH_ORIGINAL FILES/HELP_COURSES/ELMGR5/L4/IN/L4IN18.swf,,migrations/course-g05-l04-in-018/audit/machine/g5-l4-pre-runtime-swf-definition-inventory.csv,3307ecc7133255c87b9aa0fba340647466b5a093987fb7f93cfc4b40d84af77b,CSV definition-index record for DefineMorphShape,,,"projection only; no asset bytes exported, transformed, redrawn, or generated",machine-extracted-structural-candidate,owner-provided SWF,"container=root; definitionDepth=0; tagOrdinal=198; payloadBytes=186; rawTagPayloadSha256=634c6db238ee10900a4d7a9f6b94e6517ce4a007db517c392e8eabe590fdffed; exactTagIdentitySha256=1dfe913fd2848fe1b873646ea2738a7d97ceb8310386df575bbccbd175bba04a; runtime reachability unresolved; placement and bounds unresolved; renderer suitability unresolved; machineDefinitionIndexSha256=3307ecc7133255c87b9aa0fba340647466b5a093987fb7f93cfc4b40d84af77b; Structural/static source-derived candidate only. The exported_file is the shared machine definition-index evidence, not a visual or renderer asset export. It is not an authoritative original-runtime baseline and establishes no runtime reachability, placement, asset usage, visual appearance, renderer suitability, human or owner acceptance, strict completion, or publication."
swf-definition-00199,69,,structural-shape-definition-candidate,source-assets/flash/HELP MATH_ORIGINAL FILES/HELP_COURSES/ELMGR5/L4/IN/L4IN18.swf,,migrations/course-g05-l04-in-018/audit/machine/g5-l4-pre-runtime-swf-definition-inventory.csv,3307ecc7133255c87b9aa0fba340647466b5a093987fb7f93cfc4b40d84af77b,CSV definition-index record for DefineShape3,,,"projection only; no asset bytes exported, transformed, redrawn, or generated",machine-extracted-structural-candidate,owner-provided SWF,"container=root; definitionDepth=0; tagOrdinal=199; payloadBytes=152; rawTagPayloadSha256=12678ade4ee96b11331ef31721ddd1fc57b83d5d737170f829c79ea8d23bc093; exactTagIdentitySha256=6f48951e8485efa863d45d375a05a14cf039fd510fde8b0cb9ef2ac645875bcc; runtime reachability unresolved; placement and bounds unresolved; renderer suitability unresolved; machineDefinitionIndexSha256=3307ecc7133255c87b9aa0fba340647466b5a093987fb7f93cfc4b40d84af77b; Structural/static source-derived candidate only. The exported_file is the shared machine definition-index evidence, not a visual or renderer asset export. It is not an authoritative original-runtime baseline and establishes no runtime reachability, placement, asset usage, visual appearance, renderer suitability, human or owner acceptance, strict completion, or publication."
swf-definition-00200,70,,structural-morph-definition-candidate,source-assets/flash/HELP MATH_ORIGINAL FILES/HELP_COURSES/ELMGR5/L4/IN/L4IN18.swf,,migrations/course-g05-l04-in-018/audit/machine/g5-l4-pre-runtime-swf-definition-inventory.csv,3307ecc7133255c87b9aa0fba340647466b5a093987fb7f93cfc4b40d84af77b,CSV definition-index record for DefineMorphShape,,,"projection only; no asset bytes exported, transformed, redrawn, or generated",machine-extracted-structural-candidate,owner-provided SWF,"container=root; definitionDepth=0; tagOrdinal=200; payloadBytes=194; rawTagPayloadSha256=b0e5178c04fa5020d17620cf0818c6157668d2f08938780cf35a596a8ef4a196; exactTagIdentitySha256=505775c8c1a0abdf0644146a1943ad71d513df7d8bd961f6895b6237ca63430b; runtime reachability unresolved; placement and bounds unresolved; renderer suitability unresolved; machineDefinitionIndexSha256=3307ecc7133255c87b9aa0fba340647466b5a093987fb7f93cfc4b40d84af77b; Structural/static source-derived candidate only. The exported_file is the shared machine definition-index evidence, not a visual or renderer asset export. It is not an authoritative original-runtime baseline and establishes no runtime reachability, placement, asset usage, visual appearance, renderer suitability, human or owner acceptance, strict completion, or publication."
swf-definition-00201,71,,structural-morph-definition-candidate,source-assets/flash/HELP MATH_ORIGINAL FILES/HELP_COURSES/ELMGR5/L4/IN/L4IN18.swf,,migrations/course-g05-l04-in-018/audit/machine/g5-l4-pre-runtime-swf-definition-inventory.csv,3307ecc7133255c87b9aa0fba340647466b5a093987fb7f93cfc4b40d84af77b,CSV definition-index record for DefineMorphShape,,,"projection only; no asset bytes exported, transformed, redrawn, or generated",machine-extracted-structural-candidate,owner-provided SWF,"container=root; definitionDepth=0; tagOrdinal=201; payloadBytes=172; rawTagPayloadSha256=8f4573e83f2144d97180b7d0a0d0ca16924ab2a925db29c8fd08e6c00e392c7f; exactTagIdentitySha256=76c1399d9ac06b4f8b2b0556faf63f22d7240049a15ea66bb08112b294104624; runtime reachability unresolved; placement and bounds unresolved; renderer suitability unresolved; machineDefinitionIndexSha256=3307ecc7133255c87b9aa0fba340647466b5a093987fb7f93cfc4b40d84af77b; Structural/static source-derived candidate only. The exported_file is the shared machine definition-index evidence, not a visual or renderer asset export. It is not an authoritative original-runtime baseline and establishes no runtime reachability, placement, asset usage, visual appearance, renderer suitability, human or owner acceptance, strict completion, or publication."
swf-definition-00202,72,,structural-morph-definition-candidate,source-assets/flash/HELP MATH_ORIGINAL FILES/HELP_COURSES/ELMGR5/L4/IN/L4IN18.swf,,migrations/course-g05-l04-in-018/audit/machine/g5-l4-pre-runtime-swf-definition-inventory.csv,3307ecc7133255c87b9aa0fba340647466b5a093987fb7f93cfc4b40d84af77b,CSV definition-index record for DefineMorphShape,,,"projection only; no asset bytes exported, transformed, redrawn, or generated",machine-extracted-structural-candidate,owner-provided SWF,"container=root; definitionDepth=0; tagOrdinal=202; payloadBytes=334; rawTagPayloadSha256=edefec9f7fac4429a4cf8ae06235df3324071172b1b25ee4e594a763089b27e5; exactTagIdentitySha256=da8c6f3f803872e780c6331946a601fa577bc184de0af889bb3c522dab2a24d5; runtime reachability unresolved; placement and bounds unresolved; renderer suitability unresolved; machineDefinitionIndexSha256=3307ecc7133255c87b9aa0fba340647466b5a093987fb7f93cfc4b40d84af77b; Structural/static source-derived candidate only. The exported_file is the shared machine definition-index evidence, not a visual or renderer asset export. It is not an authoritative original-runtime baseline and establishes no runtime reachability, placement, asset usage, visual appearance, renderer suitability, human or owner acceptance, strict completion, or publication."
swf-definition-00203,73,,structural-morph-definition-candidate,source-assets/flash/HELP MATH_ORIGINAL FILES/HELP_COURSES/ELMGR5/L4/IN/L4IN18.swf,,migrations/course-g05-l04-in-018/audit/machine/g5-l4-pre-runtime-swf-definition-inventory.csv,3307ecc7133255c87b9aa0fba340647466b5a093987fb7f93cfc4b40d84af77b,CSV definition-index record for DefineMorphShape,,,"projection only; no asset bytes exported, transformed, redrawn, or generated",machine-extracted-structural-candidate,owner-provided SWF,"container=root; definitionDepth=0; tagOrdinal=203; payloadBytes=167; rawTagPayloadSha256=74ea225fc0f7b8081b0b64aa516c25b89a22402db3ff384f5a5ec6524c14724d; exactTagIdentitySha256=404d55c73887992179bfcfa58e5e856bcc65f598507fe7db134cc68090e56540; runtime reachability unresolved; placement and bounds unresolved; renderer suitability unresolved; machineDefinitionIndexSha256=3307ecc7133255c87b9aa0fba340647466b5a093987fb7f93cfc4b40d84af77b; Structural/static source-derived candidate only. The exported_file is the shared machine definition-index evidence, not a visual or renderer asset export. It is not an authoritative original-runtime baseline and establishes no runtime reachability, placement, asset usage, visual appearance, renderer suitability, human or owner acceptance, strict completion, or publication."
swf-definition-00204,74,,structural-morph-definition-candidate,source-assets/flash/HELP MATH_ORIGINAL FILES/HELP_COURSES/ELMGR5/L4/IN/L4IN18.swf,,migrations/course-g05-l04-in-018/audit/machine/g5-l4-pre-runtime-swf-definition-inventory.csv,3307ecc7133255c87b9aa0fba340647466b5a093987fb7f93cfc4b40d84af77b,CSV definition-index record for DefineMorphShape,,,"projection only; no asset bytes exported, transformed, redrawn, or generated",machine-extracted-structural-candidate,owner-provided SWF,"container=root; definitionDepth=0; tagOrdinal=204; payloadBytes=169; rawTagPayloadSha256=ffbf9ba40e944a405f8bd133da2dc3fe34b2e4142a72af46002ab9dc3271e978; exactTagIdentitySha256=a6c31c69499813d7a5a1616b1ccd47cb114b31f36665909b0eb0034cfc601cea; runtime reachability unresolved; placement and bounds unresolved; renderer suitability unresolved; machineDefinitionIndexSha256=3307ecc7133255c87b9aa0fba340647466b5a093987fb7f93cfc4b40d84af77b; Structural/static source-derived candidate only. The exported_file is the shared machine definition-index evidence, not a visual or renderer asset export. It is not an authoritative original-runtime baseline and establishes no runtime reachability, placement, asset usage, visual appearance, renderer suitability, human or owner acceptance, strict completion, or publication."
swf-definition-00205,75,,structural-shape-definition-candidate,source-assets/flash/HELP MATH_ORIGINAL FILES/HELP_COURSES/ELMGR5/L4/IN/L4IN18.swf,,migrations/course-g05-l04-in-018/audit/machine/g5-l4-pre-runtime-swf-definition-inventory.csv,3307ecc7133255c87b9aa0fba340647466b5a093987fb7f93cfc4b40d84af77b,CSV definition-index record for DefineShape3,,,"projection only; no asset bytes exported, transformed, redrawn, or generated",machine-extracted-structural-candidate,owner-provided SWF,"container=root; definitionDepth=0; tagOrdinal=205; payloadBytes=138; rawTagPayloadSha256=4968f4d8a0fcad6fe78fc07ea4d99c202df6da1b60d912d610852c444d963d80; exactTagIdentitySha256=8f006033e1d72cdcbc6d4f121f64d389acc6ac136e032b35d1f704c42f0f5ee6; runtime reachability unresolved; placement and bounds unresolved; renderer suitability unresolved; machineDefinitionIndexSha256=3307ecc7133255c87b9aa0fba340647466b5a093987fb7f93cfc4b40d84af77b; Structural/static source-derived candidate only. The exported_file is the shared machine definition-index evidence, not a visual or renderer asset export. It is not an authoritative original-runtime baseline and establishes no runtime reachability, placement, asset usage, visual appearance, renderer suitability, human or owner acceptance, strict completion, or publication."
swf-definition-00206,76,,structural-shape-definition-candidate,source-assets/flash/HELP MATH_ORIGINAL FILES/HELP_COURSES/ELMGR5/L4/IN/L4IN18.swf,,migrations/course-g05-l04-in-018/audit/machine/g5-l4-pre-runtime-swf-definition-inventory.csv,3307ecc7133255c87b9aa0fba340647466b5a093987fb7f93cfc4b40d84af77b,CSV definition-index record for DefineShape3,,,"projection only; no asset bytes exported, transformed, redrawn, or generated",machine-extracted-structural-candidate,owner-provided SWF,"container=root; definitionDepth=0; tagOrdinal=206; payloadBytes=142; rawTagPayloadSha256=64efc924a71bf879cd114b398fa192073316c0653bf8ca5e4bab20e4e3d8cd36; exactTagIdentitySha256=6e2c01d14148ef205e4bc77007ad36548de43eb05d138999acbcd530491e1f11; runtime reachability unresolved; placement and bounds unresolved; renderer suitability unresolved; machineDefinitionIndexSha256=3307ecc7133255c87b9aa0fba340647466b5a093987fb7f93cfc4b40d84af77b; Structural/static source-derived candidate only. The exported_file is the shared machine definition-index evidence, not a visual or renderer asset export. It is not an authoritative original-runtime baseline and establishes no runtime reachability, placement, asset usage, visual appearance, renderer suitability, human or owner acceptance, strict completion, or publication."
swf-definition-00207,77,,structural-font-definition-candidate,source-assets/flash/HELP MATH_ORIGINAL FILES/HELP_COURSES/ELMGR5/L4/IN/L4IN18.swf,,migrations/course-g05-l04-in-018/audit/machine/g5-l4-pre-runtime-swf-definition-inventory.csv,3307ecc7133255c87b9aa0fba340647466b5a093987fb7f93cfc4b40d84af77b,CSV definition-index record for DefineFont2,,7,"projection only; no asset bytes exported, transformed, redrawn, or generated",machine-extracted-structural-candidate,owner-provided SWF,"swfEmbeddedFontName=Performa Black SSi; container=root; definitionDepth=0; tagOrdinal=207; payloadBytes=587; rawTagPayloadSha256=abb7a30e23a1dda66cc44bf440ce5cd73b0fc99d6a155309fde942e158631a00; exactTagIdentitySha256=81957dff87d7a5b10698822fd7702c7e2d37bb77167843c4fe29d36dedde35ff; runtime reachability unresolved; placement and bounds unresolved; renderer suitability unresolved; machineDefinitionIndexSha256=3307ecc7133255c87b9aa0fba340647466b5a093987fb7f93cfc4b40d84af77b; Structural/static source-derived candidate only. The exported_file is the shared machine definition-index evidence, not a visual or renderer asset export. It is not an authoritative original-runtime baseline and establishes no runtime reachability, placement, asset usage, visual appearance, renderer suitability, human or owner acceptance, strict completion, or publication."
swf-definition-00209,78,,structural-text-definition-candidate,source-assets/flash/HELP MATH_ORIGINAL FILES/HELP_COURSES/ELMGR5/L4/IN/L4IN18.swf,,migrations/course-g05-l04-in-018/audit/machine/g5-l4-pre-runtime-swf-definition-inventory.csv,3307ecc7133255c87b9aa0fba340647466b5a093987fb7f93cfc4b40d84af77b,CSV definition-index record for DefineText,,,"projection only; no asset bytes exported, transformed, redrawn, or generated",machine-extracted-structural-candidate,owner-provided SWF,"container=root; definitionDepth=0; tagOrdinal=209; payloadBytes=39; rawTagPayloadSha256=2892ad9c1e17dfa109452aab4a024a7f93859ba22b7c2ed0c200cbc383f787e9; exactTagIdentitySha256=254d8f9c9af4f77740bcdfb4c029f96d85a3aec09e8de00d7d62c36cb6c56e69; runtime reachability unresolved; placement and bounds unresolved; renderer suitability unresolved; machineDefinitionIndexSha256=3307ecc7133255c87b9aa0fba340647466b5a093987fb7f93cfc4b40d84af77b; Structural/static source-derived candidate only. The exported_file is the shared machine definition-index evidence, not a visual or renderer asset export. It is not an authoritative original-runtime baseline and establishes no runtime reachability, placement, asset usage, visual appearance, renderer suitability, human or owner acceptance, strict completion, or publication."
swf-definition-00210,79,,structural-text-definition-candidate,source-assets/flash/HELP MATH_ORIGINAL FILES/HELP_COURSES/ELMGR5/L4/IN/L4IN18.swf,,migrations/course-g05-l04-in-018/audit/machine/g5-l4-pre-runtime-swf-definition-inventory.csv,3307ecc7133255c87b9aa0fba340647466b5a093987fb7f93cfc4b40d84af77b,CSV definition-index record for DefineText,,,"projection only; no asset bytes exported, transformed, redrawn, or generated",machine-extracted-structural-candidate,owner-provided SWF,"container=root; definitionDepth=0; tagOrdinal=210; payloadBytes=39; rawTagPayloadSha256=fab406334e6beb883f78c723bce068e7a9652624463d50ef468bf18503364f56; exactTagIdentitySha256=8ec42224ad519d3abf8662e8626d74465987c7702a34f0d51d7eed9429a0e277; runtime reachability unresolved; placement and bounds unresolved; renderer suitability unresolved; machineDefinitionIndexSha256=3307ecc7133255c87b9aa0fba340647466b5a093987fb7f93cfc4b40d84af77b; Structural/static source-derived candidate only. The exported_file is the shared machine definition-index evidence, not a visual or renderer asset export. It is not an authoritative original-runtime baseline and establishes no runtime reachability, placement, asset usage, visual appearance, renderer suitability, human or owner acceptance, strict completion, or publication."
swf-definition-00211,80,,structural-text-definition-candidate,source-assets/flash/HELP MATH_ORIGINAL FILES/HELP_COURSES/ELMGR5/L4/IN/L4IN18.swf,,migrations/course-g05-l04-in-018/audit/machine/g5-l4-pre-runtime-swf-definition-inventory.csv,3307ecc7133255c87b9aa0fba340647466b5a093987fb7f93cfc4b40d84af77b,CSV definition-index record for DefineText,,,"projection only; no asset bytes exported, transformed, redrawn, or generated",machine-extracted-structural-candidate,owner-provided SWF,"container=root; definitionDepth=0; tagOrdinal=211; payloadBytes=39; rawTagPayloadSha256=e728c0d956a088fc571c864832382c18542efb8d5c7591ca091f5c1798b7cc40; exactTagIdentitySha256=85ed6db0b9d139107345b8a5ef41c16f29385d666439e777569a212c58791e31; runtime reachability unresolved; placement and bounds unresolved; renderer suitability unresolved; machineDefinitionIndexSha256=3307ecc7133255c87b9aa0fba340647466b5a093987fb7f93cfc4b40d84af77b; Structural/static source-derived candidate only. The exported_file is the shared machine definition-index evidence, not a visual or renderer asset export. It is not an authoritative original-runtime baseline and establishes no runtime reachability, placement, asset usage, visual appearance, renderer suitability, human or owner acceptance, strict completion, or publication."
swf-definition-00212,81,,structural-morph-definition-candidate,source-assets/flash/HELP MATH_ORIGINAL FILES/HELP_COURSES/ELMGR5/L4/IN/L4IN18.swf,,migrations/course-g05-l04-in-018/audit/machine/g5-l4-pre-runtime-swf-definition-inventory.csv,3307ecc7133255c87b9aa0fba340647466b5a093987fb7f93cfc4b40d84af77b,CSV definition-index record for DefineMorphShape,,,"projection only; no asset bytes exported, transformed, redrawn, or generated",machine-extracted-structural-candidate,owner-provided SWF,"container=root; definitionDepth=0; tagOrdinal=212; payloadBytes=95; rawTagPayloadSha256=5dec2dfb3bc403024795785efb19b1e6856c52ef5fafed5c36903abf74b8e529; exactTagIdentitySha256=24e93a2a086da8b884cddbc4c4c4e41d8eb224f58ecdd34c719b79a06b55ff2f; runtime reachability unresolved; placement and bounds unresolved; renderer suitability unresolved; machineDefinitionIndexSha256=3307ecc7133255c87b9aa0fba340647466b5a093987fb7f93cfc4b40d84af77b; Structural/static source-derived candidate only. The exported_file is the shared machine definition-index evidence, not a visual or renderer asset export. It is not an authoritative original-runtime baseline and establishes no runtime reachability, placement, asset usage, visual appearance, renderer suitability, human or owner acceptance, strict completion, or publication."
swf-definition-00213,82,,structural-morph-definition-candidate,source-assets/flash/HELP MATH_ORIGINAL FILES/HELP_COURSES/ELMGR5/L4/IN/L4IN18.swf,,migrations/course-g05-l04-in-018/audit/machine/g5-l4-pre-runtime-swf-definition-inventory.csv,3307ecc7133255c87b9aa0fba340647466b5a093987fb7f93cfc4b40d84af77b,CSV definition-index record for DefineMorphShape,,,"projection only; no asset bytes exported, transformed, redrawn, or generated",machine-extracted-structural-candidate,owner-provided SWF,"container=root; definitionDepth=0; tagOrdinal=213; payloadBytes=274; rawTagPayloadSha256=bc1a5a335acb2a43fed5051c29a64b6402d04bf88647779b555a9f5b5779f0c2; exactTagIdentitySha256=a32ab54f2277b7cc15ed8611f26baa093a9837db938265a8feb4bdbd55b7cdf8; runtime reachability unresolved; placement and bounds unresolved; renderer suitability unresolved; machineDefinitionIndexSha256=3307ecc7133255c87b9aa0fba340647466b5a093987fb7f93cfc4b40d84af77b; Structural/static source-derived candidate only. The exported_file is the shared machine definition-index evidence, not a visual or renderer asset export. It is not an authoritative original-runtime baseline and establishes no runtime reachability, placement, asset usage, visual appearance, renderer suitability, human or owner acceptance, strict completion, or publication."
swf-definition-00214,83,,structural-shape-definition-candidate,source-assets/flash/HELP MATH_ORIGINAL FILES/HELP_COURSES/ELMGR5/L4/IN/L4IN18.swf,,migrations/course-g05-l04-in-018/audit/machine/g5-l4-pre-runtime-swf-definition-inventory.csv,3307ecc7133255c87b9aa0fba340647466b5a093987fb7f93cfc4b40d84af77b,CSV definition-index record for DefineShape3,,,"projection only; no asset bytes exported, transformed, redrawn, or generated",machine-extracted-structural-candidate,owner-provided SWF,"container=root; definitionDepth=0; tagOrdinal=214; payloadBytes=86; rawTagPayloadSha256=cac0702c5f8935c545daf902f4547ec2ab22975bbc316d36b86fd362b28ec07d; exactTagIdentitySha256=b8235bc3d2cab9885e1e7b35117b34cd7d296182405cebbdcea2e3bbc204644f; runtime reachability unresolved; placement and bounds unresolved; renderer suitability unresolved; machineDefinitionIndexSha256=3307ecc7133255c87b9aa0fba340647466b5a093987fb7f93cfc4b40d84af77b; Structural/static source-derived candidate only. The exported_file is the shared machine definition-index evidence, not a visual or renderer asset export. It is not an authoritative original-runtime baseline and establishes no runtime reachability, placement, asset usage, visual appearance, renderer suitability, human or owner acceptance, strict completion, or publication."
swf-definition-00215,84,,structural-sprite-definition-candidate,source-assets/flash/HELP MATH_ORIGINAL FILES/HELP_COURSES/ELMGR5/L4/IN/L4IN18.swf,,migrations/course-g05-l04-in-018/audit/machine/g5-l4-pre-runtime-swf-definition-inventory.csv,3307ecc7133255c87b9aa0fba340647466b5a093987fb7f93cfc4b40d84af77b,CSV definition-index record for DefineSprite,,,"projection only; no asset bytes exported, transformed, redrawn, or generated",machine-extracted-structural-candidate,owner-provided SWF,"container=root; definitionDepth=0; tagOrdinal=215; payloadBytes=13199; rawTagPayloadSha256=d625d0e51ed3f4bb0ccaeba5898b679ee568ebcd910fd1c22d8fbe7fc035f9b7; exactTagIdentitySha256=fc5fd626838ddcd7788ecd2c6bd9a67766e9ca86c8e57469a51094622f4adb0f; declaredFrameCount=27; runtime reachability unresolved; placement and bounds unresolved; renderer suitability unresolved; machineDefinitionIndexSha256=3307ecc7133255c87b9aa0fba340647466b5a093987fb7f93cfc4b40d84af77b; Structural/static source-derived candidate only. The exported_file is the shared machine definition-index evidence, not a visual or renderer asset export. It is not an authoritative original-runtime baseline and establishes no runtime reachability, placement, asset usage, visual appearance, renderer suitability, human or owner acceptance, strict completion, or publication."
swf-definition-00388,85,,structural-bitmap-definition-candidate,source-assets/flash/HELP MATH_ORIGINAL FILES/HELP_COURSES/ELMGR5/L4/IN/L4IN18.swf,,migrations/course-g05-l04-in-018/audit/machine/g5-l4-pre-runtime-swf-definition-inventory.csv,3307ecc7133255c87b9aa0fba340647466b5a093987fb7f93cfc4b40d84af77b,CSV definition-index record for DefineBitsJPEG3,,,"projection only; no asset bytes exported, transformed, redrawn, or generated",machine-extracted-structural-candidate,owner-provided SWF,"container=root; definitionDepth=0; tagOrdinal=388; payloadBytes=11547; rawTagPayloadSha256=4b74736475ab3308cfaa062a591100c6b25536be388f612a8bb203e51eeead0c; exactTagIdentitySha256=87cedbb1cdb7fd6e04128215ccd33a97cf96f7bd8b8894b5b95a72be471ac9a0; runtime reachability unresolved; placement and bounds unresolved; renderer suitability unresolved; machineDefinitionIndexSha256=3307ecc7133255c87b9aa0fba340647466b5a093987fb7f93cfc4b40d84af77b; Structural/static source-derived candidate only. The exported_file is the shared machine definition-index evidence, not a visual or renderer asset export. It is not an authoritative original-runtime baseline and establishes no runtime reachability, placement, asset usage, visual appearance, renderer suitability, human or owner acceptance, strict completion, or publication."
swf-definition-00389,86,,structural-shape-definition-candidate,source-assets/flash/HELP MATH_ORIGINAL FILES/HELP_COURSES/ELMGR5/L4/IN/L4IN18.swf,,migrations/course-g05-l04-in-018/audit/machine/g5-l4-pre-runtime-swf-definition-inventory.csv,3307ecc7133255c87b9aa0fba340647466b5a093987fb7f93cfc4b40d84af77b,CSV definition-index record for DefineShape,,,"projection only; no asset bytes exported, transformed, redrawn, or generated",machine-extracted-structural-candidate,owner-provided SWF,"container=root; definitionDepth=0; tagOrdinal=389; payloadBytes=51; rawTagPayloadSha256=65ae299250dcd2822d7665742f4122f389e0769e94f398362110f537e91bb1cd; exactTagIdentitySha256=6525961e37ce59dae3f429893031b33f910ec4c65494049204806f801753c776; runtime reachability unresolved; placement and bounds unresolved; renderer suitability unresolved; machineDefinitionIndexSha256=3307ecc7133255c87b9aa0fba340647466b5a093987fb7f93cfc4b40d84af77b; Structural/static source-derived candidate only. The exported_file is the shared machine definition-index evidence, not a visual or renderer asset export. It is not an authoritative original-runtime baseline and establishes no runtime reachability, placement, asset usage, visual appearance, renderer suitability, human or owner acceptance, strict completion, or publication."
swf-definition-00390,87,,structural-bitmap-definition-candidate,source-assets/flash/HELP MATH_ORIGINAL FILES/HELP_COURSES/ELMGR5/L4/IN/L4IN18.swf,,migrations/course-g05-l04-in-018/audit/machine/g5-l4-pre-runtime-swf-definition-inventory.csv,3307ecc7133255c87b9aa0fba340647466b5a093987fb7f93cfc4b40d84af77b,CSV definition-index record for DefineBitsJPEG3,,,"projection only; no asset bytes exported, transformed, redrawn, or generated",machine-extracted-structural-candidate,owner-provided SWF,"container=root; definitionDepth=0; tagOrdinal=390; payloadBytes=104971; rawTagPayloadSha256=32a28b5876a11ec2631d14473db3b7e960a35aac475d8f404642c51105b5fc08; exactTagIdentitySha256=5de85f4b0ad753f352d0ad5adc607aacda07aac1875b0c4d9bf8d3618168aff6; runtime reachability unresolved; placement and bounds unresolved; renderer suitability unresolved; machineDefinitionIndexSha256=3307ecc7133255c87b9aa0fba340647466b5a093987fb7f93cfc4b40d84af77b; Structural/static source-derived candidate only. The exported_file is the shared machine definition-index evidence, not a visual or renderer asset export. It is not an authoritative original-runtime baseline and establishes no runtime reachability, placement, asset usage, visual appearance, renderer suitability, human or owner acceptance, strict completion, or publication."
swf-definition-00391,88,,structural-shape-definition-candidate,source-assets/flash/HELP MATH_ORIGINAL FILES/HELP_COURSES/ELMGR5/L4/IN/L4IN18.swf,,migrations/course-g05-l04-in-018/audit/machine/g5-l4-pre-runtime-swf-definition-inventory.csv,3307ecc7133255c87b9aa0fba340647466b5a093987fb7f93cfc4b40d84af77b,CSV definition-index record for DefineShape,,,"projection only; no asset bytes exported, transformed, redrawn, or generated",machine-extracted-structural-candidate,owner-provided SWF,"container=root; definitionDepth=0; tagOrdinal=391; payloadBytes=53; rawTagPayloadSha256=eea6a65b2ce6dbb4774bf6aa9b2514ddfb07b206811ad59a66424b2ffd4a72e1; exactTagIdentitySha256=024f0003d0583aaef2b25538cec6033b40bf2669cf52e567c477668e8b317215; runtime reachability unresolved; placement and bounds unresolved; renderer suitability unresolved; machineDefinitionIndexSha256=3307ecc7133255c87b9aa0fba340647466b5a093987fb7f93cfc4b40d84af77b; Structural/static source-derived candidate only. The exported_file is the shared machine definition-index evidence, not a visual or renderer asset export. It is not an authoritative original-runtime baseline and establishes no runtime reachability, placement, asset usage, visual appearance, renderer suitability, human or owner acceptance, strict completion, or publication."
swf-definition-00392,89,,structural-bitmap-definition-candidate,source-assets/flash/HELP MATH_ORIGINAL FILES/HELP_COURSES/ELMGR5/L4/IN/L4IN18.swf,,migrations/course-g05-l04-in-018/audit/machine/g5-l4-pre-runtime-swf-definition-inventory.csv,3307ecc7133255c87b9aa0fba340647466b5a093987fb7f93cfc4b40d84af77b,CSV definition-index record for DefineBitsJPEG3,,,"projection only; no asset bytes exported, transformed, redrawn, or generated",machine-extracted-structural-candidate,owner-provided SWF,"container=root; definitionDepth=0; tagOrdinal=392; payloadBytes=96292; rawTagPayloadSha256=a5ceca51be3fc0345d4601d250fe2ade67e832a42671a110af2b94d8a50c5526; exactTagIdentitySha256=33b027cd4a0c7d3ae1ed50d47895b851bfb27c83cff164d3f772b836b1ce979c; runtime reachability unresolved; placement and bounds unresolved; renderer suitability unresolved; machineDefinitionIndexSha256=3307ecc7133255c87b9aa0fba340647466b5a093987fb7f93cfc4b40d84af77b; Structural/static source-derived candidate only. The exported_file is the shared machine definition-index evidence, not a visual or renderer asset export. It is not an authoritative original-runtime baseline and establishes no runtime reachability, placement, asset usage, visual appearance, renderer suitability, human or owner acceptance, strict completion, or publication."
swf-definition-00393,90,,structural-shape-definition-candidate,source-assets/flash/HELP MATH_ORIGINAL FILES/HELP_COURSES/ELMGR5/L4/IN/L4IN18.swf,,migrations/course-g05-l04-in-018/audit/machine/g5-l4-pre-runtime-swf-definition-inventory.csv,3307ecc7133255c87b9aa0fba340647466b5a093987fb7f93cfc4b40d84af77b,CSV definition-index record for DefineShape,,,"projection only; no asset bytes exported, transformed, redrawn, or generated",machine-extracted-structural-candidate,owner-provided SWF,"container=root; definitionDepth=0; tagOrdinal=393; payloadBytes=53; rawTagPayloadSha256=49f0b342d88165a4d652d4a2f6f3acbff24268464d7705eebaa67bdb1315094d; exactTagIdentitySha256=6d3069375f54049f464cf6614e325090b48cf1a6d53125d744309d1b6d5567e8; runtime reachability unresolved; placement and bounds unresolved; renderer suitability unresolved; machineDefinitionIndexSha256=3307ecc7133255c87b9aa0fba340647466b5a093987fb7f93cfc4b40d84af77b; Structural/static source-derived candidate only. The exported_file is the shared machine definition-index evidence, not a visual or renderer asset export. It is not an authoritative original-runtime baseline and establishes no runtime reachability, placement, asset usage, visual appearance, renderer suitability, human or owner acceptance, strict completion, or publication."
swf-definition-00394,91,,structural-shape-definition-candidate,source-assets/flash/HELP MATH_ORIGINAL FILES/HELP_COURSES/ELMGR5/L4/IN/L4IN18.swf,,migrations/course-g05-l04-in-018/audit/machine/g5-l4-pre-runtime-swf-definition-inventory.csv,3307ecc7133255c87b9aa0fba340647466b5a093987fb7f93cfc4b40d84af77b,CSV definition-index record for DefineShape3,,,"projection only; no asset bytes exported, transformed, redrawn, or generated",machine-extracted-structural-candidate,owner-provided SWF,"container=root; definitionDepth=0; tagOrdinal=394; payloadBytes=250; rawTagPayloadSha256=0b3143055745ac6d9c09b3cb9f1d5cedf05deb05c0ad977af57813d6c7cee706; exactTagIdentitySha256=4a8fdda2a6d275239d04ce99bf89b9fad87663b7aba954df3b0c6913c8828d15; runtime reachability unresolved; placement and bounds unresolved; renderer suitability unresolved; machineDefinitionIndexSha256=3307ecc7133255c87b9aa0fba340647466b5a093987fb7f93cfc4b40d84af77b; Structural/static source-derived candidate only. The exported_file is the shared machine definition-index evidence, not a visual or renderer asset export. It is not an authoritative original-runtime baseline and establishes no runtime reachability, placement, asset usage, visual appearance, renderer suitability, human or owner acceptance, strict completion, or publication."
swf-definition-00395,92,,structural-font-definition-candidate,source-assets/flash/HELP MATH_ORIGINAL FILES/HELP_COURSES/ELMGR5/L4/IN/L4IN18.swf,,migrations/course-g05-l04-in-018/audit/machine/g5-l4-pre-runtime-swf-definition-inventory.csv,3307ecc7133255c87b9aa0fba340647466b5a093987fb7f93cfc4b40d84af77b,CSV definition-index record for DefineFont2,,8,"projection only; no asset bytes exported, transformed, redrawn, or generated",machine-extracted-structural-candidate,owner-provided SWF,"swfEmbeddedFontName=MicrogrammaDBolExt; container=root; definitionDepth=0; tagOrdinal=395; payloadBytes=570; rawTagPayloadSha256=90b65d7534ae3b32232eac1eaf3c3a92910158633227b0a46e863ae1dbcd520b; exactTagIdentitySha256=5d414b9652a03e178e16e364e3886b7d06c61c5b20edca419181a747ef8f5d99; runtime reachability unresolved; placement and bounds unresolved; renderer suitability unresolved; machineDefinitionIndexSha256=3307ecc7133255c87b9aa0fba340647466b5a093987fb7f93cfc4b40d84af77b; Structural/static source-derived candidate only. The exported_file is the shared machine definition-index evidence, not a visual or renderer asset export. It is not an authoritative original-runtime baseline and establishes no runtime reachability, placement, asset usage, visual appearance, renderer suitability, human or owner acceptance, strict completion, or publication."
swf-definition-00397,93,,structural-text-definition-candidate,source-assets/flash/HELP MATH_ORIGINAL FILES/HELP_COURSES/ELMGR5/L4/IN/L4IN18.swf,,migrations/course-g05-l04-in-018/audit/machine/g5-l4-pre-runtime-swf-definition-inventory.csv,3307ecc7133255c87b9aa0fba340647466b5a093987fb7f93cfc4b40d84af77b,CSV definition-index record for DefineText,,,"projection only; no asset bytes exported, transformed, redrawn, or generated",machine-extracted-structural-candidate,owner-provided SWF,"container=root; definitionDepth=0; tagOrdinal=397; payloadBytes=46; rawTagPayloadSha256=766c4d431618a2bf2a7d8c92341b17fa418052b60dbc4e713d195a9399b84f14; exactTagIdentitySha256=abbbfcccd4a0c4773713e2a6a764e45c5ced5f94407ada747b0dfa6f94b78c2d; runtime reachability unresolved; placement and bounds unresolved; renderer suitability unresolved; machineDefinitionIndexSha256=3307ecc7133255c87b9aa0fba340647466b5a093987fb7f93cfc4b40d84af77b; Structural/static source-derived candidate only. The exported_file is the shared machine definition-index evidence, not a visual or renderer asset export. It is not an authoritative original-runtime baseline and establishes no runtime reachability, placement, asset usage, visual appearance, renderer suitability, human or owner acceptance, strict completion, or publication."
swf-definition-00398,94,,structural-text-definition-candidate,source-assets/flash/HELP MATH_ORIGINAL FILES/HELP_COURSES/ELMGR5/L4/IN/L4IN18.swf,,migrations/course-g05-l04-in-018/audit/machine/g5-l4-pre-runtime-swf-definition-inventory.csv,3307ecc7133255c87b9aa0fba340647466b5a093987fb7f93cfc4b40d84af77b,CSV definition-index record for DefineText,,,"projection only; no asset bytes exported, transformed, redrawn, or generated",machine-extracted-structural-candidate,owner-provided SWF,"container=root; definitionDepth=0; tagOrdinal=398; payloadBytes=46; rawTagPayloadSha256=a86f233ac8a9471e54be3e05c29cce75c5e8668e21d093e2684db4d1175a15c6; exactTagIdentitySha256=a86cb54b95a0d92119fd82e44925439793858106462248f8e58d3b0d708216d2; runtime reachability unresolved; placement and bounds unresolved; renderer suitability unresolved; machineDefinitionIndexSha256=3307ecc7133255c87b9aa0fba340647466b5a093987fb7f93cfc4b40d84af77b; Structural/static source-derived candidate only. The exported_file is the shared machine definition-index evidence, not a visual or renderer asset export. It is not an authoritative original-runtime baseline and establishes no runtime reachability, placement, asset usage, visual appearance, renderer suitability, human or owner acceptance, strict completion, or publication."
swf-definition-00399,95,,structural-shape-definition-candidate,source-assets/flash/HELP MATH_ORIGINAL FILES/HELP_COURSES/ELMGR5/L4/IN/L4IN18.swf,,migrations/course-g05-l04-in-018/audit/machine/g5-l4-pre-runtime-swf-definition-inventory.csv,3307ecc7133255c87b9aa0fba340647466b5a093987fb7f93cfc4b40d84af77b,CSV definition-index record for DefineShape,,,"projection only; no asset bytes exported, transformed, redrawn, or generated",machine-extracted-structural-candidate,owner-provided SWF,"container=root; definitionDepth=0; tagOrdinal=399; payloadBytes=53; rawTagPayloadSha256=d126aa8864cbeacb29fbff064b263fafa7b48e20f463a14f3e7650cdc9dbc2f1; exactTagIdentitySha256=6f8383ada88312e493075592bd96ced4b056b9ea1140befd15b46c9ba274b964; runtime reachability unresolved; placement and bounds unresolved; renderer suitability unresolved; machineDefinitionIndexSha256=3307ecc7133255c87b9aa0fba340647466b5a093987fb7f93cfc4b40d84af77b; Structural/static source-derived candidate only. The exported_file is the shared machine definition-index evidence, not a visual or renderer asset export. It is not an authoritative original-runtime baseline and establishes no runtime reachability, placement, asset usage, visual appearance, renderer suitability, human or owner acceptance, strict completion, or publication."
swf-definition-00400,96,,structural-sprite-definition-candidate,source-assets/flash/HELP MATH_ORIGINAL FILES/HELP_COURSES/ELMGR5/L4/IN/L4IN18.swf,,migrations/course-g05-l04-in-018/audit/machine/g5-l4-pre-runtime-swf-definition-inventory.csv,3307ecc7133255c87b9aa0fba340647466b5a093987fb7f93cfc4b40d84af77b,CSV definition-index record for DefineSprite,,,"projection only; no asset bytes exported, transformed, redrawn, or generated",machine-extracted-structural-candidate,owner-provided SWF,"container=root; definitionDepth=0; tagOrdinal=400; payloadBytes=12054; rawTagPayloadSha256=3f8f06eba95ef4b1a54d6c89876cf17b2ab55aeb5e11f0671d6281ed3d3aed15; exactTagIdentitySha256=4b3d6be107baa82cf94a5a51a8a00a52c51e97febe4db3e6ff43aaa1cdf8468d; declaredFrameCount=27; runtime reachability unresolved; placement and bounds unresolved; renderer suitability unresolved; machineDefinitionIndexSha256=3307ecc7133255c87b9aa0fba340647466b5a093987fb7f93cfc4b40d84af77b; Structural/static source-derived candidate only. The exported_file is the shared machine definition-index evidence, not a visual or renderer asset export. It is not an authoritative original-runtime baseline and establishes no runtime reachability, placement, asset usage, visual appearance, renderer suitability, human or owner acceptance, strict completion, or publication."
swf-definition-00504,97,,structural-bitmap-definition-candidate,source-assets/flash/HELP MATH_ORIGINAL FILES/HELP_COURSES/ELMGR5/L4/IN/L4IN18.swf,,migrations/course-g05-l04-in-018/audit/machine/g5-l4-pre-runtime-swf-definition-inventory.csv,3307ecc7133255c87b9aa0fba340647466b5a093987fb7f93cfc4b40d84af77b,CSV definition-index record for DefineBitsJPEG3,,,"projection only; no asset bytes exported, transformed, redrawn, or generated",machine-extracted-structural-candidate,owner-provided SWF,"container=root; definitionDepth=0; tagOrdinal=504; payloadBytes=5556; rawTagPayloadSha256=7a32f436af3f95a9e7b05e4f162a01455d4fbf215352ab7af9b3da83892c3685; exactTagIdentitySha256=8a1c3f83afa5af838d50e5faae90261f0e3da16c2c4b05a637cfac1fbf6ad09f; runtime reachability unresolved; placement and bounds unresolved; renderer suitability unresolved; machineDefinitionIndexSha256=3307ecc7133255c87b9aa0fba340647466b5a093987fb7f93cfc4b40d84af77b; Structural/static source-derived candidate only. The exported_file is the shared machine definition-index evidence, not a visual or renderer asset export. It is not an authoritative original-runtime baseline and establishes no runtime reachability, placement, asset usage, visual appearance, renderer suitability, human or owner acceptance, strict completion, or publication."
swf-definition-00505,98,,structural-shape-definition-candidate,source-assets/flash/HELP MATH_ORIGINAL FILES/HELP_COURSES/ELMGR5/L4/IN/L4IN18.swf,,migrations/course-g05-l04-in-018/audit/machine/g5-l4-pre-runtime-swf-definition-inventory.csv,3307ecc7133255c87b9aa0fba340647466b5a093987fb7f93cfc4b40d84af77b,CSV definition-index record for DefineShape,,,"projection only; no asset bytes exported, transformed, redrawn, or generated",machine-extracted-structural-candidate,owner-provided SWF,"container=root; definitionDepth=0; tagOrdinal=505; payloadBytes=52; rawTagPayloadSha256=4e257381ade5f59b6e46ff4a4233885e419f4b46b6859bceb592999d2f95e9f0; exactTagIdentitySha256=0a5154e8763de60dd10b9ed035db8795922d7047dee50b292db5c2af40050c24; runtime reachability unresolved; placement and bounds unresolved; renderer suitability unresolved; machineDefinitionIndexSha256=3307ecc7133255c87b9aa0fba340647466b5a093987fb7f93cfc4b40d84af77b; Structural/static source-derived candidate only. The exported_file is the shared machine definition-index evidence, not a visual or renderer asset export. It is not an authoritative original-runtime baseline and establishes no runtime reachability, placement, asset usage, visual appearance, renderer suitability, human or owner acceptance, strict completion, or publication."
swf-definition-00506,99,,structural-bitmap-definition-candidate,source-assets/flash/HELP MATH_ORIGINAL FILES/HELP_COURSES/ELMGR5/L4/IN/L4IN18.swf,,migrations/course-g05-l04-in-018/audit/machine/g5-l4-pre-runtime-swf-definition-inventory.csv,3307ecc7133255c87b9aa0fba340647466b5a093987fb7f93cfc4b40d84af77b,CSV definition-index record for DefineBitsJPEG3,,,"projection only; no asset bytes exported, transformed, redrawn, or generated",machine-extracted-structural-candidate,owner-provided SWF,"container=root; definitionDepth=0; tagOrdinal=506; payloadBytes=16430; rawTagPayloadSha256=d3be387dcae9d272d704be8b66aaf00cda14c6ffd760a5f6f95c128520bbc912; exactTagIdentitySha256=63e3e169de74155eafb47278d13f2f67dfd5133b4d62c36edd5ac4a0c9b45c7e; runtime reachability unresolved; placement and bounds unresolved; renderer suitability unresolved; machineDefinitionIndexSha256=3307ecc7133255c87b9aa0fba340647466b5a093987fb7f93cfc4b40d84af77b; Structural/static source-derived candidate only. The exported_file is the shared machine definition-index evidence, not a visual or renderer asset export. It is not an authoritative original-runtime baseline and establishes no runtime reachability, placement, asset usage, visual appearance, renderer suitability, human or owner acceptance, strict completion, or publication."
swf-definition-00507,100,,structural-shape-definition-candidate,source-assets/flash/HELP MATH_ORIGINAL FILES/HELP_COURSES/ELMGR5/L4/IN/L4IN18.swf,,migrations/course-g05-l04-in-018/audit/machine/g5-l4-pre-runtime-swf-definition-inventory.csv,3307ecc7133255c87b9aa0fba340647466b5a093987fb7f93cfc4b40d84af77b,CSV definition-index record for DefineShape,,,"projection only; no asset bytes exported, transformed, redrawn, or generated",machine-extracted-structural-candidate,owner-provided SWF,"container=root; definitionDepth=0; tagOrdinal=507; payloadBytes=52; rawTagPayloadSha256=fc55bd8af6ec85eca7308cd63d353a0aba9c936989ea94b2042e7b7828d0a1b9; exactTagIdentitySha256=cfe6b5e35be82dc0b1528f88546c86a20c27e92ee3640c9f2d5395aeb19f8077; runtime reachability unresolved; placement and bounds unresolved; renderer suitability unresolved; machineDefinitionIndexSha256=3307ecc7133255c87b9aa0fba340647466b5a093987fb7f93cfc4b40d84af77b; Structural/static source-derived candidate only. The exported_file is the shared machine definition-index evidence, not a visual or renderer asset export. It is not an authoritative original-runtime baseline and establishes no runtime reachability, placement, asset usage, visual appearance, renderer suitability, human or owner acceptance, strict completion, or publication."
swf-definition-00508,101,,structural-bitmap-definition-candidate,source-assets/flash/HELP MATH_ORIGINAL FILES/HELP_COURSES/ELMGR5/L4/IN/L4IN18.swf,,migrations/course-g05-l04-in-018/audit/machine/g5-l4-pre-runtime-swf-definition-inventory.csv,3307ecc7133255c87b9aa0fba340647466b5a093987fb7f93cfc4b40d84af77b,CSV definition-index record for DefineBitsJPEG3,,,"projection only; no asset bytes exported, transformed, redrawn, or generated",machine-extracted-structural-candidate,owner-provided SWF,"container=root; definitionDepth=0; tagOrdinal=508; payloadBytes=31294; rawTagPayloadSha256=29ab1bb98ee2d00f1cec32ad542899bf903aade12e5f88d088c5e477b112b060; exactTagIdentitySha256=b513a7babbb3e358bdbd7a1b7fb2bdd958346ff3d68ca3bee9ab4c94a2421fea; runtime reachability unresolved; placement and bounds unresolved; renderer suitability unresolved; machineDefinitionIndexSha256=3307ecc7133255c87b9aa0fba340647466b5a093987fb7f93cfc4b40d84af77b; Structural/static source-derived candidate only. The exported_file is the shared machine definition-index evidence, not a visual or renderer asset export. It is not an authoritative original-runtime baseline and establishes no runtime reachability, placement, asset usage, visual appearance, renderer suitability, human or owner acceptance, strict completion, or publication."
swf-definition-00509,102,,structural-shape-definition-candidate,source-assets/flash/HELP MATH_ORIGINAL FILES/HELP_COURSES/ELMGR5/L4/IN/L4IN18.swf,,migrations/course-g05-l04-in-018/audit/machine/g5-l4-pre-runtime-swf-definition-inventory.csv,3307ecc7133255c87b9aa0fba340647466b5a093987fb7f93cfc4b40d84af77b,CSV definition-index record for DefineShape,,,"projection only; no asset bytes exported, transformed, redrawn, or generated",machine-extracted-structural-candidate,owner-provided SWF,"container=root; definitionDepth=0; tagOrdinal=509; payloadBytes=54; rawTagPayloadSha256=2a4712f2ac9b060854f2a1e7cae47d76ad5fa09b7c3b52df215821bd5238ac61; exactTagIdentitySha256=5cac81f19898e457412d653c80be0f76cffeb7d77685d1d0607cbe95bfdf8ee6; runtime reachability unresolved; placement and bounds unresolved; renderer suitability unresolved; machineDefinitionIndexSha256=3307ecc7133255c87b9aa0fba340647466b5a093987fb7f93cfc4b40d84af77b; Structural/static source-derived candidate only. The exported_file is the shared machine definition-index evidence, not a visual or renderer asset export. It is not an authoritative original-runtime baseline and establishes no runtime reachability, placement, asset usage, visual appearance, renderer suitability, human or owner acceptance, strict completion, or publication."
swf-definition-00510,103,,structural-bitmap-definition-candidate,source-assets/flash/HELP MATH_ORIGINAL FILES/HELP_COURSES/ELMGR5/L4/IN/L4IN18.swf,,migrations/course-g05-l04-in-018/audit/machine/g5-l4-pre-runtime-swf-definition-inventory.csv,3307ecc7133255c87b9aa0fba340647466b5a093987fb7f93cfc4b40d84af77b,CSV definition-index record for DefineBitsJPEG3,,,"projection only; no asset bytes exported, transformed, redrawn, or generated",machine-extracted-structural-candidate,owner-provided SWF,"container=root; definitionDepth=0; tagOrdinal=510; payloadBytes=40576; rawTagPayloadSha256=4a51cbbd6030d42942c46d0ea50834f2f7ca0da06a218e767a23c56111b1d138; exactTagIdentitySha256=bf86d3dec182112eb48f085a4d67b26901fdb80b8b3130d92f5481634085bb7f; runtime reachability unresolved; placement and bounds unresolved; renderer suitability unresolved; machineDefinitionIndexSha256=3307ecc7133255c87b9aa0fba340647466b5a093987fb7f93cfc4b40d84af77b; Structural/static source-derived candidate only. The exported_file is the shared machine definition-index evidence, not a visual or renderer asset export. It is not an authoritative original-runtime baseline and establishes no runtime reachability, placement, asset usage, visual appearance, renderer suitability, human or owner acceptance, strict completion, or publication."
swf-definition-00511,104,,structural-shape-definition-candidate,source-assets/flash/HELP MATH_ORIGINAL FILES/HELP_COURSES/ELMGR5/L4/IN/L4IN18.swf,,migrations/course-g05-l04-in-018/audit/machine/g5-l4-pre-runtime-swf-definition-inventory.csv,3307ecc7133255c87b9aa0fba340647466b5a093987fb7f93cfc4b40d84af77b,CSV definition-index record for DefineShape,,,"projection only; no asset bytes exported, transformed, redrawn, or generated",machine-extracted-structural-candidate,owner-provided SWF,"container=root; definitionDepth=0; tagOrdinal=511; payloadBytes=54; rawTagPayloadSha256=fa835ac1149a54632e41a54328cb3fcbcc955bd043b587ba4b843718d76efbb5; exactTagIdentitySha256=1ae7a383959e7b251da7dbec60c975f65f33e9dc70f7eedec8aad17d83eca805; runtime reachability unresolved; placement and bounds unresolved; renderer suitability unresolved; machineDefinitionIndexSha256=3307ecc7133255c87b9aa0fba340647466b5a093987fb7f93cfc4b40d84af77b; Structural/static source-derived candidate only. The exported_file is the shared machine definition-index evidence, not a visual or renderer asset export. It is not an authoritative original-runtime baseline and establishes no runtime reachability, placement, asset usage, visual appearance, renderer suitability, human or owner acceptance, strict completion, or publication."
swf-definition-00512,105,,structural-bitmap-definition-candidate,source-assets/flash/HELP MATH_ORIGINAL FILES/HELP_COURSES/ELMGR5/L4/IN/L4IN18.swf,,migrations/course-g05-l04-in-018/audit/machine/g5-l4-pre-runtime-swf-definition-inventory.csv,3307ecc7133255c87b9aa0fba340647466b5a093987fb7f93cfc4b40d84af77b,CSV definition-index record for DefineBitsJPEG3,,,"projection only; no asset bytes exported, transformed, redrawn, or generated",machine-extracted-structural-candidate,owner-provided SWF,"container=root; definitionDepth=0; tagOrdinal=512; payloadBytes=38542; rawTagPayloadSha256=dc4cbe2f1cd4f1cb17e06bde3116fdde64935ab0539af65e89130564856dba73; exactTagIdentitySha256=0818ce3e4bb535f5f8eb699aee16021862b1613bc5fffc1c2318fcdd5e04ebc4; runtime reachability unresolved; placement and bounds unresolved; renderer suitability unresolved; machineDefinitionIndexSha256=3307ecc7133255c87b9aa0fba340647466b5a093987fb7f93cfc4b40d84af77b; Structural/static source-derived candidate only. The exported_file is the shared machine definition-index evidence, not a visual or renderer asset export. It is not an authoritative original-runtime baseline and establishes no runtime reachability, placement, asset usage, visual appearance, renderer suitability, human or owner acceptance, strict completion, or publication."
swf-definition-00513,106,,structural-shape-definition-candidate,source-assets/flash/HELP MATH_ORIGINAL FILES/HELP_COURSES/ELMGR5/L4/IN/L4IN18.swf,,migrations/course-g05-l04-in-018/audit/machine/g5-l4-pre-runtime-swf-definition-inventory.csv,3307ecc7133255c87b9aa0fba340647466b5a093987fb7f93cfc4b40d84af77b,CSV definition-index record for DefineShape,,,"projection only; no asset bytes exported, transformed, redrawn, or generated",machine-extracted-structural-candidate,owner-provided SWF,"container=root; definitionDepth=0; tagOrdinal=513; payloadBytes=54; rawTagPayloadSha256=b8249172d3f56a76efc36e3e33926490ba1b17869d61711b4c24a3922829ba04; exactTagIdentitySha256=4cd48fec258fa1ad3f6c38de6d7999d01ffb6b9fb2a043f00af0e8cf794a3f4f; runtime reachability unresolved; placement and bounds unresolved; renderer suitability unresolved; machineDefinitionIndexSha256=3307ecc7133255c87b9aa0fba340647466b5a093987fb7f93cfc4b40d84af77b; Structural/static source-derived candidate only. The exported_file is the shared machine definition-index evidence, not a visual or renderer asset export. It is not an authoritative original-runtime baseline and establishes no runtime reachability, placement, asset usage, visual appearance, renderer suitability, human or owner acceptance, strict completion, or publication."
swf-definition-00514,107,,structural-bitmap-definition-candidate,source-assets/flash/HELP MATH_ORIGINAL FILES/HELP_COURSES/ELMGR5/L4/IN/L4IN18.swf,,migrations/course-g05-l04-in-018/audit/machine/g5-l4-pre-runtime-swf-definition-inventory.csv,3307ecc7133255c87b9aa0fba340647466b5a093987fb7f93cfc4b40d84af77b,CSV definition-index record for DefineBitsJPEG3,,,"projection only; no asset bytes exported, transformed, redrawn, or generated",machine-extracted-structural-candidate,owner-provided SWF,"container=root; definitionDepth=0; tagOrdinal=514; payloadBytes=41721; rawTagPayloadSha256=d3409003291bc66d6de58723e491490560ecd93929003a08a25b41bb9db4584d; exactTagIdentitySha256=d9023d73056eb6fc02a758c460e024cca822749a2e38f73c5bd29299f9340158; runtime reachability unresolved; placement and bounds unresolved; renderer suitability unresolved; machineDefinitionIndexSha256=3307ecc7133255c87b9aa0fba340647466b5a093987fb7f93cfc4b40d84af77b; Structural/static source-derived candidate only. The exported_file is the shared machine definition-index evidence, not a visual or renderer asset export. It is not an authoritative original-runtime baseline and establishes no runtime reachability, placement, asset usage, visual appearance, renderer suitability, human or owner acceptance, strict completion, or publication."
swf-definition-00515,108,,structural-shape-definition-candidate,source-assets/flash/HELP MATH_ORIGINAL FILES/HELP_COURSES/ELMGR5/L4/IN/L4IN18.swf,,migrations/course-g05-l04-in-018/audit/machine/g5-l4-pre-runtime-swf-definition-inventory.csv,3307ecc7133255c87b9aa0fba340647466b5a093987fb7f93cfc4b40d84af77b,CSV definition-index record for DefineShape,,,"projection only; no asset bytes exported, transformed, redrawn, or generated",machine-extracted-structural-candidate,owner-provided SWF,"container=root; definitionDepth=0; tagOrdinal=515; payloadBytes=54; rawTagPayloadSha256=46bb2bd1327a9ec145c8e27311df0a7e2f633f98747b6de4e4609fa8cebfe4ee; exactTagIdentitySha256=5a71d2b573c848ea091c1a79c02ba853f41ef6bb94bcff995ccf696dfd1e68cf; runtime reachability unresolved; placement and bounds unresolved; renderer suitability unresolved; machineDefinitionIndexSha256=3307ecc7133255c87b9aa0fba340647466b5a093987fb7f93cfc4b40d84af77b; Structural/static source-derived candidate only. The exported_file is the shared machine definition-index evidence, not a visual or renderer asset export. It is not an authoritative original-runtime baseline and establishes no runtime reachability, placement, asset usage, visual appearance, renderer suitability, human or owner acceptance, strict completion, or publication."
swf-definition-00516,109,,structural-bitmap-definition-candidate,source-assets/flash/HELP MATH_ORIGINAL FILES/HELP_COURSES/ELMGR5/L4/IN/L4IN18.swf,,migrations/course-g05-l04-in-018/audit/machine/g5-l4-pre-runtime-swf-definition-inventory.csv,3307ecc7133255c87b9aa0fba340647466b5a093987fb7f93cfc4b40d84af77b,CSV definition-index record for DefineBitsJPEG3,,,"projection only; no asset bytes exported, transformed, redrawn, or generated",machine-extracted-structural-candidate,owner-provided SWF,"container=root; definitionDepth=0; tagOrdinal=516; payloadBytes=64051; rawTagPayloadSha256=5ca0bb955c7b016cfb778293e5685b56a6f15dcb74ec742e517a710480fe2ba3; exactTagIdentitySha256=c199f3a92ec24500ad30a32e331d283ef3b37ed781319d9098ea807305e18304; runtime reachability unresolved; placement and bounds unresolved; renderer suitability unresolved; machineDefinitionIndexSha256=3307ecc7133255c87b9aa0fba340647466b5a093987fb7f93cfc4b40d84af77b; Structural/static source-derived candidate only. The exported_file is the shared machine definition-index evidence, not a visual or renderer asset export. It is not an authoritative original-runtime baseline and establishes no runtime reachability, placement, asset usage, visual appearance, renderer suitability, human or owner acceptance, strict completion, or publication."
swf-definition-00517,110,,structural-shape-definition-candidate,source-assets/flash/HELP MATH_ORIGINAL FILES/HELP_COURSES/ELMGR5/L4/IN/L4IN18.swf,,migrations/course-g05-l04-in-018/audit/machine/g5-l4-pre-runtime-swf-definition-inventory.csv,3307ecc7133255c87b9aa0fba340647466b5a093987fb7f93cfc4b40d84af77b,CSV definition-index record for DefineShape,,,"projection only; no asset bytes exported, transformed, redrawn, or generated",machine-extracted-structural-candidate,owner-provided SWF,"container=root; definitionDepth=0; tagOrdinal=517; payloadBytes=54; rawTagPayloadSha256=f3dea4025213c24037315e004382e80536da9106ea56df7b310dda7f4a675e12; exactTagIdentitySha256=bdf17edd3eec629211dba83af1fa855cc5db6219fd5bf185c8b17c9d710cf8af; runtime reachability unresolved; placement and bounds unresolved; renderer suitability unresolved; machineDefinitionIndexSha256=3307ecc7133255c87b9aa0fba340647466b5a093987fb7f93cfc4b40d84af77b; Structural/static source-derived candidate only. The exported_file is the shared machine definition-index evidence, not a visual or renderer asset export. It is not an authoritative original-runtime baseline and establishes no runtime reachability, placement, asset usage, visual appearance, renderer suitability, human or owner acceptance, strict completion, or publication."
swf-definition-00518,111,,structural-bitmap-definition-candidate,source-assets/flash/HELP MATH_ORIGINAL FILES/HELP_COURSES/ELMGR5/L4/IN/L4IN18.swf,,migrations/course-g05-l04-in-018/audit/machine/g5-l4-pre-runtime-swf-definition-inventory.csv,3307ecc7133255c87b9aa0fba340647466b5a093987fb7f93cfc4b40d84af77b,CSV definition-index record for DefineBitsJPEG3,,,"projection only; no asset bytes exported, transformed, redrawn, or generated",machine-extracted-structural-candidate,owner-provided SWF,"container=root; definitionDepth=0; tagOrdinal=518; payloadBytes=24379; rawTagPayloadSha256=884c3d727a7d293b95e343ad8a771a22799c7c9684173e9ffbd5c4526e4da913; exactTagIdentitySha256=5dadc29400cbd287f518b3bba59d7aca7faa4cb7a86da9cfa85eaf0f45516a78; runtime reachability unresolved; placement and bounds unresolved; renderer suitability unresolved; machineDefinitionIndexSha256=3307ecc7133255c87b9aa0fba340647466b5a093987fb7f93cfc4b40d84af77b; Structural/static source-derived candidate only. The exported_file is the shared machine definition-index evidence, not a visual or renderer asset export. It is not an authoritative original-runtime baseline and establishes no runtime reachability, placement, asset usage, visual appearance, renderer suitability, human or owner acceptance, strict completion, or publication."
swf-definition-00519,112,,structural-bitmap-definition-candidate,source-assets/flash/HELP MATH_ORIGINAL FILES/HELP_COURSES/ELMGR5/L4/IN/L4IN18.swf,,migrations/course-g05-l04-in-018/audit/machine/g5-l4-pre-runtime-swf-definition-inventory.csv,3307ecc7133255c87b9aa0fba340647466b5a093987fb7f93cfc4b40d84af77b,CSV definition-index record for DefineBitsJPEG3,,,"projection only; no asset bytes exported, transformed, redrawn, or generated",machine-extracted-structural-candidate,owner-provided SWF,"container=root; definitionDepth=0; tagOrdinal=519; payloadBytes=68306; rawTagPayloadSha256=8c2c4d8c82a7d63f2f58dc845f12d456b9cba36424453fdb5eb684ed94d98778; exactTagIdentitySha256=249f3267083e6658a315025da14c6efc68244044ba94982e504e4bae7aec619a; runtime reachability unresolved; placement and bounds unresolved; renderer suitability unresolved; machineDefinitionIndexSha256=3307ecc7133255c87b9aa0fba340647466b5a093987fb7f93cfc4b40d84af77b; Structural/static source-derived candidate only. The exported_file is the shared machine definition-index evidence, not a visual or renderer asset export. It is not an authoritative original-runtime baseline and establishes no runtime reachability, placement, asset usage, visual appearance, renderer suitability, human or owner acceptance, strict completion, or publication."
swf-definition-00520,113,,structural-shape-definition-candidate,source-assets/flash/HELP MATH_ORIGINAL FILES/HELP_COURSES/ELMGR5/L4/IN/L4IN18.swf,,migrations/course-g05-l04-in-018/audit/machine/g5-l4-pre-runtime-swf-definition-inventory.csv,3307ecc7133255c87b9aa0fba340647466b5a093987fb7f93cfc4b40d84af77b,CSV definition-index record for DefineShape2,,,"projection only; no asset bytes exported, transformed, redrawn, or generated",machine-extracted-structural-candidate,owner-provided SWF,"container=root; definitionDepth=0; tagOrdinal=520; payloadBytes=229; rawTagPayloadSha256=bc8ea4e4f3d3d604f704c92c47ca9a57cd7f47ab4761c54df54c756e58352e68; exactTagIdentitySha256=f00ac6a5afa851915ec6c3ed573df986eb1d8827162fb7390911d673f151a5d5; runtime reachability unresolved; placement and bounds unresolved; renderer suitability unresolved; machineDefinitionIndexSha256=3307ecc7133255c87b9aa0fba340647466b5a093987fb7f93cfc4b40d84af77b; Structural/static source-derived candidate only. The exported_file is the shared machine definition-index evidence, not a visual or renderer asset export. It is not an authoritative original-runtime baseline and establishes no runtime reachability, placement, asset usage, visual appearance, renderer suitability, human or owner acceptance, strict completion, or publication."
swf-definition-00521,114,,structural-bitmap-definition-candidate,source-assets/flash/HELP MATH_ORIGINAL FILES/HELP_COURSES/ELMGR5/L4/IN/L4IN18.swf,,migrations/course-g05-l04-in-018/audit/machine/g5-l4-pre-runtime-swf-definition-inventory.csv,3307ecc7133255c87b9aa0fba340647466b5a093987fb7f93cfc4b40d84af77b,CSV definition-index record for DefineBitsJPEG3,,,"projection only; no asset bytes exported, transformed, redrawn, or generated",machine-extracted-structural-candidate,owner-provided SWF,"container=root; definitionDepth=0; tagOrdinal=521; payloadBytes=86546; rawTagPayloadSha256=35df37d3cafba3de33a9301b2835d5704f00e6405edb1986d85d3beb6bd38284; exactTagIdentitySha256=b2f9ee9ea3c88a8030bb43bbd5b26291bce050ef4e8038800a9aebf318338f25; runtime reachability unresolved; placement and bounds unresolved; renderer suitability unresolved; machineDefinitionIndexSha256=3307ecc7133255c87b9aa0fba340647466b5a093987fb7f93cfc4b40d84af77b; Structural/static source-derived candidate only. The exported_file is the shared machine definition-index evidence, not a visual or renderer asset export. It is not an authoritative original-runtime baseline and establishes no runtime reachability, placement, asset usage, visual appearance, renderer suitability, human or owner acceptance, strict completion, or publication."
swf-definition-00522,115,,structural-shape-definition-candidate,source-assets/flash/HELP MATH_ORIGINAL FILES/HELP_COURSES/ELMGR5/L4/IN/L4IN18.swf,,migrations/course-g05-l04-in-018/audit/machine/g5-l4-pre-runtime-swf-definition-inventory.csv,3307ecc7133255c87b9aa0fba340647466b5a093987fb7f93cfc4b40d84af77b,CSV definition-index record for DefineShape2,,,"projection only; no asset bytes exported, transformed, redrawn, or generated",machine-extracted-structural-candidate,owner-provided SWF,"container=root; definitionDepth=0; tagOrdinal=522; payloadBytes=183; rawTagPayloadSha256=9b0701764ebd8380bd02aacdd8d58c3b03074dfedea7895ee091be9b7ed7ae19; exactTagIdentitySha256=c9bf7b8a4ce73fa634be8d6ee1c0ac837bf8757b63724d7916af4fad9bbfae2d; runtime reachability unresolved; placement and bounds unresolved; renderer suitability unresolved; machineDefinitionIndexSha256=3307ecc7133255c87b9aa0fba340647466b5a093987fb7f93cfc4b40d84af77b; Structural/static source-derived candidate only. The exported_file is the shared machine definition-index evidence, not a visual or renderer asset export. It is not an authoritative original-runtime baseline and establishes no runtime reachability, placement, asset usage, visual appearance, renderer suitability, human or owner acceptance, strict completion, or publication."
swf-definition-00523,116,,structural-shape-definition-candidate,source-assets/flash/HELP MATH_ORIGINAL FILES/HELP_COURSES/ELMGR5/L4/IN/L4IN18.swf,,migrations/course-g05-l04-in-018/audit/machine/g5-l4-pre-runtime-swf-definition-inventory.csv,3307ecc7133255c87b9aa0fba340647466b5a093987fb7f93cfc4b40d84af77b,CSV definition-index record for DefineShape,,,"projection only; no asset bytes exported, transformed, redrawn, or generated",machine-extracted-structural-candidate,owner-provided SWF,"container=root; definitionDepth=0; tagOrdinal=523; payloadBytes=55; rawTagPayloadSha256=b6bb8645006cb0410bb5b2652292552771d99ed1a309a81ac22c8efcfa54034f; exactTagIdentitySha256=50f88666b11420301e7237500e722e5d26292b5166c057f525f394cf3d8d9e84; runtime reachability unresolved; placement and bounds unresolved; renderer suitability unresolved; machineDefinitionIndexSha256=3307ecc7133255c87b9aa0fba340647466b5a093987fb7f93cfc4b40d84af77b; Structural/static source-derived candidate only. The exported_file is the shared machine definition-index evidence, not a visual or renderer asset export. It is not an authoritative original-runtime baseline and establishes no runtime reachability, placement, asset usage, visual appearance, renderer suitability, human or owner acceptance, strict completion, or publication."
swf-definition-00524,117,,structural-morph-definition-candidate,source-assets/flash/HELP MATH_ORIGINAL FILES/HELP_COURSES/ELMGR5/L4/IN/L4IN18.swf,,migrations/course-g05-l04-in-018/audit/machine/g5-l4-pre-runtime-swf-definition-inventory.csv,3307ecc7133255c87b9aa0fba340647466b5a093987fb7f93cfc4b40d84af77b,CSV definition-index record for DefineMorphShape,,,"projection only; no asset bytes exported, transformed, redrawn, or generated",machine-extracted-structural-candidate,owner-provided SWF,"container=root; definitionDepth=0; tagOrdinal=524; payloadBytes=220; rawTagPayloadSha256=5555dea27f4f511fe24b60af43479708d498f3331e2142c108ae2969cf57b0f1; exactTagIdentitySha256=37093c5bcde7e056cd1e5a0ebb7f88027aaaba170bfd871925674e1c2ef89fd9; runtime reachability unresolved; placement and bounds unresolved; renderer suitability unresolved; machineDefinitionIndexSha256=3307ecc7133255c87b9aa0fba340647466b5a093987fb7f93cfc4b40d84af77b; Structural/static source-derived candidate only. The exported_file is the shared machine definition-index evidence, not a visual or renderer asset export. It is not an authoritative original-runtime baseline and establishes no runtime reachability, placement, asset usage, visual appearance, renderer suitability, human or owner acceptance, strict completion, or publication."
swf-definition-00525,118,,structural-morph-definition-candidate,source-assets/flash/HELP MATH_ORIGINAL FILES/HELP_COURSES/ELMGR5/L4/IN/L4IN18.swf,,migrations/course-g05-l04-in-018/audit/machine/g5-l4-pre-runtime-swf-definition-inventory.csv,3307ecc7133255c87b9aa0fba340647466b5a093987fb7f93cfc4b40d84af77b,CSV definition-index record for DefineMorphShape,,,"projection only; no asset bytes exported, transformed, redrawn, or generated",machine-extracted-structural-candidate,owner-provided SWF,"container=root; definitionDepth=0; tagOrdinal=525; payloadBytes=222; rawTagPayloadSha256=abd4e8027eb9dff32d84d28f6084502dcbe90f0ba44674f8bd319568e57209ff; exactTagIdentitySha256=0aa28954e43591ac2970404bce10e69218c90e704fa7378c1f23b57c1dd6ab42; runtime reachability unresolved; placement and bounds unresolved; renderer suitability unresolved; machineDefinitionIndexSha256=3307ecc7133255c87b9aa0fba340647466b5a093987fb7f93cfc4b40d84af77b; Structural/static source-derived candidate only. The exported_file is the shared machine definition-index evidence, not a visual or renderer asset export. It is not an authoritative original-runtime baseline and establishes no runtime reachability, placement, asset usage, visual appearance, renderer suitability, human or owner acceptance, strict completion, or publication."
swf-definition-00526,119,,structural-font-definition-candidate,source-assets/flash/HELP MATH_ORIGINAL FILES/HELP_COURSES/ELMGR5/L4/IN/L4IN18.swf,,migrations/course-g05-l04-in-018/audit/machine/g5-l4-pre-runtime-swf-definition-inventory.csv,3307ecc7133255c87b9aa0fba340647466b5a093987fb7f93cfc4b40d84af77b,CSV definition-index record for DefineFont2,,7,"projection only; no asset bytes exported, transformed, redrawn, or generated",machine-extracted-structural-candidate,owner-provided SWF,"swfEmbeddedFontName=Revue BT; container=root; definitionDepth=0; tagOrdinal=526; payloadBytes=456; rawTagPayloadSha256=a099b82a2793b2c4553dffb09542c1919d9c2b931312c76631d138a887794e6e; exactTagIdentitySha256=9277635c9d76cc93ada248ca0d12dccc20dd38b1d757ccef143c6ce1131b5681; runtime reachability unresolved; placement and bounds unresolved; renderer suitability unresolved; machineDefinitionIndexSha256=3307ecc7133255c87b9aa0fba340647466b5a093987fb7f93cfc4b40d84af77b; Structural/static source-derived candidate only. The exported_file is the shared machine definition-index evidence, not a visual or renderer asset export. It is not an authoritative original-runtime baseline and establishes no runtime reachability, placement, asset usage, visual appearance, renderer suitability, human or owner acceptance, strict completion, or publication."
swf-definition-00528,120,,structural-text-definition-candidate,source-assets/flash/HELP MATH_ORIGINAL FILES/HELP_COURSES/ELMGR5/L4/IN/L4IN18.swf,,migrations/course-g05-l04-in-018/audit/machine/g5-l4-pre-runtime-swf-definition-inventory.csv,3307ecc7133255c87b9aa0fba340647466b5a093987fb7f93cfc4b40d84af77b,CSV definition-index record for DefineText,,,"projection only; no asset bytes exported, transformed, redrawn, or generated",machine-extracted-structural-candidate,owner-provided SWF,"container=root; definitionDepth=0; tagOrdinal=528; payloadBytes=43; rawTagPayloadSha256=ffd0e64429211bc54f5128d52f39132e294be40fcc79757a359f50ea3ac5e995; exactTagIdentitySha256=c6af56c6610c7ec8d00e1cdbc53e7068a6e0e8466e9eeb4930e34a63d057032f; runtime reachability unresolved; placement and bounds unresolved; renderer suitability unresolved; machineDefinitionIndexSha256=3307ecc7133255c87b9aa0fba340647466b5a093987fb7f93cfc4b40d84af77b; Structural/static source-derived candidate only. The exported_file is the shared machine definition-index evidence, not a visual or renderer asset export. It is not an authoritative original-runtime baseline and establishes no runtime reachability, placement, asset usage, visual appearance, renderer suitability, human or owner acceptance, strict completion, or publication."
swf-definition-00529,121,,structural-text-definition-candidate,source-assets/flash/HELP MATH_ORIGINAL FILES/HELP_COURSES/ELMGR5/L4/IN/L4IN18.swf,,migrations/course-g05-l04-in-018/audit/machine/g5-l4-pre-runtime-swf-definition-inventory.csv,3307ecc7133255c87b9aa0fba340647466b5a093987fb7f93cfc4b40d84af77b,CSV definition-index record for DefineText,,,"projection only; no asset bytes exported, transformed, redrawn, or generated",machine-extracted-structural-candidate,owner-provided SWF,"container=root; definitionDepth=0; tagOrdinal=529; payloadBytes=43; rawTagPayloadSha256=c6b8c56d352a626c347f4702824b8414ef58dfac925c7f569a8cdd040af3d5eb; exactTagIdentitySha256=168448e26abf5270c78d58f6eacc57b588dc3567d7f044a935a79fa562dc5f21; runtime reachability unresolved; placement and bounds unresolved; renderer suitability unresolved; machineDefinitionIndexSha256=3307ecc7133255c87b9aa0fba340647466b5a093987fb7f93cfc4b40d84af77b; Structural/static source-derived candidate only. The exported_file is the shared machine definition-index evidence, not a visual or renderer asset export. It is not an authoritative original-runtime baseline and establishes no runtime reachability, placement, asset usage, visual appearance, renderer suitability, human or owner acceptance, strict completion, or publication."
swf-definition-00530,122,,structural-morph-definition-candidate,source-assets/flash/HELP MATH_ORIGINAL FILES/HELP_COURSES/ELMGR5/L4/IN/L4IN18.swf,,migrations/course-g05-l04-in-018/audit/machine/g5-l4-pre-runtime-swf-definition-inventory.csv,3307ecc7133255c87b9aa0fba340647466b5a093987fb7f93cfc4b40d84af77b,CSV definition-index record for DefineMorphShape,,,"projection only; no asset bytes exported, transformed, redrawn, or generated",machine-extracted-structural-candidate,owner-provided SWF,"container=root; definitionDepth=0; tagOrdinal=530; payloadBytes=220; rawTagPayloadSha256=54992258a8f31b3901c908baa5f6b3007c6ee756fc6561535d5f3457e0e72337; exactTagIdentitySha256=795230da46f5ccf606cf363b9990d5c3cbaf8418af936c46e46acaf1d5743058; runtime reachability unresolved; placement and bounds unresolved; renderer suitability unresolved; machineDefinitionIndexSha256=3307ecc7133255c87b9aa0fba340647466b5a093987fb7f93cfc4b40d84af77b; Structural/static source-derived candidate only. The exported_file is the shared machine definition-index evidence, not a visual or renderer asset export. It is not an authoritative original-runtime baseline and establishes no runtime reachability, placement, asset usage, visual appearance, renderer suitability, human or owner acceptance, strict completion, or publication."
swf-definition-00531,123,,structural-shape-definition-candidate,source-assets/flash/HELP MATH_ORIGINAL FILES/HELP_COURSES/ELMGR5/L4/IN/L4IN18.swf,,migrations/course-g05-l04-in-018/audit/machine/g5-l4-pre-runtime-swf-definition-inventory.csv,3307ecc7133255c87b9aa0fba340647466b5a093987fb7f93cfc4b40d84af77b,CSV definition-index record for DefineShape3,,,"projection only; no asset bytes exported, transformed, redrawn, or generated",machine-extracted-structural-candidate,owner-provided SWF,"container=root; definitionDepth=0; tagOrdinal=531; payloadBytes=104; rawTagPayloadSha256=f330e6691225ba88b7183c9ddfe6cc554621da1c6b1802825f029b6eba59383e; exactTagIdentitySha256=65ac10ef9a32b4d94bedd3a43ee4b9ea5db4b80a60cf90d3789eede057a4b82e; runtime reachability unresolved; placement and bounds unresolved; renderer suitability unresolved; machineDefinitionIndexSha256=3307ecc7133255c87b9aa0fba340647466b5a093987fb7f93cfc4b40d84af77b; Structural/static source-derived candidate only. The exported_file is the shared machine definition-index evidence, not a visual or renderer asset export. It is not an authoritative original-runtime baseline and establishes no runtime reachability, placement, asset usage, visual appearance, renderer suitability, human or owner acceptance, strict completion, or publication."
swf-definition-00532,124,,structural-sprite-definition-candidate,source-assets/flash/HELP MATH_ORIGINAL FILES/HELP_COURSES/ELMGR5/L4/IN/L4IN18.swf,,migrations/course-g05-l04-in-018/audit/machine/g5-l4-pre-runtime-swf-definition-inventory.csv,3307ecc7133255c87b9aa0fba340647466b5a093987fb7f93cfc4b40d84af77b,CSV definition-index record for DefineSprite,,,"projection only; no asset bytes exported, transformed, redrawn, or generated",machine-extracted-structural-candidate,owner-provided SWF,"container=root; definitionDepth=0; tagOrdinal=532; payloadBytes=11969; rawTagPayloadSha256=5a4bea6e8be57585b583f7f39ea28de3ac3355f449b1fa3a08da1c560fe2398f; exactTagIdentitySha256=ca1083793a068e32cb2ccda978f5b57441ce10a4cd1dec27118b87b6255851a1; declaredFrameCount=28; runtime reachability unresolved; placement and bounds unresolved; renderer suitability unresolved; machineDefinitionIndexSha256=3307ecc7133255c87b9aa0fba340647466b5a093987fb7f93cfc4b40d84af77b; Structural/static source-derived candidate only. The exported_file is the shared machine definition-index evidence, not a visual or renderer asset export. It is not an authoritative original-runtime baseline and establishes no runtime reachability, placement, asset usage, visual appearance, renderer suitability, human or owner acceptance, strict completion, or publication."
swf-definition-00635,125,,structural-shape-definition-candidate,source-assets/flash/HELP MATH_ORIGINAL FILES/HELP_COURSES/ELMGR5/L4/IN/L4IN18.swf,,migrations/course-g05-l04-in-018/audit/machine/g5-l4-pre-runtime-swf-definition-inventory.csv,3307ecc7133255c87b9aa0fba340647466b5a093987fb7f93cfc4b40d84af77b,CSV definition-index record for DefineShape3,,,"projection only; no asset bytes exported, transformed, redrawn, or generated",machine-extracted-structural-candidate,owner-provided SWF,"container=root; definitionDepth=0; tagOrdinal=635; payloadBytes=814; rawTagPayloadSha256=00708493bbc257d4e38cd7485e8045926481d7a60c6a23419795d6048a927d48; exactTagIdentitySha256=eb350cc1232923146fa279e6b7e11019616e4860562f4a99950b09dbe52862b3; runtime reachability unresolved; placement and bounds unresolved; renderer suitability unresolved; machineDefinitionIndexSha256=3307ecc7133255c87b9aa0fba340647466b5a093987fb7f93cfc4b40d84af77b; Structural/static source-derived candidate only. The exported_file is the shared machine definition-index evidence, not a visual or renderer asset export. It is not an authoritative original-runtime baseline and establishes no runtime reachability, placement, asset usage, visual appearance, renderer suitability, human or owner acceptance, strict completion, or publication."
swf-definition-00636,126,,structural-shape-definition-candidate,source-assets/flash/HELP MATH_ORIGINAL FILES/HELP_COURSES/ELMGR5/L4/IN/L4IN18.swf,,migrations/course-g05-l04-in-018/audit/machine/g5-l4-pre-runtime-swf-definition-inventory.csv,3307ecc7133255c87b9aa0fba340647466b5a093987fb7f93cfc4b40d84af77b,CSV definition-index record for DefineShape3,,,"projection only; no asset bytes exported, transformed, redrawn, or generated",machine-extracted-structural-candidate,owner-provided SWF,"container=root; definitionDepth=0; tagOrdinal=636; payloadBytes=327; rawTagPayloadSha256=3f930c32e0159266264a09e9c12b4f8c2063232ded0f0730c2d5100116e6c88d; exactTagIdentitySha256=8636bb6f1f18fef93459df7325274bb150aedaedab5936467db9ddf2461ed279; runtime reachability unresolved; placement and bounds unresolved; renderer suitability unresolved; machineDefinitionIndexSha256=3307ecc7133255c87b9aa0fba340647466b5a093987fb7f93cfc4b40d84af77b; Structural/static source-derived candidate only. The exported_file is the shared machine definition-index evidence, not a visual or renderer asset export. It is not an authoritative original-runtime baseline and establishes no runtime reachability, placement, asset usage, visual appearance, renderer suitability, human or owner acceptance, strict completion, or publication."
swf-definition-00637,127,,structural-morph-definition-candidate,source-assets/flash/HELP MATH_ORIGINAL FILES/HELP_COURSES/ELMGR5/L4/IN/L4IN18.swf,,migrations/course-g05-l04-in-018/audit/machine/g5-l4-pre-runtime-swf-definition-inventory.csv,3307ecc7133255c87b9aa0fba340647466b5a093987fb7f93cfc4b40d84af77b,CSV definition-index record for DefineMorphShape,,,"projection only; no asset bytes exported, transformed, redrawn, or generated",machine-extracted-structural-candidate,owner-provided SWF,"container=root; definitionDepth=0; tagOrdinal=637; payloadBytes=193; rawTagPayloadSha256=561df80b990bd35a09373d1db9c6cec9d8a3eb3d7f92792ee383ae03c01a7f47; exactTagIdentitySha256=c4c926ea1ebfacbafa7ffee2b2551450c6a4bfc64c23b9d6d93d7667d9764338; runtime reachability unresolved; placement and bounds unresolved; renderer suitability unresolved; machineDefinitionIndexSha256=3307ecc7133255c87b9aa0fba340647466b5a093987fb7f93cfc4b40d84af77b; Structural/static source-derived candidate only. The exported_file is the shared machine definition-index evidence, not a visual or renderer asset export. It is not an authoritative original-runtime baseline and establishes no runtime reachability, placement, asset usage, visual appearance, renderer suitability, human or owner acceptance, strict completion, or publication."
swf-definition-00638,128,,structural-morph-definition-candidate,source-assets/flash/HELP MATH_ORIGINAL FILES/HELP_COURSES/ELMGR5/L4/IN/L4IN18.swf,,migrations/course-g05-l04-in-018/audit/machine/g5-l4-pre-runtime-swf-definition-inventory.csv,3307ecc7133255c87b9aa0fba340647466b5a093987fb7f93cfc4b40d84af77b,CSV definition-index record for DefineMorphShape,,,"projection only; no asset bytes exported, transformed, redrawn, or generated",machine-extracted-structural-candidate,owner-provided SWF,"container=root; definitionDepth=0; tagOrdinal=638; payloadBytes=197; rawTagPayloadSha256=a7ce7616a836587fdb20048b6ab76d2e70cfb96d9d6abfc81c3f38f37915575b; exactTagIdentitySha256=1372ee7bcb404471d858494e8bf7e1fd92366404000b607c1c960d75bd99cdf6; runtime reachability unresolved; placement and bounds unresolved; renderer suitability unresolved; machineDefinitionIndexSha256=3307ecc7133255c87b9aa0fba340647466b5a093987fb7f93cfc4b40d84af77b; Structural/static source-derived candidate only. The exported_file is the shared machine definition-index evidence, not a visual or renderer asset export. It is not an authoritative original-runtime baseline and establishes no runtime reachability, placement, asset usage, visual appearance, renderer suitability, human or owner acceptance, strict completion, or publication."
swf-definition-00639,129,,structural-shape-definition-candidate,source-assets/flash/HELP MATH_ORIGINAL FILES/HELP_COURSES/ELMGR5/L4/IN/L4IN18.swf,,migrations/course-g05-l04-in-018/audit/machine/g5-l4-pre-runtime-swf-definition-inventory.csv,3307ecc7133255c87b9aa0fba340647466b5a093987fb7f93cfc4b40d84af77b,CSV definition-index record for DefineShape3,,,"projection only; no asset bytes exported, transformed, redrawn, or generated",machine-extracted-structural-candidate,owner-provided SWF,"container=root; definitionDepth=0; tagOrdinal=639; payloadBytes=139; rawTagPayloadSha256=6ed0f12e44887dc23cd8c265b8e99e9fb3bb5160abac25e3899f3ea803a8f0ad; exactTagIdentitySha256=d151bd6bcc5912468cea200ca000f649fb8c1da1274ca850bef9c9c938a590ae; runtime reachability unresolved; placement and bounds unresolved; renderer suitability unresolved; machineDefinitionIndexSha256=3307ecc7133255c87b9aa0fba340647466b5a093987fb7f93cfc4b40d84af77b; Structural/static source-derived candidate only. The exported_file is the shared machine definition-index evidence, not a visual or renderer asset export. It is not an authoritative original-runtime baseline and establishes no runtime reachability, placement, asset usage, visual appearance, renderer suitability, human or owner acceptance, strict completion, or publication."
swf-definition-00640,130,,structural-font-definition-candidate,source-assets/flash/HELP MATH_ORIGINAL FILES/HELP_COURSES/ELMGR5/L4/IN/L4IN18.swf,,migrations/course-g05-l04-in-018/audit/machine/g5-l4-pre-runtime-swf-definition-inventory.csv,3307ecc7133255c87b9aa0fba340647466b5a093987fb7f93cfc4b40d84af77b,CSV definition-index record for DefineFont2,,8,"projection only; no asset bytes exported, transformed, redrawn, or generated",machine-extracted-structural-candidate,owner-provided SWF,"swfEmbeddedFontName=Eras Bd BT; container=root; definitionDepth=0; tagOrdinal=640; payloadBytes=601; rawTagPayloadSha256=49a7c6d4e6d7ef056f103ea076ae36152c0d1465d8b90b3e3afae13538112fa9; exactTagIdentitySha256=472e87e636b846c0cc58e6510af5982de70157379f0dee6b5a5d027a8a438745; runtime reachability unresolved; placement and bounds unresolved; renderer suitability unresolved; machineDefinitionIndexSha256=3307ecc7133255c87b9aa0fba340647466b5a093987fb7f93cfc4b40d84af77b; Structural/static source-derived candidate only. The exported_file is the shared machine definition-index evidence, not a visual or renderer asset export. It is not an authoritative original-runtime baseline and establishes no runtime reachability, placement, asset usage, visual appearance, renderer suitability, human or owner acceptance, strict completion, or publication."
swf-definition-00642,131,,structural-text-definition-candidate,source-assets/flash/HELP MATH_ORIGINAL FILES/HELP_COURSES/ELMGR5/L4/IN/L4IN18.swf,,migrations/course-g05-l04-in-018/audit/machine/g5-l4-pre-runtime-swf-definition-inventory.csv,3307ecc7133255c87b9aa0fba340647466b5a093987fb7f93cfc4b40d84af77b,CSV definition-index record for DefineText,,,"projection only; no asset bytes exported, transformed, redrawn, or generated",machine-extracted-structural-candidate,owner-provided SWF,"container=root; definitionDepth=0; tagOrdinal=642; payloadBytes=45; rawTagPayloadSha256=a54f0f5f2fac4e7f554b8fdc0c3911d5c50763a400b499d4c3ce8241d43c8698; exactTagIdentitySha256=4d45b4db8c21d64eee39fe200fd71e5c26560196b3713db0dbe69dbc16a6a94d; runtime reachability unresolved; placement and bounds unresolved; renderer suitability unresolved; machineDefinitionIndexSha256=3307ecc7133255c87b9aa0fba340647466b5a093987fb7f93cfc4b40d84af77b; Structural/static source-derived candidate only. The exported_file is the shared machine definition-index evidence, not a visual or renderer asset export. It is not an authoritative original-runtime baseline and establishes no runtime reachability, placement, asset usage, visual appearance, renderer suitability, human or owner acceptance, strict completion, or publication."
swf-definition-00643,132,,structural-text-definition-candidate,source-assets/flash/HELP MATH_ORIGINAL FILES/HELP_COURSES/ELMGR5/L4/IN/L4IN18.swf,,migrations/course-g05-l04-in-018/audit/machine/g5-l4-pre-runtime-swf-definition-inventory.csv,3307ecc7133255c87b9aa0fba340647466b5a093987fb7f93cfc4b40d84af77b,CSV definition-index record for DefineText,,,"projection only; no asset bytes exported, transformed, redrawn, or generated",machine-extracted-structural-candidate,owner-provided SWF,"container=root; definitionDepth=0; tagOrdinal=643; payloadBytes=45; rawTagPayloadSha256=b35167207fb79836d03205db5b6c508dc632b55655a777188fb61e2d2b6d343b; exactTagIdentitySha256=5358021604f1bbcdfc4d2c9b3d29bfd1e2651483644f1da0d16c14efb9366f8a; runtime reachability unresolved; placement and bounds unresolved; renderer suitability unresolved; machineDefinitionIndexSha256=3307ecc7133255c87b9aa0fba340647466b5a093987fb7f93cfc4b40d84af77b; Structural/static source-derived candidate only. The exported_file is the shared machine definition-index evidence, not a visual or renderer asset export. It is not an authoritative original-runtime baseline and establishes no runtime reachability, placement, asset usage, visual appearance, renderer suitability, human or owner acceptance, strict completion, or publication."
swf-definition-00644,133,,structural-morph-definition-candidate,source-assets/flash/HELP MATH_ORIGINAL FILES/HELP_COURSES/ELMGR5/L4/IN/L4IN18.swf,,migrations/course-g05-l04-in-018/audit/machine/g5-l4-pre-runtime-swf-definition-inventory.csv,3307ecc7133255c87b9aa0fba340647466b5a093987fb7f93cfc4b40d84af77b,CSV definition-index record for DefineMorphShape,,,"projection only; no asset bytes exported, transformed, redrawn, or generated",machine-extracted-structural-candidate,owner-provided SWF,"container=root; definitionDepth=0; tagOrdinal=644; payloadBytes=205; rawTagPayloadSha256=cde29e689966c258561ade6a578e3d3be97107db343f309d50fa01facb5a007a; exactTagIdentitySha256=cfb9068aa77f56ae8a409722c0de894c4f451495db6532232003e0f395293312; runtime reachability unresolved; placement and bounds unresolved; renderer suitability unresolved; machineDefinitionIndexSha256=3307ecc7133255c87b9aa0fba340647466b5a093987fb7f93cfc4b40d84af77b; Structural/static source-derived candidate only. The exported_file is the shared machine definition-index evidence, not a visual or renderer asset export. It is not an authoritative original-runtime baseline and establishes no runtime reachability, placement, asset usage, visual appearance, renderer suitability, human or owner acceptance, strict completion, or publication."
swf-definition-00645,134,,structural-shape-definition-candidate,source-assets/flash/HELP MATH_ORIGINAL FILES/HELP_COURSES/ELMGR5/L4/IN/L4IN18.swf,,migrations/course-g05-l04-in-018/audit/machine/g5-l4-pre-runtime-swf-definition-inventory.csv,3307ecc7133255c87b9aa0fba340647466b5a093987fb7f93cfc4b40d84af77b,CSV definition-index record for DefineShape3,,,"projection only; no asset bytes exported, transformed, redrawn, or generated",machine-extracted-structural-candidate,owner-provided SWF,"container=root; definitionDepth=0; tagOrdinal=645; payloadBytes=98; rawTagPayloadSha256=6e43f33c5103118aecd5810283b066e00ce3fc41c42585e4b6b3fcd3ddc8451a; exactTagIdentitySha256=7ecb3bdbb293e83ed890be2c0e446429b0a1d1973ea890aa2e7d59903d218d6a; runtime reachability unresolved; placement and bounds unresolved; renderer suitability unresolved; machineDefinitionIndexSha256=3307ecc7133255c87b9aa0fba340647466b5a093987fb7f93cfc4b40d84af77b; Structural/static source-derived candidate only. The exported_file is the shared machine definition-index evidence, not a visual or renderer asset export. It is not an authoritative original-runtime baseline and establishes no runtime reachability, placement, asset usage, visual appearance, renderer suitability, human or owner acceptance, strict completion, or publication."
swf-definition-00646,135,,structural-morph-definition-candidate,source-assets/flash/HELP MATH_ORIGINAL FILES/HELP_COURSES/ELMGR5/L4/IN/L4IN18.swf,,migrations/course-g05-l04-in-018/audit/machine/g5-l4-pre-runtime-swf-definition-inventory.csv,3307ecc7133255c87b9aa0fba340647466b5a093987fb7f93cfc4b40d84af77b,CSV definition-index record for DefineMorphShape,,,"projection only; no asset bytes exported, transformed, redrawn, or generated",machine-extracted-structural-candidate,owner-provided SWF,"container=root; definitionDepth=0; tagOrdinal=646; payloadBytes=214; rawTagPayloadSha256=b59d2c53ca11d6ca74517ea2f3461dac5241fff3b48a1cdde46056e2e1c98ef5; exactTagIdentitySha256=17f658b2fa23c65caca87bcc4a3b8cf11a51cad3f0d362e69fe89c955d83f628; runtime reachability unresolved; placement and bounds unresolved; renderer suitability unresolved; machineDefinitionIndexSha256=3307ecc7133255c87b9aa0fba340647466b5a093987fb7f93cfc4b40d84af77b; Structural/static source-derived candidate only. The exported_file is the shared machine definition-index evidence, not a visual or renderer asset export. It is not an authoritative original-runtime baseline and establishes no runtime reachability, placement, asset usage, visual appearance, renderer suitability, human or owner acceptance, strict completion, or publication."
swf-definition-00647,136,,structural-text-definition-candidate,source-assets/flash/HELP MATH_ORIGINAL FILES/HELP_COURSES/ELMGR5/L4/IN/L4IN18.swf,,migrations/course-g05-l04-in-018/audit/machine/g5-l4-pre-runtime-swf-definition-inventory.csv,3307ecc7133255c87b9aa0fba340647466b5a093987fb7f93cfc4b40d84af77b,CSV definition-index record for DefineText,,,"projection only; no asset bytes exported, transformed, redrawn, or generated",machine-extracted-structural-candidate,owner-provided SWF,"container=root; definitionDepth=0; tagOrdinal=647; payloadBytes=45; rawTagPayloadSha256=f5204e2a5c5b46cb7c55d6024124ba1157c13ae4291881c0df8d7ce93bf4236a; exactTagIdentitySha256=51a1e22b87f30945467d512ac32c5ca432d09d1629864f2697c3b55076fd3da6; runtime reachability unresolved; placement and bounds unresolved; renderer suitability unresolved; machineDefinitionIndexSha256=3307ecc7133255c87b9aa0fba340647466b5a093987fb7f93cfc4b40d84af77b; Structural/static source-derived candidate only. The exported_file is the shared machine definition-index evidence, not a visual or renderer asset export. It is not an authoritative original-runtime baseline and establishes no runtime reachability, placement, asset usage, visual appearance, renderer suitability, human or owner acceptance, strict completion, or publication."
swf-definition-00648,137,,structural-shape-definition-candidate,source-assets/flash/HELP MATH_ORIGINAL FILES/HELP_COURSES/ELMGR5/L4/IN/L4IN18.swf,,migrations/course-g05-l04-in-018/audit/machine/g5-l4-pre-runtime-swf-definition-inventory.csv,3307ecc7133255c87b9aa0fba340647466b5a093987fb7f93cfc4b40d84af77b,CSV definition-index record for DefineShape3,,,"projection only; no asset bytes exported, transformed, redrawn, or generated",machine-extracted-structural-candidate,owner-provided SWF,"container=root; definitionDepth=0; tagOrdinal=648; payloadBytes=102; rawTagPayloadSha256=a77ef0ac2227a54f9f96bfd10da6a9f51d3b4f4e980704e4715cb2afae6ac378; exactTagIdentitySha256=f7ac9af1cc1b6db63916d495ab856abef4a19fa6b956b01beeb274a75787a602; runtime reachability unresolved; placement and bounds unresolved; renderer suitability unresolved; machineDefinitionIndexSha256=3307ecc7133255c87b9aa0fba340647466b5a093987fb7f93cfc4b40d84af77b; Structural/static source-derived candidate only. The exported_file is the shared machine definition-index evidence, not a visual or renderer asset export. It is not an authoritative original-runtime baseline and establishes no runtime reachability, placement, asset usage, visual appearance, renderer suitability, human or owner acceptance, strict completion, or publication."
swf-definition-00649,138,,structural-sprite-definition-candidate,source-assets/flash/HELP MATH_ORIGINAL FILES/HELP_COURSES/ELMGR5/L4/IN/L4IN18.swf,,migrations/course-g05-l04-in-018/audit/machine/g5-l4-pre-runtime-swf-definition-inventory.csv,3307ecc7133255c87b9aa0fba340647466b5a093987fb7f93cfc4b40d84af77b,CSV definition-index record for DefineSprite,,,"projection only; no asset bytes exported, transformed, redrawn, or generated",machine-extracted-structural-candidate,owner-provided SWF,"container=root; definitionDepth=0; tagOrdinal=649; payloadBytes=14673; rawTagPayloadSha256=a37edf24c8d955b2fb444c772328aeff259ff0cd0e275d4d295387c5c0a82736; exactTagIdentitySha256=a1b53614aaa2f4449791155dd3f54ed1573c0a43991e8e59d40300619bc5bc1f; declaredFrameCount=32; runtime reachability unresolved; placement and bounds unresolved; renderer suitability unresolved; machineDefinitionIndexSha256=3307ecc7133255c87b9aa0fba340647466b5a093987fb7f93cfc4b40d84af77b; Structural/static source-derived candidate only. The exported_file is the shared machine definition-index evidence, not a visual or renderer asset export. It is not an authoritative original-runtime baseline and establishes no runtime reachability, placement, asset usage, visual appearance, renderer suitability, human or owner acceptance, strict completion, or publication."
swf-definition-00824,139,,structural-morph-definition-candidate,source-assets/flash/HELP MATH_ORIGINAL FILES/HELP_COURSES/ELMGR5/L4/IN/L4IN18.swf,,migrations/course-g05-l04-in-018/audit/machine/g5-l4-pre-runtime-swf-definition-inventory.csv,3307ecc7133255c87b9aa0fba340647466b5a093987fb7f93cfc4b40d84af77b,CSV definition-index record for DefineMorphShape,,,"projection only; no asset bytes exported, transformed, redrawn, or generated",machine-extracted-structural-candidate,owner-provided SWF,"container=root; definitionDepth=0; tagOrdinal=824; payloadBytes=408; rawTagPayloadSha256=b9611e4802f7701983fcf15ccc29f8d97163ff52888c93ddd309c96313c39c07; exactTagIdentitySha256=c9bd37960599124d3cb1bff5f6f78f5b25cf216dc5efdbb61556da458e84f166; runtime reachability unresolved; placement and bounds unresolved; renderer suitability unresolved; machineDefinitionIndexSha256=3307ecc7133255c87b9aa0fba340647466b5a093987fb7f93cfc4b40d84af77b; Structural/static source-derived candidate only. The exported_file is the shared machine definition-index evidence, not a visual or renderer asset export. It is not an authoritative original-runtime baseline and establishes no runtime reachability, placement, asset usage, visual appearance, renderer suitability, human or owner acceptance, strict completion, or publication."
swf-definition-00825,140,,structural-morph-definition-candidate,source-assets/flash/HELP MATH_ORIGINAL FILES/HELP_COURSES/ELMGR5/L4/IN/L4IN18.swf,,migrations/course-g05-l04-in-018/audit/machine/g5-l4-pre-runtime-swf-definition-inventory.csv,3307ecc7133255c87b9aa0fba340647466b5a093987fb7f93cfc4b40d84af77b,CSV definition-index record for DefineMorphShape,,,"projection only; no asset bytes exported, transformed, redrawn, or generated",machine-extracted-structural-candidate,owner-provided SWF,"container=root; definitionDepth=0; tagOrdinal=825; payloadBytes=537; rawTagPayloadSha256=41e8a4ac9b3a655095cf7f4f7cc3e7de23e6de4ed38cad59482989889a9e2aae; exactTagIdentitySha256=051acb861db08a057d9b4df6e880c3b96ee7f8a74bfad1aa1beedda9594f4ebd; runtime reachability unresolved; placement and bounds unresolved; renderer suitability unresolved; machineDefinitionIndexSha256=3307ecc7133255c87b9aa0fba340647466b5a093987fb7f93cfc4b40d84af77b; Structural/static source-derived candidate only. The exported_file is the shared machine definition-index evidence, not a visual or renderer asset export. It is not an authoritative original-runtime baseline and establishes no runtime reachability, placement, asset usage, visual appearance, renderer suitability, human or owner acceptance, strict completion, or publication."
swf-definition-00826,141,,structural-morph-definition-candidate,source-assets/flash/HELP MATH_ORIGINAL FILES/HELP_COURSES/ELMGR5/L4/IN/L4IN18.swf,,migrations/course-g05-l04-in-018/audit/machine/g5-l4-pre-runtime-swf-definition-inventory.csv,3307ecc7133255c87b9aa0fba340647466b5a093987fb7f93cfc4b40d84af77b,CSV definition-index record for DefineMorphShape,,,"projection only; no asset bytes exported, transformed, redrawn, or generated",machine-extracted-structural-candidate,owner-provided SWF,"container=root; definitionDepth=0; tagOrdinal=826; payloadBytes=537; rawTagPayloadSha256=da1f26ca2e6a723b456f1280e760f08030204103a83a695b501a534a51551bf7; exactTagIdentitySha256=4080c960186c3bf928e2c910fa8038abbcf7b02932ce1485632436fc0154844f; runtime reachability unresolved; placement and bounds unresolved; renderer suitability unresolved; machineDefinitionIndexSha256=3307ecc7133255c87b9aa0fba340647466b5a093987fb7f93cfc4b40d84af77b; Structural/static source-derived candidate only. The exported_file is the shared machine definition-index evidence, not a visual or renderer asset export. It is not an authoritative original-runtime baseline and establishes no runtime reachability, placement, asset usage, visual appearance, renderer suitability, human or owner acceptance, strict completion, or publication."
swf-definition-00827,142,,structural-morph-definition-candidate,source-assets/flash/HELP MATH_ORIGINAL FILES/HELP_COURSES/ELMGR5/L4/IN/L4IN18.swf,,migrations/course-g05-l04-in-018/audit/machine/g5-l4-pre-runtime-swf-definition-inventory.csv,3307ecc7133255c87b9aa0fba340647466b5a093987fb7f93cfc4b40d84af77b,CSV definition-index record for DefineMorphShape,,,"projection only; no asset bytes exported, transformed, redrawn, or generated",machine-extracted-structural-candidate,owner-provided SWF,"container=root; definitionDepth=0; tagOrdinal=827; payloadBytes=409; rawTagPayloadSha256=c3c0014d68ca966fbb5e1fc69f8faeff5e952716d8e90516a7e8fd17905fcb4d; exactTagIdentitySha256=d931acaab8bcc5659739b634fc4d034b7de4a1ab473debc9bfb3afd7dbc87e97; runtime reachability unresolved; placement and bounds unresolved; renderer suitability unresolved; machineDefinitionIndexSha256=3307ecc7133255c87b9aa0fba340647466b5a093987fb7f93cfc4b40d84af77b; Structural/static source-derived candidate only. The exported_file is the shared machine definition-index evidence, not a visual or renderer asset export. It is not an authoritative original-runtime baseline and establishes no runtime reachability, placement, asset usage, visual appearance, renderer suitability, human or owner acceptance, strict completion, or publication."
swf-definition-00828,143,,structural-shape-definition-candidate,source-assets/flash/HELP MATH_ORIGINAL FILES/HELP_COURSES/ELMGR5/L4/IN/L4IN18.swf,,migrations/course-g05-l04-in-018/audit/machine/g5-l4-pre-runtime-swf-definition-inventory.csv,3307ecc7133255c87b9aa0fba340647466b5a093987fb7f93cfc4b40d84af77b,CSV definition-index record for DefineShape3,,,"projection only; no asset bytes exported, transformed, redrawn, or generated",machine-extracted-structural-candidate,owner-provided SWF,"container=root; definitionDepth=0; tagOrdinal=828; payloadBytes=197; rawTagPayloadSha256=0ae8921c19164656ca5fe641169e064b0d4bc1b03f6ebef88a4c76c157237615; exactTagIdentitySha256=3db17ffdcaf70fb20d2815db23423793c17772e2c963efef367da438ef0ea5a7; runtime reachability unresolved; placement and bounds unresolved; renderer suitability unresolved; machineDefinitionIndexSha256=3307ecc7133255c87b9aa0fba340647466b5a093987fb7f93cfc4b40d84af77b; Structural/static source-derived candidate only. The exported_file is the shared machine definition-index evidence, not a visual or renderer asset export. It is not an authoritative original-runtime baseline and establishes no runtime reachability, placement, asset usage, visual appearance, renderer suitability, human or owner acceptance, strict completion, or publication."
swf-definition-00829,144,,structural-sprite-definition-candidate,source-assets/flash/HELP MATH_ORIGINAL FILES/HELP_COURSES/ELMGR5/L4/IN/L4IN18.swf,,migrations/course-g05-l04-in-018/audit/machine/g5-l4-pre-runtime-swf-definition-inventory.csv,3307ecc7133255c87b9aa0fba340647466b5a093987fb7f93cfc4b40d84af77b,CSV definition-index record for DefineSprite,,,"projection only; no asset bytes exported, transformed, redrawn, or generated",machine-extracted-structural-candidate,owner-provided SWF,"container=root; definitionDepth=0; tagOrdinal=829; payloadBytes=216; rawTagPayloadSha256=bd6aa2e9ead880475a4ac611cce5ce94b0c98e18a554648e70873fcbed2f9b1c; exactTagIdentitySha256=a0a6d3d2072ba8cb1fd0c97f3403c7fd93eb7d72fcd637ad096f6e31b37485af; declaredFrameCount=22; runtime reachability unresolved; placement and bounds unresolved; renderer suitability unresolved; machineDefinitionIndexSha256=3307ecc7133255c87b9aa0fba340647466b5a093987fb7f93cfc4b40d84af77b; Structural/static source-derived candidate only. The exported_file is the shared machine definition-index evidence, not a visual or renderer asset export. It is not an authoritative original-runtime baseline and establishes no runtime reachability, placement, asset usage, visual appearance, renderer suitability, human or owner acceptance, strict completion, or publication."
swf-definition-00876,145,,structural-bitmap-definition-candidate,source-assets/flash/HELP MATH_ORIGINAL FILES/HELP_COURSES/ELMGR5/L4/IN/L4IN18.swf,,migrations/course-g05-l04-in-018/audit/machine/g5-l4-pre-runtime-swf-definition-inventory.csv,3307ecc7133255c87b9aa0fba340647466b5a093987fb7f93cfc4b40d84af77b,CSV definition-index record for DefineBitsJPEG3,,,"projection only; no asset bytes exported, transformed, redrawn, or generated",machine-extracted-structural-candidate,owner-provided SWF,"container=root; definitionDepth=0; tagOrdinal=876; payloadBytes=22183; rawTagPayloadSha256=ed6f6b4f5b2faa33c421e2c6c967e8a55ad55df6060cebc26862de2e167b41ca; exactTagIdentitySha256=c93fa751879358def903ec4ae2a844c171f4dc0a06cb8a6f178e2caf193af678; runtime reachability unresolved; placement and bounds unresolved; renderer suitability unresolved; machineDefinitionIndexSha256=3307ecc7133255c87b9aa0fba340647466b5a093987fb7f93cfc4b40d84af77b; Structural/static source-derived candidate only. The exported_file is the shared machine definition-index evidence, not a visual or renderer asset export. It is not an authoritative original-runtime baseline and establishes no runtime reachability, placement, asset usage, visual appearance, renderer suitability, human or owner acceptance, strict completion, or publication."
swf-definition-00877,146,,structural-shape-definition-candidate,source-assets/flash/HELP MATH_ORIGINAL FILES/HELP_COURSES/ELMGR5/L4/IN/L4IN18.swf,,migrations/course-g05-l04-in-018/audit/machine/g5-l4-pre-runtime-swf-definition-inventory.csv,3307ecc7133255c87b9aa0fba340647466b5a093987fb7f93cfc4b40d84af77b,CSV definition-index record for DefineShape,,,"projection only; no asset bytes exported, transformed, redrawn, or generated",machine-extracted-structural-candidate,owner-provided SWF,"container=root; definitionDepth=0; tagOrdinal=877; payloadBytes=54; rawTagPayloadSha256=708d0e18203c424f7db340c65241511f9145d81ca332388db2a54c5f0a608587; exactTagIdentitySha256=775ba25da47036c5d616b01c82d24f6369bcdb9a9b303ad82c886007b70c07f7; runtime reachability unresolved; placement and bounds unresolved; renderer suitability unresolved; machineDefinitionIndexSha256=3307ecc7133255c87b9aa0fba340647466b5a093987fb7f93cfc4b40d84af77b; Structural/static source-derived candidate only. The exported_file is the shared machine definition-index evidence, not a visual or renderer asset export. It is not an authoritative original-runtime baseline and establishes no runtime reachability, placement, asset usage, visual appearance, renderer suitability, human or owner acceptance, strict completion, or publication."
swf-definition-00878,147,,structural-morph-definition-candidate,source-assets/flash/HELP MATH_ORIGINAL FILES/HELP_COURSES/ELMGR5/L4/IN/L4IN18.swf,,migrations/course-g05-l04-in-018/audit/machine/g5-l4-pre-runtime-swf-definition-inventory.csv,3307ecc7133255c87b9aa0fba340647466b5a093987fb7f93cfc4b40d84af77b,CSV definition-index record for DefineMorphShape,,,"projection only; no asset bytes exported, transformed, redrawn, or generated",machine-extracted-structural-candidate,owner-provided SWF,"container=root; definitionDepth=0; tagOrdinal=878; payloadBytes=236; rawTagPayloadSha256=090bcb1c27bcb6dc5dc99a8748d8f214097e0ec7732fd427f5bf13924d8bbf1a; exactTagIdentitySha256=8147af7074119b0fa831c524a427fcb534be6dd8cea2559836e395eee5c32ecc; runtime reachability unresolved; placement and bounds unresolved; renderer suitability unresolved; machineDefinitionIndexSha256=3307ecc7133255c87b9aa0fba340647466b5a093987fb7f93cfc4b40d84af77b; Structural/static source-derived candidate only. The exported_file is the shared machine definition-index evidence, not a visual or renderer asset export. It is not an authoritative original-runtime baseline and establishes no runtime reachability, placement, asset usage, visual appearance, renderer suitability, human or owner acceptance, strict completion, or publication."
swf-definition-00879,148,,structural-shape-definition-candidate,source-assets/flash/HELP MATH_ORIGINAL FILES/HELP_COURSES/ELMGR5/L4/IN/L4IN18.swf,,migrations/course-g05-l04-in-018/audit/machine/g5-l4-pre-runtime-swf-definition-inventory.csv,3307ecc7133255c87b9aa0fba340647466b5a093987fb7f93cfc4b40d84af77b,CSV definition-index record for DefineShape3,,,"projection only; no asset bytes exported, transformed, redrawn, or generated",machine-extracted-structural-candidate,owner-provided SWF,"container=root; definitionDepth=0; tagOrdinal=879; payloadBytes=1960; rawTagPayloadSha256=e3cde00214667052b7ae54bb10696e5146d5023461d93975d58d15a6aac3fdc6; exactTagIdentitySha256=e8bda9d99367b0473a70989d0d043e5587958cdf84725489efb5e67bb4fa74fb; runtime reachability unresolved; placement and bounds unresolved; renderer suitability unresolved; machineDefinitionIndexSha256=3307ecc7133255c87b9aa0fba340647466b5a093987fb7f93cfc4b40d84af77b; Structural/static source-derived candidate only. The exported_file is the shared machine definition-index evidence, not a visual or renderer asset export. It is not an authoritative original-runtime baseline and establishes no runtime reachability, placement, asset usage, visual appearance, renderer suitability, human or owner acceptance, strict completion, or publication."
swf-definition-00880,149,,structural-shape-definition-candidate,source-assets/flash/HELP MATH_ORIGINAL FILES/HELP_COURSES/ELMGR5/L4/IN/L4IN18.swf,,migrations/course-g05-l04-in-018/audit/machine/g5-l4-pre-runtime-swf-definition-inventory.csv,3307ecc7133255c87b9aa0fba340647466b5a093987fb7f93cfc4b40d84af77b,CSV definition-index record for DefineShape3,,,"projection only; no asset bytes exported, transformed, redrawn, or generated",machine-extracted-structural-candidate,owner-provided SWF,"container=root; definitionDepth=0; tagOrdinal=880; payloadBytes=777; rawTagPayloadSha256=a6df923ca16e1f0b7eb2db6fe2b39b62f59c9e68ff657eb67b7a06e671eee9fa; exactTagIdentitySha256=18a36c7cf9c54c89eb9920f43d641dc55b9ab20d22451aedeea1b5c585609813; runtime reachability unresolved; placement and bounds unresolved; renderer suitability unresolved; machineDefinitionIndexSha256=3307ecc7133255c87b9aa0fba340647466b5a093987fb7f93cfc4b40d84af77b; Structural/static source-derived candidate only. The exported_file is the shared machine definition-index evidence, not a visual or renderer asset export. It is not an authoritative original-runtime baseline and establishes no runtime reachability, placement, asset usage, visual appearance, renderer suitability, human or owner acceptance, strict completion, or publication."
swf-definition-00881,150,,structural-shape-definition-candidate,source-assets/flash/HELP MATH_ORIGINAL FILES/HELP_COURSES/ELMGR5/L4/IN/L4IN18.swf,,migrations/course-g05-l04-in-018/audit/machine/g5-l4-pre-runtime-swf-definition-inventory.csv,3307ecc7133255c87b9aa0fba340647466b5a093987fb7f93cfc4b40d84af77b,CSV definition-index record for DefineShape3,,,"projection only; no asset bytes exported, transformed, redrawn, or generated",machine-extracted-structural-candidate,owner-provided SWF,"container=root; definitionDepth=0; tagOrdinal=881; payloadBytes=765; rawTagPayloadSha256=481ff708da313ffdb64ebae0f58ce89e0a2579a2f97c79005e603304ab82088d; exactTagIdentitySha256=56ff9e88a337d261af600310203e90abc21a68c56acaa9941f6dccc66ed05acb; runtime reachability unresolved; placement and bounds unresolved; renderer suitability unresolved; machineDefinitionIndexSha256=3307ecc7133255c87b9aa0fba340647466b5a093987fb7f93cfc4b40d84af77b; Structural/static source-derived candidate only. The exported_file is the shared machine definition-index evidence, not a visual or renderer asset export. It is not an authoritative original-runtime baseline and establishes no runtime reachability, placement, asset usage, visual appearance, renderer suitability, human or owner acceptance, strict completion, or publication."
swf-definition-00882,151,,structural-shape-definition-candidate,source-assets/flash/HELP MATH_ORIGINAL FILES/HELP_COURSES/ELMGR5/L4/IN/L4IN18.swf,,migrations/course-g05-l04-in-018/audit/machine/g5-l4-pre-runtime-swf-definition-inventory.csv,3307ecc7133255c87b9aa0fba340647466b5a093987fb7f93cfc4b40d84af77b,CSV definition-index record for DefineShape3,,,"projection only; no asset bytes exported, transformed, redrawn, or generated",machine-extracted-structural-candidate,owner-provided SWF,"container=root; definitionDepth=0; tagOrdinal=882; payloadBytes=835; rawTagPayloadSha256=30bc78482b597b77f6ddc7ceee51057a162d07e8980439bdc4f73119af246571; exactTagIdentitySha256=7a8466b4831a2051c8930823f313a154228dc5a29af51367731605efe5dc49ff; runtime reachability unresolved; placement and bounds unresolved; renderer suitability unresolved; machineDefinitionIndexSha256=3307ecc7133255c87b9aa0fba340647466b5a093987fb7f93cfc4b40d84af77b; Structural/static source-derived candidate only. The exported_file is the shared machine definition-index evidence, not a visual or renderer asset export. It is not an authoritative original-runtime baseline and establishes no runtime reachability, placement, asset usage, visual appearance, renderer suitability, human or owner acceptance, strict completion, or publication."
swf-definition-00883,152,,structural-shape-definition-candidate,source-assets/flash/HELP MATH_ORIGINAL FILES/HELP_COURSES/ELMGR5/L4/IN/L4IN18.swf,,migrations/course-g05-l04-in-018/audit/machine/g5-l4-pre-runtime-swf-definition-inventory.csv,3307ecc7133255c87b9aa0fba340647466b5a093987fb7f93cfc4b40d84af77b,CSV definition-index record for DefineShape3,,,"projection only; no asset bytes exported, transformed, redrawn, or generated",machine-extracted-structural-candidate,owner-provided SWF,"container=root; definitionDepth=0; tagOrdinal=883; payloadBytes=894; rawTagPayloadSha256=31c830d0fa2472f375ec8fdfced5f6d987360cdf0c0ff8ea5eca21616f337d4e; exactTagIdentitySha256=e4bd97177bed427cc8a96e354e8c75b6ae79d0ac5846b99d9ebcbf5596865ae2; runtime reachability unresolved; placement and bounds unresolved; renderer suitability unresolved; machineDefinitionIndexSha256=3307ecc7133255c87b9aa0fba340647466b5a093987fb7f93cfc4b40d84af77b; Structural/static source-derived candidate only. The exported_file is the shared machine definition-index evidence, not a visual or renderer asset export. It is not an authoritative original-runtime baseline and establishes no runtime reachability, placement, asset usage, visual appearance, renderer suitability, human or owner acceptance, strict completion, or publication."
swf-definition-00884,153,,structural-shape-definition-candidate,source-assets/flash/HELP MATH_ORIGINAL FILES/HELP_COURSES/ELMGR5/L4/IN/L4IN18.swf,,migrations/course-g05-l04-in-018/audit/machine/g5-l4-pre-runtime-swf-definition-inventory.csv,3307ecc7133255c87b9aa0fba340647466b5a093987fb7f93cfc4b40d84af77b,CSV definition-index record for DefineShape3,,,"projection only; no asset bytes exported, transformed, redrawn, or generated",machine-extracted-structural-candidate,owner-provided SWF,"container=root; definitionDepth=0; tagOrdinal=884; payloadBytes=1026; rawTagPayloadSha256=d3c73c8829c7044f451d204321f54bd9372fa8d1d6a041927fd71880641bfd3c; exactTagIdentitySha256=1b9368b7bbc7a6aca80a026b0c8cd15a50230451dc630ac535e3a1c4bb6c5205; runtime reachability unresolved; placement and bounds unresolved; renderer suitability unresolved; machineDefinitionIndexSha256=3307ecc7133255c87b9aa0fba340647466b5a093987fb7f93cfc4b40d84af77b; Structural/static source-derived candidate only. The exported_file is the shared machine definition-index evidence, not a visual or renderer asset export. It is not an authoritative original-runtime baseline and establishes no runtime reachability, placement, asset usage, visual appearance, renderer suitability, human or owner acceptance, strict completion, or publication."
swf-definition-00885,154,,structural-shape-definition-candidate,source-assets/flash/HELP MATH_ORIGINAL FILES/HELP_COURSES/ELMGR5/L4/IN/L4IN18.swf,,migrations/course-g05-l04-in-018/audit/machine/g5-l4-pre-runtime-swf-definition-inventory.csv,3307ecc7133255c87b9aa0fba340647466b5a093987fb7f93cfc4b40d84af77b,CSV definition-index record for DefineShape3,,,"projection only; no asset bytes exported, transformed, redrawn, or generated",machine-extracted-structural-candidate,owner-provided SWF,"container=root; definitionDepth=0; tagOrdinal=885; payloadBytes=1132; rawTagPayloadSha256=e27c26dd20991217598735f49aec6182794d9d726d9ce802eed48fc55ee3ecbf; exactTagIdentitySha256=d6da0c8fe817bc350e01fdb0bd16b5dcf71a2ff8ae92bc4954c115c889dfa4b3; runtime reachability unresolved; placement and bounds unresolved; renderer suitability unresolved; machineDefinitionIndexSha256=3307ecc7133255c87b9aa0fba340647466b5a093987fb7f93cfc4b40d84af77b; Structural/static source-derived candidate only. The exported_file is the shared machine definition-index evidence, not a visual or renderer asset export. It is not an authoritative original-runtime baseline and establishes no runtime reachability, placement, asset usage, visual appearance, renderer suitability, human or owner acceptance, strict completion, or publication."
swf-definition-00886,155,,structural-shape-definition-candidate,source-assets/flash/HELP MATH_ORIGINAL FILES/HELP_COURSES/ELMGR5/L4/IN/L4IN18.swf,,migrations/course-g05-l04-in-018/audit/machine/g5-l4-pre-runtime-swf-definition-inventory.csv,3307ecc7133255c87b9aa0fba340647466b5a093987fb7f93cfc4b40d84af77b,CSV definition-index record for DefineShape3,,,"projection only; no asset bytes exported, transformed, redrawn, or generated",machine-extracted-structural-candidate,owner-provided SWF,"container=root; definitionDepth=0; tagOrdinal=886; payloadBytes=1063; rawTagPayloadSha256=65399ba028ba05b8a0f23b978771333a14440d710b2f1caa1cd5b1cc542fdfba; exactTagIdentitySha256=e8e834c07c51d67672cf4a00029cb870968f420be49554434b529f46e6c44c93; runtime reachability unresolved; placement and bounds unresolved; renderer suitability unresolved; machineDefinitionIndexSha256=3307ecc7133255c87b9aa0fba340647466b5a093987fb7f93cfc4b40d84af77b; Structural/static source-derived candidate only. The exported_file is the shared machine definition-index evidence, not a visual or renderer asset export. It is not an authoritative original-runtime baseline and establishes no runtime reachability, placement, asset usage, visual appearance, renderer suitability, human or owner acceptance, strict completion, or publication."
swf-definition-00887,156,,structural-shape-definition-candidate,source-assets/flash/HELP MATH_ORIGINAL FILES/HELP_COURSES/ELMGR5/L4/IN/L4IN18.swf,,migrations/course-g05-l04-in-018/audit/machine/g5-l4-pre-runtime-swf-definition-inventory.csv,3307ecc7133255c87b9aa0fba340647466b5a093987fb7f93cfc4b40d84af77b,CSV definition-index record for DefineShape3,,,"projection only; no asset bytes exported, transformed, redrawn, or generated",machine-extracted-structural-candidate,owner-provided SWF,"container=root; definitionDepth=0; tagOrdinal=887; payloadBytes=1207; rawTagPayloadSha256=656331161f44504a6aa9d826c1573cdb694a06f1583ddf90f0c76adff0da5d35; exactTagIdentitySha256=0830554153d42eafece99eec37bc54177d6e0531ce53c8bd7da81c514cf18568; runtime reachability unresolved; placement and bounds unresolved; renderer suitability unresolved; machineDefinitionIndexSha256=3307ecc7133255c87b9aa0fba340647466b5a093987fb7f93cfc4b40d84af77b; Structural/static source-derived candidate only. The exported_file is the shared machine definition-index evidence, not a visual or renderer asset export. It is not an authoritative original-runtime baseline and establishes no runtime reachability, placement, asset usage, visual appearance, renderer suitability, human or owner acceptance, strict completion, or publication."
swf-definition-00888,157,,structural-shape-definition-candidate,source-assets/flash/HELP MATH_ORIGINAL FILES/HELP_COURSES/ELMGR5/L4/IN/L4IN18.swf,,migrations/course-g05-l04-in-018/audit/machine/g5-l4-pre-runtime-swf-definition-inventory.csv,3307ecc7133255c87b9aa0fba340647466b5a093987fb7f93cfc4b40d84af77b,CSV definition-index record for DefineShape3,,,"projection only; no asset bytes exported, transformed, redrawn, or generated",machine-extracted-structural-candidate,owner-provided SWF,"container=root; definitionDepth=0; tagOrdinal=888; payloadBytes=1196; rawTagPayloadSha256=d1d5bcee9071c51f79a54b79ff3c2176b9709e1d26e073b8cc46c8ba92c51835; exactTagIdentitySha256=bbb89983980ec3f8b28be89bb4dc3db2afbb15d7fdf1b9c927a7e0112fd710d0; runtime reachability unresolved; placement and bounds unresolved; renderer suitability unresolved; machineDefinitionIndexSha256=3307ecc7133255c87b9aa0fba340647466b5a093987fb7f93cfc4b40d84af77b; Structural/static source-derived candidate only. The exported_file is the shared machine definition-index evidence, not a visual or renderer asset export. It is not an authoritative original-runtime baseline and establishes no runtime reachability, placement, asset usage, visual appearance, renderer suitability, human or owner acceptance, strict completion, or publication."
swf-definition-00889,158,,structural-shape-definition-candidate,source-assets/flash/HELP MATH_ORIGINAL FILES/HELP_COURSES/ELMGR5/L4/IN/L4IN18.swf,,migrations/course-g05-l04-in-018/audit/machine/g5-l4-pre-runtime-swf-definition-inventory.csv,3307ecc7133255c87b9aa0fba340647466b5a093987fb7f93cfc4b40d84af77b,CSV definition-index record for DefineShape3,,,"projection only; no asset bytes exported, transformed, redrawn, or generated",machine-extracted-structural-candidate,owner-provided SWF,"container=root; definitionDepth=0; tagOrdinal=889; payloadBytes=1367; rawTagPayloadSha256=30bba4254af5cf5112deb70281ad30c7316ecc9b923299b12943e2f40809948e; exactTagIdentitySha256=f63be65be6cfba4f44fe6b503cf9ce6df23304e9c47c84835530afabf4ebff61; runtime reachability unresolved; placement and bounds unresolved; renderer suitability unresolved; machineDefinitionIndexSha256=3307ecc7133255c87b9aa0fba340647466b5a093987fb7f93cfc4b40d84af77b; Structural/static source-derived candidate only. The exported_file is the shared machine definition-index evidence, not a visual or renderer asset export. It is not an authoritative original-runtime baseline and establishes no runtime reachability, placement, asset usage, visual appearance, renderer suitability, human or owner acceptance, strict completion, or publication."
swf-definition-00890,159,,structural-shape-definition-candidate,source-assets/flash/HELP MATH_ORIGINAL FILES/HELP_COURSES/ELMGR5/L4/IN/L4IN18.swf,,migrations/course-g05-l04-in-018/audit/machine/g5-l4-pre-runtime-swf-definition-inventory.csv,3307ecc7133255c87b9aa0fba340647466b5a093987fb7f93cfc4b40d84af77b,CSV definition-index record for DefineShape3,,,"projection only; no asset bytes exported, transformed, redrawn, or generated",machine-extracted-structural-candidate,owner-provided SWF,"container=root; definitionDepth=0; tagOrdinal=890; payloadBytes=1302; rawTagPayloadSha256=cde3b6a13ae4ba27afde42ade570ef4caa911b9abd74b315e351c024747e7789; exactTagIdentitySha256=ffe5fb89d41624bf40892bea7f008f9087572d701d01d15c350ee0a84cb41911; runtime reachability unresolved; placement and bounds unresolved; renderer suitability unresolved; machineDefinitionIndexSha256=3307ecc7133255c87b9aa0fba340647466b5a093987fb7f93cfc4b40d84af77b; Structural/static source-derived candidate only. The exported_file is the shared machine definition-index evidence, not a visual or renderer asset export. It is not an authoritative original-runtime baseline and establishes no runtime reachability, placement, asset usage, visual appearance, renderer suitability, human or owner acceptance, strict completion, or publication."
swf-definition-00891,160,,structural-shape-definition-candidate,source-assets/flash/HELP MATH_ORIGINAL FILES/HELP_COURSES/ELMGR5/L4/IN/L4IN18.swf,,migrations/course-g05-l04-in-018/audit/machine/g5-l4-pre-runtime-swf-definition-inventory.csv,3307ecc7133255c87b9aa0fba340647466b5a093987fb7f93cfc4b40d84af77b,CSV definition-index record for DefineShape3,,,"projection only; no asset bytes exported, transformed, redrawn, or generated",machine-extracted-structural-candidate,owner-provided SWF,"container=root; definitionDepth=0; tagOrdinal=891; payloadBytes=1253; rawTagPayloadSha256=419cdcbf60f6e0ae25fe366520304a8a69f745e83d88169b20c0987afbb0b0c5; exactTagIdentitySha256=973401b25bf451981a2999ef5b684e43675150aedea5f6af0ae9f628457876f7; runtime reachability unresolved; placement and bounds unresolved; renderer suitability unresolved; machineDefinitionIndexSha256=3307ecc7133255c87b9aa0fba340647466b5a093987fb7f93cfc4b40d84af77b; Structural/static source-derived candidate only. The exported_file is the shared machine definition-index evidence, not a visual or renderer asset export. It is not an authoritative original-runtime baseline and establishes no runtime reachability, placement, asset usage, visual appearance, renderer suitability, human or owner acceptance, strict completion, or publication."
swf-definition-00892,161,,structural-shape-definition-candidate,source-assets/flash/HELP MATH_ORIGINAL FILES/HELP_COURSES/ELMGR5/L4/IN/L4IN18.swf,,migrations/course-g05-l04-in-018/audit/machine/g5-l4-pre-runtime-swf-definition-inventory.csv,3307ecc7133255c87b9aa0fba340647466b5a093987fb7f93cfc4b40d84af77b,CSV definition-index record for DefineShape3,,,"projection only; no asset bytes exported, transformed, redrawn, or generated",machine-extracted-structural-candidate,owner-provided SWF,"container=root; definitionDepth=0; tagOrdinal=892; payloadBytes=991; rawTagPayloadSha256=ad53e7113f9f585675d224cb67d6101ecb7225f9b7288642af8b13f834945c74; exactTagIdentitySha256=719107add09a5f05885fe006bd02b16d435b0a6f3661f803225cb4eb6c4cc7f8; runtime reachability unresolved; placement and bounds unresolved; renderer suitability unresolved; machineDefinitionIndexSha256=3307ecc7133255c87b9aa0fba340647466b5a093987fb7f93cfc4b40d84af77b; Structural/static source-derived candidate only. The exported_file is the shared machine definition-index evidence, not a visual or renderer asset export. It is not an authoritative original-runtime baseline and establishes no runtime reachability, placement, asset usage, visual appearance, renderer suitability, human or owner acceptance, strict completion, or publication."
swf-definition-00893,162,,structural-shape-definition-candidate,source-assets/flash/HELP MATH_ORIGINAL FILES/HELP_COURSES/ELMGR5/L4/IN/L4IN18.swf,,migrations/course-g05-l04-in-018/audit/machine/g5-l4-pre-runtime-swf-definition-inventory.csv,3307ecc7133255c87b9aa0fba340647466b5a093987fb7f93cfc4b40d84af77b,CSV definition-index record for DefineShape3,,,"projection only; no asset bytes exported, transformed, redrawn, or generated",machine-extracted-structural-candidate,owner-provided SWF,"container=root; definitionDepth=0; tagOrdinal=893; payloadBytes=1106; rawTagPayloadSha256=0e404f7f3a56ed8f6c4070f1843ac42efad9cfaaa62f35b5a473c83aaf435db0; exactTagIdentitySha256=47c6ae7161205273583267aa9c5fc7422d021ce993acb4691d3de0cbeca6a9a5; runtime reachability unresolved; placement and bounds unresolved; renderer suitability unresolved; machineDefinitionIndexSha256=3307ecc7133255c87b9aa0fba340647466b5a093987fb7f93cfc4b40d84af77b; Structural/static source-derived candidate only. The exported_file is the shared machine definition-index evidence, not a visual or renderer asset export. It is not an authoritative original-runtime baseline and establishes no runtime reachability, placement, asset usage, visual appearance, renderer suitability, human or owner acceptance, strict completion, or publication."
swf-definition-00894,163,,structural-shape-definition-candidate,source-assets/flash/HELP MATH_ORIGINAL FILES/HELP_COURSES/ELMGR5/L4/IN/L4IN18.swf,,migrations/course-g05-l04-in-018/audit/machine/g5-l4-pre-runtime-swf-definition-inventory.csv,3307ecc7133255c87b9aa0fba340647466b5a093987fb7f93cfc4b40d84af77b,CSV definition-index record for DefineShape3,,,"projection only; no asset bytes exported, transformed, redrawn, or generated",machine-extracted-structural-candidate,owner-provided SWF,"container=root; definitionDepth=0; tagOrdinal=894; payloadBytes=917; rawTagPayloadSha256=774c12e2c6be0cd1040332252f3625919ca66c521ba8b1aeb0ea768d8d06a8fd; exactTagIdentitySha256=e1e3dee555ebb9853061f09146bba9f55fdad66e573ca41f9866066d44553929; runtime reachability unresolved; placement and bounds unresolved; renderer suitability unresolved; machineDefinitionIndexSha256=3307ecc7133255c87b9aa0fba340647466b5a093987fb7f93cfc4b40d84af77b; Structural/static source-derived candidate only. The exported_file is the shared machine definition-index evidence, not a visual or renderer asset export. It is not an authoritative original-runtime baseline and establishes no runtime reachability, placement, asset usage, visual appearance, renderer suitability, human or owner acceptance, strict completion, or publication."
swf-definition-00895,164,,structural-shape-definition-candidate,source-assets/flash/HELP MATH_ORIGINAL FILES/HELP_COURSES/ELMGR5/L4/IN/L4IN18.swf,,migrations/course-g05-l04-in-018/audit/machine/g5-l4-pre-runtime-swf-definition-inventory.csv,3307ecc7133255c87b9aa0fba340647466b5a093987fb7f93cfc4b40d84af77b,CSV definition-index record for DefineShape3,,,"projection only; no asset bytes exported, transformed, redrawn, or generated",machine-extracted-structural-candidate,owner-provided SWF,"container=root; definitionDepth=0; tagOrdinal=895; payloadBytes=947; rawTagPayloadSha256=86a0e60b0b8339efeabd86af96d7dec91df151ffd48f8736d12039f193832c8a; exactTagIdentitySha256=c957574874a30226f7500d4354aeded5dd28f04401fd65a482d382e95d341c8c; runtime reachability unresolved; placement and bounds unresolved; renderer suitability unresolved; machineDefinitionIndexSha256=3307ecc7133255c87b9aa0fba340647466b5a093987fb7f93cfc4b40d84af77b; Structural/static source-derived candidate only. The exported_file is the shared machine definition-index evidence, not a visual or renderer asset export. It is not an authoritative original-runtime baseline and establishes no runtime reachability, placement, asset usage, visual appearance, renderer suitability, human or owner acceptance, strict completion, or publication."
swf-definition-00896,165,,structural-shape-definition-candidate,source-assets/flash/HELP MATH_ORIGINAL FILES/HELP_COURSES/ELMGR5/L4/IN/L4IN18.swf,,migrations/course-g05-l04-in-018/audit/machine/g5-l4-pre-runtime-swf-definition-inventory.csv,3307ecc7133255c87b9aa0fba340647466b5a093987fb7f93cfc4b40d84af77b,CSV definition-index record for DefineShape3,,,"projection only; no asset bytes exported, transformed, redrawn, or generated",machine-extracted-structural-candidate,owner-provided SWF,"container=root; definitionDepth=0; tagOrdinal=896; payloadBytes=826; rawTagPayloadSha256=9d7f5168e026bfa79bec60305a6030f03982822b9ad84680f86d94d6e9cfc531; exactTagIdentitySha256=3f87e864c414a53d53100268f1e9ff337d4895b6a0920700c91bad67773b4bd8; runtime reachability unresolved; placement and bounds unresolved; renderer suitability unresolved; machineDefinitionIndexSha256=3307ecc7133255c87b9aa0fba340647466b5a093987fb7f93cfc4b40d84af77b; Structural/static source-derived candidate only. The exported_file is the shared machine definition-index evidence, not a visual or renderer asset export. It is not an authoritative original-runtime baseline and establishes no runtime reachability, placement, asset usage, visual appearance, renderer suitability, human or owner acceptance, strict completion, or publication."
swf-definition-00897,166,,structural-shape-definition-candidate,source-assets/flash/HELP MATH_ORIGINAL FILES/HELP_COURSES/ELMGR5/L4/IN/L4IN18.swf,,migrations/course-g05-l04-in-018/audit/machine/g5-l4-pre-runtime-swf-definition-inventory.csv,3307ecc7133255c87b9aa0fba340647466b5a093987fb7f93cfc4b40d84af77b,CSV definition-index record for DefineShape3,,,"projection only; no asset bytes exported, transformed, redrawn, or generated",machine-extracted-structural-candidate,owner-provided SWF,"container=root; definitionDepth=0; tagOrdinal=897; payloadBytes=938; rawTagPayloadSha256=969bcd4320f23017b6d9fe49c27617176cbd0293127cf9685953383215fbcd4d; exactTagIdentitySha256=8c919e57b43b02447a81ca94b496681228f79f1cdcab8b8fad56093fd671b0ff; runtime reachability unresolved; placement and bounds unresolved; renderer suitability unresolved; machineDefinitionIndexSha256=3307ecc7133255c87b9aa0fba340647466b5a093987fb7f93cfc4b40d84af77b; Structural/static source-derived candidate only. The exported_file is the shared machine definition-index evidence, not a visual or renderer asset export. It is not an authoritative original-runtime baseline and establishes no runtime reachability, placement, asset usage, visual appearance, renderer suitability, human or owner acceptance, strict completion, or publication."
swf-definition-00898,167,,structural-shape-definition-candidate,source-assets/flash/HELP MATH_ORIGINAL FILES/HELP_COURSES/ELMGR5/L4/IN/L4IN18.swf,,migrations/course-g05-l04-in-018/audit/machine/g5-l4-pre-runtime-swf-definition-inventory.csv,3307ecc7133255c87b9aa0fba340647466b5a093987fb7f93cfc4b40d84af77b,CSV definition-index record for DefineShape3,,,"projection only; no asset bytes exported, transformed, redrawn, or generated",machine-extracted-structural-candidate,owner-provided SWF,"container=root; definitionDepth=0; tagOrdinal=898; payloadBytes=734; rawTagPayloadSha256=1af8bced30057fa854eb87fee08c22e6c6dc383d102a933db8479f3c47b21c6c; exactTagIdentitySha256=b498d3f549c382fb9658ab5a56f310c1dead4325e064c6b46e90d25c6d5851d9; runtime reachability unresolved; placement and bounds unresolved; renderer suitability unresolved; machineDefinitionIndexSha256=3307ecc7133255c87b9aa0fba340647466b5a093987fb7f93cfc4b40d84af77b; Structural/static source-derived candidate only. The exported_file is the shared machine definition-index evidence, not a visual or renderer asset export. It is not an authoritative original-runtime baseline and establishes no runtime reachability, placement, asset usage, visual appearance, renderer suitability, human or owner acceptance, strict completion, or publication."
swf-definition-00899,168,,structural-sprite-definition-candidate,source-assets/flash/HELP MATH_ORIGINAL FILES/HELP_COURSES/ELMGR5/L4/IN/L4IN18.swf,,migrations/course-g05-l04-in-018/audit/machine/g5-l4-pre-runtime-swf-definition-inventory.csv,3307ecc7133255c87b9aa0fba340647466b5a093987fb7f93cfc4b40d84af77b,CSV definition-index record for DefineSprite,,,"projection only; no asset bytes exported, transformed, redrawn, or generated",machine-extracted-structural-candidate,owner-provided SWF,"container=root; definitionDepth=0; tagOrdinal=899; payloadBytes=246; rawTagPayloadSha256=892e62d9aeaa968557c3d16e09abe24ea2c02866d42c3922e206c4cb9d57e239; exactTagIdentitySha256=a094eda99f009694fd89f570a6963e1ef3e6c69632d3e7bd36cc12ea05d0c06e; declaredFrameCount=19; runtime reachability unresolved; placement and bounds unresolved; renderer suitability unresolved; machineDefinitionIndexSha256=3307ecc7133255c87b9aa0fba340647466b5a093987fb7f93cfc4b40d84af77b; Structural/static source-derived candidate only. The exported_file is the shared machine definition-index evidence, not a visual or renderer asset export. It is not an authoritative original-runtime baseline and establishes no runtime reachability, placement, asset usage, visual appearance, renderer suitability, human or owner acceptance, strict completion, or publication."
swf-definition-00952,169,,structural-morph-definition-candidate,source-assets/flash/HELP MATH_ORIGINAL FILES/HELP_COURSES/ELMGR5/L4/IN/L4IN18.swf,,migrations/course-g05-l04-in-018/audit/machine/g5-l4-pre-runtime-swf-definition-inventory.csv,3307ecc7133255c87b9aa0fba340647466b5a093987fb7f93cfc4b40d84af77b,CSV definition-index record for DefineMorphShape,,,"projection only; no asset bytes exported, transformed, redrawn, or generated",machine-extracted-structural-candidate,owner-provided SWF,"container=root; definitionDepth=0; tagOrdinal=952; payloadBytes=777; rawTagPayloadSha256=ea46541dd2b1a1e30a6a128e27d2a400785b2b8ebc90bdf29d58300c522b4ac7; exactTagIdentitySha256=699da1837dd1039c19dfe6f5c7db437362ed84338c5b9b47f7e6e631e5e3d723; runtime reachability unresolved; placement and bounds unresolved; renderer suitability unresolved; machineDefinitionIndexSha256=3307ecc7133255c87b9aa0fba340647466b5a093987fb7f93cfc4b40d84af77b; Structural/static source-derived candidate only. The exported_file is the shared machine definition-index evidence, not a visual or renderer asset export. It is not an authoritative original-runtime baseline and establishes no runtime reachability, placement, asset usage, visual appearance, renderer suitability, human or owner acceptance, strict completion, or publication."
swf-definition-00953,170,,structural-shape-definition-candidate,source-assets/flash/HELP MATH_ORIGINAL FILES/HELP_COURSES/ELMGR5/L4/IN/L4IN18.swf,,migrations/course-g05-l04-in-018/audit/machine/g5-l4-pre-runtime-swf-definition-inventory.csv,3307ecc7133255c87b9aa0fba340647466b5a093987fb7f93cfc4b40d84af77b,CSV definition-index record for DefineShape3,,,"projection only; no asset bytes exported, transformed, redrawn, or generated",machine-extracted-structural-candidate,owner-provided SWF,"container=root; definitionDepth=0; tagOrdinal=953; payloadBytes=36; rawTagPayloadSha256=b27ccd0b75cb2dd6ac4fc4eb1ed45de60cdd14d0a1ff265b1b15e9e8d9bf10e9; exactTagIdentitySha256=8466ab18529a353c08ab90ba66b6d838cb2180318b087736d5f4da785316bbcb; runtime reachability unresolved; placement and bounds unresolved; renderer suitability unresolved; machineDefinitionIndexSha256=3307ecc7133255c87b9aa0fba340647466b5a093987fb7f93cfc4b40d84af77b; Structural/static source-derived candidate only. The exported_file is the shared machine definition-index evidence, not a visual or renderer asset export. It is not an authoritative original-runtime baseline and establishes no runtime reachability, placement, asset usage, visual appearance, renderer suitability, human or owner acceptance, strict completion, or publication."
swf-definition-00954,171,,structural-morph-definition-candidate,source-assets/flash/HELP MATH_ORIGINAL FILES/HELP_COURSES/ELMGR5/L4/IN/L4IN18.swf,,migrations/course-g05-l04-in-018/audit/machine/g5-l4-pre-runtime-swf-definition-inventory.csv,3307ecc7133255c87b9aa0fba340647466b5a093987fb7f93cfc4b40d84af77b,CSV definition-index record for DefineMorphShape,,,"projection only; no asset bytes exported, transformed, redrawn, or generated",machine-extracted-structural-candidate,owner-provided SWF,"container=root; definitionDepth=0; tagOrdinal=954; payloadBytes=610; rawTagPayloadSha256=581eb158115bae522274a53bae6acf6cf6bc742cd7e53f795eb0dcdd2bdfc8e9; exactTagIdentitySha256=151d17b85040f1c4041ee5d804020acf873e5b91e556539abe6dd8b2282e7840; runtime reachability unresolved; placement and bounds unresolved; renderer suitability unresolved; machineDefinitionIndexSha256=3307ecc7133255c87b9aa0fba340647466b5a093987fb7f93cfc4b40d84af77b; Structural/static source-derived candidate only. The exported_file is the shared machine definition-index evidence, not a visual or renderer asset export. It is not an authoritative original-runtime baseline and establishes no runtime reachability, placement, asset usage, visual appearance, renderer suitability, human or owner acceptance, strict completion, or publication."
swf-definition-00955,172,,structural-text-definition-candidate,source-assets/flash/HELP MATH_ORIGINAL FILES/HELP_COURSES/ELMGR5/L4/IN/L4IN18.swf,,migrations/course-g05-l04-in-018/audit/machine/g5-l4-pre-runtime-swf-definition-inventory.csv,3307ecc7133255c87b9aa0fba340647466b5a093987fb7f93cfc4b40d84af77b,CSV definition-index record for DefineText,,,"projection only; no asset bytes exported, transformed, redrawn, or generated",machine-extracted-structural-candidate,owner-provided SWF,"container=root; definitionDepth=0; tagOrdinal=955; payloadBytes=43; rawTagPayloadSha256=01b6b9c2b90c2c77fd64ee204acd9339176ce448da92317df47eb76dfb01651a; exactTagIdentitySha256=3766652d340843edc4fccd9cc503383755d27c60868cc19240b002d4c930f1e8; runtime reachability unresolved; placement and bounds unresolved; renderer suitability unresolved; machineDefinitionIndexSha256=3307ecc7133255c87b9aa0fba340647466b5a093987fb7f93cfc4b40d84af77b; Structural/static source-derived candidate only. The exported_file is the shared machine definition-index evidence, not a visual or renderer asset export. It is not an authoritative original-runtime baseline and establishes no runtime reachability, placement, asset usage, visual appearance, renderer suitability, human or owner acceptance, strict completion, or publication."
swf-definition-00956,173,,structural-text-definition-candidate,source-assets/flash/HELP MATH_ORIGINAL FILES/HELP_COURSES/ELMGR5/L4/IN/L4IN18.swf,,migrations/course-g05-l04-in-018/audit/machine/g5-l4-pre-runtime-swf-definition-inventory.csv,3307ecc7133255c87b9aa0fba340647466b5a093987fb7f93cfc4b40d84af77b,CSV definition-index record for DefineText,,,"projection only; no asset bytes exported, transformed, redrawn, or generated",machine-extracted-structural-candidate,owner-provided SWF,"container=root; definitionDepth=0; tagOrdinal=956; payloadBytes=43; rawTagPayloadSha256=3a01b4bffcea1a2da172c0236258c7f2a2ec8164735f9e63729f57e5fb99ecc9; exactTagIdentitySha256=0dbcaa5977f4978e1122b34e382593b5eaf1be3f2224a5dbeed3cfcd6a5d1255; runtime reachability unresolved; placement and bounds unresolved; renderer suitability unresolved; machineDefinitionIndexSha256=3307ecc7133255c87b9aa0fba340647466b5a093987fb7f93cfc4b40d84af77b; Structural/static source-derived candidate only. The exported_file is the shared machine definition-index evidence, not a visual or renderer asset export. It is not an authoritative original-runtime baseline and establishes no runtime reachability, placement, asset usage, visual appearance, renderer suitability, human or owner acceptance, strict completion, or publication."
swf-definition-00957,174,,structural-shape-definition-candidate,source-assets/flash/HELP MATH_ORIGINAL FILES/HELP_COURSES/ELMGR5/L4/IN/L4IN18.swf,,migrations/course-g05-l04-in-018/audit/machine/g5-l4-pre-runtime-swf-definition-inventory.csv,3307ecc7133255c87b9aa0fba340647466b5a093987fb7f93cfc4b40d84af77b,CSV definition-index record for DefineShape3,,,"projection only; no asset bytes exported, transformed, redrawn, or generated",machine-extracted-structural-candidate,owner-provided SWF,"container=root; definitionDepth=0; tagOrdinal=957; payloadBytes=410; rawTagPayloadSha256=cd07c986b5af3cd02181b520fc4ceeff0c7a9abec31e09a2f6a0efdc88aa12a0; exactTagIdentitySha256=ae3a243fb0aa8d54ac92ff24a7a605eae6255c5acd4f93562d7dfe6c5583b538; runtime reachability unresolved; placement and bounds unresolved; renderer suitability unresolved; machineDefinitionIndexSha256=3307ecc7133255c87b9aa0fba340647466b5a093987fb7f93cfc4b40d84af77b; Structural/static source-derived candidate only. The exported_file is the shared machine definition-index evidence, not a visual or renderer asset export. It is not an authoritative original-runtime baseline and establishes no runtime reachability, placement, asset usage, visual appearance, renderer suitability, human or owner acceptance, strict completion, or publication."
swf-definition-00958,175,,structural-morph-definition-candidate,source-assets/flash/HELP MATH_ORIGINAL FILES/HELP_COURSES/ELMGR5/L4/IN/L4IN18.swf,,migrations/course-g05-l04-in-018/audit/machine/g5-l4-pre-runtime-swf-definition-inventory.csv,3307ecc7133255c87b9aa0fba340647466b5a093987fb7f93cfc4b40d84af77b,CSV definition-index record for DefineMorphShape,,,"projection only; no asset bytes exported, transformed, redrawn, or generated",machine-extracted-structural-candidate,owner-provided SWF,"container=root; definitionDepth=0; tagOrdinal=958; payloadBytes=610; rawTagPayloadSha256=0803e5889af05aeccccb78073b53ad9fe6d6bfde2d279e9cb3109c84d31a150b; exactTagIdentitySha256=f47c9d528f6c9fca375e1e5b80764ed18e1e991b6ab17108e5ff52da9edc7350; runtime reachability unresolved; placement and bounds unresolved; renderer suitability unresolved; machineDefinitionIndexSha256=3307ecc7133255c87b9aa0fba340647466b5a093987fb7f93cfc4b40d84af77b; Structural/static source-derived candidate only. The exported_file is the shared machine definition-index evidence, not a visual or renderer asset export. It is not an authoritative original-runtime baseline and establishes no runtime reachability, placement, asset usage, visual appearance, renderer suitability, human or owner acceptance, strict completion, or publication."
swf-definition-00959,176,,structural-shape-definition-candidate,source-assets/flash/HELP MATH_ORIGINAL FILES/HELP_COURSES/ELMGR5/L4/IN/L4IN18.swf,,migrations/course-g05-l04-in-018/audit/machine/g5-l4-pre-runtime-swf-definition-inventory.csv,3307ecc7133255c87b9aa0fba340647466b5a093987fb7f93cfc4b40d84af77b,CSV definition-index record for DefineShape3,,,"projection only; no asset bytes exported, transformed, redrawn, or generated",machine-extracted-structural-candidate,owner-provided SWF,"container=root; definitionDepth=0; tagOrdinal=959; payloadBytes=219; rawTagPayloadSha256=54d2c1b870c32a8655708b595edca8ec47bda798c099aa10b79d80ece516e589; exactTagIdentitySha256=5af0f8c5f431c1e85f9f274e58b10fd2f4288d25e51b006220d97772e31308e4; runtime reachability unresolved; placement and bounds unresolved; renderer suitability unresolved; machineDefinitionIndexSha256=3307ecc7133255c87b9aa0fba340647466b5a093987fb7f93cfc4b40d84af77b; Structural/static source-derived candidate only. The exported_file is the shared machine definition-index evidence, not a visual or renderer asset export. It is not an authoritative original-runtime baseline and establishes no runtime reachability, placement, asset usage, visual appearance, renderer suitability, human or owner acceptance, strict completion, or publication."
swf-definition-00960,177,,structural-sprite-definition-candidate,source-assets/flash/HELP MATH_ORIGINAL FILES/HELP_COURSES/ELMGR5/L4/IN/L4IN18.swf,,migrations/course-g05-l04-in-018/audit/machine/g5-l4-pre-runtime-swf-definition-inventory.csv,3307ecc7133255c87b9aa0fba340647466b5a093987fb7f93cfc4b40d84af77b,CSV definition-index record for DefineSprite,,,"projection only; no asset bytes exported, transformed, redrawn, or generated",machine-extracted-structural-candidate,owner-provided SWF,"container=root; definitionDepth=0; tagOrdinal=960; payloadBytes=11978; rawTagPayloadSha256=6fe71a76c0348f30bf0de9253ef3a9c6639b58d5bfb32397e09464cfbc7cf49a; exactTagIdentitySha256=d06622fd6b68a375273a47421c44951bdf4aad6b58968915983fe42bcacc823a; declaredFrameCount=27; runtime reachability unresolved; placement and bounds unresolved; renderer suitability unresolved; machineDefinitionIndexSha256=3307ecc7133255c87b9aa0fba340647466b5a093987fb7f93cfc4b40d84af77b; Structural/static source-derived candidate only. The exported_file is the shared machine definition-index evidence, not a visual or renderer asset export. It is not an authoritative original-runtime baseline and establishes no runtime reachability, placement, asset usage, visual appearance, renderer suitability, human or owner acceptance, strict completion, or publication."
swf-definition-01081,178,,structural-shape-definition-candidate,source-assets/flash/HELP MATH_ORIGINAL FILES/HELP_COURSES/ELMGR5/L4/IN/L4IN18.swf,,migrations/course-g05-l04-in-018/audit/machine/g5-l4-pre-runtime-swf-definition-inventory.csv,3307ecc7133255c87b9aa0fba340647466b5a093987fb7f93cfc4b40d84af77b,CSV definition-index record for DefineShape,,,"projection only; no asset bytes exported, transformed, redrawn, or generated",machine-extracted-structural-candidate,owner-provided SWF,"container=root; definitionDepth=0; tagOrdinal=1081; payloadBytes=40; rawTagPayloadSha256=34c03360f8cd4c1457216c1e569b970da5fb5cc3597399ac1b05096eec8a112b; exactTagIdentitySha256=5552332019df77fdfd6064e9a23374eb8701a615e2a3dca92fb27b6ef300c27c; runtime reachability unresolved; placement and bounds unresolved; renderer suitability unresolved; machineDefinitionIndexSha256=3307ecc7133255c87b9aa0fba340647466b5a093987fb7f93cfc4b40d84af77b; Structural/static source-derived candidate only. The exported_file is the shared machine definition-index evidence, not a visual or renderer asset export. It is not an authoritative original-runtime baseline and establishes no runtime reachability, placement, asset usage, visual appearance, renderer suitability, human or owner acceptance, strict completion, or publication."
swf-definition-01082,179,,structural-text-definition-candidate,source-assets/flash/HELP MATH_ORIGINAL FILES/HELP_COURSES/ELMGR5/L4/IN/L4IN18.swf,,migrations/course-g05-l04-in-018/audit/machine/g5-l4-pre-runtime-swf-definition-inventory.csv,3307ecc7133255c87b9aa0fba340647466b5a093987fb7f93cfc4b40d84af77b,CSV definition-index record for DefineText,,,"projection only; no asset bytes exported, transformed, redrawn, or generated",machine-extracted-structural-candidate,owner-provided SWF,"container=root; definitionDepth=0; tagOrdinal=1082; payloadBytes=57; rawTagPayloadSha256=933925fddbd49cb780e1ea11801c9005018da29ce9e7dfc7e98e6f932fbd5497; exactTagIdentitySha256=1bcbbbeaf279eba2ee14c5ff412c11e3b7a3d3dd18cdfbe9566946ca9e9ae3f0; runtime reachability unresolved; placement and bounds unresolved; renderer suitability unresolved; machineDefinitionIndexSha256=3307ecc7133255c87b9aa0fba340647466b5a093987fb7f93cfc4b40d84af77b; Structural/static source-derived candidate only. The exported_file is the shared machine definition-index evidence, not a visual or renderer asset export. It is not an authoritative original-runtime baseline and establishes no runtime reachability, placement, asset usage, visual appearance, renderer suitability, human or owner acceptance, strict completion, or publication."
swf-definition-01083,180,,structural-shape-definition-candidate,source-assets/flash/HELP MATH_ORIGINAL FILES/HELP_COURSES/ELMGR5/L4/IN/L4IN18.swf,,migrations/course-g05-l04-in-018/audit/machine/g5-l4-pre-runtime-swf-definition-inventory.csv,3307ecc7133255c87b9aa0fba340647466b5a093987fb7f93cfc4b40d84af77b,CSV definition-index record for DefineShape2,,,"projection only; no asset bytes exported, transformed, redrawn, or generated",machine-extracted-structural-candidate,owner-provided SWF,"container=root; definitionDepth=0; tagOrdinal=1083; payloadBytes=55; rawTagPayloadSha256=ecc43754acdaa25c8966a08fff3aa7377d72d8f25a6deac634bb1819ff302cfe; exactTagIdentitySha256=a3f889c0ad5f6f3e6483239971802e54ac0d51a9f4ec3a597e6dd892713c9649; runtime reachability unresolved; placement and bounds unresolved; renderer suitability unresolved; machineDefinitionIndexSha256=3307ecc7133255c87b9aa0fba340647466b5a093987fb7f93cfc4b40d84af77b; Structural/static source-derived candidate only. The exported_file is the shared machine definition-index evidence, not a visual or renderer asset export. It is not an authoritative original-runtime baseline and establishes no runtime reachability, placement, asset usage, visual appearance, renderer suitability, human or owner acceptance, strict completion, or publication."
swf-definition-01084,181,,structural-text-definition-candidate,source-assets/flash/HELP MATH_ORIGINAL FILES/HELP_COURSES/ELMGR5/L4/IN/L4IN18.swf,,migrations/course-g05-l04-in-018/audit/machine/g5-l4-pre-runtime-swf-definition-inventory.csv,3307ecc7133255c87b9aa0fba340647466b5a093987fb7f93cfc4b40d84af77b,CSV definition-index record for DefineText,,,"projection only; no asset bytes exported, transformed, redrawn, or generated",machine-extracted-structural-candidate,owner-provided SWF,"container=root; definitionDepth=0; tagOrdinal=1084; payloadBytes=37; rawTagPayloadSha256=e00a363867084f5d071f8d59025935659d9cebea46d1388db1a5f506a6505442; exactTagIdentitySha256=697bc419fa32cd8f8c6b7c3b50b4a82364e114d1457e5f71aaac962fb7cb461f; runtime reachability unresolved; placement and bounds unresolved; renderer suitability unresolved; machineDefinitionIndexSha256=3307ecc7133255c87b9aa0fba340647466b5a093987fb7f93cfc4b40d84af77b; Structural/static source-derived candidate only. The exported_file is the shared machine definition-index evidence, not a visual or renderer asset export. It is not an authoritative original-runtime baseline and establishes no runtime reachability, placement, asset usage, visual appearance, renderer suitability, human or owner acceptance, strict completion, or publication."
swf-definition-01085,182,,structural-shape-definition-candidate,source-assets/flash/HELP MATH_ORIGINAL FILES/HELP_COURSES/ELMGR5/L4/IN/L4IN18.swf,,migrations/course-g05-l04-in-018/audit/machine/g5-l4-pre-runtime-swf-definition-inventory.csv,3307ecc7133255c87b9aa0fba340647466b5a093987fb7f93cfc4b40d84af77b,CSV definition-index record for DefineShape,,,"projection only; no asset bytes exported, transformed, redrawn, or generated",machine-extracted-structural-candidate,owner-provided SWF,"container=root; definitionDepth=0; tagOrdinal=1085; payloadBytes=64; rawTagPayloadSha256=10a60999a9fcf34ce964f04780cdd356641482502a97cc970f87932ff5f896fe; exactTagIdentitySha256=244ceea2cb939d084225d0f81ea3dca7b068e0561a68cef89c1677694c0d17e9; runtime reachability unresolved; placement and bounds unresolved; renderer suitability unresolved; machineDefinitionIndexSha256=3307ecc7133255c87b9aa0fba340647466b5a093987fb7f93cfc4b40d84af77b; Structural/static source-derived candidate only. The exported_file is the shared machine definition-index evidence, not a visual or renderer asset export. It is not an authoritative original-runtime baseline and establishes no runtime reachability, placement, asset usage, visual appearance, renderer suitability, human or owner acceptance, strict completion, or publication."
swf-definition-01086,183,,structural-shape-definition-candidate,source-assets/flash/HELP MATH_ORIGINAL FILES/HELP_COURSES/ELMGR5/L4/IN/L4IN18.swf,,migrations/course-g05-l04-in-018/audit/machine/g5-l4-pre-runtime-swf-definition-inventory.csv,3307ecc7133255c87b9aa0fba340647466b5a093987fb7f93cfc4b40d84af77b,CSV definition-index record for DefineShape2,,,"projection only; no asset bytes exported, transformed, redrawn, or generated",machine-extracted-structural-candidate,owner-provided SWF,"container=root; definitionDepth=0; tagOrdinal=1086; payloadBytes=286; rawTagPayloadSha256=73c5ff85edaac0be6cc17ec6f8ff717b8438e7fdc4120427206e00f0ae25dfbf; exactTagIdentitySha256=0880e636d69c04dcf883a5155f984d7ca7e548939c96be35bbdd5ea6ad54a6d2; runtime reachability unresolved; placement and bounds unresolved; renderer suitability unresolved; machineDefinitionIndexSha256=3307ecc7133255c87b9aa0fba340647466b5a093987fb7f93cfc4b40d84af77b; Structural/static source-derived candidate only. The exported_file is the shared machine definition-index evidence, not a visual or renderer asset export. It is not an authoritative original-runtime baseline and establishes no runtime reachability, placement, asset usage, visual appearance, renderer suitability, human or owner acceptance, strict completion, or publication."
swf-definition-01087,184,,structural-shape-definition-candidate,source-assets/flash/HELP MATH_ORIGINAL FILES/HELP_COURSES/ELMGR5/L4/IN/L4IN18.swf,,migrations/course-g05-l04-in-018/audit/machine/g5-l4-pre-runtime-swf-definition-inventory.csv,3307ecc7133255c87b9aa0fba340647466b5a093987fb7f93cfc4b40d84af77b,CSV definition-index record for DefineShape2,,,"projection only; no asset bytes exported, transformed, redrawn, or generated",machine-extracted-structural-candidate,owner-provided SWF,"container=root; definitionDepth=0; tagOrdinal=1087; payloadBytes=289; rawTagPayloadSha256=cf7fb0d1ab0392ac40839eb9280aff35d1ac6ae5ac155bd4860eb456766e66f1; exactTagIdentitySha256=6b47370c91b4624d43a150ee8f21ea28c859086837f6bacc0220540539b6a1fe; runtime reachability unresolved; placement and bounds unresolved; renderer suitability unresolved; machineDefinitionIndexSha256=3307ecc7133255c87b9aa0fba340647466b5a093987fb7f93cfc4b40d84af77b; Structural/static source-derived candidate only. The exported_file is the shared machine definition-index evidence, not a visual or renderer asset export. It is not an authoritative original-runtime baseline and establishes no runtime reachability, placement, asset usage, visual appearance, renderer suitability, human or owner acceptance, strict completion, or publication."
swf-definition-01088,185,,structural-shape-definition-candidate,source-assets/flash/HELP MATH_ORIGINAL FILES/HELP_COURSES/ELMGR5/L4/IN/L4IN18.swf,,migrations/course-g05-l04-in-018/audit/machine/g5-l4-pre-runtime-swf-definition-inventory.csv,3307ecc7133255c87b9aa0fba340647466b5a093987fb7f93cfc4b40d84af77b,CSV definition-index record for DefineShape2,,,"projection only; no asset bytes exported, transformed, redrawn, or generated",machine-extracted-structural-candidate,owner-provided SWF,"container=root; definitionDepth=0; tagOrdinal=1088; payloadBytes=339; rawTagPayloadSha256=be4ced995bebbc1fe351728c4465958029c90afcc862ed6b136c3e490f4f731f; exactTagIdentitySha256=ee9c0b4d723d98fe478986ff04b2beb11eafccc9edcded2958ad33ad5e7aa8c6; runtime reachability unresolved; placement and bounds unresolved; renderer suitability unresolved; machineDefinitionIndexSha256=3307ecc7133255c87b9aa0fba340647466b5a093987fb7f93cfc4b40d84af77b; Structural/static source-derived candidate only. The exported_file is the shared machine definition-index evidence, not a visual or renderer asset export. It is not an authoritative original-runtime baseline and establishes no runtime reachability, placement, asset usage, visual appearance, renderer suitability, human or owner acceptance, strict completion, or publication."
swf-definition-01089,186,,structural-shape-definition-candidate,source-assets/flash/HELP MATH_ORIGINAL FILES/HELP_COURSES/ELMGR5/L4/IN/L4IN18.swf,,migrations/course-g05-l04-in-018/audit/machine/g5-l4-pre-runtime-swf-definition-inventory.csv,3307ecc7133255c87b9aa0fba340647466b5a093987fb7f93cfc4b40d84af77b,CSV definition-index record for DefineShape,,,"projection only; no asset bytes exported, transformed, redrawn, or generated",machine-extracted-structural-candidate,owner-provided SWF,"container=root; definitionDepth=0; tagOrdinal=1089; payloadBytes=34; rawTagPayloadSha256=00291d83d73b1382b359709a88f16e7fbc75b698bc801b33881ea85cbb2dc42d; exactTagIdentitySha256=84898e4abb03d7c403bb6b9d1cdfdb409c9ee62eecb8e78d9878ba2b51f2640d; runtime reachability unresolved; placement and bounds unresolved; renderer suitability unresolved; machineDefinitionIndexSha256=3307ecc7133255c87b9aa0fba340647466b5a093987fb7f93cfc4b40d84af77b; Structural/static source-derived candidate only. The exported_file is the shared machine definition-index evidence, not a visual or renderer asset export. It is not an authoritative original-runtime baseline and establishes no runtime reachability, placement, asset usage, visual appearance, renderer suitability, human or owner acceptance, strict completion, or publication."
swf-definition-01090,187,,structural-sprite-definition-candidate,source-assets/flash/HELP MATH_ORIGINAL FILES/HELP_COURSES/ELMGR5/L4/IN/L4IN18.swf,,migrations/course-g05-l04-in-018/audit/machine/g5-l4-pre-runtime-swf-definition-inventory.csv,3307ecc7133255c87b9aa0fba340647466b5a093987fb7f93cfc4b40d84af77b,CSV definition-index record for DefineSprite,,,"projection only; no asset bytes exported, transformed, redrawn, or generated",machine-extracted-structural-candidate,owner-provided SWF,"container=root; definitionDepth=0; tagOrdinal=1090; payloadBytes=2040; rawTagPayloadSha256=7beafd20da92f902043e16805ce13c2f481723b47135bf5294101cdf01de15d8; exactTagIdentitySha256=948645eba40642223c92e7536d95829e25d75806f7734853d92045d4a2e74d57; declaredFrameCount=5; runtime reachability unresolved; placement and bounds unresolved; renderer suitability unresolved; machineDefinitionIndexSha256=3307ecc7133255c87b9aa0fba340647466b5a093987fb7f93cfc4b40d84af77b; Structural/static source-derived candidate only. The exported_file is the shared machine definition-index evidence, not a visual or renderer asset export. It is not an authoritative original-runtime baseline and establishes no runtime reachability, placement, asset usage, visual appearance, renderer suitability, human or owner acceptance, strict completion, or publication."
swf-definition-01105,188,,structural-button-definition-candidate,source-assets/flash/HELP MATH_ORIGINAL FILES/HELP_COURSES/ELMGR5/L4/IN/L4IN18.swf,,migrations/course-g05-l04-in-018/audit/machine/g5-l4-pre-runtime-swf-definition-inventory.csv,3307ecc7133255c87b9aa0fba340647466b5a093987fb7f93cfc4b40d84af77b,CSV definition-index record for DefineButton2,,,"projection only; no asset bytes exported, transformed, redrawn, or generated",machine-extracted-structural-candidate,owner-provided SWF,"container=root; definitionDepth=0; tagOrdinal=1105; payloadBytes=264; rawTagPayloadSha256=1a576ea11ef4c915fefd554f98fa08036c2203d90a78a0a3291c90cc28b93bfb; exactTagIdentitySha256=3124dd08a508df1a692c5d067fbae1248778fe353aa21e6449ecaf7955fc580e; runtime reachability unresolved; placement and bounds unresolved; renderer suitability unresolved; machineDefinitionIndexSha256=3307ecc7133255c87b9aa0fba340647466b5a093987fb7f93cfc4b40d84af77b; Structural/static source-derived candidate only. The exported_file is the shared machine definition-index evidence, not a visual or renderer asset export. It is not an authoritative original-runtime baseline and establishes no runtime reachability, placement, asset usage, visual appearance, renderer suitability, human or owner acceptance, strict completion, or publication."
swf-definition-01106,189,,structural-sprite-definition-candidate,source-assets/flash/HELP MATH_ORIGINAL FILES/HELP_COURSES/ELMGR5/L4/IN/L4IN18.swf,,migrations/course-g05-l04-in-018/audit/machine/g5-l4-pre-runtime-swf-definition-inventory.csv,3307ecc7133255c87b9aa0fba340647466b5a093987fb7f93cfc4b40d84af77b,CSV definition-index record for DefineSprite,,,"projection only; no asset bytes exported, transformed, redrawn, or generated",machine-extracted-structural-candidate,owner-provided SWF,"container=root; definitionDepth=0; tagOrdinal=1106; payloadBytes=6411; rawTagPayloadSha256=47583632f8cf6fe9229378840f4a35661537b0b23adb6c24f098652e88f7f740; exactTagIdentitySha256=052a5f69138b5ff917af4c9bd4df94d8e39d37a4063f09e1ec63823eb68dd36b; declaredFrameCount=15; runtime reachability unresolved; placement and bounds unresolved; renderer suitability unresolved; machineDefinitionIndexSha256=3307ecc7133255c87b9aa0fba340647466b5a093987fb7f93cfc4b40d84af77b; Structural/static source-derived candidate only. The exported_file is the shared machine definition-index evidence, not a visual or renderer asset export. It is not an authoritative original-runtime baseline and establishes no runtime reachability, placement, asset usage, visual appearance, renderer suitability, human or owner acceptance, strict completion, or publication."
swf-definition-01144,190,,structural-shape-definition-candidate,source-assets/flash/HELP MATH_ORIGINAL FILES/HELP_COURSES/ELMGR5/L4/IN/L4IN18.swf,,migrations/course-g05-l04-in-018/audit/machine/g5-l4-pre-runtime-swf-definition-inventory.csv,3307ecc7133255c87b9aa0fba340647466b5a093987fb7f93cfc4b40d84af77b,CSV definition-index record for DefineShape,,,"projection only; no asset bytes exported, transformed, redrawn, or generated",machine-extracted-structural-candidate,owner-provided SWF,"container=root; definitionDepth=0; tagOrdinal=1144; payloadBytes=143; rawTagPayloadSha256=400c5f9197fbe94d6ce73b09acddad23b2e1a3c6946994e372ec7039c0db1206; exactTagIdentitySha256=d66b22bddd0ba8e953fcae61d4c37337628e9d1da9e643ab397bf7fc00214eba; runtime reachability unresolved; placement and bounds unresolved; renderer suitability unresolved; machineDefinitionIndexSha256=3307ecc7133255c87b9aa0fba340647466b5a093987fb7f93cfc4b40d84af77b; Structural/static source-derived candidate only. The exported_file is the shared machine definition-index evidence, not a visual or renderer asset export. It is not an authoritative original-runtime baseline and establishes no runtime reachability, placement, asset usage, visual appearance, renderer suitability, human or owner acceptance, strict completion, or publication."
swf-definition-01145,191,,structural-button-definition-candidate,source-assets/flash/HELP MATH_ORIGINAL FILES/HELP_COURSES/ELMGR5/L4/IN/L4IN18.swf,,migrations/course-g05-l04-in-018/audit/machine/g5-l4-pre-runtime-swf-definition-inventory.csv,3307ecc7133255c87b9aa0fba340647466b5a093987fb7f93cfc4b40d84af77b,CSV definition-index record for DefineButton2,,,"projection only; no asset bytes exported, transformed, redrawn, or generated",machine-extracted-structural-candidate,owner-provided SWF,"container=root; definitionDepth=0; tagOrdinal=1145; payloadBytes=76; rawTagPayloadSha256=7a6a963d641ea496a7a800388903e5dfb0d6f7d484158e7606e856130428e25a; exactTagIdentitySha256=88fc57fa66bd1ab688fb0313815f6665c231188a84cc0ff864bde3cdaba3dffb; runtime reachability unresolved; placement and bounds unresolved; renderer suitability unresolved; machineDefinitionIndexSha256=3307ecc7133255c87b9aa0fba340647466b5a093987fb7f93cfc4b40d84af77b; Structural/static source-derived candidate only. The exported_file is the shared machine definition-index evidence, not a visual or renderer asset export. It is not an authoritative original-runtime baseline and establishes no runtime reachability, placement, asset usage, visual appearance, renderer suitability, human or owner acceptance, strict completion, or publication."
swf-definition-01146,192,,structural-text-definition-candidate,source-assets/flash/HELP MATH_ORIGINAL FILES/HELP_COURSES/ELMGR5/L4/IN/L4IN18.swf,,migrations/course-g05-l04-in-018/audit/machine/g5-l4-pre-runtime-swf-definition-inventory.csv,3307ecc7133255c87b9aa0fba340647466b5a093987fb7f93cfc4b40d84af77b,CSV definition-index record for DefineText,,,"projection only; no asset bytes exported, transformed, redrawn, or generated",machine-extracted-structural-candidate,owner-provided SWF,"container=root; definitionDepth=0; tagOrdinal=1146; payloadBytes=25; rawTagPayloadSha256=c922d54a561bb36143a06652f1c3e2a7e202b8774adef662929b8222817d9c6c; exactTagIdentitySha256=e9221b2f9f614f2bff6d82042ff622c78d4e11b63521202edb4c2c793d1ded49; runtime reachability unresolved; placement and bounds unresolved; renderer suitability unresolved; machineDefinitionIndexSha256=3307ecc7133255c87b9aa0fba340647466b5a093987fb7f93cfc4b40d84af77b; Structural/static source-derived candidate only. The exported_file is the shared machine definition-index evidence, not a visual or renderer asset export. It is not an authoritative original-runtime baseline and establishes no runtime reachability, placement, asset usage, visual appearance, renderer suitability, human or owner acceptance, strict completion, or publication."
swf-definition-01147,193,,structural-text-definition-candidate,source-assets/flash/HELP MATH_ORIGINAL FILES/HELP_COURSES/ELMGR5/L4/IN/L4IN18.swf,,migrations/course-g05-l04-in-018/audit/machine/g5-l4-pre-runtime-swf-definition-inventory.csv,3307ecc7133255c87b9aa0fba340647466b5a093987fb7f93cfc4b40d84af77b,CSV definition-index record for DefineText,,,"projection only; no asset bytes exported, transformed, redrawn, or generated",machine-extracted-structural-candidate,owner-provided SWF,"container=root; definitionDepth=0; tagOrdinal=1147; payloadBytes=27; rawTagPayloadSha256=15269e540e29de4bab17e557896f009e61788848572c3487b56e9b8f82aac84e; exactTagIdentitySha256=98ae10f5b741363a6bfa64cac30f5ef1d1655e5541012dc4443797bb47c640b4; runtime reachability unresolved; placement and bounds unresolved; renderer suitability unresolved; machineDefinitionIndexSha256=3307ecc7133255c87b9aa0fba340647466b5a093987fb7f93cfc4b40d84af77b; Structural/static source-derived candidate only. The exported_file is the shared machine definition-index evidence, not a visual or renderer asset export. It is not an authoritative original-runtime baseline and establishes no runtime reachability, placement, asset usage, visual appearance, renderer suitability, human or owner acceptance, strict completion, or publication."
swf-definition-01148,194,,structural-shape-definition-candidate,source-assets/flash/HELP MATH_ORIGINAL FILES/HELP_COURSES/ELMGR5/L4/IN/L4IN18.swf,,migrations/course-g05-l04-in-018/audit/machine/g5-l4-pre-runtime-swf-definition-inventory.csv,3307ecc7133255c87b9aa0fba340647466b5a093987fb7f93cfc4b40d84af77b,CSV definition-index record for DefineShape,,,"projection only; no asset bytes exported, transformed, redrawn, or generated",machine-extracted-structural-candidate,owner-provided SWF,"container=root; definitionDepth=0; tagOrdinal=1148; payloadBytes=26; rawTagPayloadSha256=f471b17bf79060d2d6b1753c6f521818fba427bd0be853ed972e1c8cfaee8c93; exactTagIdentitySha256=425478bc521e0ae14c167bc7d3702718d91e82c3cfa7e086a4120cb0665601dd; runtime reachability unresolved; placement and bounds unresolved; renderer suitability unresolved; machineDefinitionIndexSha256=3307ecc7133255c87b9aa0fba340647466b5a093987fb7f93cfc4b40d84af77b; Structural/static source-derived candidate only. The exported_file is the shared machine definition-index evidence, not a visual or renderer asset export. It is not an authoritative original-runtime baseline and establishes no runtime reachability, placement, asset usage, visual appearance, renderer suitability, human or owner acceptance, strict completion, or publication."
swf-definition-01149,195,,structural-text-definition-candidate,source-assets/flash/HELP MATH_ORIGINAL FILES/HELP_COURSES/ELMGR5/L4/IN/L4IN18.swf,,migrations/course-g05-l04-in-018/audit/machine/g5-l4-pre-runtime-swf-definition-inventory.csv,3307ecc7133255c87b9aa0fba340647466b5a093987fb7f93cfc4b40d84af77b,CSV definition-index record for DefineText,,,"projection only; no asset bytes exported, transformed, redrawn, or generated",machine-extracted-structural-candidate,owner-provided SWF,"container=root; definitionDepth=0; tagOrdinal=1149; payloadBytes=29; rawTagPayloadSha256=cf05688447c5e8c654e3705e6fbb5b085f63570b8dcfe8cc87b72f5fed9f0164; exactTagIdentitySha256=a87f262751683d5c88c1bdea94c1b208dffcf92d965a2417e457cd98289a7b72; runtime reachability unresolved; placement and bounds unresolved; renderer suitability unresolved; machineDefinitionIndexSha256=3307ecc7133255c87b9aa0fba340647466b5a093987fb7f93cfc4b40d84af77b; Structural/static source-derived candidate only. The exported_file is the shared machine definition-index evidence, not a visual or renderer asset export. It is not an authoritative original-runtime baseline and establishes no runtime reachability, placement, asset usage, visual appearance, renderer suitability, human or owner acceptance, strict completion, or publication."
swf-definition-01150,196,,structural-shape-definition-candidate,source-assets/flash/HELP MATH_ORIGINAL FILES/HELP_COURSES/ELMGR5/L4/IN/L4IN18.swf,,migrations/course-g05-l04-in-018/audit/machine/g5-l4-pre-runtime-swf-definition-inventory.csv,3307ecc7133255c87b9aa0fba340647466b5a093987fb7f93cfc4b40d84af77b,CSV definition-index record for DefineShape,,,"projection only; no asset bytes exported, transformed, redrawn, or generated",machine-extracted-structural-candidate,owner-provided SWF,"container=root; definitionDepth=0; tagOrdinal=1150; payloadBytes=26; rawTagPayloadSha256=39cd3c16bfd27eaedaa3140a120c73a8a20e142f83f65a9f62025c870166c391; exactTagIdentitySha256=ea9b6d9e25c49e652730375771b8013d4ce668ebb92fae6f2e4d00920f275068; runtime reachability unresolved; placement and bounds unresolved; renderer suitability unresolved; machineDefinitionIndexSha256=3307ecc7133255c87b9aa0fba340647466b5a093987fb7f93cfc4b40d84af77b; Structural/static source-derived candidate only. The exported_file is the shared machine definition-index evidence, not a visual or renderer asset export. It is not an authoritative original-runtime baseline and establishes no runtime reachability, placement, asset usage, visual appearance, renderer suitability, human or owner acceptance, strict completion, or publication."
swf-definition-01151,197,,structural-text-definition-candidate,source-assets/flash/HELP MATH_ORIGINAL FILES/HELP_COURSES/ELMGR5/L4/IN/L4IN18.swf,,migrations/course-g05-l04-in-018/audit/machine/g5-l4-pre-runtime-swf-definition-inventory.csv,3307ecc7133255c87b9aa0fba340647466b5a093987fb7f93cfc4b40d84af77b,CSV definition-index record for DefineText,,,"projection only; no asset bytes exported, transformed, redrawn, or generated",machine-extracted-structural-candidate,owner-provided SWF,"container=root; definitionDepth=0; tagOrdinal=1151; payloadBytes=25; rawTagPayloadSha256=afbd6a88301caf126076766a7fcf12adbbd9d412e30f4800cda9cd90e06e157e; exactTagIdentitySha256=f6fa339241e4ad2d21cc533ce46d5d333d46735132e6c2e6039fe6e8e7671e47; runtime reachability unresolved; placement and bounds unresolved; renderer suitability unresolved; machineDefinitionIndexSha256=3307ecc7133255c87b9aa0fba340647466b5a093987fb7f93cfc4b40d84af77b; Structural/static source-derived candidate only. The exported_file is the shared machine definition-index evidence, not a visual or renderer asset export. It is not an authoritative original-runtime baseline and establishes no runtime reachability, placement, asset usage, visual appearance, renderer suitability, human or owner acceptance, strict completion, or publication."
swf-definition-01152,198,,structural-shape-definition-candidate,source-assets/flash/HELP MATH_ORIGINAL FILES/HELP_COURSES/ELMGR5/L4/IN/L4IN18.swf,,migrations/course-g05-l04-in-018/audit/machine/g5-l4-pre-runtime-swf-definition-inventory.csv,3307ecc7133255c87b9aa0fba340647466b5a093987fb7f93cfc4b40d84af77b,CSV definition-index record for DefineShape,,,"projection only; no asset bytes exported, transformed, redrawn, or generated",machine-extracted-structural-candidate,owner-provided SWF,"container=root; definitionDepth=0; tagOrdinal=1152; payloadBytes=23; rawTagPayloadSha256=01675cd95ed2a60838e6c3e28589f2507c04743250bcd0e54c451ab3e1b03681; exactTagIdentitySha256=b124f0ce35c19e130f10bf99f9169ad3ba3a545efcab51708398a289517573a1; runtime reachability unresolved; placement and bounds unresolved; renderer suitability unresolved; machineDefinitionIndexSha256=3307ecc7133255c87b9aa0fba340647466b5a093987fb7f93cfc4b40d84af77b; Structural/static source-derived candidate only. The exported_file is the shared machine definition-index evidence, not a visual or renderer asset export. It is not an authoritative original-runtime baseline and establishes no runtime reachability, placement, asset usage, visual appearance, renderer suitability, human or owner acceptance, strict completion, or publication."
swf-definition-01153,199,,structural-shape-definition-candidate,source-assets/flash/HELP MATH_ORIGINAL FILES/HELP_COURSES/ELMGR5/L4/IN/L4IN18.swf,,migrations/course-g05-l04-in-018/audit/machine/g5-l4-pre-runtime-swf-definition-inventory.csv,3307ecc7133255c87b9aa0fba340647466b5a093987fb7f93cfc4b40d84af77b,CSV definition-index record for DefineShape,,,"projection only; no asset bytes exported, transformed, redrawn, or generated",machine-extracted-structural-candidate,owner-provided SWF,"container=root; definitionDepth=0; tagOrdinal=1153; payloadBytes=26; rawTagPayloadSha256=500fb26b4511c1e2d645db09fb83e2dcc916a6bc728a1b0f9f11f002b58dfdcd; exactTagIdentitySha256=fdfa74c2451e72b28e64c3dc1cf6dacf592452517a96407639d97b3529f6c451; runtime reachability unresolved; placement and bounds unresolved; renderer suitability unresolved; machineDefinitionIndexSha256=3307ecc7133255c87b9aa0fba340647466b5a093987fb7f93cfc4b40d84af77b; Structural/static source-derived candidate only. The exported_file is the shared machine definition-index evidence, not a visual or renderer asset export. It is not an authoritative original-runtime baseline and establishes no runtime reachability, placement, asset usage, visual appearance, renderer suitability, human or owner acceptance, strict completion, or publication."
swf-definition-01154,200,,structural-shape-definition-candidate,source-assets/flash/HELP MATH_ORIGINAL FILES/HELP_COURSES/ELMGR5/L4/IN/L4IN18.swf,,migrations/course-g05-l04-in-018/audit/machine/g5-l4-pre-runtime-swf-definition-inventory.csv,3307ecc7133255c87b9aa0fba340647466b5a093987fb7f93cfc4b40d84af77b,CSV definition-index record for DefineShape,,,"projection only; no asset bytes exported, transformed, redrawn, or generated",machine-extracted-structural-candidate,owner-provided SWF,"container=root; definitionDepth=0; tagOrdinal=1154; payloadBytes=23; rawTagPayloadSha256=dc6a6dcd7ada8f01deb41a2f3601758d8cf1f02176f0a8cd4b5de8b198e5c665; exactTagIdentitySha256=d4d760ed2b7120eb9a6c3fc8d70dfc9edb58a42f6c42978f9d34f0b24132a0ca; runtime reachability unresolved; placement and bounds unresolved; renderer suitability unresolved; machineDefinitionIndexSha256=3307ecc7133255c87b9aa0fba340647466b5a093987fb7f93cfc4b40d84af77b; Structural/static source-derived candidate only. The exported_file is the shared machine definition-index evidence, not a visual or renderer asset export. It is not an authoritative original-runtime baseline and establishes no runtime reachability, placement, asset usage, visual appearance, renderer suitability, human or owner acceptance, strict completion, or publication."
swf-definition-01155,201,,structural-sprite-definition-candidate,source-assets/flash/HELP MATH_ORIGINAL FILES/HELP_COURSES/ELMGR5/L4/IN/L4IN18.swf,,migrations/course-g05-l04-in-018/audit/machine/g5-l4-pre-runtime-swf-definition-inventory.csv,3307ecc7133255c87b9aa0fba340647466b5a093987fb7f93cfc4b40d84af77b,CSV definition-index record for DefineSprite,,,"projection only; no asset bytes exported, transformed, redrawn, or generated",machine-extracted-structural-candidate,owner-provided SWF,"container=root; definitionDepth=0; tagOrdinal=1155; payloadBytes=1125; rawTagPayloadSha256=4a462fc12da8aff359ead7b41c014cda8b96230720cc13b37c0726d8e0741557; exactTagIdentitySha256=b700bf565a7c5d6b23376bf75a1672cef4d64b145d67217d3e24798fa5abeeca; declaredFrameCount=14; runtime reachability unresolved; placement and bounds unresolved; renderer suitability unresolved; machineDefinitionIndexSha256=3307ecc7133255c87b9aa0fba340647466b5a093987fb7f93cfc4b40d84af77b; Structural/static source-derived candidate only. The exported_file is the shared machine definition-index evidence, not a visual or renderer asset export. It is not an authoritative original-runtime baseline and establishes no runtime reachability, placement, asset usage, visual appearance, renderer suitability, human or owner acceptance, strict completion, or publication."
swf-definition-01251,202,,structural-shape-definition-candidate,source-assets/flash/HELP MATH_ORIGINAL FILES/HELP_COURSES/ELMGR5/L4/IN/L4IN18.swf,,migrations/course-g05-l04-in-018/audit/machine/g5-l4-pre-runtime-swf-definition-inventory.csv,3307ecc7133255c87b9aa0fba340647466b5a093987fb7f93cfc4b40d84af77b,CSV definition-index record for DefineShape,,,"projection only; no asset bytes exported, transformed, redrawn, or generated",machine-extracted-structural-candidate,owner-provided SWF,"container=root; definitionDepth=0; tagOrdinal=1251; payloadBytes=32; rawTagPayloadSha256=8a349c5563811475fe065b13f8ff2a2a4db21a91bb3e9d87f682530fb3c3f302; exactTagIdentitySha256=da2974a73e7a080551b2ec09b7f7d6f49c890e583eff62c7a021ac5447618f54; runtime reachability unresolved; placement and bounds unresolved; renderer suitability unresolved; machineDefinitionIndexSha256=3307ecc7133255c87b9aa0fba340647466b5a093987fb7f93cfc4b40d84af77b; Structural/static source-derived candidate only. The exported_file is the shared machine definition-index evidence, not a visual or renderer asset export. It is not an authoritative original-runtime baseline and establishes no runtime reachability, placement, asset usage, visual appearance, renderer suitability, human or owner acceptance, strict completion, or publication."
swf-definition-01252,203,,structural-button-definition-candidate,source-assets/flash/HELP MATH_ORIGINAL FILES/HELP_COURSES/ELMGR5/L4/IN/L4IN18.swf,,migrations/course-g05-l04-in-018/audit/machine/g5-l4-pre-runtime-swf-definition-inventory.csv,3307ecc7133255c87b9aa0fba340647466b5a093987fb7f93cfc4b40d84af77b,CSV definition-index record for DefineButton2,,,"projection only; no asset bytes exported, transformed, redrawn, or generated",machine-extracted-structural-candidate,owner-provided SWF,"container=root; definitionDepth=0; tagOrdinal=1252; payloadBytes=201; rawTagPayloadSha256=6b5a04071f2ba509843e1fdf19397a5de63fdf7e0178de2b4588c60ef5f0f1cc; exactTagIdentitySha256=63c488b0102e3cbbede87fbf7c2f87229acf88608a3d3b1d959fe7178ad54ca9; runtime reachability unresolved; placement and bounds unresolved; renderer suitability unresolved; machineDefinitionIndexSha256=3307ecc7133255c87b9aa0fba340647466b5a093987fb7f93cfc4b40d84af77b; Structural/static source-derived candidate only. The exported_file is the shared machine definition-index evidence, not a visual or renderer asset export. It is not an authoritative original-runtime baseline and establishes no runtime reachability, placement, asset usage, visual appearance, renderer suitability, human or owner acceptance, strict completion, or publication."
swf-definition-01253,204,,structural-button-definition-candidate,source-assets/flash/HELP MATH_ORIGINAL FILES/HELP_COURSES/ELMGR5/L4/IN/L4IN18.swf,,migrations/course-g05-l04-in-018/audit/machine/g5-l4-pre-runtime-swf-definition-inventory.csv,3307ecc7133255c87b9aa0fba340647466b5a093987fb7f93cfc4b40d84af77b,CSV definition-index record for DefineButton2,,,"projection only; no asset bytes exported, transformed, redrawn, or generated",machine-extracted-structural-candidate,owner-provided SWF,"container=root; definitionDepth=0; tagOrdinal=1253; payloadBytes=189; rawTagPayloadSha256=594ee2c202688da6cceaaaf6dbd225e53ab11bb58063f5eba0c00d3150f91ca4; exactTagIdentitySha256=559abb8ecd15c653ca2457b25466346c3891151731d258f08d9b9e35db69cad1; runtime reachability unresolved; placement and bounds unresolved; renderer suitability unresolved; machineDefinitionIndexSha256=3307ecc7133255c87b9aa0fba340647466b5a093987fb7f93cfc4b40d84af77b; Structural/static source-derived candidate only. The exported_file is the shared machine definition-index evidence, not a visual or renderer asset export. It is not an authoritative original-runtime baseline and establishes no runtime reachability, placement, asset usage, visual appearance, renderer suitability, human or owner acceptance, strict completion, or publication."
swf-definition-01254,205,,structural-shape-definition-candidate,source-assets/flash/HELP MATH_ORIGINAL FILES/HELP_COURSES/ELMGR5/L4/IN/L4IN18.swf,,migrations/course-g05-l04-in-018/audit/machine/g5-l4-pre-runtime-swf-definition-inventory.csv,3307ecc7133255c87b9aa0fba340647466b5a093987fb7f93cfc4b40d84af77b,CSV definition-index record for DefineShape2,,,"projection only; no asset bytes exported, transformed, redrawn, or generated",machine-extracted-structural-candidate,owner-provided SWF,"container=root; definitionDepth=0; tagOrdinal=1254; payloadBytes=105; rawTagPayloadSha256=4259922b157e86d62c4cf24c21b4574ae3db0beff1b8e2091a2cf9d32188ed12; exactTagIdentitySha256=dfc18f58b89db604596995a22b899c0206483407d0e40e54f4636021d6902d90; runtime reachability unresolved; placement and bounds unresolved; renderer suitability unresolved; machineDefinitionIndexSha256=3307ecc7133255c87b9aa0fba340647466b5a093987fb7f93cfc4b40d84af77b; Structural/static source-derived candidate only. The exported_file is the shared machine definition-index evidence, not a visual or renderer asset export. It is not an authoritative original-runtime baseline and establishes no runtime reachability, placement, asset usage, visual appearance, renderer suitability, human or owner acceptance, strict completion, or publication."
swf-definition-01255,206,,structural-button-definition-candidate,source-assets/flash/HELP MATH_ORIGINAL FILES/HELP_COURSES/ELMGR5/L4/IN/L4IN18.swf,,migrations/course-g05-l04-in-018/audit/machine/g5-l4-pre-runtime-swf-definition-inventory.csv,3307ecc7133255c87b9aa0fba340647466b5a093987fb7f93cfc4b40d84af77b,CSV definition-index record for DefineButton2,,,"projection only; no asset bytes exported, transformed, redrawn, or generated",machine-extracted-structural-candidate,owner-provided SWF,"container=root; definitionDepth=0; tagOrdinal=1255; payloadBytes=76; rawTagPayloadSha256=0be6a1f7add418d5087e2d68b91586c0981e7e6bbf0a52e1bc4b729246d2baa6; exactTagIdentitySha256=e68f05fdd0d02bc5f59e0c46c9fe10aea55bcaec7461c5521da5a2887083ed8e; runtime reachability unresolved; placement and bounds unresolved; renderer suitability unresolved; machineDefinitionIndexSha256=3307ecc7133255c87b9aa0fba340647466b5a093987fb7f93cfc4b40d84af77b; Structural/static source-derived candidate only. The exported_file is the shared machine definition-index evidence, not a visual or renderer asset export. It is not an authoritative original-runtime baseline and establishes no runtime reachability, placement, asset usage, visual appearance, renderer suitability, human or owner acceptance, strict completion, or publication."
swf-definition-01256,207,,structural-shape-definition-candidate,source-assets/flash/HELP MATH_ORIGINAL FILES/HELP_COURSES/ELMGR5/L4/IN/L4IN18.swf,,migrations/course-g05-l04-in-018/audit/machine/g5-l4-pre-runtime-swf-definition-inventory.csv,3307ecc7133255c87b9aa0fba340647466b5a093987fb7f93cfc4b40d84af77b,CSV definition-index record for DefineShape2,,,"projection only; no asset bytes exported, transformed, redrawn, or generated",machine-extracted-structural-candidate,owner-provided SWF,"container=root; definitionDepth=0; tagOrdinal=1256; payloadBytes=153; rawTagPayloadSha256=402f0e3ee2530d2b1d111208af52fef37f82279d664fa99f43a74682c2ba14d9; exactTagIdentitySha256=9e06ae9b588577d3c246e55a894e5b5902b78e8118c47448e134851f03a014c7; runtime reachability unresolved; placement and bounds unresolved; renderer suitability unresolved; machineDefinitionIndexSha256=3307ecc7133255c87b9aa0fba340647466b5a093987fb7f93cfc4b40d84af77b; Structural/static source-derived candidate only. The exported_file is the shared machine definition-index evidence, not a visual or renderer asset export. It is not an authoritative original-runtime baseline and establishes no runtime reachability, placement, asset usage, visual appearance, renderer suitability, human or owner acceptance, strict completion, or publication."
swf-definition-01257,208,,structural-text-definition-candidate,source-assets/flash/HELP MATH_ORIGINAL FILES/HELP_COURSES/ELMGR5/L4/IN/L4IN18.swf,,migrations/course-g05-l04-in-018/audit/machine/g5-l4-pre-runtime-swf-definition-inventory.csv,3307ecc7133255c87b9aa0fba340647466b5a093987fb7f93cfc4b40d84af77b,CSV definition-index record for DefineText,,,"projection only; no asset bytes exported, transformed, redrawn, or generated",machine-extracted-structural-candidate,owner-provided SWF,"container=root; definitionDepth=0; tagOrdinal=1257; payloadBytes=30; rawTagPayloadSha256=25ce9a86e1071eeacb7433e87ce4ffafbfabcf7276ac1e936ffae9e39968506c; exactTagIdentitySha256=fa21bc357f42aa84d688eead3f632b8d8c9bd2f75b517a73a16dabb1bfc5a8ca; runtime reachability unresolved; placement and bounds unresolved; renderer suitability unresolved; machineDefinitionIndexSha256=3307ecc7133255c87b9aa0fba340647466b5a093987fb7f93cfc4b40d84af77b; Structural/static source-derived candidate only. The exported_file is the shared machine definition-index evidence, not a visual or renderer asset export. It is not an authoritative original-runtime baseline and establishes no runtime reachability, placement, asset usage, visual appearance, renderer suitability, human or owner acceptance, strict completion, or publication."
swf-definition-01258,209,,structural-text-definition-candidate,source-assets/flash/HELP MATH_ORIGINAL FILES/HELP_COURSES/ELMGR5/L4/IN/L4IN18.swf,,migrations/course-g05-l04-in-018/audit/machine/g5-l4-pre-runtime-swf-definition-inventory.csv,3307ecc7133255c87b9aa0fba340647466b5a093987fb7f93cfc4b40d84af77b,CSV definition-index record for DefineText,,,"projection only; no asset bytes exported, transformed, redrawn, or generated",machine-extracted-structural-candidate,owner-provided SWF,"container=root; definitionDepth=0; tagOrdinal=1258; payloadBytes=28; rawTagPayloadSha256=385114b83e7165d0749f4ce1295ad08596134ddd764f3cd0bf7c802a832a99c4; exactTagIdentitySha256=a1a3c41207089ac81faee7b2927cc6386f5106607508c22ec632158bbe12bdcf; runtime reachability unresolved; placement and bounds unresolved; renderer suitability unresolved; machineDefinitionIndexSha256=3307ecc7133255c87b9aa0fba340647466b5a093987fb7f93cfc4b40d84af77b; Structural/static source-derived candidate only. The exported_file is the shared machine definition-index evidence, not a visual or renderer asset export. It is not an authoritative original-runtime baseline and establishes no runtime reachability, placement, asset usage, visual appearance, renderer suitability, human or owner acceptance, strict completion, or publication."
swf-definition-01259,210,,structural-sprite-definition-candidate,source-assets/flash/HELP MATH_ORIGINAL FILES/HELP_COURSES/ELMGR5/L4/IN/L4IN18.swf,,migrations/course-g05-l04-in-018/audit/machine/g5-l4-pre-runtime-swf-definition-inventory.csv,3307ecc7133255c87b9aa0fba340647466b5a093987fb7f93cfc4b40d84af77b,CSV definition-index record for DefineSprite,,,"projection only; no asset bytes exported, transformed, redrawn, or generated",machine-extracted-structural-candidate,owner-provided SWF,"container=root; definitionDepth=0; tagOrdinal=1259; payloadBytes=496; rawTagPayloadSha256=3451feae8e1e44da294066884efd817eadc50c6ff694fe942477169c352fd25c; exactTagIdentitySha256=1673d4fed60b8ff7e77f85e2afdbb29f587d8b25d52c5c5f949b994de1ada397; declaredFrameCount=10; runtime reachability unresolved; placement and bounds unresolved; renderer suitability unresolved; machineDefinitionIndexSha256=3307ecc7133255c87b9aa0fba340647466b5a093987fb7f93cfc4b40d84af77b; Structural/static source-derived candidate only. The exported_file is the shared machine definition-index evidence, not a visual or renderer asset export. It is not an authoritative original-runtime baseline and establishes no runtime reachability, placement, asset usage, visual appearance, renderer suitability, human or owner acceptance, strict completion, or publication."
swf-definition-01305,211,,structural-shape-definition-candidate,source-assets/flash/HELP MATH_ORIGINAL FILES/HELP_COURSES/ELMGR5/L4/IN/L4IN18.swf,,migrations/course-g05-l04-in-018/audit/machine/g5-l4-pre-runtime-swf-definition-inventory.csv,3307ecc7133255c87b9aa0fba340647466b5a093987fb7f93cfc4b40d84af77b,CSV definition-index record for DefineShape,,,"projection only; no asset bytes exported, transformed, redrawn, or generated",machine-extracted-structural-candidate,owner-provided SWF,"container=root; definitionDepth=0; tagOrdinal=1305; payloadBytes=30; rawTagPayloadSha256=36678f9ede9ec8aac9f579d8f39f8882111ecbdaf174126c43f5b63796ae84c9; exactTagIdentitySha256=7c606f08a3c34eb74d17c45ae69068c382642648848bc1d5d45903cb5749bdcc; runtime reachability unresolved; placement and bounds unresolved; renderer suitability unresolved; machineDefinitionIndexSha256=3307ecc7133255c87b9aa0fba340647466b5a093987fb7f93cfc4b40d84af77b; Structural/static source-derived candidate only. The exported_file is the shared machine definition-index evidence, not a visual or renderer asset export. It is not an authoritative original-runtime baseline and establishes no runtime reachability, placement, asset usage, visual appearance, renderer suitability, human or owner acceptance, strict completion, or publication."
swf-definition-01306,212,,structural-button-definition-candidate,source-assets/flash/HELP MATH_ORIGINAL FILES/HELP_COURSES/ELMGR5/L4/IN/L4IN18.swf,,migrations/course-g05-l04-in-018/audit/machine/g5-l4-pre-runtime-swf-definition-inventory.csv,3307ecc7133255c87b9aa0fba340647466b5a093987fb7f93cfc4b40d84af77b,CSV definition-index record for DefineButton2,,,"projection only; no asset bytes exported, transformed, redrawn, or generated",machine-extracted-structural-candidate,owner-provided SWF,"container=root; definitionDepth=0; tagOrdinal=1306; payloadBytes=176; rawTagPayloadSha256=954e89aa4e10a02229df5f1daecec832444731217178946620ff2ab89e937ecd; exactTagIdentitySha256=5776fe8da55ea6c01390b462b57f9b6394483d2e73bdfe88ed410acdb227d304; runtime reachability unresolved; placement and bounds unresolved; renderer suitability unresolved; machineDefinitionIndexSha256=3307ecc7133255c87b9aa0fba340647466b5a093987fb7f93cfc4b40d84af77b; Structural/static source-derived candidate only. The exported_file is the shared machine definition-index evidence, not a visual or renderer asset export. It is not an authoritative original-runtime baseline and establishes no runtime reachability, placement, asset usage, visual appearance, renderer suitability, human or owner acceptance, strict completion, or publication."
swf-definition-01307,213,,structural-button-definition-candidate,source-assets/flash/HELP MATH_ORIGINAL FILES/HELP_COURSES/ELMGR5/L4/IN/L4IN18.swf,,migrations/course-g05-l04-in-018/audit/machine/g5-l4-pre-runtime-swf-definition-inventory.csv,3307ecc7133255c87b9aa0fba340647466b5a093987fb7f93cfc4b40d84af77b,CSV definition-index record for DefineButton2,,,"projection only; no asset bytes exported, transformed, redrawn, or generated",machine-extracted-structural-candidate,owner-provided SWF,"container=root; definitionDepth=0; tagOrdinal=1307; payloadBytes=164; rawTagPayloadSha256=03eee7cd83d9b86538a5f7a49995a294ebf0199aa217664049a00643160f533e; exactTagIdentitySha256=19c4e73d4258e48ae21f186cade5abc1c7a5d842c86e7d2714ead5339f6693dc; runtime reachability unresolved; placement and bounds unresolved; renderer suitability unresolved; machineDefinitionIndexSha256=3307ecc7133255c87b9aa0fba340647466b5a093987fb7f93cfc4b40d84af77b; Structural/static source-derived candidate only. The exported_file is the shared machine definition-index evidence, not a visual or renderer asset export. It is not an authoritative original-runtime baseline and establishes no runtime reachability, placement, asset usage, visual appearance, renderer suitability, human or owner acceptance, strict completion, or publication."
swf-definition-01308,214,,structural-shape-definition-candidate,source-assets/flash/HELP MATH_ORIGINAL FILES/HELP_COURSES/ELMGR5/L4/IN/L4IN18.swf,,migrations/course-g05-l04-in-018/audit/machine/g5-l4-pre-runtime-swf-definition-inventory.csv,3307ecc7133255c87b9aa0fba340647466b5a093987fb7f93cfc4b40d84af77b,CSV definition-index record for DefineShape,,,"projection only; no asset bytes exported, transformed, redrawn, or generated",machine-extracted-structural-candidate,owner-provided SWF,"container=root; definitionDepth=0; tagOrdinal=1308; payloadBytes=64; rawTagPayloadSha256=83bc78938634746bfef01c5363de1248f5b08d6ed4c539259c6a6c31991955a3; exactTagIdentitySha256=1ab55715642c6890866cde58bb6a08ccfbc9497ae4b7b9f0ce22c3b77b120a3a; runtime reachability unresolved; placement and bounds unresolved; renderer suitability unresolved; machineDefinitionIndexSha256=3307ecc7133255c87b9aa0fba340647466b5a093987fb7f93cfc4b40d84af77b; Structural/static source-derived candidate only. The exported_file is the shared machine definition-index evidence, not a visual or renderer asset export. It is not an authoritative original-runtime baseline and establishes no runtime reachability, placement, asset usage, visual appearance, renderer suitability, human or owner acceptance, strict completion, or publication."
swf-definition-01309,215,,structural-shape-definition-candidate,source-assets/flash/HELP MATH_ORIGINAL FILES/HELP_COURSES/ELMGR5/L4/IN/L4IN18.swf,,migrations/course-g05-l04-in-018/audit/machine/g5-l4-pre-runtime-swf-definition-inventory.csv,3307ecc7133255c87b9aa0fba340647466b5a093987fb7f93cfc4b40d84af77b,CSV definition-index record for DefineShape2,,,"projection only; no asset bytes exported, transformed, redrawn, or generated",machine-extracted-structural-candidate,owner-provided SWF,"container=root; definitionDepth=0; tagOrdinal=1309; payloadBytes=287; rawTagPayloadSha256=74a19977b9a8d5948fcaa9f190dbf50a3d067b03ecd36e69c1fb195358c07a26; exactTagIdentitySha256=0e6496a83bd8ae09cd317f1f0d342f1da9587930bcf44a55607716a9eac25e7e; runtime reachability unresolved; placement and bounds unresolved; renderer suitability unresolved; machineDefinitionIndexSha256=3307ecc7133255c87b9aa0fba340647466b5a093987fb7f93cfc4b40d84af77b; Structural/static source-derived candidate only. The exported_file is the shared machine definition-index evidence, not a visual or renderer asset export. It is not an authoritative original-runtime baseline and establishes no runtime reachability, placement, asset usage, visual appearance, renderer suitability, human or owner acceptance, strict completion, or publication."
swf-definition-01310,216,,structural-shape-definition-candidate,source-assets/flash/HELP MATH_ORIGINAL FILES/HELP_COURSES/ELMGR5/L4/IN/L4IN18.swf,,migrations/course-g05-l04-in-018/audit/machine/g5-l4-pre-runtime-swf-definition-inventory.csv,3307ecc7133255c87b9aa0fba340647466b5a093987fb7f93cfc4b40d84af77b,CSV definition-index record for DefineShape2,,,"projection only; no asset bytes exported, transformed, redrawn, or generated",machine-extracted-structural-candidate,owner-provided SWF,"container=root; definitionDepth=0; tagOrdinal=1310; payloadBytes=292; rawTagPayloadSha256=7cc99dc2bca48737460d6578c224443d6a6d2de7454fd3ccdaa815abf0cb48b8; exactTagIdentitySha256=0386f4b142bbdec5b51af6df06520dda9e07921dc155a367751e4e6d7e460038; runtime reachability unresolved; placement and bounds unresolved; renderer suitability unresolved; machineDefinitionIndexSha256=3307ecc7133255c87b9aa0fba340647466b5a093987fb7f93cfc4b40d84af77b; Structural/static source-derived candidate only. The exported_file is the shared machine definition-index evidence, not a visual or renderer asset export. It is not an authoritative original-runtime baseline and establishes no runtime reachability, placement, asset usage, visual appearance, renderer suitability, human or owner acceptance, strict completion, or publication."
swf-definition-01311,217,,structural-shape-definition-candidate,source-assets/flash/HELP MATH_ORIGINAL FILES/HELP_COURSES/ELMGR5/L4/IN/L4IN18.swf,,migrations/course-g05-l04-in-018/audit/machine/g5-l4-pre-runtime-swf-definition-inventory.csv,3307ecc7133255c87b9aa0fba340647466b5a093987fb7f93cfc4b40d84af77b,CSV definition-index record for DefineShape2,,,"projection only; no asset bytes exported, transformed, redrawn, or generated",machine-extracted-structural-candidate,owner-provided SWF,"container=root; definitionDepth=0; tagOrdinal=1311; payloadBytes=341; rawTagPayloadSha256=b333e67fa215d8eb54674a935e99e4c426060f8b15e3fd7f22555e817a06dca8; exactTagIdentitySha256=e43b26a30c5ce65cb524238fe130bbafd34d5528abf6d0ebd6517dbb240a427a; runtime reachability unresolved; placement and bounds unresolved; renderer suitability unresolved; machineDefinitionIndexSha256=3307ecc7133255c87b9aa0fba340647466b5a093987fb7f93cfc4b40d84af77b; Structural/static source-derived candidate only. The exported_file is the shared machine definition-index evidence, not a visual or renderer asset export. It is not an authoritative original-runtime baseline and establishes no runtime reachability, placement, asset usage, visual appearance, renderer suitability, human or owner acceptance, strict completion, or publication."
swf-definition-01312,218,,structural-button-definition-candidate,source-assets/flash/HELP MATH_ORIGINAL FILES/HELP_COURSES/ELMGR5/L4/IN/L4IN18.swf,,migrations/course-g05-l04-in-018/audit/machine/g5-l4-pre-runtime-swf-definition-inventory.csv,3307ecc7133255c87b9aa0fba340647466b5a093987fb7f93cfc4b40d84af77b,CSV definition-index record for DefineButton2,,,"projection only; no asset bytes exported, transformed, redrawn, or generated",machine-extracted-structural-candidate,owner-provided SWF,"container=root; definitionDepth=0; tagOrdinal=1312; payloadBytes=221; rawTagPayloadSha256=3fa9d62edeca74309e27a39d14a2fa965e4a316403b5dc4491cf3e191f3ec1b0; exactTagIdentitySha256=57df96cf319c7dca0dbb9e141eee2816da19e7b747cf3cc21b6ad3f02a0d2cde; runtime reachability unresolved; placement and bounds unresolved; renderer suitability unresolved; machineDefinitionIndexSha256=3307ecc7133255c87b9aa0fba340647466b5a093987fb7f93cfc4b40d84af77b; Structural/static source-derived candidate only. The exported_file is the shared machine definition-index evidence, not a visual or renderer asset export. It is not an authoritative original-runtime baseline and establishes no runtime reachability, placement, asset usage, visual appearance, renderer suitability, human or owner acceptance, strict completion, or publication."
swf-definition-01313,219,,structural-sprite-definition-candidate,source-assets/flash/HELP MATH_ORIGINAL FILES/HELP_COURSES/ELMGR5/L4/IN/L4IN18.swf,,migrations/course-g05-l04-in-018/audit/machine/g5-l4-pre-runtime-swf-definition-inventory.csv,3307ecc7133255c87b9aa0fba340647466b5a093987fb7f93cfc4b40d84af77b,CSV definition-index record for DefineSprite,,,"projection only; no asset bytes exported, transformed, redrawn, or generated",machine-extracted-structural-candidate,owner-provided SWF,"container=root; definitionDepth=0; tagOrdinal=1313; payloadBytes=6411; rawTagPayloadSha256=5c8791431142cdb034004b6493518b4f4c62fe2c333d48d7f17e3e65cd07b006; exactTagIdentitySha256=c10f53dd6b8f70da4fe05707e71d43f50c2234074dc1efe10382a76c5965efa6; declaredFrameCount=15; runtime reachability unresolved; placement and bounds unresolved; renderer suitability unresolved; machineDefinitionIndexSha256=3307ecc7133255c87b9aa0fba340647466b5a093987fb7f93cfc4b40d84af77b; Structural/static source-derived candidate only. The exported_file is the shared machine definition-index evidence, not a visual or renderer asset export. It is not an authoritative original-runtime baseline and establishes no runtime reachability, placement, asset usage, visual appearance, renderer suitability, human or owner acceptance, strict completion, or publication."
swf-definition-01351,220,,structural-sprite-definition-candidate,source-assets/flash/HELP MATH_ORIGINAL FILES/HELP_COURSES/ELMGR5/L4/IN/L4IN18.swf,,migrations/course-g05-l04-in-018/audit/machine/g5-l4-pre-runtime-swf-definition-inventory.csv,3307ecc7133255c87b9aa0fba340647466b5a093987fb7f93cfc4b40d84af77b,CSV definition-index record for DefineSprite,,,"projection only; no asset bytes exported, transformed, redrawn, or generated",machine-extracted-structural-candidate,owner-provided SWF,"container=root; definitionDepth=0; tagOrdinal=1351; payloadBytes=105250; rawTagPayloadSha256=4a627413f29cd3bdd9abc357dc56f7f456561fe04108e753c80690fb35fbb176; exactTagIdentitySha256=0b55ca2aa487493f23dea6bcb4ef823b4d7f105fc8798c69e0d30aec82e17fb8; declaredFrameCount=275; runtime reachability unresolved; placement and bounds unresolved; renderer suitability unresolved; machineDefinitionIndexSha256=3307ecc7133255c87b9aa0fba340647466b5a093987fb7f93cfc4b40d84af77b; Structural/static source-derived candidate only. The exported_file is the shared machine definition-index evidence, not a visual or renderer asset export. It is not an authoritative original-runtime baseline and establishes no runtime reachability, placement, asset usage, visual appearance, renderer suitability, human or owner acceptance, strict completion, or publication."
