asset_id,swf_character_id,library_symbol,type,source_file,source_frame,exported_file,sha256,format,dimensions_or_bounds,font_glyphs,transformation,confidence,license_or_provenance,notes
swf-definition-00003,1,,shape,source-assets/flash/HELP MATH_ORIGINAL FILES/HELP_COURSES/ELMGR4/L3/TI/L3TI06.swf,,,8c0efa2b3a0c18dc0a282237e4ef6bb9fb2d22fa2cc38aaddf6003fce9f08b41,DefineShape2,,,none; original SWF tag payload inventoried without export,machine-extracted-definition,owner-provided SWF,"container=root; definitionDepth=0; tagOrdinal=3; payloadBytes=170; exactTagIdentitySha256=2346e97604b854909529cf96d082f4416db16a54f3b30e9c4a6c8a4c9a552de8; authoring name, visual bounds, placement, and runtime reachability remain unresolved."
swf-definition-00004,2,,shape,source-assets/flash/HELP MATH_ORIGINAL FILES/HELP_COURSES/ELMGR4/L3/TI/L3TI06.swf,,,83e92ccb6979d665e3a5686e523e18847c6c8ca6d4c2a9345199e0d0825177ca,DefineShape3,,,none; original SWF tag payload inventoried without export,machine-extracted-definition,owner-provided SWF,"container=root; definitionDepth=0; tagOrdinal=4; payloadBytes=97; exactTagIdentitySha256=0f6aaab1017272e0ccfb4634fc98f80e9318ea4e72a42555948b06ce9c77f617; authoring name, visual bounds, placement, and runtime reachability remain unresolved."
swf-definition-00005,3,Bauhaus Md BT,font,source-assets/flash/HELP MATH_ORIGINAL FILES/HELP_COURSES/ELMGR4/L3/TI/L3TI06.swf,,,b3ff98b7981f0f62cdb90300362006d0d3fa3a4ec715583b4cbb2659efbe1a90,DefineFont2,,51,none; original SWF tag payload inventoried without export,machine-extracted-definition,owner-provided SWF,"container=root; definitionDepth=0; tagOrdinal=5; payloadBytes=3943; exactTagIdentitySha256=a5dbc8c55b3a1824603bae8cf1898d58646a1ad2f1fcb9a1a5b56f5744d71c06; authoring name, visual bounds, placement, and runtime reachability remain unresolved."
swf-definition-00006,4,,text,source-assets/flash/HELP MATH_ORIGINAL FILES/HELP_COURSES/ELMGR4/L3/TI/L3TI06.swf,,,eeaca14cf680259405c42963bc757d803d33410b0e8cc108933bcd1790bbc1bd,DefineText,,,none; original SWF tag payload inventoried without export,machine-extracted-definition,owner-provided SWF,"container=root; definitionDepth=0; tagOrdinal=6; payloadBytes=53; exactTagIdentitySha256=54abf4cc63f2c6d412d500c1d0ab5646a65c3a0032886f88dc29f156e3ddd3b6; authoring name, visual bounds, placement, and runtime reachability remain unresolved."
swf-definition-00007,5,,text,source-assets/flash/HELP MATH_ORIGINAL FILES/HELP_COURSES/ELMGR4/L3/TI/L3TI06.swf,,,ed84d039a4c270980945ec0f983ae4e3872584e3d9cba4428b67402e013f32b6,DefineText,,,none; original SWF tag payload inventoried without export,machine-extracted-definition,owner-provided SWF,"container=root; definitionDepth=0; tagOrdinal=7; payloadBytes=53; exactTagIdentitySha256=8c6e3ddb3cea1dd25384d749898d0bc144fdbf408ae3abc974753c1170faf2c3; authoring name, visual bounds, placement, and runtime reachability remain unresolved."
swf-definition-00008,6,,shape,source-assets/flash/HELP MATH_ORIGINAL FILES/HELP_COURSES/ELMGR4/L3/TI/L3TI06.swf,,,9fc3e7de03b7c2617832f45c4cdb070597b7ddfa93e377f06198a26062521d15,DefineShape3,,,none; original SWF tag payload inventoried without export,machine-extracted-definition,owner-provided SWF,"container=root; definitionDepth=0; tagOrdinal=8; payloadBytes=96; exactTagIdentitySha256=8e6bf1f4c74573ebc72f81a3c3e6b4099a49d5f8a7b969b7e8421280a5b1242c; authoring name, visual bounds, placement, and runtime reachability remain unresolved."
swf-definition-00009,7,,shape,source-assets/flash/HELP MATH_ORIGINAL FILES/HELP_COURSES/ELMGR4/L3/TI/L3TI06.swf,,,a16c43d83eecb4cef71c6cfaf078b3da18f184af53fbd599164f1c832744d185,DefineShape,,,none; original SWF tag payload inventoried without export,machine-extracted-definition,owner-provided SWF,"container=root; definitionDepth=0; tagOrdinal=9; payloadBytes=34; exactTagIdentitySha256=bff3ccca7ea34ece8addb651d5beb9c113c2a4b8042dfcb442d0e4e8c5625901; authoring name, visual bounds, placement, and runtime reachability remain unresolved."
swf-definition-00010,8,,sprite,source-assets/flash/HELP MATH_ORIGINAL FILES/HELP_COURSES/ELMGR4/L3/TI/L3TI06.swf,,,9b22d50d37d5222007c39487f14f1247058ef4b510fae4579095d52718851382,DefineSprite,,,none; original SWF tag payload inventoried without export,machine-extracted-definition,owner-provided SWF,"container=root; definitionDepth=0; tagOrdinal=10; payloadBytes=2040; exactTagIdentitySha256=02f12522eef4233d7d78c58a30d5270a4d3f641ace5e223eed88e5c781f450a6; declaredFrameCount=5; authoring name, visual bounds, placement, and runtime reachability remain unresolved."
swf-definition-00025,9,,button,source-assets/flash/HELP MATH_ORIGINAL FILES/HELP_COURSES/ELMGR4/L3/TI/L3TI06.swf,,,9d9b338cbc22e9e7d462de1433253a84d839d807130eada67abf3d326e9ccf92,DefineButton2,,,none; original SWF tag payload inventoried without export,machine-extracted-definition,owner-provided SWF,"container=root; definitionDepth=0; tagOrdinal=25; payloadBytes=58; exactTagIdentitySha256=f67431549fae5e60f14bf3d52dbe60448115b40231c64da979444f05351dbe76; authoring name, visual bounds, placement, and runtime reachability remain unresolved."
swf-definition-00027,10,,sprite,source-assets/flash/HELP MATH_ORIGINAL FILES/HELP_COURSES/ELMGR4/L3/TI/L3TI06.swf,,,729216e38f1d0f1d18646e972ecaa68149e3fc1511db7d7752bc757d44aa21ca,DefineSprite,,,none; original SWF tag payload inventoried without export,machine-extracted-definition,owner-provided SWF,"container=root; definitionDepth=0; tagOrdinal=27; payloadBytes=31; exactTagIdentitySha256=43daf04fe0109b9a37ffd21cc4de88a9b94ebe11f5acbbd4fe9c804dd50259fd; declaredFrameCount=1; authoring name, visual bounds, placement, and runtime reachability remain unresolved."
swf-definition-00033,11,,shape,source-assets/flash/HELP MATH_ORIGINAL FILES/HELP_COURSES/ELMGR4/L3/TI/L3TI06.swf,,,474cb2a964e0d9052288d906c916a3deb213e4960ee0c57d7283aed151645930,DefineShape,,,none; original SWF tag payload inventoried without export,machine-extracted-definition,owner-provided SWF,"container=root; definitionDepth=0; tagOrdinal=33; payloadBytes=28; exactTagIdentitySha256=787cebc970136e4cafc09314632cb972799bb6087b950275d0aebc6c91ede4a5; authoring name, visual bounds, placement, and runtime reachability remain unresolved."
swf-definition-00034,12,,sprite,source-assets/flash/HELP MATH_ORIGINAL FILES/HELP_COURSES/ELMGR4/L3/TI/L3TI06.swf,,,37873a8517a8dd89895ad46bab2bc2442cdb69956c8a7a0b639699c90b6f1243,DefineSprite,,,none; original SWF tag payload inventoried without export,machine-extracted-definition,owner-provided SWF,"container=root; definitionDepth=0; tagOrdinal=34; payloadBytes=16; exactTagIdentitySha256=4dda5fbf945df81f015a4466b3e7eb8c21d96463c5ea1160305b0de2bfc6ecc7; declaredFrameCount=1; authoring name, visual bounds, placement, and runtime reachability remain unresolved."
swf-definition-00038,13,,shape,source-assets/flash/HELP MATH_ORIGINAL FILES/HELP_COURSES/ELMGR4/L3/TI/L3TI06.swf,,,cdb019f531679b240eab972d78794e4f7279a7f9a345b57a77403f114a2b5920,DefineShape,,,none; original SWF tag payload inventoried without export,machine-extracted-definition,owner-provided SWF,"container=root; definitionDepth=0; tagOrdinal=38; payloadBytes=39; exactTagIdentitySha256=764c244e7cd1b9296ecd89a93cc84d6b8c341ef73ee40567f02f36d07fa9ea4c; authoring name, visual bounds, placement, and runtime reachability remain unresolved."
swf-definition-00039,14,,sprite,source-assets/flash/HELP MATH_ORIGINAL FILES/HELP_COURSES/ELMGR4/L3/TI/L3TI06.swf,,,e89fafa4634af5a43e7df89ec87a7c4188f972d66671cac08f797e09f08dfe8b,DefineSprite,,,none; original SWF tag payload inventoried without export,machine-extracted-definition,owner-provided SWF,"container=root; definitionDepth=0; tagOrdinal=39; payloadBytes=16; exactTagIdentitySha256=360870a589c5b1985f52b663b512ec84d1d82628df4e00f4818a8bc775f4ea95; declaredFrameCount=1; authoring name, visual bounds, placement, and runtime reachability remain unresolved."
swf-definition-00043,15,,shape,source-assets/flash/HELP MATH_ORIGINAL FILES/HELP_COURSES/ELMGR4/L3/TI/L3TI06.swf,,,d673041ad47370c5891759017badea2e6dbf82330e7e880eceb59f2ceb291a29,DefineShape,,,none; original SWF tag payload inventoried without export,machine-extracted-definition,owner-provided SWF,"container=root; definitionDepth=0; tagOrdinal=43; payloadBytes=32; exactTagIdentitySha256=e83a5ee5dd52298fd8cbf1c623164dd6e1b3662d5043e3f784804dd027c8112d; authoring name, visual bounds, placement, and runtime reachability remain unresolved."
swf-definition-00044,16,,sprite,source-assets/flash/HELP MATH_ORIGINAL FILES/HELP_COURSES/ELMGR4/L3/TI/L3TI06.swf,,,619c9f816303dfcd65c1b03aacc584820558ddc93333c07bb3fa0a69d2194f11,DefineSprite,,,none; original SWF tag payload inventoried without export,machine-extracted-definition,owner-provided SWF,"container=root; definitionDepth=0; tagOrdinal=44; payloadBytes=16; exactTagIdentitySha256=63b324083b9829c9afd4eda77ff10388ababc21e44f5176f2a45e9daaab929b7; declaredFrameCount=1; authoring name, visual bounds, placement, and runtime reachability remain unresolved."
swf-definition-00048,17,,shape,source-assets/flash/HELP MATH_ORIGINAL FILES/HELP_COURSES/ELMGR4/L3/TI/L3TI06.swf,,,e06082582c3a49251ae7d18559f7db10c94b69c99483899727b46da3b9569952,DefineShape,,,none; original SWF tag payload inventoried without export,machine-extracted-definition,owner-provided SWF,"container=root; definitionDepth=0; tagOrdinal=48; payloadBytes=33; exactTagIdentitySha256=611cd6958fbebc12d9a267eb1b34583a1e18a353e587ab3255ad79953c62cd0f; authoring name, visual bounds, placement, and runtime reachability remain unresolved."
swf-definition-00049,18,,sprite,source-assets/flash/HELP MATH_ORIGINAL FILES/HELP_COURSES/ELMGR4/L3/TI/L3TI06.swf,,,3292956e5f6aee8e71ad6d1f379f09190557dcc2d9bf404cf0dd21cde3f5531c,DefineSprite,,,none; original SWF tag payload inventoried without export,machine-extracted-definition,owner-provided SWF,"container=root; definitionDepth=0; tagOrdinal=49; payloadBytes=16; exactTagIdentitySha256=a4405e6a469230cf9e2786f50fc48201c459721df941d30c3b4d21e26a6ed3d1; declaredFrameCount=1; authoring name, visual bounds, placement, and runtime reachability remain unresolved."
swf-definition-00053,19,,shape,source-assets/flash/HELP MATH_ORIGINAL FILES/HELP_COURSES/ELMGR4/L3/TI/L3TI06.swf,,,6080ce79cc4be3a090b74932a460b69b1ab6cab33cb720fc9efd56f61542ef86,DefineShape,,,none; original SWF tag payload inventoried without export,machine-extracted-definition,owner-provided SWF,"container=root; definitionDepth=0; tagOrdinal=53; payloadBytes=33; exactTagIdentitySha256=54d2e382f8bb2945c551f2c75ccffdfeef3b06be4b53c54e35fdfeed3df65185; authoring name, visual bounds, placement, and runtime reachability remain unresolved."
swf-definition-00054,20,,sprite,source-assets/flash/HELP MATH_ORIGINAL FILES/HELP_COURSES/ELMGR4/L3/TI/L3TI06.swf,,,fdda9c3068bd3be7cfd677c88283dc6842057a3551ca02365c2cb7cf267e4bb2,DefineSprite,,,none; original SWF tag payload inventoried without export,machine-extracted-definition,owner-provided SWF,"container=root; definitionDepth=0; tagOrdinal=54; payloadBytes=16; exactTagIdentitySha256=e403cb2a0f188200ab3924ffc4e60836b2a192e6c954c51d6b5f77db43906bc6; declaredFrameCount=1; authoring name, visual bounds, placement, and runtime reachability remain unresolved."
swf-definition-00058,21,,shape,source-assets/flash/HELP MATH_ORIGINAL FILES/HELP_COURSES/ELMGR4/L3/TI/L3TI06.swf,,,7fe191c96e05570dab0a21250ede5f48834b58d574da0f24a3d317a3164bdf4f,DefineShape,,,none; original SWF tag payload inventoried without export,machine-extracted-definition,owner-provided SWF,"container=root; definitionDepth=0; tagOrdinal=58; payloadBytes=33; exactTagIdentitySha256=b94bf394ae7f5427b6eaf1ea0c7b4b4a988fcc3643e30cb59b548ba83a827314; authoring name, visual bounds, placement, and runtime reachability remain unresolved."
swf-definition-00059,22,,sprite,source-assets/flash/HELP MATH_ORIGINAL FILES/HELP_COURSES/ELMGR4/L3/TI/L3TI06.swf,,,bcf5e4affb2dac8344c87e27c9fe732a8c1482db7c11c75483e2079e0bc8a7fe,DefineSprite,,,none; original SWF tag payload inventoried without export,machine-extracted-definition,owner-provided SWF,"container=root; definitionDepth=0; tagOrdinal=59; payloadBytes=16; exactTagIdentitySha256=2c41cd8da5a43a54106a491d077f68b5a5c13701d10577780b23958a8f930cd1; declaredFrameCount=1; authoring name, visual bounds, placement, and runtime reachability remain unresolved."
swf-definition-00063,23,,sprite,source-assets/flash/HELP MATH_ORIGINAL FILES/HELP_COURSES/ELMGR4/L3/TI/L3TI06.swf,,,b3c58edbf3a61234a89562c2f6aa3c5428511e0874138b21e110be058c48704c,DefineSprite,,,none; original SWF tag payload inventoried without export,machine-extracted-definition,owner-provided SWF,"container=root; definitionDepth=0; tagOrdinal=63; payloadBytes=498; exactTagIdentitySha256=cde86fee8f539370e7dcbbdfaa1132bb975888bf80128861d303f509132ec4e0; declaredFrameCount=1; authoring name, visual bounds, placement, and runtime reachability remain unresolved."
swf-definition-00073,24,,sprite,source-assets/flash/HELP MATH_ORIGINAL FILES/HELP_COURSES/ELMGR4/L3/TI/L3TI06.swf,,,7577c6292e1d4111ec1fb24a58102366ab6882065dc49e795905055bbc72bae5,DefineSprite,,,none; original SWF tag payload inventoried without export,machine-extracted-definition,owner-provided SWF,"container=root; definitionDepth=0; tagOrdinal=73; payloadBytes=16; exactTagIdentitySha256=d8c267bb9cb47afaf2980f873e5507f27d2825be118ddec8f30e885e30b44bb9; declaredFrameCount=1; authoring name, visual bounds, placement, and runtime reachability remain unresolved."
swf-definition-00077,25,,sprite,source-assets/flash/HELP MATH_ORIGINAL FILES/HELP_COURSES/ELMGR4/L3/TI/L3TI06.swf,,,4f8f54fa7a199051e62b91592d26b29b8ffec02807be9027cde51712a1d6086c,DefineSprite,,,none; original SWF tag payload inventoried without export,machine-extracted-definition,owner-provided SWF,"container=root; definitionDepth=0; tagOrdinal=77; payloadBytes=16; exactTagIdentitySha256=a18aded8e1c3f0f2c204424b30bb66f43f9d47ec529e7feaf0e340e75611967e; declaredFrameCount=1; authoring name, visual bounds, placement, and runtime reachability remain unresolved."
swf-definition-00081,26,,shape,source-assets/flash/HELP MATH_ORIGINAL FILES/HELP_COURSES/ELMGR4/L3/TI/L3TI06.swf,,,f4aeeec728fd5cf3e0dae4d58a91156dc3f54dbe9dcb02bb1d2ed1283f20975b,DefineShape,,,none; original SWF tag payload inventoried without export,machine-extracted-definition,owner-provided SWF,"container=root; definitionDepth=0; tagOrdinal=81; payloadBytes=33; exactTagIdentitySha256=00d89b66c546dba90552101effcd71b02172f67fd313da9ce1740079911fca2a; authoring name, visual bounds, placement, and runtime reachability remain unresolved."
swf-definition-00082,27,,sprite,source-assets/flash/HELP MATH_ORIGINAL FILES/HELP_COURSES/ELMGR4/L3/TI/L3TI06.swf,,,b0f5e08c132b84d79dc327f9eae4bb6fd59ff4aa6f20018852462d2d751733dc,DefineSprite,,,none; original SWF tag payload inventoried without export,machine-extracted-definition,owner-provided SWF,"container=root; definitionDepth=0; tagOrdinal=82; payloadBytes=16; exactTagIdentitySha256=e19485eb8742c560d82c254d0c03db2217724af85f82afba2e1d6f3064a314f4; declaredFrameCount=1; authoring name, visual bounds, placement, and runtime reachability remain unresolved."
swf-definition-00086,28,,shape,source-assets/flash/HELP MATH_ORIGINAL FILES/HELP_COURSES/ELMGR4/L3/TI/L3TI06.swf,,,8ddf4da3e16a5f82e4c3c9a0a533fb365e8144075d448d5bbfd5dd4f9f7b8cc3,DefineShape,,,none; original SWF tag payload inventoried without export,machine-extracted-definition,owner-provided SWF,"container=root; definitionDepth=0; tagOrdinal=86; payloadBytes=32; exactTagIdentitySha256=c1ba4b474a93a9d208d3708d2dda1deb01cc224e2d1778f810f47675df4646fb; authoring name, visual bounds, placement, and runtime reachability remain unresolved."
swf-definition-00087,29,,sprite,source-assets/flash/HELP MATH_ORIGINAL FILES/HELP_COURSES/ELMGR4/L3/TI/L3TI06.swf,,,10e590e5580ab949925da6bd144bc61b09d3103a9e9d28f45149c1685ba74c89,DefineSprite,,,none; original SWF tag payload inventoried without export,machine-extracted-definition,owner-provided SWF,"container=root; definitionDepth=0; tagOrdinal=87; payloadBytes=16; exactTagIdentitySha256=fdfc1db612b8f1638f2f84e49817836fb9757beac6230cf5b8b476c0e23a9207; declaredFrameCount=1; authoring name, visual bounds, placement, and runtime reachability remain unresolved."
swf-definition-00091,30,,sprite,source-assets/flash/HELP MATH_ORIGINAL FILES/HELP_COURSES/ELMGR4/L3/TI/L3TI06.swf,,,7f7c60729e04d8a55499e297d8ce39794d34b0462f0343150cb644ead12a0f55,DefineSprite,,,none; original SWF tag payload inventoried without export,machine-extracted-definition,owner-provided SWF,"container=root; definitionDepth=0; tagOrdinal=91; payloadBytes=16; exactTagIdentitySha256=faa6e546f7e94432c562378ff7e33fc58a9552584a7b9d082936095df952f1eb; declaredFrameCount=1; authoring name, visual bounds, placement, and runtime reachability remain unresolved."
swf-definition-00095,31,,shape,source-assets/flash/HELP MATH_ORIGINAL FILES/HELP_COURSES/ELMGR4/L3/TI/L3TI06.swf,,,94a78622c4f733bb0387af60801b34b44bb6fd1a63a4bffc34b9fbdc57d29936,DefineShape,,,none; original SWF tag payload inventoried without export,machine-extracted-definition,owner-provided SWF,"container=root; definitionDepth=0; tagOrdinal=95; payloadBytes=44; exactTagIdentitySha256=0153bad267da5d769d8a00a7e03c4431178364178cd6f24683c7ee5dd2270811; authoring name, visual bounds, placement, and runtime reachability remain unresolved."
swf-definition-00096,32,,sprite,source-assets/flash/HELP MATH_ORIGINAL FILES/HELP_COURSES/ELMGR4/L3/TI/L3TI06.swf,,,33377e326793daaf241cd75866b60cae0103f933cfb99fa226e5793db43193ea,DefineSprite,,,none; original SWF tag payload inventoried without export,machine-extracted-definition,owner-provided SWF,"container=root; definitionDepth=0; tagOrdinal=96; payloadBytes=16; exactTagIdentitySha256=76050b6b37c5b88a46573b16e7fa2146eb884370d4372426d9efc4d6e88754a2; declaredFrameCount=1; authoring name, visual bounds, placement, and runtime reachability remain unresolved."
swf-definition-00100,33,,sprite,source-assets/flash/HELP MATH_ORIGINAL FILES/HELP_COURSES/ELMGR4/L3/TI/L3TI06.swf,,,9622d79033c5651d76e8857e7ff57c7c979bd8a7a3e28f0f6224663d74d937cf,DefineSprite,,,none; original SWF tag payload inventoried without export,machine-extracted-definition,owner-provided SWF,"container=root; definitionDepth=0; tagOrdinal=100; payloadBytes=499; exactTagIdentitySha256=de1ca80adbc209ecf06c1df286108bd2526066a7a5ce70da72e2e3e545845db7; declaredFrameCount=1; authoring name, visual bounds, placement, and runtime reachability remain unresolved."
swf-definition-00110,34,,sprite,source-assets/flash/HELP MATH_ORIGINAL FILES/HELP_COURSES/ELMGR4/L3/TI/L3TI06.swf,,,5636f6d6cf1d179ab56374a4ad75cc3e7f59e24d35e54e057b381e94449b22fb,DefineSprite,,,none; original SWF tag payload inventoried without export,machine-extracted-definition,owner-provided SWF,"container=root; definitionDepth=0; tagOrdinal=110; payloadBytes=16; exactTagIdentitySha256=30382729b7b47a3985de143507e93cd83fdb04ea31c1e0bf0c1775a99b65f936; declaredFrameCount=1; authoring name, visual bounds, placement, and runtime reachability remain unresolved."
swf-definition-00114,35,,sprite,source-assets/flash/HELP MATH_ORIGINAL FILES/HELP_COURSES/ELMGR4/L3/TI/L3TI06.swf,,,ca9626cdfca4849950c820b36c7ea1e16a23913d6a05f463b2885f18f4f0c2fe,DefineSprite,,,none; original SWF tag payload inventoried without export,machine-extracted-definition,owner-provided SWF,"container=root; definitionDepth=0; tagOrdinal=114; payloadBytes=16; exactTagIdentitySha256=441f7b792835fa704bf95c030b2855e8c2c871b5db36a7365361978a3074cacd; declaredFrameCount=1; authoring name, visual bounds, placement, and runtime reachability remain unresolved."
swf-definition-00118,36,,sprite,source-assets/flash/HELP MATH_ORIGINAL FILES/HELP_COURSES/ELMGR4/L3/TI/L3TI06.swf,,,e525ec8ce0419cd3278a3ca618ee931d428623226b332b939c8b7e82df975440,DefineSprite,,,none; original SWF tag payload inventoried without export,machine-extracted-definition,owner-provided SWF,"container=root; definitionDepth=0; tagOrdinal=118; payloadBytes=16; exactTagIdentitySha256=b17bf5200c7ad434443ec8b9385c791a0a320c6403d1942992be690be3345c50; declaredFrameCount=1; authoring name, visual bounds, placement, and runtime reachability remain unresolved."
swf-definition-00122,37,,sprite,source-assets/flash/HELP MATH_ORIGINAL FILES/HELP_COURSES/ELMGR4/L3/TI/L3TI06.swf,,,626d1d13e30abef79f2a81fd6609f9bb7ec2a792c24691db58a0b30f75d1a221,DefineSprite,,,none; original SWF tag payload inventoried without export,machine-extracted-definition,owner-provided SWF,"container=root; definitionDepth=0; tagOrdinal=122; payloadBytes=16; exactTagIdentitySha256=3b31d880fee8753083e8cc1121a55580772ccd7caa587f86731f6db0c013d727; declaredFrameCount=1; authoring name, visual bounds, placement, and runtime reachability remain unresolved."
swf-definition-00126,38,,shape,source-assets/flash/HELP MATH_ORIGINAL FILES/HELP_COURSES/ELMGR4/L3/TI/L3TI06.swf,,,b9bd99b53a0a51196128cef97dc7dcb6917dac013a2a52e6cd45d00cd982ab8d,DefineShape,,,none; original SWF tag payload inventoried without export,machine-extracted-definition,owner-provided SWF,"container=root; definitionDepth=0; tagOrdinal=126; payloadBytes=36; exactTagIdentitySha256=606d6f1281cd98ad8f3e64a739754c13bcb9d472677a17e9fd94c0f0395fa3e8; authoring name, visual bounds, placement, and runtime reachability remain unresolved."
swf-definition-00127,39,,sprite,source-assets/flash/HELP MATH_ORIGINAL FILES/HELP_COURSES/ELMGR4/L3/TI/L3TI06.swf,,,14546fcd531ae5530d9f7f80163568188f91b3f205008cc53491596d79083bf4,DefineSprite,,,none; original SWF tag payload inventoried without export,machine-extracted-definition,owner-provided SWF,"container=root; definitionDepth=0; tagOrdinal=127; payloadBytes=16; exactTagIdentitySha256=ab2baf09acefd0546b0ffaf10366dce5b4582c86c23b07020b8b6bc4985f784e; declaredFrameCount=1; authoring name, visual bounds, placement, and runtime reachability remain unresolved."
swf-definition-00131,40,,shape,source-assets/flash/HELP MATH_ORIGINAL FILES/HELP_COURSES/ELMGR4/L3/TI/L3TI06.swf,,,8fff0e5e54434918574b87ba209e27873ed8bcd9ab92e33e9232a967b9eeabf4,DefineShape,,,none; original SWF tag payload inventoried without export,machine-extracted-definition,owner-provided SWF,"container=root; definitionDepth=0; tagOrdinal=131; payloadBytes=41; exactTagIdentitySha256=3568f8b2e0ed600d37e4fb6c9b1aff72468e7a8ea96e6dc032590edef3e0768c; authoring name, visual bounds, placement, and runtime reachability remain unresolved."
swf-definition-00132,41,,sprite,source-assets/flash/HELP MATH_ORIGINAL FILES/HELP_COURSES/ELMGR4/L3/TI/L3TI06.swf,,,aef4141369f2e1bf9af7ea68d8944519c866c234fc3d22da3c970ec28704cc27,DefineSprite,,,none; original SWF tag payload inventoried without export,machine-extracted-definition,owner-provided SWF,"container=root; definitionDepth=0; tagOrdinal=132; payloadBytes=16; exactTagIdentitySha256=24c2bc0850f6ab5438c9f4e6bdb3ae44082895030ff5cf3454590c1e292053c3; declaredFrameCount=1; authoring name, visual bounds, placement, and runtime reachability remain unresolved."
swf-definition-00136,42,,sprite,source-assets/flash/HELP MATH_ORIGINAL FILES/HELP_COURSES/ELMGR4/L3/TI/L3TI06.swf,,,cd997228308c5344ef3cf5c20353c861a560464d4d190e75611ebd795fa06332,DefineSprite,,,none; original SWF tag payload inventoried without export,machine-extracted-definition,owner-provided SWF,"container=root; definitionDepth=0; tagOrdinal=136; payloadBytes=511; exactTagIdentitySha256=c00d81ca4b06f7ca1d13afd722b937f01c9c8c39c8fec92db557a8d7687996d0; declaredFrameCount=1; authoring name, visual bounds, placement, and runtime reachability remain unresolved."
swf-definition-00146,43,,sprite,source-assets/flash/HELP MATH_ORIGINAL FILES/HELP_COURSES/ELMGR4/L3/TI/L3TI06.swf,,,a211abb6b167f5548247e9c21f81aac76a7ff7039255e980dd7bb244558413e1,DefineSprite,,,none; original SWF tag payload inventoried without export,machine-extracted-definition,owner-provided SWF,"container=root; definitionDepth=0; tagOrdinal=146; payloadBytes=101; exactTagIdentitySha256=9cdb69df51ef7f2a19ea8ebe48c33b47cdda189a651a98a4ceebe4cb26a20399; declaredFrameCount=3; authoring name, visual bounds, placement, and runtime reachability remain unresolved."
swf-definition-00160,44,,shape,source-assets/flash/HELP MATH_ORIGINAL FILES/HELP_COURSES/ELMGR4/L3/TI/L3TI06.swf,,,019e4eb7bdfad1b58e1722fb64eec3a352c9184d633418aed4d466b2380fa771,DefineShape,,,none; original SWF tag payload inventoried without export,machine-extracted-definition,owner-provided SWF,"container=root; definitionDepth=0; tagOrdinal=160; payloadBytes=31; exactTagIdentitySha256=d42e636614a783ff9f576595bbd3f80d2dc7fb7db80352c1c254e4131da3616a; authoring name, visual bounds, placement, and runtime reachability remain unresolved."
swf-definition-00161,45,,sprite,source-assets/flash/HELP MATH_ORIGINAL FILES/HELP_COURSES/ELMGR4/L3/TI/L3TI06.swf,,,8933ac5865389b6f993fc202fe452130b3266d6eab8bd1553bcb7e478a67794b,DefineSprite,,,none; original SWF tag payload inventoried without export,machine-extracted-definition,owner-provided SWF,"container=root; definitionDepth=0; tagOrdinal=161; payloadBytes=16; exactTagIdentitySha256=944d8dedcf7084875d8967e39636bea59b09133db4ad19694e897534b8fdbc9d; declaredFrameCount=1; authoring name, visual bounds, placement, and runtime reachability remain unresolved."
swf-definition-00165,46,,shape,source-assets/flash/HELP MATH_ORIGINAL FILES/HELP_COURSES/ELMGR4/L3/TI/L3TI06.swf,,,afc27c859101224e492c0ef8fb1ff71da5b4a69a67a86ce6ff7a1c00b6a52ec8,DefineShape,,,none; original SWF tag payload inventoried without export,machine-extracted-definition,owner-provided SWF,"container=root; definitionDepth=0; tagOrdinal=165; payloadBytes=24; exactTagIdentitySha256=b2eef80490bf5cd2811bc878fe794e1fe8bbad4a633dd6160950651e9c5cc7ef; authoring name, visual bounds, placement, and runtime reachability remain unresolved."
swf-definition-00166,47,,sprite,source-assets/flash/HELP MATH_ORIGINAL FILES/HELP_COURSES/ELMGR4/L3/TI/L3TI06.swf,,,be27bb88fdc70745a7d410cf3030be35dbbd5b9ac106fa81508cb1eec339ac11,DefineSprite,,,none; original SWF tag payload inventoried without export,machine-extracted-definition,owner-provided SWF,"container=root; definitionDepth=0; tagOrdinal=166; payloadBytes=22; exactTagIdentitySha256=11847d6db348580903823fffe321d2d29801b480cd2a105b7f421dc2ca5c2db6; declaredFrameCount=1; authoring name, visual bounds, placement, and runtime reachability remain unresolved."
swf-definition-00170,48,,sprite,source-assets/flash/HELP MATH_ORIGINAL FILES/HELP_COURSES/ELMGR4/L3/TI/L3TI06.swf,,,ab3d302215e11fd4d124626cb4897657335ffadb1ceda9c5ec9d90cf0b470411,DefineSprite,,,none; original SWF tag payload inventoried without export,machine-extracted-definition,owner-provided SWF,"container=root; definitionDepth=0; tagOrdinal=170; payloadBytes=21; exactTagIdentitySha256=da481509014726922f5a8884019d1e541125429f6252d2103815e7b5b4eadd0a; declaredFrameCount=1; authoring name, visual bounds, placement, and runtime reachability remain unresolved."
swf-definition-00174,49,,sprite,source-assets/flash/HELP MATH_ORIGINAL FILES/HELP_COURSES/ELMGR4/L3/TI/L3TI06.swf,,,4edfdcb321a752277fdbeae90492b0f4fbf31b374a538c4be5fc1313549bf9ab,DefineSprite,,,none; original SWF tag payload inventoried without export,machine-extracted-definition,owner-provided SWF,"container=root; definitionDepth=0; tagOrdinal=174; payloadBytes=20; exactTagIdentitySha256=9dc280162227cf45c562d357eb0a704f3ce130fed3b85328e75b01f939aa7039; declaredFrameCount=1; authoring name, visual bounds, placement, and runtime reachability remain unresolved."
swf-definition-00178,50,,sprite,source-assets/flash/HELP MATH_ORIGINAL FILES/HELP_COURSES/ELMGR4/L3/TI/L3TI06.swf,,,0f393d024b252c749ef29eea64b0862dff121c9a19d63f2afc81d4e3d88d7972,DefineSprite,,,none; original SWF tag payload inventoried without export,machine-extracted-definition,owner-provided SWF,"container=root; definitionDepth=0; tagOrdinal=178; payloadBytes=377; exactTagIdentitySha256=1ee8a64c4acf00e8fed883b8fafc245bdcd3b3ef1562aeb15cb1ba9414bcefda; declaredFrameCount=1; authoring name, visual bounds, placement, and runtime reachability remain unresolved."
swf-definition-00186,51,,sprite,source-assets/flash/HELP MATH_ORIGINAL FILES/HELP_COURSES/ELMGR4/L3/TI/L3TI06.swf,,,6a121d96284783f2e1448b3fa20c59739fa5a7abe89174fd980ca1b2182e6273,DefineSprite,,,none; original SWF tag payload inventoried without export,machine-extracted-definition,owner-provided SWF,"container=root; definitionDepth=0; tagOrdinal=186; payloadBytes=22; exactTagIdentitySha256=aad9d7ed7ebed55849491eafb6c4c2a1e7740a9dc7b832cf8e626ceb1a6532da; declaredFrameCount=1; authoring name, visual bounds, placement, and runtime reachability remain unresolved."
swf-definition-00190,52,,sprite,source-assets/flash/HELP MATH_ORIGINAL FILES/HELP_COURSES/ELMGR4/L3/TI/L3TI06.swf,,,8b471b03ef49a58ec359294f7b76759d856b86b57703f6c127e5c1a3dd7cb369,DefineSprite,,,none; original SWF tag payload inventoried without export,machine-extracted-definition,owner-provided SWF,"container=root; definitionDepth=0; tagOrdinal=190; payloadBytes=22; exactTagIdentitySha256=4cf4f617b3876a3d45872658ebb99fa5c316a81e990c5e875f725fe28557fad0; declaredFrameCount=1; authoring name, visual bounds, placement, and runtime reachability remain unresolved."
swf-definition-00194,53,,shape,source-assets/flash/HELP MATH_ORIGINAL FILES/HELP_COURSES/ELMGR4/L3/TI/L3TI06.swf,,,01eb861209b6fda387137d58f5b97704f497946d1550cc13e121487cf63be977,DefineShape,,,none; original SWF tag payload inventoried without export,machine-extracted-definition,owner-provided SWF,"container=root; definitionDepth=0; tagOrdinal=194; payloadBytes=30; exactTagIdentitySha256=5da57fd4ac109625239b8476d01b51994242782c9474a2021da445b1d16ed64d; authoring name, visual bounds, placement, and runtime reachability remain unresolved."
swf-definition-00195,54,,sprite,source-assets/flash/HELP MATH_ORIGINAL FILES/HELP_COURSES/ELMGR4/L3/TI/L3TI06.swf,,,124e72d3cdb211460eef833b944d2aacb11910e84366477374a7931c695acfb6,DefineSprite,,,none; original SWF tag payload inventoried without export,machine-extracted-definition,owner-provided SWF,"container=root; definitionDepth=0; tagOrdinal=195; payloadBytes=16; exactTagIdentitySha256=4c80cac8e03e60fe4bed36c744e61223591edde7e55861ad897bd2ededb5082c; declaredFrameCount=1; authoring name, visual bounds, placement, and runtime reachability remain unresolved."
swf-definition-00199,55,,sprite,source-assets/flash/HELP MATH_ORIGINAL FILES/HELP_COURSES/ELMGR4/L3/TI/L3TI06.swf,,,cfe229d0eade9ba56569bcaf068499e61d53681d65ff773a2616b710c73a26bf,DefineSprite,,,none; original SWF tag payload inventoried without export,machine-extracted-definition,owner-provided SWF,"container=root; definitionDepth=0; tagOrdinal=199; payloadBytes=16; exactTagIdentitySha256=af9ab1b86fcdcc7b7018687710ff2da7bad9d1e6ece8338718078bce407c7d84; declaredFrameCount=1; authoring name, visual bounds, placement, and runtime reachability remain unresolved."
swf-definition-00203,56,,sprite,source-assets/flash/HELP MATH_ORIGINAL FILES/HELP_COURSES/ELMGR4/L3/TI/L3TI06.swf,,,bffa5123e98003288d59f0e09e7b051ce08d35be3c591910c645dcab98787902,DefineSprite,,,none; original SWF tag payload inventoried without export,machine-extracted-definition,owner-provided SWF,"container=root; definitionDepth=0; tagOrdinal=203; payloadBytes=21; exactTagIdentitySha256=f601ac5959e5668c663de98faf3c6963cf0c46bcb1bd5c6527511e3640612539; declaredFrameCount=1; authoring name, visual bounds, placement, and runtime reachability remain unresolved."
swf-definition-00207,57,,sprite,source-assets/flash/HELP MATH_ORIGINAL FILES/HELP_COURSES/ELMGR4/L3/TI/L3TI06.swf,,,9a20224efd0f0265a52dc13937e6948862780b14dc9e40c45a56c2e2956c0485,DefineSprite,,,none; original SWF tag payload inventoried without export,machine-extracted-definition,owner-provided SWF,"container=root; definitionDepth=0; tagOrdinal=207; payloadBytes=452; exactTagIdentitySha256=fba08d35de87e715ce4c5a90d95b71964c2d836c06c6109158898b3c992e13c2; declaredFrameCount=1; authoring name, visual bounds, placement, and runtime reachability remain unresolved."
swf-definition-00216,58,,sprite,source-assets/flash/HELP MATH_ORIGINAL FILES/HELP_COURSES/ELMGR4/L3/TI/L3TI06.swf,,,7c944dac99936b265b8ea95474a4107feaff2059d1959378854d829999873118,DefineSprite,,,none; original SWF tag payload inventoried without export,machine-extracted-definition,owner-provided SWF,"container=root; definitionDepth=0; tagOrdinal=216; payloadBytes=21; exactTagIdentitySha256=8a845f14035ed06482cf6d0881375b2c329b8ba6cdce107978b98f0a043066e5; declaredFrameCount=1; authoring name, visual bounds, placement, and runtime reachability remain unresolved."
swf-definition-00220,59,,shape,source-assets/flash/HELP MATH_ORIGINAL FILES/HELP_COURSES/ELMGR4/L3/TI/L3TI06.swf,,,f7278d1f25d89ab11c07871f7428771334433982ae3824b90b77e02c58b380f1,DefineShape,,,none; original SWF tag payload inventoried without export,machine-extracted-definition,owner-provided SWF,"container=root; definitionDepth=0; tagOrdinal=220; payloadBytes=32; exactTagIdentitySha256=5a07b6aa4dcfa153c7f0360b493211edb1ce63970897eadd5b8bfed51695160c; authoring name, visual bounds, placement, and runtime reachability remain unresolved."
swf-definition-00221,60,,sprite,source-assets/flash/HELP MATH_ORIGINAL FILES/HELP_COURSES/ELMGR4/L3/TI/L3TI06.swf,,,c681d3e72ca5d579f88fc2ec4a00810fe364cf700fc04917e3e4d271b648408a,DefineSprite,,,none; original SWF tag payload inventoried without export,machine-extracted-definition,owner-provided SWF,"container=root; definitionDepth=0; tagOrdinal=221; payloadBytes=16; exactTagIdentitySha256=78d9fcb9c1e7eae8bedd66f4f3b39313ed8d8f0a8ddbca404eb741eb40705ed5; declaredFrameCount=1; authoring name, visual bounds, placement, and runtime reachability remain unresolved."
swf-definition-00225,61,,sprite,source-assets/flash/HELP MATH_ORIGINAL FILES/HELP_COURSES/ELMGR4/L3/TI/L3TI06.swf,,,2653129deed5c310e9f731522a705da1824deaed7e367bacd8bbc0eaac88c559,DefineSprite,,,none; original SWF tag payload inventoried without export,machine-extracted-definition,owner-provided SWF,"container=root; definitionDepth=0; tagOrdinal=225; payloadBytes=16; exactTagIdentitySha256=9ee6e3625bcc257ed64961eba458583828cf51a8e599c2c879012ea42032c9b4; declaredFrameCount=1; authoring name, visual bounds, placement, and runtime reachability remain unresolved."
swf-definition-00229,62,,sprite,source-assets/flash/HELP MATH_ORIGINAL FILES/HELP_COURSES/ELMGR4/L3/TI/L3TI06.swf,,,649294dbd0d32ada9e4accdc924fb662f542a783782af6aaccc16a784ea88d4b,DefineSprite,,,none; original SWF tag payload inventoried without export,machine-extracted-definition,owner-provided SWF,"container=root; definitionDepth=0; tagOrdinal=229; payloadBytes=346; exactTagIdentitySha256=133e2152f02e82e6a1d80f6f58cf4640139f8fa0f011db6d8a0767a555eebc63; declaredFrameCount=1; authoring name, visual bounds, placement, and runtime reachability remain unresolved."
swf-definition-00236,63,,sprite,source-assets/flash/HELP MATH_ORIGINAL FILES/HELP_COURSES/ELMGR4/L3/TI/L3TI06.swf,,,e1d45dfa5d66c95eda5d2c7184e5f21d044d5e0e9192c244f5363245adfc08fb,DefineSprite,,,none; original SWF tag payload inventoried without export,machine-extracted-definition,owner-provided SWF,"container=root; definitionDepth=0; tagOrdinal=236; payloadBytes=97; exactTagIdentitySha256=108e8e3b567bc2ec32d9123cf0a022e2be412c9dfe888987cf0bb2a1c275e641; declaredFrameCount=1; authoring name, visual bounds, placement, and runtime reachability remain unresolved."
swf-definition-00244,64,,sprite,source-assets/flash/HELP MATH_ORIGINAL FILES/HELP_COURSES/ELMGR4/L3/TI/L3TI06.swf,,,1968b31dfe1381bb6460456823cabb800457c5c6be264f2369922249d5047df4,DefineSprite,,,none; original SWF tag payload inventoried without export,machine-extracted-definition,owner-provided SWF,"container=root; definitionDepth=0; tagOrdinal=244; payloadBytes=16; exactTagIdentitySha256=9d2745ac5112b8ba5fa430e24539b9e920d6e79a6cdf11c6030d48ee94988fc8; declaredFrameCount=1; authoring name, visual bounds, placement, and runtime reachability remain unresolved."
swf-definition-00248,65,,shape,source-assets/flash/HELP MATH_ORIGINAL FILES/HELP_COURSES/ELMGR4/L3/TI/L3TI06.swf,,,832573ce83468ed80556ab9674bca3bb5fa325e0df5bb7121b8f87d25d812a79,DefineShape,,,none; original SWF tag payload inventoried without export,machine-extracted-definition,owner-provided SWF,"container=root; definitionDepth=0; tagOrdinal=248; payloadBytes=40; exactTagIdentitySha256=ba2fc6efd7149e97f0395133e3fd576ce9b4b87af06d16cc91298ce531304cb8; authoring name, visual bounds, placement, and runtime reachability remain unresolved."
swf-definition-00249,66,,sprite,source-assets/flash/HELP MATH_ORIGINAL FILES/HELP_COURSES/ELMGR4/L3/TI/L3TI06.swf,,,2c4a8d1f177b21b9c64f005d865775dc09522666c0fcb1de5908f7ce1bd816cc,DefineSprite,,,none; original SWF tag payload inventoried without export,machine-extracted-definition,owner-provided SWF,"container=root; definitionDepth=0; tagOrdinal=249; payloadBytes=16; exactTagIdentitySha256=77c49455645feec0ed3b9c0e9016ec949e9e3625f7de3d88e30c0f3bb53eb031; declaredFrameCount=1; authoring name, visual bounds, placement, and runtime reachability remain unresolved."
swf-definition-00253,67,,sprite,source-assets/flash/HELP MATH_ORIGINAL FILES/HELP_COURSES/ELMGR4/L3/TI/L3TI06.swf,,,2dc7ac3d40b7aae658dc202bec4cc8d425e0a187654f43b3a5c67dea066ec03c,DefineSprite,,,none; original SWF tag payload inventoried without export,machine-extracted-definition,owner-provided SWF,"container=root; definitionDepth=0; tagOrdinal=253; payloadBytes=16; exactTagIdentitySha256=fa3701111525057c871efd538643cab3fa37b92bb11427c8e0e845d2c7653878; declaredFrameCount=1; authoring name, visual bounds, placement, and runtime reachability remain unresolved."
swf-definition-00257,68,,sprite,source-assets/flash/HELP MATH_ORIGINAL FILES/HELP_COURSES/ELMGR4/L3/TI/L3TI06.swf,,,270af767451cdc60956fa4ae7ba00f64b7e8a4cec76eee4f5d40d0c88228ef2a,DefineSprite,,,none; original SWF tag payload inventoried without export,machine-extracted-definition,owner-provided SWF,"container=root; definitionDepth=0; tagOrdinal=257; payloadBytes=16; exactTagIdentitySha256=d322bdeccce8de98fbd9a4e12109c0b672839aa700ea0ee9854f5791bf0a6fdf; declaredFrameCount=1; authoring name, visual bounds, placement, and runtime reachability remain unresolved."
swf-definition-00261,69,,sprite,source-assets/flash/HELP MATH_ORIGINAL FILES/HELP_COURSES/ELMGR4/L3/TI/L3TI06.swf,,,5afd493d8d85c5049cf3ebc65d9e5468bd4e7c861f19af4fb91ecb45b050cd33,DefineSprite,,,none; original SWF tag payload inventoried without export,machine-extracted-definition,owner-provided SWF,"container=root; definitionDepth=0; tagOrdinal=261; payloadBytes=16; exactTagIdentitySha256=07a2b12dd8ecc1f8f2d7955d5454b491761607f9c2c6a6bff2ad0e1a928c606b; declaredFrameCount=1; authoring name, visual bounds, placement, and runtime reachability remain unresolved."
swf-definition-00265,70,,sprite,source-assets/flash/HELP MATH_ORIGINAL FILES/HELP_COURSES/ELMGR4/L3/TI/L3TI06.swf,,,35ed549bb28d276bc9f0c397f7757d641fbf20de308abdb50b81dbd59d856f16,DefineSprite,,,none; original SWF tag payload inventoried without export,machine-extracted-definition,owner-provided SWF,"container=root; definitionDepth=0; tagOrdinal=265; payloadBytes=16; exactTagIdentitySha256=d28b38cdfb0c676754b08de5ac52d5205e90a18a7f6987ceb3c8b3ede18e9fd4; declaredFrameCount=1; authoring name, visual bounds, placement, and runtime reachability remain unresolved."
swf-definition-00269,71,,sprite,source-assets/flash/HELP MATH_ORIGINAL FILES/HELP_COURSES/ELMGR4/L3/TI/L3TI06.swf,,,998f14e14f355727f61582ccbde0f0d3c73f71000dbf04e2a0339691dc2ed12b,DefineSprite,,,none; original SWF tag payload inventoried without export,machine-extracted-definition,owner-provided SWF,"container=root; definitionDepth=0; tagOrdinal=269; payloadBytes=498; exactTagIdentitySha256=a3a2ba65a977c0652750704d495b112ad5a4abc2ee888ef5609b3497cff20443; declaredFrameCount=1; authoring name, visual bounds, placement, and runtime reachability remain unresolved."
swf-definition-00279,72,,sprite,source-assets/flash/HELP MATH_ORIGINAL FILES/HELP_COURSES/ELMGR4/L3/TI/L3TI06.swf,,,2678683c4d4065c5a75e8dca87be24afc185d897594d9d2b56252c27b7195ae1,DefineSprite,,,none; original SWF tag payload inventoried without export,machine-extracted-definition,owner-provided SWF,"container=root; definitionDepth=0; tagOrdinal=279; payloadBytes=16; exactTagIdentitySha256=c7261abf8bc8c835a17a70e7f26f1a43b893aaaa8e99dab84cf4bf48d677bb98; declaredFrameCount=1; authoring name, visual bounds, placement, and runtime reachability remain unresolved."
swf-definition-00283,73,,sprite,source-assets/flash/HELP MATH_ORIGINAL FILES/HELP_COURSES/ELMGR4/L3/TI/L3TI06.swf,,,157358f880cb3bb4988b55b3353fc17902fd67fadc6443cd13bd6cf1e5f5a5fc,DefineSprite,,,none; original SWF tag payload inventoried without export,machine-extracted-definition,owner-provided SWF,"container=root; definitionDepth=0; tagOrdinal=283; payloadBytes=16; exactTagIdentitySha256=6cd9a5ed4569131881bf34423e13be4c84cf28720c961c5e262f13a308a7abb0; declaredFrameCount=1; authoring name, visual bounds, placement, and runtime reachability remain unresolved."
swf-definition-00287,74,,sprite,source-assets/flash/HELP MATH_ORIGINAL FILES/HELP_COURSES/ELMGR4/L3/TI/L3TI06.swf,,,93f6c5eaa33d38f09f065127310e872f8bdcc022e95e480967a470e33080313f,DefineSprite,,,none; original SWF tag payload inventoried without export,machine-extracted-definition,owner-provided SWF,"container=root; definitionDepth=0; tagOrdinal=287; payloadBytes=16; exactTagIdentitySha256=2dd0667e81f44fc8c514c4acbd01e4d6552af92f49c45494fc9ce9dffdaaccb3; declaredFrameCount=1; authoring name, visual bounds, placement, and runtime reachability remain unresolved."
swf-definition-00291,75,,sprite,source-assets/flash/HELP MATH_ORIGINAL FILES/HELP_COURSES/ELMGR4/L3/TI/L3TI06.swf,,,067de3e368eea868494a05f033d0c4f60a624dda551d6778e1332f21eae6a37b,DefineSprite,,,none; original SWF tag payload inventoried without export,machine-extracted-definition,owner-provided SWF,"container=root; definitionDepth=0; tagOrdinal=291; payloadBytes=16; exactTagIdentitySha256=8efc4401905e61187ad32e09485501bbb9b70fe9c5a08ca0208126e7f85d948c; declaredFrameCount=1; authoring name, visual bounds, placement, and runtime reachability remain unresolved."
swf-definition-00295,76,,sprite,source-assets/flash/HELP MATH_ORIGINAL FILES/HELP_COURSES/ELMGR4/L3/TI/L3TI06.swf,,,8c6324cab5530827b1343066bc8286d23cb6e12c6a450be1bd3bec6c23c9b5bf,DefineSprite,,,none; original SWF tag payload inventoried without export,machine-extracted-definition,owner-provided SWF,"container=root; definitionDepth=0; tagOrdinal=295; payloadBytes=16; exactTagIdentitySha256=82e83f1e713e11e11fd3f8b744f9857aaf7adebab31a6e057f65e41b6fab48b3; declaredFrameCount=1; authoring name, visual bounds, placement, and runtime reachability remain unresolved."
swf-definition-00299,77,,shape,source-assets/flash/HELP MATH_ORIGINAL FILES/HELP_COURSES/ELMGR4/L3/TI/L3TI06.swf,,,87cc3b459dd7477764ba79a80ef53818870eb9da57d24bc7d8293a98db2752cf,DefineShape,,,none; original SWF tag payload inventoried without export,machine-extracted-definition,owner-provided SWF,"container=root; definitionDepth=0; tagOrdinal=299; payloadBytes=44; exactTagIdentitySha256=cfdc0dced35b8941b98c103bc52a31ca0a7a26205dcd968fbcb8da6dffc3c099; authoring name, visual bounds, placement, and runtime reachability remain unresolved."
swf-definition-00300,78,,sprite,source-assets/flash/HELP MATH_ORIGINAL FILES/HELP_COURSES/ELMGR4/L3/TI/L3TI06.swf,,,0cbdfa037f740e6d2656446aa16aa5966d90dc95107d5c8c29494613fb9cd127,DefineSprite,,,none; original SWF tag payload inventoried without export,machine-extracted-definition,owner-provided SWF,"container=root; definitionDepth=0; tagOrdinal=300; payloadBytes=16; exactTagIdentitySha256=385f41452358e751f0dbcab978f76c0a678720c18362363d98bb8bd3165417e7; declaredFrameCount=1; authoring name, visual bounds, placement, and runtime reachability remain unresolved."
swf-definition-00304,79,,sprite,source-assets/flash/HELP MATH_ORIGINAL FILES/HELP_COURSES/ELMGR4/L3/TI/L3TI06.swf,,,ea73f4c861664132a6aea6ad3ee4f342e0d510aa699ad69cb844743d655c95cd,DefineSprite,,,none; original SWF tag payload inventoried without export,machine-extracted-definition,owner-provided SWF,"container=root; definitionDepth=0; tagOrdinal=304; payloadBytes=499; exactTagIdentitySha256=58af3ca210283aca8c125b993f61ba5da655196212630508dc2cd713008173a7; declaredFrameCount=1; authoring name, visual bounds, placement, and runtime reachability remain unresolved."
swf-definition-00314,80,,sprite,source-assets/flash/HELP MATH_ORIGINAL FILES/HELP_COURSES/ELMGR4/L3/TI/L3TI06.swf,,,e9e998362b02ea22d55d75b4d5029facec86a90d396e748b8a5f5e1662855e8a,DefineSprite,,,none; original SWF tag payload inventoried without export,machine-extracted-definition,owner-provided SWF,"container=root; definitionDepth=0; tagOrdinal=314; payloadBytes=16; exactTagIdentitySha256=3a27782ba86ebd3c6fa288981e35aea939ad4e6be67c711738a65024512737de; declaredFrameCount=1; authoring name, visual bounds, placement, and runtime reachability remain unresolved."
swf-definition-00318,81,,sprite,source-assets/flash/HELP MATH_ORIGINAL FILES/HELP_COURSES/ELMGR4/L3/TI/L3TI06.swf,,,258ab144200cd04251200bfaefd5c1e9fc8bf9316241ceaafd3c4236b32d70b7,DefineSprite,,,none; original SWF tag payload inventoried without export,machine-extracted-definition,owner-provided SWF,"container=root; definitionDepth=0; tagOrdinal=318; payloadBytes=16; exactTagIdentitySha256=2383b762a5cd0839605bb5b534293256ba362124b1f5ca371c47a8839b99f667; declaredFrameCount=1; authoring name, visual bounds, placement, and runtime reachability remain unresolved."
swf-definition-00322,82,,sprite,source-assets/flash/HELP MATH_ORIGINAL FILES/HELP_COURSES/ELMGR4/L3/TI/L3TI06.swf,,,3003ce8f5fafa9410e4f216c3bd38fdb05c0c4f05dee4ef796a0d87afa15f47f,DefineSprite,,,none; original SWF tag payload inventoried without export,machine-extracted-definition,owner-provided SWF,"container=root; definitionDepth=0; tagOrdinal=322; payloadBytes=16; exactTagIdentitySha256=f25de5305eeecba2d50891cba58d0934a398ff90b30234cafa5849f965676a34; declaredFrameCount=1; authoring name, visual bounds, placement, and runtime reachability remain unresolved."
swf-definition-00326,83,,sprite,source-assets/flash/HELP MATH_ORIGINAL FILES/HELP_COURSES/ELMGR4/L3/TI/L3TI06.swf,,,c02dea11d7350e681eaf04900efa828602be915759f6038add8ec5d49e1388b4,DefineSprite,,,none; original SWF tag payload inventoried without export,machine-extracted-definition,owner-provided SWF,"container=root; definitionDepth=0; tagOrdinal=326; payloadBytes=16; exactTagIdentitySha256=ecb97cac94a9e2a6435997b21abab088004b3a2c1c903ea0caf76135f4ad938a; declaredFrameCount=1; authoring name, visual bounds, placement, and runtime reachability remain unresolved."
swf-definition-00330,84,,sprite,source-assets/flash/HELP MATH_ORIGINAL FILES/HELP_COURSES/ELMGR4/L3/TI/L3TI06.swf,,,13379119540f6d75c18ea4967520a564654e956c8ad8dde272cf33c47dabc4bd,DefineSprite,,,none; original SWF tag payload inventoried without export,machine-extracted-definition,owner-provided SWF,"container=root; definitionDepth=0; tagOrdinal=330; payloadBytes=16; exactTagIdentitySha256=0aae097993fa1b6394ca52a29228ee348d5751f58f15d7b5dd10b23a9b888f0e; declaredFrameCount=1; authoring name, visual bounds, placement, and runtime reachability remain unresolved."
swf-definition-00334,85,,shape,source-assets/flash/HELP MATH_ORIGINAL FILES/HELP_COURSES/ELMGR4/L3/TI/L3TI06.swf,,,1d47a4784da87b6f003171d58ff1719908fac6a717cf0f85f918e25e0c17c840,DefineShape,,,none; original SWF tag payload inventoried without export,machine-extracted-definition,owner-provided SWF,"container=root; definitionDepth=0; tagOrdinal=334; payloadBytes=41; exactTagIdentitySha256=e1bbf3f8230228c55fc6a2a97e62b2a4b9d68b25d0a84ffc79d088fbf105494f; authoring name, visual bounds, placement, and runtime reachability remain unresolved."
swf-definition-00335,86,,sprite,source-assets/flash/HELP MATH_ORIGINAL FILES/HELP_COURSES/ELMGR4/L3/TI/L3TI06.swf,,,b9845b8205c4b4143cba122137f212726112d83738de67b02ea5948138895ca6,DefineSprite,,,none; original SWF tag payload inventoried without export,machine-extracted-definition,owner-provided SWF,"container=root; definitionDepth=0; tagOrdinal=335; payloadBytes=16; exactTagIdentitySha256=554dc32b94732ff47a876077bf0c29371e5e23952e1a65a41c8918b04736273a; declaredFrameCount=1; authoring name, visual bounds, placement, and runtime reachability remain unresolved."
swf-definition-00339,87,,sprite,source-assets/flash/HELP MATH_ORIGINAL FILES/HELP_COURSES/ELMGR4/L3/TI/L3TI06.swf,,,aed816762d52307f724cb91fb8d8d04b3758aa2cacfe0c1b7d9505f3059dadb9,DefineSprite,,,none; original SWF tag payload inventoried without export,machine-extracted-definition,owner-provided SWF,"container=root; definitionDepth=0; tagOrdinal=339; payloadBytes=511; exactTagIdentitySha256=8480d3a0c38e1ef7f2078931705d3b9716606676f07e49e9cfa84647cfb39154; declaredFrameCount=1; authoring name, visual bounds, placement, and runtime reachability remain unresolved."
swf-definition-00349,88,,sprite,source-assets/flash/HELP MATH_ORIGINAL FILES/HELP_COURSES/ELMGR4/L3/TI/L3TI06.swf,,,faf9e9e1812d33cfad1d766733a2021aa621730db569d1348e6caa7671f982bb,DefineSprite,,,none; original SWF tag payload inventoried without export,machine-extracted-definition,owner-provided SWF,"container=root; definitionDepth=0; tagOrdinal=349; payloadBytes=101; exactTagIdentitySha256=1b46fc2b79c1bfef426cf24bf5aefe766481f358b7eade2b1ad3f31b806de0f8; declaredFrameCount=3; authoring name, visual bounds, placement, and runtime reachability remain unresolved."
swf-definition-00363,89,,shape,source-assets/flash/HELP MATH_ORIGINAL FILES/HELP_COURSES/ELMGR4/L3/TI/L3TI06.swf,,,07c77799ea3ca511be145ac012bf1a48fff396eb5e2ab54ee631c7dc927ae9ed,DefineShape,,,none; original SWF tag payload inventoried without export,machine-extracted-definition,owner-provided SWF,"container=root; definitionDepth=0; tagOrdinal=363; payloadBytes=31; exactTagIdentitySha256=0b6ef54518faafe9dbbe5eef7b85fd171abd987f95253c4807de33134fb4b3f1; authoring name, visual bounds, placement, and runtime reachability remain unresolved."
swf-definition-00364,90,,sprite,source-assets/flash/HELP MATH_ORIGINAL FILES/HELP_COURSES/ELMGR4/L3/TI/L3TI06.swf,,,922aa0c428a37ab67f6e64fcf93473a85abae972b65cb53616a37c1cf9307aa1,DefineSprite,,,none; original SWF tag payload inventoried without export,machine-extracted-definition,owner-provided SWF,"container=root; definitionDepth=0; tagOrdinal=364; payloadBytes=16; exactTagIdentitySha256=f3b647d99e115e04b4f3ceec4f3c051b209ef6e981cdaa581af1deaf1956ab28; declaredFrameCount=1; authoring name, visual bounds, placement, and runtime reachability remain unresolved."
swf-definition-00368,91,,sprite,source-assets/flash/HELP MATH_ORIGINAL FILES/HELP_COURSES/ELMGR4/L3/TI/L3TI06.swf,,,d9e6176bf8363ba719410cc4b5727b9a0bcb42d263e0a4b8be8677d1242a8eb8,DefineSprite,,,none; original SWF tag payload inventoried without export,machine-extracted-definition,owner-provided SWF,"container=root; definitionDepth=0; tagOrdinal=368; payloadBytes=135; exactTagIdentitySha256=47d1b4bc0923fea594b9382f8d14037384d0f495a7c201e2bb9eac34f9ef9a4f; declaredFrameCount=1; authoring name, visual bounds, placement, and runtime reachability remain unresolved."
swf-definition-00373,92,,sprite,source-assets/flash/HELP MATH_ORIGINAL FILES/HELP_COURSES/ELMGR4/L3/TI/L3TI06.swf,,,9cd477d5a465befe963f62eead3cb55b7b816a38c230b4ffa350e576b7a8f3e7,DefineSprite,,,none; original SWF tag payload inventoried without export,machine-extracted-definition,owner-provided SWF,"container=root; definitionDepth=0; tagOrdinal=373; payloadBytes=42; exactTagIdentitySha256=8b74ebb56a2be16e8869085ee0ebea0e6f912a9a428a1ecb0a495e132ebb3ed0; declaredFrameCount=1; authoring name, visual bounds, placement, and runtime reachability remain unresolved."
swf-definition-00379,93,,sprite,source-assets/flash/HELP MATH_ORIGINAL FILES/HELP_COURSES/ELMGR4/L3/TI/L3TI06.swf,,,f547f294597a0f67303853f271301aea9375d2b153072f1f531c5ef49ef6351f,DefineSprite,,,none; original SWF tag payload inventoried without export,machine-extracted-definition,owner-provided SWF,"container=root; definitionDepth=0; tagOrdinal=379; payloadBytes=12; exactTagIdentitySha256=9c32b21d0c2407aa15c3286b1a227213c52ea435cce65367aa1d67cd54dbab88; declaredFrameCount=3; authoring name, visual bounds, placement, and runtime reachability remain unresolved."
swf-definition-00385,94,,shape,source-assets/flash/HELP MATH_ORIGINAL FILES/HELP_COURSES/ELMGR4/L3/TI/L3TI06.swf,,,6a632a7dec7d27b3d3ad57328cb578a0fd65f185779265e31ac1b0609605b159,DefineShape3,,,none; original SWF tag payload inventoried without export,machine-extracted-definition,owner-provided SWF,"container=root; definitionDepth=0; tagOrdinal=385; payloadBytes=489; exactTagIdentitySha256=14934ff4db3dc5fcd0b102a6fe7565d1819da1a53521efc2b9c841c2c4947a17; authoring name, visual bounds, placement, and runtime reachability remain unresolved."
swf-definition-00386,95,,text,source-assets/flash/HELP MATH_ORIGINAL FILES/HELP_COURSES/ELMGR4/L3/TI/L3TI06.swf,,,f6f40b9b0ba817dccbb3aaa555e1f3958320c5ca9301f1ef9127eaff83df2a10,DefineText,,,none; original SWF tag payload inventoried without export,machine-extracted-definition,owner-provided SWF,"container=root; definitionDepth=0; tagOrdinal=386; payloadBytes=25; exactTagIdentitySha256=cc98a1b9a093d72d429b26e5d855ed85066377a6cc5f3a88225e47c2037b674a; authoring name, visual bounds, placement, and runtime reachability remain unresolved."
swf-definition-00387,96,,shape,source-assets/flash/HELP MATH_ORIGINAL FILES/HELP_COURSES/ELMGR4/L3/TI/L3TI06.swf,,,0922218dec51258abff5f9db39bccc9ae03a9f4ad18968356cdb911c7fe358cf,DefineShape3,,,none; original SWF tag payload inventoried without export,machine-extracted-definition,owner-provided SWF,"container=root; definitionDepth=0; tagOrdinal=387; payloadBytes=489; exactTagIdentitySha256=f934b506835726b65293209b90a3c41620a0a18dfe55d6a9bc5a28e18266f02d; authoring name, visual bounds, placement, and runtime reachability remain unresolved."
swf-definition-00388,97,,text,source-assets/flash/HELP MATH_ORIGINAL FILES/HELP_COURSES/ELMGR4/L3/TI/L3TI06.swf,,,16961bd00331f1955f79d19be8a621165e6a2dbe32634e5b81c2065af2f4ddc2,DefineText,,,none; original SWF tag payload inventoried without export,machine-extracted-definition,owner-provided SWF,"container=root; definitionDepth=0; tagOrdinal=388; payloadBytes=26; exactTagIdentitySha256=c7545251c7e2fddb5e167e2fc0fd567414acbce34b9d5165033828688dc386fa; authoring name, visual bounds, placement, and runtime reachability remain unresolved."
swf-definition-00389,98,,shape,source-assets/flash/HELP MATH_ORIGINAL FILES/HELP_COURSES/ELMGR4/L3/TI/L3TI06.swf,,,174071aa43849a00f58c7679de224f9a1c87a56b9969399e77524a900ae4df77,DefineShape3,,,none; original SWF tag payload inventoried without export,machine-extracted-definition,owner-provided SWF,"container=root; definitionDepth=0; tagOrdinal=389; payloadBytes=489; exactTagIdentitySha256=0b4b6c6a0e965aac9f521fc0d2f15a8cbb27ccb5c85b7c58e196fe87545032de; authoring name, visual bounds, placement, and runtime reachability remain unresolved."
swf-definition-00390,99,,text,source-assets/flash/HELP MATH_ORIGINAL FILES/HELP_COURSES/ELMGR4/L3/TI/L3TI06.swf,,,3f98427f6902d847464ac586c959a20cafa79786d14173c0dbffa388b58e1086,DefineText,,,none; original SWF tag payload inventoried without export,machine-extracted-definition,owner-provided SWF,"container=root; definitionDepth=0; tagOrdinal=390; payloadBytes=25; exactTagIdentitySha256=cb1fe61bc742fbccd969a2538d476eaf64be2970352bff2ca2a2e26ba041f5a4; authoring name, visual bounds, placement, and runtime reachability remain unresolved."
swf-definition-00391,100,,text,source-assets/flash/HELP MATH_ORIGINAL FILES/HELP_COURSES/ELMGR4/L3/TI/L3TI06.swf,,,5cb3666812a478748ac0b61189db7cacf639186b1312020692c7218274f1b390,DefineText,,,none; original SWF tag payload inventoried without export,machine-extracted-definition,owner-provided SWF,"container=root; definitionDepth=0; tagOrdinal=391; payloadBytes=40; exactTagIdentitySha256=91f210e56f71e82d35ba7442fd4569cd78847ca43e0039544e2314b61b3acb06; authoring name, visual bounds, placement, and runtime reachability remain unresolved."
swf-definition-00392,101,,text,source-assets/flash/HELP MATH_ORIGINAL FILES/HELP_COURSES/ELMGR4/L3/TI/L3TI06.swf,,,db58f234d9c2a3e070fed8e629d2596d60243215e178bbd1f5f50bc072d80bd0,DefineText,,,none; original SWF tag payload inventoried without export,machine-extracted-definition,owner-provided SWF,"container=root; definitionDepth=0; tagOrdinal=392; payloadBytes=44; exactTagIdentitySha256=424f753de01411ea9891195dfa2cfb6a8a5e14912a81f6e0f59161f99ae796ef; authoring name, visual bounds, placement, and runtime reachability remain unresolved."
swf-definition-00393,102,,text,source-assets/flash/HELP MATH_ORIGINAL FILES/HELP_COURSES/ELMGR4/L3/TI/L3TI06.swf,,,68e57a56f8c3ae6a6663617b8178fcb96b8159ecb3a47bbd6b79aaf026e726fb,DefineText,,,none; original SWF tag payload inventoried without export,machine-extracted-definition,owner-provided SWF,"container=root; definitionDepth=0; tagOrdinal=393; payloadBytes=47; exactTagIdentitySha256=2316ce60f23dd238be1441a26c7dcaf2f0cb2e01e38494e6209ab7f97aa8a90c; authoring name, visual bounds, placement, and runtime reachability remain unresolved."
swf-definition-00394,103,,text,source-assets/flash/HELP MATH_ORIGINAL FILES/HELP_COURSES/ELMGR4/L3/TI/L3TI06.swf,,,6ca53aea5cbe223e4960920f54f07cfaa8d28c67a717aa49205c35f617890d52,DefineText,,,none; original SWF tag payload inventoried without export,machine-extracted-definition,owner-provided SWF,"container=root; definitionDepth=0; tagOrdinal=394; payloadBytes=46; exactTagIdentitySha256=22f20341d737f3ae36749d35f3f17fc560ec2b35d1616d1eb0db0337f85cd481; authoring name, visual bounds, placement, and runtime reachability remain unresolved."
swf-definition-00395,104,,sprite,source-assets/flash/HELP MATH_ORIGINAL FILES/HELP_COURSES/ELMGR4/L3/TI/L3TI06.swf,,,73f0a8944574d0f4fd781dfa667d5f391b899dd24534dbc5d6f94bf715442e6c,DefineSprite,,,none; original SWF tag payload inventoried without export,machine-extracted-definition,owner-provided SWF,"container=root; definitionDepth=0; tagOrdinal=395; payloadBytes=116; exactTagIdentitySha256=04be71493db37d0953f1c93661fa2bcc957d05beac4764cba4b5cc7464275e62; declaredFrameCount=1; authoring name, visual bounds, placement, and runtime reachability remain unresolved."
swf-definition-00409,105,,shape,source-assets/flash/HELP MATH_ORIGINAL FILES/HELP_COURSES/ELMGR4/L3/TI/L3TI06.swf,,,e068c2084dc615fa73a342640718a630679562b4986038eae26d74150c17133f,DefineShape,,,none; original SWF tag payload inventoried without export,machine-extracted-definition,owner-provided SWF,"container=root; definitionDepth=0; tagOrdinal=409; payloadBytes=408; exactTagIdentitySha256=ae505a3944650db8536ad77efd7d20d93a002b6d97ce40eafbadcfad5f6c6b65; authoring name, visual bounds, placement, and runtime reachability remain unresolved."
swf-definition-00410,106,Arial,font,source-assets/flash/HELP MATH_ORIGINAL FILES/HELP_COURSES/ELMGR4/L3/TI/L3TI06.swf,,,cc750311508aba9be2f4d37201f2031a597ab48b60fa905e1d925865bf898fe0,DefineFont2,,19,none; original SWF tag payload inventoried without export,machine-extracted-definition,owner-provided SWF,"container=root; definitionDepth=0; tagOrdinal=410; payloadBytes=1461; exactTagIdentitySha256=94a9f412be0ab4760de43c1b96762874433439948ff4fb90979477d2536bb84c; authoring name, visual bounds, placement, and runtime reachability remain unresolved."
swf-definition-00411,107,,text,source-assets/flash/HELP MATH_ORIGINAL FILES/HELP_COURSES/ELMGR4/L3/TI/L3TI06.swf,,,459203d156fad5177459b3334df4ca33ad4d23b98d5eb4de89bf5eed198383c1,DefineText,,,none; original SWF tag payload inventoried without export,machine-extracted-definition,owner-provided SWF,"container=root; definitionDepth=0; tagOrdinal=411; payloadBytes=35; exactTagIdentitySha256=c6133d3c22e7e417da31bf18597fbb9422256ad5e1151716e6c2656ea86e038b; authoring name, visual bounds, placement, and runtime reachability remain unresolved."
swf-definition-00412,108,,text,source-assets/flash/HELP MATH_ORIGINAL FILES/HELP_COURSES/ELMGR4/L3/TI/L3TI06.swf,,,a01289fc0efba62f79841f8b9923084dfd4c68c285e720be0d3dcbf7bec722ca,DefineText,,,none; original SWF tag payload inventoried without export,machine-extracted-definition,owner-provided SWF,"container=root; definitionDepth=0; tagOrdinal=412; payloadBytes=85; exactTagIdentitySha256=c9fe9dbb7e2756d01b9618d27cb7ca39145e64fe64e72110102a854f5cecddaa; authoring name, visual bounds, placement, and runtime reachability remain unresolved."
swf-definition-00413,109,,text,source-assets/flash/HELP MATH_ORIGINAL FILES/HELP_COURSES/ELMGR4/L3/TI/L3TI06.swf,,,e98b8d16fa73f504035d7c9bda4a99f6e0915d2c363a861c0ce0465f3c2e250c,DefineText,,,none; original SWF tag payload inventoried without export,machine-extracted-definition,owner-provided SWF,"container=root; definitionDepth=0; tagOrdinal=413; payloadBytes=44; exactTagIdentitySha256=b4d2f2decb25120ce7d739cf461e2feeaaf98cf90b6cc400796aa12b3c9f4d9f; authoring name, visual bounds, placement, and runtime reachability remain unresolved."
swf-definition-00414,110,Arial,font,source-assets/flash/HELP MATH_ORIGINAL FILES/HELP_COURSES/ELMGR4/L3/TI/L3TI06.swf,,,2c90a78695eceac86c19e704f3c0b567d6c525d624cc5152f8f2b22b3b8472e1,DefineFont2,,10,none; original SWF tag payload inventoried without export,machine-extracted-definition,owner-provided SWF,"container=root; definitionDepth=0; tagOrdinal=414; payloadBytes=938; exactTagIdentitySha256=a76a7312844d16f177cb085510e7b26cfb376eb98ccbebe7dd6589d9ec915ff3; authoring name, visual bounds, placement, and runtime reachability remain unresolved."
swf-definition-00415,111,,text,source-assets/flash/HELP MATH_ORIGINAL FILES/HELP_COURSES/ELMGR4/L3/TI/L3TI06.swf,,,47f1008daea942463ff3e4d007b7c1257c02ef87779141b33a4e0c12231251f1,DefineText,,,none; original SWF tag payload inventoried without export,machine-extracted-definition,owner-provided SWF,"container=root; definitionDepth=0; tagOrdinal=415; payloadBytes=26; exactTagIdentitySha256=7d735968229f08390d38db6eb3fab9c00670b1291626493c368a495a6c902ec8; authoring name, visual bounds, placement, and runtime reachability remain unresolved."
swf-definition-00416,112,,text,source-assets/flash/HELP MATH_ORIGINAL FILES/HELP_COURSES/ELMGR4/L3/TI/L3TI06.swf,,,3503cfbec2d011c7f039ed54641d0f26fd60c9b8f828b1fc49c645f29fec82dd,DefineText,,,none; original SWF tag payload inventoried without export,machine-extracted-definition,owner-provided SWF,"container=root; definitionDepth=0; tagOrdinal=416; payloadBytes=27; exactTagIdentitySha256=f74e60ccdeda40b70eb3516d15cc6635e9a9658960bbc1534feb0e49870633db; authoring name, visual bounds, placement, and runtime reachability remain unresolved."
swf-definition-00417,113,,text,source-assets/flash/HELP MATH_ORIGINAL FILES/HELP_COURSES/ELMGR4/L3/TI/L3TI06.swf,,,de0650b7e786114f06bc9a914c335d599ae25a821eea55632a7a74f2fc6d729d,DefineText,,,none; original SWF tag payload inventoried without export,machine-extracted-definition,owner-provided SWF,"container=root; definitionDepth=0; tagOrdinal=417; payloadBytes=26; exactTagIdentitySha256=662f18fd770c42af1794942056568ad046f5af40f5ef13708f6ff39770c805f4; authoring name, visual bounds, placement, and runtime reachability remain unresolved."
swf-definition-00418,114,,text,source-assets/flash/HELP MATH_ORIGINAL FILES/HELP_COURSES/ELMGR4/L3/TI/L3TI06.swf,,,c074a73c0bcb9e5015f8e09a0cbd01045aa750d759fec460eefbbf892f282c03,DefineText,,,none; original SWF tag payload inventoried without export,machine-extracted-definition,owner-provided SWF,"container=root; definitionDepth=0; tagOrdinal=418; payloadBytes=26; exactTagIdentitySha256=3f7bb7dcfec18ab141173be5bfba76b3f3750d4257e15f7fe4c18138ef102b41; authoring name, visual bounds, placement, and runtime reachability remain unresolved."
swf-definition-00419,115,,text,source-assets/flash/HELP MATH_ORIGINAL FILES/HELP_COURSES/ELMGR4/L3/TI/L3TI06.swf,,,0a773845d5a1de6fd26a0297bb3e4337c7b1d0c8af506b774daabfcbc042b4b7,DefineText,,,none; original SWF tag payload inventoried without export,machine-extracted-definition,owner-provided SWF,"container=root; definitionDepth=0; tagOrdinal=419; payloadBytes=26; exactTagIdentitySha256=df8c484e83d090e4d54623228fba9d8eb9c4b7067d8b810955a9708e0a8459dc; authoring name, visual bounds, placement, and runtime reachability remain unresolved."
swf-definition-00420,116,,text,source-assets/flash/HELP MATH_ORIGINAL FILES/HELP_COURSES/ELMGR4/L3/TI/L3TI06.swf,,,3baf53698f84a19d94b6070fa5fca1df22972397967c5eaa42a7be840d03af7c,DefineText,,,none; original SWF tag payload inventoried without export,machine-extracted-definition,owner-provided SWF,"container=root; definitionDepth=0; tagOrdinal=420; payloadBytes=26; exactTagIdentitySha256=ec28da8da673609b511636c8e95b155b76fd08e2415bd6e885f5f3e712549ac7; authoring name, visual bounds, placement, and runtime reachability remain unresolved."
swf-definition-00421,117,,text,source-assets/flash/HELP MATH_ORIGINAL FILES/HELP_COURSES/ELMGR4/L3/TI/L3TI06.swf,,,9835d53b43f9e26b6aa159f79ba671f3bfb4dcb95157b731a92a4ecad0c86279,DefineText,,,none; original SWF tag payload inventoried without export,machine-extracted-definition,owner-provided SWF,"container=root; definitionDepth=0; tagOrdinal=421; payloadBytes=25; exactTagIdentitySha256=00e6517bdd14d4af99cff67a875a4e1026f8c865920493dcebb7a82b255f572f; authoring name, visual bounds, placement, and runtime reachability remain unresolved."
swf-definition-00422,118,,text,source-assets/flash/HELP MATH_ORIGINAL FILES/HELP_COURSES/ELMGR4/L3/TI/L3TI06.swf,,,ab3cc9fab2daadf06a294220aa2318a7fc9216f1b0fa795865705c49a32bf088,DefineText,,,none; original SWF tag payload inventoried without export,machine-extracted-definition,owner-provided SWF,"container=root; definitionDepth=0; tagOrdinal=422; payloadBytes=25; exactTagIdentitySha256=9819da03b46f8c65f348d35b873819b7ee0df7dfbd61303f35fdd1c5102d8518; authoring name, visual bounds, placement, and runtime reachability remain unresolved."
swf-definition-00423,119,,text,source-assets/flash/HELP MATH_ORIGINAL FILES/HELP_COURSES/ELMGR4/L3/TI/L3TI06.swf,,,5dfbfa0edca0095966c4e795dc82792a69009142fb6499e2be097cc6f6ff524c,DefineText,,,none; original SWF tag payload inventoried without export,machine-extracted-definition,owner-provided SWF,"container=root; definitionDepth=0; tagOrdinal=423; payloadBytes=33; exactTagIdentitySha256=e595b372e2592fb531373eeea958a330726870504117a9f17e8b6d968ee5b55d; authoring name, visual bounds, placement, and runtime reachability remain unresolved."
swf-definition-00424,120,,text,source-assets/flash/HELP MATH_ORIGINAL FILES/HELP_COURSES/ELMGR4/L3/TI/L3TI06.swf,,,d6f05c881f6e09a11ac91910c073493f3a31054dc66ef1503e108c5f31715765,DefineText,,,none; original SWF tag payload inventoried without export,machine-extracted-definition,owner-provided SWF,"container=root; definitionDepth=0; tagOrdinal=424; payloadBytes=25; exactTagIdentitySha256=787de5a036c2067cd3c9e05e2f6f74f12b4314dab7d3719e871cbfccea7b3907; authoring name, visual bounds, placement, and runtime reachability remain unresolved."
swf-definition-00425,121,,text,source-assets/flash/HELP MATH_ORIGINAL FILES/HELP_COURSES/ELMGR4/L3/TI/L3TI06.swf,,,e1674d108e00047d969b533c9df974f0c610ff586420de26eed15c10cee32f99,DefineText,,,none; original SWF tag payload inventoried without export,machine-extracted-definition,owner-provided SWF,"container=root; definitionDepth=0; tagOrdinal=425; payloadBytes=25; exactTagIdentitySha256=fde161278a76b24e4d12152d5c23cbc595bab1439a54421adc70b9036e27d7fa; authoring name, visual bounds, placement, and runtime reachability remain unresolved."
swf-definition-00426,122,,text,source-assets/flash/HELP MATH_ORIGINAL FILES/HELP_COURSES/ELMGR4/L3/TI/L3TI06.swf,,,51d937d3b3aee6dff49cb3e7d344582b1096a8e077bb18aaa382922058744a05,DefineText,,,none; original SWF tag payload inventoried without export,machine-extracted-definition,owner-provided SWF,"container=root; definitionDepth=0; tagOrdinal=426; payloadBytes=25; exactTagIdentitySha256=7a5c55410b09084f5d806dc571055f8876ad6ed2af28553e5f4700992cae9062; authoring name, visual bounds, placement, and runtime reachability remain unresolved."
swf-definition-00427,123,,text,source-assets/flash/HELP MATH_ORIGINAL FILES/HELP_COURSES/ELMGR4/L3/TI/L3TI06.swf,,,31e12d9fe935291040bdb8b7e1ee7245ca93b06b28cc371da54ded6bdf441367,DefineText,,,none; original SWF tag payload inventoried without export,machine-extracted-definition,owner-provided SWF,"container=root; definitionDepth=0; tagOrdinal=427; payloadBytes=31; exactTagIdentitySha256=bc80743eaca3a42f8c8770d4ee46b6c7de63f108b365fddf31e68616e66840bb; authoring name, visual bounds, placement, and runtime reachability remain unresolved."
swf-definition-00428,124,,text,source-assets/flash/HELP MATH_ORIGINAL FILES/HELP_COURSES/ELMGR4/L3/TI/L3TI06.swf,,,464fcf4329bf05e43efeafb699736e39e48b5e8efe321163f3b10e4a0badb021,DefineText,,,none; original SWF tag payload inventoried without export,machine-extracted-definition,owner-provided SWF,"container=root; definitionDepth=0; tagOrdinal=428; payloadBytes=33; exactTagIdentitySha256=43a1768b084142258871cf51b09f84b7f39dff45a281170bbb567bc41211e05c; authoring name, visual bounds, placement, and runtime reachability remain unresolved."
swf-definition-00429,125,,text,source-assets/flash/HELP MATH_ORIGINAL FILES/HELP_COURSES/ELMGR4/L3/TI/L3TI06.swf,,,a41a462364d4a8d30a54c236f9aaf938c58d369629f5bc49a0404162bce1b542,DefineText,,,none; original SWF tag payload inventoried without export,machine-extracted-definition,owner-provided SWF,"container=root; definitionDepth=0; tagOrdinal=429; payloadBytes=31; exactTagIdentitySha256=9cd141f941b5608587e92d0c0a43bc1dab11cfb793728d5ff83549a770d09356; authoring name, visual bounds, placement, and runtime reachability remain unresolved."
swf-definition-00430,126,,text,source-assets/flash/HELP MATH_ORIGINAL FILES/HELP_COURSES/ELMGR4/L3/TI/L3TI06.swf,,,f1fb87b5440ba7f1755966ccb44fdf5060f2ccf74042a3d792b362b3bddbb2f5,DefineText,,,none; original SWF tag payload inventoried without export,machine-extracted-definition,owner-provided SWF,"container=root; definitionDepth=0; tagOrdinal=430; payloadBytes=33; exactTagIdentitySha256=2a8fcbe68453314c0980979d755de229c27d0b60b5a1347a6772ef44a48bb73b; authoring name, visual bounds, placement, and runtime reachability remain unresolved."
swf-definition-00431,127,,text,source-assets/flash/HELP MATH_ORIGINAL FILES/HELP_COURSES/ELMGR4/L3/TI/L3TI06.swf,,,fccb16e63d4ec1ba66764036fbfe56baa8f22fc6d2f274205963a2b595979c97,DefineText,,,none; original SWF tag payload inventoried without export,machine-extracted-definition,owner-provided SWF,"container=root; definitionDepth=0; tagOrdinal=431; payloadBytes=31; exactTagIdentitySha256=cf658005bd3cda8a7ce163d7210c9f61c5fea760660670ddb395433e50c0f2c4; authoring name, visual bounds, placement, and runtime reachability remain unresolved."
swf-definition-00432,128,,text,source-assets/flash/HELP MATH_ORIGINAL FILES/HELP_COURSES/ELMGR4/L3/TI/L3TI06.swf,,,31b7586edd3f6eb35e4ffa914d312b63078484b9860b408d19d0e853836dedb5,DefineText,,,none; original SWF tag payload inventoried without export,machine-extracted-definition,owner-provided SWF,"container=root; definitionDepth=0; tagOrdinal=432; payloadBytes=33; exactTagIdentitySha256=8f6d39a4b07dc4b0433c907341606c6ce75596649628005c8eaa0465e64e60d4; authoring name, visual bounds, placement, and runtime reachability remain unresolved."
swf-definition-00433,129,,text,source-assets/flash/HELP MATH_ORIGINAL FILES/HELP_COURSES/ELMGR4/L3/TI/L3TI06.swf,,,35a50363d54e8e1e6f15ff203d0d35b47387aed63c07e7459ee0bdb2fdf75d73,DefineText,,,none; original SWF tag payload inventoried without export,machine-extracted-definition,owner-provided SWF,"container=root; definitionDepth=0; tagOrdinal=433; payloadBytes=31; exactTagIdentitySha256=07c6051c791ad464785f7259d16f888b890b1c65d8419308570218113dd950b2; authoring name, visual bounds, placement, and runtime reachability remain unresolved."
swf-definition-00434,130,,text,source-assets/flash/HELP MATH_ORIGINAL FILES/HELP_COURSES/ELMGR4/L3/TI/L3TI06.swf,,,1939bd012384238db9eb8b0f9217e95ed87f129c66c3ad19c8dc8a608910cf12,DefineText,,,none; original SWF tag payload inventoried without export,machine-extracted-definition,owner-provided SWF,"container=root; definitionDepth=0; tagOrdinal=434; payloadBytes=33; exactTagIdentitySha256=536f0939025b8ce65d17598d9715740a414bc43c5870821581b572af026b37bd; authoring name, visual bounds, placement, and runtime reachability remain unresolved."
swf-definition-00435,131,,text,source-assets/flash/HELP MATH_ORIGINAL FILES/HELP_COURSES/ELMGR4/L3/TI/L3TI06.swf,,,1ecefcfd5c8cc933f42f464869221ac81c6a7415ee365c200ab0d4f9c4e27d2a,DefineText,,,none; original SWF tag payload inventoried without export,machine-extracted-definition,owner-provided SWF,"container=root; definitionDepth=0; tagOrdinal=435; payloadBytes=30; exactTagIdentitySha256=851bdb01c4f0b2d79d24b3fb2dfa7ceb79f664b7a7ee3c93a09219ee8e0b278c; authoring name, visual bounds, placement, and runtime reachability remain unresolved."
swf-definition-00436,132,,shape,source-assets/flash/HELP MATH_ORIGINAL FILES/HELP_COURSES/ELMGR4/L3/TI/L3TI06.swf,,,167fc3bb28f2b9fe677169410865772f6297cb2d253fbbec9da9ca92955dfdea,DefineShape3,,,none; original SWF tag payload inventoried without export,machine-extracted-definition,owner-provided SWF,"container=root; definitionDepth=0; tagOrdinal=436; payloadBytes=626; exactTagIdentitySha256=59693a9e6c86354c7f8cadc2a2257ccf4f5b4b73140579c6407ea34a875248ae; authoring name, visual bounds, placement, and runtime reachability remain unresolved."
swf-definition-00437,133,,text,source-assets/flash/HELP MATH_ORIGINAL FILES/HELP_COURSES/ELMGR4/L3/TI/L3TI06.swf,,,ac218cebe97ef576b06d0928ecd569ba2dac2d1a94b45d30b1696ddf2b3c0bf8,DefineText,,,none; original SWF tag payload inventoried without export,machine-extracted-definition,owner-provided SWF,"container=root; definitionDepth=0; tagOrdinal=437; payloadBytes=25; exactTagIdentitySha256=8b166dac66c34eeb0eacc4e979a5f22391c24f151ff0418db44103865b2f59cb; authoring name, visual bounds, placement, and runtime reachability remain unresolved."
swf-definition-00438,134,,sprite,source-assets/flash/HELP MATH_ORIGINAL FILES/HELP_COURSES/ELMGR4/L3/TI/L3TI06.swf,,,3c13094838385294c2cdd96fb6aa23c4b3f45f46831898faec3a0bf3208a3251,DefineSprite,,,none; original SWF tag payload inventoried without export,machine-extracted-definition,owner-provided SWF,"container=root; definitionDepth=0; tagOrdinal=438; payloadBytes=425; exactTagIdentitySha256=a8bcb2aceb4827600a62b1bd6ba5f0a7265ff51f0ebeb1cfd4f7518861879d25; declaredFrameCount=1; authoring name, visual bounds, placement, and runtime reachability remain unresolved."
swf-definition-00469,135,,shape,source-assets/flash/HELP MATH_ORIGINAL FILES/HELP_COURSES/ELMGR4/L3/TI/L3TI06.swf,,,518b3eb0f5c591754421cc80ba79544951682b97261bc56577b3bbdd8bdb9682,DefineShape,,,none; original SWF tag payload inventoried without export,machine-extracted-definition,owner-provided SWF,"container=root; definitionDepth=0; tagOrdinal=469; payloadBytes=390; exactTagIdentitySha256=3623694bbf6ec8f463eff46b4bfe09d351b377a1f5898155b873848dae5c57c8; authoring name, visual bounds, placement, and runtime reachability remain unresolved."
swf-definition-00470,136,,shape,source-assets/flash/HELP MATH_ORIGINAL FILES/HELP_COURSES/ELMGR4/L3/TI/L3TI06.swf,,,4e11b2b2159009413304a9309c74a4eae159fb58b6427af5cae63a3b69efc47f,DefineShape2,,,none; original SWF tag payload inventoried without export,machine-extracted-definition,owner-provided SWF,"container=root; definitionDepth=0; tagOrdinal=470; payloadBytes=166; exactTagIdentitySha256=d29ce86902acd7152dcb7de549ea94294a2f3e7a92a6f07cbc575c769f77fe01; authoring name, visual bounds, placement, and runtime reachability remain unresolved."
swf-definition-00471,137,,sprite,source-assets/flash/HELP MATH_ORIGINAL FILES/HELP_COURSES/ELMGR4/L3/TI/L3TI06.swf,,,bf353dfa531c2ff22d10fab6499e9264fe4003e4f1b4618ac08c050f2f48c0f2,DefineSprite,,,none; original SWF tag payload inventoried without export,machine-extracted-definition,owner-provided SWF,"container=root; definitionDepth=0; tagOrdinal=471; payloadBytes=409; exactTagIdentitySha256=a8ada46f95f060ce78196ef0168997e1317d793809c6acedfe70fed03bfff616; declaredFrameCount=1; authoring name, visual bounds, placement, and runtime reachability remain unresolved."
swf-definition-00501,138,,text,source-assets/flash/HELP MATH_ORIGINAL FILES/HELP_COURSES/ELMGR4/L3/TI/L3TI06.swf,,,db70c4f23537b1590e6b2b150e53c74ac2c3cf419549cc5c5e206bfe554e6f34,DefineText,,,none; original SWF tag payload inventoried without export,machine-extracted-definition,owner-provided SWF,"container=root; definitionDepth=0; tagOrdinal=501; payloadBytes=25; exactTagIdentitySha256=0ff52e2c9fb25fa97bf8a4ee62e03b3fc245cd7e4aff766480e65f70531fc8f8; authoring name, visual bounds, placement, and runtime reachability remain unresolved."
swf-definition-00503,139,,text,source-assets/flash/HELP MATH_ORIGINAL FILES/HELP_COURSES/ELMGR4/L3/TI/L3TI06.swf,,,d1703bc3acf77e616760ca97398d70838aed62e4a43daf4a83325341e914bedc,DefineText,,,none; original SWF tag payload inventoried without export,machine-extracted-definition,owner-provided SWF,"container=root; definitionDepth=0; tagOrdinal=503; payloadBytes=25; exactTagIdentitySha256=b914ea810e5423c28b0ef5a19b5fabc3d0c6fdfaafe00c7f50bbfb4fbd58bae9; authoring name, visual bounds, placement, and runtime reachability remain unresolved."
swf-definition-00505,140,,shape,source-assets/flash/HELP MATH_ORIGINAL FILES/HELP_COURSES/ELMGR4/L3/TI/L3TI06.swf,,,2e988b824f1444c68f436335c2bfcfea06c6592c134ac54068fa0e18aeba0586,DefineShape,,,none; original SWF tag payload inventoried without export,machine-extracted-definition,owner-provided SWF,"container=root; definitionDepth=0; tagOrdinal=505; payloadBytes=24; exactTagIdentitySha256=6ab0f70e11a0bb55b1e99c0bf9082ce2c0d099dffc84be1005b2e6f900b99a1a; authoring name, visual bounds, placement, and runtime reachability remain unresolved."
swf-definition-00506,141,,shape,source-assets/flash/HELP MATH_ORIGINAL FILES/HELP_COURSES/ELMGR4/L3/TI/L3TI06.swf,,,4da3cc0b4e0c3758e6c31a390f7f144b0c2d9c908a0947d98d71952e8caa66b3,DefineShape,,,none; original SWF tag payload inventoried without export,machine-extracted-definition,owner-provided SWF,"container=root; definitionDepth=0; tagOrdinal=506; payloadBytes=27; exactTagIdentitySha256=caf164ac6319b0b28a5af2f6cc7726fd2a8dbd64dc884eb7c5c3cb62f2643cf0; authoring name, visual bounds, placement, and runtime reachability remain unresolved."
swf-definition-00507,142,,text,source-assets/flash/HELP MATH_ORIGINAL FILES/HELP_COURSES/ELMGR4/L3/TI/L3TI06.swf,,,c6259ed1679c4c071f66056097db447d4c09dab708b069a13720bdca5d0e2dcc,DefineText,,,none; original SWF tag payload inventoried without export,machine-extracted-definition,owner-provided SWF,"container=root; definitionDepth=0; tagOrdinal=507; payloadBytes=111; exactTagIdentitySha256=aba84cea10461aeed9468dcab7063d146bf22eeb07c70a0fb72fa9890bc2140a; authoring name, visual bounds, placement, and runtime reachability remain unresolved."
swf-definition-00509,143,Bauhaus Md BT,font,source-assets/flash/HELP MATH_ORIGINAL FILES/HELP_COURSES/ELMGR4/L3/TI/L3TI06.swf,,,8996ee7a4487050af5ec15f233db8f37929b53dc4c1cff71681ca96e315cf544,DefineFont2,,15,none; original SWF tag payload inventoried without export,machine-extracted-definition,owner-provided SWF,"container=root; definitionDepth=0; tagOrdinal=509; payloadBytes=1026; exactTagIdentitySha256=6d368c0908b3c8f29cfd293b8afa7d421dd24980826b870a9f71215f874ae728; authoring name, visual bounds, placement, and runtime reachability remain unresolved."
swf-definition-00510,144,,text,source-assets/flash/HELP MATH_ORIGINAL FILES/HELP_COURSES/ELMGR4/L3/TI/L3TI06.swf,,,6a975ff5cdb649c0576ee90144ccf1243c4cabc44cf84a72db68b2822dbdd34a,DefineText,,,none; original SWF tag payload inventoried without export,machine-extracted-definition,owner-provided SWF,"container=root; definitionDepth=0; tagOrdinal=510; payloadBytes=25; exactTagIdentitySha256=72671f88f6a8222a2bc4852117336d1be400471693995c00d24ca40df79ed012; authoring name, visual bounds, placement, and runtime reachability remain unresolved."
swf-definition-00512,145,,shape,source-assets/flash/HELP MATH_ORIGINAL FILES/HELP_COURSES/ELMGR4/L3/TI/L3TI06.swf,,,cc401deabee1044c1458c589a6be61a7c7113946d62b05e293a65214c8a54052,DefineShape,,,none; original SWF tag payload inventoried without export,machine-extracted-definition,owner-provided SWF,"container=root; definitionDepth=0; tagOrdinal=512; payloadBytes=66; exactTagIdentitySha256=264ce4e146edb7afa1a87df02fce7c4c7a6f9a18988484e195f71f4303001bba; authoring name, visual bounds, placement, and runtime reachability remain unresolved."
swf-definition-00517,146,,shape,source-assets/flash/HELP MATH_ORIGINAL FILES/HELP_COURSES/ELMGR4/L3/TI/L3TI06.swf,,,3fc402436046da0c0d95de181428501f9b043d8f574d8fb842f2ce1d5de2fc61,DefineShape,,,none; original SWF tag payload inventoried without export,machine-extracted-definition,owner-provided SWF,"container=root; definitionDepth=0; tagOrdinal=517; payloadBytes=29; exactTagIdentitySha256=b2a6393dbfc2a2e1953c41e881f0074d39e26e263a1e0d1c4f70deecfdbe743e; authoring name, visual bounds, placement, and runtime reachability remain unresolved."
swf-definition-00518,147,,button,source-assets/flash/HELP MATH_ORIGINAL FILES/HELP_COURSES/ELMGR4/L3/TI/L3TI06.swf,,,20385cee401cdd18411be05d33622e2ddd80d1c68029693809be9ff590876f2f,DefineButton2,,,none; original SWF tag payload inventoried without export,machine-extracted-definition,owner-provided SWF,"container=root; definitionDepth=0; tagOrdinal=518; payloadBytes=179; exactTagIdentitySha256=a53c0b30650f2b01df73b515848990382076067e093dbb676730db4d29a76832; authoring name, visual bounds, placement, and runtime reachability remain unresolved."
swf-definition-00519,148,,sprite,source-assets/flash/HELP MATH_ORIGINAL FILES/HELP_COURSES/ELMGR4/L3/TI/L3TI06.swf,,,cd83136c085750aac594c5465a192a5b881f768b228614af69464cb0e4a88e07,DefineSprite,,,none; original SWF tag payload inventoried without export,machine-extracted-definition,owner-provided SWF,"container=root; definitionDepth=0; tagOrdinal=519; payloadBytes=90; exactTagIdentitySha256=4c519de9643315be3efa7558ca3c40f4c3e42de4c76baa535f7f498257b97ab0; declaredFrameCount=1; authoring name, visual bounds, placement, and runtime reachability remain unresolved."
swf-definition-00531,149,,text,source-assets/flash/HELP MATH_ORIGINAL FILES/HELP_COURSES/ELMGR4/L3/TI/L3TI06.swf,,,77cc40bb420cccbbfc4273256a0499b76ecebf3ed8e26246a64b6f43c86ea5de,DefineText,,,none; original SWF tag payload inventoried without export,machine-extracted-definition,owner-provided SWF,"container=root; definitionDepth=0; tagOrdinal=531; payloadBytes=29; exactTagIdentitySha256=3b79f9bffc02c87612c23badc57c582109b8c33733ab98ee1390120d117ce92a; authoring name, visual bounds, placement, and runtime reachability remain unresolved."
swf-definition-00533,150,,text,source-assets/flash/HELP MATH_ORIGINAL FILES/HELP_COURSES/ELMGR4/L3/TI/L3TI06.swf,,,e85e6f84b7bb03028fb2070c15f416ebd23ad2bc26ca65381f9d11312d09e6bc,DefineText,,,none; original SWF tag payload inventoried without export,machine-extracted-definition,owner-provided SWF,"container=root; definitionDepth=0; tagOrdinal=533; payloadBytes=33; exactTagIdentitySha256=a8de6c74554add73b88b904e7e55523fded9484ee0ec2f1db0247b46690ca83a; authoring name, visual bounds, placement, and runtime reachability remain unresolved."
swf-definition-00535,151,,text,source-assets/flash/HELP MATH_ORIGINAL FILES/HELP_COURSES/ELMGR4/L3/TI/L3TI06.swf,,,7478c618790e15f46e7e6fb4cfe908b651143f273ee6b7f65110ac36e2e0893b,DefineText,,,none; original SWF tag payload inventoried without export,machine-extracted-definition,owner-provided SWF,"container=root; definitionDepth=0; tagOrdinal=535; payloadBytes=39; exactTagIdentitySha256=5cf30e296c61a0344694b4e05bc0d776b413c8d04e080c4e9b0ce27a7b7a036f; authoring name, visual bounds, placement, and runtime reachability remain unresolved."
swf-definition-00537,152,,text,source-assets/flash/HELP MATH_ORIGINAL FILES/HELP_COURSES/ELMGR4/L3/TI/L3TI06.swf,,,98dff207b8bb10192889ec05179509f6c18e4ed3855b39361b1962364e2da762,DefineText,,,none; original SWF tag payload inventoried without export,machine-extracted-definition,owner-provided SWF,"container=root; definitionDepth=0; tagOrdinal=537; payloadBytes=57; exactTagIdentitySha256=34a64859ea80f23f06f630fa690767c3b1368e243292d6ba9c9a46476b3c3c05; authoring name, visual bounds, placement, and runtime reachability remain unresolved."
swf-definition-00539,153,,shape,source-assets/flash/HELP MATH_ORIGINAL FILES/HELP_COURSES/ELMGR4/L3/TI/L3TI06.swf,,,b3b36cb1352ad5e9b673c415146291e74a4b155b066e843378faf291cd74bf54,DefineShape,,,none; original SWF tag payload inventoried without export,machine-extracted-definition,owner-provided SWF,"container=root; definitionDepth=0; tagOrdinal=539; payloadBytes=215; exactTagIdentitySha256=df8ed3ae2a3aef4b535fd53567bd923be81a2e61b4960f555d74945ca3a23298; authoring name, visual bounds, placement, and runtime reachability remain unresolved."
swf-definition-00544,154,,sprite,source-assets/flash/HELP MATH_ORIGINAL FILES/HELP_COURSES/ELMGR4/L3/TI/L3TI06.swf,,,c20ae410cf6afbf78173bb49298d477572ccbfbc5d1cdff50d7aa0cfc7b73729,DefineSprite,,,none; original SWF tag payload inventoried without export,machine-extracted-definition,owner-provided SWF,"container=root; definitionDepth=0; tagOrdinal=544; payloadBytes=80; exactTagIdentitySha256=1ae2ab7be4541995df2198c8a5aa221f248d240ddc5c815a726da1f9fa0d09a1; declaredFrameCount=1; authoring name, visual bounds, placement, and runtime reachability remain unresolved."
swf-definition-00553,155,,button,source-assets/flash/HELP MATH_ORIGINAL FILES/HELP_COURSES/ELMGR4/L3/TI/L3TI06.swf,,,102e865a76eca0f2bd7817d01afce06347d2a22e49791c115b95c409d477ef67,DefineButton2,,,none; original SWF tag payload inventoried without export,machine-extracted-definition,owner-provided SWF,"container=root; definitionDepth=0; tagOrdinal=553; payloadBytes=160; exactTagIdentitySha256=390b5d5fb619431a823da907ec4230413ca5a21098bc761b0c26a80b02fbce64; authoring name, visual bounds, placement, and runtime reachability remain unresolved."
swf-definition-00565,156,Arial Baltic,font,source-assets/flash/HELP MATH_ORIGINAL FILES/HELP_COURSES/ELMGR4/L3/TI/L3TI06.swf,,,3f791dadf98c9ed1ac86de335edca9fc70299bfb04afd212ffc57e6660f149c0,DefineFont2,,18,none; original SWF tag payload inventoried without export,machine-extracted-definition,owner-provided SWF,"container=root; definitionDepth=0; tagOrdinal=565; payloadBytes=1256; exactTagIdentitySha256=b8686feb8441d95a36d70cb98c4b6021d2436ff13de9385eeca18cb00f78027b; authoring name, visual bounds, placement, and runtime reachability remain unresolved."
swf-definition-00566,157,,text,source-assets/flash/HELP MATH_ORIGINAL FILES/HELP_COURSES/ELMGR4/L3/TI/L3TI06.swf,,,8256094d88132e4e68a5aef1c0aa89f1b006e02f03c1e0d3417f372350abeac7,DefineText,,,none; original SWF tag payload inventoried without export,machine-extracted-definition,owner-provided SWF,"container=root; definitionDepth=0; tagOrdinal=566; payloadBytes=75; exactTagIdentitySha256=58136b1cf5f80d5a4ed7ce0b26eca70074065c4c1b21beab9114e1dce933558f; authoring name, visual bounds, placement, and runtime reachability remain unresolved."
swf-definition-00567,158,,sprite,source-assets/flash/HELP MATH_ORIGINAL FILES/HELP_COURSES/ELMGR4/L3/TI/L3TI06.swf,,,4fb307fd807ac0ef717940584f96adbfe72a7d6d29bd629c3fab2e185f5d1c84,DefineSprite,,,none; original SWF tag payload inventoried without export,machine-extracted-definition,owner-provided SWF,"container=root; definitionDepth=0; tagOrdinal=567; payloadBytes=20; exactTagIdentitySha256=aff88c653de98401ac48de91552c06f0b11eaccd9a5024bf2b2a343db472e84c; declaredFrameCount=1; authoring name, visual bounds, placement, and runtime reachability remain unresolved."
swf-definition-00572,159,,shape,source-assets/flash/HELP MATH_ORIGINAL FILES/HELP_COURSES/ELMGR4/L3/TI/L3TI06.swf,,,ac041f26e67e95cd2a3aa2b5bcd7d5e771e441589d84588048ef86d6f6fbebce,DefineShape2,,,none; original SWF tag payload inventoried without export,machine-extracted-definition,owner-provided SWF,"container=root; definitionDepth=0; tagOrdinal=572; payloadBytes=83; exactTagIdentitySha256=b4bb33d3c3773d20d0bdb8f27255a29e352bb03f26577ee68b2aa7f759870bc6; authoring name, visual bounds, placement, and runtime reachability remain unresolved."
swf-definition-00574,160,,text,source-assets/flash/HELP MATH_ORIGINAL FILES/HELP_COURSES/ELMGR4/L3/TI/L3TI06.swf,,,a16592b11d91c3c2c35d6425c1e196b0e8851b8c127c4b3931f339ae8ef52970,DefineText,,,none; original SWF tag payload inventoried without export,machine-extracted-definition,owner-provided SWF,"container=root; definitionDepth=0; tagOrdinal=574; payloadBytes=164; exactTagIdentitySha256=f07b5b9d6f8a562c0310b1879f5394f31d45491350c6514cbc2c995a22d13b5f; authoring name, visual bounds, placement, and runtime reachability remain unresolved."
swf-definition-00575,161,,button,source-assets/flash/HELP MATH_ORIGINAL FILES/HELP_COURSES/ELMGR4/L3/TI/L3TI06.swf,,,adeb9ea84cdf38602865ab865da9d160c82be5901d247f4276087069f2610d02,DefineButton2,,,none; original SWF tag payload inventoried without export,machine-extracted-definition,owner-provided SWF,"container=root; definitionDepth=0; tagOrdinal=575; payloadBytes=180; exactTagIdentitySha256=1986a558397411a963b67e6267b96b94fa97ed79dda2c22f8d8c2eb00ece78b6; authoring name, visual bounds, placement, and runtime reachability remain unresolved."
swf-definition-00580,162,,shape,source-assets/flash/HELP MATH_ORIGINAL FILES/HELP_COURSES/ELMGR4/L3/TI/L3TI06.swf,,,4420c3ae9c9799ceb67e1ae7fa1df3c73465d8cedf43e6d0cd96f68bad62b5f8,DefineShape2,,,none; original SWF tag payload inventoried without export,machine-extracted-definition,owner-provided SWF,"container=root; definitionDepth=0; tagOrdinal=580; payloadBytes=344; exactTagIdentitySha256=5bc8a8fbd7058664c6daa62dcace69a4756b7609429aab69fd06658b30f7263f; authoring name, visual bounds, placement, and runtime reachability remain unresolved."
swf-definition-00581,163,,text,source-assets/flash/HELP MATH_ORIGINAL FILES/HELP_COURSES/ELMGR4/L3/TI/L3TI06.swf,,,bb055035f0504e073611296bd3b064fdef6308df668f215a22a8e888c3cfdef2,DefineText,,,none; original SWF tag payload inventoried without export,machine-extracted-definition,owner-provided SWF,"container=root; definitionDepth=0; tagOrdinal=581; payloadBytes=25; exactTagIdentitySha256=9ce0078bbad2cbee927b4513add4d40fe4346224d58426e1a4fa89e322dbc563; authoring name, visual bounds, placement, and runtime reachability remain unresolved."
swf-definition-00582,164,,text,source-assets/flash/HELP MATH_ORIGINAL FILES/HELP_COURSES/ELMGR4/L3/TI/L3TI06.swf,,,467081e153f16d32cc59d748b3e16cfff49c99ad6c5c733800604381bc4e585f,DefineText,,,none; original SWF tag payload inventoried without export,machine-extracted-definition,owner-provided SWF,"container=root; definitionDepth=0; tagOrdinal=582; payloadBytes=25; exactTagIdentitySha256=de3f6aeb8e0abe62e779cbd06d86509c401869e883c11e90281d9b90cb0e6f44; authoring name, visual bounds, placement, and runtime reachability remain unresolved."
swf-definition-00583,165,,shape,source-assets/flash/HELP MATH_ORIGINAL FILES/HELP_COURSES/ELMGR4/L3/TI/L3TI06.swf,,,6f905525d421f772805dc0a413b6789db60267b47620d30d75681ddb059866fc,DefineShape2,,,none; original SWF tag payload inventoried without export,machine-extracted-definition,owner-provided SWF,"container=root; definitionDepth=0; tagOrdinal=583; payloadBytes=63; exactTagIdentitySha256=70156bc9428b5b4ce339bd408ff60c3f85105e93d816d055df6295002582c770; authoring name, visual bounds, placement, and runtime reachability remain unresolved."
swf-definition-00584,166,,text,source-assets/flash/HELP MATH_ORIGINAL FILES/HELP_COURSES/ELMGR4/L3/TI/L3TI06.swf,,,64a38c063640c521fecf39d16e43a186083098bc90cf01cd7b9be38ace6d87d0,DefineText,,,none; original SWF tag payload inventoried without export,machine-extracted-definition,owner-provided SWF,"container=root; definitionDepth=0; tagOrdinal=584; payloadBytes=25; exactTagIdentitySha256=1f53047ae567ec86d9e651fe23e936d07dda61f600948651e6da065eff4fe205; authoring name, visual bounds, placement, and runtime reachability remain unresolved."
swf-definition-00585,167,,text,source-assets/flash/HELP MATH_ORIGINAL FILES/HELP_COURSES/ELMGR4/L3/TI/L3TI06.swf,,,90803e55a2fd4a9ca14a82377b8f41138b89d63dd5388a97146d7d20ff2e4d3e,DefineText,,,none; original SWF tag payload inventoried without export,machine-extracted-definition,owner-provided SWF,"container=root; definitionDepth=0; tagOrdinal=585; payloadBytes=25; exactTagIdentitySha256=c952a32ad6d49861e717f54722cc022d11a155c120fbee32bd13d4f8337a3f62; authoring name, visual bounds, placement, and runtime reachability remain unresolved."
swf-definition-00586,168,,text,source-assets/flash/HELP MATH_ORIGINAL FILES/HELP_COURSES/ELMGR4/L3/TI/L3TI06.swf,,,00c7e6eae23849eddd01e770641c5af62827f7e6cf882277dbf259115a0960b0,DefineText,,,none; original SWF tag payload inventoried without export,machine-extracted-definition,owner-provided SWF,"container=root; definitionDepth=0; tagOrdinal=586; payloadBytes=25; exactTagIdentitySha256=ca99044f706ea4d61d55fe3a9cb1b0b8515a99ad01356e2e8f00d787f980c930; authoring name, visual bounds, placement, and runtime reachability remain unresolved."
swf-definition-00587,169,,text,source-assets/flash/HELP MATH_ORIGINAL FILES/HELP_COURSES/ELMGR4/L3/TI/L3TI06.swf,,,ee2272e7b47a2e28f8bc7a8e3769faaef141d5e8d57e73efa2407c7017b1c1d8,DefineText,,,none; original SWF tag payload inventoried without export,machine-extracted-definition,owner-provided SWF,"container=root; definitionDepth=0; tagOrdinal=587; payloadBytes=25; exactTagIdentitySha256=8f6d93efde6ad46da2345f1421bba3028952985c05d023c67e2df9fc1a617a82; authoring name, visual bounds, placement, and runtime reachability remain unresolved."
swf-definition-00588,170,,text,source-assets/flash/HELP MATH_ORIGINAL FILES/HELP_COURSES/ELMGR4/L3/TI/L3TI06.swf,,,b05510fe9f2b4d01147379cc41bf9736d184c1753b31f46cfd85415a1dbaf3ab,DefineText,,,none; original SWF tag payload inventoried without export,machine-extracted-definition,owner-provided SWF,"container=root; definitionDepth=0; tagOrdinal=588; payloadBytes=25; exactTagIdentitySha256=627859bd40d1b7ace31612e79e66fb759e684c6e1c512c00ae620d1550e8c3d7; authoring name, visual bounds, placement, and runtime reachability remain unresolved."
swf-definition-00589,171,,text,source-assets/flash/HELP MATH_ORIGINAL FILES/HELP_COURSES/ELMGR4/L3/TI/L3TI06.swf,,,9a37cf6cf44bcb84ad9ab868fa3c55398fb4f492bcdaffe760f7e0aa3f76ffd6,DefineText,,,none; original SWF tag payload inventoried without export,machine-extracted-definition,owner-provided SWF,"container=root; definitionDepth=0; tagOrdinal=589; payloadBytes=25; exactTagIdentitySha256=5ac736d6a2a6a5881c17cda2d8131c4c6a67e6d6e343c1b500f71c11014c6f31; authoring name, visual bounds, placement, and runtime reachability remain unresolved."
swf-definition-00590,172,,text,source-assets/flash/HELP MATH_ORIGINAL FILES/HELP_COURSES/ELMGR4/L3/TI/L3TI06.swf,,,91cc3110585f9a6129c1b97ea7035a6243c17f8cf4596086048709f35b145a42,DefineText,,,none; original SWF tag payload inventoried without export,machine-extracted-definition,owner-provided SWF,"container=root; definitionDepth=0; tagOrdinal=590; payloadBytes=25; exactTagIdentitySha256=c5a2b64256497f28f93225451c7bb3ddd838ec72d911ca5750b0525647f384df; authoring name, visual bounds, placement, and runtime reachability remain unresolved."
swf-definition-00591,173,,shape,source-assets/flash/HELP MATH_ORIGINAL FILES/HELP_COURSES/ELMGR4/L3/TI/L3TI06.swf,,,f2e27ee7a0ae34f8d24ad574d9568cb8d5ba23ec54cb458a124b3e0ce50c5ab8,DefineShape2,,,none; original SWF tag payload inventoried without export,machine-extracted-definition,owner-provided SWF,"container=root; definitionDepth=0; tagOrdinal=591; payloadBytes=49; exactTagIdentitySha256=638c967ef46d0ac2b53aa6f234a293a77dc9f746324e173d2df731a5a253df2a; authoring name, visual bounds, placement, and runtime reachability remain unresolved."
swf-definition-00592,174,,shape,source-assets/flash/HELP MATH_ORIGINAL FILES/HELP_COURSES/ELMGR4/L3/TI/L3TI06.swf,,,dd45e00f034f5e815da35a4d0e10f8975d26811bda87ba28c70567470172aae4,DefineShape2,,,none; original SWF tag payload inventoried without export,machine-extracted-definition,owner-provided SWF,"container=root; definitionDepth=0; tagOrdinal=592; payloadBytes=51; exactTagIdentitySha256=b3fd1ab2d94436276105d8ae45d8ed68c19c9ee89a755ba16d367b28cfb8af97; authoring name, visual bounds, placement, and runtime reachability remain unresolved."
swf-definition-00593,175,,shape,source-assets/flash/HELP MATH_ORIGINAL FILES/HELP_COURSES/ELMGR4/L3/TI/L3TI06.swf,,,05ec6b260d180fd13bec047c1d2ee6bdde0523d5eb7d1a0da9c84f97b037bc2d,DefineShape2,,,none; original SWF tag payload inventoried without export,machine-extracted-definition,owner-provided SWF,"container=root; definitionDepth=0; tagOrdinal=593; payloadBytes=51; exactTagIdentitySha256=6f39d3da5219ff5a9f8a969bc0841603cdb316d891f8db2d5b529024de98d5b1; authoring name, visual bounds, placement, and runtime reachability remain unresolved."
swf-definition-00594,176,,shape,source-assets/flash/HELP MATH_ORIGINAL FILES/HELP_COURSES/ELMGR4/L3/TI/L3TI06.swf,,,db6a1edb83151e1d4c38bb10504eef862a30c6b811b6d58be857929bbf6a1953,DefineShape2,,,none; original SWF tag payload inventoried without export,machine-extracted-definition,owner-provided SWF,"container=root; definitionDepth=0; tagOrdinal=594; payloadBytes=53; exactTagIdentitySha256=2cfd282f2557b4bbee3b8e305cecc3b44ff7d95c4580737ad5dc19199a866cf1; authoring name, visual bounds, placement, and runtime reachability remain unresolved."
swf-definition-00595,177,,shape,source-assets/flash/HELP MATH_ORIGINAL FILES/HELP_COURSES/ELMGR4/L3/TI/L3TI06.swf,,,124f45388936c216e0013ce8dd1efd4d170941449f0c12e802e4b9203689e687,DefineShape2,,,none; original SWF tag payload inventoried without export,machine-extracted-definition,owner-provided SWF,"container=root; definitionDepth=0; tagOrdinal=595; payloadBytes=53; exactTagIdentitySha256=1364b87ca11906554b1d2d8ce0242141863f071113c0c720e8d8d2b3f7b090e8; authoring name, visual bounds, placement, and runtime reachability remain unresolved."
swf-definition-00596,178,,shape,source-assets/flash/HELP MATH_ORIGINAL FILES/HELP_COURSES/ELMGR4/L3/TI/L3TI06.swf,,,f21827141f54dd36566534818742687e0096f077e52f56a61b22d98c7135df0f,DefineShape2,,,none; original SWF tag payload inventoried without export,machine-extracted-definition,owner-provided SWF,"container=root; definitionDepth=0; tagOrdinal=596; payloadBytes=53; exactTagIdentitySha256=4967d470d4166307a249a8742a8e3bb826bad0facc08440f853db3eb101de9a7; authoring name, visual bounds, placement, and runtime reachability remain unresolved."
swf-definition-00597,179,,shape,source-assets/flash/HELP MATH_ORIGINAL FILES/HELP_COURSES/ELMGR4/L3/TI/L3TI06.swf,,,c32d6236f2e5fb8b9c19b399b3a69f1eccde8198c08651aaff7c193890786e35,DefineShape2,,,none; original SWF tag payload inventoried without export,machine-extracted-definition,owner-provided SWF,"container=root; definitionDepth=0; tagOrdinal=597; payloadBytes=53; exactTagIdentitySha256=227e8e30b775d300d274e9d8f7e3bab9082ccee770f3593cfbbf6307736f14ef; authoring name, visual bounds, placement, and runtime reachability remain unresolved."
swf-definition-00598,180,,shape,source-assets/flash/HELP MATH_ORIGINAL FILES/HELP_COURSES/ELMGR4/L3/TI/L3TI06.swf,,,4b14e42a5e6bf74c9dee98f5085fcde3f4a937bb74356e2641073dcb6bc81b1a,DefineShape2,,,none; original SWF tag payload inventoried without export,machine-extracted-definition,owner-provided SWF,"container=root; definitionDepth=0; tagOrdinal=598; payloadBytes=139; exactTagIdentitySha256=f891885063b425fd5e98c2df21f2faef48fd11a873e32d3e6fdca789952ef18f; authoring name, visual bounds, placement, and runtime reachability remain unresolved."
swf-definition-00599,181,,text,source-assets/flash/HELP MATH_ORIGINAL FILES/HELP_COURSES/ELMGR4/L3/TI/L3TI06.swf,,,00c5c6673e2df1c93b2431381c3af2efb3641400ccba84d179d8570a55f9d144,DefineText,,,none; original SWF tag payload inventoried without export,machine-extracted-definition,owner-provided SWF,"container=root; definitionDepth=0; tagOrdinal=599; payloadBytes=61; exactTagIdentitySha256=b54802363a3c7aaa0a28e25b63986c58c31916029a423bbeb3e87c5a38e95fd5; authoring name, visual bounds, placement, and runtime reachability remain unresolved."
swf-definition-00600,182,,text,source-assets/flash/HELP MATH_ORIGINAL FILES/HELP_COURSES/ELMGR4/L3/TI/L3TI06.swf,,,1de5bcd9ab8c65a8f540c41642cf905019861efe9a37dd1c655154feef0a5c32,DefineText,,,none; original SWF tag payload inventoried without export,machine-extracted-definition,owner-provided SWF,"container=root; definitionDepth=0; tagOrdinal=600; payloadBytes=63; exactTagIdentitySha256=8600945794dce8996306b684b4c990455a5f3d0c905db222885b2123cfec96f0; authoring name, visual bounds, placement, and runtime reachability remain unresolved."
swf-definition-00601,183,,text,source-assets/flash/HELP MATH_ORIGINAL FILES/HELP_COURSES/ELMGR4/L3/TI/L3TI06.swf,,,c147b9ed7cf79885f8a69f0ee3a400b59879201ad48ac917301f1ff830dcf8d0,DefineText,,,none; original SWF tag payload inventoried without export,machine-extracted-definition,owner-provided SWF,"container=root; definitionDepth=0; tagOrdinal=601; payloadBytes=61; exactTagIdentitySha256=963d8d2bbdccbe8c6dd4f580b74e2f05053a78de545b791ce6c88e190987774a; authoring name, visual bounds, placement, and runtime reachability remain unresolved."
swf-definition-00602,184,,text,source-assets/flash/HELP MATH_ORIGINAL FILES/HELP_COURSES/ELMGR4/L3/TI/L3TI06.swf,,,962e8092ce943aab9f6ca3f4874cc38395100f0ff5cc3d9cc1d1a3f631f3b40a,DefineText,,,none; original SWF tag payload inventoried without export,machine-extracted-definition,owner-provided SWF,"container=root; definitionDepth=0; tagOrdinal=602; payloadBytes=65; exactTagIdentitySha256=b88fe312524d8ce23f1d117f4c4d6d270e6e25f7b82fcafd4c5411574641ee77; authoring name, visual bounds, placement, and runtime reachability remain unresolved."
swf-definition-00603,185,,text,source-assets/flash/HELP MATH_ORIGINAL FILES/HELP_COURSES/ELMGR4/L3/TI/L3TI06.swf,,,92e5d800905489f2fcdbfa40e1d6c2295e93a537b6867225ae0445b091dca932,DefineText,,,none; original SWF tag payload inventoried without export,machine-extracted-definition,owner-provided SWF,"container=root; definitionDepth=0; tagOrdinal=603; payloadBytes=59; exactTagIdentitySha256=970f003d7a6a112d11ad1e0c041491c57b06f7719eda920d198564db1a95d553; authoring name, visual bounds, placement, and runtime reachability remain unresolved."
swf-definition-00710,186,,shape,source-assets/flash/HELP MATH_ORIGINAL FILES/HELP_COURSES/ELMGR4/L3/TI/L3TI06.swf,,,b2c5f57a759043fe568d33be884e36168fb7e6b9d06c12667c0f16f0d8bd5220,DefineShape,,,none; original SWF tag payload inventoried without export,machine-extracted-definition,owner-provided SWF,"container=root; definitionDepth=0; tagOrdinal=710; payloadBytes=34; exactTagIdentitySha256=152a8f24f02606b4756f679b2fe870e12a83f67e9d86bf5727f5bc4a7052abf1; authoring name, visual bounds, placement, and runtime reachability remain unresolved."
swf-definition-00711,187,,text,source-assets/flash/HELP MATH_ORIGINAL FILES/HELP_COURSES/ELMGR4/L3/TI/L3TI06.swf,,,aff8ae7749205bb30023c12cd28822f56512751a12d395d69ef4b3c43d1a66d9,DefineText,,,none; original SWF tag payload inventoried without export,machine-extracted-definition,owner-provided SWF,"container=root; definitionDepth=0; tagOrdinal=711; payloadBytes=165; exactTagIdentitySha256=8b9acfb92e9584230d120fd39f54e95e0d7014b11524c82cb1782f6aaff3ba75; authoring name, visual bounds, placement, and runtime reachability remain unresolved."
swf-definition-00712,188,,button,source-assets/flash/HELP MATH_ORIGINAL FILES/HELP_COURSES/ELMGR4/L3/TI/L3TI06.swf,,,7614b212fdf8ed08babb8710f55043ad8e450c12b2aa35f139a1b80d1d72e39b,DefineButton2,,,none; original SWF tag payload inventoried without export,machine-extracted-definition,owner-provided SWF,"container=root; definitionDepth=0; tagOrdinal=712; payloadBytes=183; exactTagIdentitySha256=091799d0f5b4f479b904a3847a826b4bb4c7719d1d149367bc80389aa7a6a012; authoring name, visual bounds, placement, and runtime reachability remain unresolved."
swf-definition-00713,189,,button,source-assets/flash/HELP MATH_ORIGINAL FILES/HELP_COURSES/ELMGR4/L3/TI/L3TI06.swf,,,236c6dd2eeb7fb5d25317f14aa40ff44d61fadceb08aa2a0dca4f42484f63f82,DefineButton2,,,none; original SWF tag payload inventoried without export,machine-extracted-definition,owner-provided SWF,"container=root; definitionDepth=0; tagOrdinal=713; payloadBytes=175; exactTagIdentitySha256=ed4cfc13040b4710d47e7b39be529322f47c98aba3d340007c1360c97c2281b3; authoring name, visual bounds, placement, and runtime reachability remain unresolved."
swf-definition-00766,190,,shape,source-assets/flash/HELP MATH_ORIGINAL FILES/HELP_COURSES/ELMGR4/L3/TI/L3TI06.swf,,,88b3ecf4fa9783d05384e2e9e8c55135636e9781f244a2da5db6f54a85397a0a,DefineShape2,,,none; original SWF tag payload inventoried without export,machine-extracted-definition,owner-provided SWF,"container=root; definitionDepth=0; tagOrdinal=766; payloadBytes=344; exactTagIdentitySha256=951b9319cd0de80e14d2784d9f2cb6976b77e5aa7600a946d8fe258e384b0985; authoring name, visual bounds, placement, and runtime reachability remain unresolved."
swf-definition-00767,191,,shape,source-assets/flash/HELP MATH_ORIGINAL FILES/HELP_COURSES/ELMGR4/L3/TI/L3TI06.swf,,,5017c404cad30a0ccf1430b5161fba8ae9944dcc5b4ade4d675e2655e4354d37,DefineShape2,,,none; original SWF tag payload inventoried without export,machine-extracted-definition,owner-provided SWF,"container=root; definitionDepth=0; tagOrdinal=767; payloadBytes=63; exactTagIdentitySha256=eeaf3284b62fda946792bfe4f354283a860c30ca750485f367e83864f204ce8f; authoring name, visual bounds, placement, and runtime reachability remain unresolved."
swf-definition-00768,192,,shape,source-assets/flash/HELP MATH_ORIGINAL FILES/HELP_COURSES/ELMGR4/L3/TI/L3TI06.swf,,,3cab4541f3c03b7ce52e8b7b774b6423982d9b7eba28d0d2c81f9eba9cc81941,DefineShape2,,,none; original SWF tag payload inventoried without export,machine-extracted-definition,owner-provided SWF,"container=root; definitionDepth=0; tagOrdinal=768; payloadBytes=49; exactTagIdentitySha256=2d756fc6a41da3f26e0a22014047f0747c29d8d77c54e097de3213d47d4c6e16; authoring name, visual bounds, placement, and runtime reachability remain unresolved."
swf-definition-00769,193,,shape,source-assets/flash/HELP MATH_ORIGINAL FILES/HELP_COURSES/ELMGR4/L3/TI/L3TI06.swf,,,54289fd989eddc381c8fc6503e3aae3323a6f0ca1be02779e556b598c7c7c73c,DefineShape2,,,none; original SWF tag payload inventoried without export,machine-extracted-definition,owner-provided SWF,"container=root; definitionDepth=0; tagOrdinal=769; payloadBytes=51; exactTagIdentitySha256=de321da28d48d2bae0b4af9103b6a3a5dcd44c9a8c0c746a48be7eea0b9f4b9a; authoring name, visual bounds, placement, and runtime reachability remain unresolved."
swf-definition-00770,194,,shape,source-assets/flash/HELP MATH_ORIGINAL FILES/HELP_COURSES/ELMGR4/L3/TI/L3TI06.swf,,,905ff16f1cd94bb3374f193357312b2f530bb8bbc045503e1519e0728152d69e,DefineShape2,,,none; original SWF tag payload inventoried without export,machine-extracted-definition,owner-provided SWF,"container=root; definitionDepth=0; tagOrdinal=770; payloadBytes=51; exactTagIdentitySha256=642bc3177cc3554b7fed9fd5344a7908b97cfa7cf075a3766a98f6ca7322ea4b; authoring name, visual bounds, placement, and runtime reachability remain unresolved."
swf-definition-00771,195,,shape,source-assets/flash/HELP MATH_ORIGINAL FILES/HELP_COURSES/ELMGR4/L3/TI/L3TI06.swf,,,82a5d70b576e9868f35a63450567187cfda7f31d380aaf194bc257312a223f24,DefineShape2,,,none; original SWF tag payload inventoried without export,machine-extracted-definition,owner-provided SWF,"container=root; definitionDepth=0; tagOrdinal=771; payloadBytes=53; exactTagIdentitySha256=1220014678b0125a15ddb896b6a7a7cc158ab6f1baf6f2dd692ae7dd04714637; authoring name, visual bounds, placement, and runtime reachability remain unresolved."
swf-definition-00772,196,,shape,source-assets/flash/HELP MATH_ORIGINAL FILES/HELP_COURSES/ELMGR4/L3/TI/L3TI06.swf,,,ac560694948b5e3eda985ec0e35bdfb577c78dc6f3031efbf89389f9b61aacf7,DefineShape2,,,none; original SWF tag payload inventoried without export,machine-extracted-definition,owner-provided SWF,"container=root; definitionDepth=0; tagOrdinal=772; payloadBytes=53; exactTagIdentitySha256=082e85e4c4700799a0e312f668df02903d3fdb12cd4c27e13dd15f1f133cf423; authoring name, visual bounds, placement, and runtime reachability remain unresolved."
swf-definition-00773,197,,shape,source-assets/flash/HELP MATH_ORIGINAL FILES/HELP_COURSES/ELMGR4/L3/TI/L3TI06.swf,,,a6eefbdf4c40d9668d6c6f03d58b52e5ad51079fa2f1fb3e3ac4fe9e18a49c11,DefineShape2,,,none; original SWF tag payload inventoried without export,machine-extracted-definition,owner-provided SWF,"container=root; definitionDepth=0; tagOrdinal=773; payloadBytes=53; exactTagIdentitySha256=2f3402125a6c460b489a2f941b5fb8298d3daec5e4359b8bf3fb62c04cb63d40; authoring name, visual bounds, placement, and runtime reachability remain unresolved."
swf-definition-00774,198,,shape,source-assets/flash/HELP MATH_ORIGINAL FILES/HELP_COURSES/ELMGR4/L3/TI/L3TI06.swf,,,d7f2bf5beda237e2d5ae9d9e4b85a341a07733e46f83bf124ae0730dd6f74a8f,DefineShape2,,,none; original SWF tag payload inventoried without export,machine-extracted-definition,owner-provided SWF,"container=root; definitionDepth=0; tagOrdinal=774; payloadBytes=53; exactTagIdentitySha256=507336c85dd3b81241ca0da6e2b2ee69ed8ec602b5cfffd2847578cb299391fa; authoring name, visual bounds, placement, and runtime reachability remain unresolved."
swf-definition-00775,199,,shape,source-assets/flash/HELP MATH_ORIGINAL FILES/HELP_COURSES/ELMGR4/L3/TI/L3TI06.swf,,,3dc28f7d3e56f03b802efa07a6a11122ac90bdb19ac6480f95e8d265acebc20c,DefineShape2,,,none; original SWF tag payload inventoried without export,machine-extracted-definition,owner-provided SWF,"container=root; definitionDepth=0; tagOrdinal=775; payloadBytes=53; exactTagIdentitySha256=ba593354325d76434426ebdd7cc42e0cca7195819fe1211fba13ca35e22ace4c; authoring name, visual bounds, placement, and runtime reachability remain unresolved."
swf-definition-00776,200,,shape,source-assets/flash/HELP MATH_ORIGINAL FILES/HELP_COURSES/ELMGR4/L3/TI/L3TI06.swf,,,7317dcb42e2ea00d4f2e67b23033cab597a34089cea534b0fcb21078a49a48c4,DefineShape3,,,none; original SWF tag payload inventoried without export,machine-extracted-definition,owner-provided SWF,"container=root; definitionDepth=0; tagOrdinal=776; payloadBytes=32; exactTagIdentitySha256=de7dc89f0338b6da4fae8773ef6e10fdf88c94bff6685357ceed13aa94771e05; authoring name, visual bounds, placement, and runtime reachability remain unresolved."
swf-definition-00777,201,,sprite,source-assets/flash/HELP MATH_ORIGINAL FILES/HELP_COURSES/ELMGR4/L3/TI/L3TI06.swf,,,b19ea167fa47332aa7ca99b4207b25d8f4d191c07f7d36c4f63ef270d9f70cac,DefineSprite,,,none; original SWF tag payload inventoried without export,machine-extracted-definition,owner-provided SWF,"container=root; definitionDepth=0; tagOrdinal=777; payloadBytes=34; exactTagIdentitySha256=669bca9dba8935fa2028ea0178ab19f046216fb28d91d13e836f906d32a98055; declaredFrameCount=1; authoring name, visual bounds, placement, and runtime reachability remain unresolved."
swf-definition-00782,202,,sprite,source-assets/flash/HELP MATH_ORIGINAL FILES/HELP_COURSES/ELMGR4/L3/TI/L3TI06.swf,,,dbbb5e8012559a9b5494b78331ba90578d46e96ff4dbfcfa5321272e746a76d0,DefineSprite,,,none; original SWF tag payload inventoried without export,machine-extracted-definition,owner-provided SWF,"container=root; definitionDepth=0; tagOrdinal=782; payloadBytes=33; exactTagIdentitySha256=c18fe4d22745f711b68254f5701fd5edf12d2228271eecbb539d729c6b6a9b55; declaredFrameCount=1; authoring name, visual bounds, placement, and runtime reachability remain unresolved."
swf-definition-00787,203,,sprite,source-assets/flash/HELP MATH_ORIGINAL FILES/HELP_COURSES/ELMGR4/L3/TI/L3TI06.swf,,,415978faad140a3f621cae799acac124750dd5097aa6b53a1bf8fe13bf3cc425,DefineSprite,,,none; original SWF tag payload inventoried without export,machine-extracted-definition,owner-provided SWF,"container=root; definitionDepth=0; tagOrdinal=787; payloadBytes=33; exactTagIdentitySha256=85bc4183a10f54227edc5690880448eb619a29f4da490d1f1f8e2224e47bbd01; declaredFrameCount=1; authoring name, visual bounds, placement, and runtime reachability remain unresolved."
swf-definition-00792,204,,sprite,source-assets/flash/HELP MATH_ORIGINAL FILES/HELP_COURSES/ELMGR4/L3/TI/L3TI06.swf,,,c1174de18cfb2959ca3e1c46d50afd5ee16e04f58aa0bc506c5a8d434e3c9441,DefineSprite,,,none; original SWF tag payload inventoried without export,machine-extracted-definition,owner-provided SWF,"container=root; definitionDepth=0; tagOrdinal=792; payloadBytes=33; exactTagIdentitySha256=5694b82cacc2ddb60ef5e3889be20aa0b982904f11a28e2a3a5ceefa9f4e4044; declaredFrameCount=1; authoring name, visual bounds, placement, and runtime reachability remain unresolved."
swf-definition-00797,205,,sprite,source-assets/flash/HELP MATH_ORIGINAL FILES/HELP_COURSES/ELMGR4/L3/TI/L3TI06.swf,,,8746b59fd7814d352159a5f93cc6a37ef0ae93ae946d9c96380f60d867ebef13,DefineSprite,,,none; original SWF tag payload inventoried without export,machine-extracted-definition,owner-provided SWF,"container=root; definitionDepth=0; tagOrdinal=797; payloadBytes=27; exactTagIdentitySha256=687ae346156970b7a0ca2c823a3316dbeca5319cb4ef4bb89239c2dca86df1dc; declaredFrameCount=1; authoring name, visual bounds, placement, and runtime reachability remain unresolved."
swf-definition-00802,206,,shape,source-assets/flash/HELP MATH_ORIGINAL FILES/HELP_COURSES/ELMGR4/L3/TI/L3TI06.swf,,,0ab29e0b915c01910eda4d8865a18cd14b50b74c9996e15989e43c72c8f0bda3,DefineShape,,,none; original SWF tag payload inventoried without export,machine-extracted-definition,owner-provided SWF,"container=root; definitionDepth=0; tagOrdinal=802; payloadBytes=35; exactTagIdentitySha256=e8db955f0f4e4195e84e89127e8a59abf4a863107c7964066270c9f60829b859; authoring name, visual bounds, placement, and runtime reachability remain unresolved."
swf-definition-00803,207,,sprite,source-assets/flash/HELP MATH_ORIGINAL FILES/HELP_COURSES/ELMGR4/L3/TI/L3TI06.swf,,,e8b124fe029418dab670dab489f283fc772b361c2d3dae1ed48b2758126cb9c8,DefineSprite,,,none; original SWF tag payload inventoried without export,machine-extracted-definition,owner-provided SWF,"container=root; definitionDepth=0; tagOrdinal=803; payloadBytes=34; exactTagIdentitySha256=4625c961b0b43285df61808026fb8c8a5da761d47705147381ce122c167ff9af; declaredFrameCount=1; authoring name, visual bounds, placement, and runtime reachability remain unresolved."
swf-definition-00808,208,,sprite,source-assets/flash/HELP MATH_ORIGINAL FILES/HELP_COURSES/ELMGR4/L3/TI/L3TI06.swf,,,d3405ffbd0c857ae774a0ae00778053c81f94c810d22e6b9b715d7111de9a56c,DefineSprite,,,none; original SWF tag payload inventoried without export,machine-extracted-definition,owner-provided SWF,"container=root; definitionDepth=0; tagOrdinal=808; payloadBytes=32; exactTagIdentitySha256=c0001ed1c21c970328c08c25f627f7a451c17a2e6d43facedfd3c3e2370cd7c2; declaredFrameCount=1; authoring name, visual bounds, placement, and runtime reachability remain unresolved."
swf-definition-00813,209,,sprite,source-assets/flash/HELP MATH_ORIGINAL FILES/HELP_COURSES/ELMGR4/L3/TI/L3TI06.swf,,,2f5c228a9d5b76eae3705ba62a436d4a7e43ea387ce6d04f442f0768296b2e1f,DefineSprite,,,none; original SWF tag payload inventoried without export,machine-extracted-definition,owner-provided SWF,"container=root; definitionDepth=0; tagOrdinal=813; payloadBytes=33; exactTagIdentitySha256=e0445a4b68db0260de0e482454ae397ef207c128c367cea3bbef35add0137909; declaredFrameCount=1; authoring name, visual bounds, placement, and runtime reachability remain unresolved."
swf-definition-00818,210,,sprite,source-assets/flash/HELP MATH_ORIGINAL FILES/HELP_COURSES/ELMGR4/L3/TI/L3TI06.swf,,,10ceb6e3595baeaeb659bfecce01f95ecf37d8997039e236937dfbf3d23d9304,DefineSprite,,,none; original SWF tag payload inventoried without export,machine-extracted-definition,owner-provided SWF,"container=root; definitionDepth=0; tagOrdinal=818; payloadBytes=34; exactTagIdentitySha256=ca92de461a50334cc9815e69ffca1c80b8ac536f8d49dc0ee0170e9d5f6c3ff3; declaredFrameCount=1; authoring name, visual bounds, placement, and runtime reachability remain unresolved."
swf-definition-00823,211,,sprite,source-assets/flash/HELP MATH_ORIGINAL FILES/HELP_COURSES/ELMGR4/L3/TI/L3TI06.swf,,,25917a90f382a5ddf4fd81ce78c539daa29de22763d1312b75964bb6dcf7340e,DefineSprite,,,none; original SWF tag payload inventoried without export,machine-extracted-definition,owner-provided SWF,"container=root; definitionDepth=0; tagOrdinal=823; payloadBytes=27; exactTagIdentitySha256=5812c702356c64e58e70d6b7c1f8fea26c32447c6398fdbe12acaabaa11cc7f5; declaredFrameCount=1; authoring name, visual bounds, placement, and runtime reachability remain unresolved."
swf-definition-00829,212,,shape,source-assets/flash/HELP MATH_ORIGINAL FILES/HELP_COURSES/ELMGR4/L3/TI/L3TI06.swf,,,893ea2eb4be9c7e68a1ad7d91ec2eb7483cd0b684a30dd3e00f8daef05ba3125,DefineShape2,,,none; original SWF tag payload inventoried without export,machine-extracted-definition,owner-provided SWF,"container=root; definitionDepth=0; tagOrdinal=829; payloadBytes=55; exactTagIdentitySha256=a766a610c0950716549b3f30cb156965b37c713ceddc53641ff81cdfd22bdf3e; authoring name, visual bounds, placement, and runtime reachability remain unresolved."
swf-definition-00830,213,,text,source-assets/flash/HELP MATH_ORIGINAL FILES/HELP_COURSES/ELMGR4/L3/TI/L3TI06.swf,,,6504e28bee4418fadf8c3d4efb07edb25fa951a2ef77dad9a5782f43d51d8fc0,DefineText,,,none; original SWF tag payload inventoried without export,machine-extracted-definition,owner-provided SWF,"container=root; definitionDepth=0; tagOrdinal=830; payloadBytes=37; exactTagIdentitySha256=65f9e8258361963022ec8d125ad2ce0c17265a6030d300ba9abb7c1237aeaa5d; authoring name, visual bounds, placement, and runtime reachability remain unresolved."
swf-definition-00831,214,,shape,source-assets/flash/HELP MATH_ORIGINAL FILES/HELP_COURSES/ELMGR4/L3/TI/L3TI06.swf,,,83bc78938634746bfef01c5363de1248f5b08d6ed4c539259c6a6c31991955a3,DefineShape,,,none; original SWF tag payload inventoried without export,machine-extracted-definition,owner-provided SWF,"container=root; definitionDepth=0; tagOrdinal=831; payloadBytes=64; exactTagIdentitySha256=1ab55715642c6890866cde58bb6a08ccfbc9497ae4b7b9f0ce22c3b77b120a3a; authoring name, visual bounds, placement, and runtime reachability remain unresolved."
swf-definition-00832,215,,shape,source-assets/flash/HELP MATH_ORIGINAL FILES/HELP_COURSES/ELMGR4/L3/TI/L3TI06.swf,,,0ac99ab3ad55df7178eaca48c4be073779684770e7ab71f15e756f70014176f1,DefineShape2,,,none; original SWF tag payload inventoried without export,machine-extracted-definition,owner-provided SWF,"container=root; definitionDepth=0; tagOrdinal=832; payloadBytes=282; exactTagIdentitySha256=3eb0d1f62926e59a0fb1076319a82f51c147e1160b9c4e3eae5ef67d2ce11741; authoring name, visual bounds, placement, and runtime reachability remain unresolved."
swf-definition-00833,216,,shape,source-assets/flash/HELP MATH_ORIGINAL FILES/HELP_COURSES/ELMGR4/L3/TI/L3TI06.swf,,,d620b7ed21a2d7e93b1008238a7e76daa08f55c09c3b8484f60551dce4036ed4,DefineShape2,,,none; original SWF tag payload inventoried without export,machine-extracted-definition,owner-provided SWF,"container=root; definitionDepth=0; tagOrdinal=833; payloadBytes=292; exactTagIdentitySha256=7c3d950218cd618d0744996b4c46c2b41103866efe6c34195a37f2f3f96a1698; authoring name, visual bounds, placement, and runtime reachability remain unresolved."
swf-definition-00834,217,,shape,source-assets/flash/HELP MATH_ORIGINAL FILES/HELP_COURSES/ELMGR4/L3/TI/L3TI06.swf,,,f0afe1bb4288d0d55587f1a06dfbc1147bb17f4a9a09cc1215d47c905447dad0,DefineShape2,,,none; original SWF tag payload inventoried without export,machine-extracted-definition,owner-provided SWF,"container=root; definitionDepth=0; tagOrdinal=834; payloadBytes=336; exactTagIdentitySha256=d6a2e6fba6f1a5ba49e292da71a38041deac539105e75158a836d27e038a7b84; authoring name, visual bounds, placement, and runtime reachability remain unresolved."
swf-definition-00835,218,,sprite,source-assets/flash/HELP MATH_ORIGINAL FILES/HELP_COURSES/ELMGR4/L3/TI/L3TI06.swf,,,31971fa0f0061b473788b3719937c7638adaedd3d92af35848860eff3032f90b,DefineSprite,,,none; original SWF tag payload inventoried without export,machine-extracted-definition,owner-provided SWF,"container=root; definitionDepth=0; tagOrdinal=835; payloadBytes=2040; exactTagIdentitySha256=a69d8ddee1c016f018c515565488256fd49ec65ab947ea94707f4b363a48f5c5; declaredFrameCount=5; authoring name, visual bounds, placement, and runtime reachability remain unresolved."
swf-definition-00850,219,,button,source-assets/flash/HELP MATH_ORIGINAL FILES/HELP_COURSES/ELMGR4/L3/TI/L3TI06.swf,,,e65250bcffa5ef6d1f43d6eb04ba0d5ccbd2343710ea7223dd172e0a76e50c07,DefineButton2,,,none; original SWF tag payload inventoried without export,machine-extracted-definition,owner-provided SWF,"container=root; definitionDepth=0; tagOrdinal=850; payloadBytes=221; exactTagIdentitySha256=d2d4a82bf3cfc3e71a8b0ce0a33b80dc2be36d01c71b5cedc9d262a84e3dfd14; authoring name, visual bounds, placement, and runtime reachability remain unresolved."
swf-definition-00851,220,,shape,source-assets/flash/HELP MATH_ORIGINAL FILES/HELP_COURSES/ELMGR4/L3/TI/L3TI06.swf,,,c858c209c3053f677e85cdbc7d43b7a3506d288da386733f37ba61b0fb3fc08d,DefineShape,,,none; original SWF tag payload inventoried without export,machine-extracted-definition,owner-provided SWF,"container=root; definitionDepth=0; tagOrdinal=851; payloadBytes=63; exactTagIdentitySha256=c9be2dd334615c1c4ac4f1c834e18b4ca3eb59deb2a935bbfc1ddc6c83cfbd20; authoring name, visual bounds, placement, and runtime reachability remain unresolved."
swf-definition-00852,221,,text,source-assets/flash/HELP MATH_ORIGINAL FILES/HELP_COURSES/ELMGR4/L3/TI/L3TI06.swf,,,3a87d5a1b89718f3d3ec9e66a0e53d9059f7066a774e11647a736aa4fed22c10,DefineText,,,none; original SWF tag payload inventoried without export,machine-extracted-definition,owner-provided SWF,"container=root; definitionDepth=0; tagOrdinal=852; payloadBytes=209; exactTagIdentitySha256=3897e04f59685527e8c50a7acdeece8e1af347093ec3de927bf10d86e0e099c1; authoring name, visual bounds, placement, and runtime reachability remain unresolved."
swf-definition-00853,222,,sprite,source-assets/flash/HELP MATH_ORIGINAL FILES/HELP_COURSES/ELMGR4/L3/TI/L3TI06.swf,,,bdd97b31443593b0c1be6fa8e0f4cb8518e259b30a18b95a05675bf75233c802,DefineSprite,,,none; original SWF tag payload inventoried without export,machine-extracted-definition,owner-provided SWF,"container=root; definitionDepth=0; tagOrdinal=853; payloadBytes=6413; exactTagIdentitySha256=b5b029d9310790ec9452b627af123f54a36914ffbf4f6b5ab1fa1fa3474ce385; declaredFrameCount=15; authoring name, visual bounds, placement, and runtime reachability remain unresolved."
swf-definition-00891,223,,text,source-assets/flash/HELP MATH_ORIGINAL FILES/HELP_COURSES/ELMGR4/L3/TI/L3TI06.swf,,,d1dd578805db3647ba3573fc0e4cb829093a2c456137486b7723e2c1a0a6d8d2,DefineText,,,none; original SWF tag payload inventoried without export,machine-extracted-definition,owner-provided SWF,"container=root; definitionDepth=0; tagOrdinal=891; payloadBytes=50; exactTagIdentitySha256=6c5af54826764c01f271dd04c58e2b1a161df78c4460c14f464c5074e3dfced8; authoring name, visual bounds, placement, and runtime reachability remain unresolved."
swf-definition-00892,224,,sprite,source-assets/flash/HELP MATH_ORIGINAL FILES/HELP_COURSES/ELMGR4/L3/TI/L3TI06.swf,,,e43c766dce757c49211b5d7c49b02fd5c86776f1937c15563296cbc780136220,DefineSprite,,,none; original SWF tag payload inventoried without export,machine-extracted-definition,owner-provided SWF,"container=root; definitionDepth=0; tagOrdinal=892; payloadBytes=22847; exactTagIdentitySha256=2fe227ba088f49c00aae9809e763c207a6d2f7ba908f423b8f60befcd5a5b642; declaredFrameCount=55; authoring name, visual bounds, placement, and runtime reachability remain unresolved."
swf-definition-01015,225,,shape,source-assets/flash/HELP MATH_ORIGINAL FILES/HELP_COURSES/ELMGR4/L3/TI/L3TI06.swf,,,ff185e8c399546522e6e1047cb03630d90f3703e24cb5925ecee2c4e8faaa834,DefineShape,,,none; original SWF tag payload inventoried without export,machine-extracted-definition,owner-provided SWF,"container=root; definitionDepth=0; tagOrdinal=1015; payloadBytes=201; exactTagIdentitySha256=57ca2c0ab81367981f083ffb00d1f232f16455f90e0a5f3edb56c7c3012a21a8; authoring name, visual bounds, placement, and runtime reachability remain unresolved."
swf-definition-01016,226,Bertram LET,font,source-assets/flash/HELP MATH_ORIGINAL FILES/HELP_COURSES/ELMGR4/L3/TI/L3TI06.swf,,,8903efe67d3c16d5d12d56f2fbe5035bcc458166bfca193f82d892208dbc8fc3,DefineFont2,,7,none; original SWF tag payload inventoried without export,machine-extracted-definition,owner-provided SWF,"container=root; definitionDepth=0; tagOrdinal=1016; payloadBytes=969; exactTagIdentitySha256=de4805e02d7f4067668283ccb4c0c93ea5f38f2237ddf3253419e93d25d4bd43; authoring name, visual bounds, placement, and runtime reachability remain unresolved."
swf-definition-01017,227,,text,source-assets/flash/HELP MATH_ORIGINAL FILES/HELP_COURSES/ELMGR4/L3/TI/L3TI06.swf,,,87bf38873e8bb152a1266d5d10a9bba8b568ec9dc6af6e0f007c6d423edcfd9e,DefineText,,,none; original SWF tag payload inventoried without export,machine-extracted-definition,owner-provided SWF,"container=root; definitionDepth=0; tagOrdinal=1017; payloadBytes=43; exactTagIdentitySha256=e00ee35906dad211e2708783dfbbd257a58c2535de0d0a6b0de09ed286055758; authoring name, visual bounds, placement, and runtime reachability remain unresolved."
swf-definition-01018,228,,sprite,source-assets/flash/HELP MATH_ORIGINAL FILES/HELP_COURSES/ELMGR4/L3/TI/L3TI06.swf,,,f9649ab24c1247cb1aaaf4eb1b47a673f118e4cd1130e98ee504669bedfc023e,DefineSprite,,,none; original SWF tag payload inventoried without export,machine-extracted-definition,owner-provided SWF,"container=root; definitionDepth=0; tagOrdinal=1018; payloadBytes=10698; exactTagIdentitySha256=6971b12b962ad7da2eb28627a9dc1e8cf3439a1450e8cd2936d5a247ac66ad9b; declaredFrameCount=25; authoring name, visual bounds, placement, and runtime reachability remain unresolved."
swf-definition-01075,229,,shape,source-assets/flash/HELP MATH_ORIGINAL FILES/HELP_COURSES/ELMGR4/L3/TI/L3TI06.swf,,,0e732ac6ff435189216e32e29800a5289f22a62ece6b314f7b152d337eade768,DefineShape,,,none; original SWF tag payload inventoried without export,machine-extracted-definition,owner-provided SWF,"container=root; definitionDepth=0; tagOrdinal=1075; payloadBytes=34; exactTagIdentitySha256=874fea0779d139616bd882f14f41e3ba9d65a4c94410f89676b6ba45a43f6806; authoring name, visual bounds, placement, and runtime reachability remain unresolved."
swf-definition-01076,230,,sprite,source-assets/flash/HELP MATH_ORIGINAL FILES/HELP_COURSES/ELMGR4/L3/TI/L3TI06.swf,,,da0ee7b19d27d802d142d5549910a036459980086c210ac6e520a0faf4e9bcdd,DefineSprite,,,none; original SWF tag payload inventoried without export,machine-extracted-definition,owner-provided SWF,"container=root; definitionDepth=0; tagOrdinal=1076; payloadBytes=179; exactTagIdentitySha256=665bdfc1a892d1c089e2a99d6c27c2998b0b7a79b0e7d3f6a65eb9abcf171868; declaredFrameCount=35; authoring name, visual bounds, placement, and runtime reachability remain unresolved."
swf-definition-01116,231,,shape,source-assets/flash/HELP MATH_ORIGINAL FILES/HELP_COURSES/ELMGR4/L3/TI/L3TI06.swf,,,6accfd7e3d928cf1fc4c5cfcd2d3a3823e7a74a0dee7e712d2b8b34e16ab739a,DefineShape3,,,none; original SWF tag payload inventoried without export,machine-extracted-definition,owner-provided SWF,"container=root; definitionDepth=0; tagOrdinal=1116; payloadBytes=137; exactTagIdentitySha256=689f512b5c3483e460a339e8309db77b202f9a081416ce68fdf97332ceebe9f0; authoring name, visual bounds, placement, and runtime reachability remain unresolved."
swf-definition-01117,232,,button,source-assets/flash/HELP MATH_ORIGINAL FILES/HELP_COURSES/ELMGR4/L3/TI/L3TI06.swf,,,2c1c0f17f0efe9038241d2aca8d0589d45b0c6bac05e27a603a39b5b72b4ea0a,DefineButton2,,,none; original SWF tag payload inventoried without export,machine-extracted-definition,owner-provided SWF,"container=root; definitionDepth=0; tagOrdinal=1117; payloadBytes=380; exactTagIdentitySha256=cd5745a040f11e765eee96601566ba28e8ecdd79a891a7b3c6030e889213c48d; authoring name, visual bounds, placement, and runtime reachability remain unresolved."
swf-definition-01118,233,,shape,source-assets/flash/HELP MATH_ORIGINAL FILES/HELP_COURSES/ELMGR4/L3/TI/L3TI06.swf,,,99ba1c256d34ea017922bfa9a9538b4344265a112f274d5d094abbbfe14c130a,DefineShape,,,none; original SWF tag payload inventoried without export,machine-extracted-definition,owner-provided SWF,"container=root; definitionDepth=0; tagOrdinal=1118; payloadBytes=43; exactTagIdentitySha256=0ee584457e499718f5f8dbf020df5a96c2cb4e7e5a9e57618ef23154ea1ba37c; authoring name, visual bounds, placement, and runtime reachability remain unresolved."
swf-definition-01119,234,,text,source-assets/flash/HELP MATH_ORIGINAL FILES/HELP_COURSES/ELMGR4/L3/TI/L3TI06.swf,,,c9249603ba2bad33e794401caf74c8bbbf9664e36c7647631f71be4719aaf822,DefineText,,,none; original SWF tag payload inventoried without export,machine-extracted-definition,owner-provided SWF,"container=root; definitionDepth=0; tagOrdinal=1119; payloadBytes=100; exactTagIdentitySha256=6d45f614e500aa44cc48059409fbe0205b9988311100ae369e89b1daac734492; authoring name, visual bounds, placement, and runtime reachability remain unresolved."
swf-definition-01120,235,,text,source-assets/flash/HELP MATH_ORIGINAL FILES/HELP_COURSES/ELMGR4/L3/TI/L3TI06.swf,,,251481cead307b36b5bcba1071cec0897f6fbeef44ddd30933abb13436a72d42,DefineText,,,none; original SWF tag payload inventoried without export,machine-extracted-definition,owner-provided SWF,"container=root; definitionDepth=0; tagOrdinal=1120; payloadBytes=96; exactTagIdentitySha256=b126a23987af31bc9cdbc795157c1e1c7ff4f6a22b05e36def2de129d1b84daf; authoring name, visual bounds, placement, and runtime reachability remain unresolved."
swf-definition-01121,236,,shape,source-assets/flash/HELP MATH_ORIGINAL FILES/HELP_COURSES/ELMGR4/L3/TI/L3TI06.swf,,,38371732ad20443621f4466d3029829bc38d0a204a7ac14ddd61e1c8abdee743,DefineShape2,,,none; original SWF tag payload inventoried without export,machine-extracted-definition,owner-provided SWF,"container=root; definitionDepth=0; tagOrdinal=1121; payloadBytes=423; exactTagIdentitySha256=ae5bd42f3f71572cfec8bf7eebc6f50e625adab38cf5823b2b5a8370236b196c; authoring name, visual bounds, placement, and runtime reachability remain unresolved."
swf-definition-01122,237,,text,source-assets/flash/HELP MATH_ORIGINAL FILES/HELP_COURSES/ELMGR4/L3/TI/L3TI06.swf,,,4ca69b3de20e87d6f3a1453eac7e5a2a3be74f3185805fbc57104fcb6fa96648,DefineText,,,none; original SWF tag payload inventoried without export,machine-extracted-definition,owner-provided SWF,"container=root; definitionDepth=0; tagOrdinal=1122; payloadBytes=25; exactTagIdentitySha256=cadf13909ea2920447bfef7e246c81c59335e4f4c040666382cb813d99c055f0; authoring name, visual bounds, placement, and runtime reachability remain unresolved."
swf-definition-01123,238,,text,source-assets/flash/HELP MATH_ORIGINAL FILES/HELP_COURSES/ELMGR4/L3/TI/L3TI06.swf,,,eaad125658ea60bb00d66f499a4bf9825972032b54e262fc20b8d372d24d0792,DefineText,,,none; original SWF tag payload inventoried without export,machine-extracted-definition,owner-provided SWF,"container=root; definitionDepth=0; tagOrdinal=1123; payloadBytes=25; exactTagIdentitySha256=213443d567fe89d9f241cc743f30a1a20dfbabefda1f9f69825353acb498c451; authoring name, visual bounds, placement, and runtime reachability remain unresolved."
swf-definition-01124,239,,text,source-assets/flash/HELP MATH_ORIGINAL FILES/HELP_COURSES/ELMGR4/L3/TI/L3TI06.swf,,,552cfe9d71639dcbb60b32f0d74769057ee245855c7ed7de252d2d2a09207387,DefineText,,,none; original SWF tag payload inventoried without export,machine-extracted-definition,owner-provided SWF,"container=root; definitionDepth=0; tagOrdinal=1124; payloadBytes=25; exactTagIdentitySha256=8e8adbb947f0f02c89c02acbaa083db5e4e714dab741de3b80c7772b6de3c8a1; authoring name, visual bounds, placement, and runtime reachability remain unresolved."
swf-definition-01125,240,,text,source-assets/flash/HELP MATH_ORIGINAL FILES/HELP_COURSES/ELMGR4/L3/TI/L3TI06.swf,,,5c59bcd4158baa4f4d39b04b999b3412f37dc8d69e4c9f4e1ad27efdba5f7c3d,DefineText,,,none; original SWF tag payload inventoried without export,machine-extracted-definition,owner-provided SWF,"container=root; definitionDepth=0; tagOrdinal=1125; payloadBytes=25; exactTagIdentitySha256=033dfa75793ec940510bdff48edcd4b5da8962f0e54cd4dde049dc57ce3182a0; authoring name, visual bounds, placement, and runtime reachability remain unresolved."
swf-definition-01126,241,,text,source-assets/flash/HELP MATH_ORIGINAL FILES/HELP_COURSES/ELMGR4/L3/TI/L3TI06.swf,,,3a304bdff59fa65d6952bff501fd860f9ab9b6785da79548d01fa26b1320225d,DefineText,,,none; original SWF tag payload inventoried without export,machine-extracted-definition,owner-provided SWF,"container=root; definitionDepth=0; tagOrdinal=1126; payloadBytes=25; exactTagIdentitySha256=5b506686cec389542f86f06cad22817e322a503a691aef9e4faf0466dfa95104; authoring name, visual bounds, placement, and runtime reachability remain unresolved."
swf-definition-01127,242,,text,source-assets/flash/HELP MATH_ORIGINAL FILES/HELP_COURSES/ELMGR4/L3/TI/L3TI06.swf,,,f58292515e5f1755be2ed79f17bcb17b680690edf0660fbd8be08e4ca5b85105,DefineText,,,none; original SWF tag payload inventoried without export,machine-extracted-definition,owner-provided SWF,"container=root; definitionDepth=0; tagOrdinal=1127; payloadBytes=25; exactTagIdentitySha256=f5d39b3a0da5d5f493ef52c6e03327c371db3609ad9c15475bc68009f0058e75; authoring name, visual bounds, placement, and runtime reachability remain unresolved."
swf-definition-01128,243,,text,source-assets/flash/HELP MATH_ORIGINAL FILES/HELP_COURSES/ELMGR4/L3/TI/L3TI06.swf,,,aab80de2f860b2a7f3f677ce286e4747e6a12908e99a3d6fcd5e121c15792f64,DefineText,,,none; original SWF tag payload inventoried without export,machine-extracted-definition,owner-provided SWF,"container=root; definitionDepth=0; tagOrdinal=1128; payloadBytes=25; exactTagIdentitySha256=114d644030e840a11a5e4d8c7c7b64ea1f9bce17a84247edaa20c5d4daa50b5e; authoring name, visual bounds, placement, and runtime reachability remain unresolved."
swf-definition-01129,244,,text,source-assets/flash/HELP MATH_ORIGINAL FILES/HELP_COURSES/ELMGR4/L3/TI/L3TI06.swf,,,72be193500c7505467ff1ef875651a8bd4d702a1370f201f2571e0fcaa5294c1,DefineText,,,none; original SWF tag payload inventoried without export,machine-extracted-definition,owner-provided SWF,"container=root; definitionDepth=0; tagOrdinal=1129; payloadBytes=25; exactTagIdentitySha256=aa9fe7038a169530e70599eff10633c8a0cecd0958beabdf7092925a44f94175; authoring name, visual bounds, placement, and runtime reachability remain unresolved."
swf-definition-01130,245,,text,source-assets/flash/HELP MATH_ORIGINAL FILES/HELP_COURSES/ELMGR4/L3/TI/L3TI06.swf,,,e20f563ec83410e2c6c539d542170e2c77c2f53e90b1e28013aa94c6a92ea0a5,DefineText,,,none; original SWF tag payload inventoried without export,machine-extracted-definition,owner-provided SWF,"container=root; definitionDepth=0; tagOrdinal=1130; payloadBytes=25; exactTagIdentitySha256=71a305fc0a288cf713db13ec60c32fb614ce40c968de02cd40790b5daf83b1a1; authoring name, visual bounds, placement, and runtime reachability remain unresolved."
swf-definition-01131,246,,text,source-assets/flash/HELP MATH_ORIGINAL FILES/HELP_COURSES/ELMGR4/L3/TI/L3TI06.swf,,,335e79a545ac18169792719ae659a4a3fcf1bcca0cd61fdaba71d8969b99072b,DefineText,,,none; original SWF tag payload inventoried without export,machine-extracted-definition,owner-provided SWF,"container=root; definitionDepth=0; tagOrdinal=1131; payloadBytes=25; exactTagIdentitySha256=4efa3928b9ea3c48e3442d5ffac03a08ad881a462b04a36921e588d9ff20029f; authoring name, visual bounds, placement, and runtime reachability remain unresolved."
swf-definition-01132,247,,text,source-assets/flash/HELP MATH_ORIGINAL FILES/HELP_COURSES/ELMGR4/L3/TI/L3TI06.swf,,,ee29cbb38bd5031a24f87e9360e5176c62bb6061da37289e480a05d102f9caee,DefineText,,,none; original SWF tag payload inventoried without export,machine-extracted-definition,owner-provided SWF,"container=root; definitionDepth=0; tagOrdinal=1132; payloadBytes=28; exactTagIdentitySha256=5b9f487d9949ff071588efa8c445405779f91821032725480bd73d0dce9eecdd; authoring name, visual bounds, placement, and runtime reachability remain unresolved."
swf-definition-01133,248,,text,source-assets/flash/HELP MATH_ORIGINAL FILES/HELP_COURSES/ELMGR4/L3/TI/L3TI06.swf,,,229a3a6e404849a2d93fafa5cfc3d9071f6de4f180eba6da335d444429041eca,DefineText,,,none; original SWF tag payload inventoried without export,machine-extracted-definition,owner-provided SWF,"container=root; definitionDepth=0; tagOrdinal=1133; payloadBytes=27; exactTagIdentitySha256=fc9f2a1d2916e28b4a85dd8c313a54d1c87c9b53b57f1558bbebdb3a8c39f348; authoring name, visual bounds, placement, and runtime reachability remain unresolved."
swf-definition-01134,249,,text,source-assets/flash/HELP MATH_ORIGINAL FILES/HELP_COURSES/ELMGR4/L3/TI/L3TI06.swf,,,d21308d789b21ec9192317589ee86d78276e6911085ffa486423bfe8176aa3ca,DefineText,,,none; original SWF tag payload inventoried without export,machine-extracted-definition,owner-provided SWF,"container=root; definitionDepth=0; tagOrdinal=1134; payloadBytes=27; exactTagIdentitySha256=4cf9cd7692f1524995ea89c0d686f6f2ad757b896f9b1c608d069b1b6ab51b91; authoring name, visual bounds, placement, and runtime reachability remain unresolved."
swf-definition-01135,250,,text,source-assets/flash/HELP MATH_ORIGINAL FILES/HELP_COURSES/ELMGR4/L3/TI/L3TI06.swf,,,9700283b7debbc339f8d8706923cec1611f70a8e637e52d591dd7bbe7d4062d8,DefineText,,,none; original SWF tag payload inventoried without export,machine-extracted-definition,owner-provided SWF,"container=root; definitionDepth=0; tagOrdinal=1135; payloadBytes=27; exactTagIdentitySha256=e5995c5fffffee79283d894baf05d4164d67766f102d9370ef02ef28e8c37ced; authoring name, visual bounds, placement, and runtime reachability remain unresolved."
swf-definition-01136,251,,text,source-assets/flash/HELP MATH_ORIGINAL FILES/HELP_COURSES/ELMGR4/L3/TI/L3TI06.swf,,,3d8221b4ef3fc01ab5be5bcc616decc994ec219011620c5188906ef72a4601ed,DefineText,,,none; original SWF tag payload inventoried without export,machine-extracted-definition,owner-provided SWF,"container=root; definitionDepth=0; tagOrdinal=1136; payloadBytes=27; exactTagIdentitySha256=48ac8f798d1ee52959270cba32feb2a86e01b0980e7ad76972d4c2fc92bb164d; authoring name, visual bounds, placement, and runtime reachability remain unresolved."
swf-definition-01137,252,,text,source-assets/flash/HELP MATH_ORIGINAL FILES/HELP_COURSES/ELMGR4/L3/TI/L3TI06.swf,,,20eccee082facb82279dd49d5bbb40288011cd97fe4b671d66ad938d884f246a,DefineText,,,none; original SWF tag payload inventoried without export,machine-extracted-definition,owner-provided SWF,"container=root; definitionDepth=0; tagOrdinal=1137; payloadBytes=27; exactTagIdentitySha256=aa349aa785bd2f747d35d4f3278d3dcc545a21e4371fed58a3a6331bf217f4c5; authoring name, visual bounds, placement, and runtime reachability remain unresolved."
swf-definition-01138,253,,text,source-assets/flash/HELP MATH_ORIGINAL FILES/HELP_COURSES/ELMGR4/L3/TI/L3TI06.swf,,,462629b7d05d953e92ab2287ec2e1ee15a0467367e47e65558c9bb85dda9751a,DefineText,,,none; original SWF tag payload inventoried without export,machine-extracted-definition,owner-provided SWF,"container=root; definitionDepth=0; tagOrdinal=1138; payloadBytes=27; exactTagIdentitySha256=ccf3391e83783e52390017978322e00ccbc69c9f5f62682a30df8215628c9023; authoring name, visual bounds, placement, and runtime reachability remain unresolved."
swf-definition-01139,254,,text,source-assets/flash/HELP MATH_ORIGINAL FILES/HELP_COURSES/ELMGR4/L3/TI/L3TI06.swf,,,4a4e21ad661bb053ff249e96577047e1b94874f2a74c6ffb432db0a6826da18c,DefineText,,,none; original SWF tag payload inventoried without export,machine-extracted-definition,owner-provided SWF,"container=root; definitionDepth=0; tagOrdinal=1139; payloadBytes=27; exactTagIdentitySha256=c6439c4c5ddd6417503f7f2243668fb865be05402cfe794ef38c3ac20aee7653; authoring name, visual bounds, placement, and runtime reachability remain unresolved."
swf-definition-01140,255,,text,source-assets/flash/HELP MATH_ORIGINAL FILES/HELP_COURSES/ELMGR4/L3/TI/L3TI06.swf,,,551cf43c61be86d4d2d55d2a75abfa5cb0c0518ff25da6b47ac38740f3a82e23,DefineText,,,none; original SWF tag payload inventoried without export,machine-extracted-definition,owner-provided SWF,"container=root; definitionDepth=0; tagOrdinal=1140; payloadBytes=27; exactTagIdentitySha256=eb1e507c78db55c293a923f84863b4748f721b7ab5da516f4c72a814f1d4d0b5; authoring name, visual bounds, placement, and runtime reachability remain unresolved."
swf-definition-01141,256,,text,source-assets/flash/HELP MATH_ORIGINAL FILES/HELP_COURSES/ELMGR4/L3/TI/L3TI06.swf,,,abf9370bcd1d238a6f925666656ad38ee7b79ab2e4d8fc3e526406897e4f88af,DefineText,,,none; original SWF tag payload inventoried without export,machine-extracted-definition,owner-provided SWF,"container=root; definitionDepth=0; tagOrdinal=1141; payloadBytes=27; exactTagIdentitySha256=c0ba7fe5bd52baf50bd3ded1538345d886ad7c9616cfee82eb179a22581be507; authoring name, visual bounds, placement, and runtime reachability remain unresolved."
swf-definition-01142,257,,text,source-assets/flash/HELP MATH_ORIGINAL FILES/HELP_COURSES/ELMGR4/L3/TI/L3TI06.swf,,,390a73b98a8de592c1610e61e6e23eb85aee82abe663ddc6d53e78e363581942,DefineText,,,none; original SWF tag payload inventoried without export,machine-extracted-definition,owner-provided SWF,"container=root; definitionDepth=0; tagOrdinal=1142; payloadBytes=30; exactTagIdentitySha256=3ec42b9381db7476b54cc9930077e81e8f5aab84084e25d2489e7747e7192238; authoring name, visual bounds, placement, and runtime reachability remain unresolved."
swf-definition-01143,258,,shape,source-assets/flash/HELP MATH_ORIGINAL FILES/HELP_COURSES/ELMGR4/L3/TI/L3TI06.swf,,,05e50896f342707dfe46e532ae703c915e39ac98a748c6845c9d6fb0ba369892,DefineShape2,,,none; original SWF tag payload inventoried without export,machine-extracted-definition,owner-provided SWF,"container=root; definitionDepth=0; tagOrdinal=1143; payloadBytes=208; exactTagIdentitySha256=4870b253e85b391bceb4a961d4bf3d3fd2d651f8fc6a684176761524839624e8; authoring name, visual bounds, placement, and runtime reachability remain unresolved."
swf-definition-01144,259,,shape,source-assets/flash/HELP MATH_ORIGINAL FILES/HELP_COURSES/ELMGR4/L3/TI/L3TI06.swf,,,3b69b4273bf7d14ad1d6ca85c519ebe1ffdb15b13ab893d825c2a7bc44fd30b2,DefineShape,,,none; original SWF tag payload inventoried without export,machine-extracted-definition,owner-provided SWF,"container=root; definitionDepth=0; tagOrdinal=1144; payloadBytes=31; exactTagIdentitySha256=32a39b6f49717a241b2fae9b780e8c7059bdaf4d70535f41171aefcbdd625933; authoring name, visual bounds, placement, and runtime reachability remain unresolved."
swf-definition-01145,260,,button,source-assets/flash/HELP MATH_ORIGINAL FILES/HELP_COURSES/ELMGR4/L3/TI/L3TI06.swf,,,6b8d7d17422831b35eccd67f17403e2afcca7b24d1f2e554b31109c7ec8baa29,DefineButton2,,,none; original SWF tag payload inventoried without export,machine-extracted-definition,owner-provided SWF,"container=root; definitionDepth=0; tagOrdinal=1145; payloadBytes=165; exactTagIdentitySha256=e75f1b558423da40048b34babe9be414e85c10c2f4333c222825493ee3973326; authoring name, visual bounds, placement, and runtime reachability remain unresolved."
swf-definition-01146,261,,button,source-assets/flash/HELP MATH_ORIGINAL FILES/HELP_COURSES/ELMGR4/L3/TI/L3TI06.swf,,,63b2421464899b70b163f10b4c1b99c152af4b754fd344b67ff0c0b9ceb71e42,DefineButton2,,,none; original SWF tag payload inventoried without export,machine-extracted-definition,owner-provided SWF,"container=root; definitionDepth=0; tagOrdinal=1146; payloadBytes=177; exactTagIdentitySha256=341affd391f95b8cb1b51f4658463da9dd6f622448a46ea93fe541800f8dfe60; authoring name, visual bounds, placement, and runtime reachability remain unresolved."
swf-definition-01147,262,,button,source-assets/flash/HELP MATH_ORIGINAL FILES/HELP_COURSES/ELMGR4/L3/TI/L3TI06.swf,,,66ef7b860819e4e1dfa3643da803e2413f63d43946bf67606b329c1a9a0003aa,DefineButton2,,,none; original SWF tag payload inventoried without export,machine-extracted-definition,owner-provided SWF,"container=root; definitionDepth=0; tagOrdinal=1147; payloadBytes=177; exactTagIdentitySha256=41ad2753fce4fdb1a03cc1d9d5813311480791eb9ea93228a9f4a9b40a4eb9c2; authoring name, visual bounds, placement, and runtime reachability remain unresolved."
swf-definition-01148,263,,sprite,source-assets/flash/HELP MATH_ORIGINAL FILES/HELP_COURSES/ELMGR4/L3/TI/L3TI06.swf,,,66f16e6a21044a8ee1b34354333c11335a532d060cdbada45cd455a1a99219c7,DefineSprite,,,none; original SWF tag payload inventoried without export,machine-extracted-definition,owner-provided SWF,"container=root; definitionDepth=0; tagOrdinal=1148; payloadBytes=392; exactTagIdentitySha256=aedecf2dec841391a921aedc1b9570d00a1255d98ff3b7e9ec004091a52f5f08; declaredFrameCount=1; authoring name, visual bounds, placement, and runtime reachability remain unresolved."
swf-definition-01182,264,,text,source-assets/flash/HELP MATH_ORIGINAL FILES/HELP_COURSES/ELMGR4/L3/TI/L3TI06.swf,,,45d32b272586f81a0425d14fdf3c9758e20ef4f348f93b7bc6e45942e81da8e5,DefineText,,,none; original SWF tag payload inventoried without export,machine-extracted-definition,owner-provided SWF,"container=root; definitionDepth=0; tagOrdinal=1182; payloadBytes=50; exactTagIdentitySha256=a9c53c746da06e9bb2b8ca3b40fdec379ff42b77ccb6f23c7434a9fb25c0d005; authoring name, visual bounds, placement, and runtime reachability remain unresolved."
swf-definition-01183,265,,sprite,source-assets/flash/HELP MATH_ORIGINAL FILES/HELP_COURSES/ELMGR4/L3/TI/L3TI06.swf,,,b6a2535260dfef4fe3ff51806174ea4a79f730cfea6792d5f83faed30f94565a,DefineSprite,,,none; original SWF tag payload inventoried without export,machine-extracted-definition,owner-provided SWF,"container=root; definitionDepth=0; tagOrdinal=1183; payloadBytes=8291; exactTagIdentitySha256=035ec0a273d75895cbd6c4c35bb5a7a22b79ecf90a3a5ead3aaa3b071abecd1f; declaredFrameCount=20; authoring name, visual bounds, placement, and runtime reachability remain unresolved."
swf-definition-01229,266,,shape,source-assets/flash/HELP MATH_ORIGINAL FILES/HELP_COURSES/ELMGR4/L3/TI/L3TI06.swf,,,9045a7a9a091aa6adf167dbbcdb7dbdcf060a2ef415a6828e4415a284501c2ca,DefineShape,,,none; original SWF tag payload inventoried without export,machine-extracted-definition,owner-provided SWF,"container=root; definitionDepth=0; tagOrdinal=1229; payloadBytes=81; exactTagIdentitySha256=d4428756359e244034ee37917226e266342b61bb13d0aef29344b960e731a7fa; authoring name, visual bounds, placement, and runtime reachability remain unresolved."
swf-definition-01230,267,,text,source-assets/flash/HELP MATH_ORIGINAL FILES/HELP_COURSES/ELMGR4/L3/TI/L3TI06.swf,,,754bf41e7b8d215575ae6a5ff6e784b3ff5cbd5754594fa8281fe1610d1d5ff9,DefineText,,,none; original SWF tag payload inventoried without export,machine-extracted-definition,owner-provided SWF,"container=root; definitionDepth=0; tagOrdinal=1230; payloadBytes=43; exactTagIdentitySha256=eb5fb59766b3ee69cc1eb0ad13bbe59d7ab7c0c983d6307c12a4cdd8fb75a77a; authoring name, visual bounds, placement, and runtime reachability remain unresolved."
swf-definition-01231,268,,sprite,source-assets/flash/HELP MATH_ORIGINAL FILES/HELP_COURSES/ELMGR4/L3/TI/L3TI06.swf,,,4ad4448dd939e74ec85c5638b78b21373ab50875591f9a33b65f058b01d35f43,DefineSprite,,,none; original SWF tag payload inventoried without export,machine-extracted-definition,owner-provided SWF,"container=root; definitionDepth=0; tagOrdinal=1231; payloadBytes=162; exactTagIdentitySha256=5df288d47575bc9cfe4a4d66b98d86419fa2dbc5eabb6b212e2356d46d0d3704; declaredFrameCount=25; authoring name, visual bounds, placement, and runtime reachability remain unresolved."
swf-definition-01263,269,,sprite,source-assets/flash/HELP MATH_ORIGINAL FILES/HELP_COURSES/ELMGR4/L3/TI/L3TI06.swf,,,2907b744f6ad369bc8e7869275f2d57485e1addbafd7b029a21ee93ffad320b6,DefineSprite,,,none; original SWF tag payload inventoried without export,machine-extracted-definition,owner-provided SWF,"container=root; definitionDepth=0; tagOrdinal=1263; payloadBytes=78458; exactTagIdentitySha256=065d3307eb29fe0e758786854d81cfe70f778d833b7341466364b3eff1fbe8c9; declaredFrameCount=167; authoring name, visual bounds, placement, and runtime reachability remain unresolved."
