asset_id,swf_character_id,library_symbol,type,source_file,source_frame,exported_file,sha256,format,dimensions_or_bounds,font_glyphs,transformation,confidence,license_or_provenance,notes
swf-definition-00011,1,,shape,source-assets/flash/HELP MATH_ORIGINAL FILES/HELP_COURSES/ELMGR4/L3/RW/L3RW02.swf,,,a829cbd084ed0f1794ed10838b2590291a99498b185150a3fe61760f511507dd,DefineShape3,,,none; original SWF tag payload inventoried without export,machine-extracted-definition,owner-provided SWF,"container=root; definitionDepth=0; tagOrdinal=11; payloadBytes=35; exactTagIdentitySha256=0eaeadd3492d84e3cb5fc90cc76404bc5393086cd87d864069a4dc0d1516f220; authoring name, visual bounds, placement, and runtime reachability remain unresolved."
swf-definition-00012,2,,bitmap,source-assets/flash/HELP MATH_ORIGINAL FILES/HELP_COURSES/ELMGR4/L3/RW/L3RW02.swf,,,86f75e5a890511cc01b703180a85a28f3394dd19689a67a8a31eac6668274f31,DefineBitsJPEG3,,,none; original SWF tag payload inventoried without export,machine-extracted-definition,owner-provided SWF,"container=root; definitionDepth=0; tagOrdinal=12; payloadBytes=1872; exactTagIdentitySha256=0b07c8bf615c857d9ebca8e7f7f46faebe7d665cf3fab51c7576ec11bdc2379e; authoring name, visual bounds, placement, and runtime reachability remain unresolved."
swf-definition-00013,3,,bitmap,source-assets/flash/HELP MATH_ORIGINAL FILES/HELP_COURSES/ELMGR4/L3/RW/L3RW02.swf,,,5bb764b44a05639e535dcf6e90c7da9010566fa43817df34a42b0dc129017c5a,DefineBitsJPEG3,,,none; original SWF tag payload inventoried without export,machine-extracted-definition,owner-provided SWF,"container=root; definitionDepth=0; tagOrdinal=13; payloadBytes=13130; exactTagIdentitySha256=fae78ca91784ac4460c88cb8bdf880fd4c71d9baf91a5899a0734380a1757606; authoring name, visual bounds, placement, and runtime reachability remain unresolved."
swf-definition-00014,4,,bitmap,source-assets/flash/HELP MATH_ORIGINAL FILES/HELP_COURSES/ELMGR4/L3/RW/L3RW02.swf,,,2b45db5aa120ce977c36be3a425935d087097839aabad6b204736b4ebb1111ad,DefineBitsJPEG3,,,none; original SWF tag payload inventoried without export,machine-extracted-definition,owner-provided SWF,"container=root; definitionDepth=0; tagOrdinal=14; payloadBytes=11363; exactTagIdentitySha256=950ed72b983bc9300c4383a0201bee7f727ebcaef050d6ecf58d4f61e8d572d1; authoring name, visual bounds, placement, and runtime reachability remain unresolved."
swf-definition-00015,5,,bitmap,source-assets/flash/HELP MATH_ORIGINAL FILES/HELP_COURSES/ELMGR4/L3/RW/L3RW02.swf,,,7e91a4a6110b424adf9a8a0851413064a42fdc10f61c6ba414dbd97f56aed6fd,DefineBitsJPEG3,,,none; original SWF tag payload inventoried without export,machine-extracted-definition,owner-provided SWF,"container=root; definitionDepth=0; tagOrdinal=15; payloadBytes=6171; exactTagIdentitySha256=9879ebb56e8f7c36ae1a070b1707a49147d4d238377be4e00c1394cf6453f56c; authoring name, visual bounds, placement, and runtime reachability remain unresolved."
swf-definition-00016,6,,bitmap,source-assets/flash/HELP MATH_ORIGINAL FILES/HELP_COURSES/ELMGR4/L3/RW/L3RW02.swf,,,cc449be811487cfa65970b901f5f9965d00f40a62a0da1d1549be2a2b04ed234,DefineBitsJPEG3,,,none; original SWF tag payload inventoried without export,machine-extracted-definition,owner-provided SWF,"container=root; definitionDepth=0; tagOrdinal=16; payloadBytes=62446; exactTagIdentitySha256=5737abdfd59d5ae65ded3e165c312966dae97aa49ff7bc6d316e8dc81ab3f71e; authoring name, visual bounds, placement, and runtime reachability remain unresolved."
swf-definition-00017,7,,shape,source-assets/flash/HELP MATH_ORIGINAL FILES/HELP_COURSES/ELMGR4/L3/RW/L3RW02.swf,,,3b34aaa6b72cdb83f32cb9999ddc8909819b2934aa87015ca57848b19475e829,DefineShape3,,,none; original SWF tag payload inventoried without export,machine-extracted-definition,owner-provided SWF,"container=root; definitionDepth=0; tagOrdinal=17; payloadBytes=3626; exactTagIdentitySha256=f11b217ce94d1dd865d4fc97612ce31778cbc0e13b2ece1d7cf875eda45226a6; authoring name, visual bounds, placement, and runtime reachability remain unresolved."
swf-definition-00018,8,,shape,source-assets/flash/HELP MATH_ORIGINAL FILES/HELP_COURSES/ELMGR4/L3/RW/L3RW02.swf,,,7687dea8b6218ebcdc424cea87b9c416d12d805f53cab68f98b144fb10a6fc37,DefineShape3,,,none; original SWF tag payload inventoried without export,machine-extracted-definition,owner-provided SWF,"container=root; definitionDepth=0; tagOrdinal=18; payloadBytes=42; exactTagIdentitySha256=206648a84b6b22b59a9fbb93593db47681850604cbe6a558b439b9cf7d26f9b5; authoring name, visual bounds, placement, and runtime reachability remain unresolved."
swf-definition-00019,9,,shape,source-assets/flash/HELP MATH_ORIGINAL FILES/HELP_COURSES/ELMGR4/L3/RW/L3RW02.swf,,,7c442c5154a2a98d2f480e284befc441ca2ad8e983640df49b1571e1908974fb,DefineShape3,,,none; original SWF tag payload inventoried without export,machine-extracted-definition,owner-provided SWF,"container=root; definitionDepth=0; tagOrdinal=19; payloadBytes=569; exactTagIdentitySha256=87fe4c49983c48ae3743a75bc7b777455c63e947440a79e712aec60a4080f456; authoring name, visual bounds, placement, and runtime reachability remain unresolved."
swf-definition-00020,10,,bitmap,source-assets/flash/HELP MATH_ORIGINAL FILES/HELP_COURSES/ELMGR4/L3/RW/L3RW02.swf,,,335ebb5e7869abe526bde0e005b50016a9a596b04bef6815d8ffc3c18df75638,DefineBitsJPEG3,,,none; original SWF tag payload inventoried without export,machine-extracted-definition,owner-provided SWF,"container=root; definitionDepth=0; tagOrdinal=20; payloadBytes=7149; exactTagIdentitySha256=4ea9375362dc0989174c0db4bcfd7a9ef7450da4f2beca3a052fb9983ac41d33; authoring name, visual bounds, placement, and runtime reachability remain unresolved."
swf-definition-00021,11,,bitmap,source-assets/flash/HELP MATH_ORIGINAL FILES/HELP_COURSES/ELMGR4/L3/RW/L3RW02.swf,,,b9077f42f57c5b7a91aa265ec985430566845348d1c7b5e44c83fd10a74d764f,DefineBitsJPEG3,,,none; original SWF tag payload inventoried without export,machine-extracted-definition,owner-provided SWF,"container=root; definitionDepth=0; tagOrdinal=21; payloadBytes=5977; exactTagIdentitySha256=50ee4667c1f982012ee9c852e5e0f11aa4912c6d3ff056d206a0083ed37c0f01; authoring name, visual bounds, placement, and runtime reachability remain unresolved."
swf-definition-00022,12,,shape,source-assets/flash/HELP MATH_ORIGINAL FILES/HELP_COURSES/ELMGR4/L3/RW/L3RW02.swf,,,e4219a1f9c5e88047d28ce3bac6a91c88ae91a1a1f53fec7705c4c3c7a91740e,DefineShape3,,,none; original SWF tag payload inventoried without export,machine-extracted-definition,owner-provided SWF,"container=root; definitionDepth=0; tagOrdinal=22; payloadBytes=1147; exactTagIdentitySha256=52eb124fc8730d14a3a983e7971919fb63ca0f8ae01b85294b427feab75f49a1; authoring name, visual bounds, placement, and runtime reachability remain unresolved."
swf-definition-00023,13,,shape,source-assets/flash/HELP MATH_ORIGINAL FILES/HELP_COURSES/ELMGR4/L3/RW/L3RW02.swf,,,a6ce5e96ec196fbf0c92ad08f984e89e5a87f15f79b006b336afcef778b1921c,DefineShape,,,none; original SWF tag payload inventoried without export,machine-extracted-definition,owner-provided SWF,"container=root; definitionDepth=0; tagOrdinal=23; payloadBytes=34; exactTagIdentitySha256=3fd4b23bae8af62006d44c9c3bfef2e7e95cccdcb01f5a674c9bf80351ba60e8; authoring name, visual bounds, placement, and runtime reachability remain unresolved."
swf-definition-00024,14,,shape,source-assets/flash/HELP MATH_ORIGINAL FILES/HELP_COURSES/ELMGR4/L3/RW/L3RW02.swf,,,2ab89e4fc43f01c6027788fb726ed554ec20a48a3e971f792c6b0caa6c39869f,DefineShape,,,none; original SWF tag payload inventoried without export,machine-extracted-definition,owner-provided SWF,"container=root; definitionDepth=0; tagOrdinal=24; payloadBytes=56; exactTagIdentitySha256=fceb25fcdda56a8e166e4f66baff19e32f1019ca0ac2cbe0724d06a98b56a92c; authoring name, visual bounds, placement, and runtime reachability remain unresolved."
swf-definition-00025,15,,shape,source-assets/flash/HELP MATH_ORIGINAL FILES/HELP_COURSES/ELMGR4/L3/RW/L3RW02.swf,,,62f2b7b864b4248be95891464889bafc5d5d318620233b3d997f41d811cbc1b4,DefineShape3,,,none; original SWF tag payload inventoried without export,machine-extracted-definition,owner-provided SWF,"container=root; definitionDepth=0; tagOrdinal=25; payloadBytes=71; exactTagIdentitySha256=50431061350368db5a61856e89a8f94e1f15d6227752da42c8538101fed0785d; authoring name, visual bounds, placement, and runtime reachability remain unresolved."
swf-definition-00026,16,,shape,source-assets/flash/HELP MATH_ORIGINAL FILES/HELP_COURSES/ELMGR4/L3/RW/L3RW02.swf,,,7760e305e546d25b2d125701ba7a26e6d7ccfdda3eeaa52fb86af73f2aba1621,DefineShape,,,none; original SWF tag payload inventoried without export,machine-extracted-definition,owner-provided SWF,"container=root; definitionDepth=0; tagOrdinal=26; payloadBytes=51; exactTagIdentitySha256=c6326d70539f337a186ddff3c4768cb8b82cb940a53ba8b728c9d54b4a96a7be; authoring name, visual bounds, placement, and runtime reachability remain unresolved."
swf-definition-00027,17,,shape,source-assets/flash/HELP MATH_ORIGINAL FILES/HELP_COURSES/ELMGR4/L3/RW/L3RW02.swf,,,d1c150328ed0a17684456cb5789d1480299aa086bf5ae2b72e81e80b39d624fe,DefineShape2,,,none; original SWF tag payload inventoried without export,machine-extracted-definition,owner-provided SWF,"container=root; definitionDepth=0; tagOrdinal=27; payloadBytes=143; exactTagIdentitySha256=62f0b3ece4cbeba128d16654c74d95ba7ee0a1ff21ad58be5a0bb9e3fbeed255; authoring name, visual bounds, placement, and runtime reachability remain unresolved."
swf-definition-00028,18,,shape,source-assets/flash/HELP MATH_ORIGINAL FILES/HELP_COURSES/ELMGR4/L3/RW/L3RW02.swf,,,57272b1c26a8f881b527fb859771cde3ea9a9dbb64f2f298c3ff1b00476351b8,DefineShape3,,,none; original SWF tag payload inventoried without export,machine-extracted-definition,owner-provided SWF,"container=root; definitionDepth=0; tagOrdinal=28; payloadBytes=1908; exactTagIdentitySha256=79806a65ad9ecd3d3f51b449ef16ef9ad02b0c4ee96577e66befa3a4183089a2; authoring name, visual bounds, placement, and runtime reachability remain unresolved."
swf-definition-00029,19,,shape,source-assets/flash/HELP MATH_ORIGINAL FILES/HELP_COURSES/ELMGR4/L3/RW/L3RW02.swf,,,16241cee72a3a59eae8bae7e650695b293ce9e668943620808d9582982626170,DefineShape3,,,none; original SWF tag payload inventoried without export,machine-extracted-definition,owner-provided SWF,"container=root; definitionDepth=0; tagOrdinal=29; payloadBytes=1560; exactTagIdentitySha256=5d03f2dd29030b1d51eebdb60b9233fe1989c798b40988bf7584bb418b3e9455; authoring name, visual bounds, placement, and runtime reachability remain unresolved."
swf-definition-00030,20,,shape,source-assets/flash/HELP MATH_ORIGINAL FILES/HELP_COURSES/ELMGR4/L3/RW/L3RW02.swf,,,508409b03b1e336425ab365f8474958be844568ca2438a5ff9cc48d1ad228edb,DefineShape3,,,none; original SWF tag payload inventoried without export,machine-extracted-definition,owner-provided SWF,"container=root; definitionDepth=0; tagOrdinal=30; payloadBytes=1005; exactTagIdentitySha256=10ba85bfe13a1952933b7f33fc3eada912f3f0fe5a086a96cf3ecfdeb3775de4; authoring name, visual bounds, placement, and runtime reachability remain unresolved."
swf-definition-00031,21,,shape,source-assets/flash/HELP MATH_ORIGINAL FILES/HELP_COURSES/ELMGR4/L3/RW/L3RW02.swf,,,4e2145a1caec4bd04e3f53f0a4bb7223f1b53ad9dc3d3c1d56b25402f49daf8d,DefineShape,,,none; original SWF tag payload inventoried without export,machine-extracted-definition,owner-provided SWF,"container=root; definitionDepth=0; tagOrdinal=31; payloadBytes=52; exactTagIdentitySha256=ab8174efc4a04a7076989adf97491dfdaca29a5d9afbb14e18581eb035eb34c7; authoring name, visual bounds, placement, and runtime reachability remain unresolved."
swf-definition-00032,22,,shape,source-assets/flash/HELP MATH_ORIGINAL FILES/HELP_COURSES/ELMGR4/L3/RW/L3RW02.swf,,,60d6b0ee387169b200ea26ea17d18fe4ea856d2a01f09cbc14ec58162a9eb23d,DefineShape3,,,none; original SWF tag payload inventoried without export,machine-extracted-definition,owner-provided SWF,"container=root; definitionDepth=0; tagOrdinal=32; payloadBytes=1045; exactTagIdentitySha256=6ccba8b2ebcb541b89d1c1544173379d2109e31c4f63cca58381e013e70927da; authoring name, visual bounds, placement, and runtime reachability remain unresolved."
swf-definition-00033,23,,shape,source-assets/flash/HELP MATH_ORIGINAL FILES/HELP_COURSES/ELMGR4/L3/RW/L3RW02.swf,,,bc6e62ff9abfa56d958e8d0c99ccdf46c254a5ae16c84be612036f1510b760e8,DefineShape3,,,none; original SWF tag payload inventoried without export,machine-extracted-definition,owner-provided SWF,"container=root; definitionDepth=0; tagOrdinal=33; payloadBytes=519; exactTagIdentitySha256=a7df1f4a9a2ae315ea5c8d2f56bacbef3a20adf684cc1df4607c1e1d579fc325; authoring name, visual bounds, placement, and runtime reachability remain unresolved."
swf-definition-00034,24,,shape,source-assets/flash/HELP MATH_ORIGINAL FILES/HELP_COURSES/ELMGR4/L3/RW/L3RW02.swf,,,2feb5bdb2c9476bdbc619d9da1800e37ff51bdcb2463cfded945019740ec2c20,DefineShape3,,,none; original SWF tag payload inventoried without export,machine-extracted-definition,owner-provided SWF,"container=root; definitionDepth=0; tagOrdinal=34; payloadBytes=914; exactTagIdentitySha256=8c1aa88956b71a020f04012de489e16b973737f1c6f6a7d9d58dbe70ce8d70ca; authoring name, visual bounds, placement, and runtime reachability remain unresolved."
swf-definition-00035,25,,shape,source-assets/flash/HELP MATH_ORIGINAL FILES/HELP_COURSES/ELMGR4/L3/RW/L3RW02.swf,,,48783e957885c1c457e3feff16479755cc998a233134886be6c6df58b596932c,DefineShape3,,,none; original SWF tag payload inventoried without export,machine-extracted-definition,owner-provided SWF,"container=root; definitionDepth=0; tagOrdinal=35; payloadBytes=1933; exactTagIdentitySha256=f57b061b2ab990cfbbc751bef73b0d33505269976c71a192b950348baa108a2a; authoring name, visual bounds, placement, and runtime reachability remain unresolved."
swf-definition-00036,26,,shape,source-assets/flash/HELP MATH_ORIGINAL FILES/HELP_COURSES/ELMGR4/L3/RW/L3RW02.swf,,,d9c95e0ba04c2b2c327403ea8f22a47306be42963294f26a9696c775192bd4a9,DefineShape3,,,none; original SWF tag payload inventoried without export,machine-extracted-definition,owner-provided SWF,"container=root; definitionDepth=0; tagOrdinal=36; payloadBytes=2420; exactTagIdentitySha256=598c7eb95c7e93d3c7ac042b521d2ee38f4484f806cc28472ee24f3e14943b64; authoring name, visual bounds, placement, and runtime reachability remain unresolved."
swf-definition-00037,27,,shape,source-assets/flash/HELP MATH_ORIGINAL FILES/HELP_COURSES/ELMGR4/L3/RW/L3RW02.swf,,,8d9632696911575254da55e55609f0c3550415c4d55c9d1cfca45717c08432e0,DefineShape3,,,none; original SWF tag payload inventoried without export,machine-extracted-definition,owner-provided SWF,"container=root; definitionDepth=0; tagOrdinal=37; payloadBytes=2414; exactTagIdentitySha256=69af5fce93db0ac0a815c037eeda11654f683f90dccf5063d0c2e414a326e8db; authoring name, visual bounds, placement, and runtime reachability remain unresolved."
swf-definition-00038,28,,shape,source-assets/flash/HELP MATH_ORIGINAL FILES/HELP_COURSES/ELMGR4/L3/RW/L3RW02.swf,,,0f25d5c6060efb418d27fb5fdcc30586a75590eb000e590f663ff841fa5d7799,DefineShape3,,,none; original SWF tag payload inventoried without export,machine-extracted-definition,owner-provided SWF,"container=root; definitionDepth=0; tagOrdinal=38; payloadBytes=515; exactTagIdentitySha256=b5bceeb967c31c5e99d32042b02df3a2d48dacd647cffd7b9f3a96fb2197c253; authoring name, visual bounds, placement, and runtime reachability remain unresolved."
swf-definition-00039,29,,shape,source-assets/flash/HELP MATH_ORIGINAL FILES/HELP_COURSES/ELMGR4/L3/RW/L3RW02.swf,,,d424920562629e0b29eacaf006ec0febbd249856636a9b371343f148dfdaaa72,DefineShape3,,,none; original SWF tag payload inventoried without export,machine-extracted-definition,owner-provided SWF,"container=root; definitionDepth=0; tagOrdinal=39; payloadBytes=906; exactTagIdentitySha256=ffb5d6d354ea26bd0ed90cc18cf7c4737c7ff44d41f635e426a4fd8ef2c2b976; authoring name, visual bounds, placement, and runtime reachability remain unresolved."
swf-definition-00040,30,,shape,source-assets/flash/HELP MATH_ORIGINAL FILES/HELP_COURSES/ELMGR4/L3/RW/L3RW02.swf,,,29046f94055cf47dc61d9a704e0a43037d39bacebaffc7a720315e0995a25811,DefineShape3,,,none; original SWF tag payload inventoried without export,machine-extracted-definition,owner-provided SWF,"container=root; definitionDepth=0; tagOrdinal=40; payloadBytes=515; exactTagIdentitySha256=050b42f7789a0199bfcb06fb648241d4e4b93e0ce7b102ca13e704b2af7d2537; authoring name, visual bounds, placement, and runtime reachability remain unresolved."
swf-definition-00041,31,,shape,source-assets/flash/HELP MATH_ORIGINAL FILES/HELP_COURSES/ELMGR4/L3/RW/L3RW02.swf,,,2e2b593a3f5962acb29e86907f79ba23e43d096d68c1555577f447a55fef59ac,DefineShape3,,,none; original SWF tag payload inventoried without export,machine-extracted-definition,owner-provided SWF,"container=root; definitionDepth=0; tagOrdinal=41; payloadBytes=913; exactTagIdentitySha256=fdb12f8c341797833695a2cb1ff61ab0793b5689738145c49da3e64a34e0b27a; authoring name, visual bounds, placement, and runtime reachability remain unresolved."
swf-definition-00042,32,,shape,source-assets/flash/HELP MATH_ORIGINAL FILES/HELP_COURSES/ELMGR4/L3/RW/L3RW02.swf,,,b8f1d4b29343bec1e2a776f760dff00a8ae5df23c0177d1ee4270cfdc1d3d86c,DefineShape3,,,none; original SWF tag payload inventoried without export,machine-extracted-definition,owner-provided SWF,"container=root; definitionDepth=0; tagOrdinal=42; payloadBytes=515; exactTagIdentitySha256=405d103d3b6fe755bfe02a084300b49bd14e44a0341a87db5ec980643f1a9704; authoring name, visual bounds, placement, and runtime reachability remain unresolved."
swf-definition-00043,33,,shape,source-assets/flash/HELP MATH_ORIGINAL FILES/HELP_COURSES/ELMGR4/L3/RW/L3RW02.swf,,,0df84abad1f1dc4637962eb7ecd28528830d45ddbd9322ac91fddd0ae87ea66d,DefineShape3,,,none; original SWF tag payload inventoried without export,machine-extracted-definition,owner-provided SWF,"container=root; definitionDepth=0; tagOrdinal=43; payloadBytes=910; exactTagIdentitySha256=a43721266cd4fe2528be98d88745bd69464d74286f3ddfc302bf780a6f5e1706; authoring name, visual bounds, placement, and runtime reachability remain unresolved."
swf-definition-00044,34,,shape,source-assets/flash/HELP MATH_ORIGINAL FILES/HELP_COURSES/ELMGR4/L3/RW/L3RW02.swf,,,2085d7fe60fe9f102757e744fc94bd2c33f8166fea94c910c23e163bd09e79d3,DefineShape3,,,none; original SWF tag payload inventoried without export,machine-extracted-definition,owner-provided SWF,"container=root; definitionDepth=0; tagOrdinal=44; payloadBytes=518; exactTagIdentitySha256=e27a116d9a8007d2e8cc42330c8cca9a0b40702b3997073bf87e593f665e0a07; authoring name, visual bounds, placement, and runtime reachability remain unresolved."
swf-definition-00045,35,,shape,source-assets/flash/HELP MATH_ORIGINAL FILES/HELP_COURSES/ELMGR4/L3/RW/L3RW02.swf,,,f224272de7c3160498f53feca7d949a796cce3e64c4f099c4cbab1c5ecc7376a,DefineShape3,,,none; original SWF tag payload inventoried without export,machine-extracted-definition,owner-provided SWF,"container=root; definitionDepth=0; tagOrdinal=45; payloadBytes=908; exactTagIdentitySha256=06e704b955e397c8e178c913f5940e2229b84ef6afa048890ac6730a4b0519d4; authoring name, visual bounds, placement, and runtime reachability remain unresolved."
swf-definition-00046,36,,shape,source-assets/flash/HELP MATH_ORIGINAL FILES/HELP_COURSES/ELMGR4/L3/RW/L3RW02.swf,,,a6870f758358c1829fe12f82d146e0c7184712c7776cf22a242aa0e4192cdd65,DefineShape3,,,none; original SWF tag payload inventoried without export,machine-extracted-definition,owner-provided SWF,"container=root; definitionDepth=0; tagOrdinal=46; payloadBytes=515; exactTagIdentitySha256=47c6f9d1f8d6c30db3f2a2f8f183e0e7c4d5653d1f2984ce6cec9010048c7156; authoring name, visual bounds, placement, and runtime reachability remain unresolved."
swf-definition-00047,37,,shape,source-assets/flash/HELP MATH_ORIGINAL FILES/HELP_COURSES/ELMGR4/L3/RW/L3RW02.swf,,,01d9a434dd2def95cf3d4f4670dd0d80f12221c17ee2fff983112c8a50ee9dac,DefineShape3,,,none; original SWF tag payload inventoried without export,machine-extracted-definition,owner-provided SWF,"container=root; definitionDepth=0; tagOrdinal=47; payloadBytes=913; exactTagIdentitySha256=9dd38d061017a89227c47cacba1e4392c13997238f0a39cc5a0a88d5699817e2; authoring name, visual bounds, placement, and runtime reachability remain unresolved."
swf-definition-00048,38,,shape,source-assets/flash/HELP MATH_ORIGINAL FILES/HELP_COURSES/ELMGR4/L3/RW/L3RW02.swf,,,622e6892f603034d2436292a7f41f57474310465e76a21133df3979d0bd04452,DefineShape3,,,none; original SWF tag payload inventoried without export,machine-extracted-definition,owner-provided SWF,"container=root; definitionDepth=0; tagOrdinal=48; payloadBytes=515; exactTagIdentitySha256=6553b6f129c46fd2f93a11ac0c759be61eb609f529dc34136fbef69c48e9d966; authoring name, visual bounds, placement, and runtime reachability remain unresolved."
swf-definition-00049,39,,shape,source-assets/flash/HELP MATH_ORIGINAL FILES/HELP_COURSES/ELMGR4/L3/RW/L3RW02.swf,,,47f4e8b795c733e3743f5a713e39f875862b985f3ef57aeea7fa898f52cf2692,DefineShape3,,,none; original SWF tag payload inventoried without export,machine-extracted-definition,owner-provided SWF,"container=root; definitionDepth=0; tagOrdinal=49; payloadBytes=913; exactTagIdentitySha256=3752b5b5fb92f383ddf130da5d2761827a19d03b962422c6a51894c502c2abbd; authoring name, visual bounds, placement, and runtime reachability remain unresolved."
swf-definition-00050,40,,shape,source-assets/flash/HELP MATH_ORIGINAL FILES/HELP_COURSES/ELMGR4/L3/RW/L3RW02.swf,,,ee54ce6924dc1207b4301cc76427f9fddcdf6a78a383fa51025c5ba8dcae84ef,DefineShape3,,,none; original SWF tag payload inventoried without export,machine-extracted-definition,owner-provided SWF,"container=root; definitionDepth=0; tagOrdinal=50; payloadBytes=518; exactTagIdentitySha256=5017a8c781c4701e0a8061601bb2e3bb8443d5a0ca425b45f10bb561fc7ed2ca; authoring name, visual bounds, placement, and runtime reachability remain unresolved."
swf-definition-00051,41,,shape,source-assets/flash/HELP MATH_ORIGINAL FILES/HELP_COURSES/ELMGR4/L3/RW/L3RW02.swf,,,bf730b852f305767ee8b73b07cce924883d499d7d5c9ca929c5b4392c44bd438,DefineShape3,,,none; original SWF tag payload inventoried without export,machine-extracted-definition,owner-provided SWF,"container=root; definitionDepth=0; tagOrdinal=51; payloadBytes=908; exactTagIdentitySha256=31bb18ee7fad36115275e2509ce41868f48ddda42cfbf4a9b9a36e58d2ce74e0; authoring name, visual bounds, placement, and runtime reachability remain unresolved."
swf-definition-00052,42,,shape,source-assets/flash/HELP MATH_ORIGINAL FILES/HELP_COURSES/ELMGR4/L3/RW/L3RW02.swf,,,de4b6651411423ea8659050a25a09e3bf7071d3aab09fffbec25d20bced350f7,DefineShape3,,,none; original SWF tag payload inventoried without export,machine-extracted-definition,owner-provided SWF,"container=root; definitionDepth=0; tagOrdinal=52; payloadBytes=2426; exactTagIdentitySha256=64a60883c620c31268afb60f5c4e76cc0c74e40ac37038128efb32d1f93db14b; authoring name, visual bounds, placement, and runtime reachability remain unresolved."
swf-definition-00053,43,,shape,source-assets/flash/HELP MATH_ORIGINAL FILES/HELP_COURSES/ELMGR4/L3/RW/L3RW02.swf,,,4e107a9a3265de27ce76bf15d9687db4f03563d79deccf2f6d2ebee3bf0ba877,DefineShape3,,,none; original SWF tag payload inventoried without export,machine-extracted-definition,owner-provided SWF,"container=root; definitionDepth=0; tagOrdinal=53; payloadBytes=515; exactTagIdentitySha256=b12898230f0fb7bc618463f23f5f963a0d4a31b764da3bc4686c18ab25e682c0; authoring name, visual bounds, placement, and runtime reachability remain unresolved."
swf-definition-00054,44,,shape,source-assets/flash/HELP MATH_ORIGINAL FILES/HELP_COURSES/ELMGR4/L3/RW/L3RW02.swf,,,d8984224be70d4be6a8cbd04a04ce0214c2099ee8c91c3e65cae1078be8e6d0e,DefineShape3,,,none; original SWF tag payload inventoried without export,machine-extracted-definition,owner-provided SWF,"container=root; definitionDepth=0; tagOrdinal=54; payloadBytes=915; exactTagIdentitySha256=d8e21dfb9dc17160404aeafdbad98dad5537848b197f0227884629970affd266; authoring name, visual bounds, placement, and runtime reachability remain unresolved."
swf-definition-00055,45,,shape,source-assets/flash/HELP MATH_ORIGINAL FILES/HELP_COURSES/ELMGR4/L3/RW/L3RW02.swf,,,43181ecf5a233570de39327dbe12f8f84e328343dabacf9e9021783e45d0cf5e,DefineShape3,,,none; original SWF tag payload inventoried without export,machine-extracted-definition,owner-provided SWF,"container=root; definitionDepth=0; tagOrdinal=55; payloadBytes=515; exactTagIdentitySha256=911db8f292b36a2f645683c8be592d6c54ba5be9b0f8acb44b82527d1853479b; authoring name, visual bounds, placement, and runtime reachability remain unresolved."
swf-definition-00056,46,,shape,source-assets/flash/HELP MATH_ORIGINAL FILES/HELP_COURSES/ELMGR4/L3/RW/L3RW02.swf,,,424636ac93f41639f8f6074a408e68557ba62b1a656b5ba47e29b11c4c032538,DefineShape3,,,none; original SWF tag payload inventoried without export,machine-extracted-definition,owner-provided SWF,"container=root; definitionDepth=0; tagOrdinal=56; payloadBytes=1010; exactTagIdentitySha256=079ce0d55f81a7c5d746c0d2295fa646a86e4df8f81ba19b1a712189103d9f2c; authoring name, visual bounds, placement, and runtime reachability remain unresolved."
swf-definition-00057,47,,shape,source-assets/flash/HELP MATH_ORIGINAL FILES/HELP_COURSES/ELMGR4/L3/RW/L3RW02.swf,,,c9d60daaccd3ff333f2ce74b174f3b42f61b1b82e587bc0cb2ec1d0cbc726e8a,DefineShape3,,,none; original SWF tag payload inventoried without export,machine-extracted-definition,owner-provided SWF,"container=root; definitionDepth=0; tagOrdinal=57; payloadBytes=2317; exactTagIdentitySha256=4733eea8a97014c5184382d21b34a75f95a5de4c7b97239e9f9e88a0d35236e3; authoring name, visual bounds, placement, and runtime reachability remain unresolved."
swf-definition-00058,48,,shape,source-assets/flash/HELP MATH_ORIGINAL FILES/HELP_COURSES/ELMGR4/L3/RW/L3RW02.swf,,,f3aff709fc5e463457f535c3152ab9c1e73d652d1e4b615451e017b3a7ba8488,DefineShape3,,,none; original SWF tag payload inventoried without export,machine-extracted-definition,owner-provided SWF,"container=root; definitionDepth=0; tagOrdinal=58; payloadBytes=1566; exactTagIdentitySha256=47706312b4b9bb50dbbfec0cec5ce069bd121f59cdf08d0312c98c084a2100f3; authoring name, visual bounds, placement, and runtime reachability remain unresolved."
swf-definition-00059,49,,shape,source-assets/flash/HELP MATH_ORIGINAL FILES/HELP_COURSES/ELMGR4/L3/RW/L3RW02.swf,,,ee49866c48b38a006252c2fc8967d72bff3cdea7fd938a0ef6b077c452edfa7f,DefineShape3,,,none; original SWF tag payload inventoried without export,machine-extracted-definition,owner-provided SWF,"container=root; definitionDepth=0; tagOrdinal=59; payloadBytes=1002; exactTagIdentitySha256=9c039904fdfe42d903e185ddd1889e420d5ed6da544695781da4baceaa75b268; authoring name, visual bounds, placement, and runtime reachability remain unresolved."
swf-definition-00060,50,,shape,source-assets/flash/HELP MATH_ORIGINAL FILES/HELP_COURSES/ELMGR4/L3/RW/L3RW02.swf,,,9b9e934e45ff24ce71f72cca2c7ec30bc9fb2481c271c9efd081b526796e9773,DefineShape3,,,none; original SWF tag payload inventoried without export,machine-extracted-definition,owner-provided SWF,"container=root; definitionDepth=0; tagOrdinal=60; payloadBytes=1055; exactTagIdentitySha256=9b8fa65d245b36223cbc3338ba684bb27d7cc7854640ad1d674ae7153557ac9d; authoring name, visual bounds, placement, and runtime reachability remain unresolved."
swf-definition-00061,51,,shape,source-assets/flash/HELP MATH_ORIGINAL FILES/HELP_COURSES/ELMGR4/L3/RW/L3RW02.swf,,,a2947621d6b7f9747a795902f55476d176e162da5ffcbe6b3e0ef9a29909cb27,DefineShape3,,,none; original SWF tag payload inventoried without export,machine-extracted-definition,owner-provided SWF,"container=root; definitionDepth=0; tagOrdinal=61; payloadBytes=515; exactTagIdentitySha256=e831572fcdea334dccff7a83e559ece48a8c8b81e4fc7f68375926ec13e4d289; authoring name, visual bounds, placement, and runtime reachability remain unresolved."
swf-definition-00062,52,,shape,source-assets/flash/HELP MATH_ORIGINAL FILES/HELP_COURSES/ELMGR4/L3/RW/L3RW02.swf,,,214ceadf1814da7a591cab7af5b609889364e97ea7bc9a6b41e087d1290437c6,DefineShape3,,,none; original SWF tag payload inventoried without export,machine-extracted-definition,owner-provided SWF,"container=root; definitionDepth=0; tagOrdinal=62; payloadBytes=1006; exactTagIdentitySha256=02cf4b980dd850b6181b96af118ecdb3b5a1e8eef7267cb56742e2aaf6e75238; authoring name, visual bounds, placement, and runtime reachability remain unresolved."
swf-definition-00063,53,,shape,source-assets/flash/HELP MATH_ORIGINAL FILES/HELP_COURSES/ELMGR4/L3/RW/L3RW02.swf,,,ff0eb06908b8da97d8ae832035f0452f80147cc8c748b7cfc3e4cf5899564c7c,DefineShape3,,,none; original SWF tag payload inventoried without export,machine-extracted-definition,owner-provided SWF,"container=root; definitionDepth=0; tagOrdinal=63; payloadBytes=2314; exactTagIdentitySha256=9aad004c3e8cdd19b1430c39f667267370dbdd17865cabca13ad72f1e3d8c252; authoring name, visual bounds, placement, and runtime reachability remain unresolved."
swf-definition-00064,54,,shape,source-assets/flash/HELP MATH_ORIGINAL FILES/HELP_COURSES/ELMGR4/L3/RW/L3RW02.swf,,,fa4965b0ad725d148e4ef094ecd2af44d30a2fc01bcc0c299f85e44453183be5,DefineShape3,,,none; original SWF tag payload inventoried without export,machine-extracted-definition,owner-provided SWF,"container=root; definitionDepth=0; tagOrdinal=64; payloadBytes=518; exactTagIdentitySha256=ea5e9d1cd008ddf7d804103242b43638ae6ba9d94fd8f8b7a73f12119d71cb6a; authoring name, visual bounds, placement, and runtime reachability remain unresolved."
swf-definition-00065,55,,shape,source-assets/flash/HELP MATH_ORIGINAL FILES/HELP_COURSES/ELMGR4/L3/RW/L3RW02.swf,,,4677767c2571152adfc90b944a766ca0865ee29eed0c87387933292c0a87b70c,DefineShape3,,,none; original SWF tag payload inventoried without export,machine-extracted-definition,owner-provided SWF,"container=root; definitionDepth=0; tagOrdinal=65; payloadBytes=674; exactTagIdentitySha256=1352bb96d9e763580b7c40040ecc587d04b56e1953a99824b334ff290023ec8c; authoring name, visual bounds, placement, and runtime reachability remain unresolved."
swf-definition-00066,56,,shape,source-assets/flash/HELP MATH_ORIGINAL FILES/HELP_COURSES/ELMGR4/L3/RW/L3RW02.swf,,,5c569aca075e0e2dd9f2cb5927d932251742c5c8195a5f83bcd25d90f45da1d0,DefineShape3,,,none; original SWF tag payload inventoried without export,machine-extracted-definition,owner-provided SWF,"container=root; definitionDepth=0; tagOrdinal=66; payloadBytes=1004; exactTagIdentitySha256=aee3e9d807007ff213de2933865248ebbdd779c4a6349057d9308a433a12aaf8; authoring name, visual bounds, placement, and runtime reachability remain unresolved."
swf-definition-00067,57,,shape,source-assets/flash/HELP MATH_ORIGINAL FILES/HELP_COURSES/ELMGR4/L3/RW/L3RW02.swf,,,42a9e6415299a8b7ea45af7051c4f18075cbc46e99408cbb2ef437a991345521,DefineShape3,,,none; original SWF tag payload inventoried without export,machine-extracted-definition,owner-provided SWF,"container=root; definitionDepth=0; tagOrdinal=67; payloadBytes=7252; exactTagIdentitySha256=f1759683f4ae5b420ec68593335a5a7182749392891818b69a6ba3e5c953e390; authoring name, visual bounds, placement, and runtime reachability remain unresolved."
swf-definition-00068,58,,shape,source-assets/flash/HELP MATH_ORIGINAL FILES/HELP_COURSES/ELMGR4/L3/RW/L3RW02.swf,,,923d1f4518485284b2a899208b0df7409d6fa86a92370dc309a17fe3e6a0a777,DefineShape3,,,none; original SWF tag payload inventoried without export,machine-extracted-definition,owner-provided SWF,"container=root; definitionDepth=0; tagOrdinal=68; payloadBytes=2349; exactTagIdentitySha256=230cbf3699f3c5b1847f9ab6fb8d38ed2a8f2b2f63c979338a6f0f36c6c9cc53; authoring name, visual bounds, placement, and runtime reachability remain unresolved."
swf-definition-00069,59,,shape,source-assets/flash/HELP MATH_ORIGINAL FILES/HELP_COURSES/ELMGR4/L3/RW/L3RW02.swf,,,68245bcd88a1f6900e8d15da81d0c11b5e6b25863b9178a482f1c53db5384f74,DefineShape3,,,none; original SWF tag payload inventoried without export,machine-extracted-definition,owner-provided SWF,"container=root; definitionDepth=0; tagOrdinal=69; payloadBytes=2314; exactTagIdentitySha256=03a41bac6c83ea805c2957b4d059100d1585ed202a053eaf92aea637f8428b0c; authoring name, visual bounds, placement, and runtime reachability remain unresolved."
swf-definition-00070,60,,shape,source-assets/flash/HELP MATH_ORIGINAL FILES/HELP_COURSES/ELMGR4/L3/RW/L3RW02.swf,,,b9b964c7b1ea22afe07130612d421f0556845a1ed51535ece1372ff60badb917,DefineShape3,,,none; original SWF tag payload inventoried without export,machine-extracted-definition,owner-provided SWF,"container=root; definitionDepth=0; tagOrdinal=70; payloadBytes=1534; exactTagIdentitySha256=33a5cbf75ec1f14d42407a78edabc8821abf59dc2d4538e7f0d04c406d1430e8; authoring name, visual bounds, placement, and runtime reachability remain unresolved."
swf-definition-00071,61,,shape,source-assets/flash/HELP MATH_ORIGINAL FILES/HELP_COURSES/ELMGR4/L3/RW/L3RW02.swf,,,2766f9bade43951163786525f169c748d2edda9a4330eb6d2ecd6304be2eebf0,DefineShape3,,,none; original SWF tag payload inventoried without export,machine-extracted-definition,owner-provided SWF,"container=root; definitionDepth=0; tagOrdinal=71; payloadBytes=565; exactTagIdentitySha256=59edb980e4a245e6da8df679860a4784d8f403dfd552c3d15eb5c5256081db97; authoring name, visual bounds, placement, and runtime reachability remain unresolved."
swf-definition-00072,62,,shape,source-assets/flash/HELP MATH_ORIGINAL FILES/HELP_COURSES/ELMGR4/L3/RW/L3RW02.swf,,,893b231b78e2a47fc0a50291a79cf4d519cf2de0a5a4be8b5f635b5fc9d169ad,DefineShape3,,,none; original SWF tag payload inventoried without export,machine-extracted-definition,owner-provided SWF,"container=root; definitionDepth=0; tagOrdinal=72; payloadBytes=1136; exactTagIdentitySha256=0c264dcc9bb6c5c821a012adb407c1e8b41862177bcc8afe5f30df9fa4291ed2; authoring name, visual bounds, placement, and runtime reachability remain unresolved."
swf-definition-00073,63,,shape,source-assets/flash/HELP MATH_ORIGINAL FILES/HELP_COURSES/ELMGR4/L3/RW/L3RW02.swf,,,93f5acb34554a57196312e1d456ed245d62d80a57f98e84976210933c289f411,DefineShape3,,,none; original SWF tag payload inventoried without export,machine-extracted-definition,owner-provided SWF,"container=root; definitionDepth=0; tagOrdinal=73; payloadBytes=518; exactTagIdentitySha256=2ed738e54770e43e05963a3a1bbc653537d270a548383093db84f1592f5b24de; authoring name, visual bounds, placement, and runtime reachability remain unresolved."
swf-definition-00074,64,,shape,source-assets/flash/HELP MATH_ORIGINAL FILES/HELP_COURSES/ELMGR4/L3/RW/L3RW02.swf,,,d91639276778a9a0f21dbeeb146c65f4d8a4555638b74642d1055fb2ef6d2c13,DefineShape3,,,none; original SWF tag payload inventoried without export,machine-extracted-definition,owner-provided SWF,"container=root; definitionDepth=0; tagOrdinal=74; payloadBytes=1004; exactTagIdentitySha256=f8ce94f68c0bd0c002e7f5b03f9d185b419f44859a2aaae5b25d8bae075fb780; authoring name, visual bounds, placement, and runtime reachability remain unresolved."
swf-definition-00075,65,,shape,source-assets/flash/HELP MATH_ORIGINAL FILES/HELP_COURSES/ELMGR4/L3/RW/L3RW02.swf,,,7c3f3c89c62dbe27acd2feb81eb6eb4eeb44f0b517482d0acda94c40faa4b69a,DefineShape3,,,none; original SWF tag payload inventoried without export,machine-extracted-definition,owner-provided SWF,"container=root; definitionDepth=0; tagOrdinal=75; payloadBytes=1137; exactTagIdentitySha256=07242571b7ad3d2df44576b5eda28d6bb2cc1b7cb2939e4b427a6b36290e19c8; authoring name, visual bounds, placement, and runtime reachability remain unresolved."
swf-definition-00076,66,,shape,source-assets/flash/HELP MATH_ORIGINAL FILES/HELP_COURSES/ELMGR4/L3/RW/L3RW02.swf,,,3affac786accd423f35d35522a53bd109f36c150cb14ffdd2250daeb367cfd9b,DefineShape3,,,none; original SWF tag payload inventoried without export,machine-extracted-definition,owner-provided SWF,"container=root; definitionDepth=0; tagOrdinal=76; payloadBytes=1095; exactTagIdentitySha256=3332c7a39f3a74663c4c5a06356717bab15107f412fe8ea8f15024a30afcf2b7; authoring name, visual bounds, placement, and runtime reachability remain unresolved."
swf-definition-00077,67,,shape,source-assets/flash/HELP MATH_ORIGINAL FILES/HELP_COURSES/ELMGR4/L3/RW/L3RW02.swf,,,1ac90ab1552bbef00cf48aebc006fb2fdb430d7e6c731e70a716fe5ba6747e4c,DefineShape3,,,none; original SWF tag payload inventoried without export,machine-extracted-definition,owner-provided SWF,"container=root; definitionDepth=0; tagOrdinal=77; payloadBytes=1147; exactTagIdentitySha256=aaca795922a088a4c83933b7f4fbe2981a5741af38ee5b8bd216aa0babac98a0; authoring name, visual bounds, placement, and runtime reachability remain unresolved."
swf-definition-00078,68,,shape,source-assets/flash/HELP MATH_ORIGINAL FILES/HELP_COURSES/ELMGR4/L3/RW/L3RW02.swf,,,14e2d0be47bfe17b9449ffc6cfaca615e44fccd27233a7f0a02432e08e039820,DefineShape3,,,none; original SWF tag payload inventoried without export,machine-extracted-definition,owner-provided SWF,"container=root; definitionDepth=0; tagOrdinal=78; payloadBytes=862; exactTagIdentitySha256=3780017c2a676335961f3821579448960dbb28625ab3cd38bde00f238dfdda5a; authoring name, visual bounds, placement, and runtime reachability remain unresolved."
swf-definition-00079,69,,shape,source-assets/flash/HELP MATH_ORIGINAL FILES/HELP_COURSES/ELMGR4/L3/RW/L3RW02.swf,,,c3f745b5d8258bb73b8dfc2fb4938cb94a0fedda30a936cc04eed8601f83bd07,DefineShape3,,,none; original SWF tag payload inventoried without export,machine-extracted-definition,owner-provided SWF,"container=root; definitionDepth=0; tagOrdinal=79; payloadBytes=1943; exactTagIdentitySha256=d42675fe3ef7e5bf41e827c4dafa19d72d3b450f5f37ca5ca6c592ffe28df360; authoring name, visual bounds, placement, and runtime reachability remain unresolved."
swf-definition-00080,70,,shape,source-assets/flash/HELP MATH_ORIGINAL FILES/HELP_COURSES/ELMGR4/L3/RW/L3RW02.swf,,,11d00a87353e3e68e68e9f0eae7fc8a14d65983e8a6e54d07f06406a721e79d0,DefineShape,,,none; original SWF tag payload inventoried without export,machine-extracted-definition,owner-provided SWF,"container=root; definitionDepth=0; tagOrdinal=80; payloadBytes=55; exactTagIdentitySha256=7806755d25879733aeb56788f51e36e754cc455c26c778a295f6759b118683b9; authoring name, visual bounds, placement, and runtime reachability remain unresolved."
swf-definition-00081,71,,shape,source-assets/flash/HELP MATH_ORIGINAL FILES/HELP_COURSES/ELMGR4/L3/RW/L3RW02.swf,,,54c262af4f0aa72dcbdc90a977dea1b2d900bb9f81db1c89729e26a07c376424,DefineShape3,,,none; original SWF tag payload inventoried without export,machine-extracted-definition,owner-provided SWF,"container=root; definitionDepth=0; tagOrdinal=81; payloadBytes=1748; exactTagIdentitySha256=3cf3f8bf55f12753b736578dc4e553335cc3dfef8deaf47ea460951e1a231dbc; authoring name, visual bounds, placement, and runtime reachability remain unresolved."
swf-definition-00082,72,,shape,source-assets/flash/HELP MATH_ORIGINAL FILES/HELP_COURSES/ELMGR4/L3/RW/L3RW02.swf,,,f52d3ac89e0f201584d567d73e5935fc3aa5322ba0bdffac61a1a9f683d00450,DefineShape3,,,none; original SWF tag payload inventoried without export,machine-extracted-definition,owner-provided SWF,"container=root; definitionDepth=0; tagOrdinal=82; payloadBytes=1999; exactTagIdentitySha256=c2d0f7a795791c84a5525f7b6fa531a5ba0439b20c1f674e431d8b3b1a6051c7; authoring name, visual bounds, placement, and runtime reachability remain unresolved."
swf-definition-00083,73,,shape,source-assets/flash/HELP MATH_ORIGINAL FILES/HELP_COURSES/ELMGR4/L3/RW/L3RW02.swf,,,3112db29fcf5707aa25806848160d0cfb83d3b313f714a6eb824fc56a6ef1907,DefineShape3,,,none; original SWF tag payload inventoried without export,machine-extracted-definition,owner-provided SWF,"container=root; definitionDepth=0; tagOrdinal=83; payloadBytes=1612; exactTagIdentitySha256=8f70bd8ac8fdb8b0a5c60a55dc474a491fff19861014f81204b62b81073babc2; authoring name, visual bounds, placement, and runtime reachability remain unresolved."
swf-definition-00084,74,,shape,source-assets/flash/HELP MATH_ORIGINAL FILES/HELP_COURSES/ELMGR4/L3/RW/L3RW02.swf,,,368d84f95ce6ba0dadc7aec9645482539b9f89d1bf49839ba74ded3a3a8f7077,DefineShape3,,,none; original SWF tag payload inventoried without export,machine-extracted-definition,owner-provided SWF,"container=root; definitionDepth=0; tagOrdinal=84; payloadBytes=1643; exactTagIdentitySha256=94b35c70f6c10694ecf1c88eb44f2b138a6825af75c5631436d9a03da0d4f452; authoring name, visual bounds, placement, and runtime reachability remain unresolved."
swf-definition-00085,75,,shape,source-assets/flash/HELP MATH_ORIGINAL FILES/HELP_COURSES/ELMGR4/L3/RW/L3RW02.swf,,,6f1ba243b68b5b37fef45e817b1c1e46b1b4595daea012cd33012386da9829af,DefineShape3,,,none; original SWF tag payload inventoried without export,machine-extracted-definition,owner-provided SWF,"container=root; definitionDepth=0; tagOrdinal=85; payloadBytes=1711; exactTagIdentitySha256=ce789a917d22eaad5c4bf0ae41a28c63d8d27c611b33eb99725ca404b0571503; authoring name, visual bounds, placement, and runtime reachability remain unresolved."
swf-definition-00086,76,,shape,source-assets/flash/HELP MATH_ORIGINAL FILES/HELP_COURSES/ELMGR4/L3/RW/L3RW02.swf,,,84ff0d9519dff6614c3c78d9e1c6578ffd572e88881ebcf486f5c102eeff3292,DefineShape3,,,none; original SWF tag payload inventoried without export,machine-extracted-definition,owner-provided SWF,"container=root; definitionDepth=0; tagOrdinal=86; payloadBytes=1642; exactTagIdentitySha256=05f60cf5be102216f7c51f2159900524879120ec2e0682f7b250c923f636f4a0; authoring name, visual bounds, placement, and runtime reachability remain unresolved."
swf-definition-00087,77,,shape,source-assets/flash/HELP MATH_ORIGINAL FILES/HELP_COURSES/ELMGR4/L3/RW/L3RW02.swf,,,e239ac088ea8fc89fb3cb265ba494517e71f072d226d31b2084488e648061fdc,DefineShape3,,,none; original SWF tag payload inventoried without export,machine-extracted-definition,owner-provided SWF,"container=root; definitionDepth=0; tagOrdinal=87; payloadBytes=1597; exactTagIdentitySha256=40748989f408fcf612b62b3ea97deeb815c7cce574125c443fd35451f6c3d0b3; authoring name, visual bounds, placement, and runtime reachability remain unresolved."
swf-definition-00088,78,,shape,source-assets/flash/HELP MATH_ORIGINAL FILES/HELP_COURSES/ELMGR4/L3/RW/L3RW02.swf,,,151a754f27ce4cb4cec7feb09a55f1dd0051bb8d42119ef48c37878b575afd7e,DefineShape3,,,none; original SWF tag payload inventoried without export,machine-extracted-definition,owner-provided SWF,"container=root; definitionDepth=0; tagOrdinal=88; payloadBytes=1857; exactTagIdentitySha256=5fec1ddfffe52eb1f6a3d6f48b846a9b78829ad3c9cf9b934140aed47ecef1a1; authoring name, visual bounds, placement, and runtime reachability remain unresolved."
swf-definition-00089,79,,shape,source-assets/flash/HELP MATH_ORIGINAL FILES/HELP_COURSES/ELMGR4/L3/RW/L3RW02.swf,,,589c567e3a43a23f38c27899273d8efe70457667e1c391b6367370a1a22bde0a,DefineShape3,,,none; original SWF tag payload inventoried without export,machine-extracted-definition,owner-provided SWF,"container=root; definitionDepth=0; tagOrdinal=89; payloadBytes=1686; exactTagIdentitySha256=b8386466a5283cac6e46ab9301067c3861170f05127ed50649ade06e6ef0dd0b; authoring name, visual bounds, placement, and runtime reachability remain unresolved."
swf-definition-00090,80,,shape,source-assets/flash/HELP MATH_ORIGINAL FILES/HELP_COURSES/ELMGR4/L3/RW/L3RW02.swf,,,51891f51528c92471613e6c1d8339607ba07336d98a5e325db51380846aaeca9,DefineShape3,,,none; original SWF tag payload inventoried without export,machine-extracted-definition,owner-provided SWF,"container=root; definitionDepth=0; tagOrdinal=90; payloadBytes=1597; exactTagIdentitySha256=c8975cc7d0420b134d3d15a517ed423b5141555e3c7c679b272639c25d8cecf2; authoring name, visual bounds, placement, and runtime reachability remain unresolved."
swf-definition-00091,81,,shape,source-assets/flash/HELP MATH_ORIGINAL FILES/HELP_COURSES/ELMGR4/L3/RW/L3RW02.swf,,,2f605f991e8422a60cf08ca7ad75c6e0afac033bdd86a6471d2044ced0cf3df7,DefineShape3,,,none; original SWF tag payload inventoried without export,machine-extracted-definition,owner-provided SWF,"container=root; definitionDepth=0; tagOrdinal=91; payloadBytes=2003; exactTagIdentitySha256=4b849578bf33bcd99a6e366b0394df75cebac5eeb5034bd9f4487ffe9822ba3b; authoring name, visual bounds, placement, and runtime reachability remain unresolved."
swf-definition-00092,82,,shape,source-assets/flash/HELP MATH_ORIGINAL FILES/HELP_COURSES/ELMGR4/L3/RW/L3RW02.swf,,,d31ea9ed9bd8f215daaf6e7467bc7fe16bfd6231b20b985d56b8b883b602817c,DefineShape3,,,none; original SWF tag payload inventoried without export,machine-extracted-definition,owner-provided SWF,"container=root; definitionDepth=0; tagOrdinal=92; payloadBytes=1617; exactTagIdentitySha256=f99f5913c6003f89f4676afdc178fa30cec248d89a4d568039ad1071cd35c7b0; authoring name, visual bounds, placement, and runtime reachability remain unresolved."
swf-definition-00093,83,,bitmap,source-assets/flash/HELP MATH_ORIGINAL FILES/HELP_COURSES/ELMGR4/L3/RW/L3RW02.swf,,,886b70ee7d2f46b9a6ea2475e4e73fc29f2002a105ceb7922b79f6d8f786f1c7,DefineBitsJPEG3,,,none; original SWF tag payload inventoried without export,machine-extracted-definition,owner-provided SWF,"container=root; definitionDepth=0; tagOrdinal=93; payloadBytes=30505; exactTagIdentitySha256=da4b8e569d29e96104744cfb2f6ae4bd488ac90088c636c1a9c49810b698dca2; authoring name, visual bounds, placement, and runtime reachability remain unresolved."
swf-definition-00094,84,,bitmap,source-assets/flash/HELP MATH_ORIGINAL FILES/HELP_COURSES/ELMGR4/L3/RW/L3RW02.swf,,,0c0f9471a98ae4bdec2b2cfcb919ff4283fc60a82d8f6035c8651a2f4d247f7e,DefineBitsJPEG3,,,none; original SWF tag payload inventoried without export,machine-extracted-definition,owner-provided SWF,"container=root; definitionDepth=0; tagOrdinal=94; payloadBytes=2166; exactTagIdentitySha256=4f4f32237a11f66c79c3cda348b420a1e5473960f4bc20c83920a9f1d3f8ae8c; authoring name, visual bounds, placement, and runtime reachability remain unresolved."
swf-definition-00095,85,,bitmap,source-assets/flash/HELP MATH_ORIGINAL FILES/HELP_COURSES/ELMGR4/L3/RW/L3RW02.swf,,,bdf209b4213d99789ba48d093b7d003065c8b588699d2048e71cc71c8aa29b48,DefineBitsJPEG3,,,none; original SWF tag payload inventoried without export,machine-extracted-definition,owner-provided SWF,"container=root; definitionDepth=0; tagOrdinal=95; payloadBytes=11170; exactTagIdentitySha256=dc3a5eca1e1537f1e60558ba947e58560b3fc311530bd92162d623a376c9ce45; authoring name, visual bounds, placement, and runtime reachability remain unresolved."
swf-definition-00096,86,,bitmap,source-assets/flash/HELP MATH_ORIGINAL FILES/HELP_COURSES/ELMGR4/L3/RW/L3RW02.swf,,,df8af8ee64ccd7a2a1384d9ff9b54c4f077d188b9d5f149ba5d7d11e5c824cc7,DefineBitsJPEG3,,,none; original SWF tag payload inventoried without export,machine-extracted-definition,owner-provided SWF,"container=root; definitionDepth=0; tagOrdinal=96; payloadBytes=22450; exactTagIdentitySha256=f3b7ebfa04080338804bd87dfff743301e320b5719db02a5df2be50963c2aab3; authoring name, visual bounds, placement, and runtime reachability remain unresolved."
swf-definition-00098,87,,bitmap,source-assets/flash/HELP MATH_ORIGINAL FILES/HELP_COURSES/ELMGR4/L3/RW/L3RW02.swf,,,eb0178c15b62552e8c5049b26b94dd86a2455010703fbeff9a635f098f320cda,DefineBits,,,none; original SWF tag payload inventoried without export,machine-extracted-definition,owner-provided SWF,"container=root; definitionDepth=0; tagOrdinal=98; payloadBytes=13402; exactTagIdentitySha256=468c09de366203a43ec0550874528f4f870ec4dc350d98591008d226a46e0eba; authoring name, visual bounds, placement, and runtime reachability remain unresolved."
swf-definition-00099,88,,shape,source-assets/flash/HELP MATH_ORIGINAL FILES/HELP_COURSES/ELMGR4/L3/RW/L3RW02.swf,,,2557137792af000ad4b1969a9eebe42478196b8d2334b5de3ee652881891e69d,DefineShape3,,,none; original SWF tag payload inventoried without export,machine-extracted-definition,owner-provided SWF,"container=root; definitionDepth=0; tagOrdinal=99; payloadBytes=1249; exactTagIdentitySha256=afca5ee067868006b8952039217022b30a85390131072b04204c6437bed3a001; authoring name, visual bounds, placement, and runtime reachability remain unresolved."
swf-definition-00100,89,Bauhaus Md BT,font,source-assets/flash/HELP MATH_ORIGINAL FILES/HELP_COURSES/ELMGR4/L3/RW/L3RW02.swf,,,058a393c7595598c4f4cccb572bd9d6e24ddfe709f6f557876ab54872511d803,DefineFont2,,57,none; original SWF tag payload inventoried without export,machine-extracted-definition,owner-provided SWF,"container=root; definitionDepth=0; tagOrdinal=100; payloadBytes=4307; exactTagIdentitySha256=081b03f2deb1fb75fcb30a11d424bb5e37adad476cc1bb9fcded444f61de2b96; authoring name, visual bounds, placement, and runtime reachability remain unresolved."
swf-definition-00101,90,,text,source-assets/flash/HELP MATH_ORIGINAL FILES/HELP_COURSES/ELMGR4/L3/RW/L3RW02.swf,,,e0b9a4a44dacaaa1f5b6975ccbcaaa1b1d561013225b030a5b572b6f4ce664c6,DefineText,,,none; original SWF tag payload inventoried without export,machine-extracted-definition,owner-provided SWF,"container=root; definitionDepth=0; tagOrdinal=101; payloadBytes=40; exactTagIdentitySha256=adfdf5ed4c13b4772ac312fcf9fcd885dacf6e99b298f010d552d62cee65d387; authoring name, visual bounds, placement, and runtime reachability remain unresolved."
swf-definition-00102,91,,text,source-assets/flash/HELP MATH_ORIGINAL FILES/HELP_COURSES/ELMGR4/L3/RW/L3RW02.swf,,,571825e85cdd01e741b51ed93b19d506a3795b3b823be3d9077dc4f91cf41d28,DefineText,,,none; original SWF tag payload inventoried without export,machine-extracted-definition,owner-provided SWF,"container=root; definitionDepth=0; tagOrdinal=102; payloadBytes=105; exactTagIdentitySha256=9002585ca3b718292af39389311224ec7a7ae905b2ccbaa734e1ec6708d63a29; authoring name, visual bounds, placement, and runtime reachability remain unresolved."
swf-definition-00103,92,,text,source-assets/flash/HELP MATH_ORIGINAL FILES/HELP_COURSES/ELMGR4/L3/RW/L3RW02.swf,,,c3e361445428c3602e0fc1be5f77f87653b156538f42de22549f6e1ce2027e09,DefineText,,,none; original SWF tag payload inventoried without export,machine-extracted-definition,owner-provided SWF,"container=root; definitionDepth=0; tagOrdinal=103; payloadBytes=105; exactTagIdentitySha256=4ef20ab04ec66b867e4f8444285a41e1beb9920503b1278d3596610e068a676c; authoring name, visual bounds, placement, and runtime reachability remain unresolved."
swf-definition-00104,93,,text,source-assets/flash/HELP MATH_ORIGINAL FILES/HELP_COURSES/ELMGR4/L3/RW/L3RW02.swf,,,7e516aaced809dccdd7e0b427ec3bb86da4beb7dd17318c712b6dfecb8bc01e5,DefineText,,,none; original SWF tag payload inventoried without export,machine-extracted-definition,owner-provided SWF,"container=root; definitionDepth=0; tagOrdinal=104; payloadBytes=36; exactTagIdentitySha256=6d767ffe46675185e44d3c246796058a2942c3fce46dd016597bbe75bfa65de1; authoring name, visual bounds, placement, and runtime reachability remain unresolved."
swf-definition-00105,94,,text,source-assets/flash/HELP MATH_ORIGINAL FILES/HELP_COURSES/ELMGR4/L3/RW/L3RW02.swf,,,bc828658eaffaa624b78102234ccc5794fcbc849c3cf617df722a7ba4c6193b5,DefineText,,,none; original SWF tag payload inventoried without export,machine-extracted-definition,owner-provided SWF,"container=root; definitionDepth=0; tagOrdinal=105; payloadBytes=102; exactTagIdentitySha256=465fb50203cbcbacc64a3e1f879d7e5460a5358297a0dc01a6af67958e36fed2; authoring name, visual bounds, placement, and runtime reachability remain unresolved."
swf-definition-00106,95,,text,source-assets/flash/HELP MATH_ORIGINAL FILES/HELP_COURSES/ELMGR4/L3/RW/L3RW02.swf,,,8a924ade14d284c459e1d904c8cea7526f07e1f7d8bc127d6614ffa66e7da961,DefineText,,,none; original SWF tag payload inventoried without export,machine-extracted-definition,owner-provided SWF,"container=root; definitionDepth=0; tagOrdinal=106; payloadBytes=100; exactTagIdentitySha256=7ea08f55538da5fa36d479db9a99290ccd51fed9728c8e6dc07d686e5c9d0c6f; authoring name, visual bounds, placement, and runtime reachability remain unresolved."
swf-definition-00107,96,,text,source-assets/flash/HELP MATH_ORIGINAL FILES/HELP_COURSES/ELMGR4/L3/RW/L3RW02.swf,,,da3017a475fb79733bee1a8d420619d0c8d25111f6a06f1c65be65d9f2700837,DefineText,,,none; original SWF tag payload inventoried without export,machine-extracted-definition,owner-provided SWF,"container=root; definitionDepth=0; tagOrdinal=107; payloadBytes=47; exactTagIdentitySha256=00f800e139b73d336aab845c636abfc25ad0a54880f092e01be9044fe6463e32; authoring name, visual bounds, placement, and runtime reachability remain unresolved."
swf-definition-00108,97,,text,source-assets/flash/HELP MATH_ORIGINAL FILES/HELP_COURSES/ELMGR4/L3/RW/L3RW02.swf,,,6b518aa7ac62405ffdbf3f9f8477a28fb3e334e062699f80ad969828619a5780,DefineText,,,none; original SWF tag payload inventoried without export,machine-extracted-definition,owner-provided SWF,"container=root; definitionDepth=0; tagOrdinal=108; payloadBytes=42; exactTagIdentitySha256=6dc4465f35699313a29ef260c76c3a067f61f086a728e5b8c6cdd824c38f9cc6; authoring name, visual bounds, placement, and runtime reachability remain unresolved."
swf-definition-00109,98,,text,source-assets/flash/HELP MATH_ORIGINAL FILES/HELP_COURSES/ELMGR4/L3/RW/L3RW02.swf,,,389943221fa91f0ac5ab8f46981c42291268e0a9432be5da1271effbb02e3ecc,DefineText,,,none; original SWF tag payload inventoried without export,machine-extracted-definition,owner-provided SWF,"container=root; definitionDepth=0; tagOrdinal=109; payloadBytes=44; exactTagIdentitySha256=ff0c14a890c0daad9b9e92b20874f23b75f2a5ef4170344288072c0f71ece481; authoring name, visual bounds, placement, and runtime reachability remain unresolved."
swf-definition-00110,99,,text,source-assets/flash/HELP MATH_ORIGINAL FILES/HELP_COURSES/ELMGR4/L3/RW/L3RW02.swf,,,fdaa335236f3f04c4bb751ffa26fa4436892ada68a67e726601f10dd8cf36822,DefineText,,,none; original SWF tag payload inventoried without export,machine-extracted-definition,owner-provided SWF,"container=root; definitionDepth=0; tagOrdinal=110; payloadBytes=38; exactTagIdentitySha256=5dcebb321d9c479d02f63dda33a1822eaad4bd589aa5993a491882970b01b64a; authoring name, visual bounds, placement, and runtime reachability remain unresolved."
swf-definition-00111,100,,text,source-assets/flash/HELP MATH_ORIGINAL FILES/HELP_COURSES/ELMGR4/L3/RW/L3RW02.swf,,,5705257ea5ced06bc8b91b3069571f696b8a49db95e87cffa94b168f14fb9af4,DefineText,,,none; original SWF tag payload inventoried without export,machine-extracted-definition,owner-provided SWF,"container=root; definitionDepth=0; tagOrdinal=111; payloadBytes=36; exactTagIdentitySha256=18ea6f70e2576fb0adb1e2e8d7c323294f357bc168ca9a377456eddf60370702; authoring name, visual bounds, placement, and runtime reachability remain unresolved."
swf-definition-00112,101,,text,source-assets/flash/HELP MATH_ORIGINAL FILES/HELP_COURSES/ELMGR4/L3/RW/L3RW02.swf,,,7a7944d185180fd714f1829d591d5934c792f89dd050f2b7287a41f1d0deed3b,DefineText,,,none; original SWF tag payload inventoried without export,machine-extracted-definition,owner-provided SWF,"container=root; definitionDepth=0; tagOrdinal=112; payloadBytes=36; exactTagIdentitySha256=3d7afbd81f0d70872327c3226f8231a0a5f01efbedf11433c345bd3dd00f9a33; authoring name, visual bounds, placement, and runtime reachability remain unresolved."
swf-definition-00113,102,,text,source-assets/flash/HELP MATH_ORIGINAL FILES/HELP_COURSES/ELMGR4/L3/RW/L3RW02.swf,,,7bc56cc6562a825d9d0a03044c621def875c9ceb867b3ceaaad9e07f1faed5f8,DefineText,,,none; original SWF tag payload inventoried without export,machine-extracted-definition,owner-provided SWF,"container=root; definitionDepth=0; tagOrdinal=113; payloadBytes=36; exactTagIdentitySha256=fe49125c267dbd96a8bda7a8cb20c7821d819fda3f791923c3fee2a625229809; authoring name, visual bounds, placement, and runtime reachability remain unresolved."
swf-definition-00114,103,,text,source-assets/flash/HELP MATH_ORIGINAL FILES/HELP_COURSES/ELMGR4/L3/RW/L3RW02.swf,,,c97c5dc517617d4127091a046cc3db0b61030a5f0b266683e047eb5d94ec648b,DefineText,,,none; original SWF tag payload inventoried without export,machine-extracted-definition,owner-provided SWF,"container=root; definitionDepth=0; tagOrdinal=114; payloadBytes=36; exactTagIdentitySha256=6043cc8f2d9cc2a353418b8e4a02eac8416f77661160917d066babbb96dccde8; authoring name, visual bounds, placement, and runtime reachability remain unresolved."
swf-definition-00115,104,,text,source-assets/flash/HELP MATH_ORIGINAL FILES/HELP_COURSES/ELMGR4/L3/RW/L3RW02.swf,,,2bf19477862b911081c521ff075e6b745e7d8d53f312f73072511793ceae7ccf,DefineText,,,none; original SWF tag payload inventoried without export,machine-extracted-definition,owner-provided SWF,"container=root; definitionDepth=0; tagOrdinal=115; payloadBytes=36; exactTagIdentitySha256=61377f9e4c440885b6c25d796686384f40b168bcb5fd13fadee433ce157c4384; authoring name, visual bounds, placement, and runtime reachability remain unresolved."
swf-definition-00116,105,,text,source-assets/flash/HELP MATH_ORIGINAL FILES/HELP_COURSES/ELMGR4/L3/RW/L3RW02.swf,,,fee1264e7d11078fd95abefa1a333bc8c7fe587a135629ebb269dbd4ac96119d,DefineText,,,none; original SWF tag payload inventoried without export,machine-extracted-definition,owner-provided SWF,"container=root; definitionDepth=0; tagOrdinal=116; payloadBytes=36; exactTagIdentitySha256=b45784a8e5fea8bcc128f013349abb29e54624bb64c1e1963bfa693934e9f78b; authoring name, visual bounds, placement, and runtime reachability remain unresolved."
swf-definition-00117,106,,text,source-assets/flash/HELP MATH_ORIGINAL FILES/HELP_COURSES/ELMGR4/L3/RW/L3RW02.swf,,,d4f346c6d7e8964ad78f5055bdbb62f70978b1ca27dc3089cb511acb56fdf500,DefineText,,,none; original SWF tag payload inventoried without export,machine-extracted-definition,owner-provided SWF,"container=root; definitionDepth=0; tagOrdinal=117; payloadBytes=36; exactTagIdentitySha256=6f0697546e2f3c6a7273a22d399c9d41a512f03263de6e88ad6af60e0582092c; authoring name, visual bounds, placement, and runtime reachability remain unresolved."
swf-definition-00118,107,,text,source-assets/flash/HELP MATH_ORIGINAL FILES/HELP_COURSES/ELMGR4/L3/RW/L3RW02.swf,,,431fd0666dc3c6689e14d1910296ac4ee873e7cc67804031df9736d71cf0a6e5,DefineText,,,none; original SWF tag payload inventoried without export,machine-extracted-definition,owner-provided SWF,"container=root; definitionDepth=0; tagOrdinal=118; payloadBytes=33; exactTagIdentitySha256=9b73897f0b9a90b1fab068febc3361b3d5533c9996a80f2dfdd2f863b314433f; authoring name, visual bounds, placement, and runtime reachability remain unresolved."
swf-definition-00119,108,,text,source-assets/flash/HELP MATH_ORIGINAL FILES/HELP_COURSES/ELMGR4/L3/RW/L3RW02.swf,,,a733f4d92aa83581032f92ee93ad942200af1630af4f11903a06ae913e5ca3af,DefineText,,,none; original SWF tag payload inventoried without export,machine-extracted-definition,owner-provided SWF,"container=root; definitionDepth=0; tagOrdinal=119; payloadBytes=36; exactTagIdentitySha256=55fe6ab6e9912a1edc08ab2cd505d5a2e205bb036ebb146b2ff420107c0bb444; authoring name, visual bounds, placement, and runtime reachability remain unresolved."
swf-definition-00120,109,,text,source-assets/flash/HELP MATH_ORIGINAL FILES/HELP_COURSES/ELMGR4/L3/RW/L3RW02.swf,,,2885fe1b761db9d8a56b76fcebc132dc4c0f54a29d488ae18703cebe1fdfc682,DefineText,,,none; original SWF tag payload inventoried without export,machine-extracted-definition,owner-provided SWF,"container=root; definitionDepth=0; tagOrdinal=120; payloadBytes=36; exactTagIdentitySha256=b04fa74c5de5c3f734d6bfb27b93c135dd327fe9bcc48ec1e09468e151be6361; authoring name, visual bounds, placement, and runtime reachability remain unresolved."
swf-definition-00121,110,,shape,source-assets/flash/HELP MATH_ORIGINAL FILES/HELP_COURSES/ELMGR4/L3/RW/L3RW02.swf,,,279d003679cca98472eb11d46648b89d0deccd69b48e5b2aa37a498226815f09,DefineShape3,,,none; original SWF tag payload inventoried without export,machine-extracted-definition,owner-provided SWF,"container=root; definitionDepth=0; tagOrdinal=121; payloadBytes=2056; exactTagIdentitySha256=bbaaca5f4f0537e46823b5a099d1eee724804691f206dfc14294be6d2c18ed16; authoring name, visual bounds, placement, and runtime reachability remain unresolved."
swf-definition-00122,111,,shape,source-assets/flash/HELP MATH_ORIGINAL FILES/HELP_COURSES/ELMGR4/L3/RW/L3RW02.swf,,,2f805c5fd14ea69930ad90f9ab964f6b5c637a8ed917e4338c2409052de4a229,DefineShape3,,,none; original SWF tag payload inventoried without export,machine-extracted-definition,owner-provided SWF,"container=root; definitionDepth=0; tagOrdinal=122; payloadBytes=1061; exactTagIdentitySha256=a1b44fd67d9e0595a69b6dabc5ff5696b500a572d4908823e6d17f463fb47d84; authoring name, visual bounds, placement, and runtime reachability remain unresolved."
swf-definition-00123,112,,shape,source-assets/flash/HELP MATH_ORIGINAL FILES/HELP_COURSES/ELMGR4/L3/RW/L3RW02.swf,,,d161552c2138914e38368f2e396ad3e31f8a2a1f460864bc81791aa00319b89c,DefineShape3,,,none; original SWF tag payload inventoried without export,machine-extracted-definition,owner-provided SWF,"container=root; definitionDepth=0; tagOrdinal=123; payloadBytes=2008; exactTagIdentitySha256=f5c69b4ffabd1671543592141631edf0660e0c37e30f90e5f51871de2a949976; authoring name, visual bounds, placement, and runtime reachability remain unresolved."
swf-definition-00124,113,,shape,source-assets/flash/HELP MATH_ORIGINAL FILES/HELP_COURSES/ELMGR4/L3/RW/L3RW02.swf,,,db92cc2a0d07c8401e77ee4acdd91d94f0e5318d61b418965f18fb9d510fe06b,DefineShape3,,,none; original SWF tag payload inventoried without export,machine-extracted-definition,owner-provided SWF,"container=root; definitionDepth=0; tagOrdinal=124; payloadBytes=1386; exactTagIdentitySha256=1871846759417117984b80ae90ecc24f190923bf051b9ac9f6db3206978744b1; authoring name, visual bounds, placement, and runtime reachability remain unresolved."
swf-definition-00125,114,,shape,source-assets/flash/HELP MATH_ORIGINAL FILES/HELP_COURSES/ELMGR4/L3/RW/L3RW02.swf,,,386ab9fd917629618f972429823f8c8c3aa1d009bd80680c80e84075911c451b,DefineShape3,,,none; original SWF tag payload inventoried without export,machine-extracted-definition,owner-provided SWF,"container=root; definitionDepth=0; tagOrdinal=125; payloadBytes=608; exactTagIdentitySha256=efd29d8b986986d584b0522918c5da59addb0442fe842e2748a5c45664948746; authoring name, visual bounds, placement, and runtime reachability remain unresolved."
swf-definition-00126,115,,shape,source-assets/flash/HELP MATH_ORIGINAL FILES/HELP_COURSES/ELMGR4/L3/RW/L3RW02.swf,,,cd347f31b25f425e0e7243440e05cab9bd404370547913aadd0bbedf44b60f38,DefineShape3,,,none; original SWF tag payload inventoried without export,machine-extracted-definition,owner-provided SWF,"container=root; definitionDepth=0; tagOrdinal=126; payloadBytes=609; exactTagIdentitySha256=05b7a40f8221ea141e0f0039a893dd589968e2d05553389815a21e877f78559f; authoring name, visual bounds, placement, and runtime reachability remain unresolved."
swf-definition-00127,116,,shape,source-assets/flash/HELP MATH_ORIGINAL FILES/HELP_COURSES/ELMGR4/L3/RW/L3RW02.swf,,,6419d11f1bea378600a7968a1f207d5c0f9431cf3398736d798dbc98acaa036b,DefineShape3,,,none; original SWF tag payload inventoried without export,machine-extracted-definition,owner-provided SWF,"container=root; definitionDepth=0; tagOrdinal=127; payloadBytes=606; exactTagIdentitySha256=188b2de61c282ded2410cb2c6f2e2ef559cf8f28305c66b8721ed072785723e1; authoring name, visual bounds, placement, and runtime reachability remain unresolved."
swf-definition-00128,117,,shape,source-assets/flash/HELP MATH_ORIGINAL FILES/HELP_COURSES/ELMGR4/L3/RW/L3RW02.swf,,,3938ea40efca1bf8b7f8910910fef214681d506d9d2f6e264a238d1935262761,DefineShape3,,,none; original SWF tag payload inventoried without export,machine-extracted-definition,owner-provided SWF,"container=root; definitionDepth=0; tagOrdinal=128; payloadBytes=608; exactTagIdentitySha256=4660bc904ca0ca43fe554ee9209c0db4ebbcfcff433290018cc2f2f5a38f1097; authoring name, visual bounds, placement, and runtime reachability remain unresolved."
swf-definition-00129,118,,shape,source-assets/flash/HELP MATH_ORIGINAL FILES/HELP_COURSES/ELMGR4/L3/RW/L3RW02.swf,,,96f462d3dbe19f2e65f542c4d4c33fc479c216022b897677eebfbc2df7bdd88e,DefineShape3,,,none; original SWF tag payload inventoried without export,machine-extracted-definition,owner-provided SWF,"container=root; definitionDepth=0; tagOrdinal=129; payloadBytes=606; exactTagIdentitySha256=c690c8f4db4883d7ff757a8b7dd42bfe4afe69abcc5a96849697a34f48a203dc; authoring name, visual bounds, placement, and runtime reachability remain unresolved."
swf-definition-00130,119,,shape,source-assets/flash/HELP MATH_ORIGINAL FILES/HELP_COURSES/ELMGR4/L3/RW/L3RW02.swf,,,88d8e51d9b6bce37597001c12749930817e207a7764ff6272f8a717d4d8f4dc2,DefineShape3,,,none; original SWF tag payload inventoried without export,machine-extracted-definition,owner-provided SWF,"container=root; definitionDepth=0; tagOrdinal=130; payloadBytes=608; exactTagIdentitySha256=ca94de36a33514beb3aa3de27bfcedf8fe11fba5d150ffce8e47aef43918d45a; authoring name, visual bounds, placement, and runtime reachability remain unresolved."
swf-definition-00131,120,,shape,source-assets/flash/HELP MATH_ORIGINAL FILES/HELP_COURSES/ELMGR4/L3/RW/L3RW02.swf,,,5006ff85d8573754bb46df3d4f0353e0b8125df0a9c1e89d74880b4f83b2f395,DefineShape3,,,none; original SWF tag payload inventoried without export,machine-extracted-definition,owner-provided SWF,"container=root; definitionDepth=0; tagOrdinal=131; payloadBytes=608; exactTagIdentitySha256=aaa3c6bf507ec860dd57aa38d9c47e06a5329f3a19f5d9dfc5373b72867a8b0d; authoring name, visual bounds, placement, and runtime reachability remain unresolved."
swf-definition-00132,121,,shape,source-assets/flash/HELP MATH_ORIGINAL FILES/HELP_COURSES/ELMGR4/L3/RW/L3RW02.swf,,,294d5c8d17949603764d52df0bf3b6879c59b1f11206a4d57952247ff25dcc2a,DefineShape3,,,none; original SWF tag payload inventoried without export,machine-extracted-definition,owner-provided SWF,"container=root; definitionDepth=0; tagOrdinal=132; payloadBytes=609; exactTagIdentitySha256=eb1e26c15db493e66a2e9ec72346905f5989a7b93b2756d53662c76b2c99da8e; authoring name, visual bounds, placement, and runtime reachability remain unresolved."
swf-definition-00133,122,,shape,source-assets/flash/HELP MATH_ORIGINAL FILES/HELP_COURSES/ELMGR4/L3/RW/L3RW02.swf,,,168d020f5773333763153f237a0d2cbb247a29d2e3d85c75c0c15f1a772545c2,DefineShape,,,none; original SWF tag payload inventoried without export,machine-extracted-definition,owner-provided SWF,"container=root; definitionDepth=0; tagOrdinal=133; payloadBytes=293; exactTagIdentitySha256=58a23357ccd929be8331eec8b2675cc7108626647721d7a0ee91193d5a92fdb1; authoring name, visual bounds, placement, and runtime reachability remain unresolved."
swf-definition-00134,123,,text,source-assets/flash/HELP MATH_ORIGINAL FILES/HELP_COURSES/ELMGR4/L3/RW/L3RW02.swf,,,4e7200cb4667773329de4a83b285696d795dba8e1e0cb090db490c4c9d85b5fc,DefineText,,,none; original SWF tag payload inventoried without export,machine-extracted-definition,owner-provided SWF,"container=root; definitionDepth=0; tagOrdinal=134; payloadBytes=36; exactTagIdentitySha256=a6044502aae6df4e39ce33e870be2db2b2ea76e4ab883e5f48f426447422a052; authoring name, visual bounds, placement, and runtime reachability remain unresolved."
swf-definition-00135,124,,bitmap,source-assets/flash/HELP MATH_ORIGINAL FILES/HELP_COURSES/ELMGR4/L3/RW/L3RW02.swf,,,8fd91ad4482287cfafac7c1341a95b5d4a5f1cf07d7717212ef382f6cebbb216,DefineBitsJPEG3,,,none; original SWF tag payload inventoried without export,machine-extracted-definition,owner-provided SWF,"container=root; definitionDepth=0; tagOrdinal=135; payloadBytes=77435; exactTagIdentitySha256=0415cef0e1834d1c53e5cf772b8022b37b04930168369997b6368f3f77f28c05; authoring name, visual bounds, placement, and runtime reachability remain unresolved."
swf-definition-00136,125,,shape,source-assets/flash/HELP MATH_ORIGINAL FILES/HELP_COURSES/ELMGR4/L3/RW/L3RW02.swf,,,336c435f3e3723fd3ac0e7ea556482a751c42a959a8242fc92632c84ea2e82c8,DefineShape,,,none; original SWF tag payload inventoried without export,machine-extracted-definition,owner-provided SWF,"container=root; definitionDepth=0; tagOrdinal=136; payloadBytes=56; exactTagIdentitySha256=92c78cc1c95a4e95c224c138685d227f65b938d4d9bb989b91d2385b75a36bd6; authoring name, visual bounds, placement, and runtime reachability remain unresolved."
swf-definition-00137,126,,bitmap,source-assets/flash/HELP MATH_ORIGINAL FILES/HELP_COURSES/ELMGR4/L3/RW/L3RW02.swf,,,d55bfd91094970e90e79eb90fd6f3cd9f494c6e491c92893c3487d176f9e27bc,DefineBitsJPEG3,,,none; original SWF tag payload inventoried without export,machine-extracted-definition,owner-provided SWF,"container=root; definitionDepth=0; tagOrdinal=137; payloadBytes=11638; exactTagIdentitySha256=dd88ff921b6949a7d3642ced20fe1f87a39215551099ebc8d1f0c07031ce25d1; authoring name, visual bounds, placement, and runtime reachability remain unresolved."
swf-definition-00138,127,,shape,source-assets/flash/HELP MATH_ORIGINAL FILES/HELP_COURSES/ELMGR4/L3/RW/L3RW02.swf,,,760f7d18a7c62f2e3aa440f0c40dc9697bbcfdee4cde7c790cdfd757ad089c1e,DefineShape,,,none; original SWF tag payload inventoried without export,machine-extracted-definition,owner-provided SWF,"container=root; definitionDepth=0; tagOrdinal=138; payloadBytes=56; exactTagIdentitySha256=0b60be272d59943d445a4f680923f695b02188e9b4adbc09d15b521226380315; authoring name, visual bounds, placement, and runtime reachability remain unresolved."
swf-definition-00139,128,,bitmap,source-assets/flash/HELP MATH_ORIGINAL FILES/HELP_COURSES/ELMGR4/L3/RW/L3RW02.swf,,,3e93e2fba5e831d742a5aabbbb138e1814a7c0019b088907aa6d6918940982e0,DefineBitsJPEG3,,,none; original SWF tag payload inventoried without export,machine-extracted-definition,owner-provided SWF,"container=root; definitionDepth=0; tagOrdinal=139; payloadBytes=12127; exactTagIdentitySha256=c39e9137cf89a2cc0c9b6c7cb628e07c64581ee3f350bc90ed36005901007acd; authoring name, visual bounds, placement, and runtime reachability remain unresolved."
swf-definition-00140,129,,shape,source-assets/flash/HELP MATH_ORIGINAL FILES/HELP_COURSES/ELMGR4/L3/RW/L3RW02.swf,,,bf12e3c4f699acdce36b69545b6cce69df90385f67827a66abaf76675259b56c,DefineShape,,,none; original SWF tag payload inventoried without export,machine-extracted-definition,owner-provided SWF,"container=root; definitionDepth=0; tagOrdinal=140; payloadBytes=56; exactTagIdentitySha256=be0f9ec1a9d6f1ac692d2f61e945ca8ebace229c23b077c7391a24a9d4b5af38; authoring name, visual bounds, placement, and runtime reachability remain unresolved."
swf-definition-00141,130,,shape,source-assets/flash/HELP MATH_ORIGINAL FILES/HELP_COURSES/ELMGR4/L3/RW/L3RW02.swf,,,3a23b2af95aef7451dd95a9cf0a5a7510175502a1b088a0819962232ae6df3ad,DefineShape,,,none; original SWF tag payload inventoried without export,machine-extracted-definition,owner-provided SWF,"container=root; definitionDepth=0; tagOrdinal=141; payloadBytes=148671; exactTagIdentitySha256=c00163f1dc0b1efe02914e1f6fb9cec41412499318f8b937f1e70719545b2585; authoring name, visual bounds, placement, and runtime reachability remain unresolved."
swf-definition-00142,131,,shape,source-assets/flash/HELP MATH_ORIGINAL FILES/HELP_COURSES/ELMGR4/L3/RW/L3RW02.swf,,,5269cd6ab3e5da4cc71153f4ea43045f8690e7c62cc65192c7b50400233def80,DefineShape3,,,none; original SWF tag payload inventoried without export,machine-extracted-definition,owner-provided SWF,"container=root; definitionDepth=0; tagOrdinal=142; payloadBytes=11010; exactTagIdentitySha256=6e94d194e44390b43543785ad2403cf2f8c53eec11f111e972528d5ca7e3710a; authoring name, visual bounds, placement, and runtime reachability remain unresolved."
swf-definition-00143,132,,shape,source-assets/flash/HELP MATH_ORIGINAL FILES/HELP_COURSES/ELMGR4/L3/RW/L3RW02.swf,,,39171df09ab6e5af8c7dafd4d1a057a935e2e1bd4135be7c3554a14ff88b32ec,DefineShape3,,,none; original SWF tag payload inventoried without export,machine-extracted-definition,owner-provided SWF,"container=root; definitionDepth=0; tagOrdinal=143; payloadBytes=354; exactTagIdentitySha256=fd2d3f68d4f7d488bfa41e5e6b161a8c2a33d15ea71c89b05a96ba056a88782f; authoring name, visual bounds, placement, and runtime reachability remain unresolved."
swf-definition-00144,133,,morph,source-assets/flash/HELP MATH_ORIGINAL FILES/HELP_COURSES/ELMGR4/L3/RW/L3RW02.swf,,,158ec4a06b03fb371cdeb34e1b7dbca34bdb8217f2efcf11383e16a738a4c198,DefineMorphShape,,,none; original SWF tag payload inventoried without export,machine-extracted-definition,owner-provided SWF,"container=root; definitionDepth=0; tagOrdinal=144; payloadBytes=109; exactTagIdentitySha256=d4e246966ac65ee79fba0a40fefe220290cebdf0e6369747eb1831eb89910eae; authoring name, visual bounds, placement, and runtime reachability remain unresolved."
swf-definition-00145,134,,morph,source-assets/flash/HELP MATH_ORIGINAL FILES/HELP_COURSES/ELMGR4/L3/RW/L3RW02.swf,,,739fa21cb22d51f7e997453ee060483ba69dbd4a57e4fe62097dc69869c386f3,DefineMorphShape,,,none; original SWF tag payload inventoried without export,machine-extracted-definition,owner-provided SWF,"container=root; definitionDepth=0; tagOrdinal=145; payloadBytes=139; exactTagIdentitySha256=8ee67b46eb3b3680bbc5fa6752d2e6a3617fb83963e31546cc97b86985c53bae; authoring name, visual bounds, placement, and runtime reachability remain unresolved."
swf-definition-00146,135,,morph,source-assets/flash/HELP MATH_ORIGINAL FILES/HELP_COURSES/ELMGR4/L3/RW/L3RW02.swf,,,fb39e25bc25ff12674a8b61f2e07aa58c842b1d864eaa98ec2527c8eb67d85cc,DefineMorphShape,,,none; original SWF tag payload inventoried without export,machine-extracted-definition,owner-provided SWF,"container=root; definitionDepth=0; tagOrdinal=146; payloadBytes=285; exactTagIdentitySha256=6e38a4b18abc0a39aaee3ddbff3a3367ee3187d520fd376e23dd0b9c6b437023; authoring name, visual bounds, placement, and runtime reachability remain unresolved."
swf-definition-00147,136,,morph,source-assets/flash/HELP MATH_ORIGINAL FILES/HELP_COURSES/ELMGR4/L3/RW/L3RW02.swf,,,9ca4e1fe9aa247c439028a8aa22c3f0301fd4cb674288d9ec2431d24bdc1d0ce,DefineMorphShape,,,none; original SWF tag payload inventoried without export,machine-extracted-definition,owner-provided SWF,"container=root; definitionDepth=0; tagOrdinal=147; payloadBytes=157; exactTagIdentitySha256=610be0c089b04de807013999113f86e4532e77bef681ec31e61168268eddda2e; authoring name, visual bounds, placement, and runtime reachability remain unresolved."
swf-definition-00148,137,,morph,source-assets/flash/HELP MATH_ORIGINAL FILES/HELP_COURSES/ELMGR4/L3/RW/L3RW02.swf,,,715f9499ca64c26a02ed1c961ae41df996596ac8b297a16185095e94e66cd990,DefineMorphShape,,,none; original SWF tag payload inventoried without export,machine-extracted-definition,owner-provided SWF,"container=root; definitionDepth=0; tagOrdinal=148; payloadBytes=97; exactTagIdentitySha256=0150b06d2f1a084b2ab5bb46143baefd62aa6a9f92c865d429572ea9f2601cc5; authoring name, visual bounds, placement, and runtime reachability remain unresolved."
swf-definition-00149,138,,shape,source-assets/flash/HELP MATH_ORIGINAL FILES/HELP_COURSES/ELMGR4/L3/RW/L3RW02.swf,,,610e5dba0c14e0747d19173141d6a21da6e3f3c2c1bedc8f27ce5c9ca8bde7fc,DefineShape3,,,none; original SWF tag payload inventoried without export,machine-extracted-definition,owner-provided SWF,"container=root; definitionDepth=0; tagOrdinal=149; payloadBytes=6345; exactTagIdentitySha256=c7f4adb69a6825170a5975c933e54595cf8f670bbb39856993682c5d8bc8952d; authoring name, visual bounds, placement, and runtime reachability remain unresolved."
swf-definition-00150,139,,shape,source-assets/flash/HELP MATH_ORIGINAL FILES/HELP_COURSES/ELMGR4/L3/RW/L3RW02.swf,,,c44b20b26767a273aa5d968dfe24e68e080b178665c0ed87663fdbe1c7e88fa6,DefineShape3,,,none; original SWF tag payload inventoried without export,machine-extracted-definition,owner-provided SWF,"container=root; definitionDepth=0; tagOrdinal=150; payloadBytes=11811; exactTagIdentitySha256=0e0ea48ae3b8d8499af95f446bba17ea42e6c1bd81649f1647833edc9fcc8b4b; authoring name, visual bounds, placement, and runtime reachability remain unresolved."
swf-definition-00151,140,,shape,source-assets/flash/HELP MATH_ORIGINAL FILES/HELP_COURSES/ELMGR4/L3/RW/L3RW02.swf,,,8d2b53ce5eab83f209d7f03e6efc0e029258f2b64f92116fda19598376ffc535,DefineShape3,,,none; original SWF tag payload inventoried without export,machine-extracted-definition,owner-provided SWF,"container=root; definitionDepth=0; tagOrdinal=151; payloadBytes=6879; exactTagIdentitySha256=5ee7733c9c38082ae6cd89c8bb94d4cd3702e0cdb59f7a0cd7f5f2e0e37a6b1b; authoring name, visual bounds, placement, and runtime reachability remain unresolved."
swf-definition-00152,141,,shape,source-assets/flash/HELP MATH_ORIGINAL FILES/HELP_COURSES/ELMGR4/L3/RW/L3RW02.swf,,,fba56e63a82c81336f95f17f589890d0bd2dac638768098b81a3ce027112726c,DefineShape3,,,none; original SWF tag payload inventoried without export,machine-extracted-definition,owner-provided SWF,"container=root; definitionDepth=0; tagOrdinal=152; payloadBytes=9911; exactTagIdentitySha256=231007c4894f234659541197ab226cb2687e3e2bcab1c3c6ef1eab3e83beef8e; authoring name, visual bounds, placement, and runtime reachability remain unresolved."
swf-definition-00153,142,,shape,source-assets/flash/HELP MATH_ORIGINAL FILES/HELP_COURSES/ELMGR4/L3/RW/L3RW02.swf,,,35371e02733eac5469378fbb31ef19a578fc9661dcb3cd9dee0f322267884600,DefineShape3,,,none; original SWF tag payload inventoried without export,machine-extracted-definition,owner-provided SWF,"container=root; definitionDepth=0; tagOrdinal=153; payloadBytes=714; exactTagIdentitySha256=89d300afbf147e3b246c1b09464a90f6e854e2a9323d691d3a28af9000e64bd7; authoring name, visual bounds, placement, and runtime reachability remain unresolved."
swf-definition-00154,143,,shape,source-assets/flash/HELP MATH_ORIGINAL FILES/HELP_COURSES/ELMGR4/L3/RW/L3RW02.swf,,,1b1865c7174a3dc19c47eb6514c05495cabb6189d299b97df34ac041f4c85505,DefineShape3,,,none; original SWF tag payload inventoried without export,machine-extracted-definition,owner-provided SWF,"container=root; definitionDepth=0; tagOrdinal=154; payloadBytes=6179; exactTagIdentitySha256=ca5610810cf511da611d339eb63829b18c66e2ce4b2bcbd7c66e1b6e75f3c513; authoring name, visual bounds, placement, and runtime reachability remain unresolved."
swf-definition-00155,144,,shape,source-assets/flash/HELP MATH_ORIGINAL FILES/HELP_COURSES/ELMGR4/L3/RW/L3RW02.swf,,,0ae2d51871551fb6cdcdcb34125351a51e02a69274f340fca3087d918cdaf710,DefineShape3,,,none; original SWF tag payload inventoried without export,machine-extracted-definition,owner-provided SWF,"container=root; definitionDepth=0; tagOrdinal=155; payloadBytes=9960; exactTagIdentitySha256=950b048c432f1bfc306ad3430d22b4a574687b0be19067310bd2bfd338567cdc; authoring name, visual bounds, placement, and runtime reachability remain unresolved."
swf-definition-00156,145,,shape,source-assets/flash/HELP MATH_ORIGINAL FILES/HELP_COURSES/ELMGR4/L3/RW/L3RW02.swf,,,64fe43a1a9dc9516a59b99be4d48fda09b9a767745a212116c52099b6998766e,DefineShape3,,,none; original SWF tag payload inventoried without export,machine-extracted-definition,owner-provided SWF,"container=root; definitionDepth=0; tagOrdinal=156; payloadBytes=6447; exactTagIdentitySha256=72db3c5a966bb2235457175625cf863a77f5fac4c06c4427e6847f297b169102; authoring name, visual bounds, placement, and runtime reachability remain unresolved."
swf-definition-00157,146,,shape,source-assets/flash/HELP MATH_ORIGINAL FILES/HELP_COURSES/ELMGR4/L3/RW/L3RW02.swf,,,a8c71a57e5cd2cab3b690bd857b641e3e2aabd11fba0e0231364a6f656294f62,DefineShape3,,,none; original SWF tag payload inventoried without export,machine-extracted-definition,owner-provided SWF,"container=root; definitionDepth=0; tagOrdinal=157; payloadBytes=10343; exactTagIdentitySha256=62cc6e857dd2d3b166b0599e2cd2eea081fe044a3a2dc707be0a18869029c135; authoring name, visual bounds, placement, and runtime reachability remain unresolved."
swf-definition-00158,147,,shape,source-assets/flash/HELP MATH_ORIGINAL FILES/HELP_COURSES/ELMGR4/L3/RW/L3RW02.swf,,,5bf41cc6d032598bc1d1d9512422a89bc68ece50e50a4a569ca73b5def64f44f,DefineShape3,,,none; original SWF tag payload inventoried without export,machine-extracted-definition,owner-provided SWF,"container=root; definitionDepth=0; tagOrdinal=158; payloadBytes=228; exactTagIdentitySha256=76d183df0dbb74aaec30a845dc42d85d1b53a07ea9d76d11cf7b016adbd58149; authoring name, visual bounds, placement, and runtime reachability remain unresolved."
swf-definition-00159,148,,shape,source-assets/flash/HELP MATH_ORIGINAL FILES/HELP_COURSES/ELMGR4/L3/RW/L3RW02.swf,,,2903f624bc04739237301c87553ae52017b3c37fb7816d18f3ee1b75dbad1fbc,DefineShape3,,,none; original SWF tag payload inventoried without export,machine-extracted-definition,owner-provided SWF,"container=root; definitionDepth=0; tagOrdinal=159; payloadBytes=7150; exactTagIdentitySha256=bc664ac203a60bed19183c9d15bb6cc8fb2cdbcacae1009d5f076324c71eb49c; authoring name, visual bounds, placement, and runtime reachability remain unresolved."
swf-definition-00160,149,,shape,source-assets/flash/HELP MATH_ORIGINAL FILES/HELP_COURSES/ELMGR4/L3/RW/L3RW02.swf,,,351d180fc7f39d848b5ed5944cebe04d3e14e510cf3560c92fa83ac9741d3489,DefineShape3,,,none; original SWF tag payload inventoried without export,machine-extracted-definition,owner-provided SWF,"container=root; definitionDepth=0; tagOrdinal=160; payloadBytes=10685; exactTagIdentitySha256=57c3b325df98c0ec7e9cf8676486a20922e70c6f1d3145695c4dc40e27e71e84; authoring name, visual bounds, placement, and runtime reachability remain unresolved."
swf-definition-00161,150,,shape,source-assets/flash/HELP MATH_ORIGINAL FILES/HELP_COURSES/ELMGR4/L3/RW/L3RW02.swf,,,8408475c9b1ab7c90b0ba7a6e2d182f97d4674a7db4f7d254286ab7ed85e97a9,DefineShape3,,,none; original SWF tag payload inventoried without export,machine-extracted-definition,owner-provided SWF,"container=root; definitionDepth=0; tagOrdinal=161; payloadBytes=7093; exactTagIdentitySha256=e94a5123de50d6aa7cc9d446e805efd6789b7bc136c4fa759233fc52ddb2286c; authoring name, visual bounds, placement, and runtime reachability remain unresolved."
swf-definition-00162,151,,shape,source-assets/flash/HELP MATH_ORIGINAL FILES/HELP_COURSES/ELMGR4/L3/RW/L3RW02.swf,,,3d17ef7b19b5a0060b616c69a237c822023909a26e3be5ce2acd0611e942c6ea,DefineShape3,,,none; original SWF tag payload inventoried without export,machine-extracted-definition,owner-provided SWF,"container=root; definitionDepth=0; tagOrdinal=162; payloadBytes=10767; exactTagIdentitySha256=321f2d66dde64227c7a8ae72448cff3afcb199dd6c7ded58a0299a085c4e8e26; authoring name, visual bounds, placement, and runtime reachability remain unresolved."
swf-definition-00163,152,,shape,source-assets/flash/HELP MATH_ORIGINAL FILES/HELP_COURSES/ELMGR4/L3/RW/L3RW02.swf,,,cbd5d962435ebb3b9697551b6f41e99ccc214645d55e7539171f1800e84fe900,DefineShape3,,,none; original SWF tag payload inventoried without export,machine-extracted-definition,owner-provided SWF,"container=root; definitionDepth=0; tagOrdinal=163; payloadBytes=6912; exactTagIdentitySha256=037b8903d9ae9417310775440ec7da396281f475ea6a77515158384f67626917; authoring name, visual bounds, placement, and runtime reachability remain unresolved."
swf-definition-00164,153,,shape,source-assets/flash/HELP MATH_ORIGINAL FILES/HELP_COURSES/ELMGR4/L3/RW/L3RW02.swf,,,2f54f27e5bd4f4bef8be1984e437e18b016d02c02953915f81d22ee29b26ca74,DefineShape3,,,none; original SWF tag payload inventoried without export,machine-extracted-definition,owner-provided SWF,"container=root; definitionDepth=0; tagOrdinal=164; payloadBytes=11069; exactTagIdentitySha256=94305511244a5e304fe43c47cad7cba1d5281a4c33d18ceec677aef5102a7a19; authoring name, visual bounds, placement, and runtime reachability remain unresolved."
swf-definition-00165,154,,shape,source-assets/flash/HELP MATH_ORIGINAL FILES/HELP_COURSES/ELMGR4/L3/RW/L3RW02.swf,,,becb3151479f795ccbe95b2c721e57d3ddb4e0fb3db7a0ad9aa54a9c7941ea19,DefineShape3,,,none; original SWF tag payload inventoried without export,machine-extracted-definition,owner-provided SWF,"container=root; definitionDepth=0; tagOrdinal=165; payloadBytes=6690; exactTagIdentitySha256=e49befcffdbdd82eb99be97c27834ccbf6cf39f50d0a993f9203c0b19d18a40f; authoring name, visual bounds, placement, and runtime reachability remain unresolved."
swf-definition-00166,155,,shape,source-assets/flash/HELP MATH_ORIGINAL FILES/HELP_COURSES/ELMGR4/L3/RW/L3RW02.swf,,,08c7cfedd8c27a43622129ed35c3004a77ef150da04e2f3aaa6269a3b6246633,DefineShape3,,,none; original SWF tag payload inventoried without export,machine-extracted-definition,owner-provided SWF,"container=root; definitionDepth=0; tagOrdinal=166; payloadBytes=10766; exactTagIdentitySha256=5b88d23f34faea6f92b4b652aff7e9c4aa7c990e1a9ce9460937882cb9123705; authoring name, visual bounds, placement, and runtime reachability remain unresolved."
swf-definition-00167,156,,shape,source-assets/flash/HELP MATH_ORIGINAL FILES/HELP_COURSES/ELMGR4/L3/RW/L3RW02.swf,,,8ea4dc764772b40f776a4dbe1decb53b1fe69ff0acbd63393b31bc303efb0535,DefineShape3,,,none; original SWF tag payload inventoried without export,machine-extracted-definition,owner-provided SWF,"container=root; definitionDepth=0; tagOrdinal=167; payloadBytes=123; exactTagIdentitySha256=01e542972b36385a51c9ae36ca302686e3d0a6fc2c5ed5f6cf1cee4cc6f090bc; authoring name, visual bounds, placement, and runtime reachability remain unresolved."
swf-definition-00168,157,,shape,source-assets/flash/HELP MATH_ORIGINAL FILES/HELP_COURSES/ELMGR4/L3/RW/L3RW02.swf,,,0334737e4b92c5d60770ae500ad8e919e6368f4798e4c46d278d42fce21a2b42,DefineShape3,,,none; original SWF tag payload inventoried without export,machine-extracted-definition,owner-provided SWF,"container=root; definitionDepth=0; tagOrdinal=168; payloadBytes=6129; exactTagIdentitySha256=5e15a1462458a03958df1c2b3871bf28d24b48342f760c9aeb98ad17f8279de8; authoring name, visual bounds, placement, and runtime reachability remain unresolved."
swf-definition-00169,158,,shape,source-assets/flash/HELP MATH_ORIGINAL FILES/HELP_COURSES/ELMGR4/L3/RW/L3RW02.swf,,,79c88d25ed166eb924de587d5722a769b2fd16d5253c6ed4df679ad5fa57ebc7,DefineShape3,,,none; original SWF tag payload inventoried without export,machine-extracted-definition,owner-provided SWF,"container=root; definitionDepth=0; tagOrdinal=169; payloadBytes=10792; exactTagIdentitySha256=d44254434f4a4b7541c11fdbc1cf97153fa11d885439f7950c59d7baa1a2b90e; authoring name, visual bounds, placement, and runtime reachability remain unresolved."
swf-definition-00170,159,,shape,source-assets/flash/HELP MATH_ORIGINAL FILES/HELP_COURSES/ELMGR4/L3/RW/L3RW02.swf,,,d849726f888cdae24ce0ff2ffb01d454709e9d6d8d80cc0f3de2df1560576385,DefineShape3,,,none; original SWF tag payload inventoried without export,machine-extracted-definition,owner-provided SWF,"container=root; definitionDepth=0; tagOrdinal=170; payloadBytes=7241; exactTagIdentitySha256=1abf12092bb47b3b4d0ae34460b51b4da052ea24dc191df89213af3d6325b91d; authoring name, visual bounds, placement, and runtime reachability remain unresolved."
swf-definition-00171,160,,shape,source-assets/flash/HELP MATH_ORIGINAL FILES/HELP_COURSES/ELMGR4/L3/RW/L3RW02.swf,,,965f9695ae13eef4444b2bf88a14214021eb29569cee3f3395f6d7d31e390059,DefineShape3,,,none; original SWF tag payload inventoried without export,machine-extracted-definition,owner-provided SWF,"container=root; definitionDepth=0; tagOrdinal=171; payloadBytes=10079; exactTagIdentitySha256=e114c51e5282cf6a85ec2a269cef7b0f832d58153643323fb8aa4a7fc260a2df; authoring name, visual bounds, placement, and runtime reachability remain unresolved."
swf-definition-00172,161,,shape,source-assets/flash/HELP MATH_ORIGINAL FILES/HELP_COURSES/ELMGR4/L3/RW/L3RW02.swf,,,8dd76140a7248f25175fd46309e9f239623f04b84e59c0c2e3747a264ccc5e65,DefineShape3,,,none; original SWF tag payload inventoried without export,machine-extracted-definition,owner-provided SWF,"container=root; definitionDepth=0; tagOrdinal=172; payloadBytes=10771; exactTagIdentitySha256=9655077d206e9259e8a70f5a1ae29f1a2fefb01194564a948d17573b17928400; authoring name, visual bounds, placement, and runtime reachability remain unresolved."
swf-definition-00173,162,,shape,source-assets/flash/HELP MATH_ORIGINAL FILES/HELP_COURSES/ELMGR4/L3/RW/L3RW02.swf,,,ff707c60daac0f792de2d8f5a98b0d61851079e2223b9396fc76ccc4b4d6a747,DefineShape3,,,none; original SWF tag payload inventoried without export,machine-extracted-definition,owner-provided SWF,"container=root; definitionDepth=0; tagOrdinal=173; payloadBytes=354; exactTagIdentitySha256=78989bbe08cceac822c9c3f8b75f31770cbe8a1ff1ad83962bd9e74651db3fc8; authoring name, visual bounds, placement, and runtime reachability remain unresolved."
swf-definition-00174,163,,shape,source-assets/flash/HELP MATH_ORIGINAL FILES/HELP_COURSES/ELMGR4/L3/RW/L3RW02.swf,,,2bdd3e13aa9cf0e122546da2c42e6ca1918d486bea512eec4e889255b3e83eb2,DefineShape3,,,none; original SWF tag payload inventoried without export,machine-extracted-definition,owner-provided SWF,"container=root; definitionDepth=0; tagOrdinal=174; payloadBytes=6385; exactTagIdentitySha256=38b8fb76e6ebc888aec33594cad37f575b050f39849f3fa4934026bcb0690c67; authoring name, visual bounds, placement, and runtime reachability remain unresolved."
swf-definition-00175,164,,shape,source-assets/flash/HELP MATH_ORIGINAL FILES/HELP_COURSES/ELMGR4/L3/RW/L3RW02.swf,,,e34cd0824fe425acc03948af9825ab50b5b3be64a3daa12541537716d36df3d9,DefineShape3,,,none; original SWF tag payload inventoried without export,machine-extracted-definition,owner-provided SWF,"container=root; definitionDepth=0; tagOrdinal=175; payloadBytes=1382; exactTagIdentitySha256=95d3fcaef7718b668d94802e3096c119c888546d7b88563039fb2c003dd55a77; authoring name, visual bounds, placement, and runtime reachability remain unresolved."
swf-definition-00176,165,,shape,source-assets/flash/HELP MATH_ORIGINAL FILES/HELP_COURSES/ELMGR4/L3/RW/L3RW02.swf,,,d46970d7ea4237a2979ed6aeef6ed87a1d43d5813b9f1f446d0848e8b1232434,DefineShape3,,,none; original SWF tag payload inventoried without export,machine-extracted-definition,owner-provided SWF,"container=root; definitionDepth=0; tagOrdinal=176; payloadBytes=4558; exactTagIdentitySha256=cebf08148d95ccb643c9ab1f8a4472effff8a940607916f064061235c645b1d9; authoring name, visual bounds, placement, and runtime reachability remain unresolved."
swf-definition-00177,166,,shape,source-assets/flash/HELP MATH_ORIGINAL FILES/HELP_COURSES/ELMGR4/L3/RW/L3RW02.swf,,,77c5d2830e5bae641a65e6958918ea0ebc6d3a442ef16159e7e0cf4e92f71449,DefineShape3,,,none; original SWF tag payload inventoried without export,machine-extracted-definition,owner-provided SWF,"container=root; definitionDepth=0; tagOrdinal=177; payloadBytes=1372; exactTagIdentitySha256=784420a7f40d610bc1aa7ede55639dce8bd17ae55c3d1719429e7ecfed5a1be3; authoring name, visual bounds, placement, and runtime reachability remain unresolved."
swf-definition-00178,167,,shape,source-assets/flash/HELP MATH_ORIGINAL FILES/HELP_COURSES/ELMGR4/L3/RW/L3RW02.swf,,,03e1766294b3587f80a871eef37edea91d7d71cd49a32ed85d74431638033dc1,DefineShape3,,,none; original SWF tag payload inventoried without export,machine-extracted-definition,owner-provided SWF,"container=root; definitionDepth=0; tagOrdinal=178; payloadBytes=1165; exactTagIdentitySha256=d9693aa34551789503ed04771059194353d31dee79300520d7f97b5bddcbb528; authoring name, visual bounds, placement, and runtime reachability remain unresolved."
swf-definition-00179,168,,shape,source-assets/flash/HELP MATH_ORIGINAL FILES/HELP_COURSES/ELMGR4/L3/RW/L3RW02.swf,,,f8e4d775965a84a45d95d872a84c2616fe3fcf980b7eda4b77617533d5d7f0c7,DefineShape3,,,none; original SWF tag payload inventoried without export,machine-extracted-definition,owner-provided SWF,"container=root; definitionDepth=0; tagOrdinal=179; payloadBytes=4572; exactTagIdentitySha256=a18684d57966e249edc20827697779733a3b047735be0ec9a5c9ea5bdebb385f; authoring name, visual bounds, placement, and runtime reachability remain unresolved."
swf-definition-00180,169,,shape,source-assets/flash/HELP MATH_ORIGINAL FILES/HELP_COURSES/ELMGR4/L3/RW/L3RW02.swf,,,58eaf21fbf45ab5a25880174b96b9cb93b706bb8a0b6a9962b188f52bbe15ca4,DefineShape3,,,none; original SWF tag payload inventoried without export,machine-extracted-definition,owner-provided SWF,"container=root; definitionDepth=0; tagOrdinal=180; payloadBytes=10055; exactTagIdentitySha256=d9d10c2fdb1f974c34f8e704db29e6772887f9bd380abeeac260ae7d9d10766b; authoring name, visual bounds, placement, and runtime reachability remain unresolved."
swf-definition-00181,170,,shape,source-assets/flash/HELP MATH_ORIGINAL FILES/HELP_COURSES/ELMGR4/L3/RW/L3RW02.swf,,,3eb9184a3f2089f3757e42db40dcbc4c0cdbb5a77083761f554cf0249c313ad7,DefineShape3,,,none; original SWF tag payload inventoried without export,machine-extracted-definition,owner-provided SWF,"container=root; definitionDepth=0; tagOrdinal=181; payloadBytes=6023; exactTagIdentitySha256=432611faf0afadb681133fb10d0b07143aefb743467880f2f3919d1504c7ac61; authoring name, visual bounds, placement, and runtime reachability remain unresolved."
swf-definition-00182,171,,shape,source-assets/flash/HELP MATH_ORIGINAL FILES/HELP_COURSES/ELMGR4/L3/RW/L3RW02.swf,,,c647ffda3dd0c5afbdb51b283d5e8e0721016fea7b9ae24bb228bb9c15c54055,DefineShape,,,none; original SWF tag payload inventoried without export,machine-extracted-definition,owner-provided SWF,"container=root; definitionDepth=0; tagOrdinal=182; payloadBytes=138; exactTagIdentitySha256=da2a081672de0a5135dd408f320371772df8a10a2103d7adcaa7af95eec0c253; authoring name, visual bounds, placement, and runtime reachability remain unresolved."
swf-definition-00183,172,,shape,source-assets/flash/HELP MATH_ORIGINAL FILES/HELP_COURSES/ELMGR4/L3/RW/L3RW02.swf,,,8e6f71d7326d77fb19af060d1c191ebf96c12a0ec419ae5e2819774a6abff19a,DefineShape3,,,none; original SWF tag payload inventoried without export,machine-extracted-definition,owner-provided SWF,"container=root; definitionDepth=0; tagOrdinal=183; payloadBytes=305; exactTagIdentitySha256=58326fada93516b6b7231014a99fa73b842cd2a612f43f9732b415a69896b4f2; authoring name, visual bounds, placement, and runtime reachability remain unresolved."
swf-definition-00184,173,,shape,source-assets/flash/HELP MATH_ORIGINAL FILES/HELP_COURSES/ELMGR4/L3/RW/L3RW02.swf,,,8c4ae573ad580e62adfda749e0afe5fa333643d3f2b33bf1de84de8483ca208b,DefineShape3,,,none; original SWF tag payload inventoried without export,machine-extracted-definition,owner-provided SWF,"container=root; definitionDepth=0; tagOrdinal=184; payloadBytes=4717; exactTagIdentitySha256=592ad06d7e2c8141badec163a87b77bb81d59053763441214c07a57188705bf7; authoring name, visual bounds, placement, and runtime reachability remain unresolved."
swf-definition-00185,174,,shape,source-assets/flash/HELP MATH_ORIGINAL FILES/HELP_COURSES/ELMGR4/L3/RW/L3RW02.swf,,,c61287d3851692274580c044fcc66ea31f35586bbc1d2b3dc7da4a8f8a89c117,DefineShape3,,,none; original SWF tag payload inventoried without export,machine-extracted-definition,owner-provided SWF,"container=root; definitionDepth=0; tagOrdinal=185; payloadBytes=345; exactTagIdentitySha256=d7923407e1ccfdd23d8c325da8d1073bc3e66b087ad7c96e736e275874e50857; authoring name, visual bounds, placement, and runtime reachability remain unresolved."
swf-definition-00186,175,,shape,source-assets/flash/HELP MATH_ORIGINAL FILES/HELP_COURSES/ELMGR4/L3/RW/L3RW02.swf,,,bd659541a09e0511787b24f1b7ba905064d19f0e518a13dfaa404cbe7a938a97,DefineShape,,,none; original SWF tag payload inventoried without export,machine-extracted-definition,owner-provided SWF,"container=root; definitionDepth=0; tagOrdinal=186; payloadBytes=219; exactTagIdentitySha256=44baa709107c3e87729b29b17257804c463624bc78bf62c75771f758d9fada8f; authoring name, visual bounds, placement, and runtime reachability remain unresolved."
swf-definition-00187,176,,shape,source-assets/flash/HELP MATH_ORIGINAL FILES/HELP_COURSES/ELMGR4/L3/RW/L3RW02.swf,,,786bc280dd3a6675656649cdc2f854bf65a046dd76398e3e7120ad8a07fb3dbc,DefineShape3,,,none; original SWF tag payload inventoried without export,machine-extracted-definition,owner-provided SWF,"container=root; definitionDepth=0; tagOrdinal=187; payloadBytes=1382; exactTagIdentitySha256=f2bd89d135ee8b29cc4ab001e89ba85970d01b78073a4f0befd0ab44a68c67c9; authoring name, visual bounds, placement, and runtime reachability remain unresolved."
swf-definition-00188,177,,shape,source-assets/flash/HELP MATH_ORIGINAL FILES/HELP_COURSES/ELMGR4/L3/RW/L3RW02.swf,,,1036f7502e1b6e04a886ea0f2c34096a8c88ba716fbf0c912408c90c1a48b8cc,DefineShape3,,,none; original SWF tag payload inventoried without export,machine-extracted-definition,owner-provided SWF,"container=root; definitionDepth=0; tagOrdinal=188; payloadBytes=4570; exactTagIdentitySha256=c16f721953f483b32b88dada0b59f9dcb2d4624eec865c2d7ce24f20c0a4fc38; authoring name, visual bounds, placement, and runtime reachability remain unresolved."
swf-definition-00189,178,,shape,source-assets/flash/HELP MATH_ORIGINAL FILES/HELP_COURSES/ELMGR4/L3/RW/L3RW02.swf,,,1a3a0566f197ae2ddb45d5165a7d98314bb5a3492477956b053c437e2e0082b5,DefineShape3,,,none; original SWF tag payload inventoried without export,machine-extracted-definition,owner-provided SWF,"container=root; definitionDepth=0; tagOrdinal=189; payloadBytes=6027; exactTagIdentitySha256=09057cadd64e8e00c79c44c2d354b048265586808c297a9d42163d0a30471f75; authoring name, visual bounds, placement, and runtime reachability remain unresolved."
swf-definition-00190,179,,shape,source-assets/flash/HELP MATH_ORIGINAL FILES/HELP_COURSES/ELMGR4/L3/RW/L3RW02.swf,,,fccc22ccc4a65a1667fc2a105b6c0e1a2095aa9eeedeff5ccfba1a842f6bcf2c,DefineShape3,,,none; original SWF tag payload inventoried without export,machine-extracted-definition,owner-provided SWF,"container=root; definitionDepth=0; tagOrdinal=190; payloadBytes=4737; exactTagIdentitySha256=62f7e2357ce0a2fde0689661f99997ccad81c5300ce48a942f251e5a5e11e9b7; authoring name, visual bounds, placement, and runtime reachability remain unresolved."
swf-definition-00191,180,,shape,source-assets/flash/HELP MATH_ORIGINAL FILES/HELP_COURSES/ELMGR4/L3/RW/L3RW02.swf,,,18343df633bece72d03842c41c013122d34cef0518d91bc4eda2aa4012b20195,DefineShape,,,none; original SWF tag payload inventoried without export,machine-extracted-definition,owner-provided SWF,"container=root; definitionDepth=0; tagOrdinal=191; payloadBytes=96; exactTagIdentitySha256=0fb7edd9ef5c1b455684fd9906d5019e1ab3d076ef7720b0ff7f2d18dfbbc81e; authoring name, visual bounds, placement, and runtime reachability remain unresolved."
swf-definition-00192,181,,shape,source-assets/flash/HELP MATH_ORIGINAL FILES/HELP_COURSES/ELMGR4/L3/RW/L3RW02.swf,,,3b7fe38e56c22b74978a65e1ca8bc29aa73ea9634c5fc00dcbd3c49b0d8ca9c6,DefineShape3,,,none; original SWF tag payload inventoried without export,machine-extracted-definition,owner-provided SWF,"container=root; definitionDepth=0; tagOrdinal=192; payloadBytes=1146; exactTagIdentitySha256=9691c9e9d8d1c70105538a4dcb0615414108d5d9872967ef880db6d6080e569b; authoring name, visual bounds, placement, and runtime reachability remain unresolved."
swf-definition-00193,182,,shape,source-assets/flash/HELP MATH_ORIGINAL FILES/HELP_COURSES/ELMGR4/L3/RW/L3RW02.swf,,,06e443772d265994757cc24350871368e5774081a98cdff893e13a82230d141c,DefineShape3,,,none; original SWF tag payload inventoried without export,machine-extracted-definition,owner-provided SWF,"container=root; definitionDepth=0; tagOrdinal=193; payloadBytes=6030; exactTagIdentitySha256=39c4c29264d60303addcadc9594884f6c9a243bc2d0007904e6f5ca76120e007; authoring name, visual bounds, placement, and runtime reachability remain unresolved."
swf-definition-00194,183,,shape,source-assets/flash/HELP MATH_ORIGINAL FILES/HELP_COURSES/ELMGR4/L3/RW/L3RW02.swf,,,0f365da8fd154c122eb25fd62c28ba6cc9549f00786dbbe6dedd946329bbb521,DefineShape,,,none; original SWF tag payload inventoried without export,machine-extracted-definition,owner-provided SWF,"container=root; definitionDepth=0; tagOrdinal=194; payloadBytes=150; exactTagIdentitySha256=80fcd47539766109a7d51894475c44f60c27f59fcf4c46aa80e382a8ff09ef1d; authoring name, visual bounds, placement, and runtime reachability remain unresolved."
swf-definition-00195,184,,shape,source-assets/flash/HELP MATH_ORIGINAL FILES/HELP_COURSES/ELMGR4/L3/RW/L3RW02.swf,,,cc694cbeb4982ac15db796fe21a766d1d3e362ffe51563aed21b4fc6bdb53e22,DefineShape3,,,none; original SWF tag payload inventoried without export,machine-extracted-definition,owner-provided SWF,"container=root; definitionDepth=0; tagOrdinal=195; payloadBytes=4343; exactTagIdentitySha256=477bdcd2870e5eade154daabf82e70726e8e36116243f0c123e13c30c730ca03; authoring name, visual bounds, placement, and runtime reachability remain unresolved."
swf-definition-00196,185,,shape,source-assets/flash/HELP MATH_ORIGINAL FILES/HELP_COURSES/ELMGR4/L3/RW/L3RW02.swf,,,7fecb9bfde9cb1aba1f6bc37dfb67036cf1ba973dee498f0782d18bc60c914d9,DefineShape3,,,none; original SWF tag payload inventoried without export,machine-extracted-definition,owner-provided SWF,"container=root; definitionDepth=0; tagOrdinal=196; payloadBytes=1595; exactTagIdentitySha256=7654f8a30382d8de51c27d419bdde3cab3eb47ce6b7401fac61c3caf10b7f313; authoring name, visual bounds, placement, and runtime reachability remain unresolved."
swf-definition-00197,186,,shape,source-assets/flash/HELP MATH_ORIGINAL FILES/HELP_COURSES/ELMGR4/L3/RW/L3RW02.swf,,,099aaf66da4a02d75b80710e4c28ada6ab9279735a46624178172790a9d72533,DefineShape3,,,none; original SWF tag payload inventoried without export,machine-extracted-definition,owner-provided SWF,"container=root; definitionDepth=0; tagOrdinal=197; payloadBytes=4564; exactTagIdentitySha256=167024f75d264f3aee3a194bc595f76215062947049ff899f3605f81ad34cc42; authoring name, visual bounds, placement, and runtime reachability remain unresolved."
swf-definition-00198,187,,shape,source-assets/flash/HELP MATH_ORIGINAL FILES/HELP_COURSES/ELMGR4/L3/RW/L3RW02.swf,,,18e3b2f6bd2f14df24c39321b1edf60e517e175e936bb51f4c410881c37bfd8c,DefineShape,,,none; original SWF tag payload inventoried without export,machine-extracted-definition,owner-provided SWF,"container=root; definitionDepth=0; tagOrdinal=198; payloadBytes=96; exactTagIdentitySha256=5bbc49c242a6f552fa8d01b32618f1e03fba63d2aed018aefaf96447cf1d2221; authoring name, visual bounds, placement, and runtime reachability remain unresolved."
swf-definition-00199,188,,shape,source-assets/flash/HELP MATH_ORIGINAL FILES/HELP_COURSES/ELMGR4/L3/RW/L3RW02.swf,,,55b0390b997bd2ed11bbd4bbe0d46b921e302a673817285235494b1a89fa21c0,DefineShape3,,,none; original SWF tag payload inventoried without export,machine-extracted-definition,owner-provided SWF,"container=root; definitionDepth=0; tagOrdinal=199; payloadBytes=1132; exactTagIdentitySha256=ef3a8b4f294bf0e88d5c4397013fa8a8645ec5a4cc3bc620bd1c982f2d2b1663; authoring name, visual bounds, placement, and runtime reachability remain unresolved."
swf-definition-00200,189,,shape,source-assets/flash/HELP MATH_ORIGINAL FILES/HELP_COURSES/ELMGR4/L3/RW/L3RW02.swf,,,f0e76db574bc535d11190bad4d12a2587132118868b11f81e5bc40fe71256462,DefineShape3,,,none; original SWF tag payload inventoried without export,machine-extracted-definition,owner-provided SWF,"container=root; definitionDepth=0; tagOrdinal=200; payloadBytes=6457; exactTagIdentitySha256=a3efe5a17ebf9fe7807b62f73c0f18452a56b7284396b2a71dfc10c5e67e9a39; authoring name, visual bounds, placement, and runtime reachability remain unresolved."
swf-definition-00201,190,,shape,source-assets/flash/HELP MATH_ORIGINAL FILES/HELP_COURSES/ELMGR4/L3/RW/L3RW02.swf,,,0dd16fa98617d8bbca70036b8d2bb9998e97c241f2d22e71cd9a17c11ec5efe0,DefineShape3,,,none; original SWF tag payload inventoried without export,machine-extracted-definition,owner-provided SWF,"container=root; definitionDepth=0; tagOrdinal=201; payloadBytes=3979; exactTagIdentitySha256=6bbe4624a43eb051947262bf27f823626ccdf931332ff8e139290e5ff0b8137c; authoring name, visual bounds, placement, and runtime reachability remain unresolved."
swf-definition-00202,191,,shape,source-assets/flash/HELP MATH_ORIGINAL FILES/HELP_COURSES/ELMGR4/L3/RW/L3RW02.swf,,,69a9838aa95a4bf4a3c4b2073099c442278f1e3f419f6020e99063ad7d5b0243,DefineShape3,,,none; original SWF tag payload inventoried without export,machine-extracted-definition,owner-provided SWF,"container=root; definitionDepth=0; tagOrdinal=202; payloadBytes=1140; exactTagIdentitySha256=015297dd205060719f356f9834a100c6ccb813effb21488162db40397a698ff3; authoring name, visual bounds, placement, and runtime reachability remain unresolved."
swf-definition-00203,192,,shape,source-assets/flash/HELP MATH_ORIGINAL FILES/HELP_COURSES/ELMGR4/L3/RW/L3RW02.swf,,,ea7a1c2f51d1f3bc4ef65e8790630deea082bb461f6905190d71c1b7c5530c8e,DefineShape3,,,none; original SWF tag payload inventoried without export,machine-extracted-definition,owner-provided SWF,"container=root; definitionDepth=0; tagOrdinal=203; payloadBytes=1088; exactTagIdentitySha256=bb49f2e2040b1912463b15acc5ccc0562cf166bad887d2ca8f59e7dc3b15fff2; authoring name, visual bounds, placement, and runtime reachability remain unresolved."
swf-definition-00204,193,,shape,source-assets/flash/HELP MATH_ORIGINAL FILES/HELP_COURSES/ELMGR4/L3/RW/L3RW02.swf,,,78ee70b7752d16afcdc551ab3c6e2f1db1dde5328894d99f66483ed3738273a2,DefineShape,,,none; original SWF tag payload inventoried without export,machine-extracted-definition,owner-provided SWF,"container=root; definitionDepth=0; tagOrdinal=204; payloadBytes=107; exactTagIdentitySha256=dc4955d3e2fbab96f2827bfb36a53d95354c9ec80ff4a87bfa6432d8646f61a7; authoring name, visual bounds, placement, and runtime reachability remain unresolved."
swf-definition-00205,194,,shape,source-assets/flash/HELP MATH_ORIGINAL FILES/HELP_COURSES/ELMGR4/L3/RW/L3RW02.swf,,,6caf89b0dccc710309860fee2188f1142564c2d74bc563593965f07e4e13b7eb,DefineShape3,,,none; original SWF tag payload inventoried without export,machine-extracted-definition,owner-provided SWF,"container=root; definitionDepth=0; tagOrdinal=205; payloadBytes=1150; exactTagIdentitySha256=2cb1f337c3247ce941f20bc51e72794236e560df5c9773df282dff17d19ff77a; authoring name, visual bounds, placement, and runtime reachability remain unresolved."
swf-definition-00206,195,,shape,source-assets/flash/HELP MATH_ORIGINAL FILES/HELP_COURSES/ELMGR4/L3/RW/L3RW02.swf,,,3ca2193be98e327bbb98db41420a994e9c1232d80265417bc66976ecb03d08eb,DefineShape,,,none; original SWF tag payload inventoried without export,machine-extracted-definition,owner-provided SWF,"container=root; definitionDepth=0; tagOrdinal=206; payloadBytes=128; exactTagIdentitySha256=0fae84441b34425f36b9e3d659744484fbf1f840877ebe6fbe9bfb3610fb0e93; authoring name, visual bounds, placement, and runtime reachability remain unresolved."
swf-definition-00207,196,,shape,source-assets/flash/HELP MATH_ORIGINAL FILES/HELP_COURSES/ELMGR4/L3/RW/L3RW02.swf,,,24a73c1bb5d1e1089a5831ac818a96fa5750f6df609599a4fce4953f79b54ccc,DefineShape3,,,none; original SWF tag payload inventoried without export,machine-extracted-definition,owner-provided SWF,"container=root; definitionDepth=0; tagOrdinal=207; payloadBytes=866; exactTagIdentitySha256=9401fe1bad603234e5399ec50db47f23fdb90c3c0e294e365f61729e92e0771b; authoring name, visual bounds, placement, and runtime reachability remain unresolved."
swf-definition-00208,197,,shape,source-assets/flash/HELP MATH_ORIGINAL FILES/HELP_COURSES/ELMGR4/L3/RW/L3RW02.swf,,,e3ff1b7dd269831904adda3cd3cfc2d7c775fb97e009660d6d9e251db862f9f1,DefineShape,,,none; original SWF tag payload inventoried without export,machine-extracted-definition,owner-provided SWF,"container=root; definitionDepth=0; tagOrdinal=208; payloadBytes=86; exactTagIdentitySha256=af5f49c310d44135fd1d638d0caa079d0c635d99c05de2f576e8b04431cb6139; authoring name, visual bounds, placement, and runtime reachability remain unresolved."
swf-definition-00209,198,,shape,source-assets/flash/HELP MATH_ORIGINAL FILES/HELP_COURSES/ELMGR4/L3/RW/L3RW02.swf,,,a7c6480602bd4b08597381b7e12ead5dbf2bba423831a83685499a3d2a35b30f,DefineShape3,,,none; original SWF tag payload inventoried without export,machine-extracted-definition,owner-provided SWF,"container=root; definitionDepth=0; tagOrdinal=209; payloadBytes=571; exactTagIdentitySha256=afa9583974b5496823e60963adc427928572b752d41c6ad5a64497c319101321; authoring name, visual bounds, placement, and runtime reachability remain unresolved."
swf-definition-00210,199,,shape,source-assets/flash/HELP MATH_ORIGINAL FILES/HELP_COURSES/ELMGR4/L3/RW/L3RW02.swf,,,97a36d108a7d052d398dea71ee2af385e7016a7b2c94611e19c9d2af46a9314b,DefineShape3,,,none; original SWF tag payload inventoried without export,machine-extracted-definition,owner-provided SWF,"container=root; definitionDepth=0; tagOrdinal=210; payloadBytes=1132; exactTagIdentitySha256=ad5937db254267b3c3cb616b894327fd35ee63ba28d114e8ac35039afd6b5147; authoring name, visual bounds, placement, and runtime reachability remain unresolved."
swf-definition-00211,200,,shape,source-assets/flash/HELP MATH_ORIGINAL FILES/HELP_COURSES/ELMGR4/L3/RW/L3RW02.swf,,,be54d2a60f95ba21060dc54c7b13508605e08c0ea5b1cfa09fa8aa37e840addd,DefineShape3,,,none; original SWF tag payload inventoried without export,machine-extracted-definition,owner-provided SWF,"container=root; definitionDepth=0; tagOrdinal=211; payloadBytes=6022; exactTagIdentitySha256=1740dc05a6afd027f03ebda3e90d4da2b3ba6d22908ea2bacc04611175f0f211; authoring name, visual bounds, placement, and runtime reachability remain unresolved."
swf-definition-00212,201,,shape,source-assets/flash/HELP MATH_ORIGINAL FILES/HELP_COURSES/ELMGR4/L3/RW/L3RW02.swf,,,6986e960ac562c547c55f9feda1c8f8765e97851ad7f9f3672e9142faa0a15e1,DefineShape3,,,none; original SWF tag payload inventoried without export,machine-extracted-definition,owner-provided SWF,"container=root; definitionDepth=0; tagOrdinal=212; payloadBytes=4605; exactTagIdentitySha256=98483e5d65d1eeb3f07c01aa6dec1724519e1233167d4ac7488c996bb61769e7; authoring name, visual bounds, placement, and runtime reachability remain unresolved."
swf-definition-00213,202,,shape,source-assets/flash/HELP MATH_ORIGINAL FILES/HELP_COURSES/ELMGR4/L3/RW/L3RW02.swf,,,68965c1cb816103431d1064678d0bf7a09c55fec3b198bcff134d6e9d8000e79,DefineShape3,,,none; original SWF tag payload inventoried without export,machine-extracted-definition,owner-provided SWF,"container=root; definitionDepth=0; tagOrdinal=213; payloadBytes=1137; exactTagIdentitySha256=35ac30e17686e81c80907bf2b8d6f46441d9d732c69829fe41965099d9eaa9f0; authoring name, visual bounds, placement, and runtime reachability remain unresolved."
swf-definition-00214,203,,shape,source-assets/flash/HELP MATH_ORIGINAL FILES/HELP_COURSES/ELMGR4/L3/RW/L3RW02.swf,,,70c781d35133b67f57311bcd9bbd006e4f85836081b53288016d39f9a8ff8eb5,DefineShape3,,,none; original SWF tag payload inventoried without export,machine-extracted-definition,owner-provided SWF,"container=root; definitionDepth=0; tagOrdinal=214; payloadBytes=1082; exactTagIdentitySha256=31b62da16b59e521963012974087d5c4c2705e3fd1a94a9e323895ae155f9981; authoring name, visual bounds, placement, and runtime reachability remain unresolved."
swf-definition-00215,204,,shape,source-assets/flash/HELP MATH_ORIGINAL FILES/HELP_COURSES/ELMGR4/L3/RW/L3RW02.swf,,,8c06e3907ffd08e9738cf4b5de9200d717975f29a8127a84d1e03eaa84d031cc,DefineShape3,,,none; original SWF tag payload inventoried without export,machine-extracted-definition,owner-provided SWF,"container=root; definitionDepth=0; tagOrdinal=215; payloadBytes=1373; exactTagIdentitySha256=dbae2423ee65acd783bae3bafd8e929abcf168d9a5f998aa0be48802a82e56ff; authoring name, visual bounds, placement, and runtime reachability remain unresolved."
swf-definition-00216,205,,shape,source-assets/flash/HELP MATH_ORIGINAL FILES/HELP_COURSES/ELMGR4/L3/RW/L3RW02.swf,,,6d72c98b4089b9b88de80154e80ae6a3e1c2309e3da4b970fdc5bd0bfcbd2009,DefineShape3,,,none; original SWF tag payload inventoried without export,machine-extracted-definition,owner-provided SWF,"container=root; definitionDepth=0; tagOrdinal=216; payloadBytes=4588; exactTagIdentitySha256=82586d72e0e3f6cc7347fff8633780a28bba57ab405a5a714bc361db1d0f587b; authoring name, visual bounds, placement, and runtime reachability remain unresolved."
swf-definition-00217,206,,shape,source-assets/flash/HELP MATH_ORIGINAL FILES/HELP_COURSES/ELMGR4/L3/RW/L3RW02.swf,,,faffa4339090e989a50fbb77afa231e1b533af6e4e8fa7f05e222a21dba98f50,DefineShape3,,,none; original SWF tag payload inventoried without export,machine-extracted-definition,owner-provided SWF,"container=root; definitionDepth=0; tagOrdinal=217; payloadBytes=1151; exactTagIdentitySha256=7d6c69cf949901d28c81f613ddce5dfa37d74edfdaab80e72b112ff3ba9698e4; authoring name, visual bounds, placement, and runtime reachability remain unresolved."
swf-definition-00218,207,,shape,source-assets/flash/HELP MATH_ORIGINAL FILES/HELP_COURSES/ELMGR4/L3/RW/L3RW02.swf,,,95c1bc05df343df6cbe9834babe63996cada7ba418bd1ab7ab9858508612e045,DefineShape3,,,none; original SWF tag payload inventoried without export,machine-extracted-definition,owner-provided SWF,"container=root; definitionDepth=0; tagOrdinal=218; payloadBytes=1374; exactTagIdentitySha256=e1827e38cf789ff0391d903ff9146e2c0f00945a80fee27349c1dc0395cf44f4; authoring name, visual bounds, placement, and runtime reachability remain unresolved."
swf-definition-00219,208,,shape,source-assets/flash/HELP MATH_ORIGINAL FILES/HELP_COURSES/ELMGR4/L3/RW/L3RW02.swf,,,bebc663c3cff7d3b7516f7ef2b45dc366a4b8f9501d0d98e7116b891ce2333c1,DefineShape3,,,none; original SWF tag payload inventoried without export,machine-extracted-definition,owner-provided SWF,"container=root; definitionDepth=0; tagOrdinal=219; payloadBytes=4606; exactTagIdentitySha256=1de414eaab841a69319d5719a80eb9d9e077b3b8c21a2b24504ecf64572db7a3; authoring name, visual bounds, placement, and runtime reachability remain unresolved."
swf-definition-00220,209,,shape,source-assets/flash/HELP MATH_ORIGINAL FILES/HELP_COURSES/ELMGR4/L3/RW/L3RW02.swf,,,de3b8dcce7ea855856aea95475224e1018f21c5b19a30a6cae51ba46b545f9bb,DefineShape3,,,none; original SWF tag payload inventoried without export,machine-extracted-definition,owner-provided SWF,"container=root; definitionDepth=0; tagOrdinal=220; payloadBytes=1363; exactTagIdentitySha256=0e3ead31d038abea15eec259b05b9a26e6b250723c762c25460fb3882179ae18; authoring name, visual bounds, placement, and runtime reachability remain unresolved."
swf-definition-00221,210,,shape,source-assets/flash/HELP MATH_ORIGINAL FILES/HELP_COURSES/ELMGR4/L3/RW/L3RW02.swf,,,522471167be0431606c5675d691ca19cc9be7d1dc60d9c937aa65590322c74aa,DefineShape3,,,none; original SWF tag payload inventoried without export,machine-extracted-definition,owner-provided SWF,"container=root; definitionDepth=0; tagOrdinal=221; payloadBytes=4547; exactTagIdentitySha256=18debdf50f7d6731b2d36ce8c882744ca9a5bcb2b6e38aacc14081d2dca47690; authoring name, visual bounds, placement, and runtime reachability remain unresolved."
swf-definition-00222,211,,shape,source-assets/flash/HELP MATH_ORIGINAL FILES/HELP_COURSES/ELMGR4/L3/RW/L3RW02.swf,,,a4b09d82c7c5dd9eeba5ff9a2db78d235cf10f8658d20868db92b2eb8739a6c7,DefineShape3,,,none; original SWF tag payload inventoried without export,machine-extracted-definition,owner-provided SWF,"container=root; definitionDepth=0; tagOrdinal=222; payloadBytes=1388; exactTagIdentitySha256=d6498daecc446300aef2e4d595a1f13a5157d05b90616e4c7768913039a26de3; authoring name, visual bounds, placement, and runtime reachability remain unresolved."
swf-definition-00223,212,,shape,source-assets/flash/HELP MATH_ORIGINAL FILES/HELP_COURSES/ELMGR4/L3/RW/L3RW02.swf,,,b1ac61af458962136dafcfe589a6f5f4954846a1675aba11d056d3b8c41581a1,DefineShape3,,,none; original SWF tag payload inventoried without export,machine-extracted-definition,owner-provided SWF,"container=root; definitionDepth=0; tagOrdinal=223; payloadBytes=4592; exactTagIdentitySha256=9eaf6579c15190757ffc9ce0ebe3d7ab90ae1a8ccd2cc0302a86a4a59bd2b8e9; authoring name, visual bounds, placement, and runtime reachability remain unresolved."
swf-definition-00224,213,,shape,source-assets/flash/HELP MATH_ORIGINAL FILES/HELP_COURSES/ELMGR4/L3/RW/L3RW02.swf,,,feee19ec73b29733b377f918cf00ff9102586bb382b26f04afd2f79150c345ce,DefineShape3,,,none; original SWF tag payload inventoried without export,machine-extracted-definition,owner-provided SWF,"container=root; definitionDepth=0; tagOrdinal=224; payloadBytes=6774; exactTagIdentitySha256=b469bb764aeb41963999a95f4b9a22181bf89dbd45429cb23fe7d7659bffadd0; authoring name, visual bounds, placement, and runtime reachability remain unresolved."
swf-definition-00225,214,,shape,source-assets/flash/HELP MATH_ORIGINAL FILES/HELP_COURSES/ELMGR4/L3/RW/L3RW02.swf,,,54e44ab8a421e87740042a504665dbf509a232411cb058561984499961c26adb,DefineShape3,,,none; original SWF tag payload inventoried without export,machine-extracted-definition,owner-provided SWF,"container=root; definitionDepth=0; tagOrdinal=225; payloadBytes=715; exactTagIdentitySha256=84ac212a1007a0ec23e1919d3506d81a7f1a7e66fcee497b0c6d57e944866c0c; authoring name, visual bounds, placement, and runtime reachability remain unresolved."
swf-definition-00226,215,,shape,source-assets/flash/HELP MATH_ORIGINAL FILES/HELP_COURSES/ELMGR4/L3/RW/L3RW02.swf,,,2f9c6c5e70448b5be322df34f7a58c64e23f7de2fd0000c4c1dc687d54de725e,DefineShape3,,,none; original SWF tag payload inventoried without export,machine-extracted-definition,owner-provided SWF,"container=root; definitionDepth=0; tagOrdinal=226; payloadBytes=6348; exactTagIdentitySha256=aeeff433f7eb4dc58f932f1a553cd9ad1a899108d73f44e55b2f1519a9391b72; authoring name, visual bounds, placement, and runtime reachability remain unresolved."
swf-definition-00227,216,,shape,source-assets/flash/HELP MATH_ORIGINAL FILES/HELP_COURSES/ELMGR4/L3/RW/L3RW02.swf,,,7c44e7f6240af3919dc359e86cb13035f6d6408d661011461dd161c50dc53d3d,DefineShape3,,,none; original SWF tag payload inventoried without export,machine-extracted-definition,owner-provided SWF,"container=root; definitionDepth=0; tagOrdinal=227; payloadBytes=1953; exactTagIdentitySha256=0106f41ca8383ee8b29cad3b6149404fe6b48de312df1d4029c68fed6d5eda91; authoring name, visual bounds, placement, and runtime reachability remain unresolved."
swf-definition-00228,217,,shape,source-assets/flash/HELP MATH_ORIGINAL FILES/HELP_COURSES/ELMGR4/L3/RW/L3RW02.swf,,,fe5c9d79883d8caccf1e9fe9099fabfff8e53b11b59349032d96191be47e9eb8,DefineShape3,,,none; original SWF tag payload inventoried without export,machine-extracted-definition,owner-provided SWF,"container=root; definitionDepth=0; tagOrdinal=228; payloadBytes=1061; exactTagIdentitySha256=c2d4bbe2f4b82a8b636d0192b2f2a5887b6b325297e150e0a67097b9e2d529a7; authoring name, visual bounds, placement, and runtime reachability remain unresolved."
swf-definition-00229,218,,shape,source-assets/flash/HELP MATH_ORIGINAL FILES/HELP_COURSES/ELMGR4/L3/RW/L3RW02.swf,,,58489e8bd29fe1f50ad2ec1c09b51416bd8da0523d03f0627afbdd9e0bfd453b,DefineShape3,,,none; original SWF tag payload inventoried without export,machine-extracted-definition,owner-provided SWF,"container=root; definitionDepth=0; tagOrdinal=229; payloadBytes=515; exactTagIdentitySha256=6d9a6c1794d8c789fd77cc136a8928f572852b6a9ad4ff0db1232085ae6e632b; authoring name, visual bounds, placement, and runtime reachability remain unresolved."
swf-definition-00230,219,,shape,source-assets/flash/HELP MATH_ORIGINAL FILES/HELP_COURSES/ELMGR4/L3/RW/L3RW02.swf,,,c0ff3de7d2e9d75bca9a19e622fd8868f2e5b3b066bc581bdb561540c353da92,DefineShape3,,,none; original SWF tag payload inventoried without export,machine-extracted-definition,owner-provided SWF,"container=root; definitionDepth=0; tagOrdinal=230; payloadBytes=579; exactTagIdentitySha256=eb6241a1867f50b9f7f7a9c2e730982baf7dcfc264712a5261e90ea40be85c7b; authoring name, visual bounds, placement, and runtime reachability remain unresolved."
swf-definition-00231,220,,shape,source-assets/flash/HELP MATH_ORIGINAL FILES/HELP_COURSES/ELMGR4/L3/RW/L3RW02.swf,,,0448e86eb5e1073df0e778d4ce5cfc9c9a60a3c991df12fc677405e71c00fc95,DefineShape3,,,none; original SWF tag payload inventoried without export,machine-extracted-definition,owner-provided SWF,"container=root; definitionDepth=0; tagOrdinal=231; payloadBytes=1004; exactTagIdentitySha256=57d8465a3ddd1ea957f38bf9afae5fd51f7bcadaeb340bba1a5137d1ecc275e3; authoring name, visual bounds, placement, and runtime reachability remain unresolved."
swf-definition-00232,221,,shape,source-assets/flash/HELP MATH_ORIGINAL FILES/HELP_COURSES/ELMGR4/L3/RW/L3RW02.swf,,,2511c4c5be2d275deddb8ca5c91e851e09cc1b1a6d28df80cd7570dfc2c2f6a1,DefineShape3,,,none; original SWF tag payload inventoried without export,machine-extracted-definition,owner-provided SWF,"container=root; definitionDepth=0; tagOrdinal=232; payloadBytes=1941; exactTagIdentitySha256=5ab10cd6e6fe9f3c602006472ae8f8db0ea3a1cd527b1f5d23a741bcf350f56a; authoring name, visual bounds, placement, and runtime reachability remain unresolved."
swf-definition-00233,222,,shape,source-assets/flash/HELP MATH_ORIGINAL FILES/HELP_COURSES/ELMGR4/L3/RW/L3RW02.swf,,,1a5332257b2ee5593e667eea615c86a423a5f75365b63ea6a0a4f95e08e2669c,DefineShape3,,,none; original SWF tag payload inventoried without export,machine-extracted-definition,owner-provided SWF,"container=root; definitionDepth=0; tagOrdinal=233; payloadBytes=2130; exactTagIdentitySha256=e56f36e28f57fcbf4ef73c299378dfdb2ab365d62074ca26a2417e5d381901b1; authoring name, visual bounds, placement, and runtime reachability remain unresolved."
swf-definition-00234,223,,shape,source-assets/flash/HELP MATH_ORIGINAL FILES/HELP_COURSES/ELMGR4/L3/RW/L3RW02.swf,,,2992936242991fd078b9e5ba04de2f75f92a228858ea93b435ed4b3489b67e24,DefineShape3,,,none; original SWF tag payload inventoried without export,machine-extracted-definition,owner-provided SWF,"container=root; definitionDepth=0; tagOrdinal=234; payloadBytes=1950; exactTagIdentitySha256=840fb735923d6c1fbd1cf3b94ac6a6c8900892cebb4e8b0f9a646fc41db293c6; authoring name, visual bounds, placement, and runtime reachability remain unresolved."
swf-definition-00235,224,,shape,source-assets/flash/HELP MATH_ORIGINAL FILES/HELP_COURSES/ELMGR4/L3/RW/L3RW02.swf,,,98cdc0425f965f7d869eff4fd3558f80b4d4ce42fbdac65e5cc9987f576b8bfb,DefineShape3,,,none; original SWF tag payload inventoried without export,machine-extracted-definition,owner-provided SWF,"container=root; definitionDepth=0; tagOrdinal=235; payloadBytes=1941; exactTagIdentitySha256=04d9aee3db89f224919786252e7db6d526e560be2bd3fb1ebc5ce49182b3961d; authoring name, visual bounds, placement, and runtime reachability remain unresolved."
swf-definition-00236,225,,shape,source-assets/flash/HELP MATH_ORIGINAL FILES/HELP_COURSES/ELMGR4/L3/RW/L3RW02.swf,,,33f5d310d039f95dd1df1fea1b9123fb3afaadaf484972a440d175392776c8dd,DefineShape3,,,none; original SWF tag payload inventoried without export,machine-extracted-definition,owner-provided SWF,"container=root; definitionDepth=0; tagOrdinal=236; payloadBytes=1950; exactTagIdentitySha256=568c4ca498d886b984fe7e58b727650132bd29ec8f58d4563f95714fbd27e6f2; authoring name, visual bounds, placement, and runtime reachability remain unresolved."
swf-definition-00237,226,,bitmap,source-assets/flash/HELP MATH_ORIGINAL FILES/HELP_COURSES/ELMGR4/L3/RW/L3RW02.swf,,,d1cb82cbe5fe6913155cd553adb919f3635380ab1c9df19834193262f94ba328,DefineBitsJPEG3,,,none; original SWF tag payload inventoried without export,machine-extracted-definition,owner-provided SWF,"container=root; definitionDepth=0; tagOrdinal=237; payloadBytes=28425; exactTagIdentitySha256=d521e78eab3229e725e8bcc992bea42a9836a4a5f1e7e09545e0584dd8f0ae62; authoring name, visual bounds, placement, and runtime reachability remain unresolved."
swf-definition-00238,227,,shape,source-assets/flash/HELP MATH_ORIGINAL FILES/HELP_COURSES/ELMGR4/L3/RW/L3RW02.swf,,,8ec8c5b9fab40f67f2312611364165247900b570666c720933422182abc92481,DefineShape,,,none; original SWF tag payload inventoried without export,machine-extracted-definition,owner-provided SWF,"container=root; definitionDepth=0; tagOrdinal=238; payloadBytes=55; exactTagIdentitySha256=682bec0a73c8bdde4c22eb98945a020500e02913d6f950453e9b5aee31ccae22; authoring name, visual bounds, placement, and runtime reachability remain unresolved."
swf-definition-00239,228,,shape,source-assets/flash/HELP MATH_ORIGINAL FILES/HELP_COURSES/ELMGR4/L3/RW/L3RW02.swf,,,aa21b39b5367a61c85e786e9c8c24e524e1956b6a4749e3a9bf57ab30ba45163,DefineShape3,,,none; original SWF tag payload inventoried without export,machine-extracted-definition,owner-provided SWF,"container=root; definitionDepth=0; tagOrdinal=239; payloadBytes=164; exactTagIdentitySha256=263d494c0930bf07e18361fc5a38bce0ed5bbd6e67a11fcf844de850a7e646cf; authoring name, visual bounds, placement, and runtime reachability remain unresolved."
swf-definition-00240,229,,bitmap,source-assets/flash/HELP MATH_ORIGINAL FILES/HELP_COURSES/ELMGR4/L3/RW/L3RW02.swf,,,2d4481290e87aff9a08612d33e1d3df64fc87376fe7f239af033559baa1549fa,DefineBitsJPEG3,,,none; original SWF tag payload inventoried without export,machine-extracted-definition,owner-provided SWF,"container=root; definitionDepth=0; tagOrdinal=240; payloadBytes=27859; exactTagIdentitySha256=b53b5410c1d5e184eceac1863f7c7d7ad383463573af3ec7729bb1816cfc84b4; authoring name, visual bounds, placement, and runtime reachability remain unresolved."
swf-definition-00241,230,,shape,source-assets/flash/HELP MATH_ORIGINAL FILES/HELP_COURSES/ELMGR4/L3/RW/L3RW02.swf,,,40afb526e4f58f13dbc916f9c6e56637cc07730c756c9ea8a20a649cb8325e7a,DefineShape,,,none; original SWF tag payload inventoried without export,machine-extracted-definition,owner-provided SWF,"container=root; definitionDepth=0; tagOrdinal=241; payloadBytes=52; exactTagIdentitySha256=4d069ad843f79189f70ade0be7427737a8370f0cbc1a22727458d7afa9c3ae20; authoring name, visual bounds, placement, and runtime reachability remain unresolved."
swf-definition-00242,231,,shape,source-assets/flash/HELP MATH_ORIGINAL FILES/HELP_COURSES/ELMGR4/L3/RW/L3RW02.swf,,,02af96d5f1e2156937691e9f66c73571b9bd3b9aae5fc3d153538b43694d1151,DefineShape3,,,none; original SWF tag payload inventoried without export,machine-extracted-definition,owner-provided SWF,"container=root; definitionDepth=0; tagOrdinal=242; payloadBytes=2605; exactTagIdentitySha256=2bef821549502dafaa142b6328ff19b715b6d90b2b4048e36ce334a7949d8add; authoring name, visual bounds, placement, and runtime reachability remain unresolved."
swf-definition-00243,232,,shape,source-assets/flash/HELP MATH_ORIGINAL FILES/HELP_COURSES/ELMGR4/L3/RW/L3RW02.swf,,,d9f5959fb39682183295145daa18810168d142b9df6555fe88ce48c82dea1de4,DefineShape,,,none; original SWF tag payload inventoried without export,machine-extracted-definition,owner-provided SWF,"container=root; definitionDepth=0; tagOrdinal=243; payloadBytes=53; exactTagIdentitySha256=342158766e39fcb3de174cae0d87c0111c30bd38a269e687348344ca7f5eab44; authoring name, visual bounds, placement, and runtime reachability remain unresolved."
swf-definition-00244,233,,shape,source-assets/flash/HELP MATH_ORIGINAL FILES/HELP_COURSES/ELMGR4/L3/RW/L3RW02.swf,,,dfb11e947ca74d5037aa5908aa1d09696e0a47f6fae6d196fac1dd68249bf31a,DefineShape3,,,none; original SWF tag payload inventoried without export,machine-extracted-definition,owner-provided SWF,"container=root; definitionDepth=0; tagOrdinal=244; payloadBytes=2859; exactTagIdentitySha256=2582bbe3e85a9dc469fffecfea89aaeab0afbb1cc79448bff7064453158a1b3d; authoring name, visual bounds, placement, and runtime reachability remain unresolved."
swf-definition-00245,234,,shape,source-assets/flash/HELP MATH_ORIGINAL FILES/HELP_COURSES/ELMGR4/L3/RW/L3RW02.swf,,,ac47905b66df6fa71b872c1a69e396b796b84c53fab36c2835093c2537b41cc8,DefineShape3,,,none; original SWF tag payload inventoried without export,machine-extracted-definition,owner-provided SWF,"container=root; definitionDepth=0; tagOrdinal=245; payloadBytes=178; exactTagIdentitySha256=a0a19de57f9eb61331bd8df0758490406974d188dabe8a81f9aabbeca62e699c; authoring name, visual bounds, placement, and runtime reachability remain unresolved."
swf-definition-00246,235,,shape,source-assets/flash/HELP MATH_ORIGINAL FILES/HELP_COURSES/ELMGR4/L3/RW/L3RW02.swf,,,96cd67ba26a46f0028c6ae3a3b73d5eb4c3a3d15422b6bf4d26d9bda9957ba43,DefineShape3,,,none; original SWF tag payload inventoried without export,machine-extracted-definition,owner-provided SWF,"container=root; definitionDepth=0; tagOrdinal=246; payloadBytes=184; exactTagIdentitySha256=bb4e84b478f5f1a5df1e63fa20dd1a65f58e8f4e92c053d4dc2b929c8ab87156; authoring name, visual bounds, placement, and runtime reachability remain unresolved."
swf-definition-00247,236,,shape,source-assets/flash/HELP MATH_ORIGINAL FILES/HELP_COURSES/ELMGR4/L3/RW/L3RW02.swf,,,118d6c56416f556d611e2a3d4b8c5ed6989a419626647c8a543b6cb080550ec4,DefineShape3,,,none; original SWF tag payload inventoried without export,machine-extracted-definition,owner-provided SWF,"container=root; definitionDepth=0; tagOrdinal=247; payloadBytes=212; exactTagIdentitySha256=91a7b5b65967776da82834b6782fcbff00abdf46d27dfdbcc57d9c805ded823f; authoring name, visual bounds, placement, and runtime reachability remain unresolved."
swf-definition-00248,237,,shape,source-assets/flash/HELP MATH_ORIGINAL FILES/HELP_COURSES/ELMGR4/L3/RW/L3RW02.swf,,,21ea34a104b09f8f012f19af41cee9983f8084a1f735539346584ef489e5c6f3,DefineShape3,,,none; original SWF tag payload inventoried without export,machine-extracted-definition,owner-provided SWF,"container=root; definitionDepth=0; tagOrdinal=248; payloadBytes=173; exactTagIdentitySha256=f28e4e4be32d5ee5ea0a5bbb43208bed755871d11de7281b8f81ac0992e483c4; authoring name, visual bounds, placement, and runtime reachability remain unresolved."
swf-definition-00249,238,,shape,source-assets/flash/HELP MATH_ORIGINAL FILES/HELP_COURSES/ELMGR4/L3/RW/L3RW02.swf,,,137c9b9dd158ad296e6a48349f3235ae129317b785331669445623f300004c95,DefineShape3,,,none; original SWF tag payload inventoried without export,machine-extracted-definition,owner-provided SWF,"container=root; definitionDepth=0; tagOrdinal=249; payloadBytes=191; exactTagIdentitySha256=acc14b50d388d68a0f116e879392793ed1ff6d75e0b8a728f70eb93e84a5f115; authoring name, visual bounds, placement, and runtime reachability remain unresolved."
swf-definition-00250,239,,shape,source-assets/flash/HELP MATH_ORIGINAL FILES/HELP_COURSES/ELMGR4/L3/RW/L3RW02.swf,,,d0d04d19e087d4d5df2927c93bf40e1b618928607e0c37ffa8deb70412a2a433,DefineShape3,,,none; original SWF tag payload inventoried without export,machine-extracted-definition,owner-provided SWF,"container=root; definitionDepth=0; tagOrdinal=250; payloadBytes=3323; exactTagIdentitySha256=eaafd220a57dde516869bef123c2b6f4001a478d6390aa2bca5259531aea9272; authoring name, visual bounds, placement, and runtime reachability remain unresolved."
swf-definition-00251,240,,shape,source-assets/flash/HELP MATH_ORIGINAL FILES/HELP_COURSES/ELMGR4/L3/RW/L3RW02.swf,,,38266684c3e383110acddd751d7d7008bcaf2925d185afae6e97c47c67f546b9,DefineShape3,,,none; original SWF tag payload inventoried without export,machine-extracted-definition,owner-provided SWF,"container=root; definitionDepth=0; tagOrdinal=251; payloadBytes=217; exactTagIdentitySha256=723573d255a15b7f31dd796ea3b635e25e68345babe8d9e035acf57c641109f2; authoring name, visual bounds, placement, and runtime reachability remain unresolved."
swf-definition-00252,241,,shape,source-assets/flash/HELP MATH_ORIGINAL FILES/HELP_COURSES/ELMGR4/L3/RW/L3RW02.swf,,,f5215eb5afa684e3a966c1f68731209df92b8083e16694b0edee48b874edc91a,DefineShape3,,,none; original SWF tag payload inventoried without export,machine-extracted-definition,owner-provided SWF,"container=root; definitionDepth=0; tagOrdinal=252; payloadBytes=173; exactTagIdentitySha256=46010dc75f449b47e5f587ad4932f0dcf87c1ef2e5c0373ebca97712e508bb51; authoring name, visual bounds, placement, and runtime reachability remain unresolved."
swf-definition-00253,242,,shape,source-assets/flash/HELP MATH_ORIGINAL FILES/HELP_COURSES/ELMGR4/L3/RW/L3RW02.swf,,,6425b8cc179342cb3e1c9d2851e6471fa058c1a9f9231255cc9e9a54ceb37aca,DefineShape3,,,none; original SWF tag payload inventoried without export,machine-extracted-definition,owner-provided SWF,"container=root; definitionDepth=0; tagOrdinal=253; payloadBytes=3250; exactTagIdentitySha256=717c9fd22377293891ff86918c53a56e8ff2d4efe06bfbce6a7e19f68d1a53e4; authoring name, visual bounds, placement, and runtime reachability remain unresolved."
swf-definition-00254,243,,shape,source-assets/flash/HELP MATH_ORIGINAL FILES/HELP_COURSES/ELMGR4/L3/RW/L3RW02.swf,,,eed7571630afea67fe8353014e98c7c3df7a7e917edf1cb0c6f7c62e1ac7a675,DefineShape3,,,none; original SWF tag payload inventoried without export,machine-extracted-definition,owner-provided SWF,"container=root; definitionDepth=0; tagOrdinal=254; payloadBytes=2110; exactTagIdentitySha256=93ebfe0af755f8fa6af0ab0d53d1cd2dc4c658232fa9a581c587dd60e2e9219c; authoring name, visual bounds, placement, and runtime reachability remain unresolved."
swf-definition-00255,244,,shape,source-assets/flash/HELP MATH_ORIGINAL FILES/HELP_COURSES/ELMGR4/L3/RW/L3RW02.swf,,,5c64f081dcbdc788a7f6f823dd5f51fe0a57c8fb2612543f450bdc8473696091,DefineShape3,,,none; original SWF tag payload inventoried without export,machine-extracted-definition,owner-provided SWF,"container=root; definitionDepth=0; tagOrdinal=255; payloadBytes=3252; exactTagIdentitySha256=956b678608f6eb38a649f510b8b6f7c5dbf9ef1dfb070595db930ae14cf9eb8b; authoring name, visual bounds, placement, and runtime reachability remain unresolved."
swf-definition-00256,245,,shape,source-assets/flash/HELP MATH_ORIGINAL FILES/HELP_COURSES/ELMGR4/L3/RW/L3RW02.swf,,,bdaa8aec078215e74f2b430d838a3c1064aa269a72932bc4cd8f0d893482aee2,DefineShape3,,,none; original SWF tag payload inventoried without export,machine-extracted-definition,owner-provided SWF,"container=root; definitionDepth=0; tagOrdinal=256; payloadBytes=184; exactTagIdentitySha256=a4f13a9b74e075ddfdf7be8ec3d7cb0443794c0063a151f08d5e9eb46b76a8ff; authoring name, visual bounds, placement, and runtime reachability remain unresolved."
swf-definition-00257,246,,shape,source-assets/flash/HELP MATH_ORIGINAL FILES/HELP_COURSES/ELMGR4/L3/RW/L3RW02.swf,,,fd37914f9d4d6c4cc5a7edc75f7913a7394582426530ea9a324c974b26793c9d,DefineShape3,,,none; original SWF tag payload inventoried without export,machine-extracted-definition,owner-provided SWF,"container=root; definitionDepth=0; tagOrdinal=257; payloadBytes=3259; exactTagIdentitySha256=9fb12eaad1827c5ef44b451410847f8fe7303e0b236109dfee7eb946e8f76d69; authoring name, visual bounds, placement, and runtime reachability remain unresolved."
swf-definition-00258,247,,shape,source-assets/flash/HELP MATH_ORIGINAL FILES/HELP_COURSES/ELMGR4/L3/RW/L3RW02.swf,,,d70c9334da01ed39564991df22c175f1df23e418349162999ac7d9de3678d107,DefineShape3,,,none; original SWF tag payload inventoried without export,machine-extracted-definition,owner-provided SWF,"container=root; definitionDepth=0; tagOrdinal=258; payloadBytes=2160; exactTagIdentitySha256=7c8ebcf838d6131ba45151ca61ffe6db9a40e9276dd84e5117039cee349c9e3b; authoring name, visual bounds, placement, and runtime reachability remain unresolved."
swf-definition-00259,248,,shape,source-assets/flash/HELP MATH_ORIGINAL FILES/HELP_COURSES/ELMGR4/L3/RW/L3RW02.swf,,,fb652d26b080d164a7a393a12d5511dd9148db5e6b230e70f03587398cc1bd3c,DefineShape3,,,none; original SWF tag payload inventoried without export,machine-extracted-definition,owner-provided SWF,"container=root; definitionDepth=0; tagOrdinal=259; payloadBytes=3259; exactTagIdentitySha256=3c854a82b0842af6d15b78b970464ff9fb74fdc0311d3600a3f1719cd8a49321; authoring name, visual bounds, placement, and runtime reachability remain unresolved."
swf-definition-00260,249,,shape,source-assets/flash/HELP MATH_ORIGINAL FILES/HELP_COURSES/ELMGR4/L3/RW/L3RW02.swf,,,131be2397d6024964ca90ba4a1b51d2a86ee90bca660c3a761439d0c4b7aedf4,DefineShape3,,,none; original SWF tag payload inventoried without export,machine-extracted-definition,owner-provided SWF,"container=root; definitionDepth=0; tagOrdinal=260; payloadBytes=3259; exactTagIdentitySha256=295935685bc413f0b1293c786dcee68eff3e3d551c87a1c89b84267a3360214d; authoring name, visual bounds, placement, and runtime reachability remain unresolved."
swf-definition-00261,250,,shape,source-assets/flash/HELP MATH_ORIGINAL FILES/HELP_COURSES/ELMGR4/L3/RW/L3RW02.swf,,,fdac6ea4f3a77356cbc8b2ec2d67699201c23626c65851c510b239bafe8c2b09,DefineShape3,,,none; original SWF tag payload inventoried without export,machine-extracted-definition,owner-provided SWF,"container=root; definitionDepth=0; tagOrdinal=261; payloadBytes=3255; exactTagIdentitySha256=1d0ab7a60f256f94985ce9927445021579f3667f745b502f3c74b7bce527ac44; authoring name, visual bounds, placement, and runtime reachability remain unresolved."
swf-definition-00262,251,,shape,source-assets/flash/HELP MATH_ORIGINAL FILES/HELP_COURSES/ELMGR4/L3/RW/L3RW02.swf,,,d14ad280a19a95af963a0980156bcab9ac99793d1f035fa7443f7d12e5029538,DefineShape3,,,none; original SWF tag payload inventoried without export,machine-extracted-definition,owner-provided SWF,"container=root; definitionDepth=0; tagOrdinal=262; payloadBytes=3358; exactTagIdentitySha256=61ea5f973f8a1f74856875a49f0b6a7c0c3422031d99d5bf45d895a4360be26d; authoring name, visual bounds, placement, and runtime reachability remain unresolved."
swf-definition-00263,252,,shape,source-assets/flash/HELP MATH_ORIGINAL FILES/HELP_COURSES/ELMGR4/L3/RW/L3RW02.swf,,,3d286ae9c0b51c043a1c885c54402ab66afeeb7f50712d94deadc62bfad71cc0,DefineShape3,,,none; original SWF tag payload inventoried without export,machine-extracted-definition,owner-provided SWF,"container=root; definitionDepth=0; tagOrdinal=263; payloadBytes=3246; exactTagIdentitySha256=300c5601d9d7bf83538b023be2e50d4c3b82645f5fe245aec3791e8c7c08b6b3; authoring name, visual bounds, placement, and runtime reachability remain unresolved."
swf-definition-00264,253,,shape,source-assets/flash/HELP MATH_ORIGINAL FILES/HELP_COURSES/ELMGR4/L3/RW/L3RW02.swf,,,96f28aed1fa9771d5adc937d3c751082fa349c5df0cfbd00c694a57c2533ca16,DefineShape3,,,none; original SWF tag payload inventoried without export,machine-extracted-definition,owner-provided SWF,"container=root; definitionDepth=0; tagOrdinal=264; payloadBytes=3256; exactTagIdentitySha256=825588a637dcf63d32c690b587d3b254bdd0a8e1ace18c0b9f84e75e2adbe8c0; authoring name, visual bounds, placement, and runtime reachability remain unresolved."
swf-definition-00265,254,,shape,source-assets/flash/HELP MATH_ORIGINAL FILES/HELP_COURSES/ELMGR4/L3/RW/L3RW02.swf,,,e1b7a00c576ef47ab433e8686937c973b89d63842aa129092ca587f665f05fc1,DefineShape3,,,none; original SWF tag payload inventoried without export,machine-extracted-definition,owner-provided SWF,"container=root; definitionDepth=0; tagOrdinal=265; payloadBytes=2611; exactTagIdentitySha256=760e1cdf590b34fe118b1043a04398a508e5e66423fa973ca2e739ee69e5476c; authoring name, visual bounds, placement, and runtime reachability remain unresolved."
swf-definition-00266,255,,shape,source-assets/flash/HELP MATH_ORIGINAL FILES/HELP_COURSES/ELMGR4/L3/RW/L3RW02.swf,,,a7e7add75c02eb0ebe7f8f16cede851a051127b2ce5fb45c422db2503cc0e8c3,DefineShape3,,,none; original SWF tag payload inventoried without export,machine-extracted-definition,owner-provided SWF,"container=root; definitionDepth=0; tagOrdinal=266; payloadBytes=2987; exactTagIdentitySha256=113552963eac77f911679b19a6e2f71c256314fb993a007eccb571e179dbfbba; authoring name, visual bounds, placement, and runtime reachability remain unresolved."
swf-definition-00267,256,,shape,source-assets/flash/HELP MATH_ORIGINAL FILES/HELP_COURSES/ELMGR4/L3/RW/L3RW02.swf,,,88ec29e0f978c1f7df655af360db82ec565eae8362a1948a6550cfd258172e2b,DefineShape3,,,none; original SWF tag payload inventoried without export,machine-extracted-definition,owner-provided SWF,"container=root; definitionDepth=0; tagOrdinal=267; payloadBytes=3246; exactTagIdentitySha256=3010008c9f800cda56a498d019ebb8e5722c5bc571a87e771fe75fa14f4216a8; authoring name, visual bounds, placement, and runtime reachability remain unresolved."
swf-definition-00268,257,,shape,source-assets/flash/HELP MATH_ORIGINAL FILES/HELP_COURSES/ELMGR4/L3/RW/L3RW02.swf,,,3848f7317a8288d652fa9c6b4bc970432ac0dd976a2187ad8d1fe7fb6b07828c,DefineShape3,,,none; original SWF tag payload inventoried without export,machine-extracted-definition,owner-provided SWF,"container=root; definitionDepth=0; tagOrdinal=268; payloadBytes=3282; exactTagIdentitySha256=4ea8b850de2972c30c55767db4c91790809d4486e3e593e51cf8f7340382998a; authoring name, visual bounds, placement, and runtime reachability remain unresolved."
swf-definition-00269,258,,shape,source-assets/flash/HELP MATH_ORIGINAL FILES/HELP_COURSES/ELMGR4/L3/RW/L3RW02.swf,,,4e9efb584228f260d0d3b2600af510803d855ad827c1a34b928881483c18f14e,DefineShape3,,,none; original SWF tag payload inventoried without export,machine-extracted-definition,owner-provided SWF,"container=root; definitionDepth=0; tagOrdinal=269; payloadBytes=3256; exactTagIdentitySha256=2fe4e2dab832336c6e3a110fa5db50451bb1f1568df69666a970f8003319b7b9; authoring name, visual bounds, placement, and runtime reachability remain unresolved."
swf-definition-00270,259,,shape,source-assets/flash/HELP MATH_ORIGINAL FILES/HELP_COURSES/ELMGR4/L3/RW/L3RW02.swf,,,fb050c33c364dc3e1e6d992837b6e560c28d3a4298f665011332a0b08b793040,DefineShape3,,,none; original SWF tag payload inventoried without export,machine-extracted-definition,owner-provided SWF,"container=root; definitionDepth=0; tagOrdinal=270; payloadBytes=3246; exactTagIdentitySha256=c93b564e5290b5af6db59b4c0214fc9052b494446e6a9b1354a9d7f3dae632ef; authoring name, visual bounds, placement, and runtime reachability remain unresolved."
swf-definition-00271,260,,shape,source-assets/flash/HELP MATH_ORIGINAL FILES/HELP_COURSES/ELMGR4/L3/RW/L3RW02.swf,,,cf2616dea31b21991a00b64fec72af031ac19551c285683e80f04d7af987730f,DefineShape3,,,none; original SWF tag payload inventoried without export,machine-extracted-definition,owner-provided SWF,"container=root; definitionDepth=0; tagOrdinal=271; payloadBytes=3273; exactTagIdentitySha256=93b3d4b185a184d38ad706afb788dbb424208bd6b8da451a5729d59cad1171c7; authoring name, visual bounds, placement, and runtime reachability remain unresolved."
swf-definition-00272,261,,shape,source-assets/flash/HELP MATH_ORIGINAL FILES/HELP_COURSES/ELMGR4/L3/RW/L3RW02.swf,,,3a9ade2e17259a54340fd0dc9b4d8dff7443809ceda69f51f3eb5e63034fdb96,DefineShape3,,,none; original SWF tag payload inventoried without export,machine-extracted-definition,owner-provided SWF,"container=root; definitionDepth=0; tagOrdinal=272; payloadBytes=3162; exactTagIdentitySha256=b11960cb0172565c3e224958a0a20c6abeffe95dadaf8154fa0546d95e463a07; authoring name, visual bounds, placement, and runtime reachability remain unresolved."
swf-definition-00273,262,,shape,source-assets/flash/HELP MATH_ORIGINAL FILES/HELP_COURSES/ELMGR4/L3/RW/L3RW02.swf,,,4b7f8e6e69e6abb90571c129976238d0469bba3d655688ec185a017b5caac3df,DefineShape3,,,none; original SWF tag payload inventoried without export,machine-extracted-definition,owner-provided SWF,"container=root; definitionDepth=0; tagOrdinal=273; payloadBytes=2687; exactTagIdentitySha256=942f0bb8fbafd1550576bb420d5b0e9c1ee07eebc243f30aaf173561b1322d7b; authoring name, visual bounds, placement, and runtime reachability remain unresolved."
swf-definition-00274,263,,shape,source-assets/flash/HELP MATH_ORIGINAL FILES/HELP_COURSES/ELMGR4/L3/RW/L3RW02.swf,,,6e4494c68b7203282165441ddb00ccad8110f2ef68b8cbcb9e531b6b723378de,DefineShape,,,none; original SWF tag payload inventoried without export,machine-extracted-definition,owner-provided SWF,"container=root; definitionDepth=0; tagOrdinal=274; payloadBytes=215; exactTagIdentitySha256=e05226bc10cf16f39cbffdaf8c1546b9c6b1c6f456e595bd2ffa1cc255529036; authoring name, visual bounds, placement, and runtime reachability remain unresolved."
swf-definition-00275,264,,shape,source-assets/flash/HELP MATH_ORIGINAL FILES/HELP_COURSES/ELMGR4/L3/RW/L3RW02.swf,,,cf4b7c303a3b0e5da7ad6bd48040d34f263916955db27c40631f0316a5cf1c2f,DefineShape3,,,none; original SWF tag payload inventoried without export,machine-extracted-definition,owner-provided SWF,"container=root; definitionDepth=0; tagOrdinal=275; payloadBytes=3230; exactTagIdentitySha256=0dd8637f69c4182582ea92fa640006da7339b3be834fee6d98d18154f32193db; authoring name, visual bounds, placement, and runtime reachability remain unresolved."
swf-definition-00276,265,,shape,source-assets/flash/HELP MATH_ORIGINAL FILES/HELP_COURSES/ELMGR4/L3/RW/L3RW02.swf,,,951942e2255ae9534d4b74abe1f7780b809d066770b5206a7d24ac5dac475f2c,DefineShape3,,,none; original SWF tag payload inventoried without export,machine-extracted-definition,owner-provided SWF,"container=root; definitionDepth=0; tagOrdinal=276; payloadBytes=3259; exactTagIdentitySha256=7265f635ab2f4e873c9ed2f0fbf054a9f1c13dc765ea699229495d8cb984c02f; authoring name, visual bounds, placement, and runtime reachability remain unresolved."
swf-definition-00277,266,,shape,source-assets/flash/HELP MATH_ORIGINAL FILES/HELP_COURSES/ELMGR4/L3/RW/L3RW02.swf,,,13e0fffa64c3a2b93bb2f5cf7aa1df2fe280b89f57b43a74cd790e09665f9a35,DefineShape3,,,none; original SWF tag payload inventoried without export,machine-extracted-definition,owner-provided SWF,"container=root; definitionDepth=0; tagOrdinal=277; payloadBytes=3230; exactTagIdentitySha256=8c27a8b6565bfb4003622199d3abd09e6d7fc60a669fb99dbf057828d3ac1de3; authoring name, visual bounds, placement, and runtime reachability remain unresolved."
swf-definition-00278,267,,shape,source-assets/flash/HELP MATH_ORIGINAL FILES/HELP_COURSES/ELMGR4/L3/RW/L3RW02.swf,,,6b40c003fd508a8c4f96ea7531a12eb3d55fd16a64d7085e1e97b13247b0fdc6,DefineShape3,,,none; original SWF tag payload inventoried without export,machine-extracted-definition,owner-provided SWF,"container=root; definitionDepth=0; tagOrdinal=278; payloadBytes=3245; exactTagIdentitySha256=4402ac7a4e93baa653a8ee387a61c66fa2272c81392899ce957536e922c56b28; authoring name, visual bounds, placement, and runtime reachability remain unresolved."
swf-definition-00279,268,,shape,source-assets/flash/HELP MATH_ORIGINAL FILES/HELP_COURSES/ELMGR4/L3/RW/L3RW02.swf,,,24c39a18fbbdb06912156406a0186fc7f3a0d1273dbd8e83d2b1197554d2a061,DefineShape3,,,none; original SWF tag payload inventoried without export,machine-extracted-definition,owner-provided SWF,"container=root; definitionDepth=0; tagOrdinal=279; payloadBytes=3230; exactTagIdentitySha256=01aa19b9047059afb85b801fb46943a91349e96905ab6798febd051d49fd230f; authoring name, visual bounds, placement, and runtime reachability remain unresolved."
swf-definition-00280,269,,shape,source-assets/flash/HELP MATH_ORIGINAL FILES/HELP_COURSES/ELMGR4/L3/RW/L3RW02.swf,,,723554c1d518c1ef30c8cd389ce3c4d9fb3efb1ecf3bb22659b83d55b60a1ccc,DefineShape3,,,none; original SWF tag payload inventoried without export,machine-extracted-definition,owner-provided SWF,"container=root; definitionDepth=0; tagOrdinal=280; payloadBytes=3245; exactTagIdentitySha256=a599fac25e0e8a5a1b461af1bcf79cd857bdfba55e97cc82cc44162b2565309e; authoring name, visual bounds, placement, and runtime reachability remain unresolved."
swf-definition-00281,270,,shape,source-assets/flash/HELP MATH_ORIGINAL FILES/HELP_COURSES/ELMGR4/L3/RW/L3RW02.swf,,,06b131235cc0ff02a87fb5df146eab040bf9816c646a73605104ad74200b89f8,DefineShape3,,,none; original SWF tag payload inventoried without export,machine-extracted-definition,owner-provided SWF,"container=root; definitionDepth=0; tagOrdinal=281; payloadBytes=3230; exactTagIdentitySha256=4e8f5f6835ee0e116243cbfe6a4147b7d8942030bd981b244cd917f6c01ca719; authoring name, visual bounds, placement, and runtime reachability remain unresolved."
swf-definition-00282,271,,shape,source-assets/flash/HELP MATH_ORIGINAL FILES/HELP_COURSES/ELMGR4/L3/RW/L3RW02.swf,,,b87260042d13dea6bf5efee3f9a647d299f4dbcbffd34e162d20a9bb609ce40d,DefineShape3,,,none; original SWF tag payload inventoried without export,machine-extracted-definition,owner-provided SWF,"container=root; definitionDepth=0; tagOrdinal=282; payloadBytes=2557; exactTagIdentitySha256=c155b5987fabca46a12e85c5439f3c39673217dfe0424194cff480e7a1ae9dcc; authoring name, visual bounds, placement, and runtime reachability remain unresolved."
swf-definition-00283,272,,shape,source-assets/flash/HELP MATH_ORIGINAL FILES/HELP_COURSES/ELMGR4/L3/RW/L3RW02.swf,,,f551e5d21ebf9abc9d4e19bf9eda97b479a560154656726ce0daaea2c3038084,DefineShape3,,,none; original SWF tag payload inventoried without export,machine-extracted-definition,owner-provided SWF,"container=root; definitionDepth=0; tagOrdinal=283; payloadBytes=312; exactTagIdentitySha256=a17f403c404c63525f877090c8384e7bc44a2ccf1cc579fbb2db500baae36bfe; authoring name, visual bounds, placement, and runtime reachability remain unresolved."
swf-definition-00284,273,,shape,source-assets/flash/HELP MATH_ORIGINAL FILES/HELP_COURSES/ELMGR4/L3/RW/L3RW02.swf,,,73a030c50b3d80e88d6346c0e1cb37f5a60047260f67a556414730c49b93abd4,DefineShape3,,,none; original SWF tag payload inventoried without export,machine-extracted-definition,owner-provided SWF,"container=root; definitionDepth=0; tagOrdinal=284; payloadBytes=3259; exactTagIdentitySha256=84009a4371bbd83620520f80ab31456282f77561f837d670adafa67f157f6b18; authoring name, visual bounds, placement, and runtime reachability remain unresolved."
swf-definition-00285,274,,shape,source-assets/flash/HELP MATH_ORIGINAL FILES/HELP_COURSES/ELMGR4/L3/RW/L3RW02.swf,,,150d8bd021540a4b648a008f8dc1c002f35499b65a2c7ad6fb788cf25827c6e3,DefineShape3,,,none; original SWF tag payload inventoried without export,machine-extracted-definition,owner-provided SWF,"container=root; definitionDepth=0; tagOrdinal=285; payloadBytes=3230; exactTagIdentitySha256=70454e51eb09b3faacf72fac1f4069fe048f88119647cf42bc79537f694bd123; authoring name, visual bounds, placement, and runtime reachability remain unresolved."
swf-definition-00286,275,,shape,source-assets/flash/HELP MATH_ORIGINAL FILES/HELP_COURSES/ELMGR4/L3/RW/L3RW02.swf,,,67f4fb0ab1de76ec42bcee6acd4040a5aee8cbd67c951e098280edcb06a45b2d,DefineShape3,,,none; original SWF tag payload inventoried without export,machine-extracted-definition,owner-provided SWF,"container=root; definitionDepth=0; tagOrdinal=286; payloadBytes=3317; exactTagIdentitySha256=5723598a8154233437bf891bc7c84ccae85e2c1eaefc1510766cd4123b74c07c; authoring name, visual bounds, placement, and runtime reachability remain unresolved."
swf-definition-00287,276,,shape,source-assets/flash/HELP MATH_ORIGINAL FILES/HELP_COURSES/ELMGR4/L3/RW/L3RW02.swf,,,707d1bebd773aee878ffa6e8a6065e190cbc92165139ad300b2b2a0f8683a7f4,DefineShape3,,,none; original SWF tag payload inventoried without export,machine-extracted-definition,owner-provided SWF,"container=root; definitionDepth=0; tagOrdinal=287; payloadBytes=2612; exactTagIdentitySha256=bcad10e7eb5eb351bed250b7949304dab76ce22e7aac14f3bfcc88fba950fbb9; authoring name, visual bounds, placement, and runtime reachability remain unresolved."
swf-definition-00288,277,,shape,source-assets/flash/HELP MATH_ORIGINAL FILES/HELP_COURSES/ELMGR4/L3/RW/L3RW02.swf,,,b9d8916fa95878d10f55e16d155d860f0baf1dd463a15c42dd316a3be039cd0d,DefineShape3,,,none; original SWF tag payload inventoried without export,machine-extracted-definition,owner-provided SWF,"container=root; definitionDepth=0; tagOrdinal=288; payloadBytes=3327; exactTagIdentitySha256=2766346eb5a82d5a6d51c396c87b9f570ddc34fda4690b1152ce4fc611dc72ef; authoring name, visual bounds, placement, and runtime reachability remain unresolved."
swf-definition-00289,278,,shape,source-assets/flash/HELP MATH_ORIGINAL FILES/HELP_COURSES/ELMGR4/L3/RW/L3RW02.swf,,,ac5edc4d2c1040422cbd7c659f0eb95c2aba3a65234550094eeb2e18a3260e34,DefineShape3,,,none; original SWF tag payload inventoried without export,machine-extracted-definition,owner-provided SWF,"container=root; definitionDepth=0; tagOrdinal=289; payloadBytes=3259; exactTagIdentitySha256=91d20d139f0cc1d54403d5b44613c86046d050db567fb26469a797c43a8dfab8; authoring name, visual bounds, placement, and runtime reachability remain unresolved."
swf-definition-00290,279,,shape,source-assets/flash/HELP MATH_ORIGINAL FILES/HELP_COURSES/ELMGR4/L3/RW/L3RW02.swf,,,f59591d94d5b4b9a05d7a36e5b6ab47cfa78cc54bedabf6a7c7d76d3ac535263,DefineShape2,,,none; original SWF tag payload inventoried without export,machine-extracted-definition,owner-provided SWF,"container=root; definitionDepth=0; tagOrdinal=290; payloadBytes=108; exactTagIdentitySha256=6ab6c0a95294da312e481b4f3ed242e790c68b8bb51aaded0ba31aaa22c250b3; authoring name, visual bounds, placement, and runtime reachability remain unresolved."
swf-definition-00291,280,,shape,source-assets/flash/HELP MATH_ORIGINAL FILES/HELP_COURSES/ELMGR4/L3/RW/L3RW02.swf,,,cd9b7be4ce1e419ea7227d2e64e847635456ae37969a63580d8ceaf6709b4b20,DefineShape3,,,none; original SWF tag payload inventoried without export,machine-extracted-definition,owner-provided SWF,"container=root; definitionDepth=0; tagOrdinal=291; payloadBytes=2943; exactTagIdentitySha256=699381fde10537223babb15de06ad5518c4b8d1ebbc300baec8721ab37e8b20b; authoring name, visual bounds, placement, and runtime reachability remain unresolved."
swf-definition-00292,281,,shape,source-assets/flash/HELP MATH_ORIGINAL FILES/HELP_COURSES/ELMGR4/L3/RW/L3RW02.swf,,,9cb54717237e6effbca6dc825433748aff9d963a6cf47fa01d8be3171ed6739f,DefineShape3,,,none; original SWF tag payload inventoried without export,machine-extracted-definition,owner-provided SWF,"container=root; definitionDepth=0; tagOrdinal=292; payloadBytes=3230; exactTagIdentitySha256=40e310388ced1b96a0453d418a0419779579eb17be54f998cd1c542af2422c92; authoring name, visual bounds, placement, and runtime reachability remain unresolved."
swf-definition-00293,282,,shape,source-assets/flash/HELP MATH_ORIGINAL FILES/HELP_COURSES/ELMGR4/L3/RW/L3RW02.swf,,,6a825f45a202dea73200b6b3f238bf7fadefdf2a20af80741b50017d843ad11a,DefineShape3,,,none; original SWF tag payload inventoried without export,machine-extracted-definition,owner-provided SWF,"container=root; definitionDepth=0; tagOrdinal=293; payloadBytes=3259; exactTagIdentitySha256=e76b8ccd2c9ccc96c8f01c58470a2d9fa956aede5d8bd56fe2ab645128378673; authoring name, visual bounds, placement, and runtime reachability remain unresolved."
swf-definition-00294,283,,shape,source-assets/flash/HELP MATH_ORIGINAL FILES/HELP_COURSES/ELMGR4/L3/RW/L3RW02.swf,,,b95ff103ec1070f68c99a88b3eca5e144873db324d10138c2451159738fda8df,DefineShape3,,,none; original SWF tag payload inventoried without export,machine-extracted-definition,owner-provided SWF,"container=root; definitionDepth=0; tagOrdinal=294; payloadBytes=3255; exactTagIdentitySha256=c88c4569b5cca005272f110c1390e1480210c067a27a6539e919f37bd58c38fd; authoring name, visual bounds, placement, and runtime reachability remain unresolved."
swf-definition-00295,284,,shape,source-assets/flash/HELP MATH_ORIGINAL FILES/HELP_COURSES/ELMGR4/L3/RW/L3RW02.swf,,,d53d9fe4610ee60d948be72854eca53b85db79aef3c468f897cb8745d95e6f13,DefineShape3,,,none; original SWF tag payload inventoried without export,machine-extracted-definition,owner-provided SWF,"container=root; definitionDepth=0; tagOrdinal=295; payloadBytes=2395; exactTagIdentitySha256=da38fb4e95e16767fa1592157bfdade264d8ddcdabd7e49fab74ee35d57776bc; authoring name, visual bounds, placement, and runtime reachability remain unresolved."
swf-definition-00296,285,,shape,source-assets/flash/HELP MATH_ORIGINAL FILES/HELP_COURSES/ELMGR4/L3/RW/L3RW02.swf,,,adb15db428306226a7269a6b72384c1d4dcc6fcf941cee4b1c90c49f5f88cde1,DefineShape3,,,none; original SWF tag payload inventoried without export,machine-extracted-definition,owner-provided SWF,"container=root; definitionDepth=0; tagOrdinal=296; payloadBytes=2385; exactTagIdentitySha256=ca5d3b9c3ae00a35c37feec8b4783ea4d36e21c55d3dd7f038bbcd65770fc4d1; authoring name, visual bounds, placement, and runtime reachability remain unresolved."
swf-definition-00297,286,,shape,source-assets/flash/HELP MATH_ORIGINAL FILES/HELP_COURSES/ELMGR4/L3/RW/L3RW02.swf,,,89aeeb112ac5ff604d314a23da99a94540a1241b31ca9a02b491a9da72e92542,DefineShape3,,,none; original SWF tag payload inventoried without export,machine-extracted-definition,owner-provided SWF,"container=root; definitionDepth=0; tagOrdinal=297; payloadBytes=3250; exactTagIdentitySha256=950e25ff5f41e7b4cec418de1f740dc4f98ac3d782f2c24dbe158bfb53e769d3; authoring name, visual bounds, placement, and runtime reachability remain unresolved."
swf-definition-00298,287,,shape,source-assets/flash/HELP MATH_ORIGINAL FILES/HELP_COURSES/ELMGR4/L3/RW/L3RW02.swf,,,007b0e05d7bb9d11c57c1b8646548dea8b7285566e70d76f7a10deb2e33fe04b,DefineShape3,,,none; original SWF tag payload inventoried without export,machine-extracted-definition,owner-provided SWF,"container=root; definitionDepth=0; tagOrdinal=298; payloadBytes=2365; exactTagIdentitySha256=667dd686723c6a8dfa01a9253f6616c598e924a363f958063b7dd2e58faadb64; authoring name, visual bounds, placement, and runtime reachability remain unresolved."
swf-definition-00299,288,,shape,source-assets/flash/HELP MATH_ORIGINAL FILES/HELP_COURSES/ELMGR4/L3/RW/L3RW02.swf,,,ae2122f0a0ff80b2ec11350e45b5970177715ffdee123c1da089af7cbcf49066,DefineShape3,,,none; original SWF tag payload inventoried without export,machine-extracted-definition,owner-provided SWF,"container=root; definitionDepth=0; tagOrdinal=299; payloadBytes=3255; exactTagIdentitySha256=7be3b817e088d76619aa75a7cf22867c0b1b92a27145f5b470b126de18a7b06b; authoring name, visual bounds, placement, and runtime reachability remain unresolved."
swf-definition-00300,289,,shape,source-assets/flash/HELP MATH_ORIGINAL FILES/HELP_COURSES/ELMGR4/L3/RW/L3RW02.swf,,,6bc42a2e6c0fddfe7035e066e5a88772913da1603eafc48520c4761131eb741b,DefineShape3,,,none; original SWF tag payload inventoried without export,machine-extracted-definition,owner-provided SWF,"container=root; definitionDepth=0; tagOrdinal=300; payloadBytes=2371; exactTagIdentitySha256=a2162ff67d5053b01ad5b94d27008a7cc1b2a6af6f825fa2ba837b0ab4b474c7; authoring name, visual bounds, placement, and runtime reachability remain unresolved."
swf-definition-00301,290,,shape,source-assets/flash/HELP MATH_ORIGINAL FILES/HELP_COURSES/ELMGR4/L3/RW/L3RW02.swf,,,656ea393b5c8d55f8dc057b72faf9a4854b1cac685dd37cf38acdb8f105f8ec2,DefineShape3,,,none; original SWF tag payload inventoried without export,machine-extracted-definition,owner-provided SWF,"container=root; definitionDepth=0; tagOrdinal=301; payloadBytes=2611; exactTagIdentitySha256=b29f8a8abf0195e0e7ffb94a60762768fd551de530aaff0c5c94bb3cf69bdabc; authoring name, visual bounds, placement, and runtime reachability remain unresolved."
swf-definition-00302,291,,shape,source-assets/flash/HELP MATH_ORIGINAL FILES/HELP_COURSES/ELMGR4/L3/RW/L3RW02.swf,,,64eaede4fc7f265cc0856c3f94d7f51062b4edaf069b2af933b044d004e36de4,DefineShape3,,,none; original SWF tag payload inventoried without export,machine-extracted-definition,owner-provided SWF,"container=root; definitionDepth=0; tagOrdinal=302; payloadBytes=2376; exactTagIdentitySha256=ae52b94d65aff01ba44edaab38d3153d5cb25b8fd7fe4661ca2a413aaa333d49; authoring name, visual bounds, placement, and runtime reachability remain unresolved."
swf-definition-00303,292,,shape,source-assets/flash/HELP MATH_ORIGINAL FILES/HELP_COURSES/ELMGR4/L3/RW/L3RW02.swf,,,fe3c5b6bf0e78289e449c6ef47c5b66dcb22a8bb202c671df1c6511e84920270,DefineShape3,,,none; original SWF tag payload inventoried without export,machine-extracted-definition,owner-provided SWF,"container=root; definitionDepth=0; tagOrdinal=303; payloadBytes=3250; exactTagIdentitySha256=4273ae978b7c7909a858b969c53e6a7b5d71b2993ca4283ac2f2eeda4d96b605; authoring name, visual bounds, placement, and runtime reachability remain unresolved."
swf-definition-00304,293,,shape,source-assets/flash/HELP MATH_ORIGINAL FILES/HELP_COURSES/ELMGR4/L3/RW/L3RW02.swf,,,444ab25c241dcfd90a7e1299436f704c806d7abbbf7a52bcf1aba5b9af2f6ea8,DefineShape3,,,none; original SWF tag payload inventoried without export,machine-extracted-definition,owner-provided SWF,"container=root; definitionDepth=0; tagOrdinal=304; payloadBytes=2365; exactTagIdentitySha256=a82167c1bccb87efc96b632d9c9b8b5369359d94f3156db6e2a9fe06f4ff7c7b; authoring name, visual bounds, placement, and runtime reachability remain unresolved."
swf-definition-00305,294,,shape,source-assets/flash/HELP MATH_ORIGINAL FILES/HELP_COURSES/ELMGR4/L3/RW/L3RW02.swf,,,0154eaa48eeecf74b2f88d51413e735fac41dea777eed9d7374cd8af7670f7d9,DefineShape3,,,none; original SWF tag payload inventoried without export,machine-extracted-definition,owner-provided SWF,"container=root; definitionDepth=0; tagOrdinal=305; payloadBytes=3255; exactTagIdentitySha256=38f2516ca4b05238ec00639b299b3c794495977444ebb98bb43e9b7be9ceb33f; authoring name, visual bounds, placement, and runtime reachability remain unresolved."
swf-definition-00306,295,,shape,source-assets/flash/HELP MATH_ORIGINAL FILES/HELP_COURSES/ELMGR4/L3/RW/L3RW02.swf,,,59a57afdd58286d4ee1c6fe2b0389cc6002f591f4813824aeb90c789e98173dd,DefineShape3,,,none; original SWF tag payload inventoried without export,machine-extracted-definition,owner-provided SWF,"container=root; definitionDepth=0; tagOrdinal=306; payloadBytes=2331; exactTagIdentitySha256=276bf99ca77329a2a7d88e5825174c0891a5c1b5f38fa204dbd54432cbae6335; authoring name, visual bounds, placement, and runtime reachability remain unresolved."
swf-definition-00307,296,,shape,source-assets/flash/HELP MATH_ORIGINAL FILES/HELP_COURSES/ELMGR4/L3/RW/L3RW02.swf,,,0f3aaa278d0ad34ddea708af99bd209b1dbab9f6735b16d279b2e3a93745b726,DefineShape3,,,none; original SWF tag payload inventoried without export,machine-extracted-definition,owner-provided SWF,"container=root; definitionDepth=0; tagOrdinal=307; payloadBytes=3250; exactTagIdentitySha256=c4bd7ebfd5d7f0d2e354024da32c34e79388483d702fa52528327e2333753af1; authoring name, visual bounds, placement, and runtime reachability remain unresolved."
swf-definition-00308,297,,shape,source-assets/flash/HELP MATH_ORIGINAL FILES/HELP_COURSES/ELMGR4/L3/RW/L3RW02.swf,,,36136f5f91bfaad48446e408140b0294c6877a74cbd9f679a8384b5c00d56aa8,DefineShape3,,,none; original SWF tag payload inventoried without export,machine-extracted-definition,owner-provided SWF,"container=root; definitionDepth=0; tagOrdinal=308; payloadBytes=2346; exactTagIdentitySha256=bc59cf046fa6499abeaf235de3b46879e1d122f8650183bfdbe126fe27218697; authoring name, visual bounds, placement, and runtime reachability remain unresolved."
swf-definition-00309,298,,shape,source-assets/flash/HELP MATH_ORIGINAL FILES/HELP_COURSES/ELMGR4/L3/RW/L3RW02.swf,,,11a4902bac52e83b4d210a85165ef7a57befbeb088ed9dec541b617736c8af3d,DefineShape3,,,none; original SWF tag payload inventoried without export,machine-extracted-definition,owner-provided SWF,"container=root; definitionDepth=0; tagOrdinal=309; payloadBytes=2347; exactTagIdentitySha256=1a241f6c8ef0c48abffdebbdb8ac273b6e2210474b69898e189a6f0db1117141; authoring name, visual bounds, placement, and runtime reachability remain unresolved."
swf-definition-00310,299,,shape,source-assets/flash/HELP MATH_ORIGINAL FILES/HELP_COURSES/ELMGR4/L3/RW/L3RW02.swf,,,560ceb5c9b007aadbe687bc159b151645e4f9ba05e546ff7facb830ef60a7bdd,DefineShape3,,,none; original SWF tag payload inventoried without export,machine-extracted-definition,owner-provided SWF,"container=root; definitionDepth=0; tagOrdinal=310; payloadBytes=2358; exactTagIdentitySha256=a994c46d2f452287fa2348f5004d0e2f41ce3e987db6530443f0164a5e5b816b; authoring name, visual bounds, placement, and runtime reachability remain unresolved."
swf-definition-00311,300,,shape,source-assets/flash/HELP MATH_ORIGINAL FILES/HELP_COURSES/ELMGR4/L3/RW/L3RW02.swf,,,bdc97977b9752b8d82fa80ec56dc77143c3c86e7f648d8cbee1eefc71458db75,DefineShape3,,,none; original SWF tag payload inventoried without export,machine-extracted-definition,owner-provided SWF,"container=root; definitionDepth=0; tagOrdinal=311; payloadBytes=3152; exactTagIdentitySha256=726f36837791d271038e452103760d66ea08e29327621e0d494503b8a160babb; authoring name, visual bounds, placement, and runtime reachability remain unresolved."
swf-definition-00312,301,,shape,source-assets/flash/HELP MATH_ORIGINAL FILES/HELP_COURSES/ELMGR4/L3/RW/L3RW02.swf,,,a12b02b68ddad3d8e301dcf8210940dfbbc734e2f5210cd52c469e11fda1b8af,DefineShape3,,,none; original SWF tag payload inventoried without export,machine-extracted-definition,owner-provided SWF,"container=root; definitionDepth=0; tagOrdinal=312; payloadBytes=2355; exactTagIdentitySha256=7607c18ffeb5e82f1a9b50e78f94b4cd59481dec736b4704ba9c32e557a7b290; authoring name, visual bounds, placement, and runtime reachability remain unresolved."
swf-definition-00313,302,,shape,source-assets/flash/HELP MATH_ORIGINAL FILES/HELP_COURSES/ELMGR4/L3/RW/L3RW02.swf,,,885f4f2fa62d0b1193acfeea7ffffff44ac90003ab7d1e8ef46945d494e1ee2f,DefineShape3,,,none; original SWF tag payload inventoried without export,machine-extracted-definition,owner-provided SWF,"container=root; definitionDepth=0; tagOrdinal=313; payloadBytes=2384; exactTagIdentitySha256=73ea860bcc664ed918ccf0f32b974241fa16223df4f8924f11681b30265cca8d; authoring name, visual bounds, placement, and runtime reachability remain unresolved."
swf-definition-00314,303,,shape,source-assets/flash/HELP MATH_ORIGINAL FILES/HELP_COURSES/ELMGR4/L3/RW/L3RW02.swf,,,d960c2ed1f7f33da7dc2ac7e62ab198d3dd0663884c0837672ceb5c9dd91eb6f,DefineShape3,,,none; original SWF tag payload inventoried without export,machine-extracted-definition,owner-provided SWF,"container=root; definitionDepth=0; tagOrdinal=314; payloadBytes=2330; exactTagIdentitySha256=2f197143d8530e80f4f26df1d1d8ee52600abc42bef6af3bcf3a660a43499db7; authoring name, visual bounds, placement, and runtime reachability remain unresolved."
swf-definition-00315,304,,shape,source-assets/flash/HELP MATH_ORIGINAL FILES/HELP_COURSES/ELMGR4/L3/RW/L3RW02.swf,,,f2fba56b2225de493711b740570ad055d917734a9d9af45b183705339427eb84,DefineShape3,,,none; original SWF tag payload inventoried without export,machine-extracted-definition,owner-provided SWF,"container=root; definitionDepth=0; tagOrdinal=315; payloadBytes=2332; exactTagIdentitySha256=11c6e0fa06db3e8a69be3c05ef1efbe768d379915d4f6ec01c9be8252d6c4379; authoring name, visual bounds, placement, and runtime reachability remain unresolved."
swf-definition-00316,305,,shape,source-assets/flash/HELP MATH_ORIGINAL FILES/HELP_COURSES/ELMGR4/L3/RW/L3RW02.swf,,,7948878da434647018eb0c9ea2b4ba2593b96d8237d79373a48c7e50016843a8,DefineShape3,,,none; original SWF tag payload inventoried without export,machine-extracted-definition,owner-provided SWF,"container=root; definitionDepth=0; tagOrdinal=316; payloadBytes=2394; exactTagIdentitySha256=03e76c87756d5f2005ca07810a4443edeb4cf69b8263511d1dcc9680167e7c72; authoring name, visual bounds, placement, and runtime reachability remain unresolved."
swf-definition-00317,306,,shape,source-assets/flash/HELP MATH_ORIGINAL FILES/HELP_COURSES/ELMGR4/L3/RW/L3RW02.swf,,,8478e9ce719dce22c854809a445a8ad9e9bb9c7da1460324858fe75e88613547,DefineShape3,,,none; original SWF tag payload inventoried without export,machine-extracted-definition,owner-provided SWF,"container=root; definitionDepth=0; tagOrdinal=317; payloadBytes=3566; exactTagIdentitySha256=2254a93b52c8428e248b5071b3fab6e945ffc6a5b12ae7689a8b5e937c051c18; authoring name, visual bounds, placement, and runtime reachability remain unresolved."
swf-definition-00318,307,,shape,source-assets/flash/HELP MATH_ORIGINAL FILES/HELP_COURSES/ELMGR4/L3/RW/L3RW02.swf,,,90fba0c98e241db55d51d3e9fc78423ce8e34bd394512b43d70af612b5c12b2c,DefineShape3,,,none; original SWF tag payload inventoried without export,machine-extracted-definition,owner-provided SWF,"container=root; definitionDepth=0; tagOrdinal=318; payloadBytes=3530; exactTagIdentitySha256=72da935a4681f9753f03005f9d5b9d978c3359ec60bf35f5070e36a4fd6993d1; authoring name, visual bounds, placement, and runtime reachability remain unresolved."
swf-definition-00319,308,,shape,source-assets/flash/HELP MATH_ORIGINAL FILES/HELP_COURSES/ELMGR4/L3/RW/L3RW02.swf,,,54b5d8db5e7d85284c109b1e15c6c8721c1b757df3eeb5f59555917c52fea176,DefineShape3,,,none; original SWF tag payload inventoried without export,machine-extracted-definition,owner-provided SWF,"container=root; definitionDepth=0; tagOrdinal=319; payloadBytes=2055; exactTagIdentitySha256=becba04ad8f0af3552019406456b10412e96ffcccaa549df1191a5a78ecc6c26; authoring name, visual bounds, placement, and runtime reachability remain unresolved."
swf-definition-00320,309,,shape,source-assets/flash/HELP MATH_ORIGINAL FILES/HELP_COURSES/ELMGR4/L3/RW/L3RW02.swf,,,52c0776bdf1c8287dc912da798612c47b587da11263000814b1aa8959feefc90,DefineShape3,,,none; original SWF tag payload inventoried without export,machine-extracted-definition,owner-provided SWF,"container=root; definitionDepth=0; tagOrdinal=320; payloadBytes=2104; exactTagIdentitySha256=bede752efff46e8e82af6fbe8c5262cde7e4cc09e2b409a645ef9f1f5e930ebd; authoring name, visual bounds, placement, and runtime reachability remain unresolved."
swf-definition-00321,310,,shape,source-assets/flash/HELP MATH_ORIGINAL FILES/HELP_COURSES/ELMGR4/L3/RW/L3RW02.swf,,,3214b6c504f38437f328a050fa16f0ee4450fb4ba38daf0f4fdca0f2c976660e,DefineShape,,,none; original SWF tag payload inventoried without export,machine-extracted-definition,owner-provided SWF,"container=root; definitionDepth=0; tagOrdinal=321; payloadBytes=62; exactTagIdentitySha256=05272d97b3768d4ff4236a04042fb55dfbd442b50d4ade4c7afd732885e69d3d; authoring name, visual bounds, placement, and runtime reachability remain unresolved."
swf-definition-00322,311,,shape,source-assets/flash/HELP MATH_ORIGINAL FILES/HELP_COURSES/ELMGR4/L3/RW/L3RW02.swf,,,ee8e9be086ba6551bdcfe3416f274a7718af7de85b6a10fc5bdaf7796ccb560c,DefineShape3,,,none; original SWF tag payload inventoried without export,machine-extracted-definition,owner-provided SWF,"container=root; definitionDepth=0; tagOrdinal=322; payloadBytes=1719; exactTagIdentitySha256=5981b42e44710e6511f443b47a65200e581e51f630c8965002431197695881bc; authoring name, visual bounds, placement, and runtime reachability remain unresolved."
swf-definition-00323,312,,shape,source-assets/flash/HELP MATH_ORIGINAL FILES/HELP_COURSES/ELMGR4/L3/RW/L3RW02.swf,,,3b621a0b7ff98e6161d7f175443c59b5ba8428d1d3fd25a85ca33a26aab3c8bd,DefineShape3,,,none; original SWF tag payload inventoried without export,machine-extracted-definition,owner-provided SWF,"container=root; definitionDepth=0; tagOrdinal=323; payloadBytes=369; exactTagIdentitySha256=28c4790dce536e41007b22b58c2a54e8b3cf94249e511d187bad5dbb75049ae1; authoring name, visual bounds, placement, and runtime reachability remain unresolved."
swf-definition-00324,313,,shape,source-assets/flash/HELP MATH_ORIGINAL FILES/HELP_COURSES/ELMGR4/L3/RW/L3RW02.swf,,,2dca98cf0d2a0dbf7715d76c4754c3343ef583d69d991759ca2da881cf7262b0,DefineShape3,,,none; original SWF tag payload inventoried without export,machine-extracted-definition,owner-provided SWF,"container=root; definitionDepth=0; tagOrdinal=324; payloadBytes=1713; exactTagIdentitySha256=b60e865951810d39557446b6ffdbbcf371b9d22a22d892ecbb951b1de4056567; authoring name, visual bounds, placement, and runtime reachability remain unresolved."
swf-definition-00325,314,,shape,source-assets/flash/HELP MATH_ORIGINAL FILES/HELP_COURSES/ELMGR4/L3/RW/L3RW02.swf,,,7680a5fa4d7b3e0413a02f01643ecda11323e401b35dce64ebe19cce7d8d4870,DefineShape3,,,none; original SWF tag payload inventoried without export,machine-extracted-definition,owner-provided SWF,"container=root; definitionDepth=0; tagOrdinal=325; payloadBytes=373; exactTagIdentitySha256=af03366af6397748402f17c3e5249a6d87a566a77196589081be778a08880fc6; authoring name, visual bounds, placement, and runtime reachability remain unresolved."
swf-definition-00326,315,,shape,source-assets/flash/HELP MATH_ORIGINAL FILES/HELP_COURSES/ELMGR4/L3/RW/L3RW02.swf,,,c988626c6f909f6e6c06eec219f30ef6c2fb50f8b6306716a3cde81b9267f6e4,DefineShape3,,,none; original SWF tag payload inventoried without export,machine-extracted-definition,owner-provided SWF,"container=root; definitionDepth=0; tagOrdinal=326; payloadBytes=1780; exactTagIdentitySha256=386710dd5c738bdb5b2c5fbe37c37f820aea90f578f549686a91cb78a833c282; authoring name, visual bounds, placement, and runtime reachability remain unresolved."
swf-definition-00327,316,,shape,source-assets/flash/HELP MATH_ORIGINAL FILES/HELP_COURSES/ELMGR4/L3/RW/L3RW02.swf,,,e69dcb7de419d586028c21f46450acf6329db29075ce3f2cdbfdb5ed9bca90a5,DefineShape3,,,none; original SWF tag payload inventoried without export,machine-extracted-definition,owner-provided SWF,"container=root; definitionDepth=0; tagOrdinal=327; payloadBytes=312; exactTagIdentitySha256=54025d2315b9fbd82cd9822e02a6e1aa463e95f347b3a697086fd37d5a0df60e; authoring name, visual bounds, placement, and runtime reachability remain unresolved."
swf-definition-00328,317,,shape,source-assets/flash/HELP MATH_ORIGINAL FILES/HELP_COURSES/ELMGR4/L3/RW/L3RW02.swf,,,d6b23c3647ffbd94c5263590b2b632655ec6b68d5d05944426cf77a6f18cb01b,DefineShape3,,,none; original SWF tag payload inventoried without export,machine-extracted-definition,owner-provided SWF,"container=root; definitionDepth=0; tagOrdinal=328; payloadBytes=1778; exactTagIdentitySha256=7b5cd8d95c5aedff1aad015958505488506816a30e949cdaf518bb18b84608b1; authoring name, visual bounds, placement, and runtime reachability remain unresolved."
swf-definition-00329,318,,shape,source-assets/flash/HELP MATH_ORIGINAL FILES/HELP_COURSES/ELMGR4/L3/RW/L3RW02.swf,,,8fabbcb2541b6f2afdf48d7d42f7c4b1de825f1a32a87f7283f8454318143ef1,DefineShape3,,,none; original SWF tag payload inventoried without export,machine-extracted-definition,owner-provided SWF,"container=root; definitionDepth=0; tagOrdinal=329; payloadBytes=314; exactTagIdentitySha256=33f138f485d5d0a8effa263982e2ccba13ba6fa3eff349eea37d0f25e01f7362; authoring name, visual bounds, placement, and runtime reachability remain unresolved."
swf-definition-00330,319,,shape,source-assets/flash/HELP MATH_ORIGINAL FILES/HELP_COURSES/ELMGR4/L3/RW/L3RW02.swf,,,3d5336eda070bf1835c7c09c4d170966ffffd8d04a183e5752a306baaaca526c,DefineShape,,,none; original SWF tag payload inventoried without export,machine-extracted-definition,owner-provided SWF,"container=root; definitionDepth=0; tagOrdinal=330; payloadBytes=64; exactTagIdentitySha256=58cd8745c23484c2b4e1cee404105f651299347afe737ddd03c8ae753beebfd7; authoring name, visual bounds, placement, and runtime reachability remain unresolved."
swf-definition-00331,320,,shape,source-assets/flash/HELP MATH_ORIGINAL FILES/HELP_COURSES/ELMGR4/L3/RW/L3RW02.swf,,,498be5cab48ff91e54a85347781b587e8d56cc2e854a52dd82188bedcd686280,DefineShape3,,,none; original SWF tag payload inventoried without export,machine-extracted-definition,owner-provided SWF,"container=root; definitionDepth=0; tagOrdinal=331; payloadBytes=1729; exactTagIdentitySha256=8d5c3f717c305ff94ec20b6e73ca0ceb3e0d5f93c4ec2ad7c5df7ee351fc511c; authoring name, visual bounds, placement, and runtime reachability remain unresolved."
swf-definition-00332,321,,shape,source-assets/flash/HELP MATH_ORIGINAL FILES/HELP_COURSES/ELMGR4/L3/RW/L3RW02.swf,,,93e423a351e4408448fb084ab3a199d7524be783c2dd42c49115d6695f4c5a9b,DefineShape3,,,none; original SWF tag payload inventoried without export,machine-extracted-definition,owner-provided SWF,"container=root; definitionDepth=0; tagOrdinal=332; payloadBytes=320; exactTagIdentitySha256=a40e2602eb1b403a5d4268fc2a1567d432a759bb9833ba8163bf0f36a53c484c; authoring name, visual bounds, placement, and runtime reachability remain unresolved."
swf-definition-00333,322,,shape,source-assets/flash/HELP MATH_ORIGINAL FILES/HELP_COURSES/ELMGR4/L3/RW/L3RW02.swf,,,4e3fb1c21f7a200458a11106b5d2eea906c89d6b7a54f4ba6c29baee9e280e7e,DefineShape3,,,none; original SWF tag payload inventoried without export,machine-extracted-definition,owner-provided SWF,"container=root; definitionDepth=0; tagOrdinal=333; payloadBytes=1731; exactTagIdentitySha256=deec8407226fe3d719d9bdd2197609bcd78b9b27d7a98648a16caa90acffed77; authoring name, visual bounds, placement, and runtime reachability remain unresolved."
swf-definition-00334,323,,shape,source-assets/flash/HELP MATH_ORIGINAL FILES/HELP_COURSES/ELMGR4/L3/RW/L3RW02.swf,,,93adbe8c411aba5b485d4b7744cb46ed9fb9e503e485a2ee991387d46e985493,DefineShape3,,,none; original SWF tag payload inventoried without export,machine-extracted-definition,owner-provided SWF,"container=root; definitionDepth=0; tagOrdinal=334; payloadBytes=322; exactTagIdentitySha256=f45d444eb4ad6c9b0bb7cc41556c35d955f71682f957babd68ed1f942e0a9f0e; authoring name, visual bounds, placement, and runtime reachability remain unresolved."
swf-definition-00335,324,,shape,source-assets/flash/HELP MATH_ORIGINAL FILES/HELP_COURSES/ELMGR4/L3/RW/L3RW02.swf,,,f7793931d9461dd79d600e53f6ccda2111c9fea3494dfa411545440432882fd4,DefineShape3,,,none; original SWF tag payload inventoried without export,machine-extracted-definition,owner-provided SWF,"container=root; definitionDepth=0; tagOrdinal=335; payloadBytes=1743; exactTagIdentitySha256=5fc5c098bd836003270d1391915dffbbfa281ae292f0bea065308a43dceeb126; authoring name, visual bounds, placement, and runtime reachability remain unresolved."
swf-definition-00336,325,,shape,source-assets/flash/HELP MATH_ORIGINAL FILES/HELP_COURSES/ELMGR4/L3/RW/L3RW02.swf,,,65e65606b42f4568a48b4639ec0cfe72164c8084931d8bb43d6b726558ce740b,DefineShape3,,,none; original SWF tag payload inventoried without export,machine-extracted-definition,owner-provided SWF,"container=root; definitionDepth=0; tagOrdinal=336; payloadBytes=318; exactTagIdentitySha256=4d35d40c0c14b6851c39f62e21a0bd84d07661529ea7cf8db273e70b9bca7083; authoring name, visual bounds, placement, and runtime reachability remain unresolved."
swf-definition-00337,326,,shape,source-assets/flash/HELP MATH_ORIGINAL FILES/HELP_COURSES/ELMGR4/L3/RW/L3RW02.swf,,,2b7aeb2c2ea82e39730fc62cd6e013cbc3ccd353aa06ca466557aea42dbe314e,DefineShape,,,none; original SWF tag payload inventoried without export,machine-extracted-definition,owner-provided SWF,"container=root; definitionDepth=0; tagOrdinal=337; payloadBytes=63; exactTagIdentitySha256=76ffa9f77f98022777e8a947cf40f2772d32cb27bccb7ef1b6b642143c1b612b; authoring name, visual bounds, placement, and runtime reachability remain unresolved."
swf-definition-00338,327,,shape,source-assets/flash/HELP MATH_ORIGINAL FILES/HELP_COURSES/ELMGR4/L3/RW/L3RW02.swf,,,92e1b50c916cdd1f233ab4d9e638edd664d89fc649fafeccf0fa826f96c7b6c3,DefineShape3,,,none; original SWF tag payload inventoried without export,machine-extracted-definition,owner-provided SWF,"container=root; definitionDepth=0; tagOrdinal=338; payloadBytes=1725; exactTagIdentitySha256=9a9bc1e92df1eeac36d67b82d207c538009ca11e565f9f0baf32e3791d06cbf6; authoring name, visual bounds, placement, and runtime reachability remain unresolved."
swf-definition-00339,328,,shape,source-assets/flash/HELP MATH_ORIGINAL FILES/HELP_COURSES/ELMGR4/L3/RW/L3RW02.swf,,,e3ae9100dd1ec6683b8aba1893447800dfdb4c51bd5babfabe0434365dd398b7,DefineShape3,,,none; original SWF tag payload inventoried without export,machine-extracted-definition,owner-provided SWF,"container=root; definitionDepth=0; tagOrdinal=339; payloadBytes=314; exactTagIdentitySha256=ef3b0c73f2fb00a11f87e48459fa74d15d00651e872561437e00c8213443f152; authoring name, visual bounds, placement, and runtime reachability remain unresolved."
swf-definition-00340,329,,shape,source-assets/flash/HELP MATH_ORIGINAL FILES/HELP_COURSES/ELMGR4/L3/RW/L3RW02.swf,,,8c0854dbdd12e11a2a7717e8e898274e100b943a40a4ef4095f9315c4c6d57e2,DefineShape,,,none; original SWF tag payload inventoried without export,machine-extracted-definition,owner-provided SWF,"container=root; definitionDepth=0; tagOrdinal=340; payloadBytes=63; exactTagIdentitySha256=510d81c59b622c5ab7ae6e08e3031c6cc0a508a42af38f58008f932ca8fc91e9; authoring name, visual bounds, placement, and runtime reachability remain unresolved."
swf-definition-00341,330,,shape,source-assets/flash/HELP MATH_ORIGINAL FILES/HELP_COURSES/ELMGR4/L3/RW/L3RW02.swf,,,e0cba8520d89b2fece140796b4f8230341e05c36c56b0b826787d84bc102d2f3,DefineShape3,,,none; original SWF tag payload inventoried without export,machine-extracted-definition,owner-provided SWF,"container=root; definitionDepth=0; tagOrdinal=341; payloadBytes=1691; exactTagIdentitySha256=b4c0e3e6772548d97cfebf8daf5c1104cb9d60c933efa22f55a727134ad0bd13; authoring name, visual bounds, placement, and runtime reachability remain unresolved."
swf-definition-00342,331,,shape,source-assets/flash/HELP MATH_ORIGINAL FILES/HELP_COURSES/ELMGR4/L3/RW/L3RW02.swf,,,bff71be0731114689ec85d18e1c2176ee7610455c9b4bcaec9b9cbc18b823b8a,DefineShape3,,,none; original SWF tag payload inventoried without export,machine-extracted-definition,owner-provided SWF,"container=root; definitionDepth=0; tagOrdinal=342; payloadBytes=309; exactTagIdentitySha256=dcbccd5ace65f93cb262d049b169a163d2190749c955d5964f72f04dfe328dcb; authoring name, visual bounds, placement, and runtime reachability remain unresolved."
swf-definition-00343,332,,shape,source-assets/flash/HELP MATH_ORIGINAL FILES/HELP_COURSES/ELMGR4/L3/RW/L3RW02.swf,,,7bd9ef206549a42d714c042a022319faff1b56cec57ddc418053378ca3da359c,DefineShape,,,none; original SWF tag payload inventoried without export,machine-extracted-definition,owner-provided SWF,"container=root; definitionDepth=0; tagOrdinal=343; payloadBytes=63; exactTagIdentitySha256=8b5d9dba5ade6edbc50343f34a2ce7eaf056985bfac518a7621acb00373271d9; authoring name, visual bounds, placement, and runtime reachability remain unresolved."
swf-definition-00344,333,,shape,source-assets/flash/HELP MATH_ORIGINAL FILES/HELP_COURSES/ELMGR4/L3/RW/L3RW02.swf,,,130993a5c54d75d390660185120467f1cb5f2795d65a35df447d82f8a4454eec,DefineShape3,,,none; original SWF tag payload inventoried without export,machine-extracted-definition,owner-provided SWF,"container=root; definitionDepth=0; tagOrdinal=344; payloadBytes=1838; exactTagIdentitySha256=dc742d528f1673228eb78753ba2ffe674754c0cbc766b5fef8e34b12f9fe8c39; authoring name, visual bounds, placement, and runtime reachability remain unresolved."
swf-definition-00345,334,,shape,source-assets/flash/HELP MATH_ORIGINAL FILES/HELP_COURSES/ELMGR4/L3/RW/L3RW02.swf,,,f372b5387c7a8597e19103497f5540bb5eee755202df553080197e558993e2f6,DefineShape3,,,none; original SWF tag payload inventoried without export,machine-extracted-definition,owner-provided SWF,"container=root; definitionDepth=0; tagOrdinal=345; payloadBytes=308; exactTagIdentitySha256=8f23db3453362001ac454fdedc70b2a5da2ef2e119c24798cb0e47b8b41f3a3b; authoring name, visual bounds, placement, and runtime reachability remain unresolved."
swf-definition-00346,335,,shape,source-assets/flash/HELP MATH_ORIGINAL FILES/HELP_COURSES/ELMGR4/L3/RW/L3RW02.swf,,,cebaf17bfc8583c88c6e173afa39ff41cd9f00da2088a9b25417ddf32bd55b16,DefineShape3,,,none; original SWF tag payload inventoried without export,machine-extracted-definition,owner-provided SWF,"container=root; definitionDepth=0; tagOrdinal=346; payloadBytes=1809; exactTagIdentitySha256=7abb1550e78f99fcbfb679b219eea2e49b628db2abc35f5330dedfbf94fa0be7; authoring name, visual bounds, placement, and runtime reachability remain unresolved."
swf-definition-00347,336,,shape,source-assets/flash/HELP MATH_ORIGINAL FILES/HELP_COURSES/ELMGR4/L3/RW/L3RW02.swf,,,3036e9a8c984c9fad30a3810fb3c4eb59d0a12e5552a7fc0031414db73daf15d,DefineShape3,,,none; original SWF tag payload inventoried without export,machine-extracted-definition,owner-provided SWF,"container=root; definitionDepth=0; tagOrdinal=347; payloadBytes=318; exactTagIdentitySha256=32889c5e55834be1c4ff26e4795c48ae4e2135523b6a1423513cb2248d03b01d; authoring name, visual bounds, placement, and runtime reachability remain unresolved."
swf-definition-00348,337,,shape,source-assets/flash/HELP MATH_ORIGINAL FILES/HELP_COURSES/ELMGR4/L3/RW/L3RW02.swf,,,a94af1cb65e27e05c94076a925f39ff198e134fd43bebade6bd777a485343e51,DefineShape3,,,none; original SWF tag payload inventoried without export,machine-extracted-definition,owner-provided SWF,"container=root; definitionDepth=0; tagOrdinal=348; payloadBytes=1802; exactTagIdentitySha256=68356eb0078d9e546793b4c3b043cc3ad326dad87780da4102f36bd30dd1778e; authoring name, visual bounds, placement, and runtime reachability remain unresolved."
swf-definition-00349,338,,shape,source-assets/flash/HELP MATH_ORIGINAL FILES/HELP_COURSES/ELMGR4/L3/RW/L3RW02.swf,,,c7aba0a427b021561b3895dd21c8cddace9dbadd607e45f2a5f6f1b189198f64,DefineShape3,,,none; original SWF tag payload inventoried without export,machine-extracted-definition,owner-provided SWF,"container=root; definitionDepth=0; tagOrdinal=349; payloadBytes=312; exactTagIdentitySha256=c4911ea0607cc3e7ed88c945abdd28d14bdeae21daee0f1ada2c9f404dcef0d7; authoring name, visual bounds, placement, and runtime reachability remain unresolved."
swf-definition-00350,339,,shape,source-assets/flash/HELP MATH_ORIGINAL FILES/HELP_COURSES/ELMGR4/L3/RW/L3RW02.swf,,,c196187e179632910b6bb0686725b63c23de7c48788374fb9f3bae40d6a88e8a,DefineShape3,,,none; original SWF tag payload inventoried without export,machine-extracted-definition,owner-provided SWF,"container=root; definitionDepth=0; tagOrdinal=350; payloadBytes=1824; exactTagIdentitySha256=dfcf7b6865e169557cb1e4d3de0c87ac1af638e4671468e7f1bb108533a86437; authoring name, visual bounds, placement, and runtime reachability remain unresolved."
swf-definition-00351,340,,shape,source-assets/flash/HELP MATH_ORIGINAL FILES/HELP_COURSES/ELMGR4/L3/RW/L3RW02.swf,,,657ba671efba12afbe19095ca519b8aa5a0185f00bc8e9cb2e35fd7235e6f8dd,DefineShape3,,,none; original SWF tag payload inventoried without export,machine-extracted-definition,owner-provided SWF,"container=root; definitionDepth=0; tagOrdinal=351; payloadBytes=313; exactTagIdentitySha256=59be58894defd066726397945bc33359b75457be5ce4b7b053854b9db27a0ecf; authoring name, visual bounds, placement, and runtime reachability remain unresolved."
swf-definition-00352,341,,shape,source-assets/flash/HELP MATH_ORIGINAL FILES/HELP_COURSES/ELMGR4/L3/RW/L3RW02.swf,,,34770b4bd516704af4a75dfa71ab78fcdc3d313caa09a80532938404c504c974,DefineShape3,,,none; original SWF tag payload inventoried without export,machine-extracted-definition,owner-provided SWF,"container=root; definitionDepth=0; tagOrdinal=352; payloadBytes=1835; exactTagIdentitySha256=6054e2878b12bb8a2cfc6192213d78c55f588dd09b207f8d69f61a31f6307b7a; authoring name, visual bounds, placement, and runtime reachability remain unresolved."
swf-definition-00353,342,,shape,source-assets/flash/HELP MATH_ORIGINAL FILES/HELP_COURSES/ELMGR4/L3/RW/L3RW02.swf,,,65939125f0fd6a34b35df6ddf415512a823a4c55ec8a1ae684924d2d464e94c7,DefineShape3,,,none; original SWF tag payload inventoried without export,machine-extracted-definition,owner-provided SWF,"container=root; definitionDepth=0; tagOrdinal=353; payloadBytes=312; exactTagIdentitySha256=fd85f7820b16d29362f44e1d24ffd2562f668f714e6d29966bc7c4cd28177631; authoring name, visual bounds, placement, and runtime reachability remain unresolved."
swf-definition-00354,343,,shape,source-assets/flash/HELP MATH_ORIGINAL FILES/HELP_COURSES/ELMGR4/L3/RW/L3RW02.swf,,,d2cb73a3b6c36ccae2ade843f44088b80dba6101bcb6d086da3b79654be487fd,DefineShape3,,,none; original SWF tag payload inventoried without export,machine-extracted-definition,owner-provided SWF,"container=root; definitionDepth=0; tagOrdinal=354; payloadBytes=1821; exactTagIdentitySha256=7b30d58cd580a0fddc3d06dca840b2d019975583c42dfdef4adadf8f02e26d83; authoring name, visual bounds, placement, and runtime reachability remain unresolved."
swf-definition-00355,344,,shape,source-assets/flash/HELP MATH_ORIGINAL FILES/HELP_COURSES/ELMGR4/L3/RW/L3RW02.swf,,,055c5392dacee6f5cb64e812d852bad8e8064efdcc359a3a6bf404be536699bc,DefineShape3,,,none; original SWF tag payload inventoried without export,machine-extracted-definition,owner-provided SWF,"container=root; definitionDepth=0; tagOrdinal=355; payloadBytes=317; exactTagIdentitySha256=6c9ce63df682b136778e8ecfab4df5b95a4ec76b9de743cd11400137fbb67f6d; authoring name, visual bounds, placement, and runtime reachability remain unresolved."
swf-definition-00356,345,,shape,source-assets/flash/HELP MATH_ORIGINAL FILES/HELP_COURSES/ELMGR4/L3/RW/L3RW02.swf,,,a511ca3be11a37887f5785c9581024ba00d98afc2d01c16309fe04248ad576b1,DefineShape3,,,none; original SWF tag payload inventoried without export,machine-extracted-definition,owner-provided SWF,"container=root; definitionDepth=0; tagOrdinal=356; payloadBytes=1934; exactTagIdentitySha256=6a3cfc1e0c3391805d8e1bd0bf57dafa6e4c074a477e4a6dd3de2aed3ccb0494; authoring name, visual bounds, placement, and runtime reachability remain unresolved."
swf-definition-00357,346,,shape,source-assets/flash/HELP MATH_ORIGINAL FILES/HELP_COURSES/ELMGR4/L3/RW/L3RW02.swf,,,76411b4001033d82fed55751a601ac64ad247cac84a430cf899526bf87598bef,DefineShape3,,,none; original SWF tag payload inventoried without export,machine-extracted-definition,owner-provided SWF,"container=root; definitionDepth=0; tagOrdinal=357; payloadBytes=313; exactTagIdentitySha256=43f7c622025ac7c05a19f53f5735fd0a603aa6363d6f62b0a4d21333ab98498b; authoring name, visual bounds, placement, and runtime reachability remain unresolved."
swf-definition-00358,347,,shape,source-assets/flash/HELP MATH_ORIGINAL FILES/HELP_COURSES/ELMGR4/L3/RW/L3RW02.swf,,,169725aaaa570ea3a74d6f937dcc430ec96a1538da83cbacb0a722d92dc90bd3,DefineShape3,,,none; original SWF tag payload inventoried without export,machine-extracted-definition,owner-provided SWF,"container=root; definitionDepth=0; tagOrdinal=358; payloadBytes=1923; exactTagIdentitySha256=f8e58ae294860f1a65cf1c384cc84627641215457d817ff69ce8aabda8eb5c04; authoring name, visual bounds, placement, and runtime reachability remain unresolved."
swf-definition-00359,348,,shape,source-assets/flash/HELP MATH_ORIGINAL FILES/HELP_COURSES/ELMGR4/L3/RW/L3RW02.swf,,,e207bcd551652733f4c1f1525ff49b2c6d8efc35d4de965c8b9e853a1e89865b,DefineShape3,,,none; original SWF tag payload inventoried without export,machine-extracted-definition,owner-provided SWF,"container=root; definitionDepth=0; tagOrdinal=359; payloadBytes=316; exactTagIdentitySha256=ebbeee94d32b2fd3222de881995632c21e6c7abd3f961fd72e8e82a29efe0c4f; authoring name, visual bounds, placement, and runtime reachability remain unresolved."
swf-definition-00360,349,,shape,source-assets/flash/HELP MATH_ORIGINAL FILES/HELP_COURSES/ELMGR4/L3/RW/L3RW02.swf,,,bf5c410a92315e8ad323ba87fd67c26c205ffd4537f35e5dc2edf87a3847174b,DefineShape3,,,none; original SWF tag payload inventoried without export,machine-extracted-definition,owner-provided SWF,"container=root; definitionDepth=0; tagOrdinal=360; payloadBytes=1901; exactTagIdentitySha256=14efd75ebd15343f56a7429b6e81b6f3fd164a84dd7796dab27fef603d4d99f7; authoring name, visual bounds, placement, and runtime reachability remain unresolved."
swf-definition-00361,350,,shape,source-assets/flash/HELP MATH_ORIGINAL FILES/HELP_COURSES/ELMGR4/L3/RW/L3RW02.swf,,,33bc7577742e241db2d955a1bc7e1a932e2a6c312a355cfa13be32919885ac50,DefineShape3,,,none; original SWF tag payload inventoried without export,machine-extracted-definition,owner-provided SWF,"container=root; definitionDepth=0; tagOrdinal=361; payloadBytes=318; exactTagIdentitySha256=64fbf9b46a06acc8e5cdc4a22ee5d821b5dd31794bc8ef81be38d20636eb9d06; authoring name, visual bounds, placement, and runtime reachability remain unresolved."
swf-definition-00362,351,,shape,source-assets/flash/HELP MATH_ORIGINAL FILES/HELP_COURSES/ELMGR4/L3/RW/L3RW02.swf,,,27522e294b1d4317d17a0fd1f3ac403bcd377d00c9b6fb3921b49d49332d4ef0,DefineShape3,,,none; original SWF tag payload inventoried without export,machine-extracted-definition,owner-provided SWF,"container=root; definitionDepth=0; tagOrdinal=362; payloadBytes=1857; exactTagIdentitySha256=2165f0ce55d00a826c0171b07ac83a63f911bdfcf8be47096d7e7f8190c01cc4; authoring name, visual bounds, placement, and runtime reachability remain unresolved."
swf-definition-00363,352,,shape,source-assets/flash/HELP MATH_ORIGINAL FILES/HELP_COURSES/ELMGR4/L3/RW/L3RW02.swf,,,9d8129fc6ade2f8e75b2ab75ddb117bcf4e5ebdeb5debf68812eaefa319dfc64,DefineShape3,,,none; original SWF tag payload inventoried without export,machine-extracted-definition,owner-provided SWF,"container=root; definitionDepth=0; tagOrdinal=363; payloadBytes=319; exactTagIdentitySha256=d4cc64c98b8b8981aa1d64a79b9d9e8bea08c1600b355d3d30848f7c6b44e188; authoring name, visual bounds, placement, and runtime reachability remain unresolved."
swf-definition-00364,353,,shape,source-assets/flash/HELP MATH_ORIGINAL FILES/HELP_COURSES/ELMGR4/L3/RW/L3RW02.swf,,,33a1c29d887b29d1c61d85181f76f6430282b78016bfdbad59d0caf940b92035,DefineShape3,,,none; original SWF tag payload inventoried without export,machine-extracted-definition,owner-provided SWF,"container=root; definitionDepth=0; tagOrdinal=364; payloadBytes=1920; exactTagIdentitySha256=40a2e09d2a616b42b410d81937b9fea653fa04987351fc5ce7f47178cc91fdfa; authoring name, visual bounds, placement, and runtime reachability remain unresolved."
swf-definition-00365,354,,shape,source-assets/flash/HELP MATH_ORIGINAL FILES/HELP_COURSES/ELMGR4/L3/RW/L3RW02.swf,,,a11feb7c0f6614bef292bc8e9fefbdd41289273462803f13f7320a9df2ac388f,DefineShape3,,,none; original SWF tag payload inventoried without export,machine-extracted-definition,owner-provided SWF,"container=root; definitionDepth=0; tagOrdinal=365; payloadBytes=317; exactTagIdentitySha256=92f8be19b418315456039aff030b171ce11ccece3ce633301e0c6d6f72cf9fd4; authoring name, visual bounds, placement, and runtime reachability remain unresolved."
swf-definition-00366,355,,shape,source-assets/flash/HELP MATH_ORIGINAL FILES/HELP_COURSES/ELMGR4/L3/RW/L3RW02.swf,,,e8992c93bee5d179e9972ae6350484a7a8cc09afd8bc412bf31cdb6f77d5c389,DefineShape3,,,none; original SWF tag payload inventoried without export,machine-extracted-definition,owner-provided SWF,"container=root; definitionDepth=0; tagOrdinal=366; payloadBytes=1610; exactTagIdentitySha256=b5eb6b5a447cba2b814aba6f0204c08dc21cf69c45e6873f061169fa4aebef00; authoring name, visual bounds, placement, and runtime reachability remain unresolved."
swf-definition-00367,356,,shape,source-assets/flash/HELP MATH_ORIGINAL FILES/HELP_COURSES/ELMGR4/L3/RW/L3RW02.swf,,,31ed400b69a7680b586d7381d670f4dc2b5565c6cf1202a660599df3dc777588,DefineShape3,,,none; original SWF tag payload inventoried without export,machine-extracted-definition,owner-provided SWF,"container=root; definitionDepth=0; tagOrdinal=367; payloadBytes=316; exactTagIdentitySha256=81a2bcf319db911f35a15ba3be929110c67af8c6207ae5f0958df9ff29f18b06; authoring name, visual bounds, placement, and runtime reachability remain unresolved."
swf-definition-00368,357,,shape,source-assets/flash/HELP MATH_ORIGINAL FILES/HELP_COURSES/ELMGR4/L3/RW/L3RW02.swf,,,632ced0877c5ce55aa040d6c621213c5d99a6d09d627f0f643c0e324e503160e,DefineShape3,,,none; original SWF tag payload inventoried without export,machine-extracted-definition,owner-provided SWF,"container=root; definitionDepth=0; tagOrdinal=368; payloadBytes=1939; exactTagIdentitySha256=7072b081d75f461efb0de2c97f449ba59b6940e81201fa0c8557a8d1e33553af; authoring name, visual bounds, placement, and runtime reachability remain unresolved."
swf-definition-00369,358,,shape,source-assets/flash/HELP MATH_ORIGINAL FILES/HELP_COURSES/ELMGR4/L3/RW/L3RW02.swf,,,9ee0edd045c050089e9b4fb0a25e245407526a5f0dfddd109986e078c452df4a,DefineShape3,,,none; original SWF tag payload inventoried without export,machine-extracted-definition,owner-provided SWF,"container=root; definitionDepth=0; tagOrdinal=369; payloadBytes=319; exactTagIdentitySha256=8dca9bc1576000c90d04408a101f4f7bfde300b8075e4022562564aff5185ae3; authoring name, visual bounds, placement, and runtime reachability remain unresolved."
swf-definition-00370,359,,shape,source-assets/flash/HELP MATH_ORIGINAL FILES/HELP_COURSES/ELMGR4/L3/RW/L3RW02.swf,,,ff0742ce714010dc126f76518bc896715d3395ccf8aede6b506f74b82a3e4a32,DefineShape3,,,none; original SWF tag payload inventoried without export,machine-extracted-definition,owner-provided SWF,"container=root; definitionDepth=0; tagOrdinal=370; payloadBytes=1934; exactTagIdentitySha256=cb6b258f07b0c828e51fd971e22bedfc2f2007f44cf868efc45cc553c48411d4; authoring name, visual bounds, placement, and runtime reachability remain unresolved."
swf-definition-00371,360,,shape,source-assets/flash/HELP MATH_ORIGINAL FILES/HELP_COURSES/ELMGR4/L3/RW/L3RW02.swf,,,5d40a25e9bb6033dfadd48d683554e7d2fc1ac2b311239005ef5f58eeb5e4ee9,DefineShape3,,,none; original SWF tag payload inventoried without export,machine-extracted-definition,owner-provided SWF,"container=root; definitionDepth=0; tagOrdinal=371; payloadBytes=320; exactTagIdentitySha256=46df1045879f653446bbf48bfa5d8c3808e59efc5f1d7dc53a5748226a25a16c; authoring name, visual bounds, placement, and runtime reachability remain unresolved."
swf-definition-00372,361,,shape,source-assets/flash/HELP MATH_ORIGINAL FILES/HELP_COURSES/ELMGR4/L3/RW/L3RW02.swf,,,8a7c166620f3b169cfeaecc02ef843ae4deddab889960397c7f1bd306a951a67,DefineShape3,,,none; original SWF tag payload inventoried without export,machine-extracted-definition,owner-provided SWF,"container=root; definitionDepth=0; tagOrdinal=372; payloadBytes=1952; exactTagIdentitySha256=a45e66aec315c7ae90dd1c512e46bb2236726b42322a45e2631f338a585d9f81; authoring name, visual bounds, placement, and runtime reachability remain unresolved."
swf-definition-00373,362,,shape,source-assets/flash/HELP MATH_ORIGINAL FILES/HELP_COURSES/ELMGR4/L3/RW/L3RW02.swf,,,3b42d9b4bddfca272aca3673303dc53b12c6a92a25b675a4c88e06d6a5464e83,DefineShape3,,,none; original SWF tag payload inventoried without export,machine-extracted-definition,owner-provided SWF,"container=root; definitionDepth=0; tagOrdinal=373; payloadBytes=316; exactTagIdentitySha256=dd5eedb57ab7a14d8b17ce36b7afe574102940792ec20057c8229a200e9a3551; authoring name, visual bounds, placement, and runtime reachability remain unresolved."
swf-definition-00374,363,,shape,source-assets/flash/HELP MATH_ORIGINAL FILES/HELP_COURSES/ELMGR4/L3/RW/L3RW02.swf,,,d573d51eb6035cb375287a4d3c0cd468ab011aa0716bb45b9e66495b51b2a0da,DefineShape3,,,none; original SWF tag payload inventoried without export,machine-extracted-definition,owner-provided SWF,"container=root; definitionDepth=0; tagOrdinal=374; payloadBytes=1946; exactTagIdentitySha256=bf3d27959598ea24693d8eace26edd5a229a1d349bc211f6ae0d3955b737aa82; authoring name, visual bounds, placement, and runtime reachability remain unresolved."
swf-definition-00375,364,,shape,source-assets/flash/HELP MATH_ORIGINAL FILES/HELP_COURSES/ELMGR4/L3/RW/L3RW02.swf,,,06fd194074e6d45fdf617fded003e73ec7d9e01584d013082509ab78eb471ec7,DefineShape3,,,none; original SWF tag payload inventoried without export,machine-extracted-definition,owner-provided SWF,"container=root; definitionDepth=0; tagOrdinal=375; payloadBytes=1053; exactTagIdentitySha256=9ea40caa0e0bbcf911c7483389ecc95d8d038cd9754c62c904df6e4b1410d3fa; authoring name, visual bounds, placement, and runtime reachability remain unresolved."
swf-definition-00376,365,,text,source-assets/flash/HELP MATH_ORIGINAL FILES/HELP_COURSES/ELMGR4/L3/RW/L3RW02.swf,,,460b933cbcf265495fc21ddef5028c526c58c31fb1542f1815cf3907862cb883,DefineText,,,none; original SWF tag payload inventoried without export,machine-extracted-definition,owner-provided SWF,"container=root; definitionDepth=0; tagOrdinal=376; payloadBytes=74; exactTagIdentitySha256=df739724f7eea18a919d217545761479cb2320ae0d3a0d468c66be201c0ac0dd; authoring name, visual bounds, placement, and runtime reachability remain unresolved."
swf-definition-00377,366,,shape,source-assets/flash/HELP MATH_ORIGINAL FILES/HELP_COURSES/ELMGR4/L3/RW/L3RW02.swf,,,ae099f1ab4c4f5ae15effe8d0fef1ec1caf2069389389db0d75998fa13439495,DefineShape3,,,none; original SWF tag payload inventoried without export,machine-extracted-definition,owner-provided SWF,"container=root; definitionDepth=0; tagOrdinal=377; payloadBytes=515; exactTagIdentitySha256=c736e01c310f58afb4a612b3b52861e27229fec1a975a0eed6fb374f14f04a3e; authoring name, visual bounds, placement, and runtime reachability remain unresolved."
swf-definition-00378,367,,shape,source-assets/flash/HELP MATH_ORIGINAL FILES/HELP_COURSES/ELMGR4/L3/RW/L3RW02.swf,,,9e299dd990655bbda8ba5fc3f4892f103bf9f34f518255b90de06c39a8e4fcbe,DefineShape3,,,none; original SWF tag payload inventoried without export,machine-extracted-definition,owner-provided SWF,"container=root; definitionDepth=0; tagOrdinal=378; payloadBytes=1012; exactTagIdentitySha256=db15cccf70da9fa94528f6ce415bb42a0c71fb9227762c8ab6a97c68615eed36; authoring name, visual bounds, placement, and runtime reachability remain unresolved."
swf-definition-00379,368,,shape,source-assets/flash/HELP MATH_ORIGINAL FILES/HELP_COURSES/ELMGR4/L3/RW/L3RW02.swf,,,d27a6ab74b140de8cb57c974dda42d19c6664e12e465cd339ccaab66c14166df,DefineShape3,,,none; original SWF tag payload inventoried without export,machine-extracted-definition,owner-provided SWF,"container=root; definitionDepth=0; tagOrdinal=379; payloadBytes=1512; exactTagIdentitySha256=bb20a5f85199e2c469e39eb084f46d98ee9d8cbbe0074ea798c9a00be7138503; authoring name, visual bounds, placement, and runtime reachability remain unresolved."
swf-definition-00380,369,,shape,source-assets/flash/HELP MATH_ORIGINAL FILES/HELP_COURSES/ELMGR4/L3/RW/L3RW02.swf,,,fe2123d6880b1c5907a53cb2ea3806e4f4925178d338fc40de2b27aadc4a5c5d,DefineShape3,,,none; original SWF tag payload inventoried without export,machine-extracted-definition,owner-provided SWF,"container=root; definitionDepth=0; tagOrdinal=380; payloadBytes=1518; exactTagIdentitySha256=45c651f82841a4d74d69bb54dfa173811fb77806cc1ec2423d7694ce41f8de9e; authoring name, visual bounds, placement, and runtime reachability remain unresolved."
swf-definition-00381,370,,shape,source-assets/flash/HELP MATH_ORIGINAL FILES/HELP_COURSES/ELMGR4/L3/RW/L3RW02.swf,,,65c3c4972e85a0a5645c6e5a3a6968ead938cf3b96d778476ccdc370c355015b,DefineShape3,,,none; original SWF tag payload inventoried without export,machine-extracted-definition,owner-provided SWF,"container=root; definitionDepth=0; tagOrdinal=381; payloadBytes=1516; exactTagIdentitySha256=28e0d962d6512b8751e20abd810a6d6025346119e01b08aed0f86ff5e2dc9c10; authoring name, visual bounds, placement, and runtime reachability remain unresolved."
swf-definition-00382,371,,shape,source-assets/flash/HELP MATH_ORIGINAL FILES/HELP_COURSES/ELMGR4/L3/RW/L3RW02.swf,,,56a912f553625d5f488edd4c237cbcfd642b4fa02d69ba0b49041d01940f72a4,DefineShape3,,,none; original SWF tag payload inventoried without export,machine-extracted-definition,owner-provided SWF,"container=root; definitionDepth=0; tagOrdinal=382; payloadBytes=1518; exactTagIdentitySha256=7ba398721d7f69fc139038c415b74c30317e5c8cc5dbdd4fa01f4225cffc9f47; authoring name, visual bounds, placement, and runtime reachability remain unresolved."
swf-definition-00383,372,,shape,source-assets/flash/HELP MATH_ORIGINAL FILES/HELP_COURSES/ELMGR4/L3/RW/L3RW02.swf,,,d9ec0ca3477609ed87068066176bbb91ab30d5503c5ca5ad8b6bc5f11ea0ee24,DefineShape3,,,none; original SWF tag payload inventoried without export,machine-extracted-definition,owner-provided SWF,"container=root; definitionDepth=0; tagOrdinal=383; payloadBytes=1511; exactTagIdentitySha256=92219396fd5e1b2a28cb1005f2814d324dbd491f9acb2b9dc20697b2c895aafc; authoring name, visual bounds, placement, and runtime reachability remain unresolved."
swf-definition-00384,373,,shape,source-assets/flash/HELP MATH_ORIGINAL FILES/HELP_COURSES/ELMGR4/L3/RW/L3RW02.swf,,,3d7f2d07df37f1980ad1744a281dec421ba91eba38b23f54c95c7c077096afe9,DefineShape3,,,none; original SWF tag payload inventoried without export,machine-extracted-definition,owner-provided SWF,"container=root; definitionDepth=0; tagOrdinal=384; payloadBytes=34; exactTagIdentitySha256=9bbc91022ace99da9f9774cf76595f781daf817adca6eb41eec4c36b5f28435f; authoring name, visual bounds, placement, and runtime reachability remain unresolved."
swf-definition-00385,374,,shape,source-assets/flash/HELP MATH_ORIGINAL FILES/HELP_COURSES/ELMGR4/L3/RW/L3RW02.swf,,,7f57449c24747fe01b4279e6cce45c8a53b21f830f37c91b134d313838a37eed,DefineShape,,,none; original SWF tag payload inventoried without export,machine-extracted-definition,owner-provided SWF,"container=root; definitionDepth=0; tagOrdinal=385; payloadBytes=40; exactTagIdentitySha256=e33fb9c829c23ec978dcd128c75854dd75d6165acd3aaf36f238b5e70a98ff9c; authoring name, visual bounds, placement, and runtime reachability remain unresolved."
swf-definition-00386,375,,text,source-assets/flash/HELP MATH_ORIGINAL FILES/HELP_COURSES/ELMGR4/L3/RW/L3RW02.swf,,,c15381a632e6b8d7a93eb9977047a8e0760e5605882c144e880dd783d735a325,DefineText,,,none; original SWF tag payload inventoried without export,machine-extracted-definition,owner-provided SWF,"container=root; definitionDepth=0; tagOrdinal=386; payloadBytes=102; exactTagIdentitySha256=9cc47160ecbdec54ea9f9ddb2e626882334680ea931f88ed97a39cf51812ee09; authoring name, visual bounds, placement, and runtime reachability remain unresolved."
swf-definition-00387,376,,shape,source-assets/flash/HELP MATH_ORIGINAL FILES/HELP_COURSES/ELMGR4/L3/RW/L3RW02.swf,,,1a3979326fe547f14a11e96a9bc01cfb3cf7516c032db2f208bba45b1b7d876c,DefineShape,,,none; original SWF tag payload inventoried without export,machine-extracted-definition,owner-provided SWF,"container=root; definitionDepth=0; tagOrdinal=387; payloadBytes=31; exactTagIdentitySha256=6a6a11c55e31af08c52c265a2c261833a7314232ebb6ad46b6550ec684ce6a2a; authoring name, visual bounds, placement, and runtime reachability remain unresolved."
swf-definition-00388,377,,button,source-assets/flash/HELP MATH_ORIGINAL FILES/HELP_COURSES/ELMGR4/L3/RW/L3RW02.swf,,,8dd92d4bb3bd42ac5477c1e5ba4689eca018114e2d171d670ff54d81072fc6fb,DefineButton2,,,none; original SWF tag payload inventoried without export,machine-extracted-definition,owner-provided SWF,"container=root; definitionDepth=0; tagOrdinal=388; payloadBytes=177; exactTagIdentitySha256=74d69ecd743d4dbe1eb8b9cfc1a09de757011f3312937deb2eab67f5d6132bdf; authoring name, visual bounds, placement, and runtime reachability remain unresolved."
swf-definition-00389,378,,button,source-assets/flash/HELP MATH_ORIGINAL FILES/HELP_COURSES/ELMGR4/L3/RW/L3RW02.swf,,,9aab116d7af161827a044125112f8d367396c32f0c6ca0fc3b59197806c60ffa,DefineButton2,,,none; original SWF tag payload inventoried without export,machine-extracted-definition,owner-provided SWF,"container=root; definitionDepth=0; tagOrdinal=389; payloadBytes=171; exactTagIdentitySha256=53853c6a8a7fa45222673fc17f08ca2b78d337373dd52232ccaa99fbeb372c24; authoring name, visual bounds, placement, and runtime reachability remain unresolved."
swf-definition-00390,379,,button,source-assets/flash/HELP MATH_ORIGINAL FILES/HELP_COURSES/ELMGR4/L3/RW/L3RW02.swf,,,055f1ac36effbf60cd6c9a7baaac4e90f68a5a147edc18112b79d217e86e5066,DefineButton2,,,none; original SWF tag payload inventoried without export,machine-extracted-definition,owner-provided SWF,"container=root; definitionDepth=0; tagOrdinal=390; payloadBytes=166; exactTagIdentitySha256=12e7d93189f8f3778cce314c4c55f9e4ad9adac91676a38a92cd16d48a33e107; authoring name, visual bounds, placement, and runtime reachability remain unresolved."
swf-definition-00391,380,,shape,source-assets/flash/HELP MATH_ORIGINAL FILES/HELP_COURSES/ELMGR4/L3/RW/L3RW02.swf,,,faf50e7ebcd820612aa924becf31ba136e076092dea4e297eaa8791dee6652c3,DefineShape3,,,none; original SWF tag payload inventoried without export,machine-extracted-definition,owner-provided SWF,"container=root; definitionDepth=0; tagOrdinal=391; payloadBytes=1522; exactTagIdentitySha256=27d3d7a80cba4adbe06d5c1a338af5a78eb8170b48ee58633d60c269f7d810bb; authoring name, visual bounds, placement, and runtime reachability remain unresolved."
swf-definition-00392,381,,shape,source-assets/flash/HELP MATH_ORIGINAL FILES/HELP_COURSES/ELMGR4/L3/RW/L3RW02.swf,,,c27a9cae11a4c66eef46c9302e138c3af68ddb8bce48c600923fc6648f3be793,DefineShape2,,,none; original SWF tag payload inventoried without export,machine-extracted-definition,owner-provided SWF,"container=root; definitionDepth=0; tagOrdinal=392; payloadBytes=213; exactTagIdentitySha256=578d88fab19b2fbb30db37b0537e6d8c1129e0a5a8437e0a4b20836068b65aef; authoring name, visual bounds, placement, and runtime reachability remain unresolved."
swf-definition-00393,382,,text,source-assets/flash/HELP MATH_ORIGINAL FILES/HELP_COURSES/ELMGR4/L3/RW/L3RW02.swf,,,26ee50ece2baa30a6b27df238c16f8fd3fca2e11d5b74724822d80b9bb28a37b,DefineText,,,none; original SWF tag payload inventoried without export,machine-extracted-definition,owner-provided SWF,"container=root; definitionDepth=0; tagOrdinal=393; payloadBytes=26; exactTagIdentitySha256=e3662e2141721e0fe13321b2bc70b3a2cb1506e89aefde3243b65d0a99a7d390; authoring name, visual bounds, placement, and runtime reachability remain unresolved."
swf-definition-00394,383,,text,source-assets/flash/HELP MATH_ORIGINAL FILES/HELP_COURSES/ELMGR4/L3/RW/L3RW02.swf,,,0259ca995183622b6ca7d3adeba130edf35fa0ddde8c2a5aa323d0ec341eb941,DefineText,,,none; original SWF tag payload inventoried without export,machine-extracted-definition,owner-provided SWF,"container=root; definitionDepth=0; tagOrdinal=394; payloadBytes=28; exactTagIdentitySha256=9b7e25dac08bf7e52e8332f57954e2c9ae6d15793dafa861f77d5cd45df2c0ba; authoring name, visual bounds, placement, and runtime reachability remain unresolved."
swf-definition-00395,384,,text,source-assets/flash/HELP MATH_ORIGINAL FILES/HELP_COURSES/ELMGR4/L3/RW/L3RW02.swf,,,a939140355ff020c71fe5a8b9f272e1ff8fd63006a096bfb9a791ae6fb2fdd34,DefineText,,,none; original SWF tag payload inventoried without export,machine-extracted-definition,owner-provided SWF,"container=root; definitionDepth=0; tagOrdinal=395; payloadBytes=28; exactTagIdentitySha256=a3a7879374a6ec5c48778781151f2195d3f81374f5c6c54c43ccd274ffd5d684; authoring name, visual bounds, placement, and runtime reachability remain unresolved."
swf-definition-00396,385,,text,source-assets/flash/HELP MATH_ORIGINAL FILES/HELP_COURSES/ELMGR4/L3/RW/L3RW02.swf,,,3e503ed8ef773242745bdf9e7c6de0e9d1646ee3ed5245806aee2b61d98b3e96,DefineText,,,none; original SWF tag payload inventoried without export,machine-extracted-definition,owner-provided SWF,"container=root; definitionDepth=0; tagOrdinal=396; payloadBytes=28; exactTagIdentitySha256=4d13f74ce103f54f77b3ee68f2377217ec30eab213c1fb943f03460fa5f7f9e8; authoring name, visual bounds, placement, and runtime reachability remain unresolved."
swf-definition-00397,386,,text,source-assets/flash/HELP MATH_ORIGINAL FILES/HELP_COURSES/ELMGR4/L3/RW/L3RW02.swf,,,5045be3744b00fe0930059bb65cd1b036d6be546a0662d5e0b5b322fe708f352,DefineText,,,none; original SWF tag payload inventoried without export,machine-extracted-definition,owner-provided SWF,"container=root; definitionDepth=0; tagOrdinal=397; payloadBytes=28; exactTagIdentitySha256=1d59677d7a5d7a0bd1e07f21aa7b1e8ccb0bf3e6379990f9e5d462866fa7a673; authoring name, visual bounds, placement, and runtime reachability remain unresolved."
swf-definition-00398,387,,text,source-assets/flash/HELP MATH_ORIGINAL FILES/HELP_COURSES/ELMGR4/L3/RW/L3RW02.swf,,,0abbf57d35f72a1d3742b814e484134faa85f8c488beb412bc4ad1538d7135f9,DefineText,,,none; original SWF tag payload inventoried without export,machine-extracted-definition,owner-provided SWF,"container=root; definitionDepth=0; tagOrdinal=398; payloadBytes=28; exactTagIdentitySha256=14a69d8a20ccb00967fa4e74149652aa81e5756e34e244b2871bd1e00a954d14; authoring name, visual bounds, placement, and runtime reachability remain unresolved."
swf-definition-00399,388,,text,source-assets/flash/HELP MATH_ORIGINAL FILES/HELP_COURSES/ELMGR4/L3/RW/L3RW02.swf,,,b46e9eb8a6f52f8b7ad79ba2d3c19ba56a7b96ba2489276b960cfa630174b3c1,DefineText,,,none; original SWF tag payload inventoried without export,machine-extracted-definition,owner-provided SWF,"container=root; definitionDepth=0; tagOrdinal=399; payloadBytes=28; exactTagIdentitySha256=4d9d6203b075032c148f247a6454a7ccd62af7d8ba8ae91088719ffea9511266; authoring name, visual bounds, placement, and runtime reachability remain unresolved."
swf-definition-00400,389,,text,source-assets/flash/HELP MATH_ORIGINAL FILES/HELP_COURSES/ELMGR4/L3/RW/L3RW02.swf,,,548f2df3f418d4abab96294ee1fc1b988e3f538fdf405972291dd63f5371cdac,DefineText,,,none; original SWF tag payload inventoried without export,machine-extracted-definition,owner-provided SWF,"container=root; definitionDepth=0; tagOrdinal=400; payloadBytes=28; exactTagIdentitySha256=bcad13b17c732168c455d8d03917b2d6a41ac8018449d0beb060767ab20ba6c9; authoring name, visual bounds, placement, and runtime reachability remain unresolved."
swf-definition-00401,390,,text,source-assets/flash/HELP MATH_ORIGINAL FILES/HELP_COURSES/ELMGR4/L3/RW/L3RW02.swf,,,4d81795e27864510def6b8e826990016018a53beccc85bfa14e69e63d55c9aa2,DefineText,,,none; original SWF tag payload inventoried without export,machine-extracted-definition,owner-provided SWF,"container=root; definitionDepth=0; tagOrdinal=401; payloadBytes=28; exactTagIdentitySha256=8520cc8f805e06134c38a4986f126c1e6230f3a0f7775b6d2fbafdc15c989757; authoring name, visual bounds, placement, and runtime reachability remain unresolved."
swf-definition-00402,391,,text,source-assets/flash/HELP MATH_ORIGINAL FILES/HELP_COURSES/ELMGR4/L3/RW/L3RW02.swf,,,dd6170862adc09b9b57b1a06025127a0235f7f8ad60c7ee8c1dd95d881062964,DefineText,,,none; original SWF tag payload inventoried without export,machine-extracted-definition,owner-provided SWF,"container=root; definitionDepth=0; tagOrdinal=402; payloadBytes=25; exactTagIdentitySha256=c4d337ce18becbfe9563204451224486276d5cba4866295a7e4d6ca708f5d736; authoring name, visual bounds, placement, and runtime reachability remain unresolved."
swf-definition-00403,392,,text,source-assets/flash/HELP MATH_ORIGINAL FILES/HELP_COURSES/ELMGR4/L3/RW/L3RW02.swf,,,3c93ce28f669074db5396b9a4777524cd3039855675b860e05f2bed92e03d125,DefineText,,,none; original SWF tag payload inventoried without export,machine-extracted-definition,owner-provided SWF,"container=root; definitionDepth=0; tagOrdinal=403; payloadBytes=25; exactTagIdentitySha256=d754311c8960cc24070a7619a85e80e8b96b90436f3647c85c6bf45a213f8af0; authoring name, visual bounds, placement, and runtime reachability remain unresolved."
swf-definition-00404,393,,text,source-assets/flash/HELP MATH_ORIGINAL FILES/HELP_COURSES/ELMGR4/L3/RW/L3RW02.swf,,,5bbd45741cd82b9fbe8602d60295adce9391e514a9dfb27e3f7eadac6cb45f9b,DefineText,,,none; original SWF tag payload inventoried without export,machine-extracted-definition,owner-provided SWF,"container=root; definitionDepth=0; tagOrdinal=404; payloadBytes=25; exactTagIdentitySha256=70ee99ef2970a9e19c260c87664782373f59865e2af312d2293f7e127d9e63cc; authoring name, visual bounds, placement, and runtime reachability remain unresolved."
swf-definition-00405,394,,text,source-assets/flash/HELP MATH_ORIGINAL FILES/HELP_COURSES/ELMGR4/L3/RW/L3RW02.swf,,,0e9478ae3cb8e8ed5a2a827eaa06138cadb64f16ab0fff899a7ffb01a6f50e01,DefineText,,,none; original SWF tag payload inventoried without export,machine-extracted-definition,owner-provided SWF,"container=root; definitionDepth=0; tagOrdinal=405; payloadBytes=25; exactTagIdentitySha256=5f7b2d278560b425e01e0016d5175e8e0dba205f4562859c39f313dc841e2703; authoring name, visual bounds, placement, and runtime reachability remain unresolved."
swf-definition-00406,395,,text,source-assets/flash/HELP MATH_ORIGINAL FILES/HELP_COURSES/ELMGR4/L3/RW/L3RW02.swf,,,27151afec858650081e22fe0a3fba3ea9a56d3694d3c01644fac0786695e6643,DefineText,,,none; original SWF tag payload inventoried without export,machine-extracted-definition,owner-provided SWF,"container=root; definitionDepth=0; tagOrdinal=406; payloadBytes=25; exactTagIdentitySha256=c3864e3112230cfe45e60ed6cb286f338cbddc1316404e7f96f70475a4bee563; authoring name, visual bounds, placement, and runtime reachability remain unresolved."
swf-definition-00407,396,,text,source-assets/flash/HELP MATH_ORIGINAL FILES/HELP_COURSES/ELMGR4/L3/RW/L3RW02.swf,,,b43e744f16c9526eff9af6036c21578d50c770d010567e4bb0a4c983805b16f6,DefineText,,,none; original SWF tag payload inventoried without export,machine-extracted-definition,owner-provided SWF,"container=root; definitionDepth=0; tagOrdinal=407; payloadBytes=25; exactTagIdentitySha256=7e2734a6d3218bab6d14b3147876bfe71960a2cdd24b11a6c6f46a272228347d; authoring name, visual bounds, placement, and runtime reachability remain unresolved."
swf-definition-00408,397,,text,source-assets/flash/HELP MATH_ORIGINAL FILES/HELP_COURSES/ELMGR4/L3/RW/L3RW02.swf,,,24d935c9d7bfda02e72b42ce68eafe5a7ad28cfacf4a062a5f690f7933ae0a50,DefineText,,,none; original SWF tag payload inventoried without export,machine-extracted-definition,owner-provided SWF,"container=root; definitionDepth=0; tagOrdinal=408; payloadBytes=25; exactTagIdentitySha256=e7ee1ae61706bf529afd0c5b760d7abce2824589e5aa5154db2fa6e8d5704335; authoring name, visual bounds, placement, and runtime reachability remain unresolved."
swf-definition-00409,398,,text,source-assets/flash/HELP MATH_ORIGINAL FILES/HELP_COURSES/ELMGR4/L3/RW/L3RW02.swf,,,a3e89d442a3a32d99a906fe46d151ee4087c11a732acf8b982887e79c7afacce,DefineText,,,none; original SWF tag payload inventoried without export,machine-extracted-definition,owner-provided SWF,"container=root; definitionDepth=0; tagOrdinal=409; payloadBytes=25; exactTagIdentitySha256=7f0d4ca68b3d2e9d1203df29e5991e8072a31af0575c3631a575e4ad4c96fd75; authoring name, visual bounds, placement, and runtime reachability remain unresolved."
swf-definition-00410,399,,shape,source-assets/flash/HELP MATH_ORIGINAL FILES/HELP_COURSES/ELMGR4/L3/RW/L3RW02.swf,,,210fcc7403a68d3ccd41a2f5be46508861a24c2d139e33a4298f3ee0ee0b7b84,DefineShape2,,,none; original SWF tag payload inventoried without export,machine-extracted-definition,owner-provided SWF,"container=root; definitionDepth=0; tagOrdinal=410; payloadBytes=197; exactTagIdentitySha256=38fa0bf6c211e78347cc4bb56e59f5bd4e524371f24ca488f51bd4c358a76760; authoring name, visual bounds, placement, and runtime reachability remain unresolved."
swf-definition-00411,400,,text,source-assets/flash/HELP MATH_ORIGINAL FILES/HELP_COURSES/ELMGR4/L3/RW/L3RW02.swf,,,bcd585e533b8ac794ce6d77e978546d63cca7a91688a7ccb4a361ece78cf2f4e,DefineText,,,none; original SWF tag payload inventoried without export,machine-extracted-definition,owner-provided SWF,"container=root; definitionDepth=0; tagOrdinal=411; payloadBytes=25; exactTagIdentitySha256=04963c717d923dc589244715f5bea1853f5072b68b4c562d7f88e600cf0246e9; authoring name, visual bounds, placement, and runtime reachability remain unresolved."
swf-definition-00412,401,,shape,source-assets/flash/HELP MATH_ORIGINAL FILES/HELP_COURSES/ELMGR4/L3/RW/L3RW02.swf,,,2b710d2ec820bc475e0ca627457f9539bfa7d0f945f9fc316759b51c6348e4c9,DefineShape3,,,none; original SWF tag payload inventoried without export,machine-extracted-definition,owner-provided SWF,"container=root; definitionDepth=0; tagOrdinal=412; payloadBytes=1512; exactTagIdentitySha256=d1d57f7999cff22add0c07571d9d1da61c4fb30216fe3cc075dbecb53f168510; authoring name, visual bounds, placement, and runtime reachability remain unresolved."
swf-definition-00413,402,,morph,source-assets/flash/HELP MATH_ORIGINAL FILES/HELP_COURSES/ELMGR4/L3/RW/L3RW02.swf,,,5b07e65231dc829dd1df586ce02acb39239615207012d7c9741f4eb12e4f3902,DefineMorphShape,,,none; original SWF tag payload inventoried without export,machine-extracted-definition,owner-provided SWF,"container=root; definitionDepth=0; tagOrdinal=413; payloadBytes=56; exactTagIdentitySha256=c46991d778b9b1d094ade83c6705f1526ba597ee436a2cb64c1f85ec51ae91f4; authoring name, visual bounds, placement, and runtime reachability remain unresolved."
swf-definition-00414,403,,shape,source-assets/flash/HELP MATH_ORIGINAL FILES/HELP_COURSES/ELMGR4/L3/RW/L3RW02.swf,,,f2845f4ebe04074a871aea6e50aa3dfee6df448a7eb1e07dd48a73b3b9ba7f83,DefineShape,,,none; original SWF tag payload inventoried without export,machine-extracted-definition,owner-provided SWF,"container=root; definitionDepth=0; tagOrdinal=414; payloadBytes=53; exactTagIdentitySha256=1b49ed9775917008e23787a5732be49c2fc9c9d217bfb05017658022d1a8f47f; authoring name, visual bounds, placement, and runtime reachability remain unresolved."
swf-definition-00415,404,,shape,source-assets/flash/HELP MATH_ORIGINAL FILES/HELP_COURSES/ELMGR4/L3/RW/L3RW02.swf,,,a2830c0b8881bde0fe732d797e1e46a825e19e223b528dccb487ac60c32e2597,DefineShape,,,none; original SWF tag payload inventoried without export,machine-extracted-definition,owner-provided SWF,"container=root; definitionDepth=0; tagOrdinal=415; payloadBytes=33; exactTagIdentitySha256=7560d3c972ea789e54670b914ee021627ffe17ff3bc4212b447acb0da55171b9; authoring name, visual bounds, placement, and runtime reachability remain unresolved."
swf-definition-00416,405,,shape,source-assets/flash/HELP MATH_ORIGINAL FILES/HELP_COURSES/ELMGR4/L3/RW/L3RW02.swf,,,5d983864304d2f1fe9f7c64f70ea8a2f50ac75983852c87768d13da828cf42a9,DefineShape3,,,none; original SWF tag payload inventoried without export,machine-extracted-definition,owner-provided SWF,"container=root; definitionDepth=0; tagOrdinal=416; payloadBytes=1509; exactTagIdentitySha256=15b9f9f5abe3bf210edf3c6c9b2940d7e6b54c1033dff5753b9cd43ba64e0af1; authoring name, visual bounds, placement, and runtime reachability remain unresolved."
swf-definition-00417,406,,shape,source-assets/flash/HELP MATH_ORIGINAL FILES/HELP_COURSES/ELMGR4/L3/RW/L3RW02.swf,,,d2901ea8c27546c9048463fb3d601f70e651256f9f1be384cc98ab470f9e97a8,DefineShape3,,,none; original SWF tag payload inventoried without export,machine-extracted-definition,owner-provided SWF,"container=root; definitionDepth=0; tagOrdinal=417; payloadBytes=1511; exactTagIdentitySha256=f78e85a9b27ff6907fbdc8fe14b751f9d879049674efd241b2f17944c0224c3f; authoring name, visual bounds, placement, and runtime reachability remain unresolved."
swf-definition-00418,407,,shape,source-assets/flash/HELP MATH_ORIGINAL FILES/HELP_COURSES/ELMGR4/L3/RW/L3RW02.swf,,,68722da3bba8c94745411f6feb655c5a92e62293153303fe3f44c3455dc66631,DefineShape,,,none; original SWF tag payload inventoried without export,machine-extracted-definition,owner-provided SWF,"container=root; definitionDepth=0; tagOrdinal=418; payloadBytes=27; exactTagIdentitySha256=4ead55603b85f0b2d183f8019d7c05dd2558944f30a9d731e6d942b31fb9648a; authoring name, visual bounds, placement, and runtime reachability remain unresolved."
swf-definition-00419,408,,shape,source-assets/flash/HELP MATH_ORIGINAL FILES/HELP_COURSES/ELMGR4/L3/RW/L3RW02.swf,,,895b09a52bff2e03d985d8462a0f0841467e3022cf9f7c1cdb5e7ab69abe6f39,DefineShape3,,,none; original SWF tag payload inventoried without export,machine-extracted-definition,owner-provided SWF,"container=root; definitionDepth=0; tagOrdinal=419; payloadBytes=1511; exactTagIdentitySha256=e0e34ebd5dff91866c5db00f1d7bf94ad4eed706580b0f2e7a45346a0f34cd30; authoring name, visual bounds, placement, and runtime reachability remain unresolved."
swf-definition-00420,409,,shape,source-assets/flash/HELP MATH_ORIGINAL FILES/HELP_COURSES/ELMGR4/L3/RW/L3RW02.swf,,,054a5f074f3e57262cf268940c8a2ba8416fa68c918bffbb7478a276d137bb38,DefineShape3,,,none; original SWF tag payload inventoried without export,machine-extracted-definition,owner-provided SWF,"container=root; definitionDepth=0; tagOrdinal=420; payloadBytes=1512; exactTagIdentitySha256=51921dbd10f487d3d7ccdcf0c1b33a1627084c0e8055f1e1a6e061589369ce5d; authoring name, visual bounds, placement, and runtime reachability remain unresolved."
swf-definition-00421,410,,shape,source-assets/flash/HELP MATH_ORIGINAL FILES/HELP_COURSES/ELMGR4/L3/RW/L3RW02.swf,,,e951297ed7a7113e36f6d3c5dd500d85239c4931a2ad46e08724fef8d21b74ee,DefineShape3,,,none; original SWF tag payload inventoried without export,machine-extracted-definition,owner-provided SWF,"container=root; definitionDepth=0; tagOrdinal=421; payloadBytes=1518; exactTagIdentitySha256=f8deffa11ab2810ba82ae14997b45d51d0740000dc0e17da18741eb139dd7466; authoring name, visual bounds, placement, and runtime reachability remain unresolved."
swf-definition-00422,411,,shape,source-assets/flash/HELP MATH_ORIGINAL FILES/HELP_COURSES/ELMGR4/L3/RW/L3RW02.swf,,,f60901ab40b809c983951e572d9331d8cc58d35110cf7852b35fa540e964a7f6,DefineShape3,,,none; original SWF tag payload inventoried without export,machine-extracted-definition,owner-provided SWF,"container=root; definitionDepth=0; tagOrdinal=422; payloadBytes=1928; exactTagIdentitySha256=a094d7aae964e56ff99b0e2b1d00c6aeea2fb5c7a44943841cba3597c11fc9e2; authoring name, visual bounds, placement, and runtime reachability remain unresolved."
swf-definition-00423,412,,shape,source-assets/flash/HELP MATH_ORIGINAL FILES/HELP_COURSES/ELMGR4/L3/RW/L3RW02.swf,,,af0c4bde466cca9175510f79baf3ed5fd0647fc9c7000ed3d736145698a58f97,DefineShape3,,,none; original SWF tag payload inventoried without export,machine-extracted-definition,owner-provided SWF,"container=root; definitionDepth=0; tagOrdinal=423; payloadBytes=1948; exactTagIdentitySha256=8328199cd7094a9034031a8354e8807c249fcdf459a4a4edc4b9ffbb94a11fb1; authoring name, visual bounds, placement, and runtime reachability remain unresolved."
swf-definition-00424,413,,shape,source-assets/flash/HELP MATH_ORIGINAL FILES/HELP_COURSES/ELMGR4/L3/RW/L3RW02.swf,,,cfaa7d1f1ee457f4407ebcfbab7671799c31707fdedd72fb59326a75fc5be742,DefineShape3,,,none; original SWF tag payload inventoried without export,machine-extracted-definition,owner-provided SWF,"container=root; definitionDepth=0; tagOrdinal=424; payloadBytes=899; exactTagIdentitySha256=f1b914384e27162ca6a654437ecf9e30887a3fea874381fad290a622ece135b7; authoring name, visual bounds, placement, and runtime reachability remain unresolved."
swf-definition-00425,414,,shape,source-assets/flash/HELP MATH_ORIGINAL FILES/HELP_COURSES/ELMGR4/L3/RW/L3RW02.swf,,,155c85d8cb7d11d6f8f3cb0a29739a1bd95e9fc62151c189789d24b625b3f272,DefineShape3,,,none; original SWF tag payload inventoried without export,machine-extracted-definition,owner-provided SWF,"container=root; definitionDepth=0; tagOrdinal=425; payloadBytes=620; exactTagIdentitySha256=97e364e9b6579eb7ff08fa24db898afd8af4383d4379bb2bc6fc1cb10358e78a; authoring name, visual bounds, placement, and runtime reachability remain unresolved."
swf-definition-00426,415,,shape,source-assets/flash/HELP MATH_ORIGINAL FILES/HELP_COURSES/ELMGR4/L3/RW/L3RW02.swf,,,9037fae2958683548dac9180ea34c897b40eca55927a583d20b7665eeee84a40,DefineShape3,,,none; original SWF tag payload inventoried without export,machine-extracted-definition,owner-provided SWF,"container=root; definitionDepth=0; tagOrdinal=426; payloadBytes=900; exactTagIdentitySha256=c14ba10ca4f3c28eb58122a4540146d508cb161af7cffdcb9dc999e9c00477f4; authoring name, visual bounds, placement, and runtime reachability remain unresolved."
swf-definition-00427,416,,shape,source-assets/flash/HELP MATH_ORIGINAL FILES/HELP_COURSES/ELMGR4/L3/RW/L3RW02.swf,,,a5b0d05a574ce58787fd2203aee9a4140ca6180f487dd6fdaafd676d9726af6a,DefineShape3,,,none; original SWF tag payload inventoried without export,machine-extracted-definition,owner-provided SWF,"container=root; definitionDepth=0; tagOrdinal=427; payloadBytes=629; exactTagIdentitySha256=11479c612887ff6b8bacab7414c15b23ecdf484f37d7692a23a5dca682bbf05a; authoring name, visual bounds, placement, and runtime reachability remain unresolved."
swf-definition-00428,417,,shape,source-assets/flash/HELP MATH_ORIGINAL FILES/HELP_COURSES/ELMGR4/L3/RW/L3RW02.swf,,,7137ffa69172e108fc7cc1afb7792b9f009e745365f947d6a1afbbc3102389bc,DefineShape3,,,none; original SWF tag payload inventoried without export,machine-extracted-definition,owner-provided SWF,"container=root; definitionDepth=0; tagOrdinal=428; payloadBytes=3497; exactTagIdentitySha256=f24604e2cd2744ceebf69c32c869a941fbe0dcbdb0b5964d41a92e1cdc0c8a8d; authoring name, visual bounds, placement, and runtime reachability remain unresolved."
swf-definition-00429,418,,shape,source-assets/flash/HELP MATH_ORIGINAL FILES/HELP_COURSES/ELMGR4/L3/RW/L3RW02.swf,,,de065c7d353c94d368a09d41874ce0656acb53ce6252b1f3224492a672c5c5eb,DefineShape3,,,none; original SWF tag payload inventoried without export,machine-extracted-definition,owner-provided SWF,"container=root; definitionDepth=0; tagOrdinal=429; payloadBytes=2899; exactTagIdentitySha256=77ed9b0a5c8106465a4a3731cb7e081fc0b757269a171aa1a5fffde7d7fd5db8; authoring name, visual bounds, placement, and runtime reachability remain unresolved."
swf-definition-00430,419,,shape,source-assets/flash/HELP MATH_ORIGINAL FILES/HELP_COURSES/ELMGR4/L3/RW/L3RW02.swf,,,aeb701925d261629ea3755b5b9d7dcfb48d210067cca85e7829e793bf9f94a95,DefineShape3,,,none; original SWF tag payload inventoried without export,machine-extracted-definition,owner-provided SWF,"container=root; definitionDepth=0; tagOrdinal=430; payloadBytes=2242; exactTagIdentitySha256=6becf723dabb9b888774bd903badea654162d120ac1f4f2bafe369f9d1bc958e; authoring name, visual bounds, placement, and runtime reachability remain unresolved."
swf-definition-00431,420,,shape,source-assets/flash/HELP MATH_ORIGINAL FILES/HELP_COURSES/ELMGR4/L3/RW/L3RW02.swf,,,af140271953bdf60ad90d0d127682c8040838f393255aeb71054a52204755fbc,DefineShape3,,,none; original SWF tag payload inventoried without export,machine-extracted-definition,owner-provided SWF,"container=root; definitionDepth=0; tagOrdinal=431; payloadBytes=849; exactTagIdentitySha256=8b5b3304e6ef5dac678424c357ab77c83c10f7f078cfe0b70c72fb2da8edf48b; authoring name, visual bounds, placement, and runtime reachability remain unresolved."
swf-definition-00432,421,,sprite,source-assets/flash/HELP MATH_ORIGINAL FILES/HELP_COURSES/ELMGR4/L3/RW/L3RW02.swf,,,a09808d017a6a4c55d9e302df1d69d5a566a683a9c9eafc12ff7ca8ee6948292,DefineSprite,,,none; original SWF tag payload inventoried without export,machine-extracted-definition,owner-provided SWF,"container=root; definitionDepth=0; tagOrdinal=432; payloadBytes=409623; exactTagIdentitySha256=004c4ce230de1d6dffcd2bf42cbc6adfbe37490eb4bc10718d7549a30ecb45d8; declaredFrameCount=1289; authoring name, visual bounds, placement, and runtime reachability remain unresolved."
swf-definition-08153,422,,text,source-assets/flash/HELP MATH_ORIGINAL FILES/HELP_COURSES/ELMGR4/L3/RW/L3RW02.swf,,,b547d7aaeabe4ca1bf59af4ff144ac6141517f4611d3df899e19d73ab96e82ed,DefineText,,,none; original SWF tag payload inventoried without export,machine-extracted-definition,owner-provided SWF,"container=root; definitionDepth=0; tagOrdinal=8153; payloadBytes=83; exactTagIdentitySha256=cd84757deafabab8ca1fa9499e930902bdda20e2242a9f2ebba3866ae183d9f9; authoring name, visual bounds, placement, and runtime reachability remain unresolved."
swf-definition-08155,423,Arial Baltic,font,source-assets/flash/HELP MATH_ORIGINAL FILES/HELP_COURSES/ELMGR4/L3/RW/L3RW02.swf,,,8d37e26ead0137063e750c333823e36fcc12cdf5bae93c68036751cee32c0764,DefineFont2,,19,none; original SWF tag payload inventoried without export,machine-extracted-definition,owner-provided SWF,"container=root; definitionDepth=0; tagOrdinal=8155; payloadBytes=1433; exactTagIdentitySha256=6884c00e8ef5ea6a25ddbdb0fdd2cd5094a2952e2d49421c6776916921095bfb; authoring name, visual bounds, placement, and runtime reachability remain unresolved."
swf-definition-08156,424,,text,source-assets/flash/HELP MATH_ORIGINAL FILES/HELP_COURSES/ELMGR4/L3/RW/L3RW02.swf,,,1c293a69f54078652ff8e709b2078867339b20f2a62a7471724d89fd4e294dda,DefineText,,,none; original SWF tag payload inventoried without export,machine-extracted-definition,owner-provided SWF,"container=root; definitionDepth=0; tagOrdinal=8156; payloadBytes=81; exactTagIdentitySha256=0310b3a51b546e1bda216988bd9bac6c97b1808788045803738c71298a059522; authoring name, visual bounds, placement, and runtime reachability remain unresolved."
swf-definition-08157,425,,sprite,source-assets/flash/HELP MATH_ORIGINAL FILES/HELP_COURSES/ELMGR4/L3/RW/L3RW02.swf,,,78cd341f2a06feb0c15db1303fee98f2b7e12f21e54298c80703cae29526868a,DefineSprite,,,none; original SWF tag payload inventoried without export,machine-extracted-definition,owner-provided SWF,"container=root; definitionDepth=0; tagOrdinal=8157; payloadBytes=20; exactTagIdentitySha256=4f9fb1f5962f56d6d5b55feef742b97f4577e72d542acceb81fa266b302a54e6; declaredFrameCount=1; authoring name, visual bounds, placement, and runtime reachability remain unresolved."
swf-definition-08162,426,,shape,source-assets/flash/HELP MATH_ORIGINAL FILES/HELP_COURSES/ELMGR4/L3/RW/L3RW02.swf,,,55b1d73334f8c4f22bdd9c53983bf09a6773e1602ae5be9b2dda9af7a8036159,DefineShape,,,none; original SWF tag payload inventoried without export,machine-extracted-definition,owner-provided SWF,"container=root; definitionDepth=0; tagOrdinal=8162; payloadBytes=73; exactTagIdentitySha256=f6075bdac15724fd5d551df9f988a4607802d917a6bae65c8d9ad673f6aef170; authoring name, visual bounds, placement, and runtime reachability remain unresolved."
